ym,tavg_m,dtr_m,hot_days_m,vhot_days_m,heat_deg_m,hot_streak3_m,hot_streak_max_m,trop_nights_m,night_heat_deg_m,germ_block_days_m,cold_days_m,vcold_days_m,frost_deg_m,sun_hours_m,sun_ratio_m,dark_days_m,rad_mj_m,rain_sum_m,wet_days_m,wet_streak_max_m,humid_hot_days_m,rh_m,hot_days_lowland,hot_days_upland,hot_days_spread,vhot_days_lowland,vhot_days_upland,vhot_days_spread,heat_deg_lowland,heat_deg_upland,heat_deg_spread,trop_nights_lowland,trop_nights_upland,trop_nights_spread,germ_block_days_lowland,germ_block_days_upland,germ_block_days_spread,tavg_w,dtr_w,hot_days_w,vhot_days_w,heat_deg_w,hot_streak3_w,hot_streak_max_w,trop_nights_w,night_heat_deg_w,germ_block_days_w,cold_days_w,vcold_days_w,frost_deg_w,sun_hours_w,sun_ratio_w,dark_days_w,rad_mj_w,rain_sum_w,wet_days_w,wet_streak_max_w,humid_hot_days_w,rh_w,germ_block_days_m_l2,hot_days_m_l1,hot_days_m_l2,vhot_days_m_l1,heat_deg_m_l1,hot_streak3_m_l1,hot_streak_max_m_l1,trop_nights_m_l1,night_heat_deg_m_l1,cold_days_m_l1,vcold_days_m_l1,frost_deg_m_l1,sun_hours_m_l0,sun_hours_m_l1,sun_ratio_m_l0,sun_ratio_m_l1,dark_days_m_l1,rad_mj_m_l1,rain_sum_m_l1,wet_days_m_l1,wet_streak_max_m_l1,humid_hot_days_m_l1,rh_m_l1,tavg_m_l0,tavg_m_l1,dtr_m_l1,germ_block_days_w_l2,hot_days_w_l1,hot_days_w_l2,vhot_days_w_l1,heat_deg_w_l1,hot_streak3_w_l1,hot_streak_max_w_l1,trop_nights_w_l1,night_heat_deg_w_l1,cold_days_w_l1,vcold_days_w_l1,frost_deg_w_l1,sun_hours_w_l0,sun_hours_w_l1,sun_ratio_w_l0,sun_ratio_w_l1,dark_days_w_l1,rad_mj_w_l1,rain_sum_w_l1,wet_days_w_l1,wet_streak_max_w_l1,humid_hot_days_w_l1,rh_w_l1,tavg_w_l0,tavg_w_l1,dtr_w_l1,hot_days_lowland_l1,hot_days_upland_l1,hot_days_spread_l1,vhot_days_lowland_l1,vhot_days_upland_l1,vhot_days_spread_l1,heat_deg_lowland_l1,heat_deg_upland_l1,heat_deg_spread_l1,trop_nights_lowland_l1,trop_nights_upland_l1,trop_nights_spread_l1,germ_block_days_lowland_l2,germ_block_days_upland_l2,germ_block_days_spread_l2
2015-01,0.07240143369175629,9.493189964157706,0.0,0.0,0.0,0.0,0.0,0.0,0.0,0.0,27.77777777777778,13.333333333333334,142.2,151.74444444444444,0.4866045371497392,8.777777777777779,91.9211111111111,41.91111111111111,8.444444444444445,2.0,0.0,73.39569892473119,0.0,0.0,0.0,0.0,0.0,0.0,0.0,0.0,0.0,0.0,0.0,0.0,0.0,0.0,0.0,0.3274389793235755,8.81773951194517,0.0,0.0,0.0,0.0,0.0,0.0,0.0,0.0,27.801380779276343,11.615932811542097,125.18949647683462,166.4247618464472,0.5340438924211919,7.549657075003907,67.55514487742253,40.49755266128288,7.7259928282449035,2.0,0.0,72.73723523963012,,,,,,,,,,,,,151.74444444444444,,0.4866045371497392,,,,,,,,,0.07240143369175629,,,,,,,,,,,,,,,166.4247618464472,,0.5340438924211919,,,,,,,,,0.3274389793235755,,,,,,,,,,,,,,,,,
2015-02,1.626851851851852,9.436904761904762,0.0,0.0,0.0,0.0,0.0,0.0,0.0,0.0,21.88888888888889,7.555555555555555,92.77777777777777,143.65555555555557,0.47100895765401773,9.11111111111111,102.53555555555555,17.01111111111111,4.222222222222222,1.8888888888888888,0.0,68.04620811287478,0.0,0.0,0.0,0.0,0.0,0.0,0.0,0.0,0.0,0.0,0.0,0.0,0.0,0.0,0.0,1.7920345527308248,8.88916243419404,0.0,0.0,0.0,0.0,0.0,0.0,0.0,0.0,20.987647186578837,5.9338186049726405,82.18049775545354,157.03585131584325,0.5152326736895931,8.25521202102462,76.75333707938256,20.833092216176397,4.2991717287631435,1.9979405451957315,0.0,68.5887060848076,,0.0,,0.0,0.0,0.0,0.0,0.0,0.0,27.77777777777778,13.333333333333334,142.2,143.65555555555557,151.74444444444444,0.47100895765401773,0.4866045371497392,8.777777777777779,91.9211111111111,41.91111111111111,8.444444444444445,2.0,0.0,73.39569892473119,1.626851851851852,0.07240143369175629,9.493189964157706,,0.0,,0.0,0.0,0.0,0.0,0.0,0.0,27.801380779276343,11.615932811542097,125.18949647683462,157.03585131584325,166.4247618464472,0.5152326736895931,0.5340438924211919,7.549657075003907,67.55514487742253,40.49755266128288,7.7259928282449035,2.0,0.0,72.73723523963012,1.7920345527308248,0.3274389793235755,8.81773951194517,0.0,0.0,0.0,0.0,0.0,0.0,0.0,0.0,0.0,0.0,0.0,0.0,,,
2015-03,5.9813620071684594,13.555555555555555,0.0,0.0,0.0,0.0,0.0,0.0,0.0,0.0,19.666666666666668,3.6666666666666665,63.01111111111111,232.05555555555554,0.6258997560091674,4.666666666666667,181.0811111111111,37.96666666666667,4.666666666666667,1.4444444444444444,0.0,59.95155316606929,0.0,0.0,0.0,0.0,0.0,0.0,0.0,0.0,0.0,0.0,0.0,0.0,0.0,0.0,0.0,6.036951484548952,12.760948538456088,0.0,0.0,0.0,0.0,0.0,0.0,0.0,0.0,19.330593858059533,2.7097280298988444,53.75264762532423,245.683946896655,0.6625664150193217,4.331034545043378,128.79107009299952,37.264206600586135,3.7448532737087046,1.0438123296368051,0.0,60.85575346832501,0.0,0.0,0.0,0.0,0.0,0.0,0.0,0.0,0.0,21.88888888888889,7.555555555555555,92.77777777777777,232.05555555555554,143.65555555555557,0.6258997560091674,0.47100895765401773,9.11111111111111,102.53555555555555,17.01111111111111,4.222222222222222,1.8888888888888888,0.0,68.04620811287478,5.9813620071684594,1.626851851851852,9.436904761904762,0.0,0.0,0.0,0.0,0.0,0.0,0.0,0.0,0.0,20.987647186578837,5.9338186049726405,82.18049775545354,245.683946896655,157.03585131584325,0.6625664150193217,0.5152326736895931,8.25521202102462,76.75333707938256,20.833092216176397,4.2991717287631435,1.9979405451957315,0.0,68.5887060848076,6.036951484548952,1.7920345527308248,8.88916243419404,0.0,0.0,0.0,0.0,0.0,0.0,0.0,0.0,0.0,0.0,0.0,0.0,0.0,0.0,0.0
2015-04,12.684444444444445,12.320370370370371,0.0,0.0,0.0,0.0,0.0,0.0,0.0,0.0,0.3333333333333333,0.0,0.16666666666666666,164.66666666666666,0.41935507428010216,11.555555555555555,163.55888888888887,117.07777777777778,12.777777777777779,4.888888888888889,0.2222222222222222,70.47780423280423,0.0,0.0,0.0,0.0,0.0,0.0,0.0,0.0,0.0,0.0,0.0,0.0,0.0,0.0,0.0,12.668726915084113,11.6361287129324,0.0,0.0,0.0,0.0,0.0,0.0,0.0,0.0,0.03610763390668354,0.0,0.020645810711816714,174.67465713439887,0.44463128537639424,10.87312732041935,105.44079690161718,112.28183262309076,11.909492824082523,4.490528283835733,0.4331347510693142,71.39434521506978,0.0,0.0,0.0,0.0,0.0,0.0,0.0,0.0,0.0,19.666666666666668,3.6666666666666665,63.01111111111111,164.66666666666666,232.05555555555554,0.41935507428010216,0.6258997560091674,4.666666666666667,181.0811111111111,37.96666666666667,4.666666666666667,1.4444444444444444,0.0,59.95155316606929,12.684444444444445,5.9813620071684594,13.555555555555555,0.0,0.0,0.0,0.0,0.0,0.0,0.0,0.0,0.0,19.330593858059533,2.7097280298988444,53.75264762532423,174.67465713439887,245.683946896655,0.44463128537639424,0.6625664150193217,4.331034545043378,128.79107009299952,37.264206600586135,3.7448532737087046,1.0438123296368051,0.0,60.85575346832501,12.668726915084113,6.036951484548952,12.760948538456088,0.0,0.0,0.0,0.0,0.0,0.0,0.0,0.0,0.0,0.0,0.0,0.0,0.0,0.0,0.0
2015-05,17.820071684587813,13.49068100358423,2.888888888888889,0.2222222222222222,3.677777777777778,2.0,2.5555555555555554,0.0,0.0,0.0,0.0,0.0,0.0,259.6,0.5963811606530375,4.888888888888889,241.3133333333333,42.02222222222222,5.333333333333333,2.0,0.7777777777777778,63.96057347670251,3.142857142857143,1.0,2.142857142857143,0.2857142857142857,0.0,0.2857142857142857,4.057142857142858,1.1999999999999993,2.8571428571428585,0.0,0.0,0.0,0.0,0.0,0.0,17.809072208774523,12.764815650623996,2.6166403838525625,0.3664525048390953,3.413398272793612,1.7463240352039167,2.232540818258512,0.0,0.0,0.0,0.0,0.0,0.0,270.20771830747367,0.6202982341211117,4.391385931178895,142.75047111761452,40.40713190585779,5.052503710791477,2.0,1.3397869827939328,66.56294020163803,0.0,0.0,0.0,0.0,0.0,0.0,0.0,0.0,0.0,0.3333333333333333,0.0,0.16666666666666666,259.6,164.66666666666666,0.5963811606530375,0.41935507428010216,11.555555555555555,163.55888888888887,117.07777777777778,12.777777777777779,4.888888888888889,0.2222222222222222,70.47780423280423,17.820071684587813,12.684444444444445,12.320370370370371,0.0,0.0,0.0,0.0,0.0,0.0,0.0,0.0,0.0,0.03610763390668354,0.0,0.020645810711816714,270.20771830747367,174.67465713439887,0.6202982341211117,0.44463128537639424,10.87312732041935,105.44079690161718,112.28183262309076,11.909492824082523,4.490528283835733,0.4331347510693142,71.39434521506978,17.809072208774523,12.668726915084113,11.6361287129324,0.0,0.0,0.0,0.0,0.0,0.0,0.0,0.0,0.0,0.0,0.0,0.0,0.0,0.0,0.0
2015-06,21.528888888888886,9.982592592592592,4.333333333333333,0.2222222222222222,4.322222222222223,0.0,1.4444444444444444,1.7777777777777777,0.9555555555555549,0.7777777777777778,0.0,0.0,0.0,169.8,0.3893737099207411,11.333333333333334,182.38888888888889,114.91111111111111,7.111111111111111,2.6666666666666665,6.0,74.28333333333333,4.857142857142857,1.0,3.8571428571428568,0.2857142857142857,0.0,0.2857142857142857,5.1000000000000005,0.10000000000000142,4.999999999999999,2.2857142857142856,0.0,2.2857142857142856,1.0,0.0,1.0,21.456845422089078,9.783357958303712,3.066863464797665,0.17011370671492348,3.716861881485533,0.0,1.188458480220734,1.2006621482214253,0.7344880515872013,0.6829898159026567,0.0,0.0,0.0,175.95001664479625,0.4033102270252883,11.4488918970223,98.65969396011346,111.66276051897312,7.001151777680218,2.6572375975271902,6.53462280265634,75.34195126562066,0.0,2.888888888888889,0.0,0.2222222222222222,3.677777777777778,2.0,2.5555555555555554,0.0,0.0,0.0,0.0,0.0,169.8,259.6,0.3893737099207411,0.5963811606530375,4.888888888888889,241.3133333333333,42.02222222222222,5.333333333333333,2.0,0.7777777777777778,63.96057347670251,21.528888888888886,17.820071684587813,13.49068100358423,0.0,2.6166403838525625,0.0,0.3664525048390953,3.413398272793612,1.7463240352039167,2.232540818258512,0.0,0.0,0.0,0.0,0.0,175.95001664479625,270.20771830747367,0.4033102270252883,0.6202982341211117,4.391385931178895,142.75047111761452,40.40713190585779,5.052503710791477,2.0,1.3397869827939328,66.56294020163803,21.456845422089078,17.809072208774523,12.764815650623996,3.142857142857143,1.0,2.142857142857143,0.2857142857142857,0.0,0.2857142857142857,4.057142857142858,1.1999999999999993,2.8571428571428585,0.0,0.0,0.0,0.0,0.0,0.0
2015-07,24.562078853046597,8.079569892473119,12.88888888888889,3.3333333333333335,24.166666666666668,7.333333333333333,4.333333333333333,20.22222222222222,58.75555555555555,15.88888888888889,0.0,0.0,0.0,160.88888888888889,0.36264924593114256,12.222222222222221,182.13,147.27777777777777,11.666666666666666,4.0,15.444444444444445,81.25172043010753,13.571428571428571,9.0,4.571428571428571,3.4285714285714284,1.0,2.4285714285714284,24.128571428571433,16.900000000000006,7.228571428571428,21.428571428571427,14.0,7.428571428571427,17.428571428571427,7.0,10.428571428571427,24.36202367625982,7.721191691873953,10.784065959486794,2.6515074310406814,18.972147172212665,3.8529265065994003,3.6740378651652623,19.980105126981655,54.94842604538229,15.199004631706396,0.0,0.0,0.0,160.92974312794848,0.36263176229742966,11.906401669857257,89.67395371602785,128.37992642494746,10.629491880461952,3.2535053073945908,14.264273556372368,81.2594470212564,0.0,4.333333333333333,2.888888888888889,0.2222222222222222,4.322222222222223,0.0,1.4444444444444444,1.7777777777777777,0.9555555555555549,0.0,0.0,0.0,160.88888888888889,169.8,0.36264924593114256,0.3893737099207411,11.333333333333334,182.38888888888889,114.91111111111111,7.111111111111111,2.6666666666666665,6.0,74.28333333333333,24.562078853046597,21.528888888888886,9.982592592592592,0.0,3.066863464797665,2.6166403838525625,0.17011370671492348,3.716861881485533,0.0,1.188458480220734,1.2006621482214253,0.7344880515872013,0.0,0.0,0.0,160.92974312794848,175.95001664479625,0.36263176229742966,0.4033102270252883,11.4488918970223,98.65969396011346,111.66276051897312,7.001151777680218,2.6572375975271902,6.53462280265634,75.34195126562066,24.36202367625982,21.456845422089078,9.783357958303712,4.857142857142857,1.0,3.8571428571428568,0.2857142857142857,0.0,0.2857142857142857,5.1000000000000005,0.10000000000000142,4.999999999999999,2.2857142857142856,0.0,2.2857142857142856,0.0,0.0,0.0
2015-08,24.88637992831541,9.320430107526882,15.333333333333334,6.222222222222222,38.25555555555556,11.777777777777779,9.88888888888889,20.11111111111111,43.333333333333336,14.88888888888889,0.0,0.0,0.0,190.36666666666667,0.45497108870104014,9.777777777777779,190.27222222222224,74.97777777777779,6.555555555555555,2.111111111111111,13.88888888888889,80.01648745519714,16.0,12.0,4.0,6.714285714285714,2.0,4.714285714285714,40.214285714285715,21.699999999999996,18.51428571428572,23.142857142857142,3.0,20.142857142857142,16.571428571428573,7.0,9.571428571428573,24.875279332659492,9.162438414780326,15.11039192397458,6.425601875031601,36.167149738517615,11.29356102710977,9.680169190934883,21.05443023193675,42.38061661288424,14.764103317734957,0.0,0.0,0.0,190.84225907297943,0.4558944842089284,9.87945018439229,96.3886638846453,61.887360810691455,5.534050692896845,2.0085260655109307,14.400097896022789,80.20746787507885,0.7777777777777778,12.88888888888889,4.333333333333333,3.3333333333333335,24.166666666666668,7.333333333333333,4.333333333333333,20.22222222222222,58.75555555555555,0.0,0.0,0.0,190.36666666666667,160.88888888888889,0.45497108870104014,0.36264924593114256,12.222222222222221,182.13,147.27777777777777,11.666666666666666,4.0,15.444444444444445,81.25172043010753,24.88637992831541,24.562078853046597,8.079569892473119,0.6829898159026567,10.784065959486794,3.066863464797665,2.6515074310406814,18.972147172212665,3.8529265065994003,3.6740378651652623,19.980105126981655,54.94842604538229,0.0,0.0,0.0,190.84225907297943,160.92974312794848,0.4558944842089284,0.36263176229742966,11.906401669857257,89.67395371602785,128.37992642494746,10.629491880461952,3.2535053073945908,14.264273556372368,81.2594470212564,24.875279332659492,24.36202367625982,7.721191691873953,13.571428571428571,9.0,4.571428571428571,3.4285714285714284,1.0,2.4285714285714284,24.128571428571433,16.900000000000006,7.228571428571428,21.428571428571427,14.0,7.428571428571427,1.0,0.0,1.0
2015-09,20.246666666666666,11.771851851851853,1.5555555555555556,0.0,0.9777777777777783,0.0,0.8888888888888888,1.5555555555555556,1.5111111111111108,0.3333333333333333,0.0,0.0,0.0,210.0,0.5633298253562307,6.222222222222222,167.82888888888888,44.833333333333336,4.444444444444445,2.0,6.666666666666667,75.14518518518518,2.0,0.0,2.0,0.0,0.0,0.0,1.2571428571428578,0.0,1.2571428571428578,2.0,0.0,2.0,0.42857142857142855,0.0,0.42857142857142855,20.496113533329222,10.936523671152052,1.0996555972554507,0.0,0.3799824133487639,0.0,0.5586447547899243,1.8032898749057447,2.1657444330150852,0.3780622460512867,0.0,0.0,0.0,223.21730785920388,0.5987677838782153,5.688653819231076,90.01860345867404,57.140916450928756,3.937327104374658,2.0,7.325187943196012,74.60337596373763,15.88888888888889,15.333333333333334,12.88888888888889,6.222222222222222,38.25555555555556,11.777777777777779,9.88888888888889,20.11111111111111,43.333333333333336,0.0,0.0,0.0,210.0,190.36666666666667,0.5633298253562307,0.45497108870104014,9.777777777777779,190.27222222222224,74.97777777777779,6.555555555555555,2.111111111111111,13.88888888888889,80.01648745519714,20.246666666666666,24.88637992831541,9.320430107526882,15.199004631706396,15.11039192397458,10.784065959486794,6.425601875031601,36.167149738517615,11.29356102710977,9.680169190934883,21.05443023193675,42.38061661288424,0.0,0.0,0.0,223.21730785920388,190.84225907297943,0.5987677838782153,0.4558944842089284,9.87945018439229,96.3886638846453,61.887360810691455,5.534050692896845,2.0085260655109307,14.400097896022789,80.20746787507885,20.496113533329222,24.875279332659492,9.162438414780326,16.0,12.0,4.0,6.714285714285714,2.0,4.714285714285714,40.214285714285715,21.699999999999996,18.51428571428572,23.142857142857142,3.0,20.142857142857142,17.428571428571427,7.0,10.428571428571427
2015-10,14.727598566308245,12.268458781362007,0.0,0.0,0.0,0.0,0.0,0.0,0.0,0.0,0.5555555555555556,0.0,1.1333333333333333,212.38888888888889,0.6058319883338823,4.222222222222222,152.01555555555558,110.13333333333334,5.444444444444445,2.888888888888889,0.8888888888888888,75.46917562724015,0.0,0.0,0.0,0.0,0.0,0.0,0.0,0.0,0.0,0.0,0.0,0.0,0.0,0.0,0.0,14.956526794094088,11.657505862480962,0.0,0.0,0.0,0.0,0.0,0.0,0.0,0.0,0.5163536301017837,0.0,0.6707638933528196,229.4837501693576,0.6548242867646585,3.6644224276503197,79.19280370988282,105.69231447502321,6.033309830917458,3.302852443634533,0.42129582445974223,75.0805863901212,14.88888888888889,1.5555555555555556,15.333333333333334,0.0,0.9777777777777783,0.0,0.8888888888888888,1.5555555555555556,1.5111111111111108,0.0,0.0,0.0,212.38888888888889,210.0,0.6058319883338823,0.5633298253562307,6.222222222222222,167.82888888888888,44.833333333333336,4.444444444444445,2.0,6.666666666666667,75.14518518518518,14.727598566308245,20.246666666666666,11.771851851851853,14.764103317734957,1.0996555972554507,15.11039192397458,0.0,0.3799824133487639,0.0,0.5586447547899243,1.8032898749057447,2.1657444330150852,0.0,0.0,0.0,229.4837501693576,223.21730785920388,0.6548242867646585,0.5987677838782153,5.688653819231076,90.01860345867404,57.140916450928756,3.937327104374658,2.0,7.325187943196012,74.60337596373763,14.956526794094088,20.496113533329222,10.936523671152052,2.0,0.0,2.0,0.0,0.0,0.0,1.2571428571428578,0.0,1.2571428571428578,2.0,0.0,2.0,16.571428571428573,7.0,9.571428571428573
2015-11,10.099629629629629,7.857777777777778,0.0,0.0,0.0,0.0,0.0,0.0,0.0,0.0,3.111111111111111,0.1111111111111111,4.533333333333333,65.41111111111111,0.21117912947934522,20.77777777777778,64.24111111111112,114.57777777777778,13.0,4.0,0.0,85.36296296296297,0.0,0.0,0.0,0.0,0.0,0.0,0.0,0.0,0.0,0.0,0.0,0.0,0.0,0.0,0.0,10.302322780780598,7.308218223993925,0.0,0.0,0.0,0.0,0.0,0.0,0.0,0.0,2.383904672257437,0.007695334015425442,3.5858174920075117,73.66299171471677,0.23807778062982582,20.02597928836418,32.77051874346399,121.99567505739608,12.212869606262311,4.273102674546787,0.0,84.10110402153781,0.3333333333333333,0.0,1.5555555555555556,0.0,0.0,0.0,0.0,0.0,0.0,0.5555555555555556,0.0,1.1333333333333333,65.41111111111111,212.38888888888889,0.21117912947934522,0.6058319883338823,4.222222222222222,152.01555555555558,110.13333333333334,5.444444444444445,2.888888888888889,0.8888888888888888,75.46917562724015,10.099629629629629,14.727598566308245,12.268458781362007,0.3780622460512867,0.0,1.0996555972554507,0.0,0.0,0.0,0.0,0.0,0.0,0.5163536301017837,0.0,0.6707638933528196,73.66299171471677,229.4837501693576,0.23807778062982582,0.6548242867646585,3.6644224276503197,79.19280370988282,105.69231447502321,6.033309830917458,3.302852443634533,0.42129582445974223,75.0805863901212,10.302322780780598,14.956526794094088,11.657505862480962,0.0,0.0,0.0,0.0,0.0,0.0,0.0,0.0,0.0,0.0,0.0,0.0,0.42857142857142855,0.0,0.42857142857142855
2015-12,3.464468339307049,8.804301075268818,0.0,0.0,0.0,0.0,0.0,0.0,0.0,0.0,18.666666666666668,4.333333333333333,64.64444444444445,115.12222222222223,0.3799257059617615,15.11111111111111,78.22222222222223,66.56666666666666,11.222222222222221,3.2222222222222223,0.0,78.66387096774194,0.0,0.0,0.0,0.0,0.0,0.0,0.0,0.0,0.0,0.0,0.0,0.0,0.0,0.0,0.0,3.845559013933921,8.214683883276685,0.0,0.0,0.0,0.0,0.0,0.0,0.0,0.0,16.535007772517336,3.067275139661077,48.65537333043928,132.77159751130628,0.441314142972858,13.034015918505496,45.68773179433572,49.820037190717755,9.63565997313111,3.0163554254482174,0.0,77.2257090848455,0.0,0.0,0.0,0.0,0.0,0.0,0.0,0.0,0.0,3.111111111111111,0.1111111111111111,4.533333333333333,115.12222222222223,65.41111111111111,0.3799257059617615,0.21117912947934522,20.77777777777778,64.24111111111112,114.57777777777778,13.0,4.0,0.0,85.36296296296297,3.464468339307049,10.099629629629629,7.857777777777778,0.0,0.0,0.0,0.0,0.0,0.0,0.0,0.0,0.0,2.383904672257437,0.007695334015425442,3.5858174920075117,132.77159751130628,73.66299171471677,0.441314142972858,0.23807778062982582,20.02597928836418,32.77051874346399,121.99567505739608,12.212869606262311,4.273102674546787,0.0,84.10110402153781,3.845559013933921,10.302322780780598,7.308218223993925,0.0,0.0,0.0,0.0,0.0,0.0,0.0,0.0,0.0,0.0,0.0,0.0,0.0,0.0,0.0
2016-01,-1.1713261648745519,8.458542413381123,0.0,0.0,0.0,0.0,0.0,0.0,0.0,0.0,27.22222222222222,13.0,162.60000000000002,120.61111111111111,0.38698711145606424,14.222222222222221,85.32222222222222,39.76666666666667,7.666666666666667,2.7777777777777777,0.0,75.52434886499402,0.0,0.0,0.0,0.0,0.0,0.0,0.0,0.0,0.0,0.0,0.0,0.0,0.0,0.0,0.0,-0.6739636398132934,7.658955327597025,0.0,0.0,0.0,0.0,0.0,0.0,0.0,0.0,26.71230600430551,11.622557710529207,141.61695535613435,134.97557656807564,0.4334149813692199,11.090936477216866,64.41191667137448,34.49843856103199,7.018586904209602,2.758552718980317,0.0,74.02740475513086,0.0,0.0,0.0,0.0,0.0,0.0,0.0,0.0,0.0,18.666666666666668,4.333333333333333,64.64444444444445,120.61111111111111,115.12222222222223,0.38698711145606424,0.3799257059617615,15.11111111111111,78.22222222222223,66.56666666666666,11.222222222222221,3.2222222222222223,0.0,78.66387096774194,-1.1713261648745519,3.464468339307049,8.804301075268818,0.0,0.0,0.0,0.0,0.0,0.0,0.0,0.0,0.0,16.535007772517336,3.067275139661077,48.65537333043928,134.97557656807564,132.77159751130628,0.4334149813692199,0.441314142972858,13.034015918505496,45.68773179433572,49.820037190717755,9.63565997313111,3.0163554254482174,0.0,77.2257090848455,-0.6739636398132934,3.845559013933921,8.214683883276685,0.0,0.0,0.0,0.0,0.0,0.0,0.0,0.0,0.0,0.0,0.0,0.0,0.0,0.0,0.0
2016-02,1.4839080459770113,10.178927203065134,0.0,0.0,0.0,0.0,0.0,0.0,0.0,0.0,24.88888888888889,11.555555555555555,119.84444444444443,175.7,0.5557767943115576,8.0,120.69555555555556,43.333333333333336,5.555555555555555,2.5555555555555554,0.0,67.14980842911876,0.0,0.0,0.0,0.0,0.0,0.0,0.0,0.0,0.0,0.0,0.0,0.0,0.0,0.0,0.0,1.919232585030509,9.780722720732541,0.0,0.0,0.0,0.0,0.0,0.0,0.0,0.0,23.925033677162787,10.298087970086955,102.68144484102191,183.32861232022253,0.5804441465001627,7.683301988381825,91.07838542253484,43.725701993124765,5.752280651188105,2.7385956916719705,0.0,66.73087615844771,0.0,0.0,0.0,0.0,0.0,0.0,0.0,0.0,0.0,27.22222222222222,13.0,162.60000000000002,175.7,120.61111111111111,0.5557767943115576,0.38698711145606424,14.222222222222221,85.32222222222222,39.76666666666667,7.666666666666667,2.7777777777777777,0.0,75.52434886499402,1.4839080459770113,-1.1713261648745519,8.458542413381123,0.0,0.0,0.0,0.0,0.0,0.0,0.0,0.0,0.0,26.71230600430551,11.622557710529207,141.61695535613435,183.32861232022253,134.97557656807564,0.5804441465001627,0.4334149813692199,11.090936477216866,64.41191667137448,34.49843856103199,7.018586904209602,2.758552718980317,0.0,74.02740475513086,1.919232585030509,-0.6739636398132934,7.658955327597025,0.0,0.0,0.0,0.0,0.0,0.0,0.0,0.0,0.0,0.0,0.0,0.0,0.0,0.0,0.0
2016-03,6.5032258064516135,12.686738351254482,0.0,0.0,0.0,0.0,0.0,0.0,0.0,0.0,14.444444444444445,2.888888888888889,45.51111111111111,229.82222222222222,0.6183565875101927,5.111111111111111,179.82222222222222,57.22222222222222,3.2222222222222223,1.7777777777777777,0.0,65.09032258064516,0.0,0.0,0.0,0.0,0.0,0.0,0.0,0.0,0.0,0.0,0.0,0.0,0.0,0.0,0.0,6.880055512577579,11.953192309402668,0.0,0.0,0.0,0.0,0.0,0.0,0.0,0.0,12.03701818618052,1.8377662726959612,32.05271728294364,230.96185055045513,0.6215054452968564,5.00257199946084,128.4943424124038,50.42367654139642,2.919397384386602,1.5707570031159148,0.0,65.14911008241405,0.0,0.0,0.0,0.0,0.0,0.0,0.0,0.0,0.0,24.88888888888889,11.555555555555555,119.84444444444443,229.82222222222222,175.7,0.6183565875101927,0.5557767943115576,8.0,120.69555555555556,43.333333333333336,5.555555555555555,2.5555555555555554,0.0,67.14980842911876,6.5032258064516135,1.4839080459770113,10.178927203065134,0.0,0.0,0.0,0.0,0.0,0.0,0.0,0.0,0.0,23.925033677162787,10.298087970086955,102.68144484102191,230.96185055045513,183.32861232022253,0.6215054452968564,0.5804441465001627,7.683301988381825,91.07838542253484,43.725701993124765,5.752280651188105,2.7385956916719705,0.0,66.73087615844771,6.880055512577579,1.919232585030509,9.780722720732541,0.0,0.0,0.0,0.0,0.0,0.0,0.0,0.0,0.0,0.0,0.0,0.0,0.0,0.0,0.0
2016-04,13.66777777777778,12.897407407407407,0.0,0.0,0.0,0.0,0.0,0.0,0.0,0.0,0.1111111111111111,0.0,0.08888888888888889,197.35555555555555,0.5017021039903382,9.11111111111111,184.04666666666668,178.53333333333333,10.555555555555555,2.6666666666666665,0.1111111111111111,69.72814814814814,0.0,0.0,0.0,0.0,0.0,0.0,0.0,0.0,0.0,0.0,0.0,0.0,0.0,0.0,0.0,13.753001125141994,11.876775680598685,0.0,0.0,0.0,0.0,0.0,0.0,0.0,0.0,0.029315836358727462,0.0,0.02345266908698197,199.6112115400467,0.5072559817217057,7.749112026130188,121.52307962947202,163.36202173494266,10.142066813902028,2.5634693501567076,0.0014072456875927767,71.34588582866263,0.0,0.0,0.0,0.0,0.0,0.0,0.0,0.0,0.0,14.444444444444445,2.888888888888889,45.51111111111111,197.35555555555555,229.82222222222222,0.5017021039903382,0.6183565875101927,5.111111111111111,179.82222222222222,57.22222222222222,3.2222222222222223,1.7777777777777777,0.0,65.09032258064516,13.66777777777778,6.5032258064516135,12.686738351254482,0.0,0.0,0.0,0.0,0.0,0.0,0.0,0.0,0.0,12.03701818618052,1.8377662726959612,32.05271728294364,199.6112115400467,230.96185055045513,0.5072559817217057,0.6215054452968564,5.00257199946084,128.4943424124038,50.42367654139642,2.919397384386602,1.5707570031159148,0.0,65.14911008241405,13.753001125141994,6.880055512577579,11.953192309402668,0.0,0.0,0.0,0.0,0.0,0.0,0.0,0.0,0.0,0.0,0.0,0.0,0.0,0.0,0.0
2016-05,18.374551971326166,13.012544802867383,1.7777777777777777,0.0,0.8666666666666671,0.6666666666666666,1.3333333333333333,0.0,0.0,0.0,0.0,0.0,0.0,267.7111111111111,0.614090303127069,3.888888888888889,236.2722222222222,99.71111111111111,6.666666666666667,2.0,0.8888888888888888,67.85304659498208,2.142857142857143,0.0,2.142857142857143,0.0,0.0,0.0,1.057142857142858,0.0,1.057142857142858,0.0,0.0,0.0,0.0,0.0,0.0,18.436641892581072,12.163636578363189,0.7613149551933514,0.0,0.40235610595824217,0.010894848555500894,0.5420328268970213,0.0,0.0,0.0,0.0,0.0,0.0,269.731455521261,0.6182669963764125,3.573633424754802,143.6117348379614,95.40761513035207,6.677013506782494,2.0,1.0397681747443026,70.13489859091551,0.0,0.0,0.0,0.0,0.0,0.0,0.0,0.0,0.0,0.1111111111111111,0.0,0.08888888888888889,267.7111111111111,197.35555555555555,0.614090303127069,0.5017021039903382,9.11111111111111,184.04666666666668,178.53333333333333,10.555555555555555,2.6666666666666665,0.1111111111111111,69.72814814814814,18.374551971326166,13.66777777777778,12.897407407407407,0.0,0.0,0.0,0.0,0.0,0.0,0.0,0.0,0.0,0.029315836358727462,0.0,0.02345266908698197,269.731455521261,199.6112115400467,0.6182669963764125,0.5072559817217057,7.749112026130188,121.52307962947202,163.36202173494266,10.142066813902028,2.5634693501567076,0.0014072456875927767,71.34588582866263,18.436641892581072,13.753001125141994,11.876775680598685,0.0,0.0,0.0,0.0,0.0,0.0,0.0,0.0,0.0,0.0,0.0,0.0,0.0,0.0,0.0
2016-06,22.067190293742016,9.158518518518518,3.2222222222222223,0.0,1.900000000000001,0.6666666666666666,1.2222222222222223,5.555555555555555,5.111111111111112,0.7777777777777778,0.0,0.0,0.0,173.32222222222222,0.3973059181215068,11.0,184.98666666666668,66.88888888888889,5.888888888888889,1.3333333333333333,8.11111111111111,78.13962962962962,3.4285714285714284,0.0,3.4285714285714284,0.0,0.0,0.0,1.9714285714285726,0.0,1.9714285714285726,6.714285714285714,1.0,5.714285714285714,1.0,0.0,1.0,22.22589579128534,8.792891122345571,3.240241767643763,0.0,1.1501088182746375,0.05184367358758932,0.999557534660599,6.663599175175796,5.036625663575886,0.5156151989458991,0.0,0.0,0.0,178.45159267081846,0.40882128681821006,10.777327430040735,103.30936973192638,66.285922333722,5.3061954974970735,1.259710637208134,10.724736088304105,79.34682623580704,0.0,1.7777777777777777,0.0,0.0,0.8666666666666671,0.6666666666666666,1.3333333333333333,0.0,0.0,0.0,0.0,0.0,173.32222222222222,267.7111111111111,0.3973059181215068,0.614090303127069,3.888888888888889,236.2722222222222,99.71111111111111,6.666666666666667,2.0,0.8888888888888888,67.85304659498208,22.067190293742016,18.374551971326166,13.012544802867383,0.0,0.7613149551933514,0.0,0.0,0.40235610595824217,0.010894848555500894,0.5420328268970213,0.0,0.0,0.0,0.0,0.0,178.45159267081846,269.731455521261,0.40882128681821006,0.6182669963764125,3.573633424754802,143.6117348379614,95.40761513035207,6.677013506782494,2.0,1.0397681747443026,70.13489859091551,22.22589579128534,18.436641892581072,12.163636578363189,2.142857142857143,0.0,2.142857142857143,0.0,0.0,0.0,1.057142857142858,0.0,1.057142857142858,0.0,0.0,0.0,0.0,0.0,0.0
2016-07,25.82688172043011,8.3,19.444444444444443,7.0,45.888888888888886,18.11111111111111,13.11111111111111,26.333333333333332,72.66666666666667,19.88888888888889,0.0,0.0,0.0,194.88888888888889,0.43966230811602064,8.88888888888889,198.86555555555555,280.8777777777778,11.11111111111111,6.333333333333333,13.666666666666666,81.48136200716846,19.571428571428573,17.0,2.571428571428573,7.857142857142857,1.0,6.857142857142857,49.07142857142857,20.100000000000005,28.971428571428564,28.0,17.0,11.0,21.428571428571427,9.0,12.428571428571427,25.955865924869343,8.119660718990431,19.62034038194693,6.762996619177948,45.496397746461604,18.32374223745898,13.00109273886074,27.981316697422006,77.38959437817412,21.288766056784365,0.0,0.0,0.0,188.9003785598854,0.4259609328470561,9.244670044232837,95.79981512286709,297.83240034402974,10.435157907550588,6.1664856570116555,14.903709824864722,82.81763870416108,0.0,3.2222222222222223,1.7777777777777777,0.0,1.900000000000001,0.6666666666666666,1.2222222222222223,5.555555555555555,5.111111111111112,0.0,0.0,0.0,194.88888888888889,173.32222222222222,0.43966230811602064,0.3973059181215068,11.0,184.98666666666668,66.88888888888889,5.888888888888889,1.3333333333333333,8.11111111111111,78.13962962962962,25.82688172043011,22.067190293742016,9.158518518518518,0.0,3.240241767643763,0.7613149551933514,0.0,1.1501088182746375,0.05184367358758932,0.999557534660599,6.663599175175796,5.036625663575886,0.0,0.0,0.0,188.9003785598854,178.45159267081846,0.4259609328470561,0.40882128681821006,10.777327430040735,103.30936973192638,66.285922333722,5.3061954974970735,1.259710637208134,10.724736088304105,79.34682623580704,25.955865924869343,22.22589579128534,8.792891122345571,3.4285714285714284,0.0,3.4285714285714284,0.0,0.0,0.0,1.9714285714285726,0.0,1.9714285714285726,6.714285714285714,1.0,5.714285714285714,0.0,0.0,0.0
2016-08,26.491397849462363,9.88853046594982,24.666666666666668,17.666666666666668,91.58888888888889,24.22222222222222,24.22222222222222,24.88888888888889,83.21111111111111,24.666666666666668,0.0,0.0,0.0,243.48888888888885,0.5830654737096583,4.333333333333333,215.43222222222224,70.71111111111111,6.0,2.3333333333333335,8.555555555555555,76.90179211469534,24.714285714285715,24.0,0.7142857142857153,18.0,11.0,7.0,92.24285714285713,67.30000000000001,24.94285714285712,25.714285714285715,20.0,5.714285714285715,25.0,22.0,3.0,26.648706345089533,9.579356006717349,24.89874203765917,16.37300255051783,89.88156703080472,24.707304478739516,24.707304478739516,24.49665156501601,90.720940409254,24.729461210263533,0.0,0.0,0.0,244.39170098856792,0.5849160481374953,4.42412923494017,103.66432744910789,68.93359190998984,4.960904648268311,2.040213764340329,11.103140621213893,78.07212581462026,0.7777777777777778,19.444444444444443,3.2222222222222223,7.0,45.888888888888886,18.11111111111111,13.11111111111111,26.333333333333332,72.66666666666667,0.0,0.0,0.0,243.48888888888885,194.88888888888889,0.5830654737096583,0.43966230811602064,8.88888888888889,198.86555555555555,280.8777777777778,11.11111111111111,6.333333333333333,13.666666666666666,81.48136200716846,26.491397849462363,25.82688172043011,8.3,0.5156151989458991,19.62034038194693,3.240241767643763,6.762996619177948,45.496397746461604,18.32374223745898,13.00109273886074,27.981316697422006,77.38959437817412,0.0,0.0,0.0,244.39170098856792,188.9003785598854,0.5849160481374953,0.4259609328470561,9.244670044232837,95.79981512286709,297.83240034402974,10.435157907550588,6.1664856570116555,14.903709824864722,82.81763870416108,26.648706345089533,25.955865924869343,8.119660718990431,19.571428571428573,17.0,2.571428571428573,7.857142857142857,1.0,6.857142857142857,49.07142857142857,20.100000000000005,28.971428571428564,28.0,17.0,11.0,1.0,0.0,1.0
2016-09,21.63925925925926,8.97111111111111,4.333333333333333,0.0,4.199999999999999,1.3333333333333333,2.111111111111111,6.222222222222222,6.622222222222224,2.2222222222222223,0.0,0.0,0.0,140.02222222222224,0.3764662435943891,12.222222222222221,141.04444444444445,191.55555555555554,9.444444444444445,3.6666666666666665,10.11111111111111,81.09259259259258,4.857142857142857,0.0,4.857142857142857,0.0,0.0,0.0,4.6571428571428575,0.0,4.6571428571428575,7.428571428571429,1.0,6.428571428571429,2.7142857142857144,0.0,2.7142857142857144,21.90347099058328,8.485059306590118,3.5925852100449993,0.0,3.4147119669487846,1.5825527041903575,1.98580397026576,6.233910627707941,7.74206438409537,2.338362550668916,0.0,0.0,0.0,146.64358992372968,0.3943119734413477,11.93323208246067,70.34474544522814,195.60607267613412,8.544401474720122,3.7473573479763465,12.393396778238909,81.60463768885501,19.88888888888889,24.666666666666668,19.444444444444443,17.666666666666668,91.58888888888889,24.22222222222222,24.22222222222222,24.88888888888889,83.21111111111111,0.0,0.0,0.0,140.02222222222224,243.48888888888885,0.3764662435943891,0.5830654737096583,4.333333333333333,215.43222222222224,70.71111111111111,6.0,2.3333333333333335,8.555555555555555,76.90179211469534,21.63925925925926,26.491397849462363,9.88853046594982,21.288766056784365,24.89874203765917,19.62034038194693,16.37300255051783,89.88156703080472,24.707304478739516,24.707304478739516,24.49665156501601,90.720940409254,0.0,0.0,0.0,146.64358992372968,244.39170098856792,0.3943119734413477,0.5849160481374953,4.42412923494017,103.66432744910789,68.93359190998984,4.960904648268311,2.040213764340329,11.103140621213893,78.07212581462026,21.90347099058328,26.648706345089533,9.579356006717349,24.714285714285715,24.0,0.7142857142857153,18.0,11.0,7.0,92.24285714285713,67.30000000000001,24.94285714285712,25.714285714285715,20.0,5.714285714285715,21.428571428571427,9.0,12.428571428571427
2016-10,15.654121863799284,9.09247311827957,0.2222222222222222,0.0,0.0777777777777777,0.0,0.2222222222222222,0.2222222222222222,0.03333333333333341,0.0,0.0,0.0,0.0,113.16666666666667,0.32359182144433196,16.11111111111111,108.64777777777778,162.25555555555556,9.88888888888889,3.0,2.0,79.46487455197133,0.2857142857142857,0.0,0.2857142857142857,0.0,0.0,0.0,0.0999999999999999,0.0,0.0999999999999999,0.2857142857142857,0.0,0.2857142857142857,0.0,0.0,0.0,15.87029933776251,8.768205360234054,0.002633807097303742,0.0,0.0008602206476319736,0.0,0.002633807097303742,0.327599277133824,0.0005799065738685721,0.0,0.0,0.0,0.0,123.9253032012105,0.35451276593369546,15.131675920023572,56.43795059393954,159.1174381873706,8.651833212416356,2.4585900553129703,2.5161804695499557,79.49392044463661,24.666666666666668,4.333333333333333,24.666666666666668,0.0,4.199999999999999,1.3333333333333333,2.111111111111111,6.222222222222222,6.622222222222224,0.0,0.0,0.0,113.16666666666667,140.02222222222224,0.32359182144433196,0.3764662435943891,12.222222222222221,141.04444444444445,191.55555555555554,9.444444444444445,3.6666666666666665,10.11111111111111,81.09259259259258,15.654121863799284,21.63925925925926,8.97111111111111,24.729461210263533,3.5925852100449993,24.89874203765917,0.0,3.4147119669487846,1.5825527041903575,1.98580397026576,6.233910627707941,7.74206438409537,0.0,0.0,0.0,123.9253032012105,146.64358992372968,0.35451276593369546,0.3943119734413477,11.93323208246067,70.34474544522814,195.60607267613412,8.544401474720122,3.7473573479763465,12.393396778238909,81.60463768885501,15.87029933776251,21.90347099058328,8.485059306590118,4.857142857142857,0.0,4.857142857142857,0.0,0.0,0.0,4.6571428571428575,0.0,4.6571428571428575,7.428571428571429,1.0,6.428571428571429,25.0,22.0,3.0
2016-11,7.493703703703703,11.028888888888888,0.0,0.0,0.0,0.0,0.0,0.0,0.0,0.0,11.444444444444445,0.7777777777777778,23.755555555555556,159.14444444444445,0.514651448512855,9.222222222222221,99.29,28.666666666666668,6.666666666666667,1.8888888888888888,0.0,72.48333333333333,0.0,0.0,0.0,0.0,0.0,0.0,0.0,0.0,0.0,0.0,0.0,0.0,0.0,0.0,0.0,7.882397518846052,10.355250093837693,0.0,0.0,0.0,0.0,0.0,0.0,0.0,0.0,8.808861747460197,0.2911356531407662,16.119725005634756,168.36520762684506,0.5449193404815929,9.055922997183462,52.75853764773132,28.20002236340791,5.6171261027894275,1.6871821734398267,0.0,72.03802467960926,2.2222222222222223,0.2222222222222222,4.333333333333333,0.0,0.0777777777777777,0.0,0.2222222222222222,0.2222222222222222,0.03333333333333341,0.0,0.0,0.0,159.14444444444445,113.16666666666667,0.514651448512855,0.32359182144433196,16.11111111111111,108.64777777777778,162.25555555555556,9.88888888888889,3.0,2.0,79.46487455197133,7.493703703703703,15.654121863799284,9.09247311827957,2.338362550668916,0.002633807097303742,3.5925852100449993,0.0,0.0008602206476319736,0.0,0.002633807097303742,0.327599277133824,0.0005799065738685721,0.0,0.0,0.0,168.36520762684506,123.9253032012105,0.5449193404815929,0.35451276593369546,15.131675920023572,56.43795059393954,159.1174381873706,8.651833212416356,2.4585900553129703,2.5161804695499557,79.49392044463661,7.882397518846052,15.87029933776251,8.768205360234054,0.2857142857142857,0.0,0.2857142857142857,0.0,0.0,0.0,0.0999999999999999,0.0,0.0999999999999999,0.2857142857142857,0.0,0.2857142857142857,2.7142857142857144,0.0,2.7142857142857144
2016-12,2.6611827956989247,10.501075268817203,0.0,0.0,0.0,0.0,0.0,0.0,0.0,0.0,22.11111111111111,8.777777777777779,95.91111111111111,142.55555555555554,0.46884121327742206,12.11111111111111,83.7311111111111,49.22222222222222,6.222222222222222,2.7777777777777777,0.0,73.51033452807647,0.0,0.0,0.0,0.0,0.0,0.0,0.0,0.0,0.0,0.0,0.0,0.0,0.0,0.0,0.0,3.163465026705987,9.783535446495494,0.0,0.0,0.0,0.0,0.0,0.0,0.0,0.0,20.916107682977035,5.890183316238209,74.37824415993333,158.3078501913558,0.5218096804723303,11.136616433483526,52.1953450557461,49.22089550553276,6.650976466371226,2.9813550339919437,0.0,72.76621880814069,0.0,0.0,0.2222222222222222,0.0,0.0,0.0,0.0,0.0,0.0,11.444444444444445,0.7777777777777778,23.755555555555556,142.55555555555554,159.14444444444445,0.46884121327742206,0.514651448512855,9.222222222222221,99.29,28.666666666666668,6.666666666666667,1.8888888888888888,0.0,72.48333333333333,2.6611827956989247,7.493703703703703,11.028888888888888,0.0,0.0,0.002633807097303742,0.0,0.0,0.0,0.0,0.0,0.0,8.808861747460197,0.2911356531407662,16.119725005634756,158.3078501913558,168.36520762684506,0.5218096804723303,0.5449193404815929,9.055922997183462,52.75853764773132,28.20002236340791,5.6171261027894275,1.6871821734398267,0.0,72.03802467960926,3.163465026705987,7.882397518846052,10.355250093837693,0.0,0.0,0.0,0.0,0.0,0.0,0.0,0.0,0.0,0.0,0.0,0.0,0.0,0.0,0.0
2017-01,-0.36523297491039425,10.66236559139785,0.0,0.0,0.0,0.0,0.0,0.0,0.0,0.0,27.555555555555557,16.77777777777778,173.77777777777777,167.56666666666666,0.5367413384605466,7.222222222222222,94.88777777777779,16.266666666666666,5.222222222222222,2.0,0.0,71.26523297491039,0.0,0.0,0.0,0.0,0.0,0.0,0.0,0.0,0.0,0.0,0.0,0.0,0.0,0.0,0.0,0.23622133601355308,9.915702197898005,0.0,0.0,0.0,0.0,0.0,0.0,0.0,0.0,26.409156196363902,14.932163236371252,147.3996526288721,182.19596106924135,0.5842263735755369,6.430697966177025,79.90974511194226,15.220730368225986,5.173226897126416,2.1366189128579403,0.0,69.98729794150822,0.0,0.0,0.0,0.0,0.0,0.0,0.0,0.0,0.0,22.11111111111111,8.777777777777779,95.91111111111111,167.56666666666666,142.55555555555554,0.5367413384605466,0.46884121327742206,12.11111111111111,83.7311111111111,49.22222222222222,6.222222222222222,2.7777777777777777,0.0,73.51033452807647,-0.36523297491039425,2.6611827956989247,10.501075268817203,0.0,0.0,0.0,0.0,0.0,0.0,0.0,0.0,0.0,20.916107682977035,5.890183316238209,74.37824415993333,182.19596106924135,158.3078501913558,0.5842263735755369,0.5218096804723303,11.136616433483526,52.1953450557461,49.22089550553276,6.650976466371226,2.9813550339919437,0.0,72.76621880814069,0.23622133601355308,3.163465026705987,9.783535446495494,0.0,0.0,0.0,0.0,0.0,0.0,0.0,0.0,0.0,0.0,0.0,0.0,0.0,0.0,0.0
2017-02,0.9416519694297472,11.241666666666667,0.0,0.0,0.0,0.0,0.0,0.0,0.0,0.0,26.22222222222222,12.222222222222221,127.23333333333332,192.7888888888889,0.631091004096938,5.0,118.9888888888889,48.044444444444444,5.888888888888889,2.0,0.0,66.1665343915344,0.0,0.0,0.0,0.0,0.0,0.0,0.0,0.0,0.0,0.0,0.0,0.0,0.0,0.0,0.0,1.4292525941480156,10.770777922620281,0.0,0.0,0.0,0.0,0.0,0.0,0.0,0.0,25.818727287086332,9.398430242672847,108.39709083445042,200.4304365112942,0.6565271735494927,4.455294184381577,98.0294493130936,45.647475566841294,4.519170842055858,1.703093017864716,0.0,65.60267414371496,0.0,0.0,0.0,0.0,0.0,0.0,0.0,0.0,0.0,27.555555555555557,16.77777777777778,173.77777777777777,192.7888888888889,167.56666666666666,0.631091004096938,0.5367413384605466,7.222222222222222,94.88777777777779,16.266666666666666,5.222222222222222,2.0,0.0,71.26523297491039,0.9416519694297472,-0.36523297491039425,10.66236559139785,0.0,0.0,0.0,0.0,0.0,0.0,0.0,0.0,0.0,26.409156196363902,14.932163236371252,147.3996526288721,200.4304365112942,182.19596106924135,0.6565271735494927,0.5842263735755369,6.430697966177025,79.90974511194226,15.220730368225986,5.173226897126416,2.1366189128579403,0.0,69.98729794150822,1.4292525941480156,0.23622133601355308,9.915702197898005,0.0,0.0,0.0,0.0,0.0,0.0,0.0,0.0,0.0,0.0,0.0,0.0,0.0,0.0,0.0
2017-03,5.114695340501792,13.008960573476703,0.0,0.0,0.0,0.0,0.0,0.0,0.0,0.0,20.22222222222222,2.6666666666666665,55.400000000000006,223.66666666666666,0.6022084157337446,4.111111111111111,165.50222222222223,26.766666666666666,7.555555555555555,1.8888888888888888,0.0,63.97240143369176,0.0,0.0,0.0,0.0,0.0,0.0,0.0,0.0,0.0,0.0,0.0,0.0,0.0,0.0,0.0,5.755644388003853,12.203069697525434,0.0,0.0,0.0,0.0,0.0,0.0,0.0,0.0,17.487128289992,0.8914461017216556,33.354271123557595,231.74201224091436,0.6239630155128247,3.7098688221132012,129.76923260970187,22.61474309716737,6.0272822958625785,1.573329002576755,0.0,64.5911071857213,0.0,0.0,0.0,0.0,0.0,0.0,0.0,0.0,0.0,26.22222222222222,12.222222222222221,127.23333333333332,223.66666666666666,192.7888888888889,0.6022084157337446,0.631091004096938,5.0,118.9888888888889,48.044444444444444,5.888888888888889,2.0,0.0,66.1665343915344,5.114695340501792,0.9416519694297472,11.241666666666667,0.0,0.0,0.0,0.0,0.0,0.0,0.0,0.0,0.0,25.818727287086332,9.398430242672847,108.39709083445042,231.74201224091436,200.4304365112942,0.6239630155128247,0.6565271735494927,4.455294184381577,98.0294493130936,45.647475566841294,4.519170842055858,1.703093017864716,0.0,65.60267414371496,5.755644388003853,1.4292525941480156,10.770777922620281,0.0,0.0,0.0,0.0,0.0,0.0,0.0,0.0,0.0,0.0,0.0,0.0,0.0,0.0,0.0
2017-04,12.950740740740741,13.392592592592592,0.0,0.0,0.0,0.0,0.0,0.0,0.0,0.0,1.4444444444444444,0.0,2.655555555555556,244.0888888888889,0.6207758044368239,4.111111111111111,190.25444444444443,61.766666666666666,6.555555555555555,2.0,0.2222222222222222,64.46,0.0,0.0,0.0,0.0,0.0,0.0,0.0,0.0,0.0,0.0,0.0,0.0,0.0,0.0,0.0,13.25034808433535,12.41671446011857,0.0,0.0,0.0,0.0,0.0,0.0,0.0,0.0,0.7566878265914944,0.0,1.0615469832053597,245.79299752904348,0.6247897600373141,4.003395898773978,139.30162173429215,62.379751488818535,6.162741796619048,2.0,0.4328511004736449,67.02934881358819,0.0,0.0,0.0,0.0,0.0,0.0,0.0,0.0,0.0,20.22222222222222,2.6666666666666665,55.400000000000006,244.0888888888889,223.66666666666666,0.6207758044368239,0.6022084157337446,4.111111111111111,165.50222222222223,26.766666666666666,7.555555555555555,1.8888888888888888,0.0,63.97240143369176,12.950740740740741,5.114695340501792,13.008960573476703,0.0,0.0,0.0,0.0,0.0,0.0,0.0,0.0,0.0,17.487128289992,0.8914461017216556,33.354271123557595,245.79299752904348,231.74201224091436,0.6247897600373141,0.6239630155128247,3.7098688221132012,129.76923260970187,22.61474309716737,6.0272822958625785,1.573329002576755,0.0,64.5911071857213,13.25034808433535,5.755644388003853,12.203069697525434,0.0,0.0,0.0,0.0,0.0,0.0,0.0,0.0,0.0,0.0,0.0,0.0,0.0,0.0,0.0
2017-05,17.791397849462367,13.675985663082436,1.2222222222222223,0.0,0.8999999999999998,0.0,1.2222222222222223,0.0,0.0,0.0,0.0,0.0,0.0,276.06666666666666,0.6335700346208597,4.333333333333333,220.26444444444445,46.400000000000006,4.666666666666667,2.111111111111111,0.7777777777777778,67.29569892473118,1.2857142857142858,0.0,1.2857142857142858,0.0,0.0,0.0,0.8857142857142851,0.0,0.8857142857142851,0.0,0.0,0.0,0.0,0.0,0.0,18.00952400180196,12.720301875344562,0.7251987240136766,0.0,0.8027585418051355,0.0,0.7251987240136766,0.0,0.0,0.0,0.0,0.0,0.0,277.0589350518735,0.6354339036472109,4.794591606678758,142.96412039175544,38.97925381533122,4.08060407419786,1.886543328525704,1.8902160621340829,69.27443450770468,0.0,0.0,0.0,0.0,0.0,0.0,0.0,0.0,0.0,1.4444444444444444,0.0,2.655555555555556,276.06666666666666,244.0888888888889,0.6335700346208597,0.6207758044368239,4.111111111111111,190.25444444444443,61.766666666666666,6.555555555555555,2.0,0.2222222222222222,64.46,17.791397849462367,12.950740740740741,13.392592592592592,0.0,0.0,0.0,0.0,0.0,0.0,0.0,0.0,0.0,0.7566878265914944,0.0,1.0615469832053597,277.0589350518735,245.79299752904348,0.6354339036472109,0.6247897600373141,4.003395898773978,139.30162173429215,62.379751488818535,6.162741796619048,2.0,0.4328511004736449,67.02934881358819,18.00952400180196,13.25034808433535,12.41671446011857,0.0,0.0,0.0,0.0,0.0,0.0,0.0,0.0,0.0,0.0,0.0,0.0,0.0,0.0,0.0
2017-06,21.518148148148146,11.713333333333333,6.777777777777778,0.6666666666666666,8.8,4.888888888888889,3.4444444444444446,3.4444444444444446,3.6666666666666665,0.4444444444444444,0.0,0.0,0.0,232.92222222222225,0.5340786360370866,6.666666666666667,206.98222222222225,40.144444444444446,4.666666666666667,2.0,4.0,69.32862433862434,6.714285714285714,5.0,1.7142857142857144,0.7142857142857143,0.0,0.7142857142857143,8.042857142857143,6.799999999999997,1.2428571428571455,4.285714285714286,0.0,4.285714285714286,0.5714285714285714,0.0,0.5714285714285714,21.82866802741473,11.494175159710665,7.35304754443997,0.9615471624240127,9.817286412199191,4.756977135497745,3.3129656367245195,3.2093816674753723,3.130517510503069,0.8868785837522981,0.0,0.0,0.0,233.4542205513378,0.5348840010122311,6.068897249824183,123.7499189645717,43.69482028506936,4.313239426161707,1.7886318801976195,3.022848333889169,66.6969128173935,0.0,1.2222222222222223,0.0,0.0,0.8999999999999998,0.0,1.2222222222222223,0.0,0.0,0.0,0.0,0.0,232.92222222222225,276.06666666666666,0.5340786360370866,0.6335700346208597,4.333333333333333,220.26444444444445,46.400000000000006,4.666666666666667,2.111111111111111,0.7777777777777778,67.29569892473118,21.518148148148146,17.791397849462367,13.675985663082436,0.0,0.7251987240136766,0.0,0.0,0.8027585418051355,0.0,0.7251987240136766,0.0,0.0,0.0,0.0,0.0,233.4542205513378,277.0589350518735,0.5348840010122311,0.6354339036472109,4.794591606678758,142.96412039175544,38.97925381533122,4.08060407419786,1.886543328525704,1.8902160621340829,69.27443450770468,21.82866802741473,18.00952400180196,12.720301875344562,1.2857142857142858,0.0,1.2857142857142858,0.0,0.0,0.0,0.8857142857142851,0.0,0.8857142857142851,0.0,0.0,0.0,0.0,0.0,0.0
2017-07,26.586451612903225,7.326989247311827,20.88888888888889,4.666666666666667,42.06666666666667,18.444444444444443,10.777777777777779,30.444444444444443,109.02222222222221,26.11111111111111,0.0,0.0,0.0,122.86666666666666,0.27713681018716285,16.333333333333332,155.4811111111111,272.8888888888889,15.777777777777779,5.888888888888889,23.333333333333332,84.49732212746673,22.0,16.0,6.0,5.142857142857143,0.0,5.142857142857143,44.91428571428571,20.600000000000005,24.314285714285706,30.714285714285715,29.0,1.7142857142857153,28.285714285714285,14.0,14.285714285714285,26.58712119956486,7.335852416732145,22.159171887172082,4.77904899072237,41.56262677161544,19.428823008763732,11.331582083662703,30.393431873468874,108.76781201779852,25.772335274128633,0.0,0.0,0.0,121.17890090904108,0.2731924020689623,16.394451268085483,81.20085520250711,226.2632783889933,14.888466235247249,4.337679402715065,21.69119744280948,83.28674601842751,0.0,6.777777777777778,1.2222222222222223,0.6666666666666666,8.8,4.888888888888889,3.4444444444444446,3.4444444444444446,3.6666666666666665,0.0,0.0,0.0,122.86666666666666,232.92222222222225,0.27713681018716285,0.5340786360370866,6.666666666666667,206.98222222222225,40.144444444444446,4.666666666666667,2.0,4.0,69.32862433862434,26.586451612903225,21.518148148148146,11.713333333333333,0.0,7.35304754443997,0.7251987240136766,0.9615471624240127,9.817286412199191,4.756977135497745,3.3129656367245195,3.2093816674753723,3.130517510503069,0.0,0.0,0.0,121.17890090904108,233.4542205513378,0.2731924020689623,0.5348840010122311,6.068897249824183,123.7499189645717,43.69482028506936,4.313239426161707,1.7886318801976195,3.022848333889169,66.6969128173935,26.58712119956486,21.82866802741473,11.494175159710665,6.714285714285714,5.0,1.7142857142857144,0.7142857142857143,0.0,0.7142857142857143,8.042857142857143,6.799999999999997,1.2428571428571455,4.285714285714286,0.0,4.285714285714286,0.0,0.0,0.0
2017-08,25.430047789725208,8.786021505376345,18.444444444444443,6.777777777777778,44.0,16.22222222222222,8.444444444444445,24.0,70.5888888888889,19.333333333333332,0.0,0.0,0.0,193.75555555555556,0.4636970077584281,9.333333333333334,174.2488888888889,212.63333333333333,11.777777777777779,4.555555555555555,16.444444444444443,81.41600955794505,19.428571428571427,12.0,7.428571428571427,7.428571428571429,3.0,4.428571428571429,46.6,21.9,24.700000000000003,25.142857142857142,17.0,8.142857142857142,21.142857142857142,9.0,12.142857142857142,25.482794123708885,8.637072499214387,17.930414362489085,6.827856692860454,43.15569863345368,15.789064560230273,8.034104262043723,24.372359156399256,72.97802078573197,19.090496336710775,0.0,0.0,0.0,193.41963465912374,0.46275572583778946,9.509913179793967,91.34872529147498,200.6340978608352,10.56994285372931,3.9113185853269883,14.72285563899607,80.19653842532156,0.4444444444444444,20.88888888888889,6.777777777777778,4.666666666666667,42.06666666666667,18.444444444444443,10.777777777777779,30.444444444444443,109.02222222222221,0.0,0.0,0.0,193.75555555555556,122.86666666666666,0.4636970077584281,0.27713681018716285,16.333333333333332,155.4811111111111,272.8888888888889,15.777777777777779,5.888888888888889,23.333333333333332,84.49732212746673,25.430047789725208,26.586451612903225,7.326989247311827,0.8868785837522981,22.159171887172082,7.35304754443997,4.77904899072237,41.56262677161544,19.428823008763732,11.331582083662703,30.393431873468874,108.76781201779852,0.0,0.0,0.0,193.41963465912374,121.17890090904108,0.46275572583778946,0.2731924020689623,16.394451268085483,81.20085520250711,226.2632783889933,14.888466235247249,4.337679402715065,21.69119744280948,83.28674601842751,25.482794123708885,26.58712119956486,7.335852416732145,22.0,16.0,6.0,5.142857142857143,0.0,5.142857142857143,44.91428571428571,20.600000000000005,24.314285714285706,30.714285714285715,29.0,1.7142857142857153,0.5714285714285714,0.0,0.5714285714285714
2017-09,20.200485312899104,11.119259259259259,0.5555555555555556,0.0,0.24444444444444435,0.0,0.5555555555555556,0.1111111111111111,0.05555555555555555,0.0,0.0,0.0,0.0,206.0111111111111,0.5536294281022356,5.111111111111111,157.0188888888889,111.02222222222221,4.0,1.8888888888888888,8.666666666666666,78.6018135376756,0.7142857142857143,0.0,0.7142857142857143,0.0,0.0,0.0,0.31428571428571417,0.0,0.31428571428571417,0.14285714285714285,0.0,0.14285714285714285,0.0,0.0,0.0,20.499237903656308,10.478486942522002,0.33182062370539717,0.0,0.18227442234717522,0.0,0.33182062370539717,0.006508923230440661,0.0032544616152203306,0.0,0.0,0.0,0.0,210.16032444427594,0.5647291265579767,4.850249445375733,85.05575147787938,105.64533299715653,3.659813927221613,1.6587677427523355,7.196432456123785,76.47694391456677,26.11111111111111,18.444444444444443,20.88888888888889,6.777777777777778,44.0,16.22222222222222,8.444444444444445,24.0,70.5888888888889,0.0,0.0,0.0,206.0111111111111,193.75555555555556,0.5536294281022356,0.4636970077584281,9.333333333333334,174.2488888888889,212.63333333333333,11.777777777777779,4.555555555555555,16.444444444444443,81.41600955794505,20.200485312899104,25.430047789725208,8.786021505376345,25.772335274128633,17.930414362489085,22.159171887172082,6.827856692860454,43.15569863345368,15.789064560230273,8.034104262043723,24.372359156399256,72.97802078573197,0.0,0.0,0.0,210.16032444427594,193.41963465912374,0.5647291265579767,0.46275572583778946,9.509913179793967,91.34872529147498,200.6340978608352,10.56994285372931,3.9113185853269883,14.72285563899607,80.19653842532156,20.499237903656308,25.482794123708885,8.637072499214387,19.428571428571427,12.0,7.428571428571427,7.428571428571429,3.0,4.428571428571429,46.6,21.9,24.700000000000003,25.142857142857142,17.0,8.142857142857142,28.285714285714285,14.0,14.285714285714285
2017-10,14.87025089605735,10.79605734767025,0.0,0.0,0.0,0.0,0.0,0.0,0.0,0.0,0.7777777777777778,0.0,1.788888888888889,173.65555555555557,0.4961937023319039,9.222222222222221,121.67,54.666666666666664,5.888888888888889,2.0,2.888888888888889,77.57168458781362,0.0,0.0,0.0,0.0,0.0,0.0,0.0,0.0,0.0,0.0,0.0,0.0,0.0,0.0,0.0,15.32826320884183,10.149526241784343,0.0,0.0,0.0,0.0,0.0,0.0,0.0,0.0,0.8591341116868486,0.0,1.3586243229555741,179.57335013165246,0.5132061301420947,8.403282858960317,69.11633488111282,54.32896870624169,5.503338227368072,2.0,2.8406519706743096,74.70048708325602,19.333333333333332,0.5555555555555556,18.444444444444443,0.0,0.24444444444444435,0.0,0.5555555555555556,0.1111111111111111,0.05555555555555555,0.0,0.0,0.0,173.65555555555557,206.0111111111111,0.4961937023319039,0.5536294281022356,5.111111111111111,157.0188888888889,111.02222222222221,4.0,1.8888888888888888,8.666666666666666,78.6018135376756,14.87025089605735,20.200485312899104,11.119259259259259,19.090496336710775,0.33182062370539717,17.930414362489085,0.0,0.18227442234717522,0.0,0.33182062370539717,0.006508923230440661,0.0032544616152203306,0.0,0.0,0.0,179.57335013165246,210.16032444427594,0.5132061301420947,0.5647291265579767,4.850249445375733,85.05575147787938,105.64533299715653,3.659813927221613,1.6587677427523355,7.196432456123785,76.47694391456677,15.32826320884183,20.499237903656308,10.478486942522002,0.7142857142857143,0.0,0.7142857142857143,0.0,0.0,0.0,0.31428571428571417,0.0,0.31428571428571417,0.14285714285714285,0.0,0.14285714285714285,21.142857142857142,9.0,12.142857142857142
2017-11,6.3324137931034485,12.452809706257984,0.0,0.0,0.0,0.0,0.0,0.0,0.0,0.0,15.0,1.1111111111111112,35.3,192.2,0.6211273637487675,4.777777777777778,101.50333333333333,8.855555555555556,2.888888888888889,2.2222222222222223,0.0,68.99962962962962,0.0,0.0,0.0,0.0,0.0,0.0,0.0,0.0,0.0,0.0,0.0,0.0,0.0,0.0,0.0,6.659090754456814,11.570818002521355,0.0,0.0,0.0,0.0,0.0,0.0,0.0,0.0,12.066783227150028,0.40912898120015784,25.0107338834503,199.3830010952189,0.6448926111914058,3.6835902450291957,55.50656291021447,11.372082829023375,2.8948855915250036,2.334625763519867,0.0,67.79370692241405,0.0,0.0,0.5555555555555556,0.0,0.0,0.0,0.0,0.0,0.0,0.7777777777777778,0.0,1.788888888888889,192.2,173.65555555555557,0.6211273637487675,0.4961937023319039,9.222222222222221,121.67,54.666666666666664,5.888888888888889,2.0,2.888888888888889,77.57168458781362,6.3324137931034485,14.87025089605735,10.79605734767025,0.0,0.0,0.33182062370539717,0.0,0.0,0.0,0.0,0.0,0.0,0.8591341116868486,0.0,1.3586243229555741,199.3830010952189,179.57335013165246,0.6448926111914058,0.5132061301420947,8.403282858960317,69.11633488111282,54.32896870624169,5.503338227368072,2.0,2.8406519706743096,74.70048708325602,6.659090754456814,15.32826320884183,10.149526241784343,0.0,0.0,0.0,0.0,0.0,0.0,0.0,0.0,0.0,0.0,0.0,0.0,0.0,0.0,0.0
2017-12,-0.13865392273994426,9.717299880525687,0.0,0.0,0.0,0.0,0.0,0.0,0.0,0.0,27.666666666666668,15.11111111111111,152.2111111111111,152.27777777777777,0.5007563341992384,9.666666666666666,78.31444444444445,37.17777777777778,5.555555555555555,1.6666666666666667,0.0,69.15237886632151,0.0,0.0,0.0,0.0,0.0,0.0,0.0,0.0,0.0,0.0,0.0,0.0,0.0,0.0,0.0,0.3306395080514292,9.314147557354183,0.0,0.0,0.0,0.0,0.0,0.0,0.0,0.0,27.416451512403988,13.362214435591751,132.22858362501862,165.3832581321419,0.5451094694655799,8.661900591046681,53.77981343878103,38.907114284423166,5.962016968347845,1.673351957229646,0.0,66.83168248593825,0.0,0.0,0.0,0.0,0.0,0.0,0.0,0.0,0.0,15.0,1.1111111111111112,35.3,152.27777777777777,192.2,0.5007563341992384,0.6211273637487675,4.777777777777778,101.50333333333333,8.855555555555556,2.888888888888889,2.2222222222222223,0.0,68.99962962962962,-0.13865392273994426,6.3324137931034485,12.452809706257984,0.0,0.0,0.0,0.0,0.0,0.0,0.0,0.0,0.0,12.066783227150028,0.40912898120015784,25.0107338834503,165.3832581321419,199.3830010952189,0.5451094694655799,0.6448926111914058,3.6835902450291957,55.50656291021447,11.372082829023375,2.8948855915250036,2.334625763519867,0.0,67.79370692241405,0.3306395080514292,6.659090754456814,11.570818002521355,0.0,0.0,0.0,0.0,0.0,0.0,0.0,0.0,0.0,0.0,0.0,0.0,0.0,0.0,0.0
2018-01,-2.362652329749104,9.391397849462367,0.0,0.0,0.0,0.0,0.0,0.0,0.0,0.0,28.22222222222222,17.77777777777778,212.0222222222222,166.74444444444444,0.5342875736108424,9.11111111111111,77.07666666666667,35.922222222222224,6.555555555555555,3.7777777777777777,0.0,70.67579450418161,0.0,0.0,0.0,0.0,0.0,0.0,0.0,0.0,0.0,0.0,0.0,0.0,0.0,0.0,0.0,-1.9798391121536163,8.898025802531555,0.0,0.0,0.0,0.0,0.0,0.0,0.0,0.0,27.175993657419255,15.886093188529056,194.0020472170643,176.3316730985083,0.5656370258524435,8.009981040699532,74.21795708684758,31.610997852907726,6.740555911095177,3.744241706978289,0.0,68.44615696793147,0.0,0.0,0.0,0.0,0.0,0.0,0.0,0.0,0.0,27.666666666666668,15.11111111111111,152.2111111111111,166.74444444444444,152.27777777777777,0.5342875736108424,0.5007563341992384,9.666666666666666,78.31444444444445,37.17777777777778,5.555555555555555,1.6666666666666667,0.0,69.15237886632151,-2.362652329749104,-0.13865392273994426,9.717299880525687,0.0,0.0,0.0,0.0,0.0,0.0,0.0,0.0,0.0,27.416451512403988,13.362214435591751,132.22858362501862,176.3316730985083,165.3832581321419,0.5656370258524435,0.5451094694655799,8.661900591046681,53.77981343878103,38.907114284423166,5.962016968347845,1.673351957229646,0.0,66.83168248593825,-1.9798391121536163,0.3306395080514292,9.314147557354183,0.0,0.0,0.0,0.0,0.0,0.0,0.0,0.0,0.0,0.0,0.0,0.0,0.0,0.0,0.0
2018-02,-0.6678424456202233,11.497619047619047,0.0,0.0,0.0,0.0,0.0,0.0,0.0,0.0,25.88888888888889,16.11111111111111,175.17777777777778,179.2,0.5872219166642781,3.4444444444444446,94.76555555555555,28.78888888888889,3.3333333333333335,1.5555555555555556,0.0,60.44526748971194,0.0,0.0,0.0,0.0,0.0,0.0,0.0,0.0,0.0,0.0,0.0,0.0,0.0,0.0,0.0,-0.15969126634178826,10.949039810308463,0.0,0.0,0.0,0.0,0.0,0.0,0.0,0.0,25.648406947432644,13.968343473519091,152.93970046824796,190.56069150077775,0.6247369584459148,2.7571201085154016,92.57330893235272,26.68051444919548,2.2472862750118465,1.470796484209967,0.0,56.744545100240074,0.0,0.0,0.0,0.0,0.0,0.0,0.0,0.0,0.0,28.22222222222222,17.77777777777778,212.0222222222222,179.2,166.74444444444444,0.5872219166642781,0.5342875736108424,9.11111111111111,77.07666666666667,35.922222222222224,6.555555555555555,3.7777777777777777,0.0,70.67579450418161,-0.6678424456202233,-2.362652329749104,9.391397849462367,0.0,0.0,0.0,0.0,0.0,0.0,0.0,0.0,0.0,27.175993657419255,15.886093188529056,194.0020472170643,190.56069150077775,176.3316730985083,0.6247369584459148,0.5656370258524435,8.009981040699532,74.21795708684758,31.610997852907726,6.740555911095177,3.744241706978289,0.0,68.44615696793147,-0.15969126634178826,-1.9798391121536163,8.898025802531555,0.0,0.0,0.0,0.0,0.0,0.0,0.0,0.0,0.0,0.0,0.0,0.0,0.0,0.0,0.0
2018-03,7.953046594982079,12.637992831541219,0.0,0.0,0.0,0.0,0.0,0.0,0.0,0.0,10.88888888888889,0.4444444444444444,21.666666666666668,202.25555555555556,0.5449517021557048,8.666666666666666,129.03222222222223,99.46666666666667,8.444444444444445,2.2222222222222223,0.0,74.2573476702509,0.0,0.0,0.0,0.0,0.0,0.0,0.0,0.0,0.0,0.0,0.0,0.0,0.0,0.0,0.0,8.246392310432386,11.972379945781864,0.0,0.0,0.0,0.0,0.0,0.0,0.0,0.0,7.1065570800896785,0.7526311723920982,14.427099276373895,204.00676715268727,0.549744392912857,8.43042717481552,115.23892907796007,99.24343306341632,8.328532174429693,2.00514399892168,0.0,73.44726555446027,0.0,0.0,0.0,0.0,0.0,0.0,0.0,0.0,0.0,25.88888888888889,16.11111111111111,175.17777777777778,202.25555555555556,179.2,0.5449517021557048,0.5872219166642781,3.4444444444444446,94.76555555555555,28.78888888888889,3.3333333333333335,1.5555555555555556,0.0,60.44526748971194,7.953046594982079,-0.6678424456202233,11.497619047619047,0.0,0.0,0.0,0.0,0.0,0.0,0.0,0.0,0.0,25.648406947432644,13.968343473519091,152.93970046824796,204.00676715268727,190.56069150077775,0.549744392912857,0.6247369584459148,2.7571201085154016,92.57330893235272,26.68051444919548,2.2472862750118465,1.470796484209967,0.0,56.744545100240074,8.246392310432386,-0.15969126634178826,10.949039810308463,0.0,0.0,0.0,0.0,0.0,0.0,0.0,0.0,0.0,0.0,0.0,0.0,0.0,0.0,0.0
2018-04,12.97037037037037,12.78111111111111,0.2222222222222222,0.0,0.08888888888888896,0.0,0.2222222222222222,0.0,0.0,0.0,1.1111111111111112,0.0,1.2000000000000002,216.76666666666665,0.551568274484556,7.888888888888889,149.28666666666666,133.89999999999998,8.88888888888889,3.5555555555555554,0.2222222222222222,69.69254150702426,0.14285714285714285,0.0,0.14285714285714285,0.0,0.0,0.0,0.02857142857142847,0.0,0.02857142857142847,0.0,0.0,0.0,0.0,0.0,0.0,13.100325009499892,11.83862445027276,0.3085715468299471,0.0,0.06307266887558041,0.0,0.3085715468299471,0.0,0.0,0.0,0.6294441744653897,0.0,0.4153993899951229,220.41734109295936,0.5606313861154651,7.998041400269137,124.94714126437854,130.9296516722514,9.034538063280463,3.698907036625774,0.206842856035882,69.20125080019221,0.0,0.0,0.0,0.0,0.0,0.0,0.0,0.0,0.0,10.88888888888889,0.4444444444444444,21.666666666666668,216.76666666666665,202.25555555555556,0.551568274484556,0.5449517021557048,8.666666666666666,129.03222222222223,99.46666666666667,8.444444444444445,2.2222222222222223,0.0,74.2573476702509,12.97037037037037,7.953046594982079,12.637992831541219,0.0,0.0,0.0,0.0,0.0,0.0,0.0,0.0,0.0,7.1065570800896785,0.7526311723920982,14.427099276373895,220.41734109295936,204.00676715268727,0.5606313861154651,0.549744392912857,8.43042717481552,115.23892907796007,99.24343306341632,8.328532174429693,2.00514399892168,0.0,73.44726555446027,13.100325009499892,8.246392310432386,11.972379945781864,0.0,0.0,0.0,0.0,0.0,0.0,0.0,0.0,0.0,0.0,0.0,0.0,0.0,0.0,0.0
2018-05,17.940143369175626,11.315770609318996,0.4444444444444444,0.0,0.17777777777777792,0.0,0.4444444444444444,1.8888888888888888,4.544444444444443,0.5555555555555556,0.0,0.0,0.0,201.74444444444444,0.4632092570875085,8.11111111111111,158.33333333333334,103.94444444444444,8.666666666666666,2.111111111111111,2.7777777777777777,74.44551971326165,0.5714285714285714,0.0,0.5714285714285714,0.0,0.0,0.0,0.2285714285714288,0.0,0.2285714285714288,2.0,1.0,1.0,0.7142857142857143,0.0,0.7142857142857143,18.145292504274344,10.558944525177573,0.507266799362765,0.0,0.2771773615795752,0.0,0.507266799362765,1.9426520597679877,4.638547306662517,0.3710628798679036,0.0,0.0,0.0,205.02982788470513,0.47039537013774424,7.866211620915088,118.25236023113274,119.00686327700102,8.8744722082486,2.000978758843641,2.5382195179676867,73.64671057345323,0.0,0.2222222222222222,0.0,0.0,0.08888888888888896,0.0,0.2222222222222222,0.0,0.0,1.1111111111111112,0.0,1.2000000000000002,201.74444444444444,216.76666666666665,0.4632092570875085,0.551568274484556,7.888888888888889,149.28666666666666,133.89999999999998,8.88888888888889,3.5555555555555554,0.2222222222222222,69.69254150702426,17.940143369175626,12.97037037037037,12.78111111111111,0.0,0.3085715468299471,0.0,0.0,0.06307266887558041,0.0,0.3085715468299471,0.0,0.0,0.6294441744653897,0.0,0.4153993899951229,205.02982788470513,220.41734109295936,0.47039537013774424,0.5606313861154651,7.998041400269137,124.94714126437854,130.9296516722514,9.034538063280463,3.698907036625774,0.206842856035882,69.20125080019221,18.145292504274344,13.100325009499892,11.83862445027276,0.14285714285714285,0.0,0.14285714285714285,0.0,0.0,0.0,0.02857142857142847,0.0,0.02857142857142847,0.0,0.0,0.0,0.0,0.0,0.0
2018-06,22.17487867177522,10.788518518518519,7.111111111111111,1.2222222222222223,10.488888888888887,3.888888888888889,3.111111111111111,4.444444444444445,6.966666666666668,1.4444444444444444,0.0,0.0,0.0,212.9888888888889,0.4883995958586106,5.333333333333333,166.00555555555556,163.97777777777776,6.111111111111111,3.5555555555555554,8.444444444444445,75.3904853128991,7.0,3.0,4.0,1.2857142857142858,0.0,1.2857142857142858,10.685714285714283,4.199999999999999,6.485714285714284,5.142857142857143,2.0,3.1428571428571432,1.8571428571428572,0.0,1.8571428571428572,22.34874149513838,10.337040584941848,6.827846991091057,1.0118031024833594,10.664392347696335,4.077957316242068,2.8299173120267986,4.892933701903111,6.665126253960699,1.4339654991976256,0.0,0.0,0.0,217.33444977585452,0.49802768336752545,5.511648738650032,112.3624155045127,163.9266384149377,6.543840472327775,3.2127871276206474,7.557366651354611,74.46386662740318,0.0,0.4444444444444444,0.2222222222222222,0.0,0.17777777777777792,0.0,0.4444444444444444,1.8888888888888888,4.544444444444443,0.0,0.0,0.0,212.9888888888889,201.74444444444444,0.4883995958586106,0.4632092570875085,8.11111111111111,158.33333333333334,103.94444444444444,8.666666666666666,2.111111111111111,2.7777777777777777,74.44551971326165,22.17487867177522,17.940143369175626,11.315770609318996,0.0,0.507266799362765,0.3085715468299471,0.0,0.2771773615795752,0.0,0.507266799362765,1.9426520597679877,4.638547306662517,0.0,0.0,0.0,217.33444977585452,205.02982788470513,0.49802768336752545,0.47039537013774424,7.866211620915088,118.25236023113274,119.00686327700102,8.8744722082486,2.000978758843641,2.5382195179676867,73.64671057345323,22.34874149513838,18.145292504274344,10.558944525177573,0.5714285714285714,0.0,0.5714285714285714,0.0,0.0,0.0,0.2285714285714288,0.0,0.2285714285714288,2.0,1.0,1.0,0.0,0.0,0.0
2018-07,26.982437275985664,9.463440860215053,22.88888888888889,16.22222222222222,90.99999999999999,21.555555555555557,21.555555555555557,28.0,88.9,23.666666666666668,0.0,0.0,0.0,252.95555555555555,0.5703370931874007,6.111111111111111,179.69555555555556,170.92222222222222,4.777777777777778,2.111111111111111,10.555555555555555,78.5663082437276,23.285714285714285,21.0,2.2857142857142847,16.142857142857142,13.0,3.1428571428571423,92.02857142857142,71.29999999999998,20.728571428571442,29.142857142857142,22.0,7.142857142857142,24.142857142857142,21.0,3.1428571428571423,27.133358336248985,9.023355735112917,22.568819964456196,15.8558318910993,91.04102678118147,21.461413499310545,21.461413499310545,28.102942039241814,97.65968060910623,23.49848165943751,0.0,0.0,0.0,254.7765492708035,0.5741633693333745,5.892563369861432,112.0929986057989,177.69120128034717,4.989866140497609,2.0759300076225875,10.054108023279811,77.34013277203185,0.5555555555555556,7.111111111111111,0.4444444444444444,1.2222222222222223,10.488888888888887,3.888888888888889,3.111111111111111,4.444444444444445,6.966666666666668,0.0,0.0,0.0,252.95555555555555,212.9888888888889,0.5703370931874007,0.4883995958586106,5.333333333333333,166.00555555555556,163.97777777777776,6.111111111111111,3.5555555555555554,8.444444444444445,75.3904853128991,26.982437275985664,22.17487867177522,10.788518518518519,0.3710628798679036,6.827846991091057,0.507266799362765,1.0118031024833594,10.664392347696335,4.077957316242068,2.8299173120267986,4.892933701903111,6.665126253960699,0.0,0.0,0.0,254.7765492708035,217.33444977585452,0.5741633693333745,0.49802768336752545,5.511648738650032,112.3624155045127,163.9266384149377,6.543840472327775,3.2127871276206474,7.557366651354611,74.46386662740318,27.133358336248985,22.34874149513838,10.337040584941848,7.0,3.0,4.0,1.2857142857142858,0.0,1.2857142857142858,10.685714285714283,4.199999999999999,6.485714285714284,5.142857142857143,2.0,3.1428571428571432,0.7142857142857143,0.0,0.7142857142857143
2018-08,27.4415770609319,9.536559139784947,24.333333333333332,17.666666666666668,106.13333333333333,22.77777777777778,20.555555555555557,28.444444444444443,102.98888888888888,25.333333333333332,0.0,0.0,0.0,227.06666666666666,0.5430987705853869,7.666666666666667,156.22666666666666,396.79999999999995,8.88888888888889,3.888888888888889,9.333333333333334,76.6720430107527,24.857142857142858,21.0,3.8571428571428577,18.714285714285715,12.0,6.714285714285715,111.42857142857143,69.3,42.12857142857143,29.857142857142858,21.0,8.857142857142858,26.142857142857142,21.0,5.142857142857142,27.47295276595478,9.165366495666314,23.871703108947674,16.530381828303206,101.80663807676524,21.90358301804289,19.19479747619785,28.72156837575925,108.26318094831034,25.17470582223519,0.0,0.0,0.0,231.8150787613192,0.5542924109686943,7.702296242033462,97.50836079139519,453.3236094743022,8.658447681393243,3.212708448964598,10.164929209551673,76.73204529565437,1.4444444444444444,22.88888888888889,7.111111111111111,16.22222222222222,90.99999999999999,21.555555555555557,21.555555555555557,28.0,88.9,0.0,0.0,0.0,227.06666666666666,252.95555555555555,0.5430987705853869,0.5703370931874007,6.111111111111111,179.69555555555556,170.92222222222222,4.777777777777778,2.111111111111111,10.555555555555555,78.5663082437276,27.4415770609319,26.982437275985664,9.463440860215053,1.4339654991976256,22.568819964456196,6.827846991091057,15.8558318910993,91.04102678118147,21.461413499310545,21.461413499310545,28.102942039241814,97.65968060910623,0.0,0.0,0.0,231.8150787613192,254.7765492708035,0.5542924109686943,0.5741633693333745,5.892563369861432,112.0929986057989,177.69120128034717,4.989866140497609,2.0759300076225875,10.054108023279811,77.34013277203185,27.47295276595478,27.133358336248985,9.023355735112917,23.285714285714285,21.0,2.2857142857142847,16.142857142857142,13.0,3.1428571428571423,92.02857142857142,71.29999999999998,20.728571428571442,29.142857142857142,22.0,7.142857142857142,1.8571428571428572,0.0,1.8571428571428572
2018-09,20.466719576719576,9.813703703703704,1.0,0.0,0.8222222222222224,0.0,0.5555555555555556,5.333333333333333,5.422222222222222,1.0,0.0,0.0,0.0,169.2111111111111,0.4543424599278834,11.11111111111111,123.1222222222222,106.19999999999999,7.444444444444445,2.5555555555555554,8.0,78.83396825396825,1.2857142857142858,0.0,1.2857142857142858,0.0,0.0,0.0,1.0571428571428574,0.0,1.0571428571428574,6.428571428571429,0.0,6.428571428571429,1.2857142857142858,0.0,1.2857142857142858,20.7927217634815,9.16056809151741,1.0808923003032629,0.0,0.6612947534907959,0.0,0.5409692423862703,5.7746988038407405,6.1478325528103674,1.0889142180936895,0.0,0.0,0.0,176.42568582754598,0.4736444633289636,10.550829896582409,79.3560216638891,92.84544254976639,6.753272757747261,2.4372425198764702,5.721492350856661,76.51079378907403,23.666666666666668,24.333333333333332,22.88888888888889,17.666666666666668,106.13333333333333,22.77777777777778,20.555555555555557,28.444444444444443,102.98888888888888,0.0,0.0,0.0,169.2111111111111,227.06666666666666,0.4543424599278834,0.5430987705853869,7.666666666666667,156.22666666666666,396.79999999999995,8.88888888888889,3.888888888888889,9.333333333333334,76.6720430107527,20.466719576719576,27.4415770609319,9.536559139784947,23.49848165943751,23.871703108947674,22.568819964456196,16.530381828303206,101.80663807676524,21.90358301804289,19.19479747619785,28.72156837575925,108.26318094831034,0.0,0.0,0.0,176.42568582754598,231.8150787613192,0.4736444633289636,0.5542924109686943,7.702296242033462,97.50836079139519,453.3236094743022,8.658447681393243,3.212708448964598,10.164929209551673,76.73204529565437,20.7927217634815,27.47295276595478,9.165366495666314,24.857142857142858,21.0,3.8571428571428577,18.714285714285715,12.0,6.714285714285715,111.42857142857143,69.3,42.12857142857143,29.857142857142858,21.0,8.857142857142858,24.142857142857142,21.0,3.1428571428571423
2018-10,12.59247311827957,11.788172043010753,0.0,0.0,0.0,0.0,0.0,0.0,0.0,0.0,0.7777777777777778,0.0,0.21111111111111114,215.77777777777777,0.6160589407899661,5.444444444444445,115.25555555555555,133.58888888888887,8.0,3.2222222222222223,0.1111111111111111,77.38315412186381,0.0,0.0,0.0,0.0,0.0,0.0,0.0,0.0,0.0,0.0,0.0,0.0,0.0,0.0,0.0,12.95823449328082,11.204361171361787,0.0,0.0,0.0,0.0,0.0,0.0,0.0,0.0,0.5070837186860568,0.0,0.15515700590194154,224.22488207981263,0.6404379573648685,5.266622497010453,75.72682166367986,120.02061295286582,7.274260830125969,2.713029546001116,0.0007007851844085065,75.58630203175721,25.333333333333332,1.0,24.333333333333332,0.0,0.8222222222222224,0.0,0.5555555555555556,5.333333333333333,5.422222222222222,0.0,0.0,0.0,215.77777777777777,169.2111111111111,0.6160589407899661,0.4543424599278834,11.11111111111111,123.1222222222222,106.19999999999999,7.444444444444445,2.5555555555555554,8.0,78.83396825396825,12.59247311827957,20.466719576719576,9.813703703703704,25.17470582223519,1.0808923003032629,23.871703108947674,0.0,0.6612947534907959,0.0,0.5409692423862703,5.7746988038407405,6.1478325528103674,0.0,0.0,0.0,224.22488207981263,176.42568582754598,0.6404379573648685,0.4736444633289636,10.550829896582409,79.3560216638891,92.84544254976639,6.753272757747261,2.4372425198764702,5.721492350856661,76.51079378907403,12.95823449328082,20.7927217634815,9.16056809151741,1.2857142857142858,0.0,1.2857142857142858,0.0,0.0,0.0,1.0571428571428574,0.0,1.0571428571428574,6.428571428571429,0.0,6.428571428571429,26.142857142857142,21.0,5.142857142857142
2018-11,7.722222222222222,12.286666666666667,0.0,0.0,0.0,0.0,0.0,0.0,0.0,0.0,8.555555555555555,0.2222222222222222,14.52222222222222,180.55555555555554,0.5832623767135311,7.777777777777778,81.98444444444445,42.72222222222222,4.777777777777778,2.2222222222222223,0.0,75.86888888888888,0.0,0.0,0.0,0.0,0.0,0.0,0.0,0.0,0.0,0.0,0.0,0.0,0.0,0.0,0.0,8.160049304657695,11.281454246656383,0.0,0.0,0.0,0.0,0.0,0.0,0.0,0.0,5.169715814829513,0.06284433103740852,7.654556538235934,184.29732181854695,0.5959064637266281,7.837210266552138,53.08004878906598,44.18971106097178,4.170750898385388,2.0628443310374087,0.0,74.80776579808078,1.0,0.0,1.0,0.0,0.0,0.0,0.0,0.0,0.0,0.7777777777777778,0.0,0.21111111111111114,180.55555555555554,215.77777777777777,0.5832623767135311,0.6160589407899661,5.444444444444445,115.25555555555555,133.58888888888887,8.0,3.2222222222222223,0.1111111111111111,77.38315412186381,7.722222222222222,12.59247311827957,11.788172043010753,1.0889142180936895,0.0,1.0808923003032629,0.0,0.0,0.0,0.0,0.0,0.0,0.5070837186860568,0.0,0.15515700590194154,184.29732181854695,224.22488207981263,0.5959064637266281,0.6404379573648685,5.266622497010453,75.72682166367986,120.02061295286582,7.274260830125969,2.713029546001116,0.0007007851844085065,75.58630203175721,8.160049304657695,12.95823449328082,11.204361171361787,0.0,0.0,0.0,0.0,0.0,0.0,0.0,0.0,0.0,0.0,0.0,0.0,1.2857142857142858,0.0,1.2857142857142858
2018-12,1.125448028673835,9.788172043010753,0.0,0.0,0.0,0.0,0.0,0.0,0.0,0.0,23.666666666666668,12.444444444444445,131.7888888888889,164.10000000000002,0.5394118916439562,9.0,71.86777777777779,32.51111111111111,5.0,2.111111111111111,0.0,67.79032258064517,0.0,0.0,0.0,0.0,0.0,0.0,0.0,0.0,0.0,0.0,0.0,0.0,0.0,0.0,0.0,1.5581805425041737,9.120101674844767,0.0,0.0,0.0,0.0,0.0,0.0,0.0,0.0,21.738460894061213,10.93369236513617,112.53994233045262,178.58782192420657,0.5884379719446822,7.581512417759392,53.52392998655241,35.08034049443325,4.637548153136506,2.003010032705102,0.0,64.94928837420767,0.0,0.0,0.0,0.0,0.0,0.0,0.0,0.0,0.0,8.555555555555555,0.2222222222222222,14.52222222222222,164.10000000000002,180.55555555555554,0.5394118916439562,0.5832623767135311,7.777777777777778,81.98444444444445,42.72222222222222,4.777777777777778,2.2222222222222223,0.0,75.86888888888888,1.125448028673835,7.722222222222222,12.286666666666667,0.0,0.0,0.0,0.0,0.0,0.0,0.0,0.0,0.0,5.169715814829513,0.06284433103740852,7.654556538235934,178.58782192420657,184.29732181854695,0.5884379719446822,0.5959064637266281,7.837210266552138,53.08004878906598,44.18971106097178,4.170750898385388,2.0628443310374087,0.0,74.80776579808078,1.5581805425041737,8.160049304657695,11.281454246656383,0.0,0.0,0.0,0.0,0.0,0.0,0.0,0.0,0.0,0.0,0.0,0.0,0.0,0.0,0.0
2019-01,-0.4068100358422939,10.923655913978495,0.0,0.0,0.0,0.0,0.0,0.0,0.0,0.0,30.333333333333332,16.666666666666668,168.67777777777778,195.44444444444446,0.6266167587519723,4.222222222222222,85.41444444444444,13.177777777777777,3.2222222222222223,1.1111111111111112,0.0,67.38996415770609,0.0,0.0,0.0,0.0,0.0,0.0,0.0,0.0,0.0,0.0,0.0,0.0,0.0,0.0,0.0,0.07404029354366017,10.224963818665904,0.0,0.0,0.0,0.0,0.0,0.0,0.0,0.0,30.289094030818458,13.770976130730514,147.64382327269104,201.34502231899594,0.6460681412108452,3.7414153305369284,79.88146690345208,12.19972545000558,3.255758293021711,1.015161979423188,0.0,66.0320712330975,0.0,0.0,0.0,0.0,0.0,0.0,0.0,0.0,0.0,23.666666666666668,12.444444444444445,131.7888888888889,195.44444444444446,164.10000000000002,0.6266167587519723,0.5394118916439562,9.0,71.86777777777779,32.51111111111111,5.0,2.111111111111111,0.0,67.79032258064517,-0.4068100358422939,1.125448028673835,9.788172043010753,0.0,0.0,0.0,0.0,0.0,0.0,0.0,0.0,0.0,21.738460894061213,10.93369236513617,112.53994233045262,201.34502231899594,178.58782192420657,0.6460681412108452,0.5884379719446822,7.581512417759392,53.52392998655241,35.08034049443325,4.637548153136506,2.003010032705102,0.0,64.94928837420767,0.07404029354366017,1.5581805425041737,9.120101674844767,0.0,0.0,0.0,0.0,0.0,0.0,0.0,0.0,0.0,0.0,0.0,0.0,0.0,0.0,0.0
2019-02,1.732936507936508,10.812301587301587,0.0,0.0,0.0,0.0,0.0,0.0,0.0,0.0,24.666666666666668,7.666666666666667,98.93333333333334,168.66666666666666,0.552950509109378,6.555555555555555,92.10111111111112,36.08888888888889,2.2222222222222223,1.0,0.0,65.66865079365078,0.0,0.0,0.0,0.0,0.0,0.0,0.0,0.0,0.0,0.0,0.0,0.0,0.0,0.0,0.0,2.1042788624711144,10.078881613524546,0.0,0.0,0.0,0.0,0.0,0.0,0.0,0.0,23.58716552472309,5.693606722806522,81.0090565490251,171.73968326639678,0.5633827801135709,6.084869082275259,86.19526850695442,39.220361633770636,2.3000988102534827,1.0,0.0,65.5372128002203,0.0,0.0,0.0,0.0,0.0,0.0,0.0,0.0,0.0,30.333333333333332,16.666666666666668,168.67777777777778,168.66666666666666,195.44444444444446,0.552950509109378,0.6266167587519723,4.222222222222222,85.41444444444444,13.177777777777777,3.2222222222222223,1.1111111111111112,0.0,67.38996415770609,1.732936507936508,-0.4068100358422939,10.923655913978495,0.0,0.0,0.0,0.0,0.0,0.0,0.0,0.0,0.0,30.289094030818458,13.770976130730514,147.64382327269104,171.73968326639678,201.34502231899594,0.5633827801135709,0.6460681412108452,3.7414153305369284,79.88146690345208,12.19972545000558,3.255758293021711,1.015161979423188,0.0,66.0320712330975,2.1042788624711144,0.07404029354366017,10.224963818665904,0.0,0.0,0.0,0.0,0.0,0.0,0.0,0.0,0.0,0.0,0.0,0.0,0.0,0.0,0.0
2019-03,6.641577060931899,12.914695340501792,0.0,0.0,0.0,0.0,0.0,0.0,0.0,0.0,13.666666666666666,0.8888888888888888,32.55555555555556,211.73333333333332,0.5709844646803532,6.222222222222222,132.6211111111111,32.13333333333333,5.888888888888889,2.3333333333333335,0.0,65.48888888888888,0.0,0.0,0.0,0.0,0.0,0.0,0.0,0.0,0.0,0.0,0.0,0.0,0.0,0.0,0.0,7.007546551429746,11.92023609996027,0.0,0.0,0.0,0.0,0.0,0.0,0.0,0.0,10.62959745503047,0.07949724967252582,18.24770909144385,213.22161864930985,0.5749846053268943,6.072601108586835,115.61111919468387,32.05803415593865,5.199275714529879,2.2408160034136677,0.0,66.33497238094016,0.0,0.0,0.0,0.0,0.0,0.0,0.0,0.0,0.0,24.666666666666668,7.666666666666667,98.93333333333334,211.73333333333332,168.66666666666666,0.5709844646803532,0.552950509109378,6.555555555555555,92.10111111111112,36.08888888888889,2.2222222222222223,1.0,0.0,65.66865079365078,6.641577060931899,1.732936507936508,10.812301587301587,0.0,0.0,0.0,0.0,0.0,0.0,0.0,0.0,0.0,23.58716552472309,5.693606722806522,81.0090565490251,213.22161864930985,171.73968326639678,0.5749846053268943,0.5633827801135709,6.084869082275259,86.19526850695442,39.220361633770636,2.3000988102534827,1.0,0.0,65.5372128002203,7.007546551429746,2.1042788624711144,10.078881613524546,0.0,0.0,0.0,0.0,0.0,0.0,0.0,0.0,0.0,0.0,0.0,0.0,0.0,0.0,0.0
2019-04,11.530740740740741,12.217777777777776,0.0,0.0,0.0,0.0,0.0,0.0,0.0,0.0,4.333333333333333,0.2222222222222222,9.155555555555557,184.54444444444445,0.46994567290152034,9.777777777777779,134.71666666666667,88.67777777777778,7.222222222222222,2.5555555555555554,0.1111111111111111,68.64407407407407,0.0,0.0,0.0,0.0,0.0,0.0,0.0,0.0,0.0,0.0,0.0,0.0,0.0,0.0,0.0,11.86011205966599,11.43419280632307,0.0,0.0,0.0,0.0,0.0,0.0,0.0,0.0,2.3633240355093514,0.058631672717454925,4.626499365205324,191.93400798284011,0.48856393897997924,8.64210767511307,112.63076401474723,83.92361394622357,6.976359146895232,2.4405147368139906,0.0016908962832620957,68.60797160703996,0.0,0.0,0.0,0.0,0.0,0.0,0.0,0.0,0.0,13.666666666666666,0.8888888888888888,32.55555555555556,184.54444444444445,211.73333333333332,0.46994567290152034,0.5709844646803532,6.222222222222222,132.6211111111111,32.13333333333333,5.888888888888889,2.3333333333333335,0.0,65.48888888888888,11.530740740740741,6.641577060931899,12.914695340501792,0.0,0.0,0.0,0.0,0.0,0.0,0.0,0.0,0.0,10.62959745503047,0.07949724967252582,18.24770909144385,191.93400798284011,213.22161864930985,0.48856393897997924,0.5749846053268943,6.072601108586835,115.61111919468387,32.05803415593865,5.199275714529879,2.2408160034136677,0.0,66.33497238094016,11.86011205966599,7.007546551429746,11.92023609996027,0.0,0.0,0.0,0.0,0.0,0.0,0.0,0.0,0.0,0.0,0.0,0.0,0.0,0.0,0.0
2019-05,17.617873357228195,14.54014336917563,2.2222222222222223,0.0,1.3666666666666663,0.0,1.1111111111111112,0.1111111111111111,0.0,0.0,0.0,0.0,0.0,283.2555555555556,0.6506205846884119,3.0,197.4177777777778,59.71111111111111,4.666666666666667,2.5555555555555554,0.3333333333333333,62.811397849462374,2.4285714285714284,0.0,2.4285714285714284,0.0,0.0,0.0,1.571428571428571,0.0,1.571428571428571,0.14285714285714285,0.0,0.14285714285714285,0.0,0.0,0.0,17.83217510946686,13.504488024925651,1.990367821991138,0.0,1.365286110253854,0.0,1.2648767986186216,0.0007617543668718279,0.0,0.0,0.0,0.0,0.0,290.5260399282864,0.6667578427888592,3.0,148.9248184273993,49.35604555816461,4.461845852019125,2.7248299954990225,0.18685786860471462,62.97727950018599,0.0,0.0,0.0,0.0,0.0,0.0,0.0,0.0,0.0,4.333333333333333,0.2222222222222222,9.155555555555557,283.2555555555556,184.54444444444445,0.6506205846884119,0.46994567290152034,9.777777777777779,134.71666666666667,88.67777777777778,7.222222222222222,2.5555555555555554,0.1111111111111111,68.64407407407407,17.617873357228195,11.530740740740741,12.217777777777776,0.0,0.0,0.0,0.0,0.0,0.0,0.0,0.0,0.0,2.3633240355093514,0.058631672717454925,4.626499365205324,290.5260399282864,191.93400798284011,0.6667578427888592,0.48856393897997924,8.64210767511307,112.63076401474723,83.92361394622357,6.976359146895232,2.4405147368139906,0.0016908962832620957,68.60797160703996,17.83217510946686,11.86011205966599,11.43419280632307,0.0,0.0,0.0,0.0,0.0,0.0,0.0,0.0,0.0,0.0,0.0,0.0,0.0,0.0,0.0
2019-06,21.007037037037037,10.117407407407407,3.3333333333333335,0.0,3.955555555555554,1.3333333333333333,2.0,3.111111111111111,2.2000000000000006,0.1111111111111111,0.0,0.0,0.0,204.46666666666667,0.4688619961965561,8.0,163.00333333333333,116.35555555555555,7.333333333333333,2.7777777777777777,6.333333333333333,78.11316872427983,3.142857142857143,3.0,0.1428571428571428,0.0,0.0,0.0,3.699999999999998,1.1000000000000014,2.5999999999999965,3.5714285714285716,0.0,3.5714285714285716,0.14285714285714285,0.0,0.14285714285714285,21.268290036039556,9.706157910082137,4.093541241660385,0.0,4.1816838632754685,1.4613716724368,2.1431253976120126,3.6745569862962943,2.91803882664483,0.3802457357898598,0.0,0.0,0.0,216.9738641859949,0.49725343439363073,7.870487833888967,111.01310532558195,140.44309821674992,8.008289751062529,2.5352592922175234,6.982089772399408,77.58599684269305,0.0,2.2222222222222223,0.0,0.0,1.3666666666666663,0.0,1.1111111111111112,0.1111111111111111,0.0,0.0,0.0,0.0,204.46666666666667,283.2555555555556,0.4688619961965561,0.6506205846884119,3.0,197.4177777777778,59.71111111111111,4.666666666666667,2.5555555555555554,0.3333333333333333,62.811397849462374,21.007037037037037,17.617873357228195,14.54014336917563,0.0,1.990367821991138,0.0,0.0,1.365286110253854,0.0,1.2648767986186216,0.0007617543668718279,0.0,0.0,0.0,0.0,216.9738641859949,290.5260399282864,0.49725343439363073,0.6667578427888592,3.0,148.9248184273993,49.35604555816461,4.461845852019125,2.7248299954990225,0.18685786860471462,62.97727950018599,21.268290036039556,17.83217510946686,13.504488024925651,2.4285714285714284,0.0,2.4285714285714284,0.0,0.0,0.0,1.571428571428571,0.0,1.571428571428571,0.14285714285714285,0.0,0.14285714285714285,0.0,0.0,0.0
2019-07,24.634767025089605,7.968458781362007,11.88888888888889,1.7777777777777777,20.266666666666666,8.88888888888889,4.0,18.22222222222222,54.644444444444446,13.0,0.0,0.0,0.0,149.3777777777778,0.33669543783321826,13.0,139.11666666666667,248.85555555555558,11.0,3.7777777777777777,15.444444444444445,81.49808841099164,12.857142857142858,6.0,6.857142857142858,2.142857142857143,0.0,2.142857142857143,22.642857142857142,4.299999999999997,18.342857142857145,19.714285714285715,12.0,7.714285714285715,14.0,9.0,5.0,24.782387001510774,7.709040950361009,11.610127971106678,1.48054945753589,19.827223038490747,7.73863010401639,3.3757140661781286,19.789469831305112,57.08074323163847,13.645624805537818,0.0,0.0,0.0,153.69288841069525,0.3462519707008389,12.34059641801311,85.27562424603595,267.35769709292964,10.656982186073513,3.842149296414923,17.068439217452372,81.6562760020282,0.0,3.3333333333333335,2.2222222222222223,0.0,3.955555555555554,1.3333333333333333,2.0,3.111111111111111,2.2000000000000006,0.0,0.0,0.0,149.3777777777778,204.46666666666667,0.33669543783321826,0.4688619961965561,8.0,163.00333333333333,116.35555555555555,7.333333333333333,2.7777777777777777,6.333333333333333,78.11316872427983,24.634767025089605,21.007037037037037,10.117407407407407,0.0,4.093541241660385,1.990367821991138,0.0,4.1816838632754685,1.4613716724368,2.1431253976120126,3.6745569862962943,2.91803882664483,0.0,0.0,0.0,153.69288841069525,216.9738641859949,0.3462519707008389,0.49725343439363073,7.870487833888967,111.01310532558195,140.44309821674992,8.008289751062529,2.5352592922175234,6.982089772399408,77.58599684269305,24.782387001510774,21.268290036039556,9.706157910082137,3.142857142857143,3.0,0.1428571428571428,0.0,0.0,0.0,3.699999999999998,1.1000000000000014,2.5999999999999965,3.5714285714285716,0.0,3.5714285714285716,0.0,0.0,0.0
2019-08,25.903560334528077,8.951971326164873,19.77777777777778,10.333333333333334,55.111111111111114,17.77777777777778,12.333333333333334,24.0,74.22222222222223,19.666666666666668,0.0,0.0,0.0,198.08888888888887,0.4734624943826188,7.222222222222222,148.4788888888889,140.3111111111111,8.666666666666666,2.5555555555555554,14.555555555555555,80.73592592592593,20.714285714285715,13.0,7.714285714285715,11.285714285714286,5.0,6.2857142857142865,58.74285714285715,31.299999999999997,27.44285714285715,25.857142857142858,15.0,10.857142857142858,21.142857142857142,14.0,7.142857142857142,26.09257077684803,8.634709408811968,19.92578903666223,10.47526616242488,54.54359386769396,18.354801978442325,13.15514853350457,25.377040033673623,81.40480422998783,20.501677099235096,0.0,0.0,0.0,211.9170307908383,0.5062794392129818,6.749779829418963,94.39417459642183,116.78934940766106,8.104906068037648,2.6632678746623335,14.490095106834083,80.87199716249727,0.1111111111111111,11.88888888888889,3.3333333333333335,1.7777777777777777,20.266666666666666,8.88888888888889,4.0,18.22222222222222,54.644444444444446,0.0,0.0,0.0,198.08888888888887,149.3777777777778,0.4734624943826188,0.33669543783321826,13.0,139.11666666666667,248.85555555555558,11.0,3.7777777777777777,15.444444444444445,81.49808841099164,25.903560334528077,24.634767025089605,7.968458781362007,0.3802457357898598,11.610127971106678,4.093541241660385,1.48054945753589,19.827223038490747,7.73863010401639,3.3757140661781286,19.789469831305112,57.08074323163847,0.0,0.0,0.0,211.9170307908383,153.69288841069525,0.5062794392129818,0.3462519707008389,12.34059641801311,85.27562424603595,267.35769709292964,10.656982186073513,3.842149296414923,17.068439217452372,81.6562760020282,26.09257077684803,24.782387001510774,7.709040950361009,12.857142857142858,6.0,6.857142857142858,2.142857142857143,0.0,2.142857142857143,22.642857142857142,4.299999999999997,18.342857142857145,19.714285714285715,12.0,7.714285714285715,0.14285714285714285,0.0,0.14285714285714285
2019-09,21.672120051085567,9.016296296296296,2.111111111111111,0.0,1.3555555555555554,0.3333333333333333,1.1111111111111112,9.777777777777779,14.833333333333334,2.888888888888889,0.0,0.0,0.0,140.16666666666666,0.3760371468763423,13.444444444444445,114.40111111111112,211.83333333333334,10.222222222222221,5.222222222222222,14.11111111111111,82.47898741105638,2.4285714285714284,0.0,2.4285714285714284,0.0,0.0,0.0,1.6285714285714283,0.0,1.6285714285714283,11.0,4.0,7.0,3.2857142857142856,1.0,2.2857142857142856,21.952675995493248,8.620476429378787,2.8760537734731395,0.0,1.845261188366314,0.0256974301940805,1.2719656092822176,9.420898075607107,16.621394172949273,3.623120216578894,0.0,0.0,0.0,143.68646995538575,0.38543507315241854,13.720946093108774,70.46050679541166,185.7800960087681,9.210040418363903,2.771867805012139,13.79527261279749,82.26348588995056,13.0,19.77777777777778,11.88888888888889,10.333333333333334,55.111111111111114,17.77777777777778,12.333333333333334,24.0,74.22222222222223,0.0,0.0,0.0,140.16666666666666,198.08888888888887,0.3760371468763423,0.4734624943826188,7.222222222222222,148.4788888888889,140.3111111111111,8.666666666666666,2.5555555555555554,14.555555555555555,80.73592592592593,21.672120051085567,25.903560334528077,8.951971326164873,13.645624805537818,19.92578903666223,11.610127971106678,10.47526616242488,54.54359386769396,18.354801978442325,13.15514853350457,25.377040033673623,81.40480422998783,0.0,0.0,0.0,143.68646995538575,211.9170307908383,0.38543507315241854,0.5062794392129818,6.749779829418963,94.39417459642183,116.78934940766106,8.104906068037648,2.6632678746623335,14.490095106834083,80.87199716249727,21.952675995493248,26.09257077684803,8.634709408811968,20.714285714285715,13.0,7.714285714285715,11.285714285714286,5.0,6.2857142857142865,58.74285714285715,31.299999999999997,27.44285714285715,25.857142857142858,15.0,10.857142857142858,14.0,9.0,5.0
2019-10,15.374551971326165,10.968817204301075,0.0,0.0,0.0,0.0,0.0,0.1111111111111111,0.022222222222222143,0.0,0.1111111111111111,0.0,0.14444444444444446,198.8777777777778,0.567359893255372,6.888888888888889,137.85888888888888,120.84444444444443,4.333333333333333,2.7777777777777777,1.7777777777777777,78.33995135688684,0.0,0.0,0.0,0.0,0.0,0.0,0.0,0.0,0.0,0.14285714285714285,0.0,0.14285714285714285,0.0,0.0,0.0,15.913296139534385,10.24834330436377,0.0,0.0,0.0,0.0,0.0,0.39482745626190235,0.0789654912523802,0.0,0.08166158205365344,0.0,0.10616005666974948,208.48423145479165,0.5948913436778657,5.883934167070602,73.37906221754348,124.96542820904895,3.916808372691535,2.4380900864941464,1.6780930379157153,76.11874946490566,19.666666666666668,2.111111111111111,19.77777777777778,0.0,1.3555555555555554,0.3333333333333333,1.1111111111111112,9.777777777777779,14.833333333333334,0.0,0.0,0.0,198.8777777777778,140.16666666666666,0.567359893255372,0.3760371468763423,13.444444444444445,114.40111111111112,211.83333333333334,10.222222222222221,5.222222222222222,14.11111111111111,82.47898741105638,15.374551971326165,21.672120051085567,9.016296296296296,20.501677099235096,2.8760537734731395,19.92578903666223,0.0,1.845261188366314,0.0256974301940805,1.2719656092822176,9.420898075607107,16.621394172949273,0.0,0.0,0.0,208.48423145479165,143.68646995538575,0.5948913436778657,0.38543507315241854,13.720946093108774,70.46050679541166,185.7800960087681,9.210040418363903,2.771867805012139,13.79527261279749,82.26348588995056,15.913296139534385,21.952675995493248,8.620476429378787,2.4285714285714284,0.0,2.4285714285714284,0.0,0.0,0.0,1.6285714285714283,0.0,1.6285714285714283,11.0,4.0,7.0,21.142857142857142,14.0,7.142857142857142
2019-11,8.58344827586207,12.675632183908046,0.0,0.0,0.0,0.0,0.0,0.0,0.0,0.0,8.88888888888889,0.6666666666666666,19.044444444444444,172.72222222222223,0.5576197608608521,6.888888888888889,105.62333333333333,50.21111111111111,3.888888888888889,1.7777777777777777,0.0,72.70922368180989,0.0,0.0,0.0,0.0,0.0,0.0,0.0,0.0,0.0,0.0,0.0,0.0,0.0,0.0,0.0,9.080591537604901,11.98587624339687,0.0,0.0,0.0,0.0,0.0,0.0,0.0,0.0,7.076061999485511,0.4510557868605504,12.552115342135027,183.81586118682313,0.5940634814480605,6.2437098627162015,56.51482577921019,70.76365344554733,3.8679426673444297,1.6320331764178435,0.0,70.32596715291287,2.888888888888889,0.0,2.111111111111111,0.0,0.0,0.0,0.0,0.1111111111111111,0.022222222222222143,0.1111111111111111,0.0,0.14444444444444446,172.72222222222223,198.8777777777778,0.5576197608608521,0.567359893255372,6.888888888888889,137.85888888888888,120.84444444444443,4.333333333333333,2.7777777777777777,1.7777777777777777,78.33995135688684,8.58344827586207,15.374551971326165,10.968817204301075,3.623120216578894,0.0,2.8760537734731395,0.0,0.0,0.0,0.0,0.39482745626190235,0.0789654912523802,0.08166158205365344,0.0,0.10616005666974948,183.81586118682313,208.48423145479165,0.5940634814480605,0.5948913436778657,5.883934167070602,73.37906221754348,124.96542820904895,3.916808372691535,2.4380900864941464,1.6780930379157153,76.11874946490566,9.080591537604901,15.913296139534385,10.24834330436377,0.0,0.0,0.0,0.0,0.0,0.0,0.0,0.0,0.0,0.14285714285714285,0.0,0.14285714285714285,3.2857142857142856,1.0,2.2857142857142856
2019-12,2.844731359358723,9.823655913978493,0.0,0.0,0.0,0.0,0.0,0.0,0.0,0.0,21.0,5.666666666666667,78.68888888888888,151.7,0.4986451596552809,10.333333333333334,76.92333333333333,32.93333333333334,5.333333333333333,1.4444444444444444,0.0,71.22142901283613,0.0,0.0,0.0,0.0,0.0,0.0,0.0,0.0,0.0,0.0,0.0,0.0,0.0,0.0,0.0,3.230020536771168,9.458830235881948,0.0,0.0,0.0,0.0,0.0,0.0,0.0,0.0,19.612777055042137,4.19143577685622,64.2796694431096,167.88268656883437,0.5530719127802525,8.73682037823003,53.21991751237063,33.865909798816055,5.58650339237624,1.216817316989963,0.0,68.51770048824872,0.0,0.0,0.0,0.0,0.0,0.0,0.0,0.0,0.0,8.88888888888889,0.6666666666666666,19.044444444444444,151.7,172.72222222222223,0.4986451596552809,0.5576197608608521,6.888888888888889,105.62333333333333,50.21111111111111,3.888888888888889,1.7777777777777777,0.0,72.70922368180989,2.844731359358723,8.58344827586207,12.675632183908046,0.0,0.0,0.0,0.0,0.0,0.0,0.0,0.0,0.0,7.076061999485511,0.4510557868605504,12.552115342135027,167.88268656883437,183.81586118682313,0.5530719127802525,0.5940634814480605,6.2437098627162015,56.51482577921019,70.76365344554733,3.8679426673444297,1.6320331764178435,0.0,70.32596715291287,3.230020536771168,9.080591537604901,11.98587624339687,0.0,0.0,0.0,0.0,0.0,0.0,0.0,0.0,0.0,0.0,0.0,0.0,0.0,0.0,0.0
2020-01,2.543690520331232,8.82078853046595,0.0,0.0,0.0,0.0,0.0,0.0,0.0,0.0,20.77777777777778,5.111111111111111,70.87777777777778,115.8111111111111,0.3715394194053115,14.444444444444445,72.19111111111111,75.66666666666667,6.222222222222222,3.0,0.0,75.9761834136695,0.0,0.0,0.0,0.0,0.0,0.0,0.0,0.0,0.0,0.0,0.0,0.0,0.0,0.0,0.0,2.9611801282948123,8.557529119706226,0.0,0.0,0.0,0.0,0.0,0.0,0.0,0.0,19.42522500956537,3.2526103777331152,57.79395345283386,129.52790563904077,0.4159881572444383,12.17411594130392,63.74479996005573,69.93046970881032,5.403146228574309,3.0,0.0,72.69904077746062,0.0,0.0,0.0,0.0,0.0,0.0,0.0,0.0,0.0,21.0,5.666666666666667,78.68888888888888,115.8111111111111,151.7,0.3715394194053115,0.4986451596552809,10.333333333333334,76.92333333333333,32.93333333333334,5.333333333333333,1.4444444444444444,0.0,71.22142901283613,2.543690520331232,2.844731359358723,9.823655913978493,0.0,0.0,0.0,0.0,0.0,0.0,0.0,0.0,0.0,19.612777055042137,4.19143577685622,64.2796694431096,129.52790563904077,167.88268656883437,0.4159881572444383,0.5530719127802525,8.73682037823003,53.21991751237063,33.865909798816055,5.58650339237624,1.216817316989963,0.0,68.51770048824872,2.9611801282948123,3.230020536771168,9.458830235881948,0.0,0.0,0.0,0.0,0.0,0.0,0.0,0.0,0.0,0.0,0.0,0.0,0.0,0.0,0.0
2020-02,3.3161877394636017,10.662835249042146,0.0,0.0,0.0,0.0,0.0,0.0,0.0,0.0,19.11111111111111,6.888888888888889,80.97777777777779,178.11111111111111,0.5633274754794532,6.777777777777778,106.28888888888889,59.455555555555556,8.222222222222221,2.888888888888889,0.0,73.65743021346469,0.0,0.0,0.0,0.0,0.0,0.0,0.0,0.0,0.0,0.0,0.0,0.0,0.0,0.0,0.0,3.6103267485632426,10.161233820567853,0.0,0.0,0.0,0.0,0.0,0.0,0.0,0.0,18.156405722165978,5.792886722416419,68.89097592159611,185.13788240978474,0.5861818774579949,7.2795846402130495,90.87220391316112,62.32654085578122,8.210953979948485,2.7647537527190655,0.0,72.00873656485871,0.0,0.0,0.0,0.0,0.0,0.0,0.0,0.0,0.0,20.77777777777778,5.111111111111111,70.87777777777778,178.11111111111111,115.8111111111111,0.5633274754794532,0.3715394194053115,14.444444444444445,72.19111111111111,75.66666666666667,6.222222222222222,3.0,0.0,75.9761834136695,3.3161877394636017,2.543690520331232,8.82078853046595,0.0,0.0,0.0,0.0,0.0,0.0,0.0,0.0,0.0,19.42522500956537,3.2526103777331152,57.79395345283386,185.13788240978474,129.52790563904077,0.5861818774579949,0.4159881572444383,12.17411594130392,63.74479996005573,69.93046970881032,5.403146228574309,3.0,0.0,72.69904077746062,3.6103267485632426,2.9611801282948123,8.557529119706226,0.0,0.0,0.0,0.0,0.0,0.0,0.0,0.0,0.0,0.0,0.0,0.0,0.0,0.0,0.0
2020-03,7.248745519713261,12.632616487455197,0.0,0.0,0.0,0.0,0.0,0.0,0.0,0.0,12.11111111111111,1.0,24.833333333333332,232.84444444444443,0.6263915485471236,6.333333333333333,165.36444444444447,34.56666666666667,4.666666666666667,2.0,0.0,65.27741935483871,0.0,0.0,0.0,0.0,0.0,0.0,0.0,0.0,0.0,0.0,0.0,0.0,0.0,0.0,0.0,7.606809517532137,12.112982584830725,0.0,0.0,0.0,0.0,0.0,0.0,0.0,0.0,8.640550499476285,0.4078334131430283,15.924406619679715,243.12890047043032,0.654155188325682,5.904853834767597,133.36812823816197,26.323276231471322,4.6572982432822485,2.0,0.0,64.16383123174235,0.0,0.0,0.0,0.0,0.0,0.0,0.0,0.0,0.0,19.11111111111111,6.888888888888889,80.97777777777779,232.84444444444443,178.11111111111111,0.6263915485471236,0.5633274754794532,6.777777777777778,106.28888888888889,59.455555555555556,8.222222222222221,2.888888888888889,0.0,73.65743021346469,7.248745519713261,3.3161877394636017,10.662835249042146,0.0,0.0,0.0,0.0,0.0,0.0,0.0,0.0,0.0,18.156405722165978,5.792886722416419,68.89097592159611,243.12890047043032,185.13788240978474,0.654155188325682,0.5861818774579949,7.2795846402130495,90.87220391316112,62.32654085578122,8.210953979948485,2.7647537527190655,0.0,72.00873656485871,7.606809517532137,3.6103267485632426,10.161233820567853,0.0,0.0,0.0,0.0,0.0,0.0,0.0,0.0,0.0,0.0,0.0,0.0,0.0,0.0,0.0
2020-04,9.76131545338442,13.155555555555557,0.0,0.0,0.0,0.0,0.0,0.0,0.0,0.0,4.444444444444445,0.1111111111111111,7.066666666666667,271.70000000000005,0.6906021749269946,3.6666666666666665,204.5622222222222,36.76666666666667,3.6666666666666665,2.2222222222222223,0.0,61.330063856960415,0.0,0.0,0.0,0.0,0.0,0.0,0.0,0.0,0.0,0.0,0.0,0.0,0.0,0.0,0.0,10.205457675130695,12.521882979643387,0.0,0.0,0.0,0.0,0.0,0.0,0.0,0.0,2.3992833049437277,0.029315836358727462,3.168927147674687,275.7558499301417,0.7006949484614363,3.5883993526086875,154.35483086273732,33.21865213645991,3.5358444100812423,2.1079318859336627,0.0,60.829684554542794,0.0,0.0,0.0,0.0,0.0,0.0,0.0,0.0,0.0,12.11111111111111,1.0,24.833333333333332,271.70000000000005,232.84444444444443,0.6906021749269946,0.6263915485471236,6.333333333333333,165.36444444444447,34.56666666666667,4.666666666666667,2.0,0.0,65.27741935483871,9.76131545338442,7.248745519713261,12.632616487455197,0.0,0.0,0.0,0.0,0.0,0.0,0.0,0.0,0.0,8.640550499476285,0.4078334131430283,15.924406619679715,275.7558499301417,243.12890047043032,0.7006949484614363,0.654155188325682,5.904853834767597,133.36812823816197,26.323276231471322,4.6572982432822485,2.0,0.0,64.16383123174235,10.205457675130695,7.606809517532137,12.112982584830725,0.0,0.0,0.0,0.0,0.0,0.0,0.0,0.0,0.0,0.0,0.0,0.0,0.0,0.0,0.0
2020-05,17.625448028673834,10.855913978494623,0.0,0.0,0.0,0.0,0.0,0.0,0.0,0.0,0.0,0.0,0.0,207.56666666666666,0.4761157070972095,9.11111111111111,186.31,89.12222222222222,7.0,2.2222222222222223,1.2222222222222223,74.8415770609319,0.0,0.0,0.0,0.0,0.0,0.0,0.0,0.0,0.0,0.0,0.0,0.0,0.0,0.0,0.0,17.849132051901787,10.51237623481091,0.0,0.0,0.0,0.0,0.0,0.0,0.0,0.0,0.0,0.0,0.0,212.49894562390173,0.4870846565438519,8.655872002342095,124.81282350046847,86.14092582646691,7.656169719350527,2.4271283296120694,1.7948724439029249,74.0898163026629,0.0,0.0,0.0,0.0,0.0,0.0,0.0,0.0,0.0,4.444444444444445,0.1111111111111111,7.066666666666667,207.56666666666666,271.70000000000005,0.4761157070972095,0.6906021749269946,3.6666666666666665,204.5622222222222,36.76666666666667,3.6666666666666665,2.2222222222222223,0.0,61.330063856960415,17.625448028673834,9.76131545338442,13.155555555555557,0.0,0.0,0.0,0.0,0.0,0.0,0.0,0.0,0.0,2.3992833049437277,0.029315836358727462,3.168927147674687,212.49894562390173,275.7558499301417,0.4870846565438519,0.7006949484614363,3.5883993526086875,154.35483086273732,33.21865213645991,3.5358444100812423,2.1079318859336627,0.0,60.829684554542794,17.849132051901787,10.205457675130695,12.521882979643387,0.0,0.0,0.0,0.0,0.0,0.0,0.0,0.0,0.0,0.0,0.0,0.0,0.0,0.0,0.0
2020-06,22.52185185185185,9.551481481481481,8.666666666666666,1.1111111111111112,13.566666666666666,6.333333333333333,4.666666666666667,6.333333333333333,5.01111111111111,2.4444444444444446,0.0,0.0,0.0,177.05555555555554,0.40590360850388757,9.222222222222221,171.1488888888889,174.5111111111111,10.666666666666666,5.0,11.0,79.54074074074074,9.142857142857142,6.0,3.1428571428571423,1.4285714285714286,0.0,1.4285714285714286,15.457142857142856,5.0000000000000036,10.457142857142852,7.428571428571429,2.0,5.428571428571429,3.142857142857143,0.0,3.142857142857143,22.817033986498917,9.467235755265781,10.162384381098038,1.79327551150225,17.638750166161568,8.251884462313425,5.37095124722372,7.361228986608015,5.4783227764823605,3.9960069538532426,0.0,0.0,0.0,190.88189943050378,0.4374008890594696,9.004417105602359,99.17529127385824,203.51593035564522,11.541760580638968,5.0,10.362436265460737,78.61794302903876,0.0,0.0,0.0,0.0,0.0,0.0,0.0,0.0,0.0,0.0,0.0,0.0,177.05555555555554,207.56666666666666,0.40590360850388757,0.4761157070972095,9.11111111111111,186.31,89.12222222222222,7.0,2.2222222222222223,1.2222222222222223,74.8415770609319,22.52185185185185,17.625448028673834,10.855913978494623,0.0,0.0,0.0,0.0,0.0,0.0,0.0,0.0,0.0,0.0,0.0,0.0,190.88189943050378,212.49894562390173,0.4374008890594696,0.4870846565438519,8.655872002342095,124.81282350046847,86.14092582646691,7.656169719350527,2.4271283296120694,1.7948724439029249,74.0898163026629,22.817033986498917,17.849132051901787,10.51237623481091,0.0,0.0,0.0,0.0,0.0,0.0,0.0,0.0,0.0,0.0,0.0,0.0,0.0,0.0,0.0
2020-07,22.806236559139784,6.4,2.888888888888889,0.0,1.6111111111111116,0.4444444444444444,1.3333333333333333,16.11111111111111,25.18888888888889,4.555555555555555,0.0,0.0,0.0,79.1,0.1784306060121217,20.11111111111111,115.35000000000001,527.7,17.666666666666668,7.0,16.88888888888889,87.69059737156512,3.7142857142857144,0.0,3.7142857142857144,0.0,0.0,0.0,2.071428571428572,0.0,2.071428571428572,17.571428571428573,9.0,8.571428571428573,5.714285714285714,0.0,5.714285714285714,23.002274797595593,6.424511728041221,3.645691239433258,0.0,2.146228515567769,0.03616448256661196,1.4764315432112134,16.885445821945133,27.645455373381814,5.841165385117939,0.0,0.0,0.0,89.52258334556606,0.20185341642502863,19.205475123492068,62.867772448126935,543.717037303404,17.106371477056097,6.2530214091848615,15.24894597890529,87.04074536478198,0.0,8.666666666666666,0.0,1.1111111111111112,13.566666666666666,6.333333333333333,4.666666666666667,6.333333333333333,5.01111111111111,0.0,0.0,0.0,79.1,177.05555555555554,0.1784306060121217,0.40590360850388757,9.222222222222221,171.1488888888889,174.5111111111111,10.666666666666666,5.0,11.0,79.54074074074074,22.806236559139784,22.52185185185185,9.551481481481481,0.0,10.162384381098038,0.0,1.79327551150225,17.638750166161568,8.251884462313425,5.37095124722372,7.361228986608015,5.4783227764823605,0.0,0.0,0.0,89.52258334556606,190.88189943050378,0.20185341642502863,0.4374008890594696,9.004417105602359,99.17529127385824,203.51593035564522,11.541760580638968,5.0,10.362436265460737,78.61794302903876,23.002274797595593,22.817033986498917,9.467235755265781,9.142857142857142,6.0,3.1428571428571423,1.4285714285714286,0.0,1.4285714285714286,15.457142857142856,5.0000000000000036,10.457142857142852,7.428571428571429,2.0,5.428571428571429,0.0,0.0,0.0
2020-08,26.868817204301074,7.376344086021506,24.0,6.333333333333333,50.888888888888886,21.333333333333332,15.666666666666666,30.555555555555557,117.27777777777777,27.88888888888889,0.0,0.0,0.0,152.23333333333332,0.3645327842122821,12.333333333333334,148.35555555555555,560.0222222222222,13.777777777777779,7.222222222222222,21.666666666666668,84.07383512544803,25.857142857142858,16.0,9.857142857142858,8.0,1.0,7.0,59.2,17.10000000000001,42.099999999999994,31.0,27.0,4.0,29.142857142857142,22.0,7.142857142857142,26.962730726017135,7.302079505885182,24.00230490536918,6.407077437828974,52.471106462792484,22.07241886009643,14.305859210857264,30.63928161368471,120.45402499889445,27.913005934678903,0.0,0.0,0.0,164.55786636408905,0.39384902171538877,12.346657662177718,79.53751726030082,577.2479898006565,14.5079093913,7.816002102376793,21.72721747638757,84.02701544913303,2.4444444444444446,2.888888888888889,8.666666666666666,0.0,1.6111111111111116,0.4444444444444444,1.3333333333333333,16.11111111111111,25.18888888888889,0.0,0.0,0.0,152.23333333333332,79.1,0.3645327842122821,0.1784306060121217,20.11111111111111,115.35000000000001,527.7,17.666666666666668,7.0,16.88888888888889,87.69059737156512,26.868817204301074,22.806236559139784,6.4,3.9960069538532426,3.645691239433258,10.162384381098038,0.0,2.146228515567769,0.03616448256661196,1.4764315432112134,16.885445821945133,27.645455373381814,0.0,0.0,0.0,164.55786636408905,89.52258334556606,0.39384902171538877,0.20185341642502863,19.205475123492068,62.867772448126935,543.717037303404,17.106371477056097,6.2530214091848615,15.24894597890529,87.04074536478198,26.962730726017135,23.002274797595593,6.424511728041221,3.7142857142857144,0.0,3.7142857142857144,0.0,0.0,0.0,2.071428571428572,0.0,2.071428571428572,17.571428571428573,9.0,8.571428571428573,3.142857142857143,0.0,3.142857142857143
2020-09,20.221111111111114,8.99074074074074,0.8888888888888888,0.0,1.2777777777777777,0.0,0.8888888888888888,4.111111111111111,6.544444444444444,1.1111111111111112,0.0,0.0,0.0,155.35555555555553,0.41775403540573924,9.222222222222221,128.82222222222222,197.86666666666667,9.88888888888889,2.888888888888889,9.666666666666666,82.4025925925926,1.0,0.0,1.0,0.0,0.0,0.0,1.557142857142857,0.0,1.557142857142857,4.857142857142857,1.0,3.8571428571428568,1.2857142857142858,0.0,1.2857142857142858,20.543815685947667,8.694385593933772,0.9146479163744433,0.0,1.2617499216880386,0.0,0.9146479163744433,4.04026969925976,6.570747790347922,1.2644459836868016,0.0,0.0,0.0,163.48428743770992,0.43962823801984907,8.918739884677032,71.80595217514467,189.15579099150338,10.354290854367731,3.2343339991012603,8.868216066940883,80.45539310260472,4.555555555555555,24.0,2.888888888888889,6.333333333333333,50.888888888888886,21.333333333333332,15.666666666666666,30.555555555555557,117.27777777777777,0.0,0.0,0.0,155.35555555555553,152.23333333333332,0.41775403540573924,0.3645327842122821,12.333333333333334,148.35555555555555,560.0222222222222,13.777777777777779,7.222222222222222,21.666666666666668,84.07383512544803,20.221111111111114,26.868817204301074,7.376344086021506,5.841165385117939,24.00230490536918,3.645691239433258,6.407077437828974,52.471106462792484,22.07241886009643,14.305859210857264,30.63928161368471,120.45402499889445,0.0,0.0,0.0,163.48428743770992,164.55786636408905,0.43962823801984907,0.39384902171538877,12.346657662177718,79.53751726030082,577.2479898006565,14.5079093913,7.816002102376793,21.72721747638757,84.02701544913303,20.543815685947667,26.962730726017135,7.302079505885182,25.857142857142858,16.0,9.857142857142858,8.0,1.0,7.0,59.2,17.10000000000001,42.099999999999994,31.0,27.0,4.0,5.714285714285714,0.0,5.714285714285714
2020-10,13.633333333333333,12.118637992831541,0.0,0.0,0.0,0.0,0.0,0.0,0.0,0.0,0.2222222222222222,0.0,0.2666666666666667,217.05555555555554,0.6228959622746415,5.333333333333333,134.30555555555554,7.622222222222222,2.4444444444444446,1.6666666666666667,0.5555555555555556,72.05448028673835,0.0,0.0,0.0,0.0,0.0,0.0,0.0,0.0,0.0,0.0,0.0,0.0,0.0,0.0,0.0,14.021199092333447,11.629214036546292,0.0,0.0,0.0,0.0,0.0,0.0,0.0,0.0,0.16332316410730688,0.0,0.1959877969287683,225.85362089321802,0.6461569803843659,5.0186426890615605,75.82034233843014,7.145556978770194,2.110805047709693,1.5063967353203078,0.5068647407000824,70.51423985541469,27.88888888888889,0.8888888888888888,24.0,0.0,1.2777777777777777,0.0,0.8888888888888888,4.111111111111111,6.544444444444444,0.0,0.0,0.0,217.05555555555554,155.35555555555553,0.6228959622746415,0.41775403540573924,9.222222222222221,128.82222222222222,197.86666666666667,9.88888888888889,2.888888888888889,9.666666666666666,82.4025925925926,13.633333333333333,20.221111111111114,8.99074074074074,27.913005934678903,0.9146479163744433,24.00230490536918,0.0,1.2617499216880386,0.0,0.9146479163744433,4.04026969925976,6.570747790347922,0.0,0.0,0.0,225.85362089321802,163.48428743770992,0.6461569803843659,0.43962823801984907,8.918739884677032,71.80595217514467,189.15579099150338,10.354290854367731,3.2343339991012603,8.868216066940883,80.45539310260472,14.021199092333447,20.543815685947667,8.694385593933772,1.0,0.0,1.0,0.0,0.0,0.0,1.557142857142857,0.0,1.557142857142857,4.857142857142857,1.0,3.8571428571428568,29.142857142857142,22.0,7.142857142857142
2020-11,8.484291187739464,10.841481481481482,0.0,0.0,0.0,0.0,0.0,0.0,0.0,0.0,6.333333333333333,0.1111111111111111,9.3,165.03333333333333,0.5337270212626697,9.333333333333334,84.97666666666666,56.56666666666667,5.0,2.7777777777777777,0.0,70.95263090676883,0.0,0.0,0.0,0.0,0.0,0.0,0.0,0.0,0.0,0.0,0.0,0.0,0.0,0.0,0.0,8.798834605874248,10.453218346238511,0.0,0.0,0.0,0.0,0.0,0.0,0.0,0.0,4.763718660242374,0.05514899702198307,6.240817432995232,176.8406126511955,0.5724311912302942,9.058018239409268,50.54982554071074,46.54221972301474,4.945814026210192,2.889702005956034,0.0,70.00853623394327,1.1111111111111112,0.0,0.8888888888888888,0.0,0.0,0.0,0.0,0.0,0.0,0.2222222222222222,0.0,0.2666666666666667,165.03333333333333,217.05555555555554,0.5337270212626697,0.6228959622746415,5.333333333333333,134.30555555555554,7.622222222222222,2.4444444444444446,1.6666666666666667,0.5555555555555556,72.05448028673835,8.484291187739464,13.633333333333333,12.118637992831541,1.2644459836868016,0.0,0.9146479163744433,0.0,0.0,0.0,0.0,0.0,0.0,0.16332316410730688,0.0,0.1959877969287683,176.8406126511955,225.85362089321802,0.5724311912302942,0.6461569803843659,5.0186426890615605,75.82034233843014,7.145556978770194,2.110805047709693,1.5063967353203078,0.5068647407000824,70.51423985541469,8.798834605874248,14.021199092333447,11.629214036546292,0.0,0.0,0.0,0.0,0.0,0.0,0.0,0.0,0.0,0.0,0.0,0.0,1.2857142857142858,0.0,1.2857142857142858
2020-12,0.5721624850657109,10.139426523297491,0.0,0.0,0.0,0.0,0.0,0.0,0.0,0.0,27.666666666666668,11.777777777777779,128.25555555555556,156.35555555555555,0.5142271033742924,9.11111111111111,90.3111111111111,19.1,5.0,2.4444444444444446,0.0,69.59590203106332,0.0,0.0,0.0,0.0,0.0,0.0,0.0,0.0,0.0,0.0,0.0,0.0,0.0,0.0,0.0,1.0184894518070622,9.735863250371516,0.0,0.0,0.0,0.0,0.0,0.0,0.0,0.0,25.835443670036614,10.303455291570115,110.41621843204055,169.57937876760948,0.5589333984282149,6.5662788450108796,54.21536593657639,11.55633169163638,4.12625272079827,2.5682791268456806,0.0,67.15819103531149,0.0,0.0,0.0,0.0,0.0,0.0,0.0,0.0,0.0,6.333333333333333,0.1111111111111111,9.3,156.35555555555555,165.03333333333333,0.5142271033742924,0.5337270212626697,9.333333333333334,84.97666666666666,56.56666666666667,5.0,2.7777777777777777,0.0,70.95263090676883,0.5721624850657109,8.484291187739464,10.841481481481482,0.0,0.0,0.0,0.0,0.0,0.0,0.0,0.0,0.0,4.763718660242374,0.05514899702198307,6.240817432995232,169.57937876760948,176.8406126511955,0.5589333984282149,0.5724311912302942,9.058018239409268,50.54982554071074,46.54221972301474,4.945814026210192,2.889702005956034,0.0,70.00853623394327,1.0184894518070622,8.798834605874248,10.453218346238511,0.0,0.0,0.0,0.0,0.0,0.0,0.0,0.0,0.0,0.0,0.0,0.0,0.0,0.0,0.0
2021-01,-0.7215053763440858,10.612903225806452,0.0,0.0,0.0,0.0,0.0,0.0,0.0,0.0,24.88888888888889,18.77777777777778,203.88888888888889,155.2,0.49709504614556504,9.88888888888889,93.56222222222222,36.955555555555556,8.0,2.2222222222222223,0.0,73.49719235364397,0.0,0.0,0.0,0.0,0.0,0.0,0.0,0.0,0.0,0.0,0.0,0.0,0.0,0.0,0.0,-0.1865502187602198,10.114977361323286,0.0,0.0,0.0,0.0,0.0,0.0,0.0,0.0,23.728668147591357,18.137790801079536,181.70765687501964,173.40247272291387,0.5560339119277484,8.212209537116594,72.21434346418657,30.721447643591766,7.753191912495108,2.003964954707859,0.0,69.14113983571129,0.0,0.0,0.0,0.0,0.0,0.0,0.0,0.0,0.0,27.666666666666668,11.777777777777779,128.25555555555556,155.2,156.35555555555555,0.49709504614556504,0.5142271033742924,9.11111111111111,90.3111111111111,19.1,5.0,2.4444444444444446,0.0,69.59590203106332,-0.7215053763440858,0.5721624850657109,10.139426523297491,0.0,0.0,0.0,0.0,0.0,0.0,0.0,0.0,0.0,25.835443670036614,10.303455291570115,110.41621843204055,173.40247272291387,169.57937876760948,0.5560339119277484,0.5589333984282149,6.5662788450108796,54.21536593657639,11.55633169163638,4.12625272079827,2.5682791268456806,0.0,67.15819103531149,-0.1865502187602198,1.0184894518070622,9.735863250371516,0.0,0.0,0.0,0.0,0.0,0.0,0.0,0.0,0.0,0.0,0.0,0.0,0.0,0.0,0.0
2021-02,3.3989124044679597,11.413712522045856,0.0,0.0,0.0,0.0,0.0,0.0,0.0,0.0,18.666666666666668,7.666666666666667,82.87777777777778,176.7,0.5783991238907197,7.111111111111111,112.22999999999999,29.744444444444444,6.444444444444445,2.888888888888889,0.0,65.43858024691359,0.0,0.0,0.0,0.0,0.0,0.0,0.0,0.0,0.0,0.0,0.0,0.0,0.0,0.0,0.0,3.72247764026297,10.944581605716328,0.0,0.0,0.0,0.0,0.0,0.0,0.0,0.0,18.02596435420149,6.377669611322442,72.11877785528647,187.53546290815788,0.6142923322041203,5.701775958169519,87.88798104572972,20.472060893808006,5.062370039675533,1.78527341347692,0.0,64.0458666726005,0.0,0.0,0.0,0.0,0.0,0.0,0.0,0.0,0.0,24.88888888888889,18.77777777777778,203.88888888888889,176.7,155.2,0.5783991238907197,0.49709504614556504,9.88888888888889,93.56222222222222,36.955555555555556,8.0,2.2222222222222223,0.0,73.49719235364397,3.3989124044679597,-0.7215053763440858,10.612903225806452,0.0,0.0,0.0,0.0,0.0,0.0,0.0,0.0,0.0,23.728668147591357,18.137790801079536,181.70765687501964,187.53546290815788,173.40247272291387,0.6142923322041203,0.5560339119277484,8.212209537116594,72.21434346418657,30.721447643591766,7.753191912495108,2.003964954707859,0.0,69.14113983571129,3.72247764026297,-0.1865502187602198,10.114977361323286,0.0,0.0,0.0,0.0,0.0,0.0,0.0,0.0,0.0,0.0,0.0,0.0,0.0,0.0,0.0
2021-03,8.536559139784947,12.335842293906811,0.0,0.0,0.0,0.0,0.0,0.0,0.0,0.0,5.222222222222222,0.1111111111111111,7.466666666666667,199.57777777777778,0.5372538813049944,7.0,160.70777777777778,98.43333333333334,6.777777777777778,1.6666666666666667,0.0,72.10215053763442,0.0,0.0,0.0,0.0,0.0,0.0,0.0,0.0,0.0,0.0,0.0,0.0,0.0,0.0,0.0,8.856322994818619,11.668782531220751,0.0,0.0,0.0,0.0,0.0,0.0,0.0,0.0,3.362290040992865,0.018373359996684796,4.104849292748102,203.39714313447539,0.5476097519435256,7.190215460601179,111.52491255453592,92.20246641888697,5.951051399987796,1.3524701916483666,0.0,71.54202563859955,0.0,0.0,0.0,0.0,0.0,0.0,0.0,0.0,0.0,18.666666666666668,7.666666666666667,82.87777777777778,199.57777777777778,176.7,0.5372538813049944,0.5783991238907197,7.111111111111111,112.22999999999999,29.744444444444444,6.444444444444445,2.888888888888889,0.0,65.43858024691359,8.536559139784947,3.3989124044679597,11.413712522045856,0.0,0.0,0.0,0.0,0.0,0.0,0.0,0.0,0.0,18.02596435420149,6.377669611322442,72.11877785528647,203.39714313447539,187.53546290815788,0.5476097519435256,0.6142923322041203,5.701775958169519,87.88798104572972,20.472060893808006,5.062370039675533,1.78527341347692,0.0,64.0458666726005,8.856322994818619,3.72247764026297,10.944581605716328,0.0,0.0,0.0,0.0,0.0,0.0,0.0,0.0,0.0,0.0,0.0,0.0,0.0,0.0,0.0
2021-04,13.22888888888889,12.552962962962964,0.0,0.0,0.0,0.0,0.0,0.0,0.0,0.0,1.0,0.0,0.8222222222222222,224.77777777777777,0.5716164127202843,6.777777777777778,199.03333333333333,40.06666666666667,4.444444444444445,2.0,0.0,59.836666666666666,0.0,0.0,0.0,0.0,0.0,0.0,0.0,0.0,0.0,0.0,0.0,0.0,0.0,0.0,0.0,13.623781963887527,11.905687999010924,0.0,0.0,0.0,0.0,0.0,0.0,0.0,0.0,0.4516335041925658,0.0,0.2685931772685133,225.1402097627566,0.5722387834594019,6.4669928092399385,132.05279026843198,41.839454023651086,4.620121681879049,2.0,0.0,60.06902108540253,0.0,0.0,0.0,0.0,0.0,0.0,0.0,0.0,0.0,5.222222222222222,0.1111111111111111,7.466666666666667,224.77777777777777,199.57777777777778,0.5716164127202843,0.5372538813049944,7.0,160.70777777777778,98.43333333333334,6.777777777777778,1.6666666666666667,0.0,72.10215053763442,13.22888888888889,8.536559139784947,12.335842293906811,0.0,0.0,0.0,0.0,0.0,0.0,0.0,0.0,0.0,3.362290040992865,0.018373359996684796,4.104849292748102,225.1402097627566,203.39714313447539,0.5722387834594019,0.5476097519435256,7.190215460601179,111.52491255453592,92.20246641888697,5.951051399987796,1.3524701916483666,0.0,71.54202563859955,13.623781963887527,8.856322994818619,11.668782531220751,0.0,0.0,0.0,0.0,0.0,0.0,0.0,0.0,0.0,0.0,0.0,0.0,0.0,0.0,0.0
2021-05,16.77693733778272,11.401458410579657,0.3333333333333333,0.0,0.13333333333333364,0.0,0.3333333333333333,0.0,0.0,0.0,0.0,0.0,0.0,198.65555555555557,0.4575400769919669,9.333333333333334,194.86111111111111,110.65555555555557,10.11111111111111,2.6666666666666665,0.3333333333333333,71.51696947225312,0.42857142857142855,0.0,0.42857142857142855,0.0,0.0,0.0,0.17142857142857185,0.0,0.17142857142857185,0.0,0.0,0.0,0.0,0.0,0.0,16.88179353813702,10.957144618374704,0.5054509912701814,0.0,0.2397190114398376,0.0,0.5054509912701814,0.0,0.0,0.0,0.0,0.0,0.0,197.75762844612885,0.45808008952182516,9.385472514412962,109.77609434208436,120.32573521012257,10.888339003259334,2.389028835716059,0.6105715865083869,71.64857393522381,0.0,0.0,0.0,0.0,0.0,0.0,0.0,0.0,0.0,1.0,0.0,0.8222222222222222,198.65555555555557,224.77777777777777,0.4575400769919669,0.5716164127202843,6.777777777777778,199.03333333333333,40.06666666666667,4.444444444444445,2.0,0.0,59.836666666666666,16.77693733778272,13.22888888888889,12.552962962962964,0.0,0.0,0.0,0.0,0.0,0.0,0.0,0.0,0.0,0.4516335041925658,0.0,0.2685931772685133,197.75762844612885,225.1402097627566,0.45808008952182516,0.5722387834594019,6.4669928092399385,132.05279026843198,41.839454023651086,4.620121681879049,2.0,0.0,60.06902108540253,16.88179353813702,13.623781963887527,11.905687999010924,0.0,0.0,0.0,0.0,0.0,0.0,0.0,0.0,0.0,0.0,0.0,0.0,0.0,0.0,0.0
2021-06,22.14037037037037,9.787407407407407,4.666666666666667,0.1111111111111111,4.2222222222222205,1.3333333333333333,2.2222222222222223,3.3333333333333335,1.755555555555556,0.8888888888888888,0.0,0.0,0.0,202.45555555555555,0.4641745572981432,5.444444444444445,203.69444444444446,122.15555555555557,9.222222222222221,2.5555555555555554,8.222222222222221,76.54481481481481,5.428571428571429,2.0,3.428571428571429,0.14285714285714285,0.0,0.14285714285714285,4.899999999999999,1.5999999999999979,3.3000000000000007,4.142857142857143,1.0,3.1428571428571432,1.1428571428571428,0.0,1.1428571428571428,22.260914287922976,9.596591113182857,5.348302776558605,0.16887761598747938,4.670871513042383,1.6949681535873686,2.2231961644804796,4.495664550392323,2.78355011989399,1.2308770769525519,0.0,0.0,0.0,209.40176606102534,0.47976949854970513,4.832841000845602,106.51463023841882,116.43879757778724,9.561919299203254,2.504317308088154,7.810776403588005,76.49868008899011,0.0,0.3333333333333333,0.0,0.0,0.13333333333333364,0.0,0.3333333333333333,0.0,0.0,0.0,0.0,0.0,202.45555555555555,198.65555555555557,0.4641745572981432,0.4575400769919669,9.333333333333334,194.86111111111111,110.65555555555557,10.11111111111111,2.6666666666666665,0.3333333333333333,71.51696947225312,22.14037037037037,16.77693733778272,11.401458410579657,0.0,0.5054509912701814,0.0,0.0,0.2397190114398376,0.0,0.5054509912701814,0.0,0.0,0.0,0.0,0.0,209.40176606102534,197.75762844612885,0.47976949854970513,0.45808008952182516,9.385472514412962,109.77609434208436,120.32573521012257,10.888339003259334,2.389028835716059,0.6105715865083869,71.64857393522381,22.260914287922976,16.88179353813702,10.957144618374704,0.42857142857142855,0.0,0.42857142857142855,0.0,0.0,0.0,0.17142857142857185,0.0,0.17142857142857185,0.0,0.0,0.0,0.0,0.0,0.0
2021-07,26.16709677419355,8.841218637992831,23.0,9.666666666666666,61.67777777777778,20.666666666666668,18.333333333333332,28.0,73.58888888888889,22.77777777777778,0.0,0.0,0.0,196.3111111111111,0.44276905750714385,7.222222222222222,195.86777777777777,226.55555555555554,10.444444444444445,6.222222222222222,12.333333333333334,80.27338112305854,24.142857142857142,18.0,6.142857142857142,12.0,1.0,11.0,70.57142857142857,24.90000000000001,45.671428571428564,30.428571428571427,16.0,14.428571428571427,25.571428571428573,10.0,15.571428571428573,26.22557430451046,8.58670679256519,23.261871716606738,8.983558618927189,60.13861907040029,20.898659541823722,15.78464585175557,28.694964278050882,78.89010188002155,23.25927151368303,0.0,0.0,0.0,196.60159174320393,0.44318241177586915,7.118497581742942,93.7291228209851,226.8532120367846,10.213729208253751,6.542348316542774,12.14986197899386,80.44249603360566,0.0,4.666666666666667,0.3333333333333333,0.1111111111111111,4.2222222222222205,1.3333333333333333,2.2222222222222223,3.3333333333333335,1.755555555555556,0.0,0.0,0.0,196.3111111111111,202.45555555555555,0.44276905750714385,0.4641745572981432,5.444444444444445,203.69444444444446,122.15555555555557,9.222222222222221,2.5555555555555554,8.222222222222221,76.54481481481481,26.16709677419355,22.14037037037037,9.787407407407407,0.0,5.348302776558605,0.5054509912701814,0.16887761598747938,4.670871513042383,1.6949681535873686,2.2231961644804796,4.495664550392323,2.78355011989399,0.0,0.0,0.0,196.60159174320393,209.40176606102534,0.44318241177586915,0.47976949854970513,4.832841000845602,106.51463023841882,116.43879757778724,9.561919299203254,2.504317308088154,7.810776403588005,76.49868008899011,26.22557430451046,22.260914287922976,9.596591113182857,5.428571428571429,2.0,3.428571428571429,0.14285714285714285,0.0,0.14285714285714285,4.899999999999999,1.5999999999999979,3.3000000000000007,4.142857142857143,1.0,3.1428571428571432,0.0,0.0,0.0
2021-08,25.069444444444443,8.29557945041816,16.666666666666668,2.7777777777777777,28.966666666666665,13.555555555555555,8.444444444444445,25.77777777777778,55.31111111111111,17.77777777777778,0.0,0.0,0.0,158.61111111111111,0.3795859066316345,10.555555555555555,162.60444444444445,347.94444444444446,13.555555555555555,3.3333333333333335,19.555555555555557,83.17702423621779,18.428571428571427,11.0,7.428571428571427,3.4285714285714284,0.0,3.4285714285714284,33.21428571428571,12.000000000000004,21.214285714285705,28.0,13.0,15.0,20.857142857142858,7.0,13.857142857142858,25.177122954994,8.156581574233657,16.427703588706756,2.923099494424922,29.247746959187268,13.070370680295904,10.718384288312429,26.60274361319078,59.35061809944512,18.253856311929525,0.0,0.0,0.0,163.33452491282313,0.39076346418323255,9.834442996071665,80.42336047251051,315.652817029094,12.373905228619156,3.33979887375507,17.96008538669463,82.81464415161543,0.8888888888888888,23.0,4.666666666666667,9.666666666666666,61.67777777777778,20.666666666666668,18.333333333333332,28.0,73.58888888888889,0.0,0.0,0.0,158.61111111111111,196.3111111111111,0.3795859066316345,0.44276905750714385,7.222222222222222,195.86777777777777,226.55555555555554,10.444444444444445,6.222222222222222,12.333333333333334,80.27338112305854,25.069444444444443,26.16709677419355,8.841218637992831,1.2308770769525519,23.261871716606738,5.348302776558605,8.983558618927189,60.13861907040029,20.898659541823722,15.78464585175557,28.694964278050882,78.89010188002155,0.0,0.0,0.0,163.33452491282313,196.60159174320393,0.39076346418323255,0.44318241177586915,7.118497581742942,93.7291228209851,226.8532120367846,10.213729208253751,6.542348316542774,12.14986197899386,80.44249603360566,25.177122954994,26.22557430451046,8.58670679256519,24.142857142857142,18.0,6.142857142857142,12.0,1.0,11.0,70.57142857142857,24.90000000000001,45.671428571428564,30.428571428571427,16.0,14.428571428571427,1.1428571428571428,0.0,1.1428571428571428
2021-09,21.824444444444445,8.45925925925926,0.7777777777777778,0.0,0.3444444444444442,0.0,0.7777777777777778,5.777777777777778,3.166666666666668,0.0,0.0,0.0,0.0,142.95555555555555,0.384181123079442,11.333333333333334,139.7,130.92222222222222,10.11111111111111,3.3333333333333335,11.11111111111111,79.82985754985755,1.0,0.0,1.0,0.0,0.0,0.0,0.44285714285714256,0.0,0.44285714285714256,7.142857142857143,1.0,6.142857142857143,0.0,0.0,0.0,21.959995241186764,7.954240814708683,0.5283236892167429,0.0,0.04820333596185825,0.0,0.5283236892167429,6.708229108011993,3.9108724091968754,0.0,0.0,0.0,0.0,153.4555947878316,0.41234944508401344,10.381621278523333,70.09273951365252,128.66647707288084,9.4827541301828,3.526973675789186,9.772068160627768,79.82257506209977,22.77777777777778,16.666666666666668,23.0,2.7777777777777777,28.966666666666665,13.555555555555555,8.444444444444445,25.77777777777778,55.31111111111111,0.0,0.0,0.0,142.95555555555555,158.61111111111111,0.384181123079442,0.3795859066316345,10.555555555555555,162.60444444444445,347.94444444444446,13.555555555555555,3.3333333333333335,19.555555555555557,83.17702423621779,21.824444444444445,25.069444444444443,8.29557945041816,23.25927151368303,16.427703588706756,23.261871716606738,2.923099494424922,29.247746959187268,13.070370680295904,10.718384288312429,26.60274361319078,59.35061809944512,0.0,0.0,0.0,153.4555947878316,163.33452491282313,0.41234944508401344,0.39076346418323255,9.834442996071665,80.42336047251051,315.652817029094,12.373905228619156,3.33979887375507,17.96008538669463,82.81464415161543,21.959995241186764,25.177122954994,8.156581574233657,18.428571428571427,11.0,7.428571428571427,3.4285714285714284,0.0,3.4285714285714284,33.21428571428571,12.000000000000004,21.214285714285705,28.0,13.0,15.0,25.571428571428573,10.0,15.571428571428573
2021-10,15.121995221027479,11.687455197132616,1.4444444444444444,0.0,0.7666666666666662,0.0,1.0,0.5555555555555556,0.7111111111111109,0.3333333333333333,1.3333333333333333,0.0,1.1444444444444444,210.97777777777776,0.6029110350117396,6.777777777777778,141.40333333333334,43.36666666666667,6.444444444444445,3.0,5.111111111111111,76.67213328023364,1.8571428571428572,0.0,1.8571428571428572,0.0,0.0,0.0,0.985714285714285,0.0,0.985714285714285,0.7142857142857143,0.0,0.7142857142857143,0.42857142857142855,0.0,0.42857142857142855,15.363339824923916,11.379888595769147,1.4762630395295404,0.0,0.9001625228888149,0.0,1.1394008717800304,0.5653079519518697,0.2570656583493397,0.16971626434125492,1.3319893776446332,0.0,1.034353172637195,219.24227291418887,0.6266789762888504,6.438090086494146,73.58029586955783,42.31193668078557,5.922682384511531,2.9836500049845758,5.762805291864728,77.1700640568826,17.77777777777778,0.7777777777777778,16.666666666666668,0.0,0.3444444444444442,0.0,0.7777777777777778,5.777777777777778,3.166666666666668,0.0,0.0,0.0,210.97777777777776,142.95555555555555,0.6029110350117396,0.384181123079442,11.333333333333334,139.7,130.92222222222222,10.11111111111111,3.3333333333333335,11.11111111111111,79.82985754985755,15.121995221027479,21.824444444444445,8.45925925925926,18.253856311929525,0.5283236892167429,16.427703588706756,0.0,0.04820333596185825,0.0,0.5283236892167429,6.708229108011993,3.9108724091968754,0.0,0.0,0.0,219.24227291418887,153.4555947878316,0.6266789762888504,0.41234944508401344,10.381621278523333,70.09273951365252,128.66647707288084,9.4827541301828,3.526973675789186,9.772068160627768,79.82257506209977,15.363339824923916,21.959995241186764,7.954240814708683,1.0,0.0,1.0,0.0,0.0,0.0,0.44285714285714256,0.0,0.44285714285714256,7.142857142857143,1.0,6.142857142857143,20.857142857142858,7.0,13.857142857142858
2021-11,8.22962962962963,11.237037037037037,0.0,0.0,0.0,0.0,0.0,0.0,0.0,0.0,4.111111111111111,0.1111111111111111,7.800000000000001,155.82222222222222,0.5036204499232857,9.666666666666666,93.8111111111111,87.14444444444445,8.444444444444445,4.777777777777778,0.0,77.43222222222224,0.0,0.0,0.0,0.0,0.0,0.0,0.0,0.0,0.0,0.0,0.0,0.0,0.0,0.0,0.0,8.621955965860383,10.553599801104795,0.0,0.0,0.0,0.0,0.0,0.0,0.0,0.0,3.0911703580787546,0.05514899702198307,5.121302011820507,171.56529713050443,0.5550259094712912,9.174879348475027,49.74480853292246,80.58590558774414,8.927148197068671,4.995809515548388,0.0,77.46447082807244,0.0,1.4444444444444444,0.7777777777777778,0.0,0.7666666666666662,0.0,1.0,0.5555555555555556,0.7111111111111109,1.3333333333333333,0.0,1.1444444444444444,155.82222222222222,210.97777777777776,0.5036204499232857,0.6029110350117396,6.777777777777778,141.40333333333334,43.36666666666667,6.444444444444445,3.0,5.111111111111111,76.67213328023364,8.22962962962963,15.121995221027479,11.687455197132616,0.0,1.4762630395295404,0.5283236892167429,0.0,0.9001625228888149,0.0,1.1394008717800304,0.5653079519518697,0.2570656583493397,1.3319893776446332,0.0,1.034353172637195,171.56529713050443,219.24227291418887,0.5550259094712912,0.6266789762888504,6.438090086494146,73.58029586955783,42.31193668078557,5.922682384511531,2.9836500049845758,5.762805291864728,77.1700640568826,8.621955965860383,15.363339824923916,11.379888595769147,1.8571428571428572,0.0,1.8571428571428572,0.0,0.0,0.0,0.985714285714285,0.0,0.985714285714285,0.7142857142857143,0.0,0.7142857142857143,0.0,0.0,0.0
2021-12,2.1161290322580646,10.407168458781362,0.0,0.0,0.0,0.0,0.0,0.0,0.0,0.0,23.444444444444443,8.222222222222221,100.17777777777776,150.08888888888887,0.49561552104605194,9.777777777777779,84.52888888888889,13.444444444444445,4.0,1.5555555555555556,0.0,71.60931899641577,0.0,0.0,0.0,0.0,0.0,0.0,0.0,0.0,0.0,0.0,0.0,0.0,0.0,0.0,0.0,2.473577869041843,10.027989833446533,0.0,0.0,0.0,0.0,0.0,0.0,0.0,0.0,21.829883104967266,7.435917447858491,89.30795724274489,168.90992206176747,0.5601542542615299,6.806036408330996,50.26392299446156,10.185811355178641,3.3084535643789663,1.4867618769630788,0.0,70.08862780525357,0.3333333333333333,0.0,1.4444444444444444,0.0,0.0,0.0,0.0,0.0,0.0,4.111111111111111,0.1111111111111111,7.800000000000001,150.08888888888887,155.82222222222222,0.49561552104605194,0.5036204499232857,9.666666666666666,93.8111111111111,87.14444444444445,8.444444444444445,4.777777777777778,0.0,77.43222222222224,2.1161290322580646,8.22962962962963,11.237037037037037,0.16971626434125492,0.0,1.4762630395295404,0.0,0.0,0.0,0.0,0.0,0.0,3.0911703580787546,0.05514899702198307,5.121302011820507,168.90992206176747,171.56529713050443,0.5601542542615299,0.5550259094712912,9.174879348475027,49.74480853292246,80.58590558774414,8.927148197068671,4.995809515548388,0.0,77.46447082807244,2.473577869041843,8.621955965860383,10.553599801104795,0.0,0.0,0.0,0.0,0.0,0.0,0.0,0.0,0.0,0.0,0.0,0.0,0.42857142857142855,0.0,0.42857142857142855
2022-01,-0.8315412186379929,10.58494623655914,0.0,0.0,0.0,0.0,0.0,0.0,0.0,0.0,29.77777777777778,18.22222222222222,181.63333333333333,182.33333333333334,0.5842289154860538,7.777777777777778,104.39666666666666,3.111111111111111,0.7777777777777778,0.4444444444444444,0.0,64.63799283154123,0.0,0.0,0.0,0.0,0.0,0.0,0.0,0.0,0.0,0.0,0.0,0.0,0.0,0.0,0.0,-0.44541569864197156,10.204809332521187,0.0,0.0,0.0,0.0,0.0,0.0,0.0,0.0,29.51977370511637,17.793934051007277,166.72014195561783,200.33698939686062,0.642659488235495,5.9420568534285945,79.52855061031073,2.682703259489571,0.45340041404200393,0.44886365073773193,0.0,62.96298984099984,0.0,0.0,0.0,0.0,0.0,0.0,0.0,0.0,0.0,23.444444444444443,8.222222222222221,100.17777777777776,182.33333333333334,150.08888888888887,0.5842289154860538,0.49561552104605194,9.777777777777779,84.52888888888889,13.444444444444445,4.0,1.5555555555555556,0.0,71.60931899641577,-0.8315412186379929,2.1161290322580646,10.407168458781362,0.0,0.0,0.0,0.0,0.0,0.0,0.0,0.0,0.0,21.829883104967266,7.435917447858491,89.30795724274489,200.33698939686062,168.90992206176747,0.642659488235495,0.5601542542615299,6.806036408330996,50.26392299446156,10.185811355178641,3.3084535643789663,1.4867618769630788,0.0,70.08862780525357,-0.44541569864197156,2.473577869041843,10.027989833446533,0.0,0.0,0.0,0.0,0.0,0.0,0.0,0.0,0.0,0.0,0.0,0.0,0.0,0.0,0.0
2022-02,-0.319047619047619,10.99920634920635,0.0,0.0,0.0,0.0,0.0,0.0,0.0,0.0,27.444444444444443,16.666666666666668,158.10000000000002,194.06666666666666,0.635933145275568,4.444444444444445,128.22777777777776,7.366666666666666,2.2222222222222223,1.2222222222222223,0.0,61.548809523809524,0.0,0.0,0.0,0.0,0.0,0.0,0.0,0.0,0.0,0.0,0.0,0.0,0.0,0.0,0.0,0.11519704676278991,10.541671762806216,0.0,0.0,0.0,0.0,0.0,0.0,0.0,0.0,27.083736708961332,15.234830373371095,138.9757257361199,210.7172550584095,0.6908265790922701,2.5243883461719014,97.3071416450919,5.146450560802486,1.699860724030664,0.7682874433624327,0.0,60.70165692890163,0.0,0.0,0.0,0.0,0.0,0.0,0.0,0.0,0.0,29.77777777777778,18.22222222222222,181.63333333333333,194.06666666666666,182.33333333333334,0.635933145275568,0.5842289154860538,7.777777777777778,104.39666666666666,3.111111111111111,0.7777777777777778,0.4444444444444444,0.0,64.63799283154123,-0.319047619047619,-0.8315412186379929,10.58494623655914,0.0,0.0,0.0,0.0,0.0,0.0,0.0,0.0,0.0,29.51977370511637,17.793934051007277,166.72014195561783,210.7172550584095,200.33698939686062,0.6908265790922701,0.642659488235495,5.9420568534285945,79.52855061031073,2.682703259489571,0.45340041404200393,0.44886365073773193,0.0,62.96298984099984,0.11519704676278991,-0.44541569864197156,10.204809332521187,0.0,0.0,0.0,0.0,0.0,0.0,0.0,0.0,0.0,0.0,0.0,0.0,0.0,0.0,0.0
2022-03,7.43405017921147,12.433333333333334,0.0,0.0,0.0,0.0,0.0,0.0,0.0,0.0,11.777777777777779,1.6666666666666667,30.522222222222222,170.86666666666667,0.46032209391374657,13.0,143.89222222222222,86.6888888888889,8.0,3.0,0.0,68.60573476702508,0.0,0.0,0.0,0.0,0.0,0.0,0.0,0.0,0.0,0.0,0.0,0.0,0.0,0.0,0.0,7.543922882499073,11.775872733326876,0.0,0.0,0.0,0.0,0.0,0.0,0.0,0.0,10.310886848288037,0.7594756992566088,23.784035194696823,163.74436323352307,0.4411954352381305,13.974647307151091,100.35468267903704,81.30201704348259,8.217042251770703,3.0000000000000004,0.0,69.15386529954405,0.0,0.0,0.0,0.0,0.0,0.0,0.0,0.0,0.0,27.444444444444443,16.666666666666668,158.10000000000002,170.86666666666667,194.06666666666666,0.46032209391374657,0.635933145275568,4.444444444444445,128.22777777777776,7.366666666666666,2.2222222222222223,1.2222222222222223,0.0,61.548809523809524,7.43405017921147,-0.319047619047619,10.99920634920635,0.0,0.0,0.0,0.0,0.0,0.0,0.0,0.0,0.0,27.083736708961332,15.234830373371095,138.9757257361199,163.74436323352307,210.7172550584095,0.4411954352381305,0.6908265790922701,2.5243883461719014,97.3071416450919,5.146450560802486,1.699860724030664,0.7682874433624327,0.0,60.70165692890163,7.543922882499073,0.11519704676278991,10.541671762806216,0.0,0.0,0.0,0.0,0.0,0.0,0.0,0.0,0.0,0.0,0.0,0.0,0.0,0.0,0.0
2022-04,13.341851851851851,13.420370370370371,0.0,0.0,0.0,0.0,0.0,0.0,0.0,0.0,2.5555555555555554,0.0,3.2333333333333334,249.0,0.6335542014279473,4.666666666666667,207.44111111111113,63.37777777777777,4.888888888888889,2.0,0.0,62.98222222222223,0.0,0.0,0.0,0.0,0.0,0.0,0.0,0.0,0.0,0.0,0.0,0.0,0.0,0.0,0.0,13.427533210939421,12.56705777311938,0.0,0.0,0.0,0.0,0.0,0.0,0.0,0.0,1.227328145163813,0.0,1.258793854983186,250.35720902142518,0.6367423347404683,4.811322172907003,138.07753566366037,69.74047252788101,5.310397874977704,2.0,0.0,64.81483141450815,0.0,0.0,0.0,0.0,0.0,0.0,0.0,0.0,0.0,11.777777777777779,1.6666666666666667,30.522222222222222,249.0,170.86666666666667,0.6335542014279473,0.46032209391374657,13.0,143.89222222222222,86.6888888888889,8.0,3.0,0.0,68.60573476702508,13.341851851851851,7.43405017921147,12.433333333333334,0.0,0.0,0.0,0.0,0.0,0.0,0.0,0.0,0.0,10.310886848288037,0.7594756992566088,23.784035194696823,250.35720902142518,163.74436323352307,0.6367423347404683,0.4411954352381305,13.974647307151091,100.35468267903704,81.30201704348259,8.217042251770703,3.0000000000000004,0.0,69.15386529954405,13.427533210939421,7.543922882499073,11.775872733326876,0.0,0.0,0.0,0.0,0.0,0.0,0.0,0.0,0.0,0.0,0.0,0.0,0.0,0.0,0.0
2022-05,17.538709677419355,13.474551971326164,0.5555555555555556,0.0,0.466666666666667,0.0,0.4444444444444444,0.0,0.0,0.0,0.0,0.0,0.0,283.26666666666665,0.6502669702883176,3.111111111111111,253.7555555555556,4.122222222222223,1.4444444444444444,0.8888888888888888,0.0,60.09928315412186,0.7142857142857143,0.0,0.7142857142857143,0.0,0.0,0.0,0.6000000000000004,0.0,0.6000000000000004,0.0,0.0,0.0,0.0,0.0,0.0,17.72760722379007,12.675963993329264,0.6904930517823126,0.0,0.7451700027100191,0.0,0.507266799362765,0.0,0.0,0.0,0.0,0.0,0.0,298.6055665319756,0.6850209507951123,2.9587437625764466,147.47905473387203,4.094651462005724,1.6020185057955267,0.9823529392450446,0.0,60.26600854239273,0.0,0.0,0.0,0.0,0.0,0.0,0.0,0.0,0.0,2.5555555555555554,0.0,3.2333333333333334,283.26666666666665,249.0,0.6502669702883176,0.6335542014279473,4.666666666666667,207.44111111111113,63.37777777777777,4.888888888888889,2.0,0.0,62.98222222222223,17.538709677419355,13.341851851851851,13.420370370370371,0.0,0.0,0.0,0.0,0.0,0.0,0.0,0.0,0.0,1.227328145163813,0.0,1.258793854983186,298.6055665319756,250.35720902142518,0.6850209507951123,0.6367423347404683,4.811322172907003,138.07753566366037,69.74047252788101,5.310397874977704,2.0,0.0,64.81483141450815,17.72760722379007,13.427533210939421,12.56705777311938,0.0,0.0,0.0,0.0,0.0,0.0,0.0,0.0,0.0,0.0,0.0,0.0,0.0,0.0,0.0
2022-06,22.824814814814815,8.969999999999999,8.777777777777779,1.0,11.222222222222221,4.777777777777778,3.6666666666666665,11.333333333333334,32.1,8.222222222222221,0.0,0.0,0.0,174.64444444444445,0.4004301307594638,10.0,187.37,181.05555555555554,9.222222222222221,2.3333333333333335,5.333333333333333,75.54703703703703,9.714285714285714,5.0,4.7142857142857135,1.2857142857142858,0.0,1.2857142857142858,12.542857142857143,5.100000000000001,7.442857142857141,12.142857142857142,9.0,3.1428571428571423,8.714285714285714,5.0,3.7142857142857135,22.977341793066795,8.936633857731803,10.58057688078085,1.7494479604573878,13.630982459449442,7.910991720628108,4.691885532030903,12.213997774244364,33.24001345844047,8.780932561841748,0.0,0.0,0.0,177.9311584249092,0.40771170518074085,9.84010817173157,98.56858752263068,146.67239048542243,8.949894935314946,2.5651684855790915,4.927730324070947,74.95076118354915,0.0,0.5555555555555556,0.0,0.0,0.466666666666667,0.0,0.4444444444444444,0.0,0.0,0.0,0.0,0.0,174.64444444444445,283.26666666666665,0.4004301307594638,0.6502669702883176,3.111111111111111,253.7555555555556,4.122222222222223,1.4444444444444444,0.8888888888888888,0.0,60.09928315412186,22.824814814814815,17.538709677419355,13.474551971326164,0.0,0.6904930517823126,0.0,0.0,0.7451700027100191,0.0,0.507266799362765,0.0,0.0,0.0,0.0,0.0,177.9311584249092,298.6055665319756,0.40771170518074085,0.6850209507951123,2.9587437625764466,147.47905473387203,4.094651462005724,1.6020185057955267,0.9823529392450446,0.0,60.26600854239273,22.977341793066795,17.72760722379007,12.675963993329264,0.7142857142857143,0.0,0.7142857142857143,0.0,0.0,0.0,0.6000000000000004,0.0,0.6000000000000004,0.0,0.0,0.0,0.0,0.0,0.0
2022-07,26.03440860215054,7.8999999999999995,17.444444444444443,6.0,39.13333333333334,13.444444444444445,7.444444444444445,28.444444444444443,79.34444444444445,22.444444444444443,0.0,0.0,0.0,170.52222222222224,0.38446402519334055,11.222222222222221,181.73,148.27777777777777,11.333333333333334,3.5555555555555554,16.333333333333332,80.68853046594982,19.0,11.0,8.0,7.285714285714286,1.0,6.285714285714286,44.7,16.5,28.200000000000003,30.571428571428573,16.0,14.571428571428573,25.285714285714285,8.0,17.285714285714285,26.097080726291285,7.774999496339996,17.54345301990059,6.099077819529153,39.179615831191725,14.15129245593271,6.398721703677644,28.81707529780805,82.37153276435117,22.871467410110807,0.0,0.0,0.0,170.21108761832016,0.3836160505158489,10.8574100576232,86.27075798801374,158.88713416195182,11.947362400201861,3.7080805786979045,16.241135901427008,80.53421579489277,0.0,8.777777777777779,0.5555555555555556,1.0,11.222222222222221,4.777777777777778,3.6666666666666665,11.333333333333334,32.1,0.0,0.0,0.0,170.52222222222224,174.64444444444445,0.38446402519334055,0.4004301307594638,10.0,187.37,181.05555555555554,9.222222222222221,2.3333333333333335,5.333333333333333,75.54703703703703,26.03440860215054,22.824814814814815,8.969999999999999,0.0,10.58057688078085,0.6904930517823126,1.7494479604573878,13.630982459449442,7.910991720628108,4.691885532030903,12.213997774244364,33.24001345844047,0.0,0.0,0.0,170.21108761832016,177.9311584249092,0.3836160505158489,0.40771170518074085,9.84010817173157,98.56858752263068,146.67239048542243,8.949894935314946,2.5651684855790915,4.927730324070947,74.95076118354915,26.097080726291285,22.977341793066795,8.936633857731803,9.714285714285714,5.0,4.7142857142857135,1.2857142857142858,0.0,1.2857142857142858,12.542857142857143,5.100000000000001,7.442857142857141,12.142857142857142,9.0,3.1428571428571423,0.0,0.0,0.0
2022-08,25.584229390681003,6.946236559139785,15.222222222222221,2.3333333333333335,26.27777777777778,11.0,8.222222222222221,24.0,94.26666666666667,20.77777777777778,0.0,0.0,0.0,128.16666666666666,0.3065676585456386,14.0,154.17555555555555,199.34444444444443,12.88888888888889,3.888888888888889,18.333333333333332,82.30035842293907,16.571428571428573,9.0,7.571428571428573,2.7142857142857144,0.0,2.7142857142857144,30.571428571428573,7.800000000000001,22.771428571428572,25.142857142857142,19.0,6.142857142857142,22.285714285714285,14.0,8.285714285714285,25.536260842505403,6.931075998795071,15.442476205678869,2.214137417303438,27.180306582005173,12.098151878306513,8.32309342195379,24.264218124216583,92.9092988551854,20.540492088285436,0.0,0.0,0.0,124.6082091099831,0.2979482232799251,14.953763253849004,72.22046263284996,244.95196984177193,12.884646690277725,3.0451088946873655,18.376625942122477,82.56322324156258,8.222222222222221,17.444444444444443,8.777777777777779,6.0,39.13333333333334,13.444444444444445,7.444444444444445,28.444444444444443,79.34444444444445,0.0,0.0,0.0,128.16666666666666,170.52222222222224,0.3065676585456386,0.38446402519334055,11.222222222222221,181.73,148.27777777777777,11.333333333333334,3.5555555555555554,16.333333333333332,80.68853046594982,25.584229390681003,26.03440860215054,7.8999999999999995,8.780932561841748,17.54345301990059,10.58057688078085,6.099077819529153,39.179615831191725,14.15129245593271,6.398721703677644,28.81707529780805,82.37153276435117,0.0,0.0,0.0,124.6082091099831,170.21108761832016,0.2979482232799251,0.3836160505158489,10.8574100576232,86.27075798801374,158.88713416195182,11.947362400201861,3.7080805786979045,16.241135901427008,80.53421579489277,25.536260842505403,26.097080726291285,7.774999496339996,19.0,11.0,8.0,7.285714285714286,1.0,6.285714285714286,44.7,16.5,28.200000000000003,30.571428571428573,16.0,14.571428571428573,8.714285714285714,5.0,3.7142857142857135
2022-09,21.369999999999997,10.112592592592593,4.777777777777778,0.3333333333333333,6.988888888888888,3.5555555555555554,3.7777777777777777,7.777777777777778,15.022222222222224,4.666666666666667,0.0,0.0,0.0,166.83333333333334,0.44798854305829927,9.88888888888889,156.43222222222224,80.92222222222223,3.3333333333333335,2.3333333333333335,5.222222222222222,76.18111111111111,5.428571428571429,2.0,3.428571428571429,0.42857142857142855,0.0,0.42857142857142855,8.14285714285714,1.8000000000000007,6.34285714285714,8.571428571428571,4.0,4.571428571428571,5.428571428571429,1.0,4.428571428571429,21.62063687981285,9.790969022576428,4.658506723490505,0.178992431995093,7.597152517583518,3.7965718706876643,3.967276037938778,8.506983418422378,17.335178894130443,4.733969267261377,0.0,0.0,0.0,178.11520517948836,0.47819098413800687,8.899997301747252,80.22236612079224,73.8412745798716,3.132941719498579,2.3785645382462977,5.004806674652613,74.37729130855838,22.444444444444443,15.222222222222221,17.444444444444443,2.3333333333333335,26.27777777777778,11.0,8.222222222222221,24.0,94.26666666666667,0.0,0.0,0.0,166.83333333333334,128.16666666666666,0.44798854305829927,0.3065676585456386,14.0,154.17555555555555,199.34444444444443,12.88888888888889,3.888888888888889,18.333333333333332,82.30035842293907,21.369999999999997,25.584229390681003,6.946236559139785,22.871467410110807,15.442476205678869,17.54345301990059,2.214137417303438,27.180306582005173,12.098151878306513,8.32309342195379,24.264218124216583,92.9092988551854,0.0,0.0,0.0,178.11520517948836,124.6082091099831,0.47819098413800687,0.2979482232799251,14.953763253849004,72.22046263284996,244.95196984177193,12.884646690277725,3.0451088946873655,18.376625942122477,82.56322324156258,21.62063687981285,25.536260842505403,6.931075998795071,16.571428571428573,9.0,7.571428571428573,2.7142857142857144,0.0,2.7142857142857144,30.571428571428573,7.800000000000001,22.771428571428572,25.142857142857142,19.0,6.142857142857142,25.285714285714285,8.0,17.285714285714285
2022-10,13.781541218637992,12.160704898446834,0.3333333333333333,0.0,0.13333333333333325,0.0,0.3333333333333333,1.0,2.055555555555556,0.5555555555555556,1.2222222222222223,0.0,1.2444444444444445,225.75555555555556,0.6469931209014765,4.333333333333333,155.36222222222221,52.333333333333336,3.4444444444444446,2.0,1.2222222222222223,72.70549155145929,0.42857142857142855,0.0,0.42857142857142855,0.0,0.0,0.0,0.17142857142857132,0.0,0.17142857142857132,1.1428571428571428,0.0,1.1428571428571428,0.7142857142857143,0.0,0.7142857142857143,13.96216118495984,11.585158814238547,0.17926546356625836,0.0,0.08655773646030558,0.0,0.17926546356625836,1.3131658742082488,1.302475369124798,0.3393142780763568,0.8772284110446699,0.0,0.8529937247667219,225.37737072419608,0.652210593736021,4.328453829348636,80.37766485044708,61.952398263092434,3.6443357269082193,2.0,1.4119416826260385,71.80090070589875,20.77777777777778,4.777777777777778,15.222222222222221,0.3333333333333333,6.988888888888888,3.5555555555555554,3.7777777777777777,7.777777777777778,15.022222222222224,0.0,0.0,0.0,225.75555555555556,166.83333333333334,0.6469931209014765,0.44798854305829927,9.88888888888889,156.43222222222224,80.92222222222223,3.3333333333333335,2.3333333333333335,5.222222222222222,76.18111111111111,13.781541218637992,21.369999999999997,10.112592592592593,20.540492088285436,4.658506723490505,15.442476205678869,0.178992431995093,7.597152517583518,3.7965718706876643,3.967276037938778,8.506983418422378,17.335178894130443,0.0,0.0,0.0,225.37737072419608,178.11520517948836,0.652210593736021,0.47819098413800687,8.899997301747252,80.22236612079224,73.8412745798716,3.132941719498579,2.3785645382462977,5.004806674652613,74.37729130855838,13.96216118495984,21.62063687981285,9.790969022576428,5.428571428571429,2.0,3.428571428571429,0.42857142857142855,0.0,0.42857142857142855,8.14285714285714,1.8000000000000007,6.34285714285714,8.571428571428571,4.0,4.571428571428571,22.285714285714285,14.0,8.285714285714285
2022-11,9.452592592592593,13.422592592592592,0.0,0.0,0.0,0.0,0.0,0.0,0.0,0.0,5.444444444444445,0.2222222222222222,10.566666666666668,183.1888888888889,0.5917915206074773,5.555555555555555,105.0188888888889,70.98888888888888,5.333333333333333,2.0,0.0,70.29222222222222,0.0,0.0,0.0,0.0,0.0,0.0,0.0,0.0,0.0,0.0,0.0,0.0,0.0,0.0,0.0,9.794783763692127,12.591693560305044,0.0,0.0,0.0,0.0,0.0,0.0,0.0,0.0,4.0828422858228945,0.11029799404396615,8.2919343751594,193.44428989421039,0.6254640287151532,5.224975138269447,55.13909677764774,69.42796890473494,4.073339838569357,2.0,0.0,69.00683221632686,4.666666666666667,0.3333333333333333,4.777777777777778,0.0,0.13333333333333325,0.0,0.3333333333333333,1.0,2.055555555555556,1.2222222222222223,0.0,1.2444444444444445,183.1888888888889,225.75555555555556,0.5917915206074773,0.6469931209014765,4.333333333333333,155.36222222222221,52.333333333333336,3.4444444444444446,2.0,1.2222222222222223,72.70549155145929,9.452592592592593,13.781541218637992,12.160704898446834,4.733969267261377,0.17926546356625836,4.658506723490505,0.0,0.08655773646030558,0.0,0.17926546356625836,1.3131658742082488,1.302475369124798,0.8772284110446699,0.0,0.8529937247667219,193.44428989421039,225.37737072419608,0.6254640287151532,0.652210593736021,4.328453829348636,80.37766485044708,61.952398263092434,3.6443357269082193,2.0,1.4119416826260385,71.80090070589875,9.794783763692127,13.96216118495984,11.585158814238547,0.42857142857142855,0.0,0.42857142857142855,0.0,0.0,0.0,0.17142857142857132,0.0,0.17142857142857132,1.1428571428571428,0.0,1.1428571428571428,5.428571428571429,1.0,4.428571428571429
2022-12,-1.3125448028673834,10.006451612903227,0.0,0.0,0.0,0.0,0.0,0.0,0.0,0.0,29.666666666666668,17.11111111111111,187.57777777777778,147.63333333333333,0.48528956659230954,10.555555555555555,84.99111111111111,42.08888888888889,6.222222222222222,2.888888888888889,0.0,70.79713261648745,0.0,0.0,0.0,0.0,0.0,0.0,0.0,0.0,0.0,0.0,0.0,0.0,0.0,0.0,0.0,-1.0861818685152542,9.445945260938768,0.0,0.0,0.0,0.0,0.0,0.0,0.0,0.0,29.47255992108534,16.347642883725864,170.512837829493,158.64552472608878,0.5226784625815861,9.284632614301017,51.05795999073993,38.21385813273741,6.167298684188561,2.973727343192987,0.0,69.09178933418852,0.5555555555555556,0.0,0.3333333333333333,0.0,0.0,0.0,0.0,0.0,0.0,5.444444444444445,0.2222222222222222,10.566666666666668,147.63333333333333,183.1888888888889,0.48528956659230954,0.5917915206074773,5.555555555555555,105.0188888888889,70.98888888888888,5.333333333333333,2.0,0.0,70.29222222222222,-1.3125448028673834,9.452592592592593,13.422592592592592,0.3393142780763568,0.0,0.17926546356625836,0.0,0.0,0.0,0.0,0.0,0.0,4.0828422858228945,0.11029799404396615,8.2919343751594,158.64552472608878,193.44428989421039,0.5226784625815861,0.6254640287151532,5.224975138269447,55.13909677764774,69.42796890473494,4.073339838569357,2.0,0.0,69.00683221632686,-1.0861818685152542,9.794783763692127,12.591693560305044,0.0,0.0,0.0,0.0,0.0,0.0,0.0,0.0,0.0,0.0,0.0,0.0,0.7142857142857143,0.0,0.7142857142857143
2023-01,-0.4229390681003584,10.967383512544803,0.0,0.0,0.0,0.0,0.0,0.0,0.0,0.0,28.88888888888889,18.0,188.73333333333332,176.8777777777778,0.5678919810349736,6.666666666666667,100.97222222222223,27.266666666666666,3.0,1.2222222222222223,0.0,69.65232974910394,0.0,0.0,0.0,0.0,0.0,0.0,0.0,0.0,0.0,0.0,0.0,0.0,0.0,0.0,0.0,-0.19970523896767178,10.520153659696822,0.0,0.0,0.0,0.0,0.0,0.0,0.0,0.0,28.759403686401477,15.907382799860434,171.4294500321397,193.42969106831583,0.6214953506989754,5.595744280563212,77.93069464025504,26.85802415036778,2.7532834549118634,1.0162921056690941,0.0,67.10789781893509,0.0,0.0,0.0,0.0,0.0,0.0,0.0,0.0,0.0,29.666666666666668,17.11111111111111,187.57777777777778,176.8777777777778,147.63333333333333,0.5678919810349736,0.48528956659230954,10.555555555555555,84.99111111111111,42.08888888888889,6.222222222222222,2.888888888888889,0.0,70.79713261648745,-0.4229390681003584,-1.3125448028673834,10.006451612903227,0.0,0.0,0.0,0.0,0.0,0.0,0.0,0.0,0.0,29.47255992108534,16.347642883725864,170.512837829493,193.42969106831583,158.64552472608878,0.6214953506989754,0.5226784625815861,9.284632614301017,51.05795999073993,38.21385813273741,6.167298684188561,2.973727343192987,0.0,69.09178933418852,-0.19970523896767178,-1.0861818685152542,9.445945260938768,0.0,0.0,0.0,0.0,0.0,0.0,0.0,0.0,0.0,0.0,0.0,0.0,0.0,0.0,0.0
2023-02,1.8992063492063491,11.805952380952382,0.0,0.0,0.0,0.0,0.0,0.0,0.0,0.0,25.666666666666668,8.666666666666666,107.77777777777777,175.8777777777778,0.5765714801829395,6.888888888888889,119.13222222222223,11.011111111111111,3.111111111111111,1.5555555555555556,0.0,65.44166666666666,0.0,0.0,0.0,0.0,0.0,0.0,0.0,0.0,0.0,0.0,0.0,0.0,0.0,0.0,0.0,2.138386649865802,11.269727930556703,0.0,0.0,0.0,0.0,0.0,0.0,0.0,0.0,25.776723712794883,6.787109304570179,94.79204361186208,180.079770012934,0.5907085218269174,5.970455645747174,87.7251147259259,10.58960636584888,3.421298950001828,1.5521697487189297,0.0,64.20218057650551,0.0,0.0,0.0,0.0,0.0,0.0,0.0,0.0,0.0,28.88888888888889,18.0,188.73333333333332,175.8777777777778,176.8777777777778,0.5765714801829395,0.5678919810349736,6.666666666666667,100.97222222222223,27.266666666666666,3.0,1.2222222222222223,0.0,69.65232974910394,1.8992063492063491,-0.4229390681003584,10.967383512544803,0.0,0.0,0.0,0.0,0.0,0.0,0.0,0.0,0.0,28.759403686401477,15.907382799860434,171.4294500321397,180.079770012934,193.42969106831583,0.5907085218269174,0.6214953506989754,5.595744280563212,77.93069464025504,26.85802415036778,2.7532834549118634,1.0162921056690941,0.0,67.10789781893509,2.138386649865802,-0.19970523896767178,10.520153659696822,0.0,0.0,0.0,0.0,0.0,0.0,0.0,0.0,0.0,0.0,0.0,0.0,0.0,0.0,0.0
2023-03,8.870967741935484,14.753405017921146,0.0,0.0,0.0,0.0,0.0,0.0,0.0,0.0,10.88888888888889,0.7777777777777778,25.466666666666665,239.5,0.6458230966252838,5.0,176.72777777777776,30.32222222222222,2.888888888888889,1.7777777777777777,0.0,56.092114695340506,0.0,0.0,0.0,0.0,0.0,0.0,0.0,0.0,0.0,0.0,0.0,0.0,0.0,0.0,0.0,8.973853213368189,14.107211882971589,0.0,0.0,0.0,0.0,0.0,0.0,0.0,0.0,8.480518304925997,0.3879591007248968,17.718121165623025,242.71255863275223,0.6545498038444412,4.895472618387922,125.16680641210392,29.823641798104237,2.5891303631126,1.5707570031159148,0.0,56.69544493435203,0.0,0.0,0.0,0.0,0.0,0.0,0.0,0.0,0.0,25.666666666666668,8.666666666666666,107.77777777777777,239.5,175.8777777777778,0.6458230966252838,0.5765714801829395,6.888888888888889,119.13222222222223,11.011111111111111,3.111111111111111,1.5555555555555556,0.0,65.44166666666666,8.870967741935484,1.8992063492063491,11.805952380952382,0.0,0.0,0.0,0.0,0.0,0.0,0.0,0.0,0.0,25.776723712794883,6.787109304570179,94.79204361186208,242.71255863275223,180.079770012934,0.6545498038444412,0.5907085218269174,5.970455645747174,87.7251147259259,10.58960636584888,3.421298950001828,1.5521697487189297,0.0,64.20218057650551,8.973853213368189,2.138386649865802,11.269727930556703,0.0,0.0,0.0,0.0,0.0,0.0,0.0,0.0,0.0,0.0,0.0,0.0,0.0,0.0,0.0
2023-04,12.965925925925925,12.709629629629628,0.0,0.0,0.0,0.0,0.0,0.0,0.0,0.0,1.8888888888888888,0.0,2.3222222222222224,188.04444444444445,0.47879294928793176,11.11111111111111,170.0922222222222,53.56666666666667,7.222222222222222,3.111111111111111,0.2222222222222222,63.86962962962962,0.0,0.0,0.0,0.0,0.0,0.0,0.0,0.0,0.0,0.0,0.0,0.0,0.0,0.0,0.0,13.207499153998299,11.997003402063369,0.0,0.0,0.0,0.0,0.0,0.0,0.0,0.0,1.161362487205271,0.0,1.2958753648840178,193.50227807349677,0.4925204973008192,10.03905030077211,114.21921688595413,52.83911347725163,7.207841228813132,3.305175648055969,0.4325833970260433,63.3824787554814,0.0,0.0,0.0,0.0,0.0,0.0,0.0,0.0,0.0,10.88888888888889,0.7777777777777778,25.466666666666665,188.04444444444445,239.5,0.47879294928793176,0.6458230966252838,5.0,176.72777777777776,30.32222222222222,2.888888888888889,1.7777777777777777,0.0,56.092114695340506,12.965925925925925,8.870967741935484,14.753405017921146,0.0,0.0,0.0,0.0,0.0,0.0,0.0,0.0,0.0,8.480518304925997,0.3879591007248968,17.718121165623025,193.50227807349677,242.71255863275223,0.4925204973008192,0.6545498038444412,4.895472618387922,125.16680641210392,29.823641798104237,2.5891303631126,1.5707570031159148,0.0,56.69544493435203,13.207499153998299,8.973853213368189,14.107211882971589,0.0,0.0,0.0,0.0,0.0,0.0,0.0,0.0,0.0,0.0,0.0,0.0,0.0,0.0,0.0
2023-05,18.159139784946237,11.282078853046595,1.4444444444444444,0.0,1.588888888888889,0.0,1.4444444444444444,1.0,0.4555555555555561,0.0,0.0,0.0,0.0,198.72222222222223,0.45640055304756877,10.777777777777779,191.14444444444445,224.2888888888889,7.222222222222222,3.888888888888889,0.7777777777777778,70.1899641577061,1.7142857142857142,0.0,1.7142857142857142,0.0,0.0,0.0,1.8571428571428572,0.0,1.8571428571428572,1.2857142857142858,0.0,1.2857142857142858,0.0,0.0,0.0,18.30964517757553,10.892080233280785,1.0252927970960681,0.0,1.2298393617644618,0.0,1.0252927970960681,0.9975729974553761,0.4147152362484754,0.0,0.0,0.0,0.0,206.81340944091258,0.47458628819770443,9.079626718271744,115.228395544716,259.43950315317653,6.173715590947815,3.573633424754802,0.7594258073484402,70.14968805685902,0.0,0.0,0.0,0.0,0.0,0.0,0.0,0.0,0.0,1.8888888888888888,0.0,2.3222222222222224,198.72222222222223,188.04444444444445,0.45640055304756877,0.47879294928793176,11.11111111111111,170.0922222222222,53.56666666666667,7.222222222222222,3.111111111111111,0.2222222222222222,63.86962962962962,18.159139784946237,12.965925925925925,12.709629629629628,0.0,0.0,0.0,0.0,0.0,0.0,0.0,0.0,0.0,1.161362487205271,0.0,1.2958753648840178,206.81340944091258,193.50227807349677,0.47458628819770443,0.4925204973008192,10.03905030077211,114.21921688595413,52.83911347725163,7.207841228813132,3.305175648055969,0.4325833970260433,63.3824787554814,18.30964517757553,13.207499153998299,11.997003402063369,0.0,0.0,0.0,0.0,0.0,0.0,0.0,0.0,0.0,0.0,0.0,0.0,0.0,0.0,0.0
2023-06,22.40734071235987,9.993086419753087,7.555555555555555,0.6666666666666666,10.466666666666669,3.4444444444444446,3.3333333333333335,5.888888888888889,8.700000000000001,2.4444444444444446,0.0,0.0,0.0,210.36666666666667,0.48235662167306853,6.666666666666667,201.03777777777776,230.3777777777778,8.0,5.111111111111111,4.666666666666667,73.87288349652334,8.0,5.0,3.0,0.8571428571428571,0.0,0.8571428571428571,11.914285714285715,3.1000000000000014,8.814285714285713,6.714285714285714,2.0,4.714285714285714,3.142857142857143,0.0,3.142857142857143,22.587673211060984,9.671657595760037,8.07109471081987,0.9603988789498776,11.48249784011513,4.74950762632508,3.4074166401488224,7.332087016689182,9.858459633653569,3.0850438267119755,0.0,0.0,0.0,214.75419417506268,0.4921503189854687,7.526430897026877,110.77013904829128,229.74791766102595,8.459879316941715,4.517040766063305,5.573242940674032,74.35163314246026,0.0,1.4444444444444444,0.0,0.0,1.588888888888889,0.0,1.4444444444444444,1.0,0.4555555555555561,0.0,0.0,0.0,210.36666666666667,198.72222222222223,0.48235662167306853,0.45640055304756877,10.777777777777779,191.14444444444445,224.2888888888889,7.222222222222222,3.888888888888889,0.7777777777777778,70.1899641577061,22.40734071235987,18.159139784946237,11.282078853046595,0.0,1.0252927970960681,0.0,0.0,1.2298393617644618,0.0,1.0252927970960681,0.9975729974553761,0.4147152362484754,0.0,0.0,0.0,214.75419417506268,206.81340944091258,0.4921503189854687,0.47458628819770443,9.079626718271744,115.228395544716,259.43950315317653,6.173715590947815,3.573633424754802,0.7594258073484402,70.14968805685902,22.587673211060984,18.30964517757553,10.892080233280785,1.7142857142857142,0.0,1.7142857142857142,0.0,0.0,0.0,1.8571428571428572,0.0,1.8571428571428572,1.2857142857142858,0.0,1.2857142857142858,0.0,0.0,0.0
2023-07,25.77992831541219,7.214078056551175,16.0,4.444444444444445,33.855555555555554,12.555555555555555,6.888888888888889,28.666666666666668,80.1,21.444444444444443,0.0,0.0,0.0,129.89999999999998,0.2927600072323376,12.666666666666666,125.29333333333332,685.8111111111111,16.22222222222222,7.0,20.88888888888889,84.86704749103943,16.571428571428573,14.0,2.571428571428573,5.428571428571429,1.0,4.428571428571429,37.65714285714286,18.700000000000003,18.957142857142856,28.714285714285715,28.0,0.7142857142857153,23.142857142857142,14.0,9.142857142857142,25.829189173213997,7.241024344974961,16.927793516278445,4.303810469852613,37.00096985353433,12.945462700854169,7.025950570081172,29.958272054101496,86.26833156617735,22.83463612756017,0.0,0.0,0.0,139.1728542454864,0.3135474392640387,13.839284929075246,75.53393958248772,727.0406950489889,16.580396647757873,7.460278867329891,20.983667648100713,84.67824207569012,0.0,7.555555555555555,1.4444444444444444,0.6666666666666666,10.466666666666669,3.4444444444444446,3.3333333333333335,5.888888888888889,8.700000000000001,0.0,0.0,0.0,129.89999999999998,210.36666666666667,0.2927600072323376,0.48235662167306853,6.666666666666667,201.03777777777776,230.3777777777778,8.0,5.111111111111111,4.666666666666667,73.87288349652334,25.77992831541219,22.40734071235987,9.993086419753087,0.0,8.07109471081987,1.0252927970960681,0.9603988789498776,11.48249784011513,4.74950762632508,3.4074166401488224,7.332087016689182,9.858459633653569,0.0,0.0,0.0,139.1728542454864,214.75419417506268,0.3135474392640387,0.4921503189854687,7.526430897026877,110.77013904829128,229.74791766102595,8.459879316941715,4.517040766063305,5.573242940674032,74.35163314246026,25.829189173213997,22.587673211060984,9.671657595760037,8.0,5.0,3.0,0.8571428571428571,0.0,0.8571428571428571,11.914285714285715,3.1000000000000014,8.814285714285713,6.714285714285714,2.0,4.714285714285714,0.0,0.0,0.0
2023-08,26.649820788530466,8.539068100358424,23.666666666666668,11.11111111111111,68.11111111111111,23.11111111111111,11.777777777777779,28.555555555555557,95.36666666666666,25.11111111111111,0.0,0.0,0.0,205.2111111111111,0.49055218041241094,6.777777777777778,192.00444444444443,252.18888888888887,10.444444444444445,3.4444444444444446,15.11111111111111,81.29283154121863,24.285714285714285,20.0,4.285714285714285,12.285714285714286,5.0,7.2857142857142865,74.55714285714285,36.7,37.85714285714285,29.142857142857142,25.0,4.142857142857142,26.857142857142858,15.0,11.857142857142858,26.864997223998568,8.358746418627776,23.347634755327643,11.431266279114901,69.71151088824126,22.492361273863168,11.682562126442441,28.97987257056653,102.23795741804717,25.626317024200574,0.0,0.0,0.0,204.18589015666305,0.4878366341773026,7.307817366461354,88.53568349394413,253.6181050378828,10.564788016132477,3.707024750958727,13.175938658033637,80.87039041001665,2.4444444444444446,16.0,7.555555555555555,4.444444444444445,33.855555555555554,12.555555555555555,6.888888888888889,28.666666666666668,80.1,0.0,0.0,0.0,205.2111111111111,129.89999999999998,0.49055218041241094,0.2927600072323376,12.666666666666666,125.29333333333332,685.8111111111111,16.22222222222222,7.0,20.88888888888889,84.86704749103943,26.649820788530466,25.77992831541219,7.214078056551175,3.0850438267119755,16.927793516278445,8.07109471081987,4.303810469852613,37.00096985353433,12.945462700854169,7.025950570081172,29.958272054101496,86.26833156617735,0.0,0.0,0.0,204.18589015666305,139.1728542454864,0.4878366341773026,0.3135474392640387,13.839284929075246,75.53393958248772,727.0406950489889,16.580396647757873,7.460278867329891,20.983667648100713,84.67824207569012,26.864997223998568,25.829189173213997,7.241024344974961,16.571428571428573,14.0,2.571428571428573,5.428571428571429,1.0,4.428571428571429,37.65714285714286,18.700000000000003,18.957142857142856,28.714285714285715,28.0,0.7142857142857153,3.142857142857143,0.0,3.142857142857143
2023-09,22.72851851851852,8.712222222222222,7.666666666666667,0.3333333333333333,9.266666666666666,6.444444444444445,5.666666666666667,12.222222222222221,16.622222222222224,4.444444444444445,0.0,0.0,0.0,155.96666666666667,0.41846069422097515,11.222222222222221,149.43111111111114,168.25555555555556,10.222222222222221,4.333333333333333,13.666666666666666,81.92925925925925,8.857142857142858,2.0,6.857142857142858,0.42857142857142855,0.0,0.42857142857142855,11.128571428571428,1.3000000000000007,9.828571428571427,14.428571428571429,2.0,12.428571428571429,5.285714285714286,0.0,5.285714285714286,23.002951002835644,8.224186003315896,8.237432151294877,0.178992431995093,9.733719146919249,7.17329143090354,5.833084713991741,15.080843587674918,21.253417917186397,5.354403714339794,0.0,0.0,0.0,160.6262692291434,0.43093521818156105,11.291163314712595,74.43558129936339,163.75382490982534,10.227287780042307,4.427128233147489,12.575860499762967,80.79418008785775,21.444444444444443,23.666666666666668,16.0,11.11111111111111,68.11111111111111,23.11111111111111,11.777777777777779,28.555555555555557,95.36666666666666,0.0,0.0,0.0,155.96666666666667,205.2111111111111,0.41846069422097515,0.49055218041241094,6.777777777777778,192.00444444444443,252.18888888888887,10.444444444444445,3.4444444444444446,15.11111111111111,81.29283154121863,22.72851851851852,26.649820788530466,8.539068100358424,22.83463612756017,23.347634755327643,16.927793516278445,11.431266279114901,69.71151088824126,22.492361273863168,11.682562126442441,28.97987257056653,102.23795741804717,0.0,0.0,0.0,160.6262692291434,204.18589015666305,0.43093521818156105,0.4878366341773026,7.307817366461354,88.53568349394413,253.6181050378828,10.564788016132477,3.707024750958727,13.175938658033637,80.87039041001665,23.002951002835644,26.864997223998568,8.358746418627776,24.285714285714285,20.0,4.285714285714285,12.285714285714286,5.0,7.2857142857142865,74.55714285714285,36.7,37.85714285714285,29.142857142857142,25.0,4.142857142857142,23.142857142857142,14.0,9.142857142857142
2023-10,14.741935483870968,11.941935483870969,0.0,0.0,0.0,0.0,0.0,0.0,0.0,0.0,0.0,0.0,0.0,218.42222222222222,0.6232211472745038,4.555555555555555,149.39777777777778,14.311111111111112,3.111111111111111,2.4444444444444446,0.0,74.51075268817205,0.0,0.0,0.0,0.0,0.0,0.0,0.0,0.0,0.0,0.0,0.0,0.0,0.0,0.0,0.0,15.01144485873703,11.482806064629202,0.0,0.0,0.0,0.0,0.0,0.0,0.0,0.0,0.0,0.0,0.0,225.80664333708523,0.6444225442693422,4.502511921404791,78.34391910380982,15.989744425806073,2.660554110696647,2.564543720603157,0.0,73.33893061864279,25.11111111111111,7.666666666666667,23.666666666666668,0.3333333333333333,9.266666666666666,6.444444444444445,5.666666666666667,12.222222222222221,16.622222222222224,0.0,0.0,0.0,218.42222222222222,155.96666666666667,0.6232211472745038,0.41846069422097515,11.222222222222221,149.43111111111114,168.25555555555556,10.222222222222221,4.333333333333333,13.666666666666666,81.92925925925925,14.741935483870968,22.72851851851852,8.712222222222222,25.626317024200574,8.237432151294877,23.347634755327643,0.178992431995093,9.733719146919249,7.17329143090354,5.833084713991741,15.080843587674918,21.253417917186397,0.0,0.0,0.0,225.80664333708523,160.6262692291434,0.6444225442693422,0.43093521818156105,11.291163314712595,74.43558129936339,163.75382490982534,10.227287780042307,4.427128233147489,12.575860499762967,80.79418008785775,15.01144485873703,23.002951002835644,8.224186003315896,8.857142857142858,2.0,6.857142857142858,0.42857142857142855,0.0,0.42857142857142855,11.128571428571428,1.3000000000000007,9.828571428571427,14.428571428571429,2.0,12.428571428571429,26.857142857142858,15.0,11.857142857142858
2023-11,8.134444444444446,10.64074074074074,0.0,0.0,0.0,0.0,0.0,0.0,0.0,0.0,11.222222222222221,0.5555555555555556,23.055555555555557,149.46666666666667,0.4804667441031276,9.0,94.93666666666667,87.92222222222222,8.0,3.0,0.4444444444444444,71.6511111111111,0.0,0.0,0.0,0.0,0.0,0.0,0.0,0.0,0.0,0.0,0.0,0.0,0.0,0.0,0.0,8.183863975769327,10.358704377126612,0.0,0.0,0.0,0.0,0.0,0.0,0.0,0.0,10.824033477890959,0.5334138146481058,20.779487822622077,152.20658311895951,0.48993006651459076,7.43324085761954,49.512047169883374,84.18077083738916,7.609828754531745,3.0,0.44417271910085376,71.27400228445589,4.444444444444445,0.0,7.666666666666667,0.0,0.0,0.0,0.0,0.0,0.0,0.0,0.0,0.0,149.46666666666667,218.42222222222222,0.4804667441031276,0.6232211472745038,4.555555555555555,149.39777777777778,14.311111111111112,3.111111111111111,2.4444444444444446,0.0,74.51075268817205,8.134444444444446,14.741935483870968,11.941935483870969,5.354403714339794,0.0,8.237432151294877,0.0,0.0,0.0,0.0,0.0,0.0,0.0,0.0,0.0,152.20658311895951,225.80664333708523,0.48993006651459076,0.6444225442693422,4.502511921404791,78.34391910380982,15.989744425806073,2.660554110696647,2.564543720603157,0.0,73.33893061864279,8.183863975769327,15.01144485873703,11.482806064629202,0.0,0.0,0.0,0.0,0.0,0.0,0.0,0.0,0.0,0.0,0.0,0.0,5.285714285714286,0.0,5.285714285714286
2023-12,3.0648745519713265,8.8752688172043,0.0,0.0,0.0,0.0,0.0,0.0,0.0,0.0,19.88888888888889,7.777777777777778,100.17777777777778,113.93333333333334,0.374476224202148,15.555555555555555,70.3111111111111,124.25555555555555,9.88888888888889,3.4444444444444446,0.0,77.8121863799283,0.0,0.0,0.0,0.0,0.0,0.0,0.0,0.0,0.0,0.0,0.0,0.0,0.0,0.0,0.0,3.2144141444821415,8.43620860204495,0.0,0.0,0.0,0.0,0.0,0.0,0.0,0.0,18.97688828902107,6.565671957768238,91.48979643433657,119.12235194233037,0.3923520304646826,14.346257587440727,44.53708013179929,129.55368189928882,9.648603862442101,3.643680068911392,0.0,76.3630482879593,0.0,0.0,0.0,0.0,0.0,0.0,0.0,0.0,0.0,11.222222222222221,0.5555555555555556,23.055555555555557,113.93333333333334,149.46666666666667,0.374476224202148,0.4804667441031276,9.0,94.93666666666667,87.92222222222222,8.0,3.0,0.4444444444444444,71.6511111111111,3.0648745519713265,8.134444444444446,10.64074074074074,0.0,0.0,0.0,0.0,0.0,0.0,0.0,0.0,0.0,10.824033477890959,0.5334138146481058,20.779487822622077,119.12235194233037,152.20658311895951,0.3923520304646826,0.48993006651459076,7.43324085761954,49.512047169883374,84.18077083738916,7.609828754531745,3.0,0.44417271910085376,71.27400228445589,3.2144141444821415,8.183863975769327,10.358704377126612,0.0,0.0,0.0,0.0,0.0,0.0,0.0,0.0,0.0,0.0,0.0,0.0,0.0,0.0,0.0
2024-01,1.2888888888888888,8.891039426523298,0.0,0.0,0.0,0.0,0.0,0.0,0.0,0.0,23.22222222222222,10.555555555555555,111.24444444444445,144.33333333333334,0.46301588864560184,12.555555555555555,91.9511111111111,51.2,7.777777777777778,2.5555555555555554,0.0,73.69713261648745,0.0,0.0,0.0,0.0,0.0,0.0,0.0,0.0,0.0,0.0,0.0,0.0,0.0,0.0,0.0,1.3856563981477377,8.46082455642759,0.0,0.0,0.0,0.0,0.0,0.0,0.0,0.0,22.400461659281174,9.105125365016306,102.29504964807988,154.86980151064984,0.49726174445933,11.776973061883703,69.48655971354509,49.997237057299216,6.577816956820075,2.008780876836877,0.0,72.3580946849141,0.0,0.0,0.0,0.0,0.0,0.0,0.0,0.0,0.0,19.88888888888889,7.777777777777778,100.17777777777778,144.33333333333334,113.93333333333334,0.46301588864560184,0.374476224202148,15.555555555555555,70.3111111111111,124.25555555555555,9.88888888888889,3.4444444444444446,0.0,77.8121863799283,1.2888888888888888,3.0648745519713265,8.8752688172043,0.0,0.0,0.0,0.0,0.0,0.0,0.0,0.0,0.0,18.97688828902107,6.565671957768238,91.48979643433657,154.86980151064984,119.12235194233037,0.49726174445933,0.3923520304646826,14.346257587440727,44.53708013179929,129.55368189928882,9.648603862442101,3.643680068911392,0.0,76.3630482879593,1.3856563981477377,3.2144141444821415,8.43620860204495,0.0,0.0,0.0,0.0,0.0,0.0,0.0,0.0,0.0,0.0,0.0,0.0,0.0,0.0,0.0
2024-02,4.650574712643678,9.028735632183908,0.0,0.0,0.0,0.0,0.0,0.0,0.0,0.0,13.444444444444445,1.8888888888888888,37.05555555555556,111.33333333333333,0.35212782983352797,15.333333333333334,86.49888888888889,115.95555555555555,12.0,6.555555555555555,0.0,77.60766283524904,0.0,0.0,0.0,0.0,0.0,0.0,0.0,0.0,0.0,0.0,0.0,0.0,0.0,0.0,0.0,4.76576046397744,8.66516485749604,0.0,0.0,0.0,0.0,0.0,0.0,0.0,0.0,12.220421338568144,0.4848666807400436,29.916562606386737,115.11764211367887,0.3644469594329153,15.082467764945822,65.05517877135341,124.31451105930499,11.860514919305476,6.812429506106177,0.0,76.95879398523961,0.0,0.0,0.0,0.0,0.0,0.0,0.0,0.0,0.0,23.22222222222222,10.555555555555555,111.24444444444445,111.33333333333333,144.33333333333334,0.35212782983352797,0.46301588864560184,12.555555555555555,91.9511111111111,51.2,7.777777777777778,2.5555555555555554,0.0,73.69713261648745,4.650574712643678,1.2888888888888888,8.891039426523298,0.0,0.0,0.0,0.0,0.0,0.0,0.0,0.0,0.0,22.400461659281174,9.105125365016306,102.29504964807988,115.11764211367887,154.86980151064984,0.3644469594329153,0.49726174445933,11.776973061883703,69.48655971354509,49.997237057299216,6.577816956820075,2.008780876836877,0.0,72.3580946849141,4.76576046397744,1.3856563981477377,8.46082455642759,0.0,0.0,0.0,0.0,0.0,0.0,0.0,0.0,0.0,0.0,0.0,0.0,0.0,0.0,0.0
2024-03,6.741935483870967,11.44731182795699,0.0,0.0,0.0,0.0,0.0,0.0,0.0,0.0,13.333333333333334,2.5555555555555554,39.06666666666667,192.36666666666667,0.5174384102386016,7.777777777777778,160.88222222222223,70.12222222222222,5.333333333333333,2.111111111111111,0.0,67.08853046594982,0.0,0.0,0.0,0.0,0.0,0.0,0.0,0.0,0.0,0.0,0.0,0.0,0.0,0.0,0.0,7.01631410592046,10.900698774615744,0.0,0.0,0.0,0.0,0.0,0.0,0.0,0.0,11.40940332305911,2.2638005481992947,30.543273847370646,200.00725534025966,0.5380056685011768,7.188458251324094,110.68025067463935,64.30199600297489,5.010435463621465,2.0226802063018345,0.0,67.19582983364299,0.0,0.0,0.0,0.0,0.0,0.0,0.0,0.0,0.0,13.444444444444445,1.8888888888888888,37.05555555555556,192.36666666666667,111.33333333333333,0.5174384102386016,0.35212782983352797,15.333333333333334,86.49888888888889,115.95555555555555,12.0,6.555555555555555,0.0,77.60766283524904,6.741935483870967,4.650574712643678,9.028735632183908,0.0,0.0,0.0,0.0,0.0,0.0,0.0,0.0,0.0,12.220421338568144,0.4848666807400436,29.916562606386737,200.00725534025966,115.11764211367887,0.5380056685011768,0.3644469594329153,15.082467764945822,65.05517877135341,124.31451105930499,11.860514919305476,6.812429506106177,0.0,76.95879398523961,7.01631410592046,4.76576046397744,8.66516485749604,0.0,0.0,0.0,0.0,0.0,0.0,0.0,0.0,0.0,0.0,0.0,0.0,0.0,0.0,0.0
2024-04,14.942592592592591,12.19037037037037,0.0,0.0,0.0,0.0,0.0,0.0,0.0,0.0,0.0,0.0,0.0,185.42222222222222,0.47127532150935864,8.666666666666666,227.17777777777778,67.95555555555556,7.111111111111111,2.7777777777777777,0.0,71.93518518518518,0.0,0.0,0.0,0.0,0.0,0.0,0.0,0.0,0.0,0.0,0.0,0.0,0.0,0.0,0.0,15.125232310494967,11.24832316978146,0.0,0.0,0.0,0.0,0.0,0.0,0.0,0.0,0.0,0.0,0.0,188.8917458236613,0.479992407001107,8.479320599025508,114.33897711371776,61.660051726749366,6.2908272341820215,2.5671329523782873,0.0,71.89011046124374,0.0,0.0,0.0,0.0,0.0,0.0,0.0,0.0,0.0,13.333333333333334,2.5555555555555554,39.06666666666667,185.42222222222222,192.36666666666667,0.47127532150935864,0.5174384102386016,7.777777777777778,160.88222222222223,70.12222222222222,5.333333333333333,2.111111111111111,0.0,67.08853046594982,14.942592592592591,6.741935483870967,11.44731182795699,0.0,0.0,0.0,0.0,0.0,0.0,0.0,0.0,0.0,11.40940332305911,2.2638005481992947,30.543273847370646,188.8917458236613,200.00725534025966,0.479992407001107,0.5380056685011768,7.188458251324094,110.68025067463935,64.30199600297489,5.010435463621465,2.0226802063018345,0.0,67.19582983364299,15.125232310494967,7.01631410592046,10.900698774615744,0.0,0.0,0.0,0.0,0.0,0.0,0.0,0.0,0.0,0.0,0.0,0.0,0.0,0.0,0.0
2024-05,17.560046384145057,12.260257221168038,0.4444444444444444,0.0,0.10000000000000024,0.0,0.3333333333333333,0.0,0.0,0.0,0.0,0.0,0.0,253.65555555555557,0.5840166542033927,4.666666666666667,269.7611111111111,100.73333333333333,7.888888888888889,3.2222222222222223,0.2222222222222222,69.72266497997049,0.5714285714285714,0.0,0.5714285714285714,0.0,0.0,0.0,0.12857142857142886,0.0,0.12857142857142886,0.0,0.0,0.0,0.0,0.0,0.0,17.826773556620772,11.570816877447252,0.9313800950419908,0.0,0.2454268485520386,0.0,0.6268024169463123,0.0,0.0,0.0,0.0,0.0,0.0,272.1417949696929,0.6237781288364516,4.135899262522075,140.1606388496876,104.31212317896454,8.15529900008098,3.688309679298128,0.001957517687282699,70.38880692143293,0.0,0.0,0.0,0.0,0.0,0.0,0.0,0.0,0.0,0.0,0.0,0.0,253.65555555555557,185.42222222222222,0.5840166542033927,0.47127532150935864,8.666666666666666,227.17777777777778,67.95555555555556,7.111111111111111,2.7777777777777777,0.0,71.93518518518518,17.560046384145057,14.942592592592591,12.19037037037037,0.0,0.0,0.0,0.0,0.0,0.0,0.0,0.0,0.0,0.0,0.0,0.0,272.1417949696929,188.8917458236613,0.6237781288364516,0.479992407001107,8.479320599025508,114.33897711371776,61.660051726749366,6.2908272341820215,2.5671329523782873,0.0,71.89011046124374,17.826773556620772,15.125232310494967,11.24832316978146,0.0,0.0,0.0,0.0,0.0,0.0,0.0,0.0,0.0,0.0,0.0,0.0,0.0,0.0,0.0
2024-06,22.65074074074074,11.01,9.666666666666666,2.5555555555555554,21.555555555555557,5.0,5.111111111111111,6.888888888888889,9.844444444444445,3.4444444444444446,0.0,0.0,0.0,219.39999999999998,0.5029332714534795,8.11111111111111,267.73555555555555,118.15555555555557,4.888888888888889,2.0,4.555555555555555,71.97259259259259,10.142857142857142,6.0,4.142857142857142,2.857142857142857,1.0,1.8571428571428572,23.5,10.500000000000007,12.999999999999993,7.857142857142857,3.0,4.857142857142857,4.285714285714286,0.0,4.285714285714286,22.78899311329145,10.506984860081406,8.96050404612398,2.166398932703947,20.46520450425386,4.12815461340853,4.466499910278979,7.64745794304402,10.466848766143919,4.414729986661673,0.0,0.0,0.0,227.8160320634787,0.5219688169150865,7.262279127718194,115.68628082777205,133.12529795855798,4.5113259038925895,2.0,4.755397240944991,71.83861519297535,0.0,0.4444444444444444,0.0,0.0,0.10000000000000024,0.0,0.3333333333333333,0.0,0.0,0.0,0.0,0.0,219.39999999999998,253.65555555555557,0.5029332714534795,0.5840166542033927,4.666666666666667,269.7611111111111,100.73333333333333,7.888888888888889,3.2222222222222223,0.2222222222222222,69.72266497997049,22.65074074074074,17.560046384145057,12.260257221168038,0.0,0.9313800950419908,0.0,0.0,0.2454268485520386,0.0,0.6268024169463123,0.0,0.0,0.0,0.0,0.0,227.8160320634787,272.1417949696929,0.5219688169150865,0.6237781288364516,4.135899262522075,140.1606388496876,104.31212317896454,8.15529900008098,3.688309679298128,0.001957517687282699,70.38880692143293,22.78899311329145,17.826773556620772,11.570816877447252,0.5714285714285714,0.0,0.5714285714285714,0.0,0.0,0.0,0.12857142857142886,0.0,0.12857142857142886,0.0,0.0,0.0,0.0,0.0,0.0
2024-07,26.719354838709677,6.672401433691757,19.333333333333332,4.555555555555555,38.22222222222222,15.777777777777779,11.11111111111111,30.555555555555557,118.1222222222222,25.333333333333332,0.0,0.0,0.0,125.42222222222222,0.28297655477455147,13.444444444444445,207.01444444444445,377.85555555555555,16.333333333333332,4.777777777777778,19.22222222222222,82.45412186379929,20.857142857142858,12.0,8.857142857142858,5.857142857142857,0.0,5.857142857142857,44.471428571428575,12.000000000000007,32.47142857142857,31.0,28.0,3.0,26.714285714285715,18.0,8.714285714285715,26.789319690871853,6.811567767485205,19.94895926777,4.9924912109437125,39.97663094014077,16.157231226280654,11.52600967302823,30.729642403011884,116.77420210274124,25.209084564071187,0.0,0.0,0.0,127.50289616537174,0.2875641299660005,13.335506522128219,80.34779718821805,422.5400634014064,15.6166952772946,4.5912879343122,19.461262431023822,82.52078826033976,0.0,9.666666666666666,0.4444444444444444,2.5555555555555554,21.555555555555557,5.0,5.111111111111111,6.888888888888889,9.844444444444445,0.0,0.0,0.0,125.42222222222222,219.39999999999998,0.28297655477455147,0.5029332714534795,8.11111111111111,267.73555555555555,118.15555555555557,4.888888888888889,2.0,4.555555555555555,71.97259259259259,26.719354838709677,22.65074074074074,11.01,0.0,8.96050404612398,0.9313800950419908,2.166398932703947,20.46520450425386,4.12815461340853,4.466499910278979,7.64745794304402,10.466848766143919,0.0,0.0,0.0,127.50289616537174,227.8160320634787,0.2875641299660005,0.5219688169150865,7.262279127718194,115.68628082777205,133.12529795855798,4.5113259038925895,2.0,4.755397240944991,71.83861519297535,26.789319690871853,22.78899311329145,10.506984860081406,10.142857142857142,6.0,4.142857142857142,2.857142857142857,1.0,1.8571428571428572,23.5,10.500000000000007,12.999999999999993,7.857142857142857,3.0,4.857142857142857,0.0,0.0,0.0
2024-08,28.060573476702512,9.254121863799282,30.444444444444443,18.88888888888889,106.25555555555555,30.444444444444443,28.333333333333332,30.333333333333332,129.63333333333333,30.333333333333332,0.0,0.0,0.0,238.54444444444445,0.5712939059914315,2.111111111111111,275.0911111111111,89.1,6.666666666666667,3.0,16.555555555555557,79.5605854241338,30.714285714285715,28.0,2.7142857142857153,22.142857142857142,2.0,20.142857142857142,117.2,54.900000000000006,62.3,30.857142857142858,26.0,4.857142857142858,31.0,25.0,6.0,28.23551997573728,8.996193695000429,30.089799592133296,19.202046488613558,106.3769890737329,30.089799592133296,25.85022391978642,30.54654971685481,137.4234930782177,30.458922420527063,0.0,0.0,0.0,242.3048183633446,0.5800242862429906,2.2881918141631203,100.86489565105957,92.66069492838565,6.697687066195669,3.1352166722554378,15.798248867126944,79.18896490782424,3.4444444444444446,19.333333333333332,9.666666666666666,4.555555555555555,38.22222222222222,15.777777777777779,11.11111111111111,30.555555555555557,118.1222222222222,0.0,0.0,0.0,238.54444444444445,125.42222222222222,0.5712939059914315,0.28297655477455147,13.444444444444445,207.01444444444445,377.85555555555555,16.333333333333332,4.777777777777778,19.22222222222222,82.45412186379929,28.060573476702512,26.719354838709677,6.672401433691757,4.414729986661673,19.94895926777,8.96050404612398,4.9924912109437125,39.97663094014077,16.157231226280654,11.52600967302823,30.729642403011884,116.77420210274124,0.0,0.0,0.0,242.3048183633446,127.50289616537174,0.5800242862429906,0.2875641299660005,13.335506522128219,80.34779718821805,422.5400634014064,15.6166952772946,4.5912879343122,19.461262431023822,82.52078826033976,28.23551997573728,26.789319690871853,6.811567767485205,20.857142857142858,12.0,8.857142857142858,5.857142857142857,0.0,5.857142857142857,44.471428571428575,12.000000000000007,32.47142857142857,31.0,28.0,3.0,4.285714285714286,0.0,4.285714285714286
2024-09,25.444814814814816,9.488518518518518,17.444444444444443,8.555555555555555,52.6888888888889,15.444444444444445,12.444444444444445,20.666666666666668,65.30000000000001,18.333333333333332,0.0,0.0,0.0,194.11111111111111,0.522069732381503,7.888888888888889,218.2444444444444,205.06666666666666,6.111111111111111,2.4444444444444446,12.11111111111111,79.2011111111111,18.285714285714285,14.0,4.285714285714285,9.571428571428571,4.0,5.571428571428571,58.91428571428572,23.900000000000006,35.01428571428571,21.857142857142858,14.0,7.857142857142858,19.857142857142858,11.0,8.857142857142858,25.61995033569861,8.961924397839526,17.06848011185852,8.635607955025423,48.9800899864873,14.533607797087049,12.539923057916994,21.76825586657215,72.22959583232796,18.741418783444338,0.0,0.0,0.0,197.13368751301044,0.5301393802658328,7.799478704450098,78.42897827737728,209.54412282192766,5.772966626645541,2.279936857552485,13.453950214876668,79.26276106397736,25.333333333333332,30.444444444444443,19.333333333333332,18.88888888888889,106.25555555555555,30.444444444444443,28.333333333333332,30.333333333333332,129.63333333333333,0.0,0.0,0.0,194.11111111111111,238.54444444444445,0.522069732381503,0.5712939059914315,2.111111111111111,275.0911111111111,89.1,6.666666666666667,3.0,16.555555555555557,79.5605854241338,25.444814814814816,28.060573476702512,9.254121863799282,25.209084564071187,30.089799592133296,19.94895926777,19.202046488613558,106.3769890737329,30.089799592133296,25.85022391978642,30.54654971685481,137.4234930782177,0.0,0.0,0.0,197.13368751301044,242.3048183633446,0.5301393802658328,0.5800242862429906,2.2881918141631203,100.86489565105957,92.66069492838565,6.697687066195669,3.1352166722554378,15.798248867126944,79.18896490782424,25.61995033569861,28.23551997573728,8.996193695000429,30.714285714285715,28.0,2.7142857142857153,22.142857142857142,2.0,20.142857142857142,117.2,54.900000000000006,62.3,30.857142857142858,26.0,4.857142857142858,26.714285714285715,18.0,8.714285714285715
2024-10,16.169175627240143,10.320071684587813,0.0,0.0,0.0,0.0,0.0,0.0,0.0,0.0,0.0,0.0,0.0,151.38888888888889,0.4329071465738289,11.88888888888889,158.35555555555555,90.41111111111111,10.11111111111111,2.3333333333333335,1.2222222222222223,81.45376344086021,0.0,0.0,0.0,0.0,0.0,0.0,0.0,0.0,0.0,0.0,0.0,0.0,0.0,0.0,0.0,16.427741297999436,9.750772971737355,0.0,0.0,0.0,0.0,0.0,0.0,0.0,0.0,0.0,0.0,0.0,153.423326334785,0.438920142461062,11.359715150029029,62.04804089140298,101.24337069971921,9.454918004248965,2.1849609149567994,0.7130264096601144,81.45537539288085,30.333333333333332,17.444444444444443,30.444444444444443,8.555555555555555,52.6888888888889,15.444444444444445,12.444444444444445,20.666666666666668,65.30000000000001,0.0,0.0,0.0,151.38888888888889,194.11111111111111,0.4329071465738289,0.522069732381503,7.888888888888889,218.2444444444444,205.06666666666666,6.111111111111111,2.4444444444444446,12.11111111111111,79.2011111111111,16.169175627240143,25.444814814814816,9.488518518518518,30.458922420527063,17.06848011185852,30.089799592133296,8.635607955025423,48.9800899864873,14.533607797087049,12.539923057916994,21.76825586657215,72.22959583232796,0.0,0.0,0.0,153.423326334785,197.13368751301044,0.438920142461062,0.5301393802658328,7.799478704450098,78.42897827737728,209.54412282192766,5.772966626645541,2.279936857552485,13.453950214876668,79.26276106397736,16.427741297999436,25.61995033569861,8.961924397839526,18.285714285714285,14.0,4.285714285714285,9.571428571428571,4.0,5.571428571428571,58.91428571428572,23.900000000000006,35.01428571428571,21.857142857142858,14.0,7.857142857142858,31.0,25.0,6.0
2024-11,9.595555555555556,11.262962962962964,0.0,0.0,0.0,0.0,0.0,0.0,0.0,0.0,4.777777777777778,0.1111111111111111,8.177777777777777,158.52222222222224,0.5127436324228554,9.666666666666666,129.48666666666668,56.644444444444446,6.555555555555555,4.666666666666667,0.0,73.69381864623244,0.0,0.0,0.0,0.0,0.0,0.0,0.0,0.0,0.0,0.0,0.0,0.0,0.0,0.0,0.0,9.93486648553368,10.599998168815606,0.0,0.0,0.0,0.0,0.0,0.0,0.0,0.0,3.4240393525736237,0.05514899702198307,4.429682508012909,163.5318078168932,0.5294234526150303,8.720783428649396,51.19626474709726,51.67862884579863,6.662277153602104,4.829514932536712,0.0,72.89876811344118,18.333333333333332,0.0,17.444444444444443,0.0,0.0,0.0,0.0,0.0,0.0,0.0,0.0,0.0,158.52222222222224,151.38888888888889,0.5127436324228554,0.4329071465738289,11.88888888888889,158.35555555555555,90.41111111111111,10.11111111111111,2.3333333333333335,1.2222222222222223,81.45376344086021,9.595555555555556,16.169175627240143,10.320071684587813,18.741418783444338,0.0,17.06848011185852,0.0,0.0,0.0,0.0,0.0,0.0,0.0,0.0,0.0,163.5318078168932,153.423326334785,0.5294234526150303,0.438920142461062,11.359715150029029,62.04804089140298,101.24337069971921,9.454918004248965,2.1849609149567994,0.7130264096601144,81.45537539288085,9.93486648553368,16.427741297999436,9.750772971737355,0.0,0.0,0.0,0.0,0.0,0.0,0.0,0.0,0.0,0.0,0.0,0.0,19.857142857142858,11.0,8.857142857142858
2024-12,1.9551971326164876,8.742293906810035,0.0,0.0,0.0,0.0,0.0,0.0,0.0,0.0,25.11111111111111,4.111111111111111,76.4,135.58888888888887,0.4459704265829721,11.555555555555555,109.15,18.91111111111111,5.444444444444445,2.0,0.0,71.85949820788531,0.0,0.0,0.0,0.0,0.0,0.0,0.0,0.0,0.0,0.0,0.0,0.0,0.0,0.0,0.0,2.1469750681853457,8.45346333575876,0.0,0.0,0.0,0.0,0.0,0.0,0.0,0.0,24.482701481835306,3.1897389957938125,66.50650003783687,145.6282967260614,0.48005623635965583,10.582128900667167,49.464564816554805,12.799361592226148,4.6040700490869995,1.9850855588423073,0.0,70.63479955309182,0.0,0.0,0.0,0.0,0.0,0.0,0.0,0.0,0.0,4.777777777777778,0.1111111111111111,8.177777777777777,135.58888888888887,158.52222222222224,0.4459704265829721,0.5127436324228554,9.666666666666666,129.48666666666668,56.644444444444446,6.555555555555555,4.666666666666667,0.0,73.69381864623244,1.9551971326164876,9.595555555555556,11.262962962962964,0.0,0.0,0.0,0.0,0.0,0.0,0.0,0.0,0.0,3.4240393525736237,0.05514899702198307,4.429682508012909,145.6282967260614,163.5318078168932,0.48005623635965583,0.5294234526150303,8.720783428649396,51.19626474709726,51.67862884579863,6.662277153602104,4.829514932536712,0.0,72.89876811344118,2.1469750681853457,9.93486648553368,10.599998168815606,0.0,0.0,0.0,0.0,0.0,0.0,0.0,0.0,0.0,0.0,0.0,0.0,0.0,0.0,0.0
2025-01,-0.20788530465949828,10.272043010752688,0.0,0.0,0.0,0.0,0.0,0.0,0.0,0.0,30.11111111111111,12.777777777777779,153.73333333333332,163.26666666666668,0.5229036330152401,9.555555555555555,129.42555555555555,38.25555555555556,8.222222222222221,4.555555555555555,0.0,73.86738351254479,0.0,0.0,0.0,0.0,0.0,0.0,0.0,0.0,0.0,0.0,0.0,0.0,0.0,0.0,0.0,0.23942328774083213,9.561515662540309,0.0,0.0,0.0,0.0,0.0,0.0,0.0,0.0,29.11601975665925,9.946090159961372,131.43329483624368,174.52702098253434,0.5596232023367324,9.722391008317548,73.8710712160775,32.64934690083811,8.00465212819653,4.742539772135969,0.0,72.22169349641162,0.0,0.0,0.0,0.0,0.0,0.0,0.0,0.0,0.0,25.11111111111111,4.111111111111111,76.4,163.26666666666668,135.58888888888887,0.5229036330152401,0.4459704265829721,11.555555555555555,109.15,18.91111111111111,5.444444444444445,2.0,0.0,71.85949820788531,-0.20788530465949828,1.9551971326164876,8.742293906810035,0.0,0.0,0.0,0.0,0.0,0.0,0.0,0.0,0.0,24.482701481835306,3.1897389957938125,66.50650003783687,174.52702098253434,145.6282967260614,0.5596232023367324,0.48005623635965583,10.582128900667167,49.464564816554805,12.799361592226148,4.6040700490869995,1.9850855588423073,0.0,70.63479955309182,0.23942328774083213,2.1469750681853457,8.45346333575876,0.0,0.0,0.0,0.0,0.0,0.0,0.0,0.0,0.0,0.0,0.0,0.0,0.0,0.0,0.0
2025-02,-0.732936507936508,10.172222222222222,0.0,0.0,0.0,0.0,0.0,0.0,0.0,0.0,25.0,16.22222222222222,162.54444444444445,173.5,0.567885867381404,4.666666666666667,158.54333333333332,30.511111111111113,5.777777777777778,3.0,0.0,67.73730158730159,0.0,0.0,0.0,0.0,0.0,0.0,0.0,0.0,0.0,0.0,0.0,0.0,0.0,0.0,0.0,-0.4151175538352377,9.87183087156281,0.0,0.0,0.0,0.0,0.0,0.0,0.0,0.0,24.624475760136338,15.402772861975754,149.69291861106515,175.13889215250063,0.5737790062964532,4.23795155425847,96.3098658071277,21.189701850296384,4.230920690600301,2.184798206700315,0.0,66.45176412625709,0.0,0.0,0.0,0.0,0.0,0.0,0.0,0.0,0.0,30.11111111111111,12.777777777777779,153.73333333333332,173.5,163.26666666666668,0.567885867381404,0.5229036330152401,9.555555555555555,129.42555555555555,38.25555555555556,8.222222222222221,4.555555555555555,0.0,73.86738351254479,-0.732936507936508,-0.20788530465949828,10.272043010752688,0.0,0.0,0.0,0.0,0.0,0.0,0.0,0.0,0.0,29.11601975665925,9.946090159961372,131.43329483624368,175.13889215250063,174.52702098253434,0.5737790062964532,0.5596232023367324,9.722391008317548,73.8710712160775,32.64934690083811,8.00465212819653,4.742539772135969,0.0,72.22169349641162,-0.4151175538352377,0.23942328774083213,9.561515662540309,0.0,0.0,0.0,0.0,0.0,0.0,0.0,0.0,0.0,0.0,0.0,0.0,0.0,0.0,0.0
2025-03,7.538351254480286,12.476344086021506,0.0,0.0,0.0,0.0,0.0,0.0,0.0,0.0,12.0,0.6666666666666666,27.144444444444446,206.85555555555555,0.5568467971864773,8.0,216.35888888888888,38.12222222222223,5.333333333333333,3.888888888888889,0.0,63.89103942652329,0.0,0.0,0.0,0.0,0.0,0.0,0.0,0.0,0.0,0.0,0.0,0.0,0.0,0.0,0.0,7.7834320919661275,11.859593569732446,0.0,0.0,0.0,0.0,0.0,0.0,0.0,0.0,10.952526992867,0.38538710126405684,19.203265031073432,213.1686430810669,0.5738756640468954,7.481496321687512,114.4691470268814,34.29656480104328,4.823370172870477,3.7793147017290645,0.0,63.36050363950863,0.0,0.0,0.0,0.0,0.0,0.0,0.0,0.0,0.0,25.0,16.22222222222222,162.54444444444445,206.85555555555555,173.5,0.5568467971864773,0.567885867381404,4.666666666666667,158.54333333333332,30.511111111111113,5.777777777777778,3.0,0.0,67.73730158730159,7.538351254480286,-0.732936507936508,10.172222222222222,0.0,0.0,0.0,0.0,0.0,0.0,0.0,0.0,0.0,24.624475760136338,15.402772861975754,149.69291861106515,213.1686430810669,175.13889215250063,0.5738756640468954,0.5737790062964532,4.23795155425847,96.3098658071277,21.189701850296384,4.230920690600301,2.184798206700315,0.0,66.45176412625709,7.7834320919661275,-0.4151175538352377,9.87183087156281,0.0,0.0,0.0,0.0,0.0,0.0,0.0,0.0,0.0,0.0,0.0,0.0,0.0,0.0,0.0
2025-04,12.96,13.825555555555557,0.0,0.0,0.0,0.0,0.0,0.0,0.0,0.0,2.2222222222222223,0.0,3.2555555555555555,241.45555555555555,0.6140064480805809,4.333333333333333,272.4144444444444,64.06666666666666,6.111111111111111,2.6666666666666665,0.4444444444444444,63.81444444444445,0.0,0.0,0.0,0.0,0.0,0.0,0.0,0.0,0.0,0.0,0.0,0.0,0.0,0.0,0.0,13.096953149881863,13.193436083132521,0.0,0.0,0.0,0.0,0.0,0.0,0.0,0.0,1.1995408801497187,0.0,1.0421515240173178,242.4422360132197,0.6161967063332184,4.427602049513049,135.38394316807683,62.95395767560936,6.231906901976309,2.996313669832425,0.759022215995752,64.66471829714507,0.0,0.0,0.0,0.0,0.0,0.0,0.0,0.0,0.0,12.0,0.6666666666666666,27.144444444444446,241.45555555555555,206.85555555555555,0.6140064480805809,0.5568467971864773,8.0,216.35888888888888,38.12222222222223,5.333333333333333,3.888888888888889,0.0,63.89103942652329,12.96,7.538351254480286,12.476344086021506,0.0,0.0,0.0,0.0,0.0,0.0,0.0,0.0,0.0,10.952526992867,0.38538710126405684,19.203265031073432,242.4422360132197,213.1686430810669,0.6161967063332184,0.5738756640468954,7.481496321687512,114.4691470268814,34.29656480104328,4.823370172870477,3.7793147017290645,0.0,63.36050363950863,13.096953149881863,7.7834320919661275,11.859593569732446,0.0,0.0,0.0,0.0,0.0,0.0,0.0,0.0,0.0,0.0,0.0,0.0,0.0,0.0,0.0
2025-05,16.99032258064516,10.972759856630823,0.3333333333333333,0.0,0.44444444444444403,0.0,0.3333333333333333,1.0,0.5,0.2222222222222222,0.0,0.0,0.0,202.3777777777778,0.4643836128069979,10.333333333333334,254.17777777777778,114.92222222222222,7.111111111111111,2.111111111111111,1.2222222222222223,72.11577060931899,0.2857142857142857,0.0,0.2857142857142857,0.0,0.0,0.0,0.47142857142857103,0.0,0.47142857142857103,1.2857142857142858,0.0,1.2857142857142858,0.2857142857142857,0.0,0.2857142857142857,17.12570088500592,10.5098074162251,0.495082102464738,0.0,0.8403090621338135,0.0,0.495082102464738,0.8012027808929677,0.5826814741726017,0.3664525048390953,0.0,0.0,0.0,202.70896226399606,0.46481465844255476,10.076112499419057,114.53084994892633,108.43869642336324,7.671980972975838,2.360946859484049,1.1755102209556296,72.09769979972741,0.0,0.0,0.0,0.0,0.0,0.0,0.0,0.0,0.0,2.2222222222222223,0.0,3.2555555555555555,202.3777777777778,241.45555555555555,0.4643836128069979,0.6140064480805809,4.333333333333333,272.4144444444444,64.06666666666666,6.111111111111111,2.6666666666666665,0.4444444444444444,63.81444444444445,16.99032258064516,12.96,13.825555555555557,0.0,0.0,0.0,0.0,0.0,0.0,0.0,0.0,0.0,1.1995408801497187,0.0,1.0421515240173178,202.70896226399606,242.4422360132197,0.46481465844255476,0.6161967063332184,4.427602049513049,135.38394316807683,62.95395767560936,6.231906901976309,2.996313669832425,0.759022215995752,64.66471829714507,17.12570088500592,13.096953149881863,13.193436083132521,0.0,0.0,0.0,0.0,0.0,0.0,0.0,0.0,0.0,0.0,0.0,0.0,0.0,0.0,0.0
2025-06,23.014444444444443,10.403333333333332,10.777777777777779,2.2222222222222223,19.266666666666666,7.666666666666667,4.333333333333333,8.666666666666666,17.31111111111111,6.666666666666667,0.0,0.0,0.0,221.41111111111113,0.5076253995587058,6.555555555555555,276.1977777777778,307.1222222222222,7.888888888888889,3.6666666666666665,6.333333333333333,74.23222222222222,12.0,4.0,8.0,2.7142857142857144,0.0,2.7142857142857144,22.028571428571432,6.200000000000003,15.82857142857143,10.142857142857142,2.0,8.142857142857142,7.714285714285714,3.0,4.714285714285714,23.12687349426745,10.091584702432177,10.917561234189604,1.9034469480954652,19.097460856989674,8.642119692688407,4.7180009677648185,9.371345353057437,18.89175183343809,7.211319928876814,0.0,0.0,0.0,218.44956663319778,0.5005287751607491,6.871699465173829,116.2011895511974,302.9046073463499,7.977413195175796,3.3223402238349338,6.782943630697359,74.41202468064013,0.0,0.3333333333333333,0.0,0.0,0.44444444444444403,0.0,0.3333333333333333,1.0,0.5,0.0,0.0,0.0,221.41111111111113,202.3777777777778,0.5076253995587058,0.4643836128069979,10.333333333333334,254.17777777777778,114.92222222222222,7.111111111111111,2.111111111111111,1.2222222222222223,72.11577060931899,23.014444444444443,16.99032258064516,10.972759856630823,0.0,0.495082102464738,0.0,0.0,0.8403090621338135,0.0,0.495082102464738,0.8012027808929677,0.5826814741726017,0.0,0.0,0.0,218.44956663319778,202.70896226399606,0.5005287751607491,0.46481465844255476,10.076112499419057,114.53084994892633,108.43869642336324,7.671980972975838,2.360946859484049,1.1755102209556296,72.09769979972741,23.12687349426745,17.12570088500592,10.5098074162251,0.2857142857142857,0.0,0.2857142857142857,0.0,0.0,0.0,0.47142857142857103,0.0,0.47142857142857103,1.2857142857142858,0.0,1.2857142857142858,0.0,0.0,0.0
2025-07,27.425089605734765,9.653763440860214,24.77777777777778,18.555555555555557,100.86666666666667,23.555555555555557,12.0,29.0,98.11111111111111,24.88888888888889,0.0,0.0,0.0,247.93333333333334,0.5592463394609543,5.777777777777778,287.85333333333335,285.67777777777775,7.333333333333333,5.444444444444445,9.777777777777779,75.69175627240143,25.142857142857142,24.0,1.1428571428571423,20.0,10.0,10.0,109.57142857142857,60.900000000000006,48.671428571428564,30.571428571428573,18.0,12.571428571428573,25.714285714285715,21.0,4.714285714285715,27.510389761662903,9.399220261451834,24.980946736540904,18.312690302677794,99.036692202398,23.763004836514117,12.0,29.229608807176835,103.08419258224124,24.400970883134566,0.0,0.0,0.0,248.06893996398205,0.5592512526170097,5.661596811256444,106.52053957963041,263.3305926343539,7.276589473182199,5.465375944693852,9.265196734463977,75.56299540344189,0.2222222222222222,10.777777777777779,0.3333333333333333,2.2222222222222223,19.266666666666666,7.666666666666667,4.333333333333333,8.666666666666666,17.31111111111111,0.0,0.0,0.0,247.93333333333334,221.41111111111113,0.5592463394609543,0.5076253995587058,6.555555555555555,276.1977777777778,307.1222222222222,7.888888888888889,3.6666666666666665,6.333333333333333,74.23222222222222,27.425089605734765,23.014444444444443,10.403333333333332,0.3664525048390953,10.917561234189604,0.495082102464738,1.9034469480954652,19.097460856989674,8.642119692688407,4.7180009677648185,9.371345353057437,18.89175183343809,0.0,0.0,0.0,248.06893996398205,218.44956663319778,0.5592512526170097,0.5005287751607491,6.871699465173829,116.2011895511974,302.9046073463499,7.977413195175796,3.3223402238349338,6.782943630697359,74.41202468064013,27.510389761662903,23.12687349426745,10.091584702432177,12.0,4.0,8.0,2.7142857142857144,0.0,2.7142857142857144,22.028571428571432,6.200000000000003,15.82857142857143,10.142857142857142,2.0,8.142857142857142,0.2857142857142857,0.0,0.2857142857142857
2025-08,27.0258064516129,8.71899641577061,24.88888888888889,11.222222222222221,71.73333333333332,21.88888888888889,14.333333333333334,29.444444444444443,100.19999999999999,26.77777777777778,0.0,0.0,0.0,208.85555555555555,0.4998939893570362,6.444444444444445,258.3333333333333,238.67777777777778,9.88888888888889,4.222222222222222,19.11111111111111,81.80430107526882,25.714285714285715,21.0,4.714285714285715,13.285714285714286,2.0,11.285714285714286,79.7,33.89999999999999,45.80000000000001,30.428571428571427,24.0,6.428571428571427,28.0,20.0,8.0,27.125039870704587,8.530869722804189,24.268408994644698,11.03110799699441,70.66063348835301,20.947626737709314,13.0210819718561,29.506192958799474,105.29700598061748,26.962375035638498,0.0,0.0,0.0,212.08198637557012,0.5074778288019441,6.261726172439473,99.92421150356762,267.23772110053403,9.835596426973412,3.840904929317626,18.87720382626068,81.73838867679365,6.666666666666667,24.77777777777778,10.777777777777779,18.555555555555557,100.86666666666667,23.555555555555557,12.0,29.0,98.11111111111111,0.0,0.0,0.0,208.85555555555555,247.93333333333334,0.4998939893570362,0.5592463394609543,5.777777777777778,287.85333333333335,285.67777777777775,7.333333333333333,5.444444444444445,9.777777777777779,75.69175627240143,27.0258064516129,27.425089605734765,9.653763440860214,7.211319928876814,24.980946736540904,10.917561234189604,18.312690302677794,99.036692202398,23.763004836514117,12.0,29.229608807176835,103.08419258224124,0.0,0.0,0.0,212.08198637557012,248.06893996398205,0.5074778288019441,0.5592512526170097,5.661596811256444,106.52053957963041,263.3305926343539,7.276589473182199,5.465375944693852,9.265196734463977,75.56299540344189,27.125039870704587,27.510389761662903,9.399220261451834,25.142857142857142,24.0,1.1428571428571423,20.0,10.0,10.0,109.57142857142857,60.900000000000006,48.671428571428564,30.571428571428573,18.0,12.571428571428573,7.714285714285714,3.0,4.714285714285714
2025-09,23.383703703703702,8.112222222222222,7.777777777777778,1.3333333333333333,14.033333333333333,5.111111111111111,4.666666666666667,14.777777777777779,29.32222222222222,9.11111111111111,0.0,0.0,0.0,121.51111111111112,0.3265884704110336,12.444444444444445,169.88666666666666,358.2555555555556,14.88888888888889,4.0,17.666666666666668,83.38666666666667,8.571428571428571,4.0,4.571428571428571,1.7142857142857142,0.0,1.7142857142857142,16.314285714285713,3.6000000000000014,12.714285714285712,16.571428571428573,7.0,9.571428571428573,10.428571428571429,3.0,7.428571428571429,23.424380991582282,7.778972191855903,7.549176683197511,1.2241425280432678,13.220695705038043,4.989384275872157,4.341941028409333,14.69363118430969,31.166161874058517,8.912604975082399,0.0,0.0,0.0,126.13492686904445,0.3389589990366808,13.360049422485476,68.0558361738774,411.36161540634265,14.814882803066459,4.7892637668185785,16.52875722139448,82.85158419787857,24.88888888888889,24.88888888888889,24.77777777777778,11.222222222222221,71.73333333333332,21.88888888888889,14.333333333333334,29.444444444444443,100.19999999999999,0.0,0.0,0.0,121.51111111111112,208.85555555555555,0.3265884704110336,0.4998939893570362,6.444444444444445,258.3333333333333,238.67777777777778,9.88888888888889,4.222222222222222,19.11111111111111,81.80430107526882,23.383703703703702,27.0258064516129,8.71899641577061,24.400970883134566,24.268408994644698,24.980946736540904,11.03110799699441,70.66063348835301,20.947626737709314,13.0210819718561,29.506192958799474,105.29700598061748,0.0,0.0,0.0,126.13492686904445,212.08198637557012,0.3389589990366808,0.5074778288019441,6.261726172439473,99.92421150356762,267.23772110053403,9.835596426973412,3.840904929317626,18.87720382626068,81.73838867679365,23.424380991582282,27.125039870704587,8.530869722804189,25.714285714285715,21.0,4.714285714285715,13.285714285714286,2.0,11.285714285714286,79.7,33.89999999999999,45.80000000000001,30.428571428571427,24.0,6.428571428571427,25.714285714285715,21.0,4.714285714285715
2025-10,17.163082437275985,9.054121863799283,0.0,0.0,0.0,0.0,0.0,1.5555555555555556,0.8888888888888888,0.0,0.3333333333333333,0.0,0.3888888888888889,140.13333333333333,0.4005088110791153,14.777777777777779,153.64222222222222,114.9888888888889,10.444444444444445,4.444444444444445,7.111111111111111,81.95376344086021,0.0,0.0,0.0,0.0,0.0,0.0,0.0,0.0,0.0,2.0,0.0,2.0,0.0,0.0,0.0,17.27229529706994,8.611362435064336,0.0,0.0,0.0,0.0,0.0,1.3469583851285183,0.6624083567393568,0.0,0.24498474616096033,0.0,0.28581553718778707,144.63127645184724,0.41348674908984384,14.410439567111279,60.61497155530537,111.27940531080554,10.233474106128906,4.953861930135711,6.433596793650496,81.70892172960824,26.77777777777778,7.777777777777778,24.88888888888889,1.3333333333333333,14.033333333333333,5.111111111111111,4.666666666666667,14.777777777777779,29.32222222222222,0.0,0.0,0.0,140.13333333333333,121.51111111111112,0.4005088110791153,0.3265884704110336,12.444444444444445,169.88666666666666,358.2555555555556,14.88888888888889,4.0,17.666666666666668,83.38666666666667,17.163082437275985,23.383703703703702,8.112222222222222,26.962375035638498,7.549176683197511,24.268408994644698,1.2241425280432678,13.220695705038043,4.989384275872157,4.341941028409333,14.69363118430969,31.166161874058517,0.0,0.0,0.0,144.63127645184724,126.13492686904445,0.41348674908984384,0.3389589990366808,13.360049422485476,68.0558361738774,411.36161540634265,14.814882803066459,4.7892637668185785,16.52875722139448,82.85158419787857,17.27229529706994,23.424380991582282,7.778972191855903,8.571428571428571,4.0,4.571428571428571,1.7142857142857142,0.0,1.7142857142857142,16.314285714285713,3.6000000000000014,12.714285714285712,16.571428571428573,7.0,9.571428571428573,28.0,20.0,8.0
2025-11,8.54,12.122222222222222,0.0,0.0,0.0,0.0,0.0,0.0,0.0,0.0,5.666666666666667,0.1111111111111111,9.166666666666666,195.82222222222222,0.6329204015594461,5.222222222222222,149.05555555555554,28.93333333333333,5.777777777777778,2.0,0.0,73.08714285714285,0.0,0.0,0.0,0.0,0.0,0.0,0.0,0.0,0.0,0.0,0.0,0.0,0.0,0.0,0.0,8.763551507551387,11.652589984537967,0.0,0.0,0.0,0.0,0.0,0.0,0.0,0.0,4.582833658595136,0.05514899702198307,6.314288787270696,204.02791224477855,0.6599936932782877,3.9823234535342005,61.02746539215661,24.331481321755817,5.246652696887733,2.0,0.0,73.74544939158905,9.11111111111111,0.0,7.777777777777778,0.0,0.0,0.0,0.0,1.5555555555555556,0.8888888888888888,0.3333333333333333,0.0,0.3888888888888889,195.82222222222222,140.13333333333333,0.6329204015594461,0.4005088110791153,14.777777777777779,153.64222222222222,114.9888888888889,10.444444444444445,4.444444444444445,7.111111111111111,81.95376344086021,8.54,17.163082437275985,9.054121863799283,8.912604975082399,0.0,7.549176683197511,0.0,0.0,0.0,0.0,1.3469583851285183,0.6624083567393568,0.24498474616096033,0.0,0.28581553718778707,204.02791224477855,144.63127645184724,0.6599936932782877,0.41348674908984384,14.410439567111279,60.61497155530537,111.27940531080554,10.233474106128906,4.953861930135711,6.433596793650496,81.70892172960824,8.763551507551387,17.27229529706994,8.611362435064336,0.0,0.0,0.0,0.0,0.0,0.0,0.0,0.0,0.0,2.0,0.0,2.0,10.428571428571429,3.0,7.428571428571429
2025-12,2.803942652329749,10.473476702508961,0.0,0.0,0.0,0.0,0.0,0.0,0.0,0.0,22.555555555555557,7.222222222222222,88.30000000000001,156.91111111111113,0.5159898628827968,9.222222222222221,118.30666666666667,34.98888888888889,5.888888888888889,2.111111111111111,0.0,70.14647550776583,0.0,0.0,0.0,0.0,0.0,0.0,0.0,0.0,0.0,0.0,0.0,0.0,0.0,0.0,0.0,2.8915874981875485,10.06956706976258,0.0,0.0,0.0,0.0,0.0,0.0,0.0,0.0,21.95872373493143,6.415243281572769,79.45678610953233,164.6785542382227,0.5426944064957168,9.037282931009688,53.19288100095624,32.81232104663183,5.816436600546057,2.0007204921452626,0.0,70.91344713962158,0.0,0.0,0.0,0.0,0.0,0.0,0.0,0.0,0.0,5.666666666666667,0.1111111111111111,9.166666666666666,156.91111111111113,195.82222222222222,0.5159898628827968,0.6329204015594461,5.222222222222222,149.05555555555554,28.93333333333333,5.777777777777778,2.0,0.0,73.08714285714285,2.803942652329749,8.54,12.122222222222222,0.0,0.0,0.0,0.0,0.0,0.0,0.0,0.0,0.0,4.582833658595136,0.05514899702198307,6.314288787270696,164.6785542382227,204.02791224477855,0.5426944064957168,0.6599936932782877,3.9823234535342005,61.02746539215661,24.331481321755817,5.246652696887733,2.0,0.0,73.74544939158905,2.8915874981875485,8.763551507551387,11.652589984537967,0.0,0.0,0.0,0.0,0.0,0.0,0.0,0.0,0.0,0.0,0.0,0.0,0.0,0.0,0.0
2026-01,-1.4340501792114695,10.41505376344086,0.0,0.0,0.0,0.0,0.0,0.0,0.0,0.0,29.88888888888889,21.77777777777778,205.2,183.3111111111111,0.5873571773163374,5.888888888888889,141.6888888888889,4.455555555555556,1.2222222222222223,0.7777777777777778,0.0,63.91433691756273,0.0,0.0,0.0,0.0,0.0,0.0,0.0,0.0,0.0,0.0,0.0,0.0,0.0,0.0,0.0,-1.4100062788354804,10.243892251028555,0.0,0.0,0.0,0.0,0.0,0.0,0.0,0.0,29.33051793721595,21.5880482165336,198.97313567341888,193.3019800330711,0.6200006066308343,5.6624782895783605,83.98632476201664,1.8181004075186122,0.323006708383734,0.3153559577927631,0.0,63.85448920451009,0.0,0.0,0.0,0.0,0.0,0.0,0.0,0.0,0.0,22.555555555555557,7.222222222222222,88.30000000000001,183.3111111111111,156.91111111111113,0.5873571773163374,0.5159898628827968,9.222222222222221,118.30666666666667,34.98888888888889,5.888888888888889,2.111111111111111,0.0,70.14647550776583,-1.4340501792114695,2.803942652329749,10.473476702508961,0.0,0.0,0.0,0.0,0.0,0.0,0.0,0.0,0.0,21.95872373493143,6.415243281572769,79.45678610953233,193.3019800330711,164.6785542382227,0.6200006066308343,0.5426944064957168,9.037282931009688,53.19288100095624,32.81232104663183,5.816436600546057,2.0007204921452626,0.0,70.91344713962158,-1.4100062788354804,2.8915874981875485,10.06956706976258,0.0,0.0,0.0,0.0,0.0,0.0,0.0,0.0,0.0,0.0,0.0,0.0,0.0,0.0,0.0
2026-02,2.1017936507936508,12.09642857142857,0.0,0.0,0.0,0.0,0.0,0.0,0.0,0.0,23.88888888888889,10.222222222222221,108.98888888888888,185.53333333333333,0.6077019841390123,4.333333333333333,164.63777777777779,19.533333333333335,4.333333333333333,1.3333333333333333,0.0,67.96301587301588,0.0,0.0,0.0,0.0,0.0,0.0,0.0,0.0,0.0,0.0,0.0,0.0,0.0,0.0,0.0,2.3196817447066866,11.587744432530348,0.0,0.0,0.0,0.0,0.0,0.0,0.0,0.0,21.886306747321704,9.143956598946613,96.92950344927958,175.66551769671517,0.5754952013206419,3.7969393839046393,95.33053051357483,17.565970388282054,2.8861816700861564,1.004272104982308,0.0,66.73271732673226,0.0,0.0,0.0,0.0,0.0,0.0,0.0,0.0,0.0,29.88888888888889,21.77777777777778,205.2,185.53333333333333,183.3111111111111,0.6077019841390123,0.5873571773163374,5.888888888888889,141.6888888888889,4.455555555555556,1.2222222222222223,0.7777777777777778,0.0,63.91433691756273,2.1017936507936508,-1.4340501792114695,10.41505376344086,0.0,0.0,0.0,0.0,0.0,0.0,0.0,0.0,0.0,29.33051793721595,21.5880482165336,198.97313567341888,175.66551769671517,193.3019800330711,0.5754952013206419,0.6200006066308343,5.6624782895783605,83.98632476201664,1.8181004075186122,0.323006708383734,0.3153559577927631,0.0,63.85448920451009,2.3196817447066866,-1.4100062788354804,10.243892251028555,0.0,0.0,0.0,0.0,0.0,0.0,0.0,0.0,0.0,0.0,0.0,0.0,0.0,0.0,0.0
2026-03,6.920875046347794,13.104659498207885,0.0,0.0,0.0,0.0,0.0,0.0,0.0,0.0,13.333333333333334,1.4444444444444444,31.099999999999998,220.22222222222223,0.593308621197774,5.444444444444445,236.17111111111112,79.58888888888889,6.0,2.0,0.0,67.2199480904709,0.0,0.0,0.0,0.0,0.0,0.0,0.0,0.0,0.0,0.0,0.0,0.0,0.0,0.0,0.0,7.185920973209968,12.22007601265165,0.0,0.0,0.0,0.0,0.0,0.0,0.0,0.0,10.941074126469468,0.8725089414764824,22.82417012856121,215.40809326972695,0.5803359020744345,5.752631172392099,127.9037759301819,69.49305553112356,6.201240891234858,2.0,0.0,66.3127086282383,0.0,0.0,0.0,0.0,0.0,0.0,0.0,0.0,0.0,23.88888888888889,10.222222222222221,108.98888888888888,220.22222222222223,185.53333333333333,0.593308621197774,0.6077019841390123,4.333333333333333,164.63777777777779,19.533333333333335,4.333333333333333,1.3333333333333333,0.0,67.96301587301588,6.920875046347794,2.1017936507936508,12.09642857142857,0.0,0.0,0.0,0.0,0.0,0.0,0.0,0.0,0.0,21.886306747321704,9.143956598946613,96.92950344927958,215.40809326972695,175.66551769671517,0.5803359020744345,0.5754952013206419,3.7969393839046393,95.33053051357483,17.565970388282054,2.8861816700861564,1.004272104982308,0.0,66.73271732673226,7.185920973209968,2.3196817447066866,11.587744432530348,0.0,0.0,0.0,0.0,0.0,0.0,0.0,0.0,0.0,0.0,0.0,0.0,0.0,0.0,0.0
2026-04,13.452222222222224,13.147407407407407,0.0,0.0,0.0,0.0,0.0,0.0,0.0,0.0,1.0,0.0,1.3444444444444443,194.17777777777778,0.4939556790864546,10.222222222222221,243.2711111111111,84.54444444444444,6.111111111111111,2.111111111111111,0.0,64.95518518518519,0.0,0.0,0.0,0.0,0.0,0.0,0.0,0.0,0.0,0.0,0.0,0.0,0.0,0.0,0.0,13.562587398489448,12.581195445853496,0.0,0.0,0.0,0.0,0.0,0.0,0.0,0.0,0.44992850170184984,0.0,0.7813284853389559,201.59224140640868,0.5125851019057196,9.70071016125121,126.14727709756811,81.06751170366489,5.965149475403262,2.022700469956854,0.0,63.93939209734923,0.0,0.0,0.0,0.0,0.0,0.0,0.0,0.0,0.0,13.333333333333334,1.4444444444444444,31.099999999999998,194.17777777777778,220.22222222222223,0.4939556790864546,0.593308621197774,5.444444444444445,236.17111111111112,79.58888888888889,6.0,2.0,0.0,67.2199480904709,13.452222222222224,6.920875046347794,13.104659498207885,0.0,0.0,0.0,0.0,0.0,0.0,0.0,0.0,0.0,10.941074126469468,0.8725089414764824,22.82417012856121,201.59224140640868,215.40809326972695,0.5125851019057196,0.5803359020744345,5.752631172392099,127.9037759301819,69.49305553112356,6.201240891234858,2.0,0.0,66.3127086282383,13.562587398489448,7.185920973209968,12.22007601265165,0.0,0.0,0.0,0.0,0.0,0.0,0.0,0.0,0.0,0.0,0.0,0.0,0.0,0.0,0.0
2026-05,18.351971326164872,12.546594982078851,3.111111111111111,0.1111111111111111,3.3222222222222215,1.7777777777777777,2.2222222222222223,1.1111111111111112,0.966666666666667,0.1111111111111111,0.0,0.0,0.0,246.57777777777775,0.5660160891685236,7.222222222222222,297.5155555555556,100.7,6.0,2.2222222222222223,1.1111111111111112,70.91720430107527,3.2857142857142856,1.0,2.2857142857142856,0.14285714285714285,0.0,0.14285714285714285,3.871428571428571,0.3999999999999986,3.4714285714285724,1.2857142857142858,0.0,1.2857142857142858,0.14285714285714285,0.0,0.14285714285714285,18.46133812778969,11.914486775510605,3.2927707540529463,0.01764706075495529,3.7940775762050607,2.226864733348809,2.2886060441328597,0.8072098946399983,0.8890393531201013,0.18322625241954765,0.0,0.0,0.0,247.52915254707287,0.5678215960513547,7.299877068605622,132.73950107118722,111.0185621943039,6.615675624334863,2.321170685124922,0.7564657110688968,70.93244103851781,0.0,0.0,0.0,0.0,0.0,0.0,0.0,0.0,0.0,1.0,0.0,1.3444444444444443,246.57777777777775,194.17777777777778,0.5660160891685236,0.4939556790864546,10.222222222222221,243.2711111111111,84.54444444444444,6.111111111111111,2.111111111111111,0.0,64.95518518518519,18.351971326164872,13.452222222222224,13.147407407407407,0.0,0.0,0.0,0.0,0.0,0.0,0.0,0.0,0.0,0.44992850170184984,0.0,0.7813284853389559,247.52915254707287,201.59224140640868,0.5678215960513547,0.5125851019057196,9.70071016125121,126.14727709756811,81.06751170366489,5.965149475403262,2.022700469956854,0.0,63.93939209734923,18.46133812778969,13.562587398489448,12.581195445853496,0.0,0.0,0.0,0.0,0.0,0.0,0.0,0.0,0.0,0.0,0.0,0.0,0.0,0.0,0.0
2026-06,22.47851851851852,10.68888888888889,8.333333333333334,0.2222222222222222,9.766666666666667,5.555555555555555,3.7777777777777777,6.444444444444445,6.166666666666667,2.2222222222222223,0.0,0.0,0.0,218.16666666666666,0.5002015618943285,6.333333333333333,286.5155555555555,66.19999999999999,5.555555555555555,3.6666666666666665,2.5555555555555554,71.4688888888889,9.571428571428571,0.0,9.571428571428571,0.2857142857142857,0.0,0.2857142857142857,11.700000000000001,0.0,11.700000000000001,7.571428571428571,1.0,6.571428571428571,2.857142857142857,0.0,2.857142857142857,22.642925702265657,10.308169944786883,7.788303650876398,0.17011370671492348,9.020716244815036,5.935161029165529,3.9712415996575063,7.388083638496871,6.349650463875973,2.5480219872151517,0.0,0.0,0.0,225.0689527647896,0.5157483198083151,5.253824355876921,120.98515699446858,78.90176742614116,5.644844430148339,3.4715338888469676,2.5058167631050305,72.38429771158172,0.0,3.111111111111111,0.0,0.1111111111111111,3.3222222222222215,1.7777777777777777,2.2222222222222223,1.1111111111111112,0.966666666666667,0.0,0.0,0.0,218.16666666666666,246.57777777777775,0.5002015618943285,0.5660160891685236,7.222222222222222,297.5155555555556,100.7,6.0,2.2222222222222223,1.1111111111111112,70.91720430107527,22.47851851851852,18.351971326164872,12.546594982078851,0.0,3.2927707540529463,0.0,0.01764706075495529,3.7940775762050607,2.226864733348809,2.2886060441328597,0.8072098946399983,0.8890393531201013,0.0,0.0,0.0,225.0689527647896,247.52915254707287,0.5157483198083151,0.5678215960513547,7.299877068605622,132.73950107118722,111.0185621943039,6.615675624334863,2.321170685124922,0.7564657110688968,70.93244103851781,22.642925702265657,18.46133812778969,11.914486775510605,3.2857142857142856,1.0,2.2857142857142856,0.14285714285714285,0.0,0.14285714285714285,3.871428571428571,0.3999999999999986,3.4714285714285724,1.2857142857142858,0.0,1.2857142857142858,0.0,0.0,0.0
2026-07,27.043010752688172,7.753405017921147,22.333333333333332,9.555555555555555,57.84444444444445,19.555555555555557,15.222222222222221,29.333333333333332,112.51111111111112,25.22222222222222,0.0,0.0,0.0,172.8777777777778,0.38986104121730325,10.333333333333334,257.20444444444445,200.77777777777777,9.777777777777779,3.6666666666666665,15.11111111111111,80.09390681003585,23.142857142857142,18.0,5.142857142857142,11.285714285714286,2.0,9.285714285714286,65.08571428571429,24.299999999999997,40.78571428571429,30.571428571428573,21.0,9.571428571428573,26.428571428571427,20.0,6.428571428571427,27.145993074780627,7.749937721676629,21.994648790044177,9.712938039373485,59.923512246594335,19.468802566923408,14.845843830221353,29.73311917740989,115.08138182085393,25.701582355140687,0.0,0.0,0.0,171.29117969072158,0.3861374884511395,10.730028805517378,96.28330270549537,200.22616867917827,9.927090996604718,3.9379645136909893,15.972392878906533,80.6168603404839,0.1111111111111111,8.333333333333334,3.111111111111111,0.2222222222222222,9.766666666666667,5.555555555555555,3.7777777777777777,6.444444444444445,6.166666666666667,0.0,0.0,0.0,172.8777777777778,218.16666666666666,0.38986104121730325,0.5002015618943285,6.333333333333333,286.5155555555555,66.19999999999999,5.555555555555555,3.6666666666666665,2.5555555555555554,71.4688888888889,27.043010752688172,22.47851851851852,10.68888888888889,0.18322625241954765,7.788303650876398,3.2927707540529463,0.17011370671492348,9.020716244815036,5.935161029165529,3.9712415996575063,7.388083638496871,6.349650463875973,0.0,0.0,0.0,171.29117969072158,225.0689527647896,0.3861374884511395,0.5157483198083151,5.253824355876921,120.98515699446858,78.90176742614116,5.644844430148339,3.4715338888469676,2.5058167631050305,72.38429771158172,27.145993074780627,22.642925702265657,10.308169944786883,9.571428571428571,0.0,9.571428571428571,0.2857142857142857,0.0,0.2857142857142857,11.700000000000001,0.0,11.700000000000001,7.571428571428571,1.0,6.571428571428571,0.14285714285714285,0.0,0.14285714285714285
2026-08,29.63222222222222,10.335,9.666666666666666,8.555555555555555,52.74444444444444,9.444444444444445,9.444444444444445,9.777777777777779,49.18888888888889,9.444444444444445,0.0,0.0,0.0,87.46666666666665,0.6328014313832004,0.6666666666666666,87.82555555555557,3.6333333333333337,0.5555555555555556,0.4444444444444444,0.7777777777777778,72.61555555555555,9.714285714285714,9.0,0.7142857142857135,8.857142857142858,7.0,1.8571428571428577,56.228571428571435,34.8,21.428571428571438,9.714285714285714,10.0,-0.2857142857142865,9.285714285714286,10.0,-0.7142857142857135,29.962282351631984,9.968914478908681,9.904715802919023,8.313410614652266,54.35660170049038,9.899611202416867,9.899611202416867,9.994895399497846,54.59263331887688,9.987238498744611,0.0,0.0,0.0,95.27214543523216,0.6890430471443835,0.6706817636990131,38.255831987873236,0.4259187713020602,0.05581846317447186,0.047292397663541486,1.3202108135106445,72.04977417062082,2.2222222222222223,22.333333333333332,8.333333333333334,9.555555555555555,57.84444444444445,19.555555555555557,15.222222222222221,29.333333333333332,112.51111111111112,0.0,0.0,0.0,87.46666666666665,172.8777777777778,0.6328014313832004,0.38986104121730325,10.333333333333334,257.20444444444445,200.77777777777777,9.777777777777779,3.6666666666666665,15.11111111111111,80.09390681003585,29.63222222222222,27.043010752688172,7.753405017921147,2.5480219872151517,21.994648790044177,7.788303650876398,9.712938039373485,59.923512246594335,19.468802566923408,14.845843830221353,29.73311917740989,115.08138182085393,0.0,0.0,0.0,95.27214543523216,171.29117969072158,0.6890430471443835,0.3861374884511395,10.730028805517378,96.28330270549537,200.22616867917827,9.927090996604718,3.9379645136909893,15.972392878906533,80.6168603404839,29.962282351631984,27.145993074780627,7.749937721676629,23.142857142857142,18.0,5.142857142857142,11.285714285714286,2.0,9.285714285714286,65.08571428571429,24.299999999999997,40.78571428571429,30.571428571428573,21.0,9.571428571428573,2.857142857142857,0.0,2.857142857142857
