stn,ym,tavg,dtr,hot_days,vhot_days,heat_deg,trop_nights,night_heat_deg,germ_block_days,cold_days,vcold_days,frost_deg,sun_hours,dark_days,rad_mj,rain_sum,wet_days,humid_hot_days,rh,n_days,hot_streak3,hot_streak_max,wet_streak_max,sun_ratio
140,2015-01,0.5258064516129033,7.993548387096775,0,0,0.0,0,0.0,0,28,10,108.7,174.3,8,0.0,41.4,9,0,78.93225806451613,31,0.0,0.0,2.0,0.5600899742930592
140,2015-02,1.9535714285714287,7.8500000000000005,0,0,0.0,0,0.0,0,20,4,68.6,161.5,8,0.0,25.8,4,0,76.64999999999999,28,0.0,0.0,2.0,0.5303776683087028
140,2015-03,5.558064516129033,11.170967741935485,0,0,0.0,0,0.0,0,18,1,41.3,248.4,4,0.0,44.00000000000001,3,0,72.06451612903226,31,0.0,0.0,1.0,0.6699029126213593
140,2015-04,12.273333333333333,10.453333333333335,0,0,0.0,0,0.0,0,0,0,0.0,182.1,11,0.0,114.9,13,1,79.55999999999999,30,0.0,0.0,5.0,0.4632409056219791
140,2015-05,17.193548387096776,10.816129032258065,1,0,0.3000000000000007,0,0.0,0,0,0,0.0,268.4,4,0.0,45.7,4,3,77.89354838709677,31,0.0,1.0,2.0,0.6153140761118753
140,2015-06,21.540000000000003,8.8,1,0,2.1000000000000014,1,0.5,1,0,0,0.0,196.2,9,0.0,120.39999999999999,5,14,85.84666666666666,30,0.0,1.0,2.0,0.4490730144197757
140,2015-07,24.403225806451612,6.6,9,1,14.099999999999994,22,67.4,17,0,0,0.0,166.7,12,0.0,112.99999999999999,11,25,92.00967741935484,31,3.0,3.0,3.0,0.3749437696806117
140,2015-08,25.570967741935487,8.180645161290322,17,5,32.199999999999996,27,67.0,19,0,0,0.0,224.6,8,0.0,31.0,5,31,88.94516129032259,31,12.0,9.0,2.0,0.53591028394178
140,2015-09,21.23,9.766666666666667,2,0,0.10000000000000142,3,3.599999999999998,1,0,0,0.0,235.9,4,0.0,66.9,3,14,81.07,30,0.0,1.0,2.0,0.6326092786269778
140,2015-10,15.603225806451613,9.903225806451612,0,0,0.0,0,0.0,0,0,0,0.0,231.6,4,0.0,99.3,7,1,80.20322580645161,31,0.0,0.0,4.0,0.6613363792118789
140,2015-11,10.616666666666667,6.376666666666667,0,0,0.0,0,0.0,0,2,0,2.0,78.7,20,0.0,150.1,13,0,87.1,30,0.0,0.0,5.0,0.25477500809323406
140,2015-12,4.119354838709677,7.525806451612904,0,0,0.0,0,0.0,0,15,2,35.8,138.8,13,0.0,43.3,9,0,80.10645161290323,31,0.0,0.0,3.0,0.45838837516512554
140,2016-01,-0.46451612903225803,7.019354838709678,0,0,0.0,0,0.0,0,26,11,132.0,130.3,11,0.0,42.400000000000006,7,0,79.4258064516129,31,0.0,0.0,3.0,0.4189710610932476
140,2016-02,2.189655172413793,8.958620689655174,0,0,0.0,0,0.0,0,24,9,89.1,181.3,8,0.0,46.1,6,0,72.50344827586207,29,0.0,0.0,3.0,0.5748256182625239
140,2016-03,6.590322580645162,10.719354838709679,0,0,0.0,0,0.0,0,11,1,21.2,234.1,5,0.0,24.1,2,0,73.31935483870969,31,0.0,0.0,1.0,0.629978471474704
140,2016-04,12.993333333333334,10.696666666666667,0,0,0.0,0,0.0,0,0,0,0.0,206.4,5,0.0,166.60000000000002,9,0,80.22666666666667,30,0.0,0.0,2.0,0.524257048514097
140,2016-05,18.18064516129032,10.712903225806452,0,0,0.0,0,0.0,0,0,0,0.0,272.3,3,0.0,102.9,7,2,79.98387096774194,31,0.0,0.0,2.0,0.6233974358974359
140,2016-06,22.226666666666667,7.513333333333334,0,0,0.0,8,7.400000000000002,1,0,0,0.0,203.6,10,0.0,37.4,4,22,90.25666666666666,30,0.0,0.0,1.0,0.465797300388927
140,2016-07,26.01290322580645,7.116129032258065,18,3,36.099999999999994,30,90.7,21,0,0,0.0,202.7,11,0.0,327.20000000000005,9,29,92.79032258064517,31,17.0,13.0,6.0,0.45622327256358314
140,2016-08,27.083870967741937,7.974193548387096,25,9,70.1,26,117.2,25,0,0,0.0,268.4,3,0.0,10.0,2,27,88.99354838709678,31,25.0,25.0,1.0,0.641491395793499
140,2016-09,22.34333333333333,8.083333333333334,2,0,2.8999999999999986,9,10.599999999999994,3,0,0,0.0,169.8,9,0.0,192.1,5,20,86.99666666666667,30,0.0,1.0,3.0,0.4565743479429955
140,2016-10,16.212903225806453,8.338709677419354,0,0,0.0,0,0.0,0,0,0,0.0,142.3,13,0.0,112.3,7,4,83.10967741935484,31,0.0,0.0,2.0,0.40738620097337536
140,2016-11,8.360000000000001,9.383333333333333,0,0,0.0,0,0.0,0,6,0,7.4,173.2,9,0.0,31.900000000000002,6,0,75.58999999999999,30,0.0,0.0,2.0,0.561244329228775
140,2016-12,3.648387096774193,9.135483870967741,0,0,0.0,0,0.0,0,20,3,55.9,167.3,10,0.0,51.4,7,0,76.70967741935483,31,0.0,0.0,3.0,0.5528750826173165
140,2017-01,0.5290322580645161,9.35483870967742,0,0,0.0,0,0.0,0,27,13,130.4,183.4,8,0.0,16.9,6,0,76.27741935483871,31,0.0,0.0,3.0,0.5887640449438203
140,2017-02,1.511111111111111,9.967857142857143,0,0,0.0,0,0.0,0,26,8,100.0,204.8,5,0.0,36.8,4,0,72.32222222222222,28,0.0,0.0,2.0,0.6714754098360656
140,2017-03,5.709677419354839,11.254838709677419,0,0,0.0,0,0.0,0,18,0,22.3,247.1,3,0.0,12.8,4,0,73.33225806451614,31,0.0,0.0,1.0,0.6651413189771198
140,2017-04,12.946666666666665,10.563333333333333,0,0,0.0,0,0.0,0,0,0,0.0,250.8,4,0.0,61.6,5,1,77.22,30,0.0,0.0,2.0,0.6371951219512195
140,2017-05,17.90967741935484,10.790322580645162,0,0,0.0,0,0.0,0,0,0,0.0,280.3,5,0.0,39.3,3,4,79.52903225806452,31,0.0,0.0,1.0,0.6420064131928539
140,2017-06,21.91,10.24,4,0,1.6000000000000014,4,4.200000000000003,0,0,0,0.0,246.0,5,0.0,37.0,5,4,70.06428571428572,30,0.0,2.0,2.0,0.5628002745367193
140,2017-07,26.6,6.258064516129032,19,2,29.400000000000002,31,126.7,26,0,0,0.0,124.3,15,0.0,221.1,14,28,86.59310344827585,31,18.0,12.0,3.0,0.27964004499437567
140,2017-08,25.783333333333335,7.4387096774193555,16,6,35.90000000000001,25,93.9,20,0,0,0.0,211.4,10,0.0,164.7,9,19,83.46666666666667,31,13.0,8.0,3.0,0.5052581261950287
140,2017-09,21.013333333333332,9.306666666666667,0,0,0.0,0,0.0,0,0,0,0.0,224.7,5,0.0,90.2,4,11,79.7,30,0.0,0.0,2.0,0.6037076840408383
140,2017-10,15.832258064516129,9.306451612903226,0,0,0.0,0,0.0,0,0,0,0.0,195.7,6,0.0,28.0,5,3,75.35806451612903,31,0.0,0.0,2.0,0.5596225336002287
140,2017-11,7.203333333333333,9.986666666666668,0,0,0.0,0,0.0,0,7,0,9.0,203.1,3,0.0,19.1,4,0,70.95666666666666,30,0.0,0.0,3.0,0.6577072538860104
140,2017-12,0.8774193548387097,8.651612903225805,0,0,0.0,0,0.0,0,27,11,105.5,178.5,6,0.0,46.900000000000006,9,0,70.94516129032259,31,0.0,0.0,2.0,0.5896927651139743
140,2018-01,-1.793548387096774,8.548387096774194,0,0,0.0,0,0.0,0,27,15,185.7,176.8,8,0.0,27.4,7,0,72.12258064516129,31,0.0,0.0,4.0,0.5679408930292322
140,2018-02,-0.11071428571428567,9.721428571428572,0,0,0.0,0,0.0,0,25,12,137.3,194.1,3,0.0,33.5,3,0,62.275,28,0.0,0.0,2.0,0.6366021646441457
140,2018-03,7.816129032258065,11.009677419354839,0,0,0.0,0,0.0,0,7,1,11.5,197.79999999999998,9,0.0,96.3,8,0,80.56451612903226,31,0.0,0.0,2.0,0.5331536388140161
140,2018-04,12.563333333333333,10.51,0,0,0.0,0,0.0,0,0,0,0.0,225.2,8,0.0,122.0,9,0,75.27333333333333,30,0.0,0.0,4.0,0.5722998729351969
140,2018-05,17.725806451612904,9.406451612903227,0,0,0.0,2,3.599999999999998,0,0,0,0.0,203.8,9,0.0,139.6,9,4,77.66774193548386,31,0.0,0.0,2.0,0.4668957617411226
140,2018-06,21.96333333333333,8.733333333333333,2,0,3.1999999999999957,5,6.699999999999999,1,0,0,0.0,229.2,4,0.0,101.10000000000001,6,11,79.75666666666666,30,0.0,1.0,3.0,0.5243651338366506
140,2018-07,26.883870967741935,7.870967741935484,23,8,64.59999999999998,29,105.69999999999999,24,0,0,0.0,285.7,4,0.0,316.3,5,16,81.05806451612904,31,22.0,22.0,2.0,0.6427446569178853
140,2018-08,27.693548387096776,8.083870967741936,25,16,92.60000000000001,29,129.5,25,0,0,0.0,245.5,8,0.0,495.9,9,14,79.26774193548388,31,23.0,23.0,3.0,0.5864787386526517
140,2018-09,21.19,8.203333333333333,2,0,0.9000000000000021,7,6.199999999999999,2,0,0,0.0,202.1,10,0.0,77.5,6,6,77.39,30,0.0,1.0,2.0,0.5424047235641438
140,2018-10,13.641935483870967,9.735483870967743,0,0,0.0,0,0.0,0,0,0,0.0,235.1,5,0.0,138.1,8,0,75.73225806451612,31,0.0,0.0,2.0,0.6719062589311232
140,2018-11,8.7,9.68,0,0,0.0,0,0.0,0,0,0,0.0,186.3,8,0.0,52.0,3,0,76.29666666666667,30,0.0,0.0,2.0,0.6033031088082902
140,2018-12,1.8741935483870968,8.183870967741935,0,0,0.0,0,0.0,0,20,9,94.9,185.3,7,0.0,37.4,4,0,65.02580645161291,31,0.0,0.0,2.0,0.6119550858652576
140,2019-01,0.33548387096774196,9.141935483870967,0,0,0.0,0,0.0,0,30,10,131.2,200.3,4,0.0,6.699999999999999,3,0,69.71290322580644,31,0.0,0.0,1.0,0.6436375321336761
140,2019-02,1.957142857142857,9.185714285714285,0,0,0.0,0,0.0,0,25,4,74.6,173.8,6,0.0,35.7,2,0,70.075,28,0.0,0.0,1.0,0.5705843729481287
140,2019-03,6.761290322580645,10.283870967741937,0,0,0.0,0,0.0,0,9,0,10.2,220.0,6,0.0,33.6,4,0,73.49677419354839,31,0.0,0.0,2.0,0.593311758360302
140,2019-04,11.55,10.223333333333333,0,0,0.0,0,0.0,0,1,0,0.4,198.8,7,0.0,78.8,7,0,73.75666666666666,30,0.0,0.0,3.0,0.505723734418723
140,2019-05,17.480645161290322,11.47741935483871,1,0,0.0,0,0.0,0,0,0,0.0,294.9,3,0.0,44.3,4,0,68.85483870967742,31,0.0,1.0,2.0,0.6759110703644281
140,2019-06,20.813333333333333,8.253333333333334,1,0,0.6999999999999993,4,2.1000000000000014,0,0,0,0.0,232.6,6,0.0,74.8,6,9,81.11,30,0.0,1.0,2.0,0.5321436742164265
140,2019-07,24.961290322580645,7.048387096774194,11,1,15.899999999999991,22,69.2,14,0,0,0.0,180.8,12,0.0,198.1,8,22,82.96774193548387,31,9.0,3.0,4.0,0.40656622442095797
140,2019-08,26.467741935483872,7.8032258064516125,20,9,49.19999999999998,28,97.6,21,0,0,0.0,248.7,5,0.0,104.5,6,16,80.69032258064516,31,18.0,14.0,2.0,0.5934144595561918
140,2019-09,22.033333333333335,7.7266666666666675,2,0,0.8999999999999986,10,19.8,3,0,0,0.0,147.3,14,0.0,185.2,9,14,82.67,30,0.0,1.0,2.0,0.3950120675784393
140,2019-10,16.34516129032258,9.361290322580645,0,0,0.0,1,0.1999999999999993,0,0,0,0.0,219.6,4,0.0,98.39999999999999,4,2,76.30000000000001,31,0.0,0.0,2.0,0.6268912360833571
140,2019-11,9.575862068965517,10.523333333333333,0,0,0.0,0,0.0,0,5,0,3.8,190.6,6,0.0,114.7,5,0,72.29655172413793,30,0.0,0.0,2.0,0.617028164454516
140,2019-12,3.774193548387097,8.667741935483871,0,0,0.0,0,0.0,0,18,3,47.1,170.6,8,0.0,33.300000000000004,6,0,68.6774193548387,31,0.0,0.0,1.0,0.5634081902245707
140,2020-01,3.1838709677419357,7.996774193548387,0,0,0.0,0,0.0,0,20,1,44.6,148.7,9,0.0,70.6,4,0,72.13225806451612,31,0.0,0.0,3.0,0.4781350482315112
140,2020-02,3.617241379310345,9.444827586206896,0,0,0.0,0,0.0,0,18,5,60.0,195.8,7,0.0,60.5,9,0,75.32068965517242,29,0.0,0.0,3.0,0.6207989854153457
140,2020-03,7.519354838709678,10.751612903225807,0,0,0.0,0,0.0,0,6,0,9.7,252.5,5,0.0,16.8,4,0,66.57741935483871,31,0.0,0.0,2.0,0.6793112725316115
140,2020-04,10.255172413793103,10.49,0,0,0.0,0,0.0,0,0,0,0.0,283.1,2,0.0,20.299999999999997,3,0,65.01724137931035,30,0.0,0.0,1.0,0.7190754381508764
140,2020-05,17.416129032258063,9.46774193548387,0,0,0.0,0,0.0,0,0,0,0.0,211.7,8,0.0,98.7,9,2,77.57096774193548,31,0.0,0.0,3.0,0.4846611721611721
140,2020-06,22.35,8.206666666666667,7,2,14.2,7,4.800000000000001,3,0,0,0.0,194.0,9,0.0,196.6,12,14,81.64333333333335,30,5.0,5.0,5.0,0.44383436284603067
140,2020-07,22.961290322580645,6.070967741935484,1,0,1.0,17,26.999999999999996,3,0,0,0.0,109.1,17,0.0,446.2,16,19,87.33548387096775,31,0.0,1.0,5.0,0.2454995499549955
140,2020-08,26.948387096774194,6.532258064516129,24,3,42.10000000000001,31,134.1,28,0,0,0.0,173.0,12,0.0,520.6,15,26,85.35483870967742,31,22.0,10.0,8.0,0.4134799235181645
140,2020-09,21.003333333333334,7.8533333333333335,1,0,1.1999999999999993,5,7.599999999999998,1,0,0,0.0,185.5,8,0.0,171.0,10,11,80.75,30,0.0,1.0,3.0,0.4987899973111052
140,2020-10,14.496774193548386,10.40967741935484,0,0,0.0,0,0.0,0,0,0,0.0,226.4,5,0.0,4.1000000000000005,1,0,70.49677419354839,31,0.0,0.0,1.0,0.6481534497566561
140,2020-11,9.28,9.286666666666667,0,0,0.0,0,0.0,0,1,0,0.5,179.8,9,0.0,47.6,5,0,71.25666666666666,30,0.0,0.0,3.0,0.5828200972447326
140,2020-12,1.5799999999999998,8.96774193548387,0,0,0.0,0,0.0,0,24,8,87.4,165.7,6,0.0,11.799999999999999,4,0,67.67666666666666,31,0.0,0.0,3.0,0.5477685950413222
140,2021-01,-0.019354838709677292,9.464516129032257,0,0,0.0,0,0.0,0,23,18,167.9,175.2,7,0.0,28.8,8,0,68.15806451612903,31,0.0,0.0,2.0,0.5624398073836275
140,2021-02,3.814285714285714,10.028571428571428,0,0,0.0,0,0.0,0,17,5,62.5,192.6,5,0.0,13.8,5,0,66.83214285714286,28,0.0,0.0,2.0,0.6314754098360655
140,2021-03,8.345161290322581,10.296774193548387,0,0,0.0,0,0.0,0,2,0,1.8,207.6,7,0.0,91.9,5,0,75.66129032258064,31,0.0,0.0,1.0,0.5588156123822342
140,2021-04,13.326666666666666,10.610000000000001,0,0,0.0,0,0.0,0,0,0,0.0,219.9,7,0.0,43.9,5,0,64.52333333333333,30,0.0,0.0,2.0,0.5585471170942342
140,2021-05,16.63225806451613,9.570967741935483,0,0,0.0,0,0.0,0,0,0,0.0,201.8,10,0.0,137.0,13,1,74.51612903225806,31,0.0,0.0,3.0,0.46220797068254693
140,2021-06,22.14333333333333,8.28,3,0,2.1999999999999993,6,3.200000000000003,1,0,0,0.0,229.7,4,0.0,98.80000000000001,8,10,79.46000000000001,30,0.0,1.0,2.0,0.5255090368336766
140,2021-07,26.55,7.541935483870968,23,7,56.2,31,105.6,25,0,0,0.0,218.1,7,0.0,251.3,11,15,83.44333333333334,31,20.0,20.0,6.0,0.4906636670416198
140,2021-08,25.53548387096774,7.2870967741935475,17,1,25.69999999999999,29,74.7,22,0,0,0.0,185.0,10,0.0,218.3,10,15,82.97096774193548,31,15.0,11.0,3.0,0.4421606118546845
140,2021-09,22.283333333333335,7.496666666666667,0,0,0.0,9,4.300000000000001,0,0,0,0.0,179.4,7,0.0,138.8,8,13,81.2,30,0.0,0.0,3.0,0.4819989253089737
140,2021-10,16.003225806451614,10.180645161290323,2,0,1.1999999999999993,1,0.0,0,0,0,0.0,223.1,6,0.0,32.7,6,8,78.7258064516129,31,0.0,2.0,3.0,0.638157894736842
140,2021-11,9.646666666666668,9.266666666666667,0,0,0.0,0,0.0,0,1,0,0.1,179.6,9,0.0,81.9,9,0,78.01,30,0.0,0.0,5.0,0.5817946226109492
140,2021-12,3.07741935483871,9.280645161290321,0,0,0.0,0,0.0,0,19,6,69.8,178.1,6,0.0,14.5,5,0,70.03870967741935,31,0.0,0.0,2.0,0.5883713247439709
140,2022-01,-0.2870967741935484,9.561290322580644,0,0,0.0,0,0.0,0,30,17,155.5,206.5,5,0.0,4.3,1,0,64.80322580645162,31,0.0,0.0,1.0,0.6633472534532605
140,2022-02,0.42857142857142855,9.514285714285714,0,0,0.0,0,0.0,0,27,14,119.1,222.8,1,0.0,7.1,3,0,64.00714285714285,28,0.0,0.0,1.0,0.7307313873401116
140,2022-03,6.95483870967742,10.53225806451613,0,0,0.0,0,0.0,0,10,0,17.9,147.9,16,0.0,78.6,8,0,73.73548387096774,31,0.0,0.0,3.0,0.39854486661277283
140,2022-04,12.753333333333334,10.65,0,0,0.0,0,0.0,0,0,0,0.0,248.8,5,0.0,83.30000000000001,5,0,70.00666666666666,30,0.0,0.0,2.0,0.6322744599745871
140,2022-05,17.43548387096774,10.670967741935485,0,0,0.0,0,0.0,0,0,0,0.0,301.8,2,0.0,4.8999999999999995,2,0,64.13548387096775,31,0.0,0.0,1.0,0.6914089347079038
140,2022-06,22.793333333333333,7.6899999999999995,7,0,4.800000000000004,13,32.900000000000006,6,0,0,0.0,177.1,10,0.0,94.9,8,9,78.45666666666666,30,4.0,4.0,2.0,0.40517044154655685
140,2022-07,26.41290322580645,6.706451612903227,13,5,35.80000000000001,31,105.8,25,0,0,0.0,178.4,10,0.0,152.2,13,22,82.51612903225806,31,9.0,5.0,2.0,0.40134983127109114
140,2022-08,25.651612903225807,6.064516129032258,14,1,20.8,25,104.1,22,0,0,0.0,130.9,15,0.0,340.9,12,22,84.51290322580645,31,9.0,9.0,3.0,0.31270903010033446
140,2022-09,22.0,8.96,4,0,7.799999999999997,9,20.8,4,0,0,0.0,190.7,6,0.0,80.60000000000001,4,8,76.10666666666665,30,4.0,4.0,3.0,0.5118089103596349
140,2022-10,14.25,9.936666666666667,0,0,0.0,2,1.2000000000000028,0,0,0,0.0,217.7,5,0.0,73.8,4,2,73.21071428571429,30,0.0,0.0,2.0,0.6437019515079835
140,2022-11,10.373333333333333,11.226666666666667,0,0,0.0,0,0.0,0,2,0,4.2,192.2,5,0.0,75.39999999999999,3,0,69.33,30,0.0,0.0,2.0,0.6224093264248705
140,2022-12,-0.7709677419354838,8.980645161290322,0,0,0.0,0,0.0,0,29,15,154.9,156.2,8,0.0,47.4,7,0,68.42258064516129,31,0.0,0.0,3.0,0.5158520475561426
140,2023-01,-0.14193548387096783,10.051612903225806,0,0,0.0,0,0.0,0,29,14,160.2,200.8,5,0.0,27.0,3,0,67.16774193548386,31,0.0,0.0,1.0,0.6458668382116437
140,2023-02,1.867857142857143,10.364285714285714,0,0,0.0,0,0.0,0,26,5,90.5,185.8,4,0.0,4.9,2,0,66.06071428571428,28,0.0,0.0,1.0,0.6099803020354563
140,2023-03,8.274193548387096,12.751612903225807,0,0,0.0,0,0.0,0,8,0,11.2,242.1,4,0.0,19.6,2,0,60.880645161290325,31,0.0,0.0,1.0,0.6529126213592232
140,2023-04,12.91,10.856666666666666,0,0,0.0,0,0.0,0,0,0,0.0,192.8,9,0.0,66.10000000000001,7,1,65.54333333333334,30,0.0,0.0,3.0,0.49046044263546174
140,2023-05,18.200000000000003,10.048387096774194,0,0,0.0,0,0.0,0,0,0,0.0,218.5,7,0.0,336.0,5,1,72.26774193548387,31,0.0,0.0,3.0,0.5008022003208801
140,2023-06,22.236666666666668,7.983333333333333,4,0,4.600000000000005,9,11.900000000000006,1,0,0,0.0,224.8,7,0.0,179.1,7,6,77.95,30,0.0,2.0,5.0,0.5142987874628232
140,2023-07,25.780645161290323,6.422580645161291,14,3,28.299999999999997,30,95.2,21,0,0,0.0,150.4,14,0.0,870.3,17,25,86.16451612903225,31,8.0,8.0,6.0,0.338205531819204
140,2023-08,26.903225806451612,7.516129032258065,21,9,54.8,29,111.6,26,0,0,0.0,225.4,9,0.0,178.79999999999998,11,16,81.83225806451614,31,19.0,10.0,4.0,0.5378191362443331
140,2023-09,23.153333333333332,7.396666666666666,7,0,7.9999999999999964,17,27.4,6,0,0,0.0,166.2,11,0.0,199.29999999999998,9,10,80.89,30,7.0,7.0,4.0,0.44581545064377676
140,2023-10,15.66451612903226,10.048387096774194,0,0,0.0,0,0.0,0,0,0,0.0,229.8,5,0.0,20.5,3,0,73.93548387096774,31,0.0,0.0,3.0,0.6561964591661908
140,2023-11,8.593333333333334,9.32,0,0,0.0,0,0.0,0,8,0,11.2,163.4,8,0.0,80.2,6,1,71.48,30,0.0,0.0,3.0,0.526926797807159
140,2023-12,3.229032258064516,7.883870967741935,0,0,0.0,0,0.0,0,19,6,88.0,102.9,17,0.0,139.0,10,0,77.47096774193548,31,0.0,0.0,4.0,0.3398282694848085
140,2024-01,1.1870967741935483,7.925806451612903,0,0,0.0,0,0.0,0,22,8,98.8,151.0,12,0.0,57.4,6,0,73.96451612903226,31,0.0,0.0,2.0,0.4855305466237942
140,2024-02,4.444827586206896,8.26896551724138,0,0,0.0,0,0.0,0,13,0,30.4,113.7,15,0.0,138.9,11,0,79.02758620689656,29,0.0,0.0,8.0,0.3604946100190235
140,2024-03,6.690322580645161,9.73225806451613,0,0,0.0,0,0.0,0,10,1,22.1,203.5,6,0.0,54.7,5,0,71.54838709677419,31,0.0,0.0,2.0,0.547484530535378
140,2024-04,14.243333333333334,9.97,0,0,0.0,0,0.0,0,0,0,0.0,191.7,8,0.0,53.4,5,0,76.22333333333333,30,0.0,0.0,2.0,0.4869189738379477
140,2024-05,17.24516129032258,9.796774193548387,0,0,0.0,0,0.0,0,0,0,0.0,260.4,4,0.0,108.3,7,0,76.00967741935484,31,0.0,0.0,4.0,0.5960173952849622
140,2024-06,22.533333333333335,9.086666666666668,5,1,8.900000000000002,7,9.8,2,0,0,0.0,239.4,6,0.0,73.7,4,8,76.74666666666667,30,0.0,1.0,2.0,0.5477007549759781
140,2024-07,26.761290322580646,6.241935483870968,18,2,33.9,31,124.5,26,0,0,0.0,127.8,12,0.0,606.5,12,23,84.76774193548388,31,12.0,12.0,4.0,0.28770823953174246
140,2024-08,28.603225806451615,7.706451612903226,29,15,94.10000000000001,31,164.1,31,0,0,0.0,240.8,4,0.0,19.0,5,21,80.61290322580645,31,29.0,18.0,3.0,0.5756633994740616
140,2024-09,25.85,8.39,18,9,45.30000000000001,23,78.80000000000001,19,0,0,0.0,204.5,7,0.0,188.6,5,13,78.20333333333333,30,16.0,13.0,2.0,0.5498789997311105
140,2024-10,16.70967741935484,8.535483870967743,0,0,0.0,0,0.0,0,0,0,0.0,152.7,11,0.0,111.6,9,0,80.61935483870967,31,0.0,0.0,2.0,0.4371600343544231
140,2024-11,10.313333333333333,9.866666666666667,0,0,0.0,0,0.0,0,2,0,0.4,172.6,8,0.0,48.1,7,0,70.03999999999999,30,0.0,0.0,5.0,0.559481361426256
140,2024-12,2.454838709677419,7.967741935483871,0,0,0.0,0,0.0,0,24,2,54.4,144.8,11,0.0,17.3,6,0,69.97096774193548,31,0.0,0.0,2.0,0.47867768595041327
140,2025-01,0.3387096774193548,9.096774193548388,0,0,0.0,0,0.0,0,29,8,122.5,171.3,10,0.0,35.1,8,0,73.02903225806452,31,0.0,0.0,5.0,0.5499197431781702
140,2025-02,-0.3285714285714287,9.382142857142856,0,0,0.0,0,0.0,0,25,15,142.4,191.1,5,0.0,17.9,5,0,67.78214285714286,28,0.0,0.0,3.0,0.6265573770491804
140,2025-03,7.370967741935484,10.59032258064516,0,0,0.0,0,0.0,0,10,0,12.200000000000001,214.8,7,0.0,41.699999999999996,5,0,65.91612903225807,31,0.0,0.0,4.0,0.5781965006729476
140,2025-04,12.379999999999999,11.83,0,0,0.0,0,0.0,0,0,0,0.0,247.2,4,0.0,62.1,6,1,68.66333333333334,30,0.0,0.0,3.0,0.6278892557785115
140,2025-05,16.858064516129033,9.30967741935484,0,0,0.0,1,0.5,0,0,0,0.0,199.6,11,0.0,81.1,7,1,73.61612903225806,31,0.0,0.0,2.0,0.457064346233112
140,2025-06,22.64,8.496666666666666,7,0,7.300000000000001,10,19.999999999999996,5,0,0,0.0,211.1,7,0.0,303.0,7,10,77.17333333333333,30,4.0,4.0,2.0,0.48295584534431485
140,2025-07,27.66774193548387,7.858064516129032,24,14,78.6,30,124.9,25,0,0,0.0,260.5,6,0.0,169.8,7,10,76.81612903225808,31,24.0,12.0,5.0,0.5860517435320585
140,2025-08,27.37741935483871,7.445161290322581,23,6,54.599999999999994,31,122.89999999999999,28,0,0,0.0,228.4,7,0.0,152.9,7,19,81.89354838709677,31,18.0,13.0,2.0,0.5458891013384322
140,2025-09,23.516666666666666,7.3133333333333335,7,1,11.100000000000005,15,33.69999999999999,9,0,0,0.0,126.0,14,0.0,556.2,13,16,82.59666666666666,30,4.0,4.0,2.0,0.338527673293928
140,2025-10,17.370967741935484,7.735483870967743,0,0,0.0,0,0.0,0,0,0,0.0,144.7,14,0.0,109.89999999999999,12,5,82.55806451612904,31,0.0,0.0,7.0,0.41390160183066355
140,2025-11,9.4,10.576666666666666,0,0,0.0,0,0.0,0,1,0,2.2,198.70000000000002,3,0.0,16.799999999999997,5,0,73.89666666666668,30,0.0,0.0,2.0,0.6436669906057662
140,2025-12,3.07741935483871,9.451612903225806,0,0,0.0,0,0.0,0,22,6,69.2,167.7,8,0.0,36.8,7,0,72.76666666666667,31,0.0,0.0,2.0,0.554013875123885
140,2026-01,-1.393548387096774,9.470967741935485,0,0,0.0,0,0.0,0,29,22,190.0,190.4,6,0.0,1.1,0,0,66.79032258064517,31,0.0,0.0,0.0,0.6116286540314809
140,2026-02,1.984,10.442857142857141,0,0,0.0,0,0.0,0,21,9,90.7,145.4,3,0.0,20.200000000000003,2,0,70.36,28,0.0,0.0,1.0,0.47687766480813387
140,2026-03,6.462068965517242,10.712903225806452,0,0,0.0,0,0.0,0,11,1,20.0,201.8,6,0.0,73.5,6,0,70.08275862068966,31,0.0,0.0,2.0,0.5436422413793104
140,2026-04,12.786666666666667,11.436666666666667,0,0,0.0,0,0.0,0,0,0,0.0,211.0,9,0.0,74.10000000000001,4,0,65.77666666666667,30,0.0,0.0,2.0,0.5360772357723577
140,2026-05,18.0,10.251612903225807,0,0,0.0,1,0.8999999999999986,0,0,0,0.0,245.6,7,0.0,125.7,6,1,74.0741935483871,31,0.0,0.0,2.0,0.5626575028636884
140,2026-06,22.44333333333333,9.063333333333333,1,0,1.1000000000000014,7,4.300000000000001,0,0,0,0.0,243.8,5,0.0,99.3,5,3,75.40333333333334,30,0.0,1.0,4.0,0.5577671013498056
140,2026-07,27.016129032258064,6.667741935483871,20,5,42.400000000000006,31,123.29999999999998,26,0,0,0.0,176.9,9,0.0,260.0,11,26,84.13548387096773,31,17.0,12.0,5.0,0.39797525309336335
140,2026-08,30.060000000000002,8.309999999999999,10,7,46.9,10,63.8,10,0,0,0.0,107.1,0,0.0,0.0,0,3,77.06,10,10.0,10.0,0.0,0.7738439306358381
146,2015-01,1.0096774193548388,9.161290322580646,0,0,0.0,0,0.0,0,26,10,108.4,153.5,7,249.98,41.5,6,0,67.3258064516129,31,0.0,0.0,2.0,0.492776886035313
146,2015-02,2.517857142857143,9.417857142857143,0,0,0.0,0,0.0,0,20,4,67.89999999999999,153.3,9,290.5,15.8,4,0,61.71785714285714,28,0.0,0.0,2.0,0.5029527559055118
146,2015-03,7.203225806451614,13.293548387096774,0,0,0.0,0,0.0,0,18,1,39.4,242.7,4,519.74,30.5,3,0,50.55806451612903,31,0.0,0.0,1.0,0.6547073104936606
146,2015-04,13.91,12.07,0,0,0.0,0,0.0,0,0,0,0.0,172.7,10,457.85,93.3,12,0,63.62,30,0.0,0.0,4.0,0.4395520488673963
146,2015-05,19.248387096774195,14.080645161290322,6,2,10.700000000000003,0,0.0,0,0,0,0.0,276.5,4,702.9,40.6,4,0,55.093548387096774,31,4.0,4.0,2.0,0.6347566574839302
146,2015-06,22.746666666666666,10.139999999999999,10,1,14.500000000000004,5,3.299999999999997,2,0,0,0.0,176.9,10,529.59,124.7,8,7,69.71666666666667,30,0.0,2.0,3.0,0.4050835814059996
146,2015-07,25.129032258064516,7.254838709677419,13,2,21.100000000000005,22,74.6,19,0,0,0.0,157.5,13,530.45,121.9,14,20,83.23225806451612,31,4.0,4.0,4.0,0.3544902093180283
146,2015-08,25.92258064516129,8.448387096774193,18,8,41.39999999999999,25,66.9,20,0,0,0.0,198.2,9,563.97,49.0,6,13,79.09354838709677,31,13.0,10.0,2.0,0.4733699546214473
146,2015-09,21.563333333333333,10.336666666666668,2,0,2.0,2,2.6999999999999993,0,0,0,0.0,224.2,7,524.08,36.7,3,4,72.28,30,0.0,1.0,2.0,0.6010723860589812
146,2015-10,16.051612903225806,10.387096774193548,0,0,0.0,0,0.0,0,0,0,0.0,231.7,4,438.84000000000003,98.1,7,0,73.80645161290323,31,0.0,0.0,3.0,0.6614330573793891
146,2015-11,10.896666666666667,6.816666666666666,0,0,0.0,0,0.0,0,2,0,2.9,73.8,20,176.39000000000001,102.8,10,0,84.23,30,0.0,0.0,3.0,0.2387576835975412
146,2015-12,4.432258064516129,7.270967741935484,0,0,0.0,0,0.0,0,12,0,31.5,131.8,13,215.47,58.6,10,0,74.9483870967742,31,0.0,0.0,3.0,0.4346965699208444
146,2016-01,-0.1935483870967742,6.800000000000001,0,0,0.0,0,0.0,0,25,9,118.2,140.7,10,239.54,25.200000000000003,7,0,71.52903225806452,31,0.0,0.0,2.0,0.45212082262210795
146,2016-02,2.506896551724138,9.089655172413794,0,0,0.0,0,0.0,0,22,6,80.8,183.20000000000002,8,344.37,31.6,5,0,63.63103448275862,29,0.0,0.0,2.0,0.5799303577081356
146,2016-03,7.635483870967741,11.30967741935484,0,0,0.0,0,0.0,0,7,1,19.3,222.9,5,519.0,67.0,3,0,61.461290322580645,31,0.0,0.0,2.0,0.599515868746638
146,2016-04,14.633333333333333,11.6,0,0,0.0,0,0.0,0,0,0,0.0,186.1,11,526.14,144.20000000000002,11,0,68.89666666666668,30,0.0,0.0,3.0,0.47257491112239713
146,2016-05,19.22258064516129,12.05483870967742,2,0,0.10000000000000142,0,0.0,0,0,0,0.0,277.9,4,709.69,84.3,7,1,66.81290322580645,31,0.0,1.0,2.0,0.6369470547788219
146,2016-06,22.779999999999998,8.643333333333334,5,0,2.1000000000000014,9,9.000000000000004,1,0,0,0.0,171.5,11,557.71,95.8,8,13,79.51666666666667,30,0.0,1.0,2.0,0.39253833829251544
146,2016-07,26.516129032258064,7.729032258064516,20,10,54.1,31,100.7,24,0,0,0.0,184.7,9,564.96,251.8,10,14,82.43870967741935,31,17.0,13.0,6.0,0.4160847037621086
146,2016-08,27.41290322580645,8.816129032258065,25,22,95.6,25,117.89999999999999,25,0,0,0.0,227.79999999999998,5,601.61,35.8,7,7,76.17096774193548,31,25.0,25.0,2.0,0.5449760765550239
146,2016-09,22.603333333333335,8.276666666666666,6,0,5.800000000000001,10,12.100000000000001,3,0,0,0.0,139.3,13,408.23,145.4,6,7,78.67333333333333,30,3.0,3.0,3.0,0.3743617307175491
146,2016-10,16.483870967741936,8.264516129032257,0,0,0.0,0,0.0,0,0,0,0.0,114.3,16,312.26,152.29999999999998,9,1,77.86774193548388,31,0.0,0.0,2.0,0.3272258803320927
146,2016-11,8.586666666666668,9.32,0,0,0.0,0,0.0,0,8,0,7.3,166.0,9,286.94,37.5,7,0,68.73333333333333,30,0.0,0.0,2.0,0.5373907413402396
146,2016-12,3.838709677419355,8.89032258064516,0,0,0.0,0,0.0,0,19,4,50.3,155.7,13,248.23,46.8,7,0,69.40645161290323,31,0.0,0.0,3.0,0.51318391562294
146,2017-01,0.7935483870967741,8.993548387096775,0,0,0.0,0,0.0,0,23,14,122.8,181.9,4,299.09000000000003,13.4,5,0,66.49032258064516,31,0.0,0.0,2.0,0.5835739493102342
146,2017-02,1.9285714285714286,9.964285714285714,0,0,0.0,0,0.0,0,25,5,77.8,200.4,4,372.63,52.599999999999994,6,0,62.310714285714276,28,0.0,0.0,2.0,0.6566186107470512
146,2017-03,6.467741935483871,11.312903225806451,0,0,0.0,0,0.0,0,10,0,13.4,231.6,3,527.55,24.1,8,0,59.36451612903225,31,0.0,0.0,2.0,0.6239224137931034
146,2017-04,13.976666666666667,12.223333333333333,0,0,0.0,0,0.0,0,0,0,0.0,247.6,4,607.5600000000001,57.8,7,0,62.666666666666664,30,0.0,0.0,2.0,0.6292249047013977
146,2017-05,18.848387096774193,12.28709677419355,2,0,0.3000000000000007,0,0.0,0,0,0,0.0,279.8,4,705.07,51.5,5,1,63.92258064516129,31,0.0,2.0,2.0,0.6415959642283879
146,2017-06,22.253333333333334,10.443333333333333,9,1,8.700000000000003,6,6.5,3,0,0,0.0,234.4,6,666.89,100.0,5,5,69.71666666666667,30,7.0,4.0,3.0,0.5365072098878463
146,2017-07,27.10967741935484,6.687096774193549,22,3,42.8,31,132.2,28,0,0,0.0,115.7,16,480.69,216.4,18,29,87.7709677419355,31,19.0,12.0,6.0,0.2606442892543366
146,2017-08,26.23548387096774,7.909677419354838,20,8,45.3,26,93.5,21,0,0,0.0,187.5,9,533.35,272.3,13,17,79.64838709677419,31,18.0,8.0,5.0,0.4483500717360115
146,2017-09,21.44333333333333,9.866666666666667,2,0,1.0999999999999979,0,0.0,0,0,0,0.0,207.7,5,493.74,91.9,4,10,77.17,30,0.0,2.0,2.0,0.5578834273435401
146,2017-10,16.04193548387097,9.7,0,0,0.0,0,0.0,0,0,0,0.0,185.0,9,383.9,28.2,5,4,77.0516129032258,31,0.0,0.0,2.0,0.5290248784672577
146,2017-11,7.4766666666666675,10.437931034482759,0,0,0.0,0,0.0,0,9,0,9.7,194.5,4,300.38,3.1,1,0,67.69333333333333,30,0.0,0.0,1.0,0.6294498381877023
146,2017-12,0.996774193548387,8.30967741935484,0,0,0.0,0,0.0,0,24,9,99.8,161.9,10,259.31,36.5,5,0,64.13225806451612,31,0.0,0.0,2.0,0.5337949225189581
146,2018-01,-1.5387096774193547,8.038709677419355,0,0,0.0,0,0.0,0,25,12,170.0,178.3,8,288.19,28.4,6,0,67.56774193548387,31,0.0,0.0,3.0,0.5722079589216945
146,2018-02,0.4107142857142857,10.50357142857143,0,0,0.0,0,0.0,0,25,12,124.4,197.3,2,369.12,21.5,1,0,54.36071428571428,28,0.0,0.0,1.0,0.6470974089865531
146,2018-03,9.04516129032258,11.683870967741935,0,0,0.0,0,0.0,0,3,0,7.4,209.4,8,487.52,98.0,8,0,74.12903225806451,31,0.0,0.0,2.0,0.5642683912691997
146,2018-04,14.016666666666667,11.553333333333335,0,0,0.0,0,0.0,0,1,0,0.0,219.79999999999998,8,568.67,98.7,9,1,69.03333333333333,30,0.0,0.0,4.0,0.5592875318066157
146,2018-05,18.91290322580645,10.858064516129033,1,0,0.3000000000000007,2,7.399999999999999,2,0,0,0.0,204.9,7,606.0,122.10000000000001,10,4,76.52258064516128,31,0.0,1.0,2.0,0.469954128440367
146,2018-06,23.09333333333333,10.286666666666667,8,1,11.7,6,11.2,4,0,0,0.0,206.4,5,626.09,137.2,6,14,79.16333333333334,30,7.0,4.0,3.0,0.4725274725274725
146,2018-07,27.84193548387097,8.751612903225805,24,19,100.59999999999998,30,123.10000000000001,25,0,0,0.0,256.6,5,682.56,169.1,5,19,83.78709677419356,31,22.0,22.0,2.0,0.5775376997524195
146,2018-08,28.593548387096774,8.974193548387097,25,21,132.39999999999998,30,145.5,26,0,0,0.0,225.2,8,583.99,368.9,9,16,80.55483870967741,31,23.0,23.0,6.0,0.5382409177820268
146,2018-09,21.71333333333333,8.94,2,0,1.8999999999999986,8,10.599999999999998,2,0,0,0.0,180.29999999999998,12,472.4,101.8,6,10,80.97333333333333,30,0.0,1.0,2.0,0.4838969404186795
146,2018-10,13.893548387096773,10.129032258064516,0,0,0.0,0,0.0,0,0,0,0.0,221.0,6,432.22,123.2,7,0,78.1,31,0.0,0.0,3.0,0.6310679611650486
146,2018-11,9.206666666666667,9.863333333333333,0,0,0.0,0,0.0,0,1,0,0.6,187.4,7,298.67,35.0,3,0,75.55333333333333,30,0.0,0.0,2.0,0.6064724919093851
146,2018-12,1.9580645161290324,8.48709677419355,0,0,0.0,0,0.0,0,20,10,99.6,175.0,8,263.87,28.6,4,0,67.62903225806451,31,0.0,0.0,2.0,0.5769864820309923
146,2019-01,0.5516129032258064,9.158064516129032,0,0,0.0,0,0.0,0,30,11,117.7,198.0,4,309.2,13.2,4,0,67.48709677419355,31,0.0,0.0,1.0,0.6356340288924559
146,2019-02,2.6285714285714286,9.717857142857143,0,0,0.0,0,0.0,0,20,4,64.10000000000001,169.2,5,341.34000000000003,39.1,2,0,66.00714285714285,28,0.0,0.0,1.0,0.5551181102362204
146,2019-03,7.745161290322581,11.712903225806452,0,0,0.0,0,0.0,0,6,0,7.3,206.8,5,487.53,33.1,6,0,66.6,31,0.0,0.0,3.0,0.5577130528586839
146,2019-04,12.603333333333333,11.1,0,0,0.0,0,0.0,0,0,0,0.0,189.3,8,511.84000000000003,98.5,7,0,69.89,30,0.0,0.0,2.0,0.4818019852379741
146,2019-05,18.887096774193548,13.10967741935484,3,0,3.8999999999999986,0,0.0,0,0,0,0.0,292.6,3,765.48,45.6,4,1,63.26774193548387,31,0.0,1.0,2.0,0.6714089031665902
146,2019-06,21.86,9.403333333333334,4,0,3.6999999999999957,4,4.599999999999998,0,0,0,0.0,205.5,9,619.46,89.1,7,17,82.78999999999999,30,0.0,2.0,2.0,0.47057476528509273
146,2019-07,25.57741935483871,7.580645161290323,14,4,28.1,26,75.2,18,0,0,0.0,148.7,12,518.47,176.20000000000002,11,23,87.90645161290323,31,12.0,5.0,3.0,0.3346084608460846
146,2019-08,26.838709677419356,8.148387096774194,21,13,65.5,28,103.6,23,0,0,0.0,206.1,6,566.26,117.7,10,28,87.8225806451613,31,20.0,14.0,3.0,0.49235547061634016
146,2019-09,22.696666666666665,8.28,2,0,1.8000000000000007,12,24.100000000000005,6,0,0,0.0,148.4,14,419.23,194.8,9,21,88.61333333333333,30,0.0,1.0,4.0,0.39785522788203753
146,2019-10,16.638709677419353,9.548387096774194,0,0,0.0,0,0.0,0,0,0,0.0,202.4,6,415.98,73.0,3,3,80.02580645161291,31,0.0,0.0,2.0,0.5777904653154439
146,2019-11,9.836666666666668,10.853333333333333,0,0,0.0,0,0.0,0,5,0,3.8,184.4,6,315.87,56.99999999999999,5,0,65.21333333333332,30,0.0,0.0,2.0,0.5965706890973794
146,2019-12,4.04516129032258,8.974193548387097,0,0,0.0,0,0.0,0,17,3,43.5,167.9,8,259.0,31.6,7,0,62.28709677419354,31,0.0,0.0,2.0,0.5537598944591029
146,2020-01,3.4612903225806453,8.13225806451613,0,0,0.0,0,0.0,0,17,1,41.6,122.2,12,242.36,76.80000000000001,6,0,69.22258064516129,31,0.0,0.0,3.0,0.39267352185089976
146,2020-02,4.2172413793103445,9.655172413793103,0,0,0.0,0,0.0,0,17,4,55.1,185.3,7,349.97,65.9,7,0,66.72068965517242,29,0.0,0.0,2.0,0.5865780310224755
146,2020-03,8.35483870967742,11.816129032258065,0,0,0.0,0,0.0,0,6,0,7.0,246.0,6,547.11,25.4,4,0,59.05483870967742,31,0.0,0.0,2.0,0.6616460462614309
146,2020-04,10.903333333333334,12.520000000000001,0,0,0.0,0,0.0,0,0,0,0.0,281.6,3,680.76,23.0,4,0,54.833333333333336,30,0.0,0.0,3.0,0.714902259456715
146,2020-05,18.574193548387097,10.564516129032258,0,0,0.0,0,0.0,0,0,0,0.0,213.9,10,619.71,79.0,8,0,69.50967741935484,31,0.0,0.0,2.0,0.49025899610359847
146,2020-06,23.38,9.213333333333333,12,2,20.299999999999997,12,10.2,6,0,0,0.0,177.6,9,533.34,187.5,10,4,74.39333333333335,30,11.0,8.0,5.0,0.4065003433279927
146,2020-07,23.47741935483871,6.564516129032258,5,0,2.799999999999997,21,35.6,7,0,0,0.0,83.1,20,375.61,644.7,18,11,84.20967741935483,31,0.0,2.0,5.0,0.18724650743578186
146,2020-08,27.72258064516129,7.438709677419355,27,14,73.80000000000001,31,142.1,29,0,0,0.0,173.7,12,466.92,471.5,12,12,78.92903225806452,31,27.0,13.0,7.0,0.4155502392344497
146,2020-09,21.34,8.893333333333334,1,0,1.8000000000000007,8,8.3,1,0,0,0.0,170.7,8,419.43,135.2,8,6,75.83666666666666,30,0.0,1.0,2.0,0.4587476484815909
146,2020-10,14.85483870967742,11.074193548387097,0,0,0.0,0,0.0,0,0,0,0.0,226.8,5,422.25,4.2,3,1,65.23870967741935,31,0.0,0.0,2.0,0.6492985971943888
146,2020-11,9.596666666666666,9.596666666666668,0,0,0.0,0,0.0,0,0,0,0.0,179.79999999999998,9,277.42,58.5,5,0,63.51,30,0.0,0.0,3.0,0.5820653933311751
146,2020-12,1.6903225806451612,8.816129032258065,0,0,0.0,0,0.0,0,23,7,84.9,178.5,8,258.47,9.1,3,0,61.5516129032258,31,0.0,0.0,1.0,0.588332234673698
146,2021-01,0.4903225806451613,9.658064516129032,0,0,0.0,0,0.0,0,22,17,159.6,174.2,7,270.69,28.700000000000003,7,0,65.2741935483871,31,0.0,0.0,2.0,0.5588707090150786
146,2021-02,4.314285714285714,10.653571428571428,0,0,0.0,0,0.0,0,16,4,57.3,187.7,5,337.04,13.7,5,0,58.19642857142857,28,0.0,0.0,1.0,0.6150065530799476
146,2021-03,9.464516129032257,11.303225806451612,0,0,0.0,0,0.0,0,1,0,0.9,194.8,8,450.85,95.7,6,0,67.54516129032258,31,0.0,0.0,1.0,0.5246431457042823
146,2021-04,14.423333333333334,11.92,0,0,0.0,0,0.0,0,0,0,0.0,235.1,6,576.5,34.9,5,0,54.71333333333334,30,0.0,0.0,2.0,0.5974587039390089
146,2021-05,17.67096774193548,10.693548387096774,1,0,0.8000000000000007,0,0.0,0,0,0,0.0,198.8,10,538.96,182.20000000000002,12,1,68.14516129032258,31,0.0,1.0,3.0,0.45575424117377356
146,2021-06,23.016666666666666,9.4,8,1,6.900000000000002,7,4.0,3,0,0,0.0,199.8,5,571.52,145.3,10,5,71.63333333333334,30,3.0,3.0,2.0,0.4573128862439918
146,2021-07,27.22258064516129,8.616129032258065,25,15,83.9,31,108.4,26,0,0,0.0,194.2,7,554.76,255.1,12,7,74.32903225806452,31,23.0,23.0,8.0,0.4374859202523091
146,2021-08,25.870967741935484,8.109677419354838,18,4,40.400000000000006,29,75.0,22,0,0,0.0,168.6,10,469.92,454.79999999999995,16,11,77.99354838709678,31,14.0,11.0,4.0,0.4031563845050215
146,2021-09,22.91,8.15,1,0,0.1999999999999993,11,6.800000000000001,0,0,0,0.0,155.2,10,407.92,162.10000000000002,9,4,74.44666666666667,30,0.0,1.0,4.0,0.4168681171098576
146,2021-10,16.43548387096774,10.54516129032258,4,0,2.5,1,1.5,1,0,0,0.0,219.7,6,409.05,37.0,8,1,70.3967741935484,31,0.0,2.0,3.0,0.6282527881040892
146,2021-11,9.676666666666668,9.826666666666666,0,0,0.0,0,0.0,0,0,0,0.0,174.1,9,272.18,81.1,9,0,70.94666666666667,30,0.0,0.0,5.0,0.5634304207119741
146,2021-12,3.303225806451613,9.196774193548388,0,0,0.0,0,0.0,0,18,6,68.3,166.4,6,239.26,6.0,1,0,64.7483870967742,31,0.0,0.0,1.0,0.5669505962521295
146,2022-01,0.11612903225806451,9.387096774193548,0,0,0.0,0,0.0,0,28,15,139.2,198.5,6,298.1,2.1,0,0,59.674193548387095,31,0.0,0.0,0.0,0.6370346598202824
146,2022-02,0.6464285714285714,10.239285714285714,0,0,0.0,0,0.0,0,26,11,114.3,209.6,2,371.59000000000003,2.5,0,0,56.68571428571429,28,0.0,0.0,0.0,0.6874385044276813
146,2022-03,8.54516129032258,11.383870967741935,0,0,0.0,0,0.0,0,6,0,9.4,172.7,13,406.05,93.0,9,0,64.95806451612903,31,0.0,0.0,3.0,0.4653732147669091
146,2022-04,14.486666666666668,12.336666666666668,0,0,0.0,0,0.0,0,0,0,0.0,258.1,4,604.45,85.0,5,0,59.309999999999995,30,0.0,0.0,2.0,0.6567430025445293
146,2022-05,18.651612903225807,12.332258064516129,2,0,1.8000000000000007,0,0.0,0,0,0,0.0,295.5,3,727.04,6.8,2,0,55.55806451612903,31,0.0,1.0,1.0,0.6777522935779816
146,2022-06,23.66,9.023333333333333,13,1,20.999999999999993,13,40.60000000000001,11,0,0,0.0,180.6,8,530.29,164.2,8,2,72.80333333333333,30,9.0,6.0,3.0,0.41346153846153844
146,2022-07,26.9741935483871,7.396774193548388,21,9,52.70000000000001,31,115.19999999999999,27,0,0,0.0,174.7,11,510.14,184.0,14,10,77.69354838709677,31,18.0,12.0,4.0,0.3932913102206213
146,2022-08,26.32903225806452,6.670967741935484,19,4,39.30000000000001,27,115.0,23,0,0,0.0,128.3,14,420.24,311.3,15,11,79.21290322580644,31,17.0,10.0,4.0,0.3066443594646272
146,2022-09,22.61,9.733333333333333,7,1,12.099999999999994,9,19.7,8,0,0,0.0,183.0,9,467.82,64.5,2,5,70.23,30,5.0,5.0,2.0,0.4911433172302737
146,2022-10,15.225806451612904,10.658064516129032,1,0,0.5,1,1.5,0,0,0,0.0,233.3,3,446.51,51.1,4,1,66.75161290322582,31,0.0,1.0,2.0,0.6661907481439178
146,2022-11,11.146666666666667,11.379999999999999,0,0,0.0,0,0.0,0,1,0,3.6,196.1,4,301.31,77.0,4,0,62.906666666666666,30,0.0,0.0,2.0,0.6346278317152103
146,2022-12,-0.20000000000000004,8.63225806451613,0,0,0.0,0,0.0,0,28,13,134.1,166.5,11,244.64000000000001,30.0,6,0,66.63870967741936,31,0.0,0.0,3.0,0.5489614243323442
146,2023-01,0.7741935483870968,9.83548387096774,0,0,0.0,0,0.0,0,28,10,135.6,199.8,6,292.14,26.8,2,0,63.92580645161291,31,0.0,0.0,1.0,0.6422372227579556
146,2023-02,3.017857142857143,10.62857142857143,0,0,0.0,0,0.0,0,25,3,61.7,179.5,7,333.79,9.6,3,0,61.521428571428565,28,0.0,0.0,2.0,0.5887176123319121
146,2023-03,10.22258064516129,13.783870967741937,0,0,0.0,0,0.0,0,3,0,5.8999999999999995,249.3,5,508.38,27.0,3,0,50.667741935483875,31,0.0,0.0,2.0,0.6725114647963313
146,2023-04,14.216666666666667,12.01,0,0,0.0,0,0.0,0,0,0,0.0,201.8,9,500.08,45.0,6,0,59.95,30,0.0,0.0,3.0,0.5136166963603971
146,2023-05,19.351612903225806,10.780645161290321,2,0,3.6000000000000014,2,1.2000000000000028,0,0,0,0.0,214.7,7,571.55,240.7,7,0,64.80322580645162,31,0.0,2.0,4.0,0.4925441615049323
146,2023-06,23.313333333333333,9.683333333333334,11,1,16.999999999999996,10,15.299999999999997,7,0,0,0.0,225.0,6,598.38,169.9,7,4,70.24,30,8.0,5.0,6.0,0.5152278452026563
146,2023-07,26.483870967741936,7.109677419354839,19,7,46.900000000000006,31,105.8,26,0,0,0.0,155.1,13,452.3,735.0,17,16,80.8483870967742,31,15.0,6.0,6.0,0.34900990099009904
146,2023-08,27.458064516129035,7.887096774193548,26,12,74.39999999999999,29,123.6,28,0,0,0.0,200.2,7,513.39,274.79999999999995,11,5,76.68387096774192,31,26.0,13.0,5.0,0.47826086956521735
146,2023-09,23.576666666666664,8.046666666666667,11,1,13.199999999999996,17,29.500000000000004,10,0,0,0.0,173.8,10,433.36,203.4,11,8,77.69,30,10.0,7.0,4.0,0.4660766961651918
146,2023-10,16.14516129032258,10.36774193548387,0,0,0.0,0,0.0,0,0,0,0.0,240.2,3,436.05,18.2,3,0,68.78387096774195,31,0.0,0.0,3.0,0.6856979731658578
146,2023-11,9.01,9.479999999999999,0,0,0.0,0,0.0,0,7,0,13.7,171.4,6,269.56,92.2,9,0,67.52,30,0.0,0.0,3.0,0.5520128824476651
146,2023-12,4.058064516129033,7.909677419354839,0,0,0.0,0,0.0,0,15,6,71.3,140.1,11,213.67,144.0,10,0,73.2258064516129,31,0.0,0.0,4.0,0.4620712401055409
146,2024-01,2.203225806451613,7.83225806451613,0,0,0.0,0,0.0,0,21,7,76.8,162.3,11,260.14,54.6,7,0,69.48387096774194,31,0.0,0.0,2.0,0.5215295629820051
146,2024-02,5.631034482758621,8.282758620689656,0,0,0.0,0,0.0,0,9,0,13.8,116.5,14,248.51,113.4,12,0,75.23103448275862,29,0.0,0.0,8.0,0.36878759100981323
146,2024-03,7.887096774193548,10.641935483870967,0,0,0.0,0,0.0,0,5,2,17.0,209.6,8,449.55,79.6,6,0,63.516129032258064,31,0.0,0.0,2.0,0.563743948359333
146,2024-04,16.223333333333333,11.17,0,0,0.0,0,0.0,0,0,0,0.0,198.2,7,496.14,53.4,6,0,68.58,30,0.0,0.0,3.0,0.5033011681056373
146,2024-05,18.75483870967742,11.429032258064517,0,0,0.0,0,0.0,0,0,0,0.0,288.0,4,686.79,113.7,9,0,66.01612903225806,31,0.0,0.0,4.0,0.6600962640385056
146,2024-06,23.776666666666664,9.923333333333334,11,3,25.29999999999999,13,17.500000000000004,8,0,0,0.0,248.7,7,624.13,101.9,6,4,65.63,30,6.0,6.0,2.0,0.56923781185626
146,2024-07,27.429032258064513,6.609677419354839,23,6,49.5,31,139.4,28,0,0,0.0,152.4,10,474.42,398.3,17,11,78.01290322580645,31,20.0,12.0,4.0,0.3433979269941415
146,2024-08,29.106451612903225,8.506451612903225,31,25,123.6,31,169.9,31,0,0,0.0,253.1,2,583.89,129.1,8,9,76.75161290322582,31,31.0,31.0,4.0,0.6055023923444975
146,2024-09,26.563333333333333,8.823333333333332,19,12,63.10000000000001,23,92.79999999999998,20,0,0,0.0,200.8,10,452.46,185.0,6,7,75.19333333333334,30,18.0,13.0,2.0,0.5396398817522171
146,2024-10,17.383870967741935,9.33548387096774,0,0,0.0,0,0.0,0,0,0,0.0,169.1,12,343.17,80.2,11,2,77.69677419354838,31,0.0,0.0,3.0,0.48411107930146
146,2024-11,10.986666666666668,9.846666666666666,0,0,0.0,0,0.0,0,1,0,0.4,177.0,7,278.32,34.4,5,0,68.35,30,0.0,0.0,4.0,0.5731865284974093
146,2024-12,3.0064516129032257,7.593548387096774,0,0,0.0,0,0.0,0,19,2,42.4,154.9,10,235.12,14.3,5,0,68.60967741935484,31,0.0,0.0,2.0,0.5107154632377184
146,2025-01,1.2032258064516128,8.603225806451613,0,0,0.0,0,0.0,0,28,6,91.9,179.3,9,274.95,37.0,8,0,69.51290322580645,31,0.0,0.0,4.0,0.5752325954443376
146,2025-02,0.46785714285714286,9.225,0,0,0.0,0,0.0,0,22,10,115.8,210.2,3,368.7,23.5,4,0,63.07857142857143,28,0.0,0.0,2.0,0.6887287024901704
146,2025-03,9.061290322580644,11.370967741935484,0,0,0.0,0,0.0,0,6,0,5.0,221.1,6,460.64,35.1,4,0,58.935483870967744,31,0.0,0.0,3.0,0.5954753568542956
146,2025-04,14.233333333333333,12.933333333333334,0,0,0.0,0,0.0,0,0,0,0.0,255.2,3,585.3199999999999,67.1,7,0,59.38333333333333,30,0.0,0.0,3.0,0.6485387547649301
146,2025-05,18.348387096774193,10.306451612903226,1,0,1.3999999999999986,2,2.0,2,0,0,0.0,216.0,10,560.62,121.8,8,2,67.9258064516129,31,0.0,1.0,2.0,0.49518569463548834
146,2025-06,24.14,10.110000000000001,15,4,33.900000000000006,15,28.899999999999995,10,0,0,0.0,233.0,6,624.09,320.59999999999997,8,5,69.85666666666665,30,13.0,6.0,4.0,0.5333028152895399
146,2025-07,28.541935483870965,9.206451612903225,25,23,128.4,31,139.2,26,0,0,0.0,234.1,6,626.37,198.7,8,6,71.21290322580644,31,24.0,12.0,7.0,0.5273710295111512
146,2025-08,28.270967741935483,8.419354838709678,27,18,99.29999999999998,31,140.4,29,0,0,0.0,222.8,6,583.01,181.0,11,8,76.21935483870966,31,26.0,13.0,4.0,0.532886869170055
146,2025-09,24.256666666666668,8.016666666666667,12,3,20.499999999999996,18,41.099999999999994,12,0,0,0.0,127.8,12,395.68,465.0,14,10,78.94666666666667,30,10.0,6.0,3.0,0.3432715551974214
146,2025-10,17.951612903225808,8.619354838709677,0,0,0.0,4,2.8999999999999986,0,0,0,0.0,142.9,16,335.03000000000003,112.5,11,6,78.19354838709677,31,0.0,0.0,5.0,0.4086359736917358
146,2025-11,9.706666666666667,11.056666666666667,0,0,0.0,0,0.0,0,1,0,0.3,215.0,4,332.88,27.6,6,0,68.31785714285715,30,0.0,0.0,2.0,0.6957928802588996
146,2025-12,3.616129032258064,9.83548387096774,0,0,0.0,0,0.0,0,16,5,63.2,165.2,10,252.41,29.5,4,0,65.31290322580645,31,0.0,0.0,2.0,0.5446752390372568
146,2026-01,-0.9741935483870967,10.058064516129033,0,0,0.0,0,0.0,0,29,20,181.3,198.5,7,314.56,1.5,0,0,60.122580645161285,31,0.0,0.0,0.0,0.637239165329053
146,2026-02,3.2357142857142853,11.332142857142857,0,0,0.0,0,0.0,0,19,5,70.7,198.2,5,361.81,11.6,3,0,62.54642857142857,28,0.0,0.0,1.0,0.6498360655737705
146,2026-03,8.04516129032258,12.209677419354838,0,0,0.0,0,0.0,0,8,0,13.4,226.6,5,516.54,66.6,7,0,62.906451612903226,31,0.0,0.0,2.0,0.6106170843438425
146,2026-04,14.473333333333333,12.703333333333335,0,0,0.0,0,0.0,0,0,0,0.0,205.6,9,549.57,73.9,5,0,60.25333333333333,30,0.0,0.0,2.0,0.5228891149542217
146,2026-05,19.532258064516128,11.92258064516129,7,0,7.499999999999993,2,2.6999999999999993,1,0,0,0.0,240.0,7,647.6,129.3,6,0,66.52258064516128,31,5.0,5.0,2.0,0.5504587155963303
146,2026-06,23.616666666666667,10.610000000000001,15,1,22.599999999999987,10,11.599999999999998,8,0,0,0.0,222.9,7,651.38,73.1,8,2,67.25333333333333,30,11.0,7.0,6.0,0.5101853971160449
146,2026-07,28.05806451612903,7.6096774193548375,25,17,81.39999999999999,31,146.0,28,0,0,0.0,168.6,9,568.89,185.5,10,7,75.56774193548387,31,22.0,22.0,5.0,0.37972972972972974
146,2026-08,31.23,9.79,10,10,65.1,10,67.2,10,0,0,0.0,91.6,1,224.19,0.4,0,0,65.45,10,10.0,10.0,0.0,0.6618497109826589
172,2015-01,0.835483870967742,8.922580645161291,0,0,0.0,0,0.0,0,26,8,117.1,145.1,10,267.05,54.5,8,0,79.8967741935484,31,0.0,0.0,2.0,0.4649150913168856
172,2015-02,2.2214285714285715,8.935714285714285,0,0,0.0,0,0.0,0,22,6,78.7,130.3,11,292.14,13.2,3,0,76.25357142857142,28,0.0,0.0,1.0,0.42679331804782183
172,2015-03,5.941935483870967,12.925806451612903,0,0,0.0,0,0.0,0,19,0,51.8,232.6,5,523.47,36.099999999999994,3,0,69.36774193548388,31,0.0,0.0,1.0,0.6274615592123011
172,2015-04,12.376666666666667,11.76,0,0,0.0,0,0.0,0,0,0,0.0,175.3,10,484.29,110.6,13,0,77.39333333333335,30,0.0,0.0,5.0,0.4467380224260959
172,2015-05,17.312903225806455,12.570967741935483,2,0,0.8000000000000007,0,0.0,0,0,0,0.0,262.2,5,708.39,34.1,5,2,73.01935483870967,31,0.0,2.0,2.0,0.6031746031746031
172,2015-06,21.646666666666665,8.676666666666668,2,0,1.7000000000000028,4,1.3000000000000007,1,0,0,0.0,152.8,13,527.02,156.6,6,13,80.53333333333333,30,0.0,1.0,2.0,0.3510222834826557
172,2015-07,24.738709677419354,7.280645161290322,13,2,16.900000000000002,22,69.80000000000001,18,0,0,0.0,149.9,14,523.96,181.4,12,26,86.76129032258065,31,6.0,3.0,7.0,0.33822202166064985
172,2015-08,25.029032258064515,8.62258064516129,13,3,30.49999999999999,23,50.4,16,0,0,0.0,188.4,10,556.19,73.0,7,28,86.41290322580646,31,10.0,10.0,2.0,0.45050215208034433
172,2015-09,20.46333333333333,11.493333333333334,1,0,0.3000000000000007,2,1.6000000000000014,0,0,0,0.0,186.0,5,433.34,33.3,4,15,82.35666666666665,30,0.0,1.0,2.0,0.49906090689562654
172,2015-10,15.14516129032258,11.829032258064515,0,0,0.0,0,0.0,0,0,0,0.0,214.8,2,439.46,105.9,5,2,80.50645161290322,31,0.0,0.0,3.0,0.6123147092360319
172,2015-11,10.856666666666666,7.493333333333333,0,0,0.0,0,0.0,0,1,0,1.1,68.1,20,172.56,97.6,14,0,89.06666666666666,30,0.0,0.0,4.0,0.21953578336557059
172,2015-12,4.587096774193548,7.841935483870968,0,0,0.0,0,0.0,0,16,0,34.7,120.2,15,216.41,59.800000000000004,11,0,82.66774193548386,31,0.0,0.0,3.0,0.3943569553805774
172,2016-01,-0.06451612903225805,7.109677419354839,0,0,0.0,0,0.0,0,26,8,111.4,114.60000000000001,15,244.57,53.6,10,0,81.72258064516129,31,0.0,0.0,3.0,0.3671900032041012
172,2016-02,2.555172413793103,8.89310344827586,0,0,0.0,0,0.0,0,23,7,82.9,155.6,11,333.47,30.0,4,0,74.27931034482758,29,0.0,0.0,2.0,0.4919380335124881
172,2016-03,6.664516129032258,11.46774193548387,0,0,0.0,0,0.0,0,13,1,32.9,230.5,6,518.2,20.0,2,0,74.48064516129033,31,0.0,0.0,1.0,0.6201237557169761
172,2016-04,13.893333333333334,12.333333333333334,0,0,0.0,0,0.0,0,0,0,0.0,194.0,8,525.6,176.2,9,1,78.52666666666667,30,0.0,0.0,3.0,0.4933875890132248
172,2016-05,18.654838709677417,12.067741935483872,2,0,0.0,0,0.0,0,0,0,0.0,257.1,4,676.55,105.8,6,5,76.73870967741935,31,0.0,1.0,2.0,0.5904915020670648
172,2016-06,22.146666666666665,8.366666666666667,0,0,0.0,8,6.700000000000003,0,0,0,0.0,156.9,12,529.07,74.4,5,22,86.81,30,0.0,0.0,1.0,0.36035829122645846
172,2016-07,26.1,7.532258064516129,19,6,41.99999999999999,29,88.0,21,0,0,0.0,194.2,8,573.87,198.5,11,26,88.12903225806451,31,17.0,13.0,4.0,0.4385727190605239
172,2016-08,26.641935483870967,9.316129032258065,24,18,80.30000000000001,27,87.69999999999999,25,0,0,0.0,243.0,4,612.33,47.0,5,28,85.84193548387097,31,23.0,23.0,3.0,0.582314881380302
172,2016-09,22.003333333333334,9.006666666666666,5,0,6.0000000000000036,7,6.900000000000002,3,0,0,0.0,140.7,12,413.36,157.7,6,21,88.49,30,0.0,2.0,3.0,0.37822580645161286
172,2016-10,16.31290322580645,8.406451612903227,1,0,0.3000000000000007,1,0.3000000000000007,0,0,0,0.0,100.9,19,307.48,164.1,11,3,86.54516129032258,31,0.0,1.0,3.0,0.28853302830998
172,2016-11,8.906666666666666,9.783333333333333,0,0,0.0,0,0.0,0,7,0,4.6000000000000005,150.7,9,277.04,27.1,7,0,78.37333333333332,30,0.0,0.0,2.0,0.4869143780290791
172,2016-12,4.27,9.325806451612904,0,0,0.0,0,0.0,0,19,1,51.0,125.3,15,212.91,36.5,5,0,80.98333333333333,31,0.0,0.0,2.0,0.41135915955351277
172,2017-01,0.864516129032258,9.774193548387096,0,0,0.0,0,0.0,0,27,13,123.8,158.0,7,212.27,20.7,5,0,81.2741935483871,31,0.0,0.0,2.0,0.5052766229613048
172,2017-02,1.675,10.403571428571428,0,0,0.0,0,0.0,0,26,9,99.8,185.5,7,271.06,38.5,7,0,76.64285714285714,28,0.0,0.0,3.0,0.6066056245912361
172,2017-03,5.245161290322581,13.093548387096773,0,0,0.0,0,0.0,0,22,1,50.2,227.1,4,393.17,22.2,8,0,72.3258064516129,31,0.0,0.0,2.0,0.6113055181695828
172,2017-04,13.046666666666665,13.123333333333333,0,0,0.0,0,0.0,0,2,0,3.4000000000000004,253.0,4,444.51,48.8,6,1,72.51666666666667,30,0.0,0.0,2.0,0.6437659033078881
172,2017-05,18.05806451612903,12.919354838709678,2,0,1.1999999999999993,0,0.0,0,0,0,0.0,279.3,4,519.03,30.2,4,2,74.48064516129033,31,0.0,2.0,1.0,0.6419213973799126
172,2017-06,21.486666666666668,10.770000000000001,6,0,3.8999999999999986,4,5.300000000000001,0,0,0,0.0,227.6,9,480.25,17.7,4,11,79.45,30,4.0,4.0,2.0,0.5233386985513911
172,2017-07,27.0258064516129,6.790322580645161,22,3,38.89999999999999,31,127.9,31,0,0,0.0,137.5,16,367.52,277.8,12,31,93.0516129032258,31,20.0,12.0,3.0,0.31052393857271904
172,2017-08,25.925806451612903,8.26774193548387,18,7,45.300000000000004,25,85.70000000000002,23,0,0,0.0,210.8,9,420.5,243.4,13,27,90.79354838709678,31,15.0,8.0,6.0,0.5049101796407186
172,2017-09,20.55,10.776666666666667,1,0,0.10000000000000142,0,0.0,0,0,0,0.0,211.4,4,363.99,115.1,5,21,88.52333333333333,30,0.0,1.0,2.0,0.5682795698924731
172,2017-10,15.23225806451613,10.390322580645162,0,0,0.0,0,0.0,0,0,0,0.0,180.5,9,278.43,38.7,6,3,86.70645161290322,31,0.0,0.0,2.0,0.5152726234656009
172,2017-11,7.151724137931034,12.113333333333335,0,0,0.0,0,0.0,0,12,0,16.8,199.4,4,237.2,4.1,1,0,76.3,30,0.0,0.0,1.0,0.6434333656018071
172,2017-12,0.8903225806451613,8.948387096774193,0,0,0.0,0,0.0,0,26,11,114.8,144.2,10,179.42,44.7,8,0,80.20967741935483,31,0.0,0.0,2.0,0.4732523793895634
172,2018-01,-1.5838709677419356,8.861290322580645,0,0,0.0,0,0.0,0,28,16,183.5,159.4,11,205.03,44.0,6,0,82.00645161290322,31,0.0,0.0,4.0,0.509916826615483
172,2018-02,-0.11071428571428564,10.239285714285714,0,0,0.0,0,0.0,0,25,13,147.1,163.9,4,256.90999999999997,48.1,6,0,74.61785714285715,28,0.0,0.0,2.0,0.5366732154551409
172,2018-03,8.283870967741937,11.883870967741935,0,0,0.0,0,0.0,0,9,0,15.1,199.4,9,353.52,77.6,9,0,84.68709677419355,31,0.0,0.0,4.0,0.537176724137931
172,2018-04,13.193333333333333,12.270000000000001,0,0,0.0,0,0.0,0,1,0,0.0,214.29999999999998,7,415.94,102.0,8,1,79.83999999999999,30,0.0,0.0,3.0,0.5455702647657841
172,2018-05,17.916129032258063,10.790322580645162,0,0,0.0,2,4.5,0,0,0,0.0,193.6,10,428.52,64.2,7,5,85.1258064516129,31,0.0,0.0,2.0,0.44515980685214995
172,2018-06,22.117241379310343,9.67,4,1,5.299999999999997,5,10.3,2,0,0,0.0,208.7,6,452.34,168.4,4,20,85.73103448275862,30,0.0,2.0,2.0,0.47988043228328353
172,2018-07,26.990322580645163,9.038709677419355,24,14,80.50000000000001,30,97.10000000000001,24,0,0,0.0,268.1,6,501.83,183.7,5,16,83.62903225806451,31,22.0,22.0,2.0,0.6054652213188799
172,2018-08,27.82903225806452,8.790322580645162,26,18,99.09999999999998,31,120.80000000000001,27,0,0,0.0,231.79999999999998,8,437.19,269.6,10,9,76.02903225806452,31,26.0,23.0,5.0,0.5552095808383233
172,2018-09,20.896666666666665,9.580000000000002,1,0,0.10000000000000142,7,6.800000000000004,1,0,0,0.0,176.6,11,339.42,118.10000000000001,9,9,79.24,30,0.0,1.0,4.0,0.47434864356701584
172,2018-10,13.312903225806451,11.319354838709677,0,0,0.0,0,0.0,0,0,0,0.0,229.8,5,323.63,150.6,8,0,76.18709677419355,31,0.0,0.0,2.0,0.6554478037649744
172,2018-11,8.41,11.973333333333333,0,0,0.0,0,0.0,0,3,0,2.0,197.3,7,233.1,43.4,5,0,75.55666666666666,30,0.0,0.0,2.0,0.6360412637008382
172,2018-12,1.929032258064516,8.783870967741937,0,0,0.0,0,0.0,0,21,10,108.6,151.4,12,190.55,47.199999999999996,8,0,71.08387096774193,31,0.0,0.0,3.0,0.4965562479501476
172,2019-01,0.3838709677419355,9.332258064516129,0,0,0.0,0,0.0,0,30,11,122.9,194.9,5,234.59,15.399999999999999,3,0,71.24516129032257,31,0.0,0.0,1.0,0.62368
172,2019-02,2.0535714285714284,10.439285714285715,0,0,0.0,0,0.0,0,26,4,86.5,161.1,7,253.57,31.5,2,0,68.37857142857142,28,0.0,0.0,1.0,0.5276776940714052
172,2019-03,6.787096774193548,12.603225806451613,0,0,0.0,0,0.0,0,14,0,29.4,214.2,6,371.54,17.4,6,0,69.43870967741935,31,0.0,0.0,3.0,0.577514154758695
172,2019-04,11.543333333333333,11.803333333333333,0,0,0.0,0,0.0,0,5,0,8.6,181.2,10,369.05,79.1,7,0,72.90666666666667,30,0.0,0.0,2.0,0.46189140963548303
172,2019-05,17.686666666666667,13.825806451612904,1,0,0.0,1,0.0,0,0,0,0.0,288.8,3,543.51,57.89999999999999,4,0,65.28,31,0.0,1.0,2.0,0.6642134314627415
172,2019-06,20.803333333333335,9.4,1,0,1.3999999999999986,3,2.0,0,0,0,0.0,207.0,7,447.02,72.2,5,9,80.99666666666667,30,0.0,1.0,2.0,0.4759714876983215
172,2019-07,24.76774193548387,7.529032258064516,13,0,18.600000000000005,17,59.900000000000006,13,0,0,0.0,165.0,13,393.61,142.9,10,21,84.54516129032258,31,12.0,5.0,4.0,0.3724604966139955
172,2019-08,25.993333333333332,8.47741935483871,20,9,48.5,25,79.0,19,0,0,0.0,209.2,8,411.07,238.8,9,24,83.72333333333333,31,17.0,11.0,2.0,0.5003587658454914
172,2019-09,21.772413793103446,8.473333333333334,0,0,0.0,12,19.799999999999997,3,0,0,0.0,157.5,13,349.06,247.5,10,18,85.5551724137931,30,0.0,0.0,8.0,0.4227053140096618
172,2019-10,15.661290322580646,10.861290322580645,0,0,0.0,0,0.0,0,0,0,0.0,211.0,7,550.39,119.8,4,2,81.10967741935484,31,0.0,0.0,3.0,0.6016538351867693
172,2019-11,9.396666666666667,12.056666666666667,0,0,0.0,0,0.0,0,6,0,7.6,179.3,7,414.75,44.599999999999994,4,0,75.63333333333334,30,0.0,0.0,2.0,0.5778279084756687
172,2019-12,4.04516129032258,9.329032258064515,0,0,0.0,0,0.0,0,19,2,55.0,148.9,11,204.0,32.4,5,0,72.5,31,0.0,0.0,1.0,0.4883568383076418
172,2020-01,3.293548387096774,8.387096774193548,0,0,0.0,0,0.0,0,17,3,52.0,125.4,14,177.44,58.0,7,0,77.74838709677418,31,0.0,0.0,3.0,0.4014084507042254
172,2020-02,4.020689655172413,10.303448275862069,0,0,0.0,0,0.0,0,20,3,65.8,181.8,5,257.76,41.6,8,0,77.00689655172413,29,0.0,0.0,3.0,0.5742261528742894
172,2020-03,7.425806451612903,12.393548387096773,0,0,0.0,0,0.0,0,11,1,19.9,243.2,6,404.36,42.9,5,0,68.51935483870967,31,0.0,0.0,2.0,0.6541151156535772
172,2020-04,9.79,12.273333333333333,0,0,0.0,0,0.0,0,2,0,2.1,288.2,2,503.29,33.900000000000006,4,0,65.90666666666667,30,0.0,0.0,2.0,0.7331467819893156
172,2020-05,17.60967741935484,10.30967741935484,0,0,0.0,0,0.0,0,0,0,0.0,204.9,11,437.58,100.3,8,2,78.07096774193548,31,0.0,0.0,3.0,0.47070985527222603
172,2020-06,22.38,9.04,6,1,9.599999999999998,8,7.800000000000001,1,0,0,0.0,166.4,10,423.26,136.4,10,15,82.67,30,3.0,3.0,5.0,0.38244081820271203
172,2020-07,22.980645161290322,6.196774193548387,2,0,0.5,17,30.20000000000001,7,0,0,0.0,74.4,20,299.53,454.2,17,22,88.90967741935484,31,0.0,1.0,6.0,0.168135593220339
172,2020-08,27.364516129032257,7.158064516129032,26,7,56.400000000000006,31,135.5,31,0,0,0.0,173.9,8,386.87,362.3,10,23,83.88709677419355,31,24.0,20.0,4.0,0.41682646212847557
172,2020-09,20.673333333333336,8.74,1,0,1.6000000000000014,5,10.400000000000002,1,0,0,0.0,155.2,9,322.06,227.9,10,16,84.79666666666667,30,0.0,1.0,3.0,0.4175410277105192
172,2020-10,14.02258064516129,11.883870967741935,0,0,0.0,0,0.0,0,0,0,0.0,212.9,5,335.68,10.2,3,2,72.6032258064516,31,0.0,0.0,2.0,0.6287655050206733
172,2020-11,8.958620689655174,10.186666666666667,0,0,0.0,0,0.0,0,2,0,1.5,152.6,10,192.64,58.300000000000004,5,0,69.6103448275862,30,0.0,0.0,3.0,0.49289405684754517
172,2020-12,1.1129032258064515,9.96774193548387,0,0,0.0,0,0.0,0,28,8,106.2,151.3,10,267.08,28.700000000000003,7,0,71.1032258064516,31,0.0,0.0,3.0,0.4965539875287167
172,2021-01,0.03548387096774192,9.738709677419354,0,0,0.0,0,0.0,0,24,17,172.6,141.9,12,277.59,46.2,12,0,75.44193548387096,31,0.0,0.0,3.0,0.45335463258785946
172,2021-02,3.825925925925926,10.755555555555555,0,0,0.0,0,0.0,0,18,6,69.2,155.7,10,327.95,33.0,9,0,66.92222222222223,28,0.0,0.0,5.0,0.5091563113145846
172,2021-03,8.264516129032257,11.912903225806453,0,0,0.0,0,0.0,0,4,0,5.9,206.6,5,500.63,86.0,8,0,70.48387096774194,31,0.0,0.0,2.0,0.5561238223418573
172,2021-04,13.186666666666667,12.243333333333334,0,0,0.0,0,0.0,0,1,0,0.0,225.5,8,606.8,29.299999999999997,5,0,55.276666666666664,30,0.0,0.0,2.0,0.5736453828542355
172,2021-05,17.129032258064516,11.329032258064515,0,0,0.0,0,0.0,0,0,0,0.0,206.0,9,616.6899999999999,93.5,8,0,65.7516129032258,31,0.0,0.0,3.0,0.47334558823529416
172,2021-06,22.67,9.396666666666667,7,0,4.399999999999995,5,1.7000000000000028,1,0,0,0.0,207.4,6,631.7,143.2,6,8,74.05666666666666,30,3.0,3.0,2.0,0.4767816091954023
172,2021-07,26.848387096774193,8.648387096774192,24,14,73.39999999999999,30,91.7,26,0,0,0.0,202.5,7,621.75,185.5,8,9,78.00967741935484,31,22.0,22.0,3.0,0.4574203749717642
172,2021-08,25.724999999999998,8.266666666666667,20,3,35.099999999999994,27,68.0,22,0,0,0.0,156.0,11,497.4,345.7,14,15,80.33214285714287,31,18.0,7.0,3.0,0.37374221370388117
172,2021-09,22.35,8.52,1,0,0.8999999999999986,9,3.6000000000000014,0,0,0,0.0,140.5,12,426.77,139.9,12,18,81.17666666666668,30,0.0,1.0,3.0,0.37768817204301075
172,2021-10,15.790322580645162,11.464516129032257,3,0,1.2999999999999972,1,2.3999999999999986,1,0,0,0.0,212.2,7,434.83,43.9,8,4,76.64193548387097,31,0.0,2.0,3.0,0.6059394631639063
172,2021-11,9.183333333333334,11.45,0,0,0.0,0,0.0,0,3,0,4.4,158.2,9,287.46,86.4,7,0,75.39666666666668,30,0.0,0.0,3.0,0.5104872539528881
172,2021-12,2.8225806451612905,10.119354838709677,0,0,0.0,0,0.0,0,24,6,77.9,135.5,13,251.42000000000002,23.2,6,0,73.02258064516128,31,0.0,0.0,2.0,0.4446997046275024
172,2022-01,-0.3870967741935484,9.53225806451613,0,0,0.0,0,0.0,0,30,15,145.9,174.1,9,319.71,7.3,2,0,66.45161290322581,31,0.0,0.0,1.0,0.556941778630838
172,2022-02,0.14642857142857144,10.664285714285715,0,0,0.0,0,0.0,0,28,14,138.4,180.7,7,386.39,5.1,1,0,61.35357142857142,28,0.0,0.0,1.0,0.5914893617021276
172,2022-03,7.519354838709678,12.358064516129033,0,0,0.0,0,0.0,0,10,1,26.400000000000002,176.9,12,446.68,91.8,7,0,66.1,31,0.0,0.0,3.0,0.47656250000000006
172,2022-04,13.333333333333334,12.923333333333334,0,0,0.0,0,0.0,0,4,0,3.9,258.8,4,643.51,38.3,4,0,56.90333333333333,30,0.0,0.0,2.0,0.6588594704684317
172,2022-05,17.56451612903226,13.287096774193548,0,0,0.0,0,0.0,0,0,0,0.0,182.7,2,782.1,1.5,1,0,60.37096774193548,31,0.0,0.0,1.0,0.42
172,2022-06,23.16,8.303333333333333,7,0,4.9999999999999964,12,37.7,7,0,0,0.0,170.9,11,589.25,130.4,8,4,75.00333333333333,30,0.0,2.0,2.0,0.39287356321839084
172,2022-07,26.62258064516129,7.783870967741935,20,7,44.900000000000006,31,94.4,26,0,0,0.0,178.6,11,579.39,120.5,13,16,79.65483870967742,31,17.0,12.0,4.0,0.40325129826145856
172,2022-08,26.309677419354838,6.761290322580645,17,2,27.79999999999999,25,110.6,24,0,0,0.0,148.9,11,507.23,126.9,9,18,80.78709677419356,31,13.0,9.0,3.0,0.35664670658682635
172,2022-09,21.646666666666665,9.82,6,0,7.099999999999998,7,18.900000000000002,5,0,0,0.0,159.8,10,472.34000000000003,81.9,5,5,77.13000000000001,30,4.0,4.0,3.0,0.4292237442922375
172,2022-10,14.064516129032258,12.219354838709679,1,0,0.5,1,3.1999999999999993,1,0,0,0.0,237.0,5,478.75,40.4,3,1,72.1,31,0.0,1.0,2.0,0.6761768901569187
172,2022-11,10.116666666666667,13.256666666666666,0,0,0.0,0,0.0,0,2,0,4.1,182.2,7,324.11,75.8,6,0,69.28,30,0.0,0.0,2.0,0.5875524024508222
172,2022-12,-0.4064516129032258,9.40967741935484,0,0,0.0,0,0.0,0,30,15,150.5,142.3,11,267.67,34.0,6,0,69.24838709677418,31,0.0,0.0,3.0,0.4667103968514267
172,2023-01,0.3387096774193548,10.690322580645162,0,0,0.0,0,0.0,0,29,13,162.8,165.4,8,299.87,28.200000000000003,3,0,69.74838709677418,31,0.0,0.0,1.0,0.5301282051282051
172,2023-02,1.8392857142857142,11.457142857142857,0,0,0.0,0,0.0,0,26,8,103.4,180.0,8,370.98,7.7,1,0,61.925,28,0.0,0.0,1.0,0.5895840157222404
172,2023-03,8.62258064516129,14.54516129032258,0,0,0.0,0,0.0,0,13,1,26.7,241.5,4,548.26,26.1,2,0,53.400000000000006,31,0.0,0.0,1.0,0.6511188999730386
172,2023-04,12.853333333333333,12.723333333333333,0,0,0.0,0,0.0,0,0,0,0.0,191.0,12,518.48,52.4,6,0,60.96666666666667,30,0.0,0.0,3.0,0.48662420382165605
172,2023-05,18.316129032258065,10.600000000000001,2,0,0.6999999999999993,2,1.1000000000000014,0,0,0,0.0,191.4,12,578.41,174.2,9,1,65.69677419354838,31,0.0,2.0,4.0,0.4402023919043238
172,2023-06,22.262962962962963,9.844444444444445,6,0,6.199999999999999,4,5.5,2,0,0,0.0,202.7,4,597.54,33.6,3,1,67.46296296296296,30,0.0,2.0,2.0,0.46597701149425286
172,2023-07,26.4,7.194444444444445,11,6,25.900000000000006,18,56.199999999999996,13,0,0,0.0,72.3,5,220.44,377.0,9,14,85.19375,31,10.0,7.0,4.0,0.16320541760722346
172,2023-08,26.66774193548387,8.62258064516129,24,11,68.89999999999998,28,94.2,26,0,0,0.0,232.0,6,615.23,164.29999999999998,9,19,82.49677419354839,31,24.0,12.0,3.0,0.5550239234449761
172,2023-09,22.776666666666664,8.906666666666666,6,0,8.400000000000002,10,14.500000000000004,4,0,0,0.0,158.8,12,467.62,174.3,11,18,83.75333333333333,30,5.0,5.0,4.0,0.42630872483221477
172,2023-10,15.051612903225807,12.116129032258065,0,0,0.0,0,0.0,0,0,0,0.0,213.20000000000002,5,459.88,14.1,4,0,76.41935483870968,31,0.0,0.0,3.0,0.6079270031365841
172,2023-11,8.96,9.87,0,0,0.0,0,0.0,0,7,0,11.7,138.0,12,283.07,70.2,7,1,70.57333333333332,30,0.0,0.0,3.0,0.4427333974975939
172,2023-12,3.3741935483870966,8.787096774193548,0,0,0.0,0,0.0,0,20,7,97.9,92.6,20,194.62,109.89999999999999,11,0,78.91935483870968,31,0.0,0.0,4.0,0.30370613315841255
172,2024-01,1.7161290322580647,8.90967741935484,0,0,0.0,0,0.0,0,23,9,98.2,138.1,14,283.22,48.400000000000006,11,0,75.20967741935483,31,0.0,0.0,4.0,0.4420614596670935
172,2024-02,4.86551724137931,8.644827586206896,0,0,0.0,0,0.0,0,13,1,38.9,107.69999999999999,16,266.78,97.10000000000001,10,0,78.61724137931034,29,0.0,0.0,5.0,0.34017687934301954
172,2024-03,6.52258064516129,11.261290322580646,0,0,0.0,0,0.0,0,15,2,38.9,190.9,7,467.86,61.3,4,0,70.31612903225808,31,0.0,0.0,2.0,0.5134480903711673
172,2024-04,14.33,11.96,0,0,0.0,0,0.0,0,0,0,0.0,189.9,9,528.28,64.5,8,0,74.50666666666666,30,0.0,0.0,4.0,0.48308318494021874
172,2024-05,16.18235294117647,11.329411764705881,0,0,0.0,0,0.0,0,0,0,0.0,126.8,5,352.75,88.1,5,0,72.55882352941177,30,0.0,0.0,2.0,0.31147138295259147
172,2024-06,22.823333333333334,10.610000000000001,10,1,19.500000000000004,8,10.199999999999996,2,0,0,0.0,206.0,9,598.6,100.39999999999999,5,6,76.37666666666668,30,6.0,6.0,2.0,0.4734543783038382
172,2024-07,27.090322580645164,6.061290322580645,21,5,37.3,31,136.89999999999998,27,0,0,0.0,137.8,12,490.57,291.4,15,23,84.26774193548387,31,18.0,12.0,4.0,0.3114124293785311
172,2024-08,28.299999999999997,9.112903225806452,31,23,106.60000000000001,30,134.4,31,0,0,0.0,253.2,1,629.01,49.6,5,20,81.5741935483871,31,31.0,31.0,4.0,0.6069031639501438
172,2024-09,25.80666666666667,9.746666666666666,19,10,58.60000000000001,21,66.0,20,0,0,0.0,206.7,7,509.28,165.70000000000002,6,16,80.73333333333333,30,18.0,12.0,2.0,0.5562432723358449
172,2024-10,16.46451612903226,10.296774193548387,0,0,0.0,0,0.0,0,0,0,0.0,157.2,13,369.46,89.2,10,2,82.53870967741935,31,0.0,0.0,2.0,0.44927122034867106
172,2024-11,9.973333333333333,11.156666666666666,0,0,0.0,0,0.0,0,4,0,6.1,161.0,9,299.75,55.0,6,0,72.55,30,0.0,0.0,4.0,0.5200258397932817
172,2024-12,2.47741935483871,8.5,0,0,0.0,0,0.0,0,24,3,60.9,127.1,14,248.99,18.5,6,0,72.66129032258064,31,0.0,0.0,2.0,0.41713160485723655
172,2025-01,0.06129032258064518,10.235483870967743,0,0,0.0,0,0.0,0,31,8,143.2,160.4,9,298.21,34.2,9,0,75.24193548387096,31,0.0,0.0,5.0,0.5124600638977636
172,2025-02,-0.5642857142857143,9.528571428571428,0,0,0.0,0,0.0,0,25,14,149.7,152.0,5,354.88,44.3,7,0,70.85357142857143,28,0.0,0.0,3.0,0.4970568999345978
172,2025-03,7.306451612903226,12.161290322580646,0,0,0.0,0,0.0,0,13,0,27.7,208.0,8,498.85,31.8,4,0,66.86774193548388,31,0.0,0.0,3.0,0.5598923283983849
172,2025-04,12.416666666666666,13.626666666666667,0,0,0.0,0,0.0,0,4,0,5.7,248.6,4,635.92,60.9,6,1,66.75333333333333,30,0.0,0.0,2.0,0.6324090562197914
172,2025-05,16.825806451612905,10.26774193548387,0,0,0.0,0,0.0,0,0,0,0.0,204.3,11,589.86,86.69999999999999,6,1,73.76774193548388,31,0.0,0.0,2.0,0.4693314955203308
172,2025-06,23.19,9.8,12,2,18.3,8,21.100000000000005,7,0,0,0.0,224.6,6,645.58,302.3,8,9,76.56333333333333,30,7.0,4.0,3.0,0.5162031716846701
172,2025-07,27.858064516129033,8.95483870967742,25,19,99.4,31,119.1,27,0,0,0.0,258.3,5,700.41,357.59999999999997,6,14,78.7709677419355,31,24.0,12.0,5.0,0.5834651005195393
172,2025-08,27.406451612903226,8.370967741935484,27,11,70.3,31,110.0,28,0,0,0.0,229.2,5,607.38,173.6,9,27,84.28709677419356,31,24.0,19.0,5.0,0.5492451473759885
172,2025-09,23.993333333333332,7.876666666666666,8,1,16.199999999999996,19,38.199999999999996,11,0,0,0.0,108.5,9,340.1,330.09999999999997,14,22,86.19,30,4.0,4.0,4.0,0.29182356105433027
172,2025-10,17.53548387096774,9.083870967741936,0,0,0.0,2,1.0,0,0,0,0.0,137.3,15,349.15,120.7,10,10,83.50645161290322,31,0.0,0.0,5.0,0.39217366466723796
172,2025-11,9.3,11.826666666666666,0,0,0.0,0,0.0,0,2,0,3.1,190.7,6,338.65,30.5,6,0,74.12333333333332,30,0.0,0.0,2.0,0.6155584247901872
172,2025-12,3.7419354838709675,10.30967741935484,0,0,0.0,0,0.0,0,20,4,68.4,156.0,9,270.22,37.3,6,0,70.23870967741935,31,0.0,0.0,2.0,0.5119789957335082
172,2026-01,-0.7838709677419355,9.745161290322581,0,0,0.0,0,0.0,0,30,20,176.9,173.4,7,320.74,12.5,3,0,69.42903225806452,31,0.0,0.0,1.0,0.5547024952015355
172,2026-02,2.335714285714286,11.553571428571429,0,0,0.0,0,0.0,0,24,9,96.6,176.4,6,369.94,21.900000000000002,6,0,72.66785714285714,28,0.0,0.0,2.0,0.5772251308900523
172,2026-03,6.512903225806451,13.112903225806452,0,0,0.0,0,0.0,0,16,1,30.5,224.1,5,543.47,100.7,6,0,72.65806451612903,31,0.0,0.0,2.0,0.6038803556992723
172,2026-04,13.086666666666668,12.18,0,0,0.0,0,0.0,0,1,0,0.8,182.79999999999998,11,556.49,76.3,5,0,70.93,30,0.0,0.0,2.0,0.465376782077393
172,2026-05,18.36774193548387,11.464516129032257,1,0,0.8000000000000007,2,2.400000000000002,0,0,0,0.0,247.2,8,691.09,106.3,7,3,74.92258064516129,31,0.0,1.0,3.0,0.5684065302368361
172,2026-06,22.509999999999998,10.28,8,0,5.799999999999997,5,7.100000000000001,1,0,0,0.0,218.0,7,663.54,41.900000000000006,5,4,73.72,30,4.0,4.0,4.0,0.5010342450011491
172,2026-07,27.383870967741935,7.070967741935484,23,9,56.30000000000001,30,130.9,25,0,0,0.0,182.5,11,605.55,193.9,9,18,81.68387096774192,31,21.0,15.0,3.0,0.41205689771957554
172,2026-08,29.339999999999996,9.475000000000001,8,7,38.2,8,42.39999999999999,5,0,0,0.0,47.7,1,111.75,17.1,1,0,77.88,10,6.0,6.0,1.0,0.34540188269370026
243,2015-01,0.6451612903225806,8.564516129032258,0,0,0.0,0,0.0,0,27,10,113.6,148.2,9,0.0,44.1,9,0,72.79032258064517,31,0.0,0.0,2.0,0.4756097560975609
243,2015-02,2.2214285714285715,8.403571428571428,0,0,0.0,0,0.0,0,19,6,69.2,138.6,10,0.0,20.5,4,0,67.30357142857143,28,0.0,0.0,2.0,0.4545752705805182
243,2015-03,5.806451612903226,12.187096774193549,0,0,0.0,0,0.0,0,18,1,48.4,237.1,5,0.0,41.0,4,0,61.00967741935484,31,0.0,0.0,1.0,0.6396007553277583
243,2015-04,12.573333333333332,11.473333333333333,0,0,0.0,0,0.0,0,0,0,0.0,177.0,12,0.0,129.2,14,0,67.84666666666666,30,0.0,0.0,6.0,0.4507257448433919
243,2015-05,17.429032258064513,11.35483870967742,1,0,1.0,0,0.0,0,0,0,0.0,262.5,6,0.0,44.1,5,0,63.803225806451614,31,0.0,1.0,2.0,0.6026170798898072
243,2015-06,21.69333333333333,8.543333333333333,2,0,1.8999999999999986,3,1.0999999999999979,1,0,0,0.0,176.8,11,0.0,120.3,5,3,72.31666666666666,30,0.0,2.0,2.0,0.4049473202015575
243,2015-07,24.84193548387097,7.245161290322581,14,3,20.8,22,73.0,17,0,0,0.0,157.0,13,0.0,123.6,11,12,77.9258064516129,31,7.0,4.0,3.0,0.3536832619959451
243,2015-08,25.567741935483873,8.541935483870969,18,6,38.19999999999999,25,64.1,18,0,0,0.0,204.9,9,0.0,59.4,5,4,75.73870967741935,31,15.0,10.0,2.0,0.48972275334608034
243,2015-09,20.959999999999997,11.04,2,0,1.5,2,1.5999999999999979,1,0,0,0.0,221.4,7,0.0,42.4,3,2,71.86666666666666,30,0.0,1.0,2.0,0.5937248592115849
243,2015-10,15.612903225806452,11.035483870967742,0,0,0.0,0,0.0,0,0,0,0.0,205.5,4,0.0,99.8,5,0,72.48387096774194,31,0.0,0.0,2.0,0.5861380490587563
243,2015-11,10.793333333333333,7.12,0,0,0.0,0,0.0,0,1,0,0.3,69.0,21,0.0,125.2,14,0,80.58,30,0.0,0.0,4.0,0.22279625443978043
243,2015-12,4.16774193548387,7.951612903225806,0,0,0.0,0,0.0,0,18,2,41.9,109.5,16,0.0,74.5,12,0,74.2741935483871,31,0.0,0.0,3.0,0.36007892140743175
243,2016-01,-0.5193548387096774,7.95483870967742,0,0,0.0,0,0.0,0,25,11,144.8,110.8,18,0.0,51.1,8,0,73.71612903225805,31,0.0,0.0,2.0,0.35581245985870263
243,2016-02,2.348275862068965,9.1,0,0,0.0,0,0.0,0,25,6,83.9,159.7,8,0.0,40.6,5,0,65.46206896551725,29,0.0,0.0,3.0,0.5052198671306548
243,2016-03,6.580645161290323,11.070967741935483,0,0,0.0,0,0.0,0,14,0,22.2,222.8,5,0.0,52.0,3,0,65.0225806451613,31,0.0,0.0,2.0,0.5992469069392147
243,2016-04,13.126666666666667,11.77,0,0,0.0,0,0.0,0,0,0,0.0,184.2,9,0.0,179.5,12,0,70.53333333333333,30,0.0,0.0,3.0,0.4681067344345616
243,2016-05,18.35483870967742,11.741935483870968,0,0,0.0,0,0.0,0,0,0,0.0,267.4,4,0.0,99.9,7,0,66.5741935483871,31,0.0,0.0,2.0,0.6130215497478221
243,2016-06,22.333333333333332,8.15,2,0,0.5,9,8.499999999999996,1,0,0,0.0,182.1,9,0.0,42.0,5,2,75.36666666666666,30,0.0,1.0,1.0,0.4169910693840165
243,2016-07,26.216129032258067,7.690322580645161,19,10,50.10000000000001,30,90.19999999999999,21,0,0,0.0,191.1,11,0.0,220.7,10,7,77.35483870967742,31,17.0,13.0,6.0,0.43089064261555804
243,2016-08,27.296774193548387,8.764516129032257,25,18,90.1,27,114.1,25,0,0,0.0,254.6,4,0.0,30.2,4,2,73.47741935483872,31,25.0,25.0,3.0,0.6095283696432846
243,2016-09,22.33,8.733333333333333,4,0,3.299999999999997,10,9.3,3,0,0,0.0,148.7,11,0.0,139.3,5,2,76.78666666666666,30,0.0,2.0,3.0,0.3997311827956989
243,2016-10,16.07741935483871,8.77741935483871,0,0,0.0,0,0.0,0,0,0,0.0,104.5,16,0.0,128.7,11,2,75.99354838709678,31,0.0,0.0,3.0,0.29891304347826086
243,2016-11,8.12,10.386666666666667,0,0,0.0,0,0.0,0,11,0,13.9,149.2,10,0.0,34.6,7,0,70.39666666666668,30,0.0,0.0,2.0,0.48284789644012943
243,2016-12,3.458064516129032,9.829032258064515,0,0,0.0,0,0.0,0,21,4,68.4,127.2,15,0.0,56.9,7,0,71.87096774193549,31,0.0,0.0,3.0,0.418558736426456
243,2017-01,0.5935483870967742,9.69032258064516,0,0,0.0,0,0.0,0,27,15,129.6,148.2,9,0.0,18.7,6,0,71.53870967741935,31,0.0,0.0,3.0,0.475
243,2017-02,1.6785714285714286,10.110714285714286,0,0,0.0,0,0.0,0,26,6,92.7,183.6,6,0.0,37.8,8,0,65.93214285714285,28,0.0,0.0,2.0,0.6011787819253438
243,2017-03,5.635483870967741,11.858064516129032,0,0,0.0,0,0.0,0,17,0,31.5,226.9,2,0.0,21.9,7,0,64.28064516129032,31,0.0,0.0,2.0,0.6109316101238558
243,2017-04,12.873333333333333,11.653333333333334,0,0,0.0,0,0.0,0,0,0,0.0,244.8,4,0.0,61.1,5,0,64.94666666666667,30,0.0,0.0,2.0,0.6224256292906178
243,2017-05,18.177419354838708,12.26774193548387,1,0,0.3999999999999986,0,0.0,0,0,0,0.0,279.2,3,0.0,38.3,5,0,65.02580645161291,31,0.0,1.0,2.0,0.6403669724770642
243,2017-06,21.736666666666668,9.806666666666667,1,0,0.3000000000000007,8,8.600000000000001,0,0,0,0.0,226.5,8,0.0,25.2,5,0,68.99,30,0.0,1.0,2.0,0.5187814933577645
243,2017-07,27.12,6.993548387096775,22,6,47.80000000000001,31,130.29999999999998,29,0,0,0.0,116.7,16,0.0,372.6,15,16,80.36666666666666,31,21.0,12.0,4.0,0.26313416009019164
243,2017-08,26.103225806451615,7.893548387096774,21,8,47.199999999999996,26,94.80000000000001,22,0,0,0.0,194.5,11,0.0,137.8,10,10,77.40645161290323,31,21.0,8.0,3.0,0.4650884744141559
243,2017-09,21.03103448275862,10.55,1,0,0.6000000000000014,1,0.5,0,0,0,0.0,205.2,6,0.0,105.0,4,4,74.98965517241379,30,0.0,1.0,2.0,0.5511684125705076
243,2017-10,15.474193548387097,10.412903225806453,0,0,0.0,0,0.0,0,0,0,0.0,177.6,9,0.0,35.5,6,2,73.25161290322582,31,0.0,0.0,2.0,0.5077186963979416
243,2017-11,7.24,11.220689655172414,0,0,0.0,0,0.0,0,9,0,12.5,179.1,7,0.0,10.6,4,0,66.57,30,0.0,0.0,3.0,0.5794241345842769
243,2017-12,0.9838709677419355,8.887096774193548,0,0,0.0,0,0.0,0,25,11,104.4,140.4,10,0.0,42.0,8,0,68.50645161290322,31,0.0,0.0,2.0,0.4618421052631579
243,2018-01,-1.696774193548387,8.435483870967742,0,0,0.0,0,0.0,0,27,14,178.2,148.1,11,0.0,34.6,6,0,70.66129032258064,31,0.0,0.0,4.0,0.47483167681949345
243,2018-02,-0.2571428571428572,9.882142857142856,0,0,0.0,0,0.0,0,25,12,142.0,165.5,4,0.0,31.5,5,0,62.385714285714286,28,0.0,0.0,2.0,0.54280091833388
243,2018-03,7.800000000000001,11.196774193548388,0,0,0.0,0,0.0,0,7,0,10.4,194.4,10,0.0,98.5,8,0,73.53870967741935,31,0.0,0.0,2.0,0.5238480194017785
243,2018-04,12.870000000000001,11.556666666666667,0,0,0.0,0,0.0,0,0,0,0.0,217.1,9,0.0,124.6,9,0,68.41000000000001,30,0.0,0.0,3.0,0.5524173027989822
243,2018-05,17.903225806451612,10.729032258064517,0,0,0.0,2,5.599999999999998,1,0,0,0.0,184.6,11,0.0,112.5,10,0,71.84193548387097,31,0.0,0.0,3.0,0.4236860224925407
243,2018-06,22.373333333333335,9.496666666666668,6,1,8.100000000000001,5,8.3,2,0,0,0.0,204.4,4,0.0,105.0,6,6,71.89666666666668,30,4.0,4.0,3.0,0.46816307833256987
243,2018-07,27.37741935483871,8.893548387096773,24,16,91.19999999999999,30,110.80000000000001,25,0,0,0.0,261.1,6,0.0,258.2,5,5,74.71612903225805,31,22.0,22.0,2.0,0.5883280757097792
243,2018-08,28.164516129032258,8.974193548387097,26,21,120.89999999999999,30,135.8,27,0,0,0.0,233.9,8,0.0,299.5,9,5,73.19354838709677,31,26.0,23.0,3.0,0.5593017694882831
243,2018-09,21.313333333333333,9.610000000000001,2,0,2.900000000000002,8,9.2,2,0,0,0.0,179.3,11,0.0,67.0,5,6,74.07333333333332,30,0.0,1.0,2.0,0.48121309715512617
243,2018-10,13.574193548387097,11.003225806451614,0,0,0.0,0,0.0,0,0,0,0.0,215.7,6,0.0,161.5,9,0,72.85483870967742,31,0.0,0.0,4.0,0.6161096829477292
243,2018-11,8.68,11.353333333333333,0,0,0.0,0,0.0,0,2,0,1.7000000000000002,186.3,8,0.0,39.7,3,0,72.35,30,0.0,0.0,2.0,0.6025226390685641
243,2018-12,1.8096774193548388,9.212903225806452,0,0,0.0,0,0.0,0,22,9,105.6,157.8,9,0.0,26.4,3,0,66.13225806451612,31,0.0,0.0,2.0,0.5189082538638605
243,2019-01,0.4129032258064516,9.683870967741935,0,0,0.0,0,0.0,0,30,11,127.7,193.2,4,0.0,8.8,3,0,67.10967741935484,31,0.0,0.0,1.0,0.6200256739409499
243,2019-02,2.107142857142857,9.539285714285715,0,0,0.0,0,0.0,0,25,4,73.4,171.1,6,0.0,25.1,2,0,65.64642857142857,28,0.0,0.0,1.0,0.5611675959330928
243,2019-03,6.993548387096775,11.825806451612904,0,0,0.0,0,0.0,0,10,0,14.5,221.8,6,0.0,30.400000000000002,5,0,64.88709677419355,31,0.0,0.0,1.0,0.5983274885352037
243,2019-04,11.723333333333333,11.216666666666667,0,0,0.0,0,0.0,0,1,0,1.1,197.5,8,0.0,104.5,9,0,66.87666666666667,30,0.0,0.0,4.0,0.5028004073319755
243,2019-05,17.929032258064513,12.706451612903225,2,0,1.1000000000000014,0,0.0,0,0,0,0.0,299.4,3,0.0,60.699999999999996,4,0,60.90967741935484,31,0.0,1.0,3.0,0.68732782369146
243,2019-06,21.029999999999998,8.903333333333334,1,0,1.8000000000000007,3,3.1000000000000014,0,0,0,0.0,223.0,7,0.0,89.0,6,4,75.56333333333333,30,0.0,1.0,2.0,0.510765002290426
243,2019-07,25.287096774193547,8.03225806451613,15,4,27.8,21,63.2,14,0,0,0.0,175.4,13,0.0,225.5,12,13,78.5516129032258,31,13.0,5.0,4.0,0.3951340391980176
243,2019-08,26.758064516129032,8.570967741935483,22,13,66.80000000000001,27,98.4,24,0,0,0.0,234.6,6,0.0,127.4,8,9,77.89354838709677,31,20.0,14.0,2.0,0.5607074569789675
243,2019-09,22.18,8.59,2,0,1.5,13,20.800000000000004,3,0,0,0.0,160.0,12,0.0,243.0,12,18,82.35666666666665,30,0.0,1.0,8.0,0.4291845493562232
243,2019-10,16.096774193548388,10.509677419354839,0,0,0.0,0,0.0,0,0,0,0.0,201.6,8,0.0,86.6,6,2,79.09677419354838,31,0.0,0.0,3.0,0.5750142612664004
243,2019-11,9.373333333333333,11.129999999999999,0,0,0.0,0,0.0,0,5,0,7.9,165.9,7,0.0,55.6,5,0,76.11999999999999,30,0.0,0.0,2.0,0.5356796900226025
243,2019-12,3.954838709677419,8.883870967741935,0,0,0.0,0,0.0,0,18,3,47.7,143.1,11,0.0,30.9,8,0,73.97096774193548,31,0.0,0.0,3.0,0.4707236842105263
243,2020-01,3.3225806451612905,8.074193548387097,0,0,0.0,0,0.0,0,20,1,43.9,110.1,15,0.0,79.1,6,0,78.21290322580644,31,0.0,0.0,3.0,0.3535645472061657
243,2020-02,3.9379310344827587,9.706896551724139,0,0,0.0,0,0.0,0,18,5,58.4,183.4,6,0.0,59.0,8,0,78.11724137931034,29,0.0,0.0,3.0,0.5800126502213789
243,2020-03,7.645161290322581,11.2,0,0,0.0,0,0.0,0,8,0,11.9,227.9,6,0.0,22.1,4,0,68.89354838709677,31,0.0,0.0,2.0,0.6129639591178052
243,2020-04,10.343333333333334,11.17,0,0,0.0,0,0.0,0,0,0,0.0,269.7,3,0.0,22.2,4,0,65.65,30,0.0,0.0,3.0,0.6853875476493011
243,2020-05,17.616129032258065,9.883870967741936,0,0,0.0,0,0.0,0,0,0,0.0,204.6,9,0.0,111.9,6,2,78.82903225806452,31,0.0,0.0,2.0,0.469050894085282
243,2020-06,22.373333333333335,8.143333333333334,5,0,8.899999999999995,9,6.0,1,0,0,0.0,186.20000000000002,10,0.0,157.6,9,16,82.58666666666666,30,3.0,3.0,5.0,0.4263796656743761
243,2020-07,23.067741935483873,5.967741935483871,2,0,1.5,19,28.9,4,0,0,0.0,85.9,19,0.0,509.8,18,21,89.89032258064516,31,0.0,1.0,5.0,0.19368658399098085
243,2020-08,27.241935483870968,6.870967741935484,26,4,52.3,31,137.1,29,0,0,0.0,172.1,13,0.0,421.6,13,26,86.29032258064517,31,24.0,20.0,7.0,0.41201819487670577
243,2020-09,21.0,8.506666666666668,1,0,1.6000000000000014,5,7.799999999999997,1,0,0,0.0,167.2,8,0.0,224.3,8,15,84.11,30,0.0,1.0,2.0,0.4494623655913978
243,2020-10,14.51290322580645,11.2,0,0,0.0,0,0.0,0,0,0,0.0,209.4,7,0.0,6.800000000000001,2,0,73.15806451612903,31,0.0,0.0,2.0,0.5989702517162471
243,2020-11,9.366666666666667,9.75,0,0,0.0,0,0.0,0,2,0,0.6,154.7,10,0.0,49.4,5,0,74.74,30,0.0,0.0,3.0,0.5006472491909385
243,2020-12,1.8096774193548388,9.36774193548387,0,0,0.0,0,0.0,0,26,7,86.1,140.1,12,0.0,31.0,6,0,72.46774193548387,31,0.0,0.0,2.0,0.4611586570111915
243,2021-01,0.01612903225806463,9.593548387096773,0,0,0.0,0,0.0,0,24,16,169.5,134.8,12,0.0,32.6,6,0,76.90645161290323,31,0.0,0.0,2.0,0.43205128205128207
243,2021-02,4.132142857142857,10.389285714285714,0,0,0.0,0,0.0,0,16,4,58.7,170.7,7,0.0,23.299999999999997,7,0,70.03571428571429,28,0.0,0.0,4.0,0.5585732984293192
243,2021-03,8.435483870967742,10.829032258064515,0,0,0.0,0,0.0,0,1,0,1.6,195.1,9,0.0,100.4,6,0,79.37096774193549,31,0.0,0.0,1.0,0.5248856604788809
243,2021-04,13.246666666666666,11.536666666666667,0,0,0.0,0,0.0,0,0,0,0.0,213.1,9,0.0,46.4,5,0,67.14666666666668,30,0.0,0.0,2.0,0.5418255784388507
243,2021-05,17.067741935483873,10.383870967741935,0,0,0.0,0,0.0,0,0,0,0.0,204.3,9,0.0,81.7,10,1,75.55806451612904,31,0.0,0.0,3.0,0.46857798165137615
243,2021-06,22.34333333333333,8.766666666666667,2,0,2.6999999999999993,5,3.599999999999998,1,0,0,0.0,206.3,6,0.0,97.10000000000001,6,10,80.27333333333333,30,0.0,1.0,2.0,0.47240668651248
243,2021-07,26.65806451612903,8.235483870967743,24,10,67.4,31,97.10000000000001,26,0,0,0.0,206.0,7,0.0,224.6,10,17,83.23225806451612,31,22.0,22.0,6.0,0.4644870349492672
243,2021-08,25.36774193548387,7.838709677419355,18,2,26.3,30,66.19999999999999,21,0,0,0.0,173.4,11,0.0,409.7,14,23,84.69333333333334,31,14.0,5.0,3.0,0.41463414634146345
243,2021-09,22.37,8.146666666666667,1,0,0.6999999999999993,8,3.5000000000000036,0,0,0,0.0,150.3,10,0.0,166.6,8,7,74.26538461538462,30,0.0,1.0,3.0,0.4038151531434713
243,2021-10,16.02258064516129,10.641935483870967,2,0,0.6999999999999993,1,0.8000000000000007,0,0,0,0.0,212.1,7,0.0,50.3,8,2,73.26296296296296,31,0.0,1.0,4.0,0.6065198741778668
243,2021-11,9.583333333333334,10.2,0,0,0.0,0,0.0,0,2,0,1.5,147.8,10,0.0,100.3,9,0,77.34333333333333,30,0.0,0.0,5.0,0.47816240698802975
243,2021-12,3.1838709677419357,9.619354838709677,0,0,0.0,0,0.0,0,17,6,65.2,129.4,14,0.0,21.0,7,0,73.9,31,0.0,0.0,2.0,0.4259381171823568
243,2022-01,0.06774193548387099,9.209677419354838,0,0,0.0,0,0.0,0,29,13,137.0,168.5,7,0.0,5.2,3,0,67.8741935483871,31,0.0,0.0,1.0,0.5400641025641025
243,2022-02,0.6892857142857142,9.882142857142856,0,0,0.0,0,0.0,0,27,11,113.4,190.8,4,0.0,11.0,3,0,66.24285714285715,28,0.0,0.0,2.0,0.6257789439160382
243,2022-03,7.745161290322581,11.296774193548387,0,0,0.0,0,0.0,0,9,0,13.1,173.0,13,0.0,69.7,8,0,73.13870967741936,31,0.0,0.0,3.0,0.4659305144088338
243,2022-04,13.35,11.603333333333333,0,0,0.0,0,0.0,0,0,0,0.0,245.9,4,0.0,58.3,5,0,67.46333333333334,30,0.0,0.0,2.0,0.6256997455470739
243,2022-05,17.970967741935485,11.46774193548387,0,0,0.0,0,0.0,0,0,0,0.0,299.8,2,0.0,7.2,2,0,62.15161290322581,31,0.0,0.0,1.0,0.6880881340371816
243,2022-06,22.970000000000002,7.87,6,0,5.800000000000001,12,35.5,6,0,0,0.0,184.4,9,0.0,172.79999999999998,9,8,78.28666666666666,30,0.0,2.0,2.0,0.42235455794777826
243,2022-07,26.461290322580645,7.138709677419354,15,7,38.099999999999994,31,102.9,25,0,0,0.0,180.3,11,0.0,126.1,10,19,81.29032258064517,31,9.0,5.0,5.0,0.40617256138769997
243,2022-08,26.003225806451614,6.409677419354838,15,2,27.9,26,106.9,23,0,0,0.0,149.79999999999998,11,0.0,276.7,12,19,82.4483870967742,31,9.0,9.0,4.0,0.3582018173122907
243,2022-09,21.86,9.49,5,0,7.800000000000001,9,16.2,5,0,0,0.0,158.0,9,0.0,85.9,4,10,77.96666666666667,30,4.0,4.0,3.0,0.42416107382550333
243,2022-10,14.651612903225805,11.019354838709678,0,0,0.0,1,3.3999999999999986,1,0,0,0.0,224.3,4,0.0,37.6,4,1,73.70322580645161,31,0.0,0.0,2.0,0.6406740931162525
243,2022-11,10.393333333333334,12.393333333333334,0,0,0.0,0,0.0,0,2,0,2.7,174.3,5,0.0,63.699999999999996,6,0,72.3,30,0.0,0.0,2.0,0.563712807244502
243,2022-12,-0.1387096774193549,9.058064516129033,0,0,0.0,0,0.0,0,27,13,143.3,137.6,12,0.0,57.0,8,0,72.49032258064516,31,0.0,0.0,3.0,0.4526315789473684
243,2023-01,0.6580645161290323,9.916129032258064,0,0,0.0,0,0.0,0,29,12,142.2,165.3,7,0.0,35.4,4,0,72.7741935483871,31,0.0,0.0,1.0,0.5309990362993897
243,2023-02,2.439285714285714,10.435714285714285,0,0,0.0,0,0.0,0,25,4,80.0,181.0,5,0.0,4.800000000000001,2,0,70.33214285714286,28,0.0,0.0,1.0,0.5936372581174156
243,2023-03,8.932258064516128,13.496774193548386,0,0,0.0,0,0.0,0,8,0,10.0,238.3,4,0.0,19.799999999999997,3,0,59.935483870967744,31,0.0,0.0,2.0,0.6426645091693636
243,2023-04,13.256666666666666,11.79,0,0,0.0,0,0.0,0,0,0,0.0,178.4,12,0.0,48.6,6,1,66.55333333333333,30,0.0,0.0,3.0,0.45417515274949083
243,2023-05,18.62258064516129,10.33548387096774,2,0,2.299999999999997,1,0.5,0,0,0,0.0,209.9,9,0.0,236.7,7,1,72.33870967741936,31,0.0,2.0,4.0,0.4818640955004591
243,2023-06,22.56,8.783333333333333,6,0,6.199999999999999,9,11.600000000000001,2,0,0,0.0,211.8,7,0.0,247.2,7,4,77.24666666666667,30,0.0,2.0,6.0,0.48511223087494276
243,2023-07,26.06451612903226,6.487096774193549,16,5,31.300000000000004,31,101.9,25,0,0,0.0,147.6,13,0.0,647.2,17,23,85.9258064516129,31,8.0,8.0,6.0,0.3325073214687993
243,2023-08,26.951612903225808,7.880645161290323,25,11,65.7,29,115.3,28,0,0,0.0,224.6,6,0.0,168.5,10,14,81.07741935483871,31,25.0,12.0,4.0,0.5369352139612718
243,2023-09,23.136666666666667,8.273333333333333,8,0,8.300000000000004,16,22.899999999999995,5,0,0,0.0,154.5,10,0.0,191.20000000000002,9,16,83.01,30,7.0,7.0,4.0,0.414431330472103
243,2023-10,15.970967741935485,10.47741935483871,0,0,0.0,0,0.0,0,0,0,0.0,221.9,5,0.0,13.3,3,0,74.38709677419355,31,0.0,0.0,2.0,0.6332762557077626
243,2023-11,9.22,9.45,0,0,0.0,0,0.0,0,6,0,6.3,139.5,13,0.0,104.7,7,2,73.08999999999999,30,0.0,0.0,3.0,0.44840887174541944
243,2023-12,3.8870967741935485,8.119354838709677,0,0,0.0,0,0.0,0,19,6,77.8,91.1,20,0.0,136.2,13,0,80.46451612903226,31,0.0,0.0,4.0,0.29967105263157895
243,2024-01,2.035483870967742,8.27741935483871,0,0,0.0,0,0.0,0,23,7,84.1,129.4,13,0.0,54.7,8,0,76.81612903225808,31,0.0,0.0,3.0,0.41554271034039825
243,2024-02,5.248275862068965,8.496551724137932,0,0,0.0,0,0.0,0,12,0,22.3,118.2,14,0.0,130.9,11,0,81.29655172413793,29,0.0,0.0,8.0,0.3739322999050933
243,2024-03,7.258064516129032,10.212903225806452,0,0,0.0,0,0.0,0,8,1,17.099999999999998,184.9,6,0.0,75.2,4,0,70.5741935483871,31,0.0,0.0,2.0,0.49731038192576654
243,2024-04,14.526666666666667,11.026666666666666,0,0,0.0,0,0.0,0,0,0,0.0,187.7,8,0.0,56.599999999999994,6,0,76.27333333333333,30,0.0,0.0,2.0,0.47688008130081294
243,2024-05,17.69677419354839,10.458064516129031,0,0,0.0,0,0.0,0,0,0,0.0,272.2,5,0.0,88.3,6,2,73.37741935483871,31,0.0,0.0,2.0,0.6240256762952774
243,2024-06,22.85666666666667,10.046666666666665,8,1,14.399999999999999,7,12.200000000000003,2,0,0,0.0,236.0,8,0.0,77.7,5,6,73.06333333333333,30,3.0,3.0,2.0,0.5404167620792306
243,2024-07,27.067741935483873,6.267741935483871,19,5,38.599999999999994,31,134.8,28,0,0,0.0,142.6,13,0.0,325.5,13,19,82.58709677419354,31,15.0,12.0,4.0,0.32153325817361894
243,2024-08,28.467741935483872,8.274193548387096,31,19,104.29999999999998,31,157.8,31,0,0,0.0,252.2,3,0.0,37.2,4,17,79.14193548387097,31,31.0,31.0,1.0,0.6037826191046205
243,2024-09,25.82,8.93,18,7,51.5,22,74.6,20,0,0,0.0,191.7,6,0.0,165.1,4,11,78.58,30,16.0,13.0,2.0,0.5153225806451612
243,2024-10,16.761290322580646,9.658064516129032,0,0,0.0,0,0.0,0,0,0,0.0,152.2,12,0.0,71.6,11,1,80.40322580645162,31,0.0,0.0,3.0,0.43535469107551483
243,2024-11,10.47,10.76,0,0,0.0,0,0.0,0,2,0,2.2,156.9,11,0.0,50.4,6,0,71.69,30,0.0,0.0,5.0,0.5079313693752023
243,2024-12,3.3129032258064517,7.838709677419355,0,0,0.0,0,0.0,0,19,1,38.4,117.3,11,0.0,35.0,7,0,71.98387096774194,31,0.0,0.0,2.0,0.38610928242264647
243,2025-01,0.964516129032258,9.248387096774193,0,0,0.0,0,0.0,0,30,5,100.0,152.5,9,0.0,44.8,8,0,75.32903225806452,31,0.0,0.0,3.0,0.48878205128205127
243,2025-02,0.5,9.257142857142856,0,0,0.0,0,0.0,0,24,11,118.7,170.1,6,0.0,35.6,9,0,69.68214285714285,28,0.0,0.0,6.0,0.556609947643979
243,2025-03,8.251612903225807,11.293548387096775,0,0,0.0,0,0.0,0,6,0,5.9,201.2,7,0.0,43.0,5,0,65.19032258064516,31,0.0,0.0,4.0,0.541442411194833
243,2025-04,13.116666666666667,12.696666666666665,0,0,0.0,0,0.0,0,0,0,0.0,233.1,4,0.0,62.6,5,0,65.76333333333334,30,0.0,0.0,1.0,0.5925266903914591
243,2025-05,17.403225806451612,9.883870967741936,0,0,0.0,3,0.6999999999999993,0,0,0,0.0,196.4,10,0.0,82.9,4,0,72.21290322580644,31,0.0,0.0,1.0,0.4504587155963303
243,2025-06,23.13,9.383333333333333,11,1,14.600000000000005,12,20.699999999999996,7,0,0,0.0,227.1,6,0.0,317.6,7,8,74.92,30,7.0,4.0,4.0,0.5200366384245477
243,2025-07,27.848387096774193,8.803225806451612,25,19,98.2,31,122.1,27,0,0,0.0,256.4,6,0.0,209.0,9,9,75.7290322580645,31,24.0,12.0,5.0,0.5781285231116121
243,2025-08,27.38064516129032,7.854838709677419,26,9,65.19999999999999,31,121.1,28,0,0,0.0,228.4,6,0.0,183.0,6,14,80.61612903225806,31,23.0,13.0,2.0,0.5461501673840268
243,2025-09,23.823333333333334,7.626666666666666,7,1,13.099999999999994,17,32.7,10,0,0,0.0,129.3,12,0.0,348.1,12,16,81.71666666666667,30,4.0,4.0,2.0,0.34739387426115
243,2025-10,17.700000000000003,8.593548387096773,0,0,0.0,2,1.1999999999999993,0,0,0,0.0,138.20000000000002,16,0.0,90.7,11,8,80.33548387096775,31,0.0,0.0,6.0,0.39519588218472984
243,2025-11,9.723333333333333,10.916666666666666,0,0,0.0,0,0.0,0,1,0,1.3,187.9,6,0.0,21.5,6,0,71.43,30,0.0,0.0,2.0,0.6078938854739566
243,2025-12,3.8419354838709676,9.667741935483871,0,0,0.0,0,0.0,0,18,4,56.9,150.9,9,0.0,34.300000000000004,6,0,69.54516129032258,31,0.0,0.0,2.0,0.4967083607636603
243,2026-01,-0.39354838709677414,9.229032258064516,0,0,0.0,0,0.0,0,30,18,157.4,163.2,8,0.0,4.4,2,0,65.49677419354838,31,0.0,0.0,1.0,0.5232446296890029
243,2026-02,3.0714285714285716,10.464285714285714,0,0,0.0,0,0.0,0,22,3,68.2,186.7,4,0.0,21.0,6,0,70.125,28,0.0,0.0,2.0,0.6121311475409835
243,2026-03,6.974193548387096,11.59032258064516,0,0,0.0,0,0.0,0,9,0,13.2,218.7,5,0.0,91.5,6,0,72.02903225806452,31,0.0,0.0,2.0,0.5891702586206896
243,2026-04,13.273333333333333,11.926666666666668,0,0,0.0,0,0.0,0,0,0,0.0,188.5,10,0.0,88.0,4,0,67.13333333333334,30,0.0,0.0,2.0,0.4793997965412004
243,2026-05,18.37741935483871,11.093548387096773,0,0,0.0,2,0.6000000000000014,0,0,0,0.0,242.4,7,0.0,109.60000000000001,5,2,73.16774193548386,31,0.0,0.0,2.0,0.5560908465244323
243,2026-06,22.766666666666666,9.576666666666666,7,0,6.0000000000000036,9,8.399999999999999,2,0,0,0.0,229.3,6,0.0,53.6,5,2,71.28333333333333,30,0.0,2.0,4.0,0.5251946862116353
243,2026-07,27.393548387096775,7.229032258064516,22,10,57.8,31,128.4,27,0,0,0.0,190.9,8,0.0,145.5,11,10,78.79677419354839,31,18.0,12.0,6.0,0.43024566148298404
243,2026-08,29.99,9.879999999999999,10,10,56.7,10,57.900000000000006,10,0,0,0.0,94.8,1,0.0,0.8,0,0,72.99,10,10.0,10.0,0.0,0.685466377440347
244,2015-01,-1.5161290322580645,11.064516129032258,0,0,0.0,0,0.0,0,29,23,210.1,150.7,9,0.0,31.5,9,0,72.03225806451613,31,0.0,0.0,2.0,0.48347770291947384
244,2015-02,0.028571428571428546,10.735714285714286,0,0,0.0,0,0.0,0,26,11,146.7,140.8,9,0.0,12.7,4,0,65.25357142857142,28,0.0,0.0,2.0,0.46148803670927563
244,2015-03,4.767741935483872,15.567741935483872,0,0,0.0,0,0.0,0,23,12,110.3,234.9,5,0.0,35.6,6,0,55.483870967741936,31,0.0,0.0,2.0,0.6336660372268681
244,2015-04,11.56,14.0,0,0,0.0,0,0.0,0,2,0,0.8999999999999999,157.8,14,0.0,97.6,13,0,68.32,30,0.0,0.0,5.0,0.4018334606569901
244,2015-05,17.151612903225807,15.958064516129031,3,0,3.5,0,0.0,0,0,0,0.0,260.8,5,0.0,44.5,5,0,62.75483870967742,31,3.0,3.0,2.0,0.5989894350022968
244,2015-06,20.863333333333333,11.453333333333331,4,0,3.099999999999998,0,0.0,0,0,0,0.0,145.8,12,0.0,71.8,9,2,72.01333333333334,30,0.0,1.0,3.0,0.33425034387895464
244,2015-07,24.106451612903225,9.480645161290322,12,5,31.699999999999992,18,41.099999999999994,14,0,0,0.0,141.0,14,0.0,159.6,12,10,77.86129032258064,31,4.0,4.0,5.0,0.31799729364005414
244,2015-08,24.1,10.551612903225806,14,7,41.10000000000001,16,18.90000000000001,11,0,0,0.0,161.6,12,0.0,67.0,7,7,76.73225806451612,31,13.0,10.0,2.0,0.3862332695984704
244,2015-09,18.883333333333333,13.793333333333333,0,0,0.0,0,0.0,0,0,0,0.0,191.7,7,0.0,36.0,5,5,74.21666666666667,30,0.0,0.0,2.0,0.5143547088811377
244,2015-10,13.435483870967742,14.280645161290321,0,0,0.0,0,0.0,0,1,0,2.9,211.3,4,0.0,111.8,5,0,73.90967741935484,31,0.0,0.0,3.0,0.6025092671799259
244,2015-11,8.956666666666667,9.07,0,0,0.0,0,0.0,0,6,1,12.1,61.1,20,0.0,104.7,13,0,83.24,30,0.0,0.0,4.0,0.19728769777203747
244,2015-12,2.1322580645161286,10.174193548387096,0,0,0.0,0,0.0,0,23,9,106.5,107.4,15,0.0,70.3,12,0,78.85483870967742,31,0.0,0.0,3.0,0.3524778470626846
244,2016-01,-2.658064516129032,10.580645161290322,0,0,0.0,0,0.0,0,30,18,232.2,123.3,11,0.0,36.1,8,0,74.29032258064517,31,0.0,0.0,3.0,0.3958266452648475
244,2016-02,-0.09310344827586206,11.86896551724138,0,0,0.0,0,0.0,0,27,18,178.3,163.1,9,0.0,42.4,7,0,67.91034482758621,29,0.0,0.0,3.0,0.5158127767235927
244,2016-03,5.461290322580646,15.070967741935483,0,0,0.0,0,0.0,0,20,6,86.2,217.0,5,0.0,61.1,4,0,62.81612903225806,31,0.0,0.0,2.0,0.5839612486544671
244,2016-04,13.17,14.896666666666667,0,0,0.0,0,0.0,0,0,0,0.0,191.1,11,0.0,186.1,11,0,66.31,30,0.0,0.0,2.0,0.48576512455516013
244,2016-05,17.56451612903226,15.058064516129033,1,0,0.3999999999999986,0,0.0,0,0,0,0.0,254.9,4,0.0,108.8,7,0,65.88064516129032,31,0.0,1.0,2.0,0.5846330275229358
244,2016-06,21.64,10.45,5,0,3.3000000000000007,2,0.7999999999999972,0,0,0,0.0,147.5,14,0.0,67.2,6,3,74.15666666666667,30,3.0,3.0,1.0,0.33799266727772687
244,2016-07,25.345161290322583,9.316129032258063,21,7,49.39999999999999,24,47.500000000000014,20,0,0,0.0,169.0,9,0.0,271.7,13,11,79.09677419354838,31,19.0,13.0,8.0,0.3814037463326563
244,2016-08,26.01290322580645,11.51290322580645,25,22,111.3,24,55.1,25,0,0,0.0,216.9,5,0.0,90.0,6,1,72.63225806451612,31,25.0,25.0,1.0,0.5195209580838324
244,2016-09,20.923333333333336,10.116666666666667,5,0,5.199999999999999,3,1.6000000000000014,1,0,0,0.0,111.9,14,0.0,234.5,15,6,79.9,30,3.0,3.0,5.0,0.30096826250672404
244,2016-10,15.009677419354839,10.332258064516129,0,0,0.0,0,0.0,0,0,0,0.0,97.2,20,0.0,152.2,10,1,77.79677419354839,31,0.0,0.0,3.0,0.2777936553300943
244,2016-11,6.466666666666667,13.296666666666665,0,0,0.0,0,0.0,0,15,2,42.0,147.5,9,0.0,23.3,8,0,72.28,30,0.0,0.0,2.0,0.47672915319974146
244,2016-12,1.2870967741935484,12.529032258064515,0,0,0.0,0,0.0,0,25,17,149.5,126.5,13,0.0,53.1,7,0,74.52580645161291,31,0.0,0.0,3.0,0.41557161629434947
244,2017-01,-1.4870967741935484,12.487096774193548,0,0,0.0,0,0.0,0,29,20,231.9,153.3,10,0.0,8.6,4,0,70.67096774193548,31,0.0,0.0,1.0,0.49118872156360144
244,2017-02,0.03703703703703704,13.032142857142857,0,0,0.0,0,0.0,0,26,21,178.2,187.1,4,0.0,39.4,6,0,64.86071428571428,28,0.0,0.0,2.0,0.6124386252045826
244,2017-03,4.048387096774194,15.09032258064516,0,0,0.0,0,0.0,0,27,8,100.0,207.6,6,0.0,32.6,9,0,63.00967741935484,31,0.0,0.0,2.0,0.5589660743134087
244,2017-04,12.236666666666668,15.906666666666666,0,0,0.0,0,0.0,0,4,0,5.0,236.0,5,0.0,54.0,7,0,61.29333333333333,30,0.0,0.0,2.0,0.6003561434749427
244,2017-05,16.81935483870968,16.0,2,0,1.9000000000000021,0,0.0,0,0,0,0.0,258.6,5,0.0,43.1,6,0,65.89677419354838,31,0.0,2.0,3.0,0.5933914639743002
244,2017-06,20.92,14.036666666666667,9,1,16.100000000000005,1,0.3999999999999986,0,0,0,0.0,215.5,8,0.0,52.5,5,1,66.42666666666666,30,7.0,4.0,2.0,0.49381301558203483
244,2017-07,25.91290322580645,7.925806451612903,18,6,43.599999999999994,30,83.6,23,0,0,0.0,98.1,19,0.0,283.5,18,20,82.17096774193548,31,15.0,7.0,7.0,0.22129483419805998
244,2017-08,24.703225806451613,10.080645161290322,18,6,47.9,23,44.1,17,0,0,0.0,174.5,9,0.0,226.0,13,13,78.69354838709677,31,15.0,8.0,6.0,0.4175640105288347
244,2017-09,19.136666666666667,12.91,0,0,0.0,0,0.0,0,0,0,0.0,187.4,6,0.0,115.5,4,1,77.03,30,0.0,0.0,2.0,0.5037634408602151
244,2017-10,13.67741935483871,12.396774193548387,0,0,0.0,0,0.0,0,2,0,5.0,158.9,10,0.0,57.7,5,3,77.34516129032258,31,0.0,0.0,2.0,0.45412975135753075
244,2017-11,4.863333333333333,14.496666666666666,0,0,0.0,0,0.0,0,24,3,68.3,170.6,7,0.0,14.2,4,0,69.46666666666667,30,0.0,0.0,3.0,0.5512116316639741
244,2017-12,-1.7741935483870968,11.148387096774194,0,0,0.0,0,0.0,0,31,22,218.5,134.5,11,0.0,31.2,4,0,69.35161290322581,31,0.0,0.0,2.0,0.44185282522996056
244,2018-01,-3.693548387096774,11.141935483870967,0,0,0.0,0,0.0,0,30,23,269.5,153.6,9,0.0,41.800000000000004,7,0,69.48709677419355,31,0.0,0.0,4.0,0.4923076923076923
244,2018-02,-1.8107142857142855,14.260714285714286,0,0,0.0,0,0.0,0,28,24,241.7,166.5,7,0.0,19.6,2,0,57.68214285714286,28,0.0,0.0,1.0,0.5457227138643067
244,2018-03,7.303225806451613,14.658064516129032,0,0,0.0,0,0.0,0,18,1,40.3,194.8,10,0.0,95.1,9,0,71.70967741935483,31,0.0,0.0,2.0,0.5247844827586208
244,2018-04,12.379999999999999,14.936666666666667,1,0,0.6000000000000014,0,0.0,0,2,0,2.6999999999999997,202.4,8,0.0,129.7,9,0,67.29666666666667,30,0.0,1.0,4.0,0.5148817094886797
244,2018-05,17.348387096774193,13.09032258064516,0,0,0.0,2,2.400000000000002,0,0,0,0.0,193.7,8,0.0,97.7,9,2,72.04516129032258,31,0.0,0.0,2.0,0.4445719531787927
244,2018-06,21.759999999999998,12.8,12,2,15.400000000000002,2,3.1000000000000014,0,0,0,0.0,199.9,6,0.0,181.4,6,4,70.90333333333334,30,7.0,4.0,5.0,0.4580659945004583
244,2018-07,26.60967741935484,10.8,22,20,103.5,26,61.00000000000001,23,0,0,0.0,222.5,7,0.0,157.1,5,3,74.69999999999999,31,21.0,21.0,2.0,0.5018042399639152
244,2018-08,26.67096774193548,10.67741935483871,24,16,105.9,26,67.7,24,0,0,0.0,214.3,8,0.0,415.6,10,5,74.29032258064517,31,22.0,22.0,6.0,0.5124342419894787
244,2018-09,19.45,11.35,0,0,0.0,3,0.6000000000000014,0,0,0,0.0,149.5,12,0.0,142.9,8,5,78.14333333333333,30,0.0,0.0,2.0,0.40155788342734355
244,2018-10,11.196774193548388,13.96774193548387,0,0,0.0,0,0.0,0,1,0,0.0,198.9,6,0.0,117.4,8,0,77.38709677419355,31,0.0,0.0,4.0,0.5679611650485438
244,2018-11,6.373333333333333,14.770000000000001,0,0,0.0,0,0.0,0,21,1,39.4,159.1,9,0.0,42.5,6,0,75.41666666666667,30,0.0,0.0,3.0,0.5138888888888888
244,2018-12,-0.13870967741935486,11.56774193548387,0,0,0.0,0,0.0,0,29,17,182.9,150.4,10,0.0,27.4,5,0,67.11935483870967,31,0.0,0.0,2.0,0.49376231122783976
244,2019-01,-1.9,13.435483870967742,0,0,0.0,0,0.0,0,31,27,244.6,176.5,5,0.0,11.1,3,0,66.63548387096773,31,0.0,0.0,1.0,0.5660679923027582
244,2019-02,0.8571428571428571,12.617857142857144,0,0,0.0,0,0.0,0,25,15,142.9,167.8,7,0.0,30.9,2,0,63.15,28,0.0,0.0,1.0,0.5499836119305146
244,2019-03,5.725806451612903,15.183870967741935,0,0,0.0,0,0.0,0,19,4,61.6,196.2,9,0.0,34.6,6,0,62.81290322580645,31,0.0,0.0,3.0,0.529126213592233
244,2019-04,10.873333333333333,14.53,0,0,0.0,0,0.0,0,9,0,21.9,177.6,11,0.0,84.7,8,0,66.24,30,0.0,0.0,4.0,0.452253628724217
244,2019-05,16.84193548387097,17.432258064516127,3,0,1.3000000000000007,0,0.0,0,0,0,0.0,279.7,3,0.0,63.7,5,0,61.03225806451613,31,0.0,1.0,2.0,0.6423977951309141
244,2019-06,20.8,11.833333333333334,5,0,8.600000000000001,3,1.2000000000000028,0,0,0,0.0,192.2,8,0.0,98.5,9,4,75.75333333333333,30,3.0,3.0,6.0,0.44052257620903046
244,2019-07,23.967741935483872,8.883870967741935,11,1,19.599999999999998,14,37.5,10,0,0,0.0,130.79999999999998,14,0.0,259.1,10,13,80.42903225806452,31,6.0,3.0,4.0,0.2949932341001353
244,2019-08,25.16774193548387,9.899999999999999,20,9,53.49999999999999,20,50.900000000000006,15,0,0,0.0,179.8,7,0.0,141.6,9,13,79.31935483870969,31,18.0,14.0,3.0,0.42983504661726035
244,2019-09,20.96333333333333,10.316666666666666,2,0,0.8000000000000007,7,5.300000000000001,2,0,0,0.0,122.4,14,0.0,151.8,9,10,80.96666666666667,30,0.0,1.0,3.0,0.3285024154589372
244,2019-10,14.158064516129034,12.80967741935484,0,0,0.0,0,0.0,0,0,0,0.0,188.0,7,0.0,121.6,4,2,78.59677419354838,31,0.0,0.0,3.0,0.536376604850214
244,2019-11,7.04,14.876666666666667,0,0,0.0,0,0.0,0,16,2,41.1,151.7,7,0.0,42.2,5,0,73.90666666666667,30,0.0,0.0,2.0,0.4898288666451404
244,2019-12,1.364516129032258,11.038709677419355,0,0,0.0,0,0.0,0,25,12,120.3,133.1,12,0.0,29.900000000000002,3,0,74.79677419354839,31,0.0,0.0,1.0,0.43682310469314073
244,2020-01,1.6741935483870967,9.625806451612902,0,0,0.0,0,0.0,0,25,10,99.4,95.2,17,0.0,73.9,6,0,78.86129032258064,31,0.0,0.0,3.0,0.3055198973042362
244,2020-02,2.410344827586207,11.879310344827585,0,0,0.0,0,0.0,0,19,11,113.4,161.7,8,0.0,59.599999999999994,10,0,75.54137931034482,29,0.0,0.0,3.0,0.5113851992409867
244,2020-03,6.432258064516129,13.845161290322581,0,0,0.0,0,0.0,0,18,2,40.2,218.2,7,0.0,45.3,5,0,67.26774193548388,31,0.0,0.0,2.0,0.5871905274488697
244,2020-04,8.863333333333333,14.873333333333333,0,0,0.0,0,0.0,0,10,0,17.0,269.0,5,0.0,40.5,3,0,62.483333333333334,30,0.0,0.0,2.0,0.6837824097610575
244,2020-05,17.067741935483873,11.751612903225807,0,0,0.0,0,0.0,0,0,0,0.0,212.5,8,0.0,77.7,7,1,76.13225806451612,31,0.0,0.0,2.0,0.4873853211009174
244,2020-06,21.873333333333335,10.3,8,0,8.900000000000002,3,1.1000000000000014,0,0,0,0.0,171.0,9,0.0,173.9,12,12,81.59666666666666,30,6.0,3.0,5.0,0.3918423464711274
244,2020-07,22.13225806451613,6.203225806451614,0,0,0.0,13,15.399999999999995,1,0,0,0.0,74.6,21,0.0,514.6,18,20,89.47096774193548,31,0.0,0.0,12.0,0.16835928684269916
244,2020-08,25.729032258064517,7.345161290322581,19,0,26.500000000000004,31,84.2,25,0,0,0.0,146.9,11,0.0,631.4,16,28,87.78387096774195,31,12.0,9.0,8.0,0.35185628742514974
244,2020-09,18.95,9.606666666666666,1,0,0.6000000000000014,2,2.8000000000000007,1,0,0,0.0,136.6,10,0.0,158.0,10,8,86.01,30,0.0,1.0,2.0,0.36740182894029044
244,2020-10,12.261290322580646,13.564516129032258,0,0,0.0,0,0.0,0,0,0,0.0,213.7,6,0.0,7.6,2,0,76.42258064516129,31,0.0,0.0,1.0,0.6107459274078308
244,2020-11,7.2733333333333325,12.126666666666667,0,0,0.0,0,0.0,0,12,0,21.2,152.2,9,0.0,71.0,5,0,73.52333333333333,30,0.0,0.0,3.0,0.4919198448610213
244,2020-12,-0.5466666666666666,11.312903225806451,0,0,0.0,0,0.0,0,31,16,177.5,134.7,11,0.0,16.3,5,0,72.68,31,0.0,0.0,3.0,0.44265527440026287
244,2021-01,-2.0,12.212903225806452,0,0,0.0,0,0.0,0,28,22,258.7,139.0,11,0.0,40.6,7,0,77.61666666666666,31,0.0,0.0,2.0,0.4453700736943287
244,2021-02,2.367857142857143,13.053571428571429,0,0,0.0,0,0.0,0,21,12,112.89999999999999,179.0,6,0.0,29.5,7,0,67.45357142857144,28,0.0,0.0,3.0,0.5859247135842881
244,2021-03,8.103225806451613,13.870967741935484,0,0,0.0,0,0.0,0,7,0,12.2,197.7,8,0.0,105.5,7,0,72.33225806451614,31,0.0,0.0,2.0,0.5323101777059774
244,2021-04,12.576666666666666,13.486666666666668,0,0,0.0,0,0.0,0,2,0,2.2,229.1,6,0.0,43.300000000000004,4,0,60.763333333333335,30,0.0,0.0,2.0,0.5826551373346898
244,2021-05,15.980645161290322,12.061290322580644,0,0,0.0,0,0.0,0,0,0,0.0,191.7,10,0.0,89.5,11,0,75.1032258064516,31,0.0,0.0,3.0,0.43988067921064705
244,2021-06,21.226666666666667,10.47,2,0,2.1000000000000014,0,0.0,0,0,0,0.0,189.8,5,0.0,113.3,11,11,79.67666666666668,30,0.0,2.0,5.0,0.4349220898258479
244,2021-07,24.961290322580645,9.061290322580644,20,2,36.2,23,35.599999999999994,16,0,0,0.0,191.20000000000002,8,0.0,223.2,11,14,83.39032258064516,31,16.0,11.0,8.0,0.431310624859012
244,2021-08,24.02258064516129,8.416129032258064,10,1,16.199999999999996,23,28.60000000000001,7,0,0,0.0,145.9,13,0.0,370.90000000000003,14,24,86.99354838709678,31,9.0,5.0,3.0,0.3492101483963619
244,2021-09,20.783333333333335,8.993333333333334,0,0,0.0,1,0.10000000000000142,0,0,0,0.0,131.4,11,0.0,90.80000000000001,12,15,83.77666666666667,30,0.0,0.0,4.0,0.35322580645161294
244,2021-10,13.825806451612904,12.75483870967742,0,0,0.0,0,0.0,0,1,0,1.1,202.9,7,0.0,41.300000000000004,6,9,79.08064516129032,31,0.0,0.0,2.0,0.5798799657044871
244,2021-11,6.73,12.51,0,0,0.0,0,0.0,0,5,0,15.3,143.0,10,0.0,101.8,9,0,79.74,30,0.0,0.0,5.0,0.4620355411954766
244,2021-12,0.967741935483871,11.667741935483871,0,0,0.0,0,0.0,0,27,10,134.2,139.4,10,0.0,9.5,5,0,72.3225806451613,31,0.0,0.0,3.0,0.4579500657030223
244,2022-01,-1.7129032258064516,12.283870967741937,0,0,0.0,0,0.0,0,31,23,231.4,167.9,9,0.0,2.1,0,0,65.1774193548387,31,0.0,0.0,0.0,0.5381410256410256
244,2022-02,-1.2357142857142858,12.471428571428572,0,0,0.0,0,0.0,0,28,22,203.0,184.5,6,0.0,7.1,4,0,61.517857142857146,28,0.0,0.0,2.0,0.6047197640117994
244,2022-03,6.858064516129032,13.683870967741935,0,0,0.0,0,0.0,0,16,5,52.0,169.0,14,0.0,86.5,8,0,68.71612903225805,31,0.0,0.0,3.0,0.45515755453810935
244,2022-04,12.866666666666667,15.066666666666666,0,0,0.0,0,0.0,0,5,0,6.6000000000000005,246.3,5,0.0,61.699999999999996,5,0,63.25333333333333,30,0.0,0.0,2.0,0.6265581277028746
244,2022-05,16.45806451612903,15.54516129032258,0,0,0.0,0,0.0,0,0,0,0.0,291.5,4,0.0,4.1,2,0,61.79354838709677,31,0.0,0.0,1.0,0.6688848095456631
244,2022-06,21.836666666666666,9.819999999999999,6,0,8.100000000000001,8,18.5,8,0,0,0.0,162.9,11,0.0,263.8,13,9,77.74333333333334,30,3.0,3.0,3.0,0.3732813932172319
244,2022-07,25.032258064516128,7.983870967741935,13,2,22.8,26,49.8,17,0,0,0.0,156.3,12,0.0,133.8,10,18,82.59677419354838,31,8.0,5.0,4.0,0.3525033829499324
244,2022-08,24.53548387096774,7.1161290322580655,12,2,14.700000000000006,21,70.2,17,0,0,0.0,111.3,18,0.0,168.9,13,21,84.6774193548387,31,6.0,6.0,4.0,0.2661406025824964
244,2022-09,20.566666666666666,10.643333333333334,3,0,4.099999999999998,6,10.5,3,0,0,0.0,163.1,11,0.0,73.3,3,3,77.75,30,3.0,3.0,2.0,0.4380875637926403
244,2022-10,12.980645161290322,13.548387096774194,0,0,0.0,1,1.1000000000000014,0,3,0,1.6,221.4,5,0.0,49.0,3,2,75.43548387096774,31,0.0,0.0,2.0,0.6323907455012853
244,2022-11,8.366666666666667,15.056666666666667,0,0,0.0,0,0.0,0,9,0,15.2,163.0,6,0.0,74.6,6,0,73.31666666666666,30,0.0,0.0,2.0,0.5264857881136951
244,2022-12,-2.3193548387096774,11.496774193548388,0,0,0.0,0,0.0,0,31,21,237.6,129.7,12,0.0,41.8,6,0,74.1741935483871,31,0.0,0.0,3.0,0.42580433355219954
244,2023-01,-1.238709677419355,12.23225806451613,0,0,0.0,0,0.0,0,29,25,232.0,156.9,7,0.0,21.599999999999998,2,0,72.39032258064516,31,0.0,0.0,1.0,0.5040154192097654
244,2023-02,1.6214285714285714,13.285714285714286,0,0,0.0,0,0.0,0,25,13,132.3,165.2,7,0.0,14.0,4,0,67.03214285714286,28,0.0,0.0,2.0,0.5414618157980989
244,2023-03,8.667741935483871,16.25483870967742,0,0,0.0,0,0.0,0,13,1,37.6,232.4,6,0.0,35.4,3,0,57.39354838709678,31,0.0,0.0,2.0,0.6265839849015907
244,2023-04,12.533333333333333,13.513333333333332,0,0,0.0,0,0.0,0,4,0,4.3,183.1,12,0.0,62.6,8,0,66.59,30,0.0,0.0,3.0,0.4661405295315682
244,2023-05,17.43548387096774,12.332258064516129,1,0,1.3000000000000007,0,0.0,0,0,0,0.0,192.7,12,0.0,222.0,8,1,73.24193548387096,31,0.0,1.0,4.0,0.4425815342214056
244,2023-06,21.833333333333332,10.620000000000001,7,0,7.700000000000003,4,5.699999999999999,0,0,0,0.0,205.7,7,0.0,208.1,11,7,76.19,30,4.0,4.0,6.0,0.47135655362053164
244,2023-07,24.990322580645163,7.022580645161291,14,1,22.400000000000006,29,65.19999999999999,17,0,0,0.0,122.7,15,0.0,708.5,19,26,87.3741935483871,31,12.0,6.0,9.0,0.2767253044654939
244,2023-08,25.94516129032258,8.62258064516129,23,9,54.400000000000006,28,75.1,23,0,0,0.0,188.3,6,0.0,328.2,9,21,83.26129032258065,31,22.0,11.0,2.0,0.45015539086779827
244,2023-09,22.02,9.073333333333332,5,0,4.199999999999999,7,7.0,3,0,0,0.0,145.6,12,0.0,151.60000000000002,11,13,83.64333333333335,30,4.0,4.0,4.0,0.39076757917337623
244,2023-10,13.574193548387097,13.380645161290323,0,0,0.0,0,0.0,0,0,0,0.0,211.79999999999998,5,0.0,11.100000000000001,2,0,77.1,31,0.0,0.0,2.0,0.6042796005706134
244,2023-11,7.193333333333333,12.023333333333333,0,0,0.0,0,0.0,0,17,0,33.7,147.1,8,0.0,91.5,8,0,73.25,30,0.0,0.0,3.0,0.47299035369774917
244,2023-12,2.4935483870967743,9.69032258064516,0,0,0.0,0,0.0,0,22,9,118.8,117.60000000000001,14,0.0,129.8,9,0,78.85161290322581,31,0.0,0.0,3.0,0.3860801050558109
244,2024-01,0.7483870967741936,9.890322580645162,0,0,0.0,0,0.0,0,24,15,139.4,135.3,14,0.0,48.1,7,0,75.8225806451613,31,0.0,0.0,2.0,0.4342105263157895
244,2024-02,4.2,10.062068965517241,0,0,0.0,0,0.0,0,16,4,51.6,105.1,15,0.0,108.5,12,0,78.94827586206897,29,0.0,0.0,5.0,0.3323845667299178
244,2024-03,6.309677419354839,12.674193548387096,0,0,0.0,0,0.0,0,18,4,57.9,185.2,9,0.0,73.6,6,0,67.81935483870969,31,0.0,0.0,2.0,0.49838536060279864
244,2024-04,14.826666666666666,13.42,0,0,0.0,0,0.0,0,0,0,0.0,184.6,8,0.0,74.3,8,0,72.16,30,0.0,0.0,3.0,0.46924250127097106
244,2024-05,17.238709677419354,13.719354838709679,0,0,0.0,0,0.0,0,0,0,0.0,282.7,4,0.0,104.5,9,0,70.49032258064516,31,0.0,0.0,4.0,0.648394495412844
244,2024-06,21.88,11.976666666666667,10,2,19.000000000000007,4,5.800000000000001,1,0,0,0.0,210.9,9,0.0,100.4,5,4,73.32666666666667,30,6.0,6.0,2.0,0.4832722273143905
244,2024-07,25.80322580645161,6.616129032258065,16,0,20.700000000000003,30,94.30000000000001,23,0,0,0.0,108.3,15,0.0,369.7,19,27,85.31935483870969,31,11.0,8.0,6.0,0.24441435341909273
244,2024-08,27.032258064516128,9.46774193548387,31,13,80.99999999999999,31,97.5,31,0,0,0.0,227.8,2,0.0,107.9,8,22,81.91612903225807,31,31.0,31.0,3.0,0.5457594633445138
244,2024-09,24.493333333333332,9.553333333333333,15,6,37.89999999999999,19,47.400000000000006,15,0,0,0.0,187.7,9,0.0,276.59999999999997,9,15,81.32,30,12.0,12.0,3.0,0.5049771320957761
244,2024-10,15.293548387096775,11.187096774193549,0,0,0.0,0,0.0,0,0,0,0.0,147.7,13,0.0,83.1,11,1,83.28387096774195,31,0.0,0.0,3.0,0.4221206058873964
244,2024-11,8.563333333333333,12.463333333333333,0,0,0.0,0,0.0,0,8,0,14.3,143.8,11,0.0,69.5,7,0,78.12666666666668,30,0.0,0.0,5.0,0.46507115135834415
244,2024-12,1.0709677419354837,9.709677419354838,0,0,0.0,0,0.0,0,29,6,102.1,129.1,14,0.0,23.7,7,0,75.00322580645161,31,0.0,0.0,2.0,0.42425238251725267
244,2025-01,-1.164516129032258,11.706451612903225,0,0,0.0,0,0.0,0,31,21,201.6,148.6,11,0.0,52.6,9,0,76.21612903225805,31,0.0,0.0,5.0,0.47612944569048377
244,2025-02,-1.5321428571428573,11.674999999999999,0,0,0.0,0,0.0,0,26,21,204.3,183.4,5,0.0,27.5,5,0,68.84285714285714,28,0.0,0.0,2.0,0.600130890052356
244,2025-03,6.929032258064517,13.95483870967742,0,0,0.0,0,0.0,0,15,1,42.3,194.3,9,0.0,38.4,8,0,65.73548387096774,31,0.0,0.0,5.0,0.5231556273559506
244,2025-04,12.6,14.926666666666668,0,0,0.0,0,0.0,0,3,0,5.7,237.7,4,0.0,59.3,5,0,64.42,30,0.0,0.0,3.0,0.604526958290946
244,2025-05,16.36774193548387,11.948387096774193,1,0,0.6999999999999993,0,0.0,0,0,0,0.0,190.6,11,0.0,131.4,7,2,74.47419354838709,31,0.0,1.0,2.0,0.43735658558972
244,2025-06,22.279999999999998,11.176666666666668,9,1,12.999999999999993,5,8.7,3,0,0,0.0,209.8,6,0.0,302.0,8,7,76.16333333333334,30,4.0,4.0,4.0,0.4807516040329973
244,2025-07,26.383870967741935,9.958064516129031,23,17,79.9,29,59.900000000000006,23,0,0,0.0,240.8,8,0.0,342.09999999999997,7,11,77.72258064516129,31,22.0,12.0,5.0,0.5431987367471238
244,2025-08,25.996774193548386,8.94516129032258,23,6,53.80000000000001,28,68.8,25,0,0,0.0,179.9,7,0.0,271.4,11,26,84.4258064516129,31,20.0,13.0,5.0,0.4305887984681666
244,2025-09,22.55,8.256666666666666,6,0,8.499999999999993,10,18.3,6,0,0,0.0,113.7,13,0.0,299.0,17,17,85.04666666666667,30,4.0,4.0,4.0,0.3056451612903226
244,2025-10,16.5,9.648387096774194,0,0,0.0,0,0.0,0,0,0,0.0,140.2,14,0.0,97.6,11,5,83.54516129032258,31,0.0,0.0,5.0,0.4006859102600743
244,2025-11,7.37,13.773333333333333,0,0,0.0,0,0.0,0,11,0,16.9,179.7,7,0.0,28.0,6,0,75.32333333333332,30,0.0,0.0,2.0,0.5806138933764136
244,2025-12,1.9612903225806453,11.27741935483871,0,0,0.0,0,0.0,0,26,8,110.2,142.9,10,0.0,35.5,7,0,72.04838709677419,31,0.0,0.0,2.0,0.46944809461235215
244,2026-01,-1.993548387096774,11.48709677419355,0,0,0.0,0,0.0,0,30,24,235.7,174.6,5,0.0,3.3000000000000003,1,0,63.78064516129032,31,0.0,0.0,1.0,0.5596153846153846
244,2026-02,1.5857142857142856,13.507142857142856,0,0,0.0,0,0.0,0,27,15,136.5,191.6,4,0.0,20.1,4,0,68.55,28,0.0,0.0,1.0,0.6279908226810881
244,2026-03,6.719354838709678,14.396774193548387,0,0,0.0,0,0.0,0,17,2,43.5,213.8,6,0.0,75.39999999999999,6,0,66.99677419354839,31,0.0,0.0,2.0,0.575969827586207
244,2026-04,13.360000000000001,14.483333333333333,0,0,0.0,0,0.0,0,1,0,2.1,193.20000000000002,10,0.0,76.5,7,0,64.7,30,0.0,0.0,3.0,0.4914779954210125
244,2026-05,17.896774193548385,14.151612903225805,4,0,2.3999999999999986,1,0.8000000000000007,0,0,0,0.0,253.0,6,0.0,71.5,5,0,71.47419354838709,31,3.0,3.0,2.0,0.5805415328132171
244,2026-06,21.883333333333333,11.526666666666667,8,0,6.0,4,2.3999999999999986,0,0,0,0.0,203.4,7,0.0,51.0,5,2,72.17333333333333,30,7.0,4.0,4.0,0.4660861594867095
244,2026-07,26.164516129032258,7.8193548387096765,21,5,40.699999999999996,29,88.0,22,0,0,0.0,155.2,12,0.0,210.9,11,20,82.41290322580646,31,18.0,12.0,3.0,0.35002255299954893
244,2026-08,28.619999999999997,10.78,10,8,46.3,10,38.5,10,0,0,0.0,89.6,1,0.0,4.3999999999999995,1,0,73.65,10,10.0,10.0,1.0,0.6483357452966715
245,2015-01,0.9129032258064517,8.961290322580645,0,0,0.0,0,0.0,0,28,10,107.0,101.7,10,0.0,50.0,10,0,73.79677419354839,31,0.0,0.0,2.0,0.326066046809875
245,2015-02,2.442857142857143,9.157142857142857,0,0,0.0,0,0.0,0,19,5,66.8,101.8,10,0.0,14.3,5,0,66.31071428571428,28,0.0,0.0,2.0,0.33377049180327867
245,2015-03,6.77741935483871,13.080645161290322,0,0,0.0,0,0.0,0,18,1,40.2,160.5,5,0.0,36.0,6,0,57.122580645161285,31,0.0,0.0,2.0,0.43284789644012944
245,2015-04,13.59,11.883333333333333,0,0,0.0,0,0.0,0,0,0,0.0,117.1,12,22.0,115.5,13,1,69.10333333333332,30,0.0,0.0,5.0,0.29819200407435703
245,2015-05,18.76451612903226,13.035483870967743,4,0,5.0,0,0.0,0,0,0,0.0,194.2,5,0.0,37.0,5,1,59.41612903225807,31,4.0,4.0,2.0,0.44633417605148235
245,2015-06,22.459999999999997,9.973333333333333,9,1,10.3,3,2.3999999999999986,2,0,0,0.0,182.6,10,0.0,135.2,6,11,74.77666666666667,30,0.0,2.0,3.0,0.41890341821518695
245,2015-07,25.55483870967742,8.325806451612904,18,7,40.000000000000014,22,78.10000000000001,20,0,0,0.0,187.9,11,0.0,186.0,14,19,83.8967741935484,31,18.0,7.0,5.0,0.42357980162308384
245,2015-08,25.92258064516129,8.941935483870967,18,9,53.400000000000006,25,68.69999999999999,19,0,0,0.0,217.6,8,0.0,88.2,8,18,82.19354838709677,31,13.0,10.0,2.0,0.5203252032520326
245,2015-09,21.613333333333333,11.433333333333334,5,0,4.100000000000001,3,2.5,1,0,0,0.0,212.1,7,0.0,18.1,5,8,74.96000000000001,30,0.0,2.0,2.0,0.5689377682403434
245,2015-10,16.083870967741934,11.05483870967742,0,0,0.0,0,0.0,0,0,0,0.0,139.5,10,0.0,120.9,7,3,76.92258064516129,31,0.0,0.0,4.0,0.39788933257273246
245,2015-11,11.013333333333332,7.44,0,0,0.0,0,0.0,0,2,0,0.6000000000000001,28.4,28,0.0,111.8,13,0,91.18666666666667,30,0.0,0.0,4.0,0.09161290322580645
245,2015-12,4.270967741935484,8.119354838709677,0,0,0.0,0,0.0,0,16,3,41.4,46.6,25,0.0,75.5,12,0,84.1032258064516,31,0.0,0.0,4.0,0.15298752462245568
245,2016-01,-0.3774193548387097,7.748387096774193,0,0,0.0,0,0.0,0,25,8,131.1,44.300000000000004,27,0.0,60.2,8,0,81.5,31,0.0,0.0,3.0,0.1420327027893556
245,2016-02,2.5620689655172413,9.282758620689656,0,0,0.0,0,0.0,0,24,7,85.9,187.20000000000002,7,0.0,33.0,5,0,67.07931034482759,29,0.0,0.0,2.0,0.5920303605313094
245,2016-03,7.406451612903226,11.919354838709678,0,0,0.0,0,0.0,0,9,1,18.9,247.1,5,0.0,77.1,3,0,65.05483870967743,31,0.0,0.0,2.0,0.6649623250807319
245,2016-04,14.24,12.976666666666667,0,0,0.0,0,0.0,0,0,0,0.0,205.0,9,0.0,191.3,10,0,69.01666666666667,30,0.0,0.0,2.0,0.5213631739572737
245,2016-05,19.312903225806455,13.138709677419355,6,0,4.0,0,0.0,0,0,0,0.0,282.2,4,0.0,112.9,7,0,63.78387096774193,31,6.0,6.0,2.0,0.6475447452960073
245,2016-06,23.003333333333334,9.523333333333333,10,0,8.800000000000004,7,11.100000000000005,4,0,0,0.0,198.4,9,0.0,51.7,6,5,75.49333333333334,30,3.0,3.0,1.0,0.45504587155963305
245,2016-07,27.06451612903226,8.425806451612903,23,14,74.6,30,105.6,25,0,0,0.0,232.3,7,0.0,205.1,12,7,75.65483870967742,31,22.0,14.0,7.0,0.5242608891897992
245,2016-08,27.606451612903225,9.648387096774194,25,21,117.10000000000002,26,116.60000000000001,25,0,0,0.0,264.4,3,0.0,115.8,9,2,72.57741935483871,31,25.0,25.0,3.0,0.633445136559655
245,2016-09,22.720000000000002,8.886666666666667,10,0,9.300000000000004,11,13.100000000000001,4,0,0,0.0,166.1,9,0.0,195.4,10,2,76.52333333333333,30,3.0,3.0,3.0,0.446505376344086
245,2016-10,16.461290322580645,8.780645161290321,1,0,0.3999999999999986,0,0.0,0,0,0,0.0,122.39999999999999,13,0.0,150.0,11,3,77.30967741935484,31,0.0,1.0,3.0,0.3498142326378965
245,2016-11,7.973333333333333,10.26,0,0,0.0,0,0.0,0,11,0,18.3,160.7,9,0.0,39.0,8,0,70.05666666666666,30,0.0,0.0,2.0,0.5192245557350565
245,2016-12,3.138709677419355,9.687096774193549,0,0,0.0,0,0.0,0,21,3,74.0,138.70000000000002,13,0.0,48.0,6,0,71.24516129032257,31,0.0,0.0,3.0,0.45550082101806244
245,2017-01,0.05483870967741942,9.683870967741935,0,0,0.0,0,0.0,0,28,15,145.7,157.6,8,0.0,25.9,7,0,71.97419354838709,31,0.0,0.0,4.0,0.50432
245,2017-02,1.25,10.37142857142857,0,0,0.0,0,0.0,0,26,9,103.1,184.1,7,0.0,54.5,8,0,67.33571428571429,28,0.0,0.0,3.0,0.6026186579378069
245,2017-03,5.532258064516129,12.448387096774193,0,0,0.0,0,0.0,0,16,0,33.2,225.6,3,0.0,21.900000000000002,7,0,62.04516129032258,31,0.0,0.0,2.0,0.6074313408723748
245,2017-04,13.326666666666666,12.983333333333333,0,0,0.0,0,0.0,0,0,0,0.0,252.8,4,0.0,56.1,7,0,64.02666666666667,30,0.0,0.0,2.0,0.6430933604680743
245,2017-05,18.229032258064517,13.603225806451613,1,0,0.1999999999999993,0,0.0,0,0,0,0.0,284.9,4,0.0,101.5,6,0,66.64516129032258,31,0.0,1.0,3.0,0.654040404040404
245,2017-06,21.75,11.610000000000001,8,1,9.899999999999999,4,4.399999999999999,0,0,0,0.0,242.3,6,0.0,16.900000000000002,4,7,71.19333333333334,30,7.0,4.0,2.0,0.5557339449541284
245,2017-07,27.274193548387096,7.39,24,8,56.7,30,129.2,31,0,0,0.0,130.9,16,0.0,258.2,15,27,85.94516129032259,31,21.0,12.0,6.0,0.29541864139020535
245,2017-08,26.003225806451614,8.596774193548388,22,8,49.599999999999994,25,83.7,23,0,0,0.0,201.3,9,0.0,192.8,12,23,83.52580645161291,31,20.0,8.0,5.0,0.48192482643045254
245,2017-09,20.69333333333333,10.889999999999999,1,0,0.3999999999999986,0,0.0,0,0,0,0.0,219.8,5,0.0,108.1,4,15,81.27,30,0.0,1.0,2.0,0.5908602150537635
245,2017-10,14.990322580645161,10.35483870967742,0,0,0.0,0,0.0,0,0,0,0.0,175.5,9,0.0,50.9,7,3,81.27741935483871,31,0.0,0.0,2.0,0.5012853470437018
245,2017-11,6.91,11.486666666666668,0,0,0.0,0,0.0,0,12,0,20.3,193.2,5,0.0,8.4,3,0,71.11,30,0.0,0.0,2.0,0.624232633279483
245,2017-12,0.5,8.832258064516129,0,0,0.0,0,0.0,0,27,12,125.3,147.29999999999998,9,0.0,43.0,9,0,70.46451612903226,31,0.0,0.0,2.0,0.4835850295469467
245,2018-01,-2.1258064516129034,8.261290322580646,0,0,0.0,0,0.0,0,28,17,189.9,163.9,11,0.0,41.5,7,0,73.05806451612904,31,0.0,0.0,4.0,0.5248158821645853
245,2018-02,-0.48571428571428565,10.214285714285714,0,0,0.0,0,0.0,0,23,14,152.6,177.5,2,0.0,41.400000000000006,6,0,64.38214285714285,28,0.0,0.0,2.0,0.5813953488372093
245,2018-03,8.248387096774193,12.248387096774193,0,0,0.0,0,0.0,0,13,0,16.7,203.5,8,0.0,100.6,8,0,76.95483870967742,31,0.0,0.0,2.0,0.548369711668014
245,2018-04,13.383333333333333,12.623333333333333,0,0,0.0,0,0.0,0,1,0,0.7,219.2,7,0.0,117.7,8,0,70.78620689655173,30,0.0,0.0,3.0,0.5579027742428099
245,2018-05,18.112903225806452,11.570967741935483,1,0,0.10000000000000142,2,6.300000000000001,2,0,0,0.0,201.0,7,0.0,85.9,7,6,76.58064516129032,31,0.0,1.0,2.0,0.46164446485989896
245,2018-06,22.296666666666667,10.783333333333333,7,1,8.500000000000007,5,8.200000000000003,1,0,0,0.0,206.2,5,0.0,150.3,5,12,77.86666666666666,30,3.0,3.0,3.0,0.47293577981651375
245,2018-07,27.03870967741935,9.558064516129033,24,17,91.19999999999999,29,90.1,24,0,0,0.0,257.1,6,0.0,145.8,4,24,84.07096774193548,31,22.0,22.0,2.0,0.5798376184032478
245,2018-08,27.870967741935484,9.7,25,21,121.7,30,110.89999999999999,26,0,0,0.0,224.6,7,0.0,291.9,8,16,81.31612903225808,31,23.0,23.0,5.0,0.537063605930177
245,2018-09,20.66,9.57,2,0,1.5999999999999979,5,5.5,1,0,0,0.0,175.4,12,0.0,103.5,7,20,88.91000000000001,30,0.0,1.0,2.0,0.47099892588614395
245,2018-10,12.941935483870967,10.525806451612903,0,0,0.0,0,0.0,0,0,0,0.0,217.7,5,0.0,152.29999999999998,8,1,87.43548387096774,31,0.0,0.0,3.0,0.6214673137310875
245,2018-11,8.25,10.9,0,0,0.0,0,0.0,0,3,0,2.5,191.7,7,0.0,39.699999999999996,5,0,83.48,30,0.0,0.0,2.0,0.6191860465116278
245,2018-12,1.4548387096774194,8.54516129032258,0,0,0.0,0,0.0,0,23,12,112.9,153.7,10,0.0,34.4,5,0,75.29354838709678,31,0.0,0.0,2.0,0.5045961917268548
245,2019-01,0.016129032258064488,9.151612903225805,0,0,0.0,0,0.0,0,30,10,130.4,189.5,4,0.0,16.9,3,0,75.63870967741936,31,0.0,0.0,1.0,0.6075665277332479
245,2019-02,1.7642857142857142,9.885714285714286,0,0,0.0,0,0.0,0,25,4,87.0,164.5,7,0.0,33.5,2,0,73.42142857142858,28,0.0,0.0,1.0,0.5391674860701409
245,2019-03,6.858064516129032,12.30967741935484,0,0,0.0,0,0.0,0,11,0,23.5,209.9,6,0.0,24.5,5,0,71.87096774193549,31,0.0,0.0,2.0,0.5659207333513077
245,2019-04,11.54,11.553333333333335,0,0,0.0,0,0.0,0,4,0,2.3,171.8,12,0.0,95.6,7,1,75.55666666666666,30,0.0,0.0,2.0,0.4373727087576375
245,2019-05,17.835483870967742,14.151612903225805,3,0,2.5,0,0.0,0,0,0,0.0,247.5,3,0.0,55.5,4,2,68.89032258064516,31,0.0,1.0,2.0,0.5687040441176471
245,2019-06,20.816666666666666,10.273333333333335,1,0,2.299999999999997,3,1.3000000000000007,0,0,0,0.0,159.29999999999998,10,0.0,71.8,5,6,80.15185185185184,30,0.0,1.0,2.0,0.3654507914659325
245,2019-07,24.770967741935483,8.02258064516129,13,2,23.4,18,56.5,14,0,0,0.0,113.9,14,0.0,258.8,10,10,77.96451612903226,31,12.0,5.0,3.0,0.2567628494138864
245,2019-08,25.98709677419355,8.80967741935484,21,10,53.800000000000026,24,74.8,20,0,0,0.0,141.9,8,0.0,200.1,9,9,78.4258064516129,31,20.0,14.0,2.0,0.3393113342898135
245,2019-09,21.61,8.336666666666666,1,0,0.1999999999999993,11,16.1,2,0,0,0.0,116.9,13,0.0,300.9,12,12,80.87333333333332,30,0.0,1.0,8.0,0.3135729613733906
245,2019-10,15.387096774193548,10.293548387096775,0,0,0.0,0,0.0,0,0,0,0.0,182.4,7,0.0,100.80000000000001,5,2,77.69677419354838,31,0.0,0.0,3.0,0.5203994293865906
245,2019-11,9.020000000000001,11.31,0,0,0.0,0,0.0,0,6,0,10.2,175.8,6,0.0,56.0,4,0,71.06666666666666,30,0.0,0.0,2.0,0.5672797676669894
245,2019-12,3.435483870967742,8.899999999999999,0,0,0.0,0,0.0,0,18,3,62.8,150.2,10,0.0,32.3,5,0,68.67096774193548,31,0.0,0.0,1.0,0.49310571240971757
245,2020-01,2.7129032258064516,8.006451612903225,0,0,0.0,0,0.0,0,20,1,54.9,108.9,15,0.0,73.30000000000001,7,0,74.58064516129032,31,0.0,0.0,3.0,0.34915036870791927
245,2020-02,3.496551724137931,9.83448275862069,0,0,0.0,0,0.0,0,19,5,68.9,179.8,6,0.0,58.1,8,0,71.73793103448276,29,0.0,0.0,3.0,0.5686274509803922
245,2020-03,7.351612903225806,12.36774193548387,0,0,0.0,0,0.0,0,12,0,20.9,231.4,7,0.0,39.1,4,0,62.41935483870968,31,0.0,0.0,2.0,0.6225450632230294
245,2020-04,9.93,12.633333333333333,0,0,0.0,0,0.0,0,2,0,0.8999999999999999,273.9,2,0.0,34.5,4,0,58.059999999999995,30,0.0,0.0,1.0,0.6960609911054637
245,2020-05,17.70967741935484,10.625806451612904,0,0,0.0,0,0.0,0,0,0,0.0,188.1,10,0.0,86.10000000000001,7,0,71.55806451612904,31,0.0,0.0,2.0,0.4315209910529938
245,2020-06,22.516666666666666,9.726666666666667,7,2,11.900000000000002,5,4.299999999999997,2,0,0,0.0,141.1,9,0.0,109.6,10,6,76.06,30,3.0,3.0,5.0,0.32362385321100917
245,2020-07,22.94,6.641935483870968,3,0,1.5000000000000036,16,23.90000000000001,4,0,0,0.0,63.8,22,0.0,465.8,18,14,83.57666666666667,31,0.0,1.0,6.0,0.14398555630783116
245,2020-08,27.206451612903226,7.670967741935484,27,10,61.3,31,123.3,29,0,0,0.0,98.6,13,0.0,530.4,14,12,79.14516129032258,31,25.0,20.0,7.0,0.23622424532822234
245,2020-09,20.43,8.876666666666667,1,0,0.8999999999999986,5,8.299999999999997,1,0,0,0.0,177.6,7,0.0,211.4,10,7,79.76666666666667,30,0.0,1.0,3.0,0.47754772788383976
245,2020-10,13.864516129032259,11.5,0,0,0.0,0,0.0,0,0,0,0.0,215.2,5,0.0,5.9,3,0,69.31290322580645,31,0.0,0.0,2.0,0.6150328665332953
245,2020-11,8.889999999999999,9.656666666666666,0,0,0.0,0,0.0,0,4,0,1.4,165.2,9,0.0,69.8,6,0,68.19333333333333,30,0.0,0.0,3.0,0.5339366515837104
245,2020-12,1.067741935483871,8.919354838709678,0,0,0.0,0,0.0,0,26,9,102.0,154.2,10,0.0,34.9,6,0,66.18064516129031,31,0.0,0.0,3.0,0.5064039408866995
245,2021-01,-0.4064516129032258,9.332258064516129,0,0,0.0,0,0.0,0,23,18,177.8,147.8,10,0.0,42.6,9,0,71.93225806451613,31,0.0,0.0,3.0,0.47296000000000005
245,2021-02,3.6999999999999997,10.428571428571429,0,0,0.0,0,0.0,0,17,6,69.5,172.6,8,0.0,36.9,8,0,62.83571428571429,28,0.0,0.0,5.0,0.564975450081833
245,2021-03,8.48709677419355,11.670967741935485,0,0,0.0,0,0.0,0,4,0,4.5,201.8,6,0.0,94.19999999999999,7,0,70.91935483870968,31,0.0,0.0,2.0,0.5432032301480485
245,2021-04,13.35,12.326666666666666,0,0,0.0,0,0.0,0,0,0,0.0,232.6,6,0.0,26.7,5,0,57.10333333333333,30,0.0,0.0,2.0,0.5917069447977613
245,2021-05,17.1,11.47741935483871,0,0,0.0,0,0.0,0,0,0,0.0,216.4,8,0.0,96.4,8,0,67.03870967741935,31,0.0,0.0,2.0,0.4967860422405877
245,2021-06,22.36,9.733333333333333,3,0,3.799999999999997,0,0.0,1,0,0,0.0,212.2,5,0.0,124.2,8,5,72.47,30,0.0,2.0,2.0,0.486697247706422
245,2021-07,26.37741935483871,9.061290322580644,24,13,72.4,30,75.0,26,0,0,0.0,202.3,7,0.0,260.3,14,8,76.37096774193549,31,22.0,22.0,5.0,0.4565560821484992
245,2021-08,25.074193548387097,8.37741935483871,18,4,28.999999999999996,26,53.2,20,0,0,0.0,165.79999999999998,11,0.0,358.7,15,17,80.80322580645162,31,14.0,5.0,3.0,0.3969355997127124
245,2021-09,22.116666666666667,8.56,1,0,0.10000000000000142,3,1.5,0,0,0,0.0,147.8,12,0.0,156.8,10,9,76.88333333333334,30,0.0,1.0,3.0,0.39731182795698927
245,2021-10,15.600000000000001,10.66451612903226,1,0,0.6999999999999993,1,1.6999999999999993,1,0,0,0.0,219.3,7,0.0,39.9,7,3,73.42258064516129,31,0.0,1.0,3.0,0.6263924592973437
245,2021-11,9.006666666666666,10.243333333333334,0,0,0.0,0,0.0,0,3,0,1.7,163.1,10,0.0,94.8,8,0,74.72666666666667,30,0.0,0.0,5.0,0.5269789983844911
245,2021-12,2.803225806451613,9.229032258064517,0,0,0.0,0,0.0,0,21,6,77.1,154.3,10,0.0,23.1,4,0,68.76451612903226,31,0.0,0.0,1.0,0.5065659881812212
245,2022-01,-0.5677419354838709,8.816129032258065,0,0,0.0,0,0.0,0,30,14,148.7,176.9,10,0.0,3.7,1,0,65.02903225806452,31,0.0,0.0,1.0,0.5664425232148576
245,2022-02,-0.06428571428571425,9.596428571428572,0,0,0.0,0,0.0,0,27,14,131.0,190.5,5,0.0,15.3,4,0,63.21785714285714,28,0.0,0.0,2.0,0.6239764166393711
245,2022-03,7.732258064516128,11.661290322580646,0,0,0.0,0,0.0,0,8,0,16.3,180.1,11,0.0,72.3,8,0,67.6774193548387,31,0.0,0.0,3.0,0.48531393155483693
245,2022-04,13.523333333333333,12.416666666666666,0,0,0.0,0,0.0,0,0,0,0.0,257.5,4,0.0,89.9,4,0,61.89333333333333,30,0.0,0.0,2.0,0.655383049121914
245,2022-05,17.845161290322583,12.916129032258064,1,0,0.0,0,0.0,0,0,0,0.0,298.1,3,0.0,7.0,2,0,58.24516129032258,31,0.0,1.0,1.0,0.684500574052813
245,2022-06,23.02,8.793333333333333,9,0,8.400000000000002,11,33.50000000000001,9,0,0,0.0,189.3,8,0.0,233.7,8,2,73.55666666666666,30,3.0,3.0,2.0,0.43417431192660555
245,2022-07,26.358064516129033,8.151612903225805,21,8,46.49999999999999,31,84.0,25,0,0,0.0,187.3,10,0.0,109.2,11,10,77.65483870967742,31,18.0,12.0,4.0,0.4225129709000677
245,2022-08,25.96451612903226,6.735483870967743,16,2,26.699999999999996,26,101.5,22,0,0,0.0,140.6,13,0.0,134.4,13,14,78.63870967741936,31,9.0,9.0,4.0,0.33628318584070793
245,2022-09,21.509999999999998,9.936666666666667,5,0,6.300000000000001,7,13.000000000000004,5,0,0,0.0,176.1,9,0.0,124.5,4,3,75.64,30,4.0,4.0,2.0,0.4730056406124093
245,2022-10,14.109677419354838,11.190322580645162,0,0,0.0,1,3.8999999999999986,1,0,0,0.0,233.1,4,0.0,45.0,3,1,70.9774193548387,31,0.0,0.0,2.0,0.665619645916619
245,2022-11,10.126666666666667,12.146666666666667,0,0,0.0,0,0.0,0,2,0,4.4,183.6,5,0.0,77.6,6,0,67.49333333333333,30,0.0,0.0,2.0,0.5930232558139534
245,2022-12,-0.6903225806451614,8.96774193548387,0,0,0.0,0,0.0,0,29,15,157.4,150.7,10,0.0,66.7,7,0,70.03548387096774,31,0.0,0.0,3.0,0.49474720945502293
245,2023-01,0.1903225806451613,9.722580645161292,0,0,0.0,0,0.0,0,29,14,157.4,182.3,7,0.0,22.1,4,0,68.54516129032258,31,0.0,0.0,2.0,0.5852327447833067
245,2023-02,1.9321428571428572,10.385714285714286,0,0,0.0,0,0.0,0,25,6,90.2,180.3,8,0.0,7.8999999999999995,2,0,65.60714285714286,28,0.0,0.0,1.0,0.5909537856440511
245,2023-03,9.116129032258065,13.641935483870968,0,0,0.0,0,0.0,0,8,0,11.3,248.3,5,0.0,30.9,3,0,53.170967741935485,31,0.0,0.0,2.0,0.6692722371967655
245,2023-04,13.246666666666668,12.246666666666666,0,0,0.0,0,0.0,0,1,0,0.5,193.7,12,0.0,47.9,6,0,61.75333333333333,30,0.0,0.0,3.0,0.49312627291242356
245,2023-05,18.651612903225807,11.319354838709678,2,0,2.700000000000003,1,0.10000000000000142,0,0,0,0.0,206.4,11,0.0,202.1,7,1,67.10645161290323,31,0.0,2.0,4.0,0.4741557546519642
245,2023-06,22.766666666666666,10.353333333333333,8,1,15.0,5,10.399999999999999,4,0,0,0.0,215.9,6,0.0,230.79999999999998,8,4,71.71333333333334,30,4.0,4.0,6.0,0.4952970864877266
245,2023-07,26.22258064516129,7.251612903225807,18,5,42.0,31,95.4,28,0,0,0.0,143.8,12,0.0,705.4,18,19,80.91612903225807,31,16.0,7.0,7.0,0.324165915238954
245,2023-08,26.903225806451612,8.680645161290323,25,12,75.80000000000001,29,99.1,26,0,0,0.0,213.1,6,0.0,260.2,9,7,78.19999999999999,31,25.0,12.0,3.0,0.5095648015303682
245,2023-09,22.956666666666667,8.629999999999999,9,0,9.899999999999999,13,17.3,4,0,0,0.0,163.9,10,0.0,198.8,10,8,79.32333333333332,30,8.0,5.0,5.0,0.4396459227467811
245,2023-10,15.574193548387097,11.025806451612903,0,0,0.0,0,0.0,0,0,0,0.0,229.9,5,0.0,16.7,5,0,70.74838709677418,31,0.0,0.0,3.0,0.6559201141226819
245,2023-11,8.963333333333333,9.766666666666667,0,0,0.0,0,0.0,0,7,0,11.7,153.0,9,0.0,90.9,9,0,68.51333333333334,30,0.0,0.0,3.0,0.4914873112752971
245,2023-12,3.832258064516129,7.896774193548388,0,0,0.0,0,0.0,0,18,6,80.0,117.3,16,0.0,124.0,10,0,75.2290322580645,31,0.0,0.0,4.0,0.3850952068286277
245,2024-01,1.803225806451613,8.025806451612903,0,0,0.0,0,0.0,0,23,7,90.8,139.0,13,0.0,67.9,10,0,72.41612903225807,31,0.0,0.0,4.0,0.4456556588650209
245,2024-02,5.241379310344827,8.451724137931034,0,0,0.0,0,0.0,0,10,0,23.7,109.6,16,0.0,106.0,13,0,75.53103448275863,29,0.0,0.0,8.0,0.3466160657811512
245,2024-03,7.132258064516129,10.98709677419355,0,0,0.0,0,0.0,0,10,1,22.6,194.7,8,59.9,69.3,4,0,65.78387096774193,31,0.0,0.0,2.0,0.5236686390532543
245,2024-04,15.176666666666668,12.576666666666666,0,0,0.0,0,0.0,0,0,0,0.0,188.70000000000002,9,504.98,70.8,7,0,71.86,30,0.0,0.0,2.0,0.4795425667090216
245,2024-05,18.1,12.709677419354838,0,0,0.0,0,0.0,0,0,0,0.0,264.9,5,659.81,83.9,7,0,69.15483870967742,31,0.0,0.0,2.0,0.6077081899518237
245,2024-06,23.263333333333332,11.813333333333333,13,7,33.60000000000001,7,12.399999999999999,5,0,0,0.0,219.3,8,583.89,76.3,5,5,70.21333333333334,30,7.0,7.0,2.0,0.5029816513761468
245,2024-07,27.493548387096773,6.7225806451612895,22,7,56.89999999999999,31,144.2,28,0,0,0.0,129.3,13,414.88,307.4,18,14,80.5741935483871,31,18.0,12.0,5.0,0.29180771834800273
245,2024-08,28.822580645161292,9.770967741935483,31,25,138.5,31,145.6,31,0,0,0.0,250.5,1,608.55,126.89999999999999,6,13,78.1032258064516,31,31.0,31.0,3.0,0.6001437470052707
245,2024-09,26.21333333333333,10.073333333333332,20,12,75.7,21,72.5,20,0,0,0.0,204.5,6,489.44,153.6,6,7,77.51,30,18.0,13.0,2.0,0.5501748722087705
245,2024-10,16.674193548387095,10.138709677419355,0,0,0.0,0,0.0,0,0,0,0.0,156.3,12,346.38,87.8,11,1,81.35483870967742,31,0.0,0.0,2.0,0.4469545324563912
245,2024-11,10.09,11.143333333333334,0,0,0.0,0,0.0,0,3,0,4.8,167.4,10,293.48,47.2,7,0,72.91000000000001,30,0.0,0.0,4.0,0.5410471881060117
245,2024-12,2.6322580645161286,8.280645161290321,0,0,0.0,0,0.0,0,22,1,55.5,134.4,11,239.75,29.6,8,0,71.85483870967742,31,0.0,0.0,3.0,0.44152431011826543
245,2025-01,0.5612903225806452,9.696774193548388,0,0,0.0,0,0.0,0,30,7,119.2,162.7,9,286.24,42.4,8,0,74.43548387096774,31,0.0,0.0,5.0,0.52064
245,2025-02,-0.07857142857142854,9.585714285714285,0,0,0.0,0,0.0,0,24,14,137.9,168.6,5,334.74,40.4,9,0,68.88571428571429,28,0.0,0.0,6.0,0.5517015706806282
245,2025-03,8.112903225806452,11.896774193548387,0,0,0.0,0,0.0,0,8,0,13.200000000000001,212.9,8,484.5,42.3,5,0,63.432258064516134,31,0.0,0.0,4.0,0.5730820995962315
245,2025-04,13.44,13.94,0,0,0.0,0,0.0,0,0,0,0.0,241.0,5,600.44,66.69999999999999,7,0,61.81666666666667,30,0.0,0.0,3.0,0.6130755532943271
245,2025-05,17.648387096774194,11.064516129032258,0,0,0.0,3,1.3000000000000007,0,0,0,0.0,206.5,12,549.9,112.89999999999999,6,3,70.28064516129032,31,0.0,0.0,2.0,0.47405876951331494
245,2025-06,23.61,10.819999999999999,13,5,31.299999999999997,10,22.000000000000004,10,0,0,0.0,233.2,7,580.9,331.0,8,4,72.60333333333332,30,10.0,4.0,4.0,0.5348623853211009
245,2025-07,28.38064516129032,10.080645161290322,25,23,132.9,31,120.20000000000002,27,0,0,0.0,250.4,5,597.0600000000001,218.5,7,8,73.49032258064516,31,24.0,12.0,5.0,0.5651094561047167
245,2025-08,27.83225806451613,9.180645161290323,27,18,97.9,31,115.8,28,0,0,0.0,225.1,6,562.44,170.5,9,14,79.6741935483871,31,24.0,19.0,5.0,0.5389035192722049
245,2025-09,24.09333333333333,8.393333333333334,10,3,21.800000000000004,18,36.2,13,0,0,0.0,126.60000000000001,12,391.36,283.1,16,20,82.01333333333334,30,6.0,6.0,4.0,0.3403225806451613
245,2025-10,17.570967741935487,9.129032258064516,0,0,0.0,2,1.3000000000000007,0,0,0,0.0,137.5,16,334.92,118.19999999999999,13,9,81.31612903225808,31,0.0,0.0,3.0,0.39285714285714285
245,2025-11,9.353333333333333,11.326666666666666,0,0,0.0,0,0.0,0,2,0,2.9,202.1,5,329.94,29.4,6,0,72.54333333333332,30,0.0,0.0,2.0,0.6529886914378029
245,2025-12,3.5032258064516126,9.932258064516128,0,0,0.0,0,0.0,0,21,6,72.8,164.1,8,259.48,42.7,6,0,69.28064516129032,31,0.0,0.0,3.0,0.5387393302692055
245,2026-01,-0.9451612903225806,9.5,0,0,0.0,0,0.0,0,30,21,182.0,179.3,6,311.49,4.6000000000000005,2,0,65.6258064516129,31,0.0,0.0,1.0,0.5743113388853299
245,2026-02,2.625,10.846428571428572,0,0,0.0,0,0.0,0,23,7,82.6,183.5,5,355.88,21.4,6,0,70.08571428571427,28,0.0,0.0,2.0,0.6010481493612839
245,2026-03,7.070967741935483,12.638709677419355,0,0,0.0,0,0.0,0,11,1,22.2,226.6,5,518.15,95.7,6,0,67.99354838709678,31,0.0,0.0,2.0,0.6106170843438425
245,2026-04,13.666666666666666,12.99,0,0,0.0,0,0.0,0,1,0,0.3,194.9,11,532.68,74.4,4,0,65.40333333333334,30,0.0,0.0,1.0,0.49580259475960314
245,2026-05,18.761290322580646,12.40967741935484,4,0,3.0,2,1.3000000000000007,0,0,0,0.0,245.7,8,636.26,95.80000000000001,4,2,70.14193548387097,31,0.0,2.0,1.0,0.5640495867768595
245,2026-06,23.003333333333334,10.913333333333332,12,1,16.1,7,8.100000000000001,3,0,0,0.0,219.6,6,621.26,51.0,6,1,69.32666666666667,30,8.0,4.0,4.0,0.5036697247706422
245,2026-07,27.79032258064516,8.058064516129033,26,16,78.89999999999999,31,129.1,28,0,0,0.0,196.3,8,582.8,196.6,7,9,77.2741935483871,31,22.0,22.0,2.0,0.44291516245487367
245,2026-08,30.32,10.76,10,10,61.4,10,53.800000000000004,10,0,0,0.0,91.3,0,218.01,4.5,1,0,70.63,10,10.0,10.0,1.0,0.6611151339608979
247,2015-01,-0.4870967741935484,9.616129032258065,0,0,0.0,0,0.0,0,29,15,160.3,166.0,7,0.0,38.4,7,0,67.20645161290322,31,0.0,0.0,2.0,0.531370038412292
247,2015-02,0.9785714285714285,9.907142857142857,0,0,0.0,0,0.0,0,23,10,112.4,153.4,8,0.0,17.8,5,0,61.589285714285715,28,0.0,0.0,2.0,0.5026212319790302
247,2015-03,5.864516129032259,14.316129032258065,0,0,0.0,0,0.0,0,22,6,78.2,244.7,5,0.0,32.0,5,0,52.68709677419355,31,0.0,0.0,1.0,0.6597465624157455
247,2015-04,12.42,12.726666666666667,0,0,0.0,0,0.0,0,0,0,0.0,167.7,11,0.0,117.39999999999999,10,0,64.96666666666667,30,0.0,0.0,4.0,0.42726114649681524
247,2015-05,17.94193548387097,14.13225806451613,3,0,3.6000000000000014,0,0.0,0,0,0,0.0,270.9,5,0.0,30.2,7,0,58.42580645161291,31,3.0,3.0,2.0,0.6229018165095423
247,2015-06,21.09333333333333,10.033333333333333,2,0,1.0999999999999979,0,0.0,0,0,0,0.0,162.9,14,0.0,104.2,8,1,69.28333333333333,30,0.0,1.0,3.0,0.37413872301332113
247,2015-07,24.25483870967742,8.167741935483871,11,4,19.999999999999996,19,45.2,14,0,0,0.0,165.2,11,0.0,132.79999999999998,9,6,74.38387096774194,31,4.0,4.0,3.0,0.37282780410742494
247,2015-08,24.387096774193548,9.861290322580645,13,8,40.1,19,21.799999999999997,11,0,0,0.0,169.9,11,0.0,82.9,5,3,73.96129032258065,31,10.0,10.0,2.0,0.4063621143267161
247,2015-09,20.03666666666667,11.496666666666666,0,0,0.0,1,1.1000000000000014,0,0,0,0.0,222.5,6,0.0,64.1,5,3,68.49,30,0.0,0.0,2.0,0.5971551261406334
247,2015-10,14.422580645161291,13.464516129032257,0,0,0.0,0,0.0,0,1,0,0.6,231.3,3,0.0,106.2,5,0,69.67096774193548,31,0.0,0.0,3.0,0.6593500570125428
247,2015-11,9.936666666666667,8.433333333333334,0,0,0.0,0,0.0,0,2,0,4.4,69.2,20,0.0,93.69999999999999,12,0,79.72,30,0.0,0.0,4.0,0.22300999033193683
247,2015-12,3.2866666666666666,9.658064516129032,0,0,0.0,0,0.0,0,21,6,71.7,125.0,13,0.0,49.3,10,0,73.52,31,0.0,0.0,3.0,0.42358522534733983
247,2016-01,-1.196774193548387,9.151612903225805,0,0,0.0,0,0.0,0,29,14,168.5,137.2,12,0.0,30.0,7,0,67.09032258064515,31,0.0,0.0,3.0,0.43946188340807174
247,2016-02,1.2344827586206895,11.455172413793104,0,0,0.0,0,0.0,0,25,15,133.9,186.8,7,0.0,48.5,6,0,60.099999999999994,29,0.0,0.0,3.0,0.5903919089759798
247,2016-03,6.906451612903226,13.803225806451612,0,0,0.0,0,0.0,0,16,3,50.0,232.3,5,0.0,72.5,4,0,56.567741935483866,31,0.0,0.0,2.0,0.6253028263795424
247,2016-04,14.333333333333334,13.29,0,0,0.0,0,0.0,0,0,0,0.0,198.6,9,0.0,165.4,11,0,61.29333333333333,30,0.0,0.0,3.0,0.5052149580259475
247,2016-05,18.629032258064516,13.596774193548388,1,0,1.1000000000000014,0,0.0,0,0,0,0.0,263.0,4,0.0,90.2,6,0,59.58709677419355,31,0.0,1.0,2.0,0.6037649219467401
247,2016-06,22.336666666666666,9.53,6,0,1.9000000000000021,6,2.5,0,0,0,0.0,163.6,11,0.0,79.7,5,2,70.78666666666666,30,0.0,2.0,1.0,0.37548772090888227
247,2016-07,26.083870967741937,8.616129032258065,21,9,52.8,28,72.8,23,0,0,0.0,187.7,8,0.0,286.6,11,7,77.23548387096774,31,20.0,13.0,6.0,0.42389340560072264
247,2016-08,26.53548387096774,10.703225806451613,25,21,108.09999999999998,24,76.89999999999999,25,0,0,0.0,242.0,5,0.0,122.7,6,2,70.4,31,25.0,25.0,3.0,0.5799185238437575
247,2016-09,21.766666666666666,8.536666666666667,5,0,3.599999999999998,3,5.0,2,0,0,0.0,139.0,13,0.0,216.60000000000002,12,6,76.36666666666666,30,3.0,3.0,5.0,0.37385691231845075
247,2016-10,15.719354838709679,8.97741935483871,0,0,0.0,1,0.0,0,0,0,0.0,112.2,17,0.0,210.5,10,2,75.34193548387097,31,0.0,0.0,3.0,0.32057142857142856
247,2016-11,7.363333333333333,11.626666666666667,0,0,0.0,0,0.0,0,11,0,24.0,166.3,9,0.0,19.1,4,0,68.05,30,0.0,0.0,1.0,0.5373182552504039
247,2016-12,2.235483870967742,11.087096774193547,0,0,0.0,0,0.0,0,23,10,108.5,147.6,12,0.0,46.699999999999996,6,0,68.02580645161291,31,0.0,0.0,3.0,0.48441089596324244
247,2017-01,-0.42258064516129035,11.319354838709677,0,0,0.0,0,0.0,0,28,18,183.5,182.4,6,0.0,14.1,4,0,62.61612903225806,31,0.0,0.0,1.0,0.58368
247,2017-02,1.125,12.517857142857142,0,0,0.0,0,0.0,0,26,14,138.2,194.0,4,0.0,52.3,4,0,57.746428571428574,28,0.0,0.0,1.0,0.6344015696533681
247,2017-03,5.564516129032258,13.893548387096773,0,0,0.0,0,0.0,0,21,2,54.199999999999996,212.4,5,0.0,33.5,7,0,56.41935483870968,31,0.0,0.0,2.0,0.5718901453957997
247,2017-04,13.360000000000001,14.76,0,0,0.0,0,0.0,0,2,0,2.3,239.6,4,0.0,64.2,7,0,56.70333333333333,30,0.0,0.0,2.0,0.6095141185448995
247,2017-05,18.01290322580645,14.958064516129031,1,0,2.299999999999997,0,0.0,0,0,0,0.0,273.1,5,0.0,29.8,5,0,59.14193548387097,31,0.0,1.0,3.0,0.6275275735294118
247,2017-06,21.966666666666665,12.573333333333332,10,2,17.899999999999995,2,1.3999999999999986,1,0,0,0.0,222.5,7,0.0,20.5,3,1,61.80333333333333,30,8.0,4.0,1.0,0.510672481064953
247,2017-07,26.706451612903226,8.139999999999999,26,8,52.499999999999986,30,100.0,27,0,0,0.0,125.4,17,0.0,207.2,13,15,79.66774193548386,31,22.0,12.0,3.0,0.2831338902686837
247,2017-08,25.451612903225808,9.561290322580644,20,8,52.9,25,61.49999999999999,20,0,0,0.0,189.9,9,0.0,184.6,10,10,77.1741935483871,31,19.0,8.0,4.0,0.45485029940119764
247,2017-09,20.30666666666667,11.253333333333332,0,0,0.0,0,0.0,0,0,0,0.0,205.3,4,0.0,117.6,3,2,71.49666666666667,30,0.0,0.0,1.0,0.5518817204301075
247,2017-10,15.13225806451613,10.648387096774194,0,0,0.0,0,0.0,0,2,0,2.0,169.1,10,0.0,94.10000000000001,6,2,70.9483870967742,31,0.0,0.0,2.0,0.482729089351984
247,2017-11,5.913333333333333,13.676666666666668,0,0,0.0,0,0.0,0,18,0,41.5,200.5,4,0.0,5.199999999999999,2,0,63.38333333333333,30,0.0,0.0,2.0,0.6474007103648692
247,2017-12,-0.7066666666666667,10.825806451612904,0,0,0.0,0,0.0,0,30,19,185.2,147.9,12,0.0,28.200000000000003,2,0,61.343333333333334,31,0.0,0.0,1.0,0.4853954709550377
247,2018-01,-2.5258064516129033,9.993548387096775,0,0,0.0,0,0.0,0,29,20,221.0,174.5,8,0.0,41.0,7,0,62.903225806451616,31,0.0,0.0,4.0,0.5584
247,2018-02,-0.5428571428571428,13.032142857142857,0,0,0.0,0,0.0,0,27,18,193.3,180.3,3,0.0,20.7,2,0,49.271428571428565,28,0.0,0.0,1.0,0.5905666557484441
247,2018-03,8.387096774193548,13.258064516129032,0,0,0.0,0,0.0,0,9,1,20.7,208.5,8,0.0,102.7,9,0,63.148387096774194,31,0.0,0.0,2.0,0.5616918103448276
247,2018-04,13.373333333333333,13.496666666666666,1,0,0.1999999999999993,0,0.0,0,1,0,0.7,214.7,8,0.0,158.2,9,0,60.97,30,0.0,1.0,3.0,0.5465885947046842
247,2018-05,18.5258064516129,11.59032258064516,1,0,0.6999999999999993,2,5.0,0,0,0,0.0,206.7,7,0.0,90.39999999999999,8,0,67.17096774193548,31,0.0,1.0,2.0,0.47517241379310343
247,2018-06,22.7,11.266666666666667,11,2,17.599999999999994,5,5.600000000000001,1,0,0,0.0,215.0,7,0.0,225.5,7,3,68.41333333333334,30,7.0,4.0,3.0,0.49357208448117534
247,2018-07,27.39032258064516,9.412903225806453,22,20,107.3,28,98.2,23,0,0,0.0,244.8,7,0.0,100.0,5,5,73.06451612903226,31,21.0,21.0,2.0,0.5525959367945824
247,2018-08,27.348387096774193,9.619354838709677,23,16,103.19999999999999,30,96.0,26,0,0,0.0,234.0,7,0.0,437.0,8,7,73.8483870967742,31,21.0,16.0,2.0,0.5600765916706558
247,2018-09,20.69,9.586666666666668,0,0,0.0,5,5.899999999999999,0,0,0,0.0,159.9,10,0.0,91.3,7,4,72.91333333333334,30,0.0,0.0,3.0,0.42949234488315874
247,2018-10,12.451612903225806,12.703225806451613,0,0,0.0,0,0.0,0,0,0,0.0,223.1,5,0.0,90.2,6,0,73.98387096774194,31,0.0,0.0,3.0,0.6368826719954325
247,2018-11,7.42,13.506666666666666,0,0,0.0,0,0.0,0,11,0,13.0,184.0,8,0.0,38.1,6,0,72.38666666666667,30,0.0,0.0,2.0,0.5935483870967742
247,2018-12,1.0258064516129033,10.748387096774193,0,0,0.0,0,0.0,0,25,14,140.2,172.6,8,0.0,36.6,6,0,62.564516129032256,31,0.0,0.0,2.0,0.5664588119461764
247,2019-01,-0.5806451612903226,12.580645161290322,0,0,0.0,0,0.0,0,31,21,191.0,206.4,3,0.0,20.2,3,0,58.74193548387097,31,0.0,0.0,1.0,0.6606914212548016
247,2019-02,2.0214285714285714,11.521428571428572,0,0,0.0,0,0.0,0,24,9,99.0,171.0,7,0.0,44.8,3,0,58.135714285714286,28,0.0,0.0,1.0,0.5602883355176933
247,2019-03,6.958064516129032,14.029032258064515,0,0,0.0,0,0.0,0,15,0,32.0,208.2,7,0.0,27.8,6,0,56.73225806451613,31,0.0,0.0,2.0,0.5613372876786196
247,2019-04,11.976666666666667,13.026666666666667,0,0,0.0,0,0.0,0,5,0,11.1,186.6,11,0.0,80.5,7,0,60.943333333333335,30,0.0,0.0,2.0,0.4754140127388535
247,2019-05,18.019354838709678,15.803225806451612,3,0,1.9999999999999964,0,0.0,0,0,0,0.0,287.1,3,0.0,51.699999999999996,5,0,55.38387096774194,31,0.0,2.0,4.0,0.66
247,2019-06,21.706666666666667,10.71,7,0,7.799999999999997,4,3.599999999999998,1,0,0,0.0,214.0,9,0.0,217.5,10,2,72.53999999999999,30,3.0,3.0,3.0,0.49138920780711826
247,2019-07,24.73548387096774,7.951612903225806,12,1,21.7,18,47.9,13,0,0,0.0,143.9,12,0.0,345.6,12,14,79.06451612903226,31,6.0,3.0,4.0,0.324757391108102
247,2019-08,26.016129032258064,9.051612903225807,21,12,59.500000000000014,25,74.1,21,0,0,0.0,196.1,8,0.0,130.20000000000002,9,9,78.8967741935484,31,20.0,14.0,3.0,0.4690265486725663
247,2019-09,22.06,9.133333333333333,5,0,3.3999999999999986,9,14.199999999999996,4,0,0,0.0,145.0,13,0.0,170.0,9,12,79.61,30,0.0,2.0,2.0,0.3891572732152442
247,2019-10,15.85483870967742,10.87741935483871,0,0,0.0,0,0.0,0,0,0,0.0,208.7,7,0.0,181.9,4,1,72.41935483870968,31,0.0,0.0,3.0,0.5950955232392358
247,2019-11,8.553333333333335,13.94,0,0,0.0,0,0.0,0,9,1,22.1,180.9,6,0.0,26.5,2,0,69.06333333333333,30,0.0,0.0,1.0,0.5829842088301643
247,2019-12,2.079310344827586,10.870967741935484,0,0,0.0,0,0.0,0,23,6,97.6,167.5,10,0.0,36.1,4,0,71.34827586206896,31,0.0,0.0,1.0,0.5493604460478845
247,2020-01,2.3448275862068964,9.687096774193549,0,0,0.0,0,0.0,0,20,8,87.3,107.6,17,0.0,59.8,7,0,75.82758620689656,31,0.0,0.0,3.0,0.3445405059237912
247,2020-02,3.225,11.506896551724138,0,0,0.0,0,0.0,0,19,8,89.6,169.79999999999998,8,0.0,62.2,8,0,70.8892857142857,29,0.0,0.0,3.0,0.5364928909952607
247,2020-03,7.329032258064516,14.009677419354839,0,0,0.0,0,0.0,0,13,1,27.4,230.9,7,0.0,38.1,6,0,64.2709677419355,31,0.0,0.0,2.0,0.6215343203230148
247,2020-04,9.913333333333332,15.01,0,0,0.0,0,0.0,0,6,0,6.9,264.6,6,0.0,55.6,4,0,58.919999999999995,30,0.0,0.0,3.0,0.6731111676418214
247,2020-05,18.293548387096774,11.59032258064516,0,0,0.0,0,0.0,0,0,0,0.0,213.5,9,0.0,73.4,6,3,71.48387096774194,31,0.0,0.0,2.0,0.4901285583103765
247,2020-06,23.28666666666667,10.443333333333333,13,2,22.399999999999995,7,5.199999999999999,5,0,0,0.0,198.2,9,0.0,218.5,12,9,76.91333333333334,30,11.0,5.0,5.0,0.4550045913682277
247,2020-07,23.203225806451613,6.606451612903226,6,0,3.3000000000000043,17,29.6,9,0,0,0.0,84.8,20,0.0,568.9,17,13,86.6032258064516,31,0.0,2.0,6.0,0.19155184097583014
247,2020-08,27.154838709677417,7.825806451612904,25,8,63.0,31,115.9,29,0,0,0.0,163.6,12,0.0,657.0,15,20,83.71935483870966,31,24.0,20.0,8.0,0.3920440929786724
247,2020-09,20.459999999999997,9.156666666666666,1,0,1.3999999999999986,2,6.0,2,0,0,0.0,150.5,9,0.0,216.60000000000002,12,9,79.9,30,0.0,1.0,4.0,0.4048964218455744
247,2020-10,13.858064516129033,12.55483870967742,0,0,0.0,0,0.0,0,0,0,0.0,230.8,5,0.0,11.9,3,1,70.8741935483871,31,0.0,0.0,2.0,0.6596170334381253
247,2020-11,8.19,11.986666666666668,0,0,0.0,0,0.0,0,10,0,11.3,174.7,9,0.0,33.1,5,0,70.67666666666668,30,0.0,0.0,3.0,0.5644588045234249
247,2020-12,-0.051612903225806465,11.383870967741935,0,0,0.0,0,0.0,0,30,15,154.0,173.1,6,0.0,12.1,5,0,69.00645161290322,31,0.0,0.0,3.0,0.5680997702658351
247,2021-01,-0.8419354838709677,11.316129032258065,0,0,0.0,0,0.0,0,26,19,214.1,173.0,11,0.0,34.1,8,0,72.99677419354839,31,0.0,0.0,2.0,0.5536
247,2021-02,3.210714285714286,12.446428571428571,0,0,0.0,0,0.0,0,21,10,95.3,181.6,7,0.0,33.6,5,0,64.17857142857143,28,0.0,0.0,2.0,0.593852190974493
247,2021-03,9.209677419354838,13.551612903225807,0,0,0.0,0,0.0,0,6,0,8.1,204.9,7,0.0,87.3,7,0,68.60967741935484,31,0.0,0.0,2.0,0.5516962843295639
247,2021-04,13.716666666666667,13.396666666666667,0,0,0.0,0,0.0,0,1,0,0.4,226.8,6,0.0,42.8,4,0,57.17666666666666,30,0.0,0.0,2.0,0.5769524294072755
247,2021-05,17.082758620689653,12.70344827586207,1,0,0.3000000000000007,0,0.0,0,0,0,0.0,195.6,8,0.0,60.3,7,0,68.61724137931034,30,0.0,1.0,1.0,0.46438746438746437
247,2021-06,22.386666666666667,10.573333333333332,7,0,6.5,3,2.6000000000000014,1,0,0,0.0,203.4,5,0.0,112.9,10,6,75.10333333333332,30,3.0,3.0,3.0,0.46683497819600644
247,2021-07,26.09032258064516,9.003225806451614,24,10,61.8,29,65.0,24,0,0,0.0,186.0,7,0.0,204.4,9,10,79.51935483870967,31,22.0,11.0,6.0,0.4199593587717318
247,2021-08,25.138709677419353,8.703225806451613,17,5,32.699999999999996,27,53.3,17,0,0,0.0,152.0,9,0.0,315.9,12,20,82.74516129032257,31,12.0,12.0,3.0,0.36407185628742517
247,2021-09,21.779999999999998,7.863333333333333,1,0,0.0,4,3.200000000000003,0,0,0,0.0,137.3,13,0.0,108.5,11,8,79.05333333333333,30,0.0,1.0,4.0,0.3690860215053764
247,2021-10,14.80967741935484,12.525806451612903,0,0,0.0,0,0.0,0,2,0,1.2,223.6,7,0.0,54.9,5,5,77.48064516129033,31,0.0,0.0,3.0,0.6384922901199315
247,2021-11,7.23,12.193333333333333,0,0,0.0,0,0.0,0,6,0,11.0,169.9,9,0.0,76.19999999999999,9,0,79.88000000000001,30,0.0,0.0,5.0,0.5485954149176623
247,2021-12,1.1870967741935483,11.603225806451613,0,0,0.0,0,0.0,0,28,10,127.1,159.9,8,0.0,5.9,2,0,73.11935483870967,31,0.0,0.0,1.0,0.524778470626846
247,2022-01,-1.032258064516129,11.709677419354838,0,0,0.0,0,0.0,0,30,21,200.9,195.9,7,0.0,0.7,0,0,62.49354838709677,31,0.0,0.0,0.0,0.62688
247,2022-02,-0.6500000000000001,12.221428571428572,0,0,0.0,0,0.0,0,28,20,182.7,196.2,5,0.0,3.9,1,0,58.653571428571425,28,0.0,0.0,1.0,0.642646577137242
247,2022-03,7.719354838709677,13.519354838709676,0,0,0.0,0,0.0,0,13,2,38.9,178.3,12,0.0,73.0,8,0,65.86451612903225,31,0.0,0.0,3.0,0.48033405172413796
247,2022-04,13.766666666666667,14.926666666666666,0,0,0.0,0,0.0,0,3,0,2.5999999999999996,249.3,5,0.0,42.6,6,0,61.49666666666667,30,0.0,0.0,2.0,0.6345125986256045
247,2022-05,17.916129032258063,14.996774193548386,1,0,1.3000000000000007,0,0.0,0,0,0,0.0,298.7,4,0.0,1.6,1,0,57.50322580645161,31,0.0,1.0,1.0,0.6865088485405654
247,2022-06,23.16,9.823333333333332,14,4,19.9,12,33.5,11,0,0,0.0,181.7,10,0.0,162.3,10,2,72.32666666666665,30,12.0,5.0,3.0,0.4170300665595593
247,2022-07,25.970967741935485,8.451612903225806,21,7,41.900000000000006,29,67.5,23,0,0,0.0,166.8,11,0.0,158.2,11,13,79.3967741935484,31,19.0,6.0,5.0,0.37652370203160274
247,2022-08,25.55483870967742,7.616129032258065,17,3,33.099999999999994,24,83.89999999999999,20,0,0,0.0,123.2,15,0.0,162.7,12,17,81.42903225806452,31,15.0,8.0,2.0,0.29487793202489226
247,2022-09,21.44,10.17,5,0,6.899999999999999,9,16.6,5,0,0,0.0,172.4,11,0.0,70.39999999999999,3,2,72.59333333333333,30,4.0,4.0,2.0,0.46306741874832125
247,2022-10,13.654838709677419,13.167741935483871,0,0,0.0,1,1.6000000000000014,1,1,0,0.2,234.9,4,0.0,53.2,3,1,71.06451612903226,31,0.0,0.0,2.0,0.6705680844990008
247,2022-11,8.836666666666668,14.4,0,0,0.0,0,0.0,0,6,0,10.9,197.4,6,0.0,54.0,5,0,70.68333333333334,30,0.0,0.0,2.0,0.6367741935483872
247,2022-12,-1.929032258064516,10.425806451612903,0,0,0.0,0,0.0,0,31,20,207.0,160.5,10,0.0,28.8,5,0,71.31290322580645,31,0.0,0.0,3.0,0.5267476206104365
247,2023-01,-0.9774193548387097,11.654838709677419,0,0,0.0,0,0.0,0,29,23,211.8,179.4,6,0.0,26.400000000000002,3,0,69.13225806451612,31,0.0,0.0,1.0,0.5751843539596025
247,2023-02,1.9321428571428572,12.985714285714286,0,0,0.0,0,0.0,0,26,12,123.5,172.9,8,0.0,19.9,6,0,63.160714285714285,28,0.0,0.0,2.0,0.5665137614678899
247,2023-03,9.116129032258065,15.94516129032258,0,0,0.0,0,0.0,0,12,1,31.4,240.3,6,0.0,45.5,3,0,55.17741935483871,31,0.0,0.0,2.0,0.6478835265570235
247,2023-04,13.136666666666667,13.24,0,0,0.0,0,0.0,0,3,0,3.0,191.3,12,0.0,37.9,8,0,62.24333333333333,30,0.0,0.0,4.0,0.48726439123790116
247,2023-05,18.216129032258067,11.783870967741937,2,0,1.6999999999999993,2,0.5999999999999979,0,0,0,0.0,193.0,12,0.0,172.6,7,1,69.41290322580646,31,0.0,2.0,4.0,0.4436781609195402
247,2023-06,22.893103448275863,10.81,11,2,16.799999999999997,6,7.100000000000005,4,0,0,0.0,203.8,9,0.0,273.0,10,6,72.58965517241379,30,8.0,4.0,3.0,0.46796785304247995
247,2023-07,25.958064516129035,7.7870967741935475,19,5,44.2,30,83.5,25,0,0,0.0,130.1,14,0.0,628.9,16,19,84.47419354838709,31,16.0,7.0,9.0,0.293613179869104
247,2023-08,27.129032258064516,9.070967741935483,25,15,89.69999999999999,30,102.0,27,0,0,0.0,197.6,6,0.0,294.2,10,10,80.43548387096774,31,25.0,13.0,3.0,0.4726142071274814
247,2023-09,23.186666666666667,8.733333333333333,10,0,12.300000000000004,16,16.900000000000002,4,0,0,0.0,154.9,12,0.0,107.1,11,16,80.45333333333333,30,8.0,5.0,5.0,0.415727321524423
247,2023-10,14.490322580645161,12.970967741935485,0,0,0.0,0,0.0,0,0,0,0.0,221.4,5,0.0,9.9,2,0,73.3483870967742,31,0.0,0.0,2.0,0.6313088109495295
247,2023-11,7.58,11.856666666666666,0,0,0.0,0,0.0,0,15,1,30.1,125.8,7,0.0,83.5,9,0,72.54666666666667,30,0.0,0.0,3.0,0.40359319858838627
247,2023-12,2.851612903225807,9.435483870967742,0,0,0.0,0,0.0,0,21,7,103.6,133.1,12,0.0,106.8,9,0,76.06774193548387,31,0.0,0.0,3.0,0.4366797900262467
247,2024-01,1.1,9.712903225806452,0,0,0.0,0,0.0,0,24,12,125.3,156.7,12,0.0,34.3,7,0,72.03548387096774,31,0.0,0.0,2.0,0.5017611271213576
247,2024-02,4.658620689655172,9.458620689655174,0,0,0.0,0,0.0,0,13,1,39.300000000000004,117.4,16,0.0,111.6,13,0,75.08275862068966,29,0.0,0.0,4.0,0.3709320695102686
247,2024-03,6.983870967741935,12.490322580645161,0,0,0.0,0,0.0,0,17,4,47.6,190.3,8,0.0,65.0,4,0,64.04516129032258,31,0.0,0.0,2.0,0.5118343195266273
247,2024-04,15.733333333333333,12.706666666666667,0,0,0.0,0,0.0,0,0,0,0.0,181.4,10,0.0,75.6,8,0,68.23333333333333,30,0.0,0.0,3.0,0.4614601882472653
247,2024-05,18.364516129032257,13.525806451612903,3,0,0.8000000000000007,0,0.0,0,0,0,0.0,286.7,4,0.0,91.1,9,0,65.54838709677419,31,0.0,2.0,3.0,0.6581726354453626
247,2024-06,23.0,11.569999999999999,12,3,30.2,7,9.700000000000003,6,0,0,0.0,214.0,8,0.0,191.0,4,3,69.74333333333334,30,7.0,7.0,2.0,0.4912764003673094
247,2024-07,26.95483870967742,7.261290322580645,22,8,47.49999999999999,31,114.5,25,0,0,0.0,123.7,15,0.0,312.8,17,19,82.18709677419355,31,19.0,12.0,5.0,0.2794217302913937
247,2024-08,28.23225806451613,9.961290322580645,31,25,124.00000000000001,31,125.2,31,0,0,0.0,250.2,1,0.0,146.9,7,11,77.70333333333333,31,31.0,31.0,3.0,0.599568655643422
247,2024-09,25.61,9.216666666666667,16,8,52.800000000000004,22,69.7,20,0,0,0.0,196.7,7,0.0,223.0,6,16,81.14666666666668,30,12.0,12.0,2.0,0.5291902071563088
247,2024-10,16.280645161290323,10.783870967741937,0,0,0.0,0,0.0,0,0,0,0.0,153.0,11,0.0,100.9,9,1,83.46129032258065,31,0.0,0.0,2.0,0.4372677907973707
247,2024-11,9.363333333333333,11.55,0,0,0.0,0,0.0,0,5,0,7.6,147.4,10,0.0,60.1,7,0,78.23103448275862,30,0.0,0.0,5.0,0.4762520193861066
247,2024-12,1.3161290322580643,9.654838709677419,0,0,0.0,0,0.0,0,28,5,93.4,142.9,10,0.0,3.7,2,0,72.77741935483871,31,0.0,0.0,2.0,0.4689858877584509
247,2025-01,-0.5354838709677419,10.899999999999999,0,0,0.0,0,0.0,0,30,15,169.9,177.9,10,0.0,24.0,8,0,72.99032258064516,31,0.0,0.0,5.0,0.56928
247,2025-02,-1.1107142857142855,11.067857142857141,0,0,0.0,0,0.0,0,26,20,183.1,118.8,4,0.0,22.6,3,0,67.08928571428571,28,0.0,0.0,1.0,0.3884892086330935
247,2025-03,7.590322580645162,13.73225806451613,0,0,0.0,0,0.0,0,15,1,35.0,206.8,9,0.0,22.0,5,0,63.00645161290323,31,0.0,0.0,4.0,0.5566621803499328
247,2025-04,13.47,15.016666666666667,0,0,0.0,0,0.0,0,3,0,1.9,227.6,6,0.0,60.5,6,1,62.93333333333333,30,0.0,0.0,3.0,0.578987534978377
247,2025-05,17.12258064516129,11.870967741935484,1,0,1.8999999999999986,0,0.0,0,0,0,0.0,199.4,9,0.0,128.7,8,1,72.19354838709677,31,0.0,1.0,3.0,0.458074890879853
247,2025-06,23.473333333333336,11.15,14,3,25.7,8,17.199999999999996,9,0,0,0.0,220.4,7,0.0,292.8,9,5,73.71000000000001,30,12.0,5.0,4.0,0.5058526509065872
247,2025-07,27.548387096774192,10.138709677419355,26,21,110.19999999999999,30,94.10000000000001,24,0,0,0.0,246.6,5,0.0,343.4,7,9,75.36129032258064,31,24.0,12.0,5.0,0.5567848272747798
247,2025-08,27.029032258064515,9.270967741935483,25,15,82.5,29,94.5,27,0,0,0.0,206.3,5,0.0,408.7,11,21,82.90322580645162,31,22.0,13.0,5.0,0.4942501197891711
247,2025-09,23.483333333333334,7.863333333333333,7,1,14.700000000000003,15,30.3,9,0,0,0.0,131.9,13,0.0,244.5,17,19,83.74666666666667,30,4.0,4.0,9.0,0.3545698924731183
247,2025-10,17.31935483870968,9.3,0,0,0.0,2,0.5,0,0,0,0.0,150.3,14,0.0,103.5,8,9,81.42903225806452,31,0.0,0.0,3.0,0.42942857142857144
247,2025-11,7.873333333333333,13.033333333333333,0,0,0.0,0,0.0,0,9,0,9.5,210.0,5,0.0,29.7,5,0,76.34642857142856,30,0.0,0.0,2.0,0.6780755569906362
247,2025-12,2.3161290322580643,11.041935483870969,0,0,0.0,0,0.0,0,25,7,99.1,161.8,10,0.0,27.7,5,0,71.55806451612902,31,0.0,0.0,2.0,0.531014112241549
247,2026-01,-1.7225806451612902,11.538709677419355,0,0,0.0,0,0.0,0,30,22,223.5,194.7,4,0.0,2.7,1,0,62.74193548387097,31,0.0,0.0,1.0,0.6226415094339622
247,2026-02,2.25,13.35,0,0,0.0,0,0.0,0,25,12,121.5,202.2,4,0.0,17.9,4,0,64.46428571428571,28,0.0,0.0,1.0,0.6612164813603661
247,2026-03,7.67741935483871,13.990322580645161,0,0,0.0,0,0.0,0,12,1,29.5,225.1,6,0.0,64.8,6,0,63.722580645161294,31,0.0,0.0,2.0,0.6064116379310345
247,2026-04,14.146666666666667,13.773333333333333,0,0,0.0,0,0.0,0,1,0,1.9,187.5,11,0.0,92.6,9,0,63.81666666666667,30,0.0,0.0,2.0,0.4772206668363452
247,2026-05,18.76774193548387,13.612903225806452,6,0,7.300000000000001,0,0.0,0,0,0,0.0,256.8,8,0.0,85.7,8,1,69.24838709677418,31,4.0,4.0,3.0,0.5900735294117647
247,2026-06,22.826666666666664,10.893333333333334,12,0,11.600000000000005,8,7.200000000000003,3,0,0,0.0,216.6,4,0.0,61.8,5,2,71.62333333333332,30,10.0,6.0,2.0,0.4973593570608496
247,2026-07,27.338709677419356,8.380645161290323,23,12,72.1,30,112.60000000000001,26,0,0,0.0,173.2,12,0.0,163.29999999999998,9,11,79.61935483870967,31,21.0,15.0,3.0,0.39105892978098894
247,2026-08,30.130000000000003,11.01,10,9,61.49999999999999,10,51.39999999999999,10,0,0,0.0,91.1,1,0.0,0.1,0,0,69.39,10,10.0,10.0,0.0,0.6596669080376538
248,2015-01,-1.5451612903225806,11.003225806451614,0,0,0.0,0,0.0,0,29,20,209.3,158.7,10,0.0,40.0,10,0,77.63548387096773,31,0.0,0.0,2.0,0.5093068035943517
248,2015-02,0.010714285714285763,10.357142857142858,0,0,0.0,0,0.0,0,25,13,139.0,145.6,10,0.0,13.5,4,0,72.69285714285714,28,0.0,0.0,2.0,0.4775336175795343
248,2015-03,4.612903225806452,14.661290322580646,0,0,0.0,0,0.0,0,22,10,102.0,233.9,5,0.0,48.0,6,0,65.48709677419355,31,0.0,0.0,2.0,0.6309684380900998
248,2015-04,11.673333333333334,13.056666666666667,0,0,0.0,0,0.0,0,1,0,0.6,155.4,14,0.0,133.0,14,0,75.10357142857143,30,0.0,0.0,5.0,0.39572192513368987
248,2015-05,16.97741935483871,14.819354838709677,1,0,1.1999999999999993,0,0.0,0,0,0,0.0,260.6,5,0.0,51.0,5,1,64.71290322580644,31,0.0,1.0,2.0,0.598530087276068
248,2015-06,20.103333333333335,11.686666666666667,1,0,0.10000000000000142,0,0.0,0,0,0,0.0,154.8,13,0.0,87.9,8,2,73.01,30,0.0,1.0,3.0,0.3547204399633364
248,2015-07,23.10967741935484,9.387096774193548,9,1,16.900000000000006,14,22.8,7,0,0,0.0,132.6,13,0.0,152.5,10,11,78.26451612903226,31,3.0,3.0,3.0,0.29885057471264365
248,2015-08,22.758064516129032,10.506451612903225,12,2,21.699999999999996,3,2.8000000000000007,7,0,0,0.0,152.7,13,0.0,99.9,8,9,78.81612903225808,31,10.0,10.0,2.0,0.36496175908221795
248,2015-09,17.59,13.930000000000001,0,0,0.0,0,0.0,0,0,0,0.0,179.2,9,0.0,31.5,5,3,75.46000000000001,30,0.0,0.0,2.0,0.48081566943922727
248,2015-10,12.129032258064516,14.729032258064517,0,0,0.0,0,0.0,0,2,0,5.0,212.1,4,0.0,149.5,4,0,74.32903225806452,31,0.0,0.0,2.0,0.6051355206847361
248,2015-11,8.41,9.296666666666665,0,0,0.0,0,0.0,0,8,0,12.4,59.5,21,0.0,118.7,13,0,83.11333333333333,30,0.0,0.0,4.0,0.19212140781401357
248,2015-12,1.5516129032258066,10.44516129032258,0,0,0.0,0,0.0,0,24,10,121.2,119.9,14,0.0,86.7,12,0,78.1774193548387,31,0.0,0.0,3.0,0.39376026272577996
248,2016-01,-3.0387096774193547,10.033333333333333,0,0,0.0,0,0.0,0,29,20,225.2,136.9,14,0.0,24.9,6,0,72.45161290322581,31,0.0,0.0,3.0,0.43948635634028893
248,2016-02,-0.5862068965517241,11.73103448275862,0,0,0.0,0,0.0,0,27,19,193.7,166.6,8,0.0,67.2,7,0,67.79310344827586,29,0.0,0.0,3.0,0.5268817204301075
248,2016-03,4.97741935483871,14.790322580645162,0,0,0.0,0,0.0,0,21,8,94.0,221.9,5,0.0,63.1,4,0,64.43870967741935,31,0.0,0.0,2.0,0.5971474703982776
248,2016-04,12.56,14.54,0,0,0.0,0,0.0,0,1,0,0.8,194.5,11,0.0,195.9,12,0,66.53666666666666,30,0.0,0.0,3.0,0.49440772750381295
248,2016-05,16.83225806451613,14.725806451612904,0,0,0.0,0,0.0,0,0,0,0.0,260.7,4,0.0,101.8,7,0,65.6258064516129,31,0.0,0.0,2.0,0.5979357798165137
248,2016-06,20.696666666666665,10.65,0,0,0.0,1,0.0,0,0,0,0.0,163.7,12,0.0,57.3,6,3,75.18666666666667,30,0.0,0.0,2.0,0.37494273934951894
248,2016-07,24.274193548387096,9.283870967741937,17,1,20.100000000000005,17,22.399999999999995,9,0,0,0.0,157.8,10,0.0,377.9,12,13,81.41290322580646,31,17.0,13.0,7.0,0.35604693140794225
248,2016-08,24.483870967741936,11.248387096774193,24,11,67.30000000000001,20,20.199999999999996,22,0,0,0.0,205.1,6,0.0,113.4,7,5,77.11290322580645,31,22.0,22.0,2.0,0.49113984674329497
248,2016-09,19.59,9.860000000000001,0,0,0.0,1,0.3000000000000007,0,0,0,0.0,100.2,18,0.0,212.5,13,18,85.56666666666666,30,0.0,0.0,3.0,0.26942726539392314
248,2016-10,13.864516129032259,10.654838709677419,0,0,0.0,0,0.0,0,0,0,0.0,108.89999999999999,15,0.0,191.2,10,1,82.19677419354838,31,0.0,0.0,3.0,0.31123178050871675
248,2016-11,5.3933333333333335,13.313333333333333,0,0,0.0,0,0.0,0,19,5,60.1,153.3,10,0.0,24.0,7,0,75.88666666666667,30,0.0,0.0,2.0,0.4959560012940796
248,2016-12,0.7967741935483871,12.503225806451614,0,0,0.0,0,0.0,0,26,20,169.3,143.6,10,0.0,56.6,6,0,75.28709677419356,31,0.0,0.0,3.0,0.4722130878000657
248,2017-01,-2.4516129032258065,12.838709677419354,0,0,0.0,0,0.0,0,29,21,266.3,164.5,8,0.0,10.6,5,0,69.19032258064516,31,0.0,0.0,1.0,0.5270746555591156
248,2017-02,-0.47857142857142854,12.696428571428571,0,0,0.0,0,0.0,0,28,19,184.7,192.8,4,0.0,73.0,6,0,63.903571428571425,28,0.0,0.0,2.0,0.6313032089063524
248,2017-03,3.5387096774193547,14.129032258064516,0,0,0.0,0,0.0,0,26,7,104.2,205.4,8,0.0,42.9,9,0,64.35806451612903,31,0.0,0.0,2.0,0.5528936742934051
248,2017-04,11.843333333333334,14.473333333333333,0,0,0.0,0,0.0,0,3,0,7.300000000000001,219.1,4,0.0,86.8,8,0,60.91,30,0.0,0.0,2.0,0.5572227873855544
248,2017-05,16.254838709677422,15.503225806451614,0,0,0.0,0,0.0,0,0,0,0.0,265.0,5,0.0,42.1,4,0,65.67096774193548,31,0.0,0.0,2.0,0.6079376003670567
248,2017-06,20.086666666666666,13.346666666666666,5,0,6.799999999999997,0,0.0,0,0,0,0.0,231.0,6,0.0,68.2,6,5,69.09666666666666,30,4.0,4.0,2.0,0.5293308890925756
248,2017-07,25.016129032258064,8.009677419354839,16,0,20.600000000000005,29,49.7,14,0,0,0.0,108.6,18,0.0,276.1,20,22,82.82903225806452,31,14.0,6.0,11.0,0.2449255751014885
248,2017-08,23.432258064516127,9.861290322580645,12,3,21.9,17,18.400000000000006,9,0,0,0.0,159.2,11,0.0,262.7,13,16,82.71290322580644,31,8.0,8.0,4.0,0.38095238095238093
248,2017-09,17.633333333333333,12.82,0,0,0.0,0,0.0,0,0,0,0.0,177.2,7,0.0,148.0,4,8,80.85333333333332,30,0.0,0.0,2.0,0.47608812466415906
248,2017-10,12.625806451612902,12.51290322580645,0,0,0.0,0,0.0,0,2,0,7.4,136.0,12,0.0,72.3,7,3,80.69032258064516,31,0.0,0.0,2.0,0.388682480708774
248,2017-11,4.486666666666666,14.770000000000001,0,0,0.0,0,0.0,0,25,7,96.2,180.4,6,0.0,11.5,5,0,67.11333333333333,30,0.0,0.0,3.0,0.582875605815832
248,2017-12,-2.370967741935484,11.225806451612904,0,0,0.0,0,0.0,0,31,23,244.3,148.6,11,0.0,33.9,3,0,67.1258064516129,31,0.0,0.0,1.0,0.4886550476816836
248,2018-01,-3.8800000000000003,10.94516129032258,0,0,0.0,0,0.0,0,31,23,289.4,162.8,9,0.0,33.1,6,0,66.84666666666666,31,0.0,0.0,3.0,0.5217948717948718
248,2018-02,-2.4071428571428575,12.892857142857142,0,0,0.0,0,0.0,0,28,23,242.2,173.8,5,0.0,21.7,2,0,56.925,28,0.0,0.0,1.0,0.5696492953130121
248,2018-03,6.441935483870967,14.319354838709677,0,0,0.0,0,0.0,0,22,1,52.8,198.2,9,0.0,122.7,9,0,71.09032258064516,31,0.0,0.0,2.0,0.533800161594398
248,2018-04,11.706666666666667,14.386666666666667,0,0,0.0,0,0.0,0,3,0,6.1000000000000005,213.1,8,0.0,170.5,11,0,66.17,30,0.0,0.0,5.0,0.5421012465021623
248,2018-05,16.91290322580645,11.929032258064517,0,0,0.0,1,2.0,0,0,0,0.0,201.3,7,0.0,116.3,9,0,68.73870967741935,31,0.0,0.0,2.0,0.46190913262964667
248,2018-06,20.743333333333332,12.15,3,0,4.199999999999999,2,2.3000000000000007,0,0,0,0.0,199.0,6,0.0,182.2,8,2,71.66000000000001,30,0.0,2.0,5.0,0.4560036663611366
248,2018-07,25.396774193548385,10.583870967741934,21,13,71.29999999999998,22,31.2,21,0,0,0.0,205.0,8,0.0,104.5,5,3,75.65806451612903,31,21.0,21.0,3.0,0.46223224351747466
248,2018-08,25.425806451612903,10.82258064516129,21,12,69.3,21,30.500000000000007,21,0,0,0.0,191.6,9,0.0,565.5,9,2,74.19999999999999,31,19.0,10.0,3.0,0.4580444656944776
248,2018-09,18.13,11.276666666666667,0,0,0.0,0,0.0,0,0,0,0.0,131.7,12,0.0,133.6,10,3,77.87666666666668,30,0.0,0.0,3.0,0.3536519871106337
248,2018-10,10.22258064516129,13.73225806451613,0,0,0.0,0,0.0,0,6,0,1.9000000000000001,189.7,6,0.0,143.5,9,0,75.15483870967742,31,0.0,0.0,4.0,0.5416904625928041
248,2018-11,5.333333333333333,14.66,0,0,0.0,0,0.0,0,22,1,53.5,167.8,8,0.0,43.1,6,0,73.32333333333332,30,0.0,0.0,3.0,0.5419896640826873
248,2018-12,-0.764516129032258,11.709677419354838,0,0,0.0,0,0.0,0,27,17,200.3,160.7,10,0.0,28.3,6,0,66.59032258064516,31,0.0,0.0,2.0,0.5279237844940866
248,2019-01,-2.2483870967741937,13.470967741935485,0,0,0.0,0,0.0,0,31,29,264.6,196.5,6,0.0,16.3,4,0,63.303225806451614,31,0.0,0.0,2.0,0.6306161745827984
248,2019-02,0.3642857142857143,12.689285714285715,0,0,0.0,0,0.0,0,26,17,157.9,169.6,7,0.0,44.6,2,0,61.785714285714285,28,0.0,0.0,1.0,0.5560655737704918
248,2019-03,5.180645161290323,14.138709677419355,0,0,0.0,0,0.0,0,22,4,73.1,207.4,5,0.0,49.5,9,0,60.751612903225805,31,0.0,0.0,3.0,0.5593311758360302
248,2019-04,10.28,13.563333333333333,0,0,0.0,0,0.0,0,8,2,23.8,172.6,12,0.0,89.0,6,0,64.26666666666667,30,0.0,0.0,2.0,0.4395212630506748
248,2019-05,16.27741935483871,16.348387096774193,0,0,0.0,0,0.0,0,0,0,0.0,273.7,3,0.0,73.3,6,0,58.76129032258064,31,0.0,0.0,4.0,0.6286173633440515
248,2019-06,19.89333333333333,11.123333333333333,3,0,1.1000000000000014,0,0.0,0,0,0,0.0,194.8,8,0.0,169.7,9,2,75.83666666666666,30,3.0,3.0,3.0,0.44637946837763526
248,2019-07,23.067741935483873,8.238709677419354,6,0,4.299999999999997,12,35.2,9,0,0,0.0,123.1,15,0.0,299.0,12,7,79.46666666666667,31,3.0,3.0,4.0,0.27756482525366405
248,2019-08,24.04516129032258,10.154838709677419,13,5,31.299999999999997,15,25.9,14,0,0,0.0,167.9,9,0.0,88.4,8,9,78.25483870967743,31,10.0,5.0,3.0,0.4013865646665073
248,2019-09,20.053333333333335,10.516666666666667,0,0,0.0,4,1.6000000000000014,1,0,0,0.0,118.3,15,0.0,239.1,11,7,79.38571428571429,30,0.0,0.0,6.0,0.3174134692782399
248,2019-10,13.041935483870969,12.719354838709679,0,0,0.0,0,0.0,0,1,0,1.3,171.3,10,0.0,127.4,5,0,80.98214285714286,31,0.0,0.0,3.0,0.4885909868796349
248,2019-11,6.3,15.120689655172415,0,0,0.0,0,0.0,0,17,2,47.9,151.6,10,0.0,28.0,2,0,75.21071428571429,30,0.0,0.0,1.0,0.48966408268733846
248,2019-12,0.6967741935483871,11.148387096774194,0,0,0.0,0,0.0,0,29,13,141.9,151.4,11,0.0,38.5,7,0,75.78064516129032,31,0.0,0.0,2.0,0.4973718791064389
248,2020-01,0.6225806451612903,9.693548387096774,0,0,0.0,0,0.0,0,24,14,126.7,117.1,16,0.0,108.6,7,0,80.44193548387096,31,0.0,0.0,3.0,0.3759229534510433
248,2020-02,1.696551724137931,12.020689655172415,0,0,0.0,0,0.0,0,22,13,125.9,171.7,6,0.0,65.3,8,0,74.41379310344827,29,0.0,0.0,3.0,0.543010752688172
248,2020-03,6.058064516129033,13.725806451612904,0,0,0.0,0,0.0,0,21,4,58.7,217.7,6,0.0,43.2,5,0,66.31612903225808,31,0.0,0.0,2.0,0.5856873822975518
248,2020-04,8.22,14.846666666666666,0,0,0.0,0,0.0,0,13,1,27.700000000000003,253.3,5,0.0,45.7,3,0,61.56666666666667,30,0.0,0.0,3.0,0.6437102922490471
248,2020-05,16.506451612903227,11.903225806451612,0,0,0.0,0,0.0,0,0,0,0.0,211.1,7,0.0,81.39999999999999,6,0,76.38709677419355,31,0.0,0.0,2.0,0.4840632882366429
248,2020-06,21.476666666666667,10.456666666666667,6,0,5.0000000000000036,2,0.3000000000000007,0,0,0,0.0,177.2,9,0.0,210.20000000000002,11,15,82.46000000000001,30,3.0,3.0,5.0,0.40586349060925325
248,2020-07,21.561290322580643,6.683870967741936,0,0,0.0,9,9.600000000000001,0,0,0,0.0,69.7,20,0.0,584.6,19,18,91.90322580645162,31,0.0,0.0,12.0,0.15722986690728627
248,2020-08,25.29032258064516,7.632258064516129,16,1,17.10000000000001,27,63.80000000000001,22,0,0,0.0,131.2,16,0.0,623.4,15,28,87.87741935483871,31,9.0,9.0,8.0,0.3141762452107279
248,2020-09,17.803333333333335,9.803333333333335,0,0,0.0,1,2.1000000000000014,0,0,0,0.0,115.7,14,0.0,268.2,10,4,88.08,30,0.0,0.0,4.0,0.3111051357891907
248,2020-10,11.064516129032258,14.464516129032257,0,0,0.0,0,0.0,0,2,0,2.4000000000000004,206.4,5,0.0,8.5,2,0,78.48064516129033,31,0.0,0.0,1.0,0.5900514579759862
248,2020-11,6.236666666666666,13.163333333333332,0,0,0.0,0,0.0,0,18,1,40.5,164.7,10,0.0,73.4,4,0,75.0,30,0.0,0.0,1.0,0.5328372694920737
248,2020-12,-1.7935483870967743,11.40967741935484,0,0,0.0,0,0.0,0,31,23,211.2,152.9,10,0.0,13.5,4,0,74.36451612903227,31,0.0,0.0,1.0,0.502795133179875
248,2021-01,-2.858064516129032,12.44516129032258,0,0,0.0,0,0.0,0,28,22,294.7,157.0,9,0.0,36.0,7,0,76.16129032258064,31,0.0,0.0,2.0,0.5030438961871194
248,2021-02,1.842857142857143,12.735714285714286,0,0,0.0,0,0.0,0,22,13,132.9,182.4,6,0.0,38.1,5,0,65.81428571428572,28,0.0,0.0,1.0,0.5972495088408645
248,2021-03,7.212903225806452,13.96774193548387,0,0,0.0,0,0.0,0,17,1,25.900000000000002,184.7,8,0.0,109.3,7,0,73.95161290322581,31,0.0,0.0,2.0,0.49717362045760427
248,2021-04,11.573333333333332,14.116666666666667,0,0,0.0,0,0.0,0,4,0,4.6,212.2,7,0.0,50.8,4,0,63.31666666666667,30,0.0,0.0,2.0,0.539674465920651
248,2021-05,15.161290322580646,12.341935483870966,0,0,0.0,0,0.0,0,0,0,0.0,175.9,10,0.0,117.9,13,0,77.37096774193549,31,0.0,0.0,3.0,0.4034403669724771
248,2021-06,20.64,10.616666666666667,2,0,1.5999999999999979,1,0.1999999999999993,0,0,0,0.0,177.2,7,0.0,150.0,13,13,80.52,30,0.0,2.0,3.0,0.4060494958753437
248,2021-07,24.225806451612904,9.80967741935484,18,1,24.90000000000001,16,14.900000000000002,10,0,0,0.0,181.5,8,0.0,203.60000000000002,10,22,84.83548387096775,31,16.0,11.0,8.0,0.4093369418132612
248,2021-08,23.19677419354839,8.970967741935485,11,0,12.000000000000004,13,12.2,7,0,0,0.0,130.4,11,0.0,380.7,15,29,89.24838709677418,31,10.0,7.0,5.0,0.3120363723378799
248,2021-09,19.753333333333334,9.526666666666667,0,0,0.0,1,0.6000000000000014,0,0,0,0.0,110.5,15,0.0,111.8,10,12,86.26666666666667,30,0.0,0.0,3.0,0.2968833960236432
248,2021-10,12.636666666666667,13.896774193548387,0,0,0.0,0,0.0,0,8,0,7.6,188.7,7,0.0,49.800000000000004,5,7,81.67333333333333,31,0.0,0.0,3.0,0.5392969419834238
248,2021-11,5.636666666666667,13.016666666666667,0,0,0.0,0,0.0,0,12,1,24.7,119.7,12,0.0,92.2,8,0,77.71333333333334,30,0.0,0.0,5.0,0.38675282714054926
248,2021-12,0.19999999999999993,11.393548387096773,0,0,0.0,0,0.0,0,30,15,164.2,139.0,11,0.0,5.0,3,0,72.2,31,0.0,0.0,1.0,0.4569362261669953
248,2022-01,-2.9838709677419355,13.364516129032259,0,0,0.0,0,0.0,0,30,28,289.2,179.9,8,0.0,1.8,0,0,64.72258064516129,31,0.0,0.0,0.0,0.5766025641025642
248,2022-02,-2.5285714285714285,12.678571428571429,0,0,0.0,0,0.0,0,28,27,250.0,182.0,5,0.0,6.6,2,0,58.66428571428571,28,0.0,0.0,1.0,0.5965257292690921
248,2022-03,5.95483870967742,13.938709677419354,0,0,0.0,0,0.0,0,22,5,67.6,167.7,12,0.0,99.7,8,0,68.55483870967741,31,0.0,0.0,3.0,0.4516563425801238
248,2022-04,12.2,15.75,0,0,0.0,0,0.0,0,7,0,12.2,239.70000000000002,5,0.0,62.5,6,0,63.29,30,0.0,0.0,2.0,0.6097685067412872
248,2022-05,16.02258064516129,15.380645161290323,0,0,0.0,0,0.0,0,0,0,0.0,288.5,4,0.0,3.8000000000000003,1,0,61.12903225806452,31,0.0,0.0,1.0,0.6620009178522258
248,2022-06,21.543333333333333,9.55,5,0,5.100000000000001,9,19.200000000000003,5,0,0,0.0,162.7,12,0.0,226.2,9,7,76.46000000000001,30,4.0,4.0,2.0,0.3728230980751604
248,2022-07,24.26451612903226,8.764516129032257,11,1,16.5,16,22.1,8,0,0,0.0,155.2,12,0.0,157.1,11,24,83.86129032258064,31,3.0,3.0,2.0,0.34994363021420516
248,2022-08,23.9,7.609677419354839,9,0,7.800000000000001,19,56.7,14,0,0,0.0,102.8,16,0.0,167.5,16,23,85.40967741935484,31,5.0,5.0,5.0,0.2457566339947406
248,2022-09,19.096666666666668,11.703333333333331,2,0,1.8000000000000007,4,2.8000000000000007,1,0,0,0.0,145.5,12,0.0,74.9,2,4,80.23666666666666,30,0.0,2.0,2.0,0.3907089151450054
248,2022-10,11.44516129032258,14.52258064516129,0,0,0.0,0,0.0,0,6,0,9.3,209.4,5,0.0,66.3,4,1,77.20967741935483,31,0.0,0.0,2.0,0.5979440319817247
248,2022-11,6.9,16.029999999999998,0,0,0.0,0,0.0,0,18,2,39.2,181.4,6,0.0,89.3,7,0,73.77,30,0.0,0.0,2.0,0.5859173126614987
248,2022-12,-3.606451612903226,11.774193548387096,0,0,0.0,0,0.0,0,31,24,288.9,141.6,12,0.0,26.9,5,0,71.51290322580645,31,0.0,0.0,2.0,0.4651773981603153
248,2023-01,-2.6516129032258067,12.838709677419354,0,0,0.0,0,0.0,0,29,28,286.1,168.5,8,0.0,28.5,4,0,71.52580645161291,31,0.0,0.0,2.0,0.541452442159383
248,2023-02,0.3178571428571429,13.957142857142857,0,0,0.0,0,0.0,0,27,17,172.9,165.1,7,0.0,13.6,4,0,67.63571428571429,28,0.0,0.0,2.0,0.541311475409836
248,2023-03,7.574193548387096,16.480645161290322,0,0,0.0,0,0.0,0,20,3,64.1,226.0,6,0.0,31.4,4,0,58.5258064516129,31,0.0,0.0,2.0,0.6094929881337648
248,2023-04,11.366666666666667,14.326666666666666,0,0,0.0,0,0.0,0,5,0,10.8,179.9,11,0.0,64.2,10,0,65.60333333333332,30,0.0,0.0,3.0,0.4579938900203666
248,2023-05,16.412903225806453,12.225806451612904,0,0,0.0,0,0.0,0,0,0,0.0,176.7,14,0.0,239.20000000000002,7,0,74.4258064516129,31,0.0,0.0,4.0,0.4058337161231052
248,2023-06,21.16,11.076666666666666,5,0,3.1000000000000014,2,3.900000000000002,0,0,0,0.0,208.0,6,0.0,348.0,10,5,75.6,30,3.0,3.0,6.0,0.4766269477543538
248,2023-07,24.338709677419356,7.838709677419355,14,1,18.700000000000003,28,36.7,14,0,0,0.0,125.0,14,0.0,761.8000000000001,16,24,86.14516129032258,31,12.0,6.0,7.0,0.2818489289740699
248,2023-08,24.94193548387097,9.112903225806452,20,5,36.7,25,41.8,15,0,0,0.0,165.7,8,0.0,296.2,11,27,85.54516129032258,31,18.0,10.0,4.0,0.396127181448721
248,2023-09,20.8,9.729999999999999,2,0,1.3000000000000007,2,1.1000000000000014,0,0,0,0.0,140.5,12,0.0,165.6,11,18,86.50333333333333,30,0.0,2.0,5.0,0.37697880332707273
248,2023-10,12.0,14.187096774193549,0,0,0.0,0,0.0,0,0,0,0.0,201.6,3,0.0,15.9,3,0,78.36451612903227,31,0.0,0.0,2.0,0.5753424657534246
248,2023-11,6.03,12.34,0,0,0.0,0,0.0,0,20,4,63.8,156.0,9,0.0,94.8,8,0,72.68666666666667,30,0.0,0.0,3.0,0.5016077170418006
248,2023-12,1.1419354838709679,10.519354838709678,0,0,0.0,0,0.0,0,23,15,154.5,119.0,14,0.0,108.9,8,0,77.98064516129033,31,0.0,0.0,2.0,0.39080459770114945
248,2024-01,-0.29032258064516137,9.932258064516128,0,0,0.0,0,0.0,0,25,17,163.7,148.7,11,0.0,56.5,6,0,74.3483870967742,31,0.0,0.0,2.0,0.4773675762439807
248,2024-02,3.006896551724138,9.675862068965518,0,0,0.0,0,0.0,0,19,7,68.5,104.4,16,0.0,127.7,14,0,79.52413793103447,29,0.0,0.0,8.0,0.3301707779886148
248,2024-03,5.116129032258065,12.564516129032258,0,0,0.0,0,0.0,0,20,5,78.5,182.3,8,0.0,74.1,8,0,67.38064516129032,31,0.0,0.0,2.0,0.4904492870594566
248,2024-04,13.853333333333333,13.663333333333332,0,0,0.0,0,0.0,0,0,0,0.0,168.7,9,0.0,75.7,8,0,72.5,30,0.0,0.0,3.0,0.4286077235772357
248,2024-05,16.325806451612905,13.983870967741936,0,0,0.0,0,0.0,0,0,0,0.0,233.7,6,0.0,112.19999999999999,9,0,70.11935483870967,31,0.0,0.0,4.0,0.5358862646182068
248,2024-06,20.836666666666666,12.24,6,1,10.500000000000007,3,3.0,0,0,0,0.0,209.9,9,0.0,183.3,6,1,74.61333333333333,30,3.0,3.0,2.0,0.48076042143838754
248,2024-07,25.129032258064516,7.141935483870968,12,0,12.000000000000007,28,60.49999999999999,18,0,0,0.0,104.4,15,0.0,470.2,17,23,84.0516129032258,31,11.0,8.0,5.0,0.23555956678700363
248,2024-08,25.84193548387097,10.274193548387096,28,2,54.900000000000006,26,49.49999999999999,25,0,0,0.0,202.4,2,0.0,67.8,9,27,83.6741935483871,31,28.0,20.0,3.0,0.4849065644465741
248,2024-09,23.18,10.38,14,4,23.900000000000006,14,22.499999999999996,11,0,0,0.0,163.4,10,0.0,278.9,7,18,83.82,30,12.0,12.0,5.0,0.4394835933297472
248,2024-10,13.983870967741936,11.874193548387098,0,0,0.0,0,0.0,0,0,0,0.0,128.6,13,0.0,101.80000000000001,10,0,85.1516129032258,31,0.0,0.0,2.0,0.36763865065751855
248,2024-11,7.28,12.793333333333333,0,0,0.0,0,0.0,0,12,1,28.3,146.8,12,0.0,79.2,7,0,78.64333333333335,30,0.0,0.0,5.0,0.4749272080232934
248,2024-12,-0.18064516129032263,9.703225806451613,0,0,0.0,0,0.0,0,31,13,152.3,135.3,13,0.0,16.900000000000002,5,0,73.07741935483871,31,0.0,0.0,2.0,0.44491943439658005
248,2025-01,-2.6258064516129034,11.996774193548386,0,0,0.0,0,0.0,0,31,27,259.9,145.9,12,0.0,38.1,8,0,74.49354838709678,31,0.0,0.0,4.0,0.4674783723165652
248,2025-02,-2.9250000000000003,11.299999999999999,0,0,0.0,0,0.0,0,27,23,235.3,182.6,4,0.0,26.2,4,0,66.93571428571428,28,0.0,0.0,1.0,0.597708674304419
248,2025-03,5.661290322580645,13.83548387096774,0,0,0.0,0,0.0,0,21,3,71.5,188.4,9,0.0,46.0,6,0,65.0741935483871,31,0.0,0.0,4.0,0.5071332436069986
248,2025-04,11.833333333333334,14.823333333333332,0,0,0.0,0,0.0,0,7,0,11.9,233.1,4,0.0,67.0,7,0,63.343333333333334,30,0.0,0.0,3.0,0.5928280773143438
248,2025-05,15.345161290322581,12.254838709677419,0,0,0.0,0,0.0,0,0,0,0.0,200.9,9,0.0,149.6,10,1,73.75483870967743,31,0.0,0.0,3.0,0.4607798165137615
248,2025-06,21.46333333333333,11.42,4,0,6.200000000000003,2,3.1000000000000014,3,0,0,0.0,209.0,8,0.0,317.9,7,6,76.01666666666667,30,4.0,4.0,4.0,0.47880870561282934
248,2025-07,25.106451612903225,11.151612903225805,24,10,60.900000000000006,18,16.899999999999995,21,0,0,0.0,241.1,6,0.0,249.9,8,14,80.14193548387097,31,22.0,12.0,7.0,0.5438754793593503
248,2025-08,25.003225806451614,9.37741935483871,21,2,33.89999999999999,24,38.199999999999996,20,0,0,0.0,170.7,9,0.0,251.20000000000002,13,27,85.31290322580645,31,18.0,13.0,5.0,0.4085686931546194
248,2025-09,21.423333333333336,8.776666666666667,4,0,3.6000000000000014,7,8.799999999999997,3,0,0,0.0,104.0,15,0.0,396.2,15,21,87.20666666666666,30,4.0,4.0,4.0,0.27956989247311825
248,2025-10,15.383870967741935,9.719354838709679,0,0,0.0,0,0.0,0,3,0,3.5,126.6,15,0.0,146.20000000000002,9,4,85.5741935483871,31,0.0,0.0,3.0,0.3618176621891969
248,2025-11,6.206666666666666,13.643333333333334,0,0,0.0,0,0.0,0,18,1,37.6,186.3,5,0.0,40.6,6,0,74.67666666666668,30,0.0,0.0,2.0,0.6019386106623587
248,2025-12,0.8709677419354839,11.625806451612904,0,0,0.0,0,0.0,0,28,17,156.2,145.29999999999998,11,0.0,39.1,6,0,72.19677419354838,31,0.0,0.0,2.0,0.4778033541598158
248,2026-01,-3.1774193548387095,12.016129032258064,0,0,0.0,0,0.0,0,31,27,290.6,189.6,5,0.0,4.9,1,0,61.21290322580645,31,0.0,0.0,1.0,0.6076923076923076
248,2026-02,0.03571428571428575,13.892857142857142,0,0,0.0,0,0.0,0,27,18,182.9,184.4,4,0.0,21.400000000000002,4,0,67.24285714285715,28,0.0,0.0,1.0,0.6043920026220911
248,2026-03,5.419354838709677,14.961290322580645,0,0,0.0,0,0.0,0,21,6,72.0,211.9,6,0.0,68.1,5,0,66.95483870967742,31,0.0,0.0,2.0,0.5706975491516294
248,2026-04,12.21,15.223333333333333,0,0,0.0,0,0.0,0,4,0,5.5,189.6,11,0.0,91.0,8,0,65.22333333333333,30,0.0,0.0,2.0,0.48232002035105564
248,2026-05,16.864516129032257,14.441935483870967,1,0,0.3999999999999986,0,0.0,0,0,0,0.0,234.0,7,0.0,88.9,6,0,71.6741935483871,31,0.0,1.0,2.0,0.5369435520881138
248,2026-06,20.59333333333333,11.773333333333333,0,0,0.0,1,0.3000000000000007,0,0,0,0.0,195.5,8,0.0,96.8,7,4,75.31333333333333,30,0.0,0.0,3.0,0.44798350137488546
248,2026-07,25.161290322580644,8.661290322580646,18,2,24.299999999999997,21,45.8,20,0,0,0.0,149.3,14,0.0,218.70000000000002,10,25,83.43870967741935,31,16.0,12.0,3.0,0.3367162832656744
248,2026-08,27.24,11.45,9,7,34.8,10,19.499999999999996,10,0,0,0.0,80.8,1,0.0,0.8,0,4,76.1,10,9.0,9.0,0.0,0.5846599131693199
254,2015-01,0.27096774193548384,10.151612903225805,0,0,0.0,0,0.0,0,28,14,145.3,167.5,9,310.26,35.8,8,0,70.94516129032259,31,0.0,0.0,2.0,0.535828534868842
254,2015-02,2.2666666666666666,10.167857142857143,0,0,0.0,0,0.0,0,23,9,85.7,167.6,7,340.18,19.5,5,0,64.64444444444445,28,0.0,0.0,2.0,0.548968227972486
254,2015-03,7.3,14.796774193548387,0,0,0.0,0,0.0,0,19,1,55.5,253.7,4,586.52,38.5,6,0,55.78333333333333,31,0.0,0.0,2.0,0.6841963322545846
254,2015-04,13.783333333333333,13.46,0,0,0.0,0,0.0,0,0,0,0.0,176.9,10,507.89,142.2,13,0,68.38666666666667,30,0.0,0.0,5.0,0.45093041040020393
254,2015-05,18.361290322580647,14.648387096774194,5,0,6.9999999999999964,0,0.0,0,0,0,0.0,280.3,5,760.53,51.0,8,0,60.5258064516129,31,4.0,4.0,2.0,0.6448125143777318
254,2015-06,21.613333333333333,10.536666666666667,8,0,4.099999999999998,0,0.0,0,0,0,0.0,179.4,10,584.89,113.1,9,1,71.05333333333333,30,0.0,2.0,3.0,0.41222426470588236
254,2015-07,24.92,8.974193548387097,17,5,36.0,21,56.8,17,0,0,0.0,190.2,9,584.76,154.7,12,10,76.93,31,17.0,7.0,3.0,0.4292484766418415
254,2015-08,24.719354838709677,10.229032258064517,15,8,45.70000000000001,18,29.400000000000006,13,0,0,0.0,195.4,8,592.29,124.4,8,12,78.25483870967743,31,10.0,10.0,3.0,0.46735230806027267
254,2015-09,19.88,12.656666666666666,2,0,0.8000000000000007,1,0.5,0,0,0,0.0,217.0,4,553.04,74.5,7,6,75.60666666666665,30,0.0,2.0,2.0,0.5822377247115643
254,2015-10,14.064516129032258,13.73225806451613,0,0,0.0,0,0.0,0,1,0,1.7,233.7,3,489.84000000000003,99.7,4,2,77.39032258064516,31,0.0,0.0,2.0,0.6663815226689478
254,2015-11,9.416666666666666,8.673333333333334,0,0,0.0,0,0.0,0,4,0,5.0,80.9,17,229.22,126.6,15,0,90.03,30,0.0,0.0,4.0,0.2607154366741863
254,2015-12,2.6322580645161286,10.251612903225807,0,0,0.0,0,0.0,0,23,7,97.1,136.9,12,272.12,81.1,13,0,81.3225806451613,31,0.0,0.0,4.0,0.4489996720236143
254,2016-01,-2.029032258064516,9.729032258064517,0,0,0.0,0,0.0,0,30,18,200.0,147.4,10,283.79,34.4,8,0,77.99333333333334,31,0.0,0.0,3.0,0.47198206852385527
254,2016-02,0.6379310344827587,11.23103448275862,0,0,0.0,0,0.0,0,27,17,150.1,197.8,6,408.42,50.6,5,0,65.58965517241379,29,0.0,0.0,2.0,0.624960505529226
254,2016-03,6.306451612903226,14.029032258064515,0,0,0.0,0,0.0,0,19,5,64.9,239.8,5,581.2,78.1,4,0,62.65161290322581,31,0.0,0.0,2.0,0.6449704142011834
254,2016-04,14.06,13.973333333333333,0,0,0.0,0,0.0,0,0,0,0.0,216.3,9,604.68,201.6,10,0,66.21333333333334,30,0.0,0.0,3.0,0.5502416687865683
254,2016-05,18.61935483870968,14.016129032258064,4,0,2.200000000000003,0,0.0,0,0,0,0.0,273.9,4,740.21,90.8,6,0,65.69032258064516,31,0.0,2.0,2.0,0.6290767110702802
254,2016-06,21.441379310344825,9.6,1,0,0.5,0,0.0,0,0,0,0.0,172.6,11,578.1,96.5,8,1,75.68333333333334,30,0.0,1.0,2.0,0.39659926470588236
254,2016-07,24.82903225806452,8.990322580645161,17,3,33.8,18,36.1,15,0,0,0.0,234.5,7,650.96,388.4,12,9,79.21935483870968,31,17.0,13.0,7.0,0.5295844625112918
254,2016-08,25.348387096774193,11.01290322580645,24,17,84.39999999999998,25,43.2,25,0,0,0.0,269.2,4,724.95,71.5,8,3,74.90967741935484,31,23.0,23.0,3.0,0.6452540747842761
254,2016-09,20.473333333333336,9.24,2,0,1.6999999999999993,2,0.7000000000000028,1,0,0,0.0,144.5,11,447.81,230.5,13,9,80.53,30,0.0,2.0,5.0,0.388545307878462
254,2016-10,14.745161290322581,9.3,0,0,0.0,0,0.0,0,0,0,0.0,115.8,16,358.09,199.0,10,1,79.02258064516128,31,0.0,0.0,5.0,0.33085714285714285
254,2016-11,6.2733333333333325,11.889999999999999,0,0,0.0,0,0.0,0,15,0,36.2,165.4,9,329.63,21.5,6,0,72.98333333333333,30,0.0,0.0,2.0,0.5342377260981912
254,2016-12,1.2774193548387098,11.52258064516129,0,0,0.0,0,0.0,0,25,17,136.3,151.1,8,292.44,47.0,5,0,73.53870967741935,31,0.0,0.0,2.0,0.4958976042008532
254,2017-01,-1.7612903225806449,11.819354838709677,0,0,0.0,0,0.0,0,30,22,230.0,178.8,5,342.63,17.5,5,0,71.35483870967742,31,0.0,0.0,1.0,0.5717940518068437
254,2017-02,-0.2518518518518518,12.110714285714286,0,0,0.0,0,0.0,0,27,19,170.6,202.8,4,427.21,47.5,4,0,64.44444444444444,28,0.0,0.0,1.0,0.6631785480706344
254,2017-03,4.290322580645161,14.0,0,0,0.0,0,0.0,0,25,6,89.6,229.3,3,568.8,29.0,9,0,60.61612903225806,31,0.0,0.0,2.0,0.6173936456650512
254,2017-04,12.946666666666667,14.846666666666666,0,0,0.0,0,0.0,0,2,0,5.9,253.1,4,660.22,65.5,7,0,59.85666666666667,30,0.0,0.0,2.0,0.6441842708068211
254,2017-05,17.812903225806455,14.754838709677419,2,0,1.8000000000000007,0,0.0,0,0,0,0.0,284.4,4,758.28,41.8,4,0,65.34838709677419,31,0.0,2.0,2.0,0.6533425223983459
254,2017-06,21.553333333333335,12.593333333333334,9,1,14.0,2,2.200000000000003,0,0,0,0.0,250.5,5,715.7,23.3,5,2,67.21666666666667,30,7.0,4.0,2.0,0.5757297173063664
254,2017-07,26.51290322580645,7.748387096774193,19,6,46.300000000000004,31,101.60000000000001,26,0,0,0.0,148.6,14,551.12,343.1,17,22,82.08064516129032,31,16.0,12.0,10.0,0.33551591781440504
254,2017-08,25.23225806451613,9.464516129032257,19,7,50.0,24,59.7,19,0,0,0.0,214.7,7,614.39,229.4,13,13,79.3225806451613,31,17.0,12.0,5.0,0.5143747005270723
254,2017-09,19.996666666666666,11.7,0,0,0.0,0,0.0,0,0,0,0.0,215.4,4,555.44,107.8,4,6,76.38333333333334,30,0.0,0.0,2.0,0.5790322580645162
254,2017-10,14.825806451612904,11.441935483870967,0,0,0.0,0,0.0,0,1,0,1.7,184.6,9,432.7,86.6,6,3,75.51612903225806,31,0.0,0.0,2.0,0.5272779205941159
254,2017-11,5.746666666666667,13.886666666666667,0,0,0.0,0,0.0,0,19,0,43.4,209.0,3,375.95,3.5,2,0,68.40333333333334,30,0.0,0.0,2.0,0.6744111003549532
254,2017-12,-0.6444444444444445,10.626666666666667,0,0,0.0,0,0.0,0,28,18,172.1,167.2,8,266.1,28.2,2,0,70.2925925925926,31,0.0,0.0,1.0,0.5487364620938627
254,2018-01,-2.425806451612903,10.296774193548387,0,0,0.0,0,0.0,0,29,20,221.0,183.3,7,200.47,31.5,7,0,71.42903225806452,31,0.0,0.0,4.0,0.5863723608445297
254,2018-02,-0.6962962962962964,12.732142857142858,0,0,0.0,0,0.0,0,27,17,196.0,193.9,1,226.85999999999999,21.1,3,0,62.10740740740741,28,0.0,0.0,2.0,0.6344895287958114
254,2018-03,8.251612903225807,13.483870967741936,0,0,0.0,0,0.0,0,10,0,20.1,214.3,7,320.25,103.7,8,0,72.49354838709678,31,0.0,0.0,2.0,0.5774723794125572
254,2018-04,13.246666666666666,13.696666666666665,0,0,0.0,0,0.0,0,1,0,0.6,225.1,8,358.97,181.7,8,0,69.45333333333333,30,0.0,0.0,3.0,0.5730651731160896
254,2018-05,18.103225806451615,11.87741935483871,1,0,0.5,2,4.099999999999998,0,0,0,0.0,226.1,7,390.48,106.8,9,4,74.31612903225808,31,0.0,1.0,2.0,0.519889629799954
254,2018-06,22.526666666666664,11.909999999999998,11,3,20.399999999999995,5,7.0000000000000036,2,0,0,0.0,248.1,5,415.62,224.7,7,4,73.12333333333332,30,7.0,4.0,5.0,0.5700827205882353
254,2018-07,27.312903225806455,10.261290322580644,22,19,108.8,28,82.9,24,0,0,0.0,275.7,6,432.87,103.6,4,4,76.41290322580646,31,21.0,21.0,2.0,0.6224881463084218
254,2018-08,27.37741935483871,10.187096774193549,24,18,110.1,29,90.19999999999999,26,0,0,0.0,242.7,6,384.86,427.3,8,10,77.3483870967742,31,22.0,22.0,2.0,0.5810390232224084
254,2018-09,20.157142857142855,10.206666666666667,0,0,0.0,5,4.0,1,0,0,0.0,168.1,10,296.28,120.1,9,9,79.98571428571428,30,0.0,0.0,3.0,0.45151759333870534
254,2018-10,12.096774193548388,12.97741935483871,0,0,0.0,0,0.0,0,0,0,0.0,211.0,5,281.45,125.5,9,0,79.61290322580645,31,0.0,0.0,4.0,0.6019971469329529
254,2018-11,7.126666666666667,13.873333333333333,0,0,0.0,0,0.0,0,14,0,18.0,165.1,8,206.09,51.0,6,0,78.45666666666666,30,0.0,0.0,2.0,0.5324089003547242
254,2018-12,0.9806451612903225,10.85483870967742,0,0,0.0,0,0.0,0,26,14,141.1,170.0,7,192.39000000000001,26.3,4,0,68.6741935483871,31,0.0,0.0,2.0,0.5575598556903902
254,2019-01,-0.6322580645161291,12.358064516129032,0,0,0.0,0,0.0,0,30,20,188.0,203.7,3,224.94,10.0,3,0,66.63548387096773,31,0.0,0.0,1.0,0.6516314779270632
254,2019-02,1.842857142857143,11.714285714285714,0,0,0.0,0,0.0,0,26,8,105.0,169.9,7,234.0,39.6,3,0,64.41785714285714,28,0.0,0.0,1.0,0.5565018015067147
254,2019-03,6.764516129032257,14.14516129032258,0,0,0.0,0,0.0,0,17,0,41.4,221.1,6,334.52,38.3,6,0,62.809677419354834,31,0.0,0.0,2.0,0.5962783171521036
254,2019-04,11.686666666666667,12.943333333333333,0,0,0.0,0,0.0,0,6,0,13.2,185.5,9,331.56,87.4,7,0,67.36,30,0.0,0.0,2.0,0.47273190621814476
254,2019-05,17.603225806451615,16.006451612903227,4,0,1.5,0,0.0,0,0,0,0.0,285.6,3,467.77,84.7,6,0,62.92258064516129,31,0.0,2.0,2.0,0.6570048309178744
254,2019-06,21.34,11.156666666666666,7,0,8.199999999999996,4,1.9000000000000021,0,0,0,0.0,211.8,8,400.55,164.6,9,4,78.27666666666667,30,3.0,3.0,3.0,0.4865609924190214
254,2019-07,24.57741935483871,8.429032258064515,12,3,22.99999999999999,16,47.2,12,0,0,0.0,162.8,12,339.97,334.5,14,16,82.58709677419354,31,7.0,4.0,4.0,0.367411419544121
254,2019-08,25.858064516129033,9.651612903225805,20,13,67.9,24,63.699999999999996,20,0,0,0.0,198.5,8,358.98,114.1,10,14,81.59677419354838,31,17.0,11.0,3.0,0.4747668022004305
254,2019-09,21.68,9.773333333333333,5,0,3.6000000000000014,10,11.799999999999997,2,0,0,0.0,145.7,13,261.32,174.2,11,15,82.28,30,3.0,3.0,6.0,0.3909310437349074
254,2019-10,15.187096774193549,11.738709677419356,0,0,0.0,0,0.0,0,0,0,0.0,204.9,6,274.36,178.1,4,2,78.83225806451614,31,0.0,0.0,3.0,0.5844266970907016
254,2019-11,8.155172413793103,14.270000000000001,0,0,0.0,0,0.0,0,11,1,27.0,174.3,7,219.99,27.3,3,0,75.87241379310345,30,0.0,0.0,2.0,0.5617144698678698
254,2019-12,2.207142857142857,10.6,0,0,0.0,0,0.0,0,22,6,92.3,132.6,12,229.31,31.400000000000002,3,0,72.96071428571427,31,0.0,0.0,1.0,0.43489668743850435
254,2020-01,2.2774193548387096,9.783870967741937,0,0,0.0,0,0.0,0,24,7,87.5,107.10000000000001,15,229.92,80.89999999999999,6,0,76.75806451612904,31,0.0,0.0,3.0,0.34293948126801155
254,2020-02,3.2241379310344827,11.613793103448277,0,0,0.0,0,0.0,0,20,8,91.7,173.7,8,348.87,62.9,8,0,73.16896551724139,29,0.0,0.0,3.0,0.5488151658767773
254,2020-03,7.122580645161291,13.583870967741936,0,0,0.0,0,0.0,0,14,1,27.8,227.8,7,536.8100000000001,38.2,5,0,64.1774193548387,31,0.0,0.0,2.0,0.6125302500672224
254,2020-04,9.633333333333333,14.583333333333334,0,0,0.0,0,0.0,0,7,0,9.0,261.9,5,657.01,55.2,4,0,59.53333333333333,30,0.0,0.0,2.0,0.6662426863393538
254,2020-05,17.835483870967742,11.606451612903227,0,0,0.0,0,0.0,0,0,0,0.0,207.8,10,619.5,93.6,6,1,74.03225806451613,31,0.0,0.0,2.0,0.47726228755167666
254,2020-06,23.06,10.433333333333334,14,1,20.900000000000002,4,5.399999999999999,4,0,0,0.0,181.8,9,583.74,180.3,10,8,77.54333333333334,30,12.0,9.0,5.0,0.41764300482425915
254,2020-07,22.932258064516127,6.664516129032258,7,0,3.8999999999999986,16,26.499999999999993,6,0,0,0.0,66.5,22,363.01,560.5,18,14,87.31612903225808,31,4.0,4.0,6.0,0.1501806684733514
254,2020-08,27.161290322580644,7.912903225806451,26,10,65.5,31,119.5,29,0,0,0.0,137.1,14,481.40999999999997,822.0,14,20,83.6774193548387,31,25.0,20.0,8.0,0.32861936720997126
254,2020-09,20.33,9.479999999999999,1,0,2.3999999999999986,4,5.600000000000001,2,0,0,0.0,139.2,10,417.90999999999997,168.2,11,11,82.37333333333332,30,0.0,1.0,3.0,0.37429416509814467
254,2020-10,13.764516129032257,12.416129032258064,0,0,0.0,0,0.0,0,0,0,0.0,211.9,5,450.82,9.4,3,1,71.90322580645162,31,0.0,0.0,2.0,0.6054285714285714
254,2020-11,8.566666666666666,11.82,0,0,0.0,0,0.0,0,8,0,6.699999999999999,161.6,9,294.73,47.99999999999999,5,0,72.06333333333333,30,0.0,0.0,3.0,0.5219638242894056
254,2020-12,0.2806451612903226,11.109677419354838,0,0,0.0,0,0.0,0,30,13,145.0,156.7,9,287.25,14.5,5,0,71.33225806451613,31,0.0,0.0,3.0,0.5142763373810304
254,2021-01,-0.9096774193548387,11.754838709677419,0,0,0.0,0,0.0,0,26,20,220.1,153.9,10,293.78,43.0,8,0,76.98709677419355,31,0.0,0.0,2.0,0.4921650143907899
254,2021-02,3.382142857142857,12.232142857142858,0,0,0.0,0,0.0,0,20,9,87.6,168.0,10,345.08,45.8,7,0,66.67857142857143,28,0.0,0.0,3.0,0.5493786788750817
254,2021-03,9.306451612903226,13.619354838709677,0,0,0.0,0,0.0,0,5,0,6.3,203.0,5,494.89,115.6,8,0,70.04516129032258,31,0.0,0.0,2.0,0.5464333781965006
254,2021-04,13.66,13.34,0,0,0.0,0,0.0,0,1,0,0.2,228.7,6,608.0,42.5,3,0,58.51,30,0.0,0.0,2.0,0.5820819546958513
254,2021-05,17.16774193548387,12.051612903225806,1,0,0.10000000000000142,0,0.0,0,0,0,0.0,197.4,10,598.1,137.4,9,0,71.5516129032258,31,0.0,1.0,3.0,0.4534803583735355
254,2021-06,22.476666666666667,10.85,8,0,7.799999999999997,3,0.5,0,0,0,0.0,196.3,6,630.03,114.60000000000001,11,6,75.71000000000001,30,3.0,3.0,2.0,0.4510569852941177
254,2021-07,26.57,9.593548387096773,25,15,78.89999999999999,31,69.0,26,0,0,0.0,185.0,7,586.3,231.00000000000003,9,9,79.33,31,23.0,23.0,6.0,0.41770151275683
254,2021-08,25.693548387096776,8.69032258064516,21,5,43.3,28,66.6,22,0,0,0.0,150.4,9,496.12,276.8,12,22,82.81290322580645,31,16.0,13.0,3.0,0.36032582654528034
254,2021-09,22.073333333333334,8.876666666666667,2,0,1.1999999999999993,6,4.899999999999999,0,0,0,0.0,134.2,12,422.61,103.0,11,14,81.4,30,0.0,2.0,3.0,0.360752688172043
254,2021-10,14.974193548387097,12.51290322580645,1,0,0.5,0,0.0,0,1,0,0.4,197.2,7,428.75,40.5,5,7,79.36451612903227,31,0.0,1.0,3.0,0.5632676378177662
254,2021-11,7.373333333333333,12.426666666666668,0,0,0.0,0,0.0,0,5,0,11.5,147.0,9,284.66,69.6,8,0,83.13333333333334,30,0.0,0.0,5.0,0.4743465634075509
254,2021-12,1.5,11.55483870967742,0,0,0.0,0,0.0,0,27,9,117.8,148.8,10,270.08,12.8,3,0,76.36774193548388,31,0.0,0.0,1.0,0.4883491959304233
254,2022-01,-0.6967741935483871,11.399999999999999,0,0,0.0,0,0.0,0,30,18,186.9,172.8,9,321.76,0.7999999999999999,0,0,65.51612903225806,31,0.0,0.0,0.0,0.5526063319475536
254,2022-02,-0.30357142857142855,11.725,0,0,0.0,0,0.0,0,28,17,171.0,189.5,5,396.07,7.699999999999999,2,0,63.596428571428575,28,0.0,0.0,1.0,0.6200916230366492
254,2022-03,7.877419354838709,13.525806451612903,0,0,0.0,0,0.0,0,12,2,33.1,172.2,14,442.3,115.6,8,0,68.70645161290322,31,0.0,0.0,3.0,0.4640258690379951
254,2022-04,13.796666666666669,15.110000000000001,0,0,0.0,0,0.0,0,4,0,3.8000000000000003,236.6,6,619.01,48.8,4,0,63.223333333333336,30,0.0,0.0,2.0,0.6021888521252228
254,2022-05,17.983870967741936,14.674193548387096,1,0,1.1000000000000014,0,0.0,0,0,0,0.0,292.8,4,774.66,0.2,0,0,60.00645161290323,31,0.0,1.0,0.0,0.6732582202805243
254,2022-06,23.279999999999998,9.856666666666666,12,4,22.900000000000002,12,37.5,11,0,0,0.0,162.2,11,566.79,181.2,10,5,75.28666666666666,30,8.0,4.0,2.0,0.3727022058823529
254,2022-07,26.212903225806453,8.72258064516129,22,8,53.0,30,72.4,26,0,0,0.0,157.1,13,546.04,193.4,9,15,81.53225806451613,31,20.0,7.0,2.0,0.354627539503386
254,2022-08,26.009677419354837,7.532258064516129,18,5,38.400000000000006,23,99.5,22,0,0,0.0,117.7,13,460.11,104.8,14,20,83.58709677419354,31,16.0,9.0,6.0,0.28184865900383144
254,2022-09,21.6,10.556666666666667,6,2,9.0,10,16.7,6,0,0,0.0,152.9,12,467.73,72.30000000000001,3,7,77.97666666666667,30,4.0,4.0,2.0,0.41069030351866775
254,2022-10,13.651612903225805,13.183870967741935,1,0,0.1999999999999993,1,2.6000000000000014,1,1,0,0.1,220.7,4,473.0,54.6,3,1,73.8967741935484,31,0.0,1.0,2.0,0.6296718972895863
254,2022-11,8.813333333333333,14.913333333333332,0,0,0.0,0,0.0,0,7,0,10.8,178.5,6,319.75,51.5,5,0,73.55,30,0.0,0.0,2.0,0.5756207674943566
254,2022-12,-1.7516129032258063,11.312903225806451,0,0,0.0,0,0.0,0,31,18,214.5,143.6,9,252.60999999999999,46.2,6,0,73.33870967741936,31,0.0,0.0,3.0,0.47097408986552963
254,2023-01,-0.7580645161290321,11.764516129032257,0,0,0.0,0,0.0,0,29,23,210.5,173.5,6,316.74,29.4,2,0,71.66129032258064,31,0.0,0.0,1.0,0.555911566805511
254,2023-02,2.125,12.75357142857143,0,0,0.0,0,0.0,0,26,10,115.5,173.1,8,367.42,16.7,4,0,65.7,28,0.0,0.0,2.0,0.5669832951195545
254,2023-03,9.312903225806451,15.880645161290323,0,0,0.0,0,0.0,0,13,1,31.0,237.29999999999998,5,533.91,37.2,3,0,55.67741935483871,31,0.0,0.0,2.0,0.639967637540453
254,2023-04,13.173333333333334,13.68,0,0,0.0,0,0.0,0,4,0,2.3000000000000003,180.4,11,512.27,57.4,8,0,65.62333333333333,30,0.0,0.0,3.0,0.45973496432212035
254,2023-05,18.225806451612904,12.112903225806452,2,0,2.0,1,0.6000000000000014,0,0,0,0.0,185.2,13,570.34,195.1,8,1,72.41612903225807,31,0.0,2.0,4.0,0.4259429622815087
254,2023-06,22.64,10.783333333333333,10,2,17.60000000000001,4,6.899999999999999,2,0,0,0.0,195.6,8,613.42,383.7,9,5,75.86333333333333,30,4.0,4.0,6.0,0.4493452791178497
254,2023-07,25.780645161290323,7.812903225806451,19,7,44.999999999999986,30,81.0,24,0,0,0.0,122.1,14,454.9,738.2,17,22,86.76129032258065,31,16.0,7.0,9.0,0.2755585646580907
254,2023-08,26.948387096774194,9.458064516129031,24,16,92.6,30,95.6,27,0,0,0.0,200.0,7,599.42,304.5,14,17,82.1032258064516,31,24.0,13.0,3.0,0.4784688995215311
254,2023-09,22.95,9.620000000000001,11,2,17.799999999999994,12,13.000000000000004,4,0,0,0.0,145.5,12,443.9,123.0,9,16,82.09666666666666,30,9.0,9.0,4.0,0.3903944191038369
254,2023-10,14.206451612903226,12.903225806451612,0,0,0.0,0,0.0,0,0,0,0.0,196.0,5,448.65,9.1,3,0,77.50967741935484,31,0.0,0.0,2.0,0.5590416428978893
254,2023-11,7.66,11.66,0,0,0.0,0,0.0,0,14,0,25.3,151.0,9,301.8,83.3,9,0,75.2,30,0.0,0.0,3.0,0.48444016682707736
254,2023-12,2.7161290322580647,9.635483870967741,0,0,0.0,0,0.0,0,22,8,109.7,111.7,16,224.51,119.69999999999999,9,0,82.1,31,0.0,0.0,3.0,0.36634962282715644
254,2024-01,1.096774193548387,9.51290322580645,0,0,0.0,0,0.0,0,24,13,124.1,138.5,13,284.2,38.9,8,0,73.1774193548387,31,0.0,0.0,2.0,0.4434838296509766
254,2024-02,4.558620689655172,9.917241379310346,0,0,0.0,0,0.0,0,16,4,45.0,109.4,16,263.2,109.5,12,0,75.2103448275862,29,0.0,0.0,5.0,0.3456556082148499
254,2024-03,6.77741935483871,12.461290322580645,0,0,0.0,0,0.0,0,17,3,49.9,189.9,10,470.63,78.3,7,0,62.81290322580645,31,0.0,0.0,3.0,0.5106211347136328
254,2024-04,15.57,13.22,0,0,0.0,0,0.0,0,0,0,0.0,177.9,10,515.2,87.3,8,0,67.08,30,0.0,0.0,3.0,0.45244150559511703
254,2024-05,18.13225806451613,13.39032258064516,1,0,0.10000000000000142,0,0.0,0,0,0,0.0,267.5,5,728.5,116.5,10,0,64.2290322580645,31,0.0,1.0,4.0,0.6143775838309601
254,2024-06,22.886666666666667,11.823333333333332,12,4,32.599999999999994,6,8.000000000000004,5,0,0,0.0,190.4,9,603.0,158.7,4,4,68.04,30,7.0,7.0,2.0,0.43729903536977494
254,2024-07,26.74516129032258,7.129032258064517,21,8,47.600000000000016,31,114.0,25,0,0,0.0,102.5,16,483.26,318.9,19,14,80.31935483870969,31,18.0,12.0,6.0,0.2315337700474362
254,2024-08,28.138709677419353,10.21290322580645,31,23,129.29999999999998,31,122.7,31,0,0,0.0,216.7,3,654.37,117.5,8,9,76.56774193548387,31,31.0,31.0,3.0,0.5194151486097794
254,2024-09,25.466666666666665,10.283333333333333,18,9,65.4,21,63.400000000000006,20,0,0,0.0,191.0,9,513.02,209.1,6,6,76.30333333333333,30,17.0,12.0,2.0,0.5137170521785906
254,2024-10,15.970967741935485,11.070967741935483,0,0,0.0,0,0.0,0,0,0,0.0,145.7,10,366.19,87.5,9,3,78.5741935483871,31,0.0,0.0,2.0,0.41628571428571426
254,2024-11,9.32,11.786666666666667,0,0,0.0,0,0.0,0,6,0,9.5,153.8,9,293.83,65.9,7,0,72.70333333333333,30,0.0,0.0,5.0,0.4967700258397933
254,2024-12,1.506451612903226,9.432258064516128,0,0,0.0,0,0.0,0,30,4,88.2,134.5,10,258.49,11.200000000000001,3,0,70.79677419354839,31,0.0,0.0,1.0,0.44141778798818504
254,2025-01,-0.6741935483870968,10.964516129032257,0,0,0.0,0,0.0,0,31,18,175.4,170.8,7,305.43,36.1,8,0,73.55806451612904,31,0.0,0.0,5.0,0.5462104253277903
254,2025-02,-1.0250000000000001,10.528571428571428,0,0,0.0,0,0.0,0,26,18,175.7,184.7,5,368.57,36.6,6,0,66.48571428571428,28,0.0,0.0,3.0,0.6039895356442119
254,2025-03,7.561290322580645,13.451612903225806,0,0,0.0,0,0.0,0,14,1,31.5,214.2,9,503.24,42.800000000000004,6,0,60.86129032258064,31,0.0,0.0,4.0,0.5765814266487214
254,2025-04,13.15,14.636666666666667,0,0,0.0,0,0.0,0,3,0,4.1,249.6,5,630.05,70.4,6,1,61.25333333333333,30,0.0,0.0,3.0,0.6352761516925427
254,2025-05,16.993548387096773,11.848387096774195,0,0,0.0,0,0.0,0,0,0,0.0,207.7,10,587.22,139.2,8,0,70.81612903225808,31,0.0,0.0,2.0,0.4771422007810705
254,2025-06,23.203333333333333,11.273333333333333,12,4,23.10000000000001,8,14.099999999999998,6,0,0,0.0,224.5,6,635.21,276.9,9,3,71.08333333333333,30,8.0,4.0,4.0,0.5158547794117647
254,2025-07,27.490322580645163,10.73225806451613,26,21,119.3,30,86.6,24,0,0,0.0,243.2,5,666.84,482.1,7,7,71.98064516129033,31,24.0,12.0,5.0,0.5492321589882565
254,2025-08,26.93548387096774,9.606451612903225,25,16,88.1,29,90.1,28,0,0,0.0,188.9,7,572.17,355.8,12,16,80.90645161290323,31,22.0,13.0,5.0,0.4525634882606613
254,2025-09,23.313333333333333,8.886666666666667,9,2,16.8,14,24.6,9,0,0,0.0,125.8,12,401.84,302.1,16,18,83.01666666666667,30,6.0,6.0,4.0,0.33817204301075265
254,2025-10,17.135483870967743,9.658064516129032,0,0,0.0,2,1.1000000000000014,0,0,0,0.0,143.5,13,363.68,135.6,9,8,81.1258064516129,31,0.0,0.0,3.0,0.4098828906026849
254,2025-11,7.926666666666667,12.946666666666665,0,0,0.0,0,0.0,0,6,0,8.7,192.0,6,340.03,36.3,6,0,71.12666666666668,30,0.0,0.0,2.0,0.6197546804389928
254,2025-12,2.306451612903226,11.119354838709677,0,0,0.0,0,0.0,0,27,8,98.7,158.3,8,282.65,32.0,6,0,68.37096774193549,31,0.0,0.0,2.0,0.5195274040039383
254,2026-01,-1.5225806451612902,10.69032258064516,0,0,0.0,0,0.0,0,30,22,209.4,186.1,5,328.40999999999997,5.1,1,0,60.02903225806451,31,0.0,0.0,1.0,0.5951391109689799
254,2026-02,1.792857142857143,13.478571428571428,0,0,0.0,0,0.0,0,27,14,131.2,201.4,4,394.11,20.3,4,0,65.625,28,0.0,0.0,1.0,0.658600392413342
254,2026-03,7.406451612903226,14.329032258064515,0,0,0.0,0,0.0,0,15,1,35.6,233.4,5,547.38,80.0,6,0,61.63548387096775,31,0.0,0.0,2.0,0.628771551724138
254,2026-04,14.066666666666666,13.610000000000001,0,0,0.0,0,0.0,0,1,0,1.5,194.5,10,550.7,114.1,9,0,61.36,30,0.0,0.0,3.0,0.49503690506490206
254,2026-05,18.6,13.570967741935483,5,1,8.500000000000004,0,0.0,0,0,0,0.0,254.5,7,702.69,93.5,7,1,67.02903225806452,31,4.0,4.0,3.0,0.58492300620547
254,2026-06,22.663333333333334,11.563333333333333,12,0,18.700000000000003,7,6.100000000000001,3,0,0,0.0,214.4,7,642.46,67.3,4,3,67.12333333333333,30,10.0,6.0,2.0,0.4925338846772341
254,2026-07,27.080645161290324,8.283870967741937,23,10,66.70000000000002,30,108.5,25,0,0,0.0,163.0,10,557.6,232.6,10,10,77.91612903225807,31,21.0,15.0,3.0,0.3680289004289908
254,2026-08,29.76,11.560000000000002,10,9,63.80000000000002,10,48.2,10,0,0,0.0,93.2,0,236.48000000000002,4.6,2,0,70.39,10,10.0,10.0,1.0,0.6748732802317162
