ym,price_avg,price_median,price_std,price_min,price_max,n_price_obs,tavg,rain_sum,sun_sum,fx_usd,csi,price_avg_garak_seoul,n_obs_garak_seoul,price_avg_jeonbuk,qty_total_jeonbuk,n_obs_jeonbuk,n_markets_jeonbuk,price_avg_iksan,price_avg_jeongeup,price_avg_jeonju,qty_total_iksan,qty_total_jeongeup,qty_total_jeonju,n_obs_iksan,n_obs_jeongeup,n_obs_jeonju,price_avg_origin_buan,price_avg_origin_gimje,price_avg_origin_gochang,price_avg_origin_gunsan,price_avg_origin_iksan,price_avg_origin_imsil,price_avg_origin_jangsu,price_avg_origin_jeongeup,price_avg_origin_jeonju,price_avg_origin_jinan,price_avg_origin_muju,price_avg_origin_namwon,price_avg_origin_sunchang,price_avg_origin_wanju,qty_total_origin_buan,qty_total_origin_gimje,qty_total_origin_gochang,qty_total_origin_gunsan,qty_total_origin_iksan,qty_total_origin_imsil,qty_total_origin_jangsu,qty_total_origin_jeongeup,qty_total_origin_jeonju,qty_total_origin_jinan,qty_total_origin_muju,qty_total_origin_namwon,qty_total_origin_sunchang,qty_total_origin_wanju,n_obs_origin_buan,n_obs_origin_gimje,n_obs_origin_gochang,n_obs_origin_gunsan,n_obs_origin_iksan,n_obs_origin_imsil,n_obs_origin_jangsu,n_obs_origin_jeongeup,n_obs_origin_jeonju,n_obs_origin_jinan,n_obs_origin_muju,n_obs_origin_namwon,n_obs_origin_sunchang,n_obs_origin_wanju,price_avg_origin_cherrytomato_buan,price_avg_origin_cherrytomato_gimje,price_avg_origin_cherrytomato_gochang,price_avg_origin_cherrytomato_gunsan,price_avg_origin_cherrytomato_iksan,price_avg_origin_cherrytomato_imsil,price_avg_origin_cherrytomato_jangsu,price_avg_origin_cherrytomato_jeongeup,price_avg_origin_cherrytomato_jeonju,price_avg_origin_cherrytomato_jinan,price_avg_origin_cherrytomato_muju,price_avg_origin_cherrytomato_namwon,price_avg_origin_cherrytomato_sunchang,price_avg_origin_cherrytomato_wanju,price_avg_origin_cucumber_buan,price_avg_origin_cucumber_gimje,price_avg_origin_cucumber_gochang,price_avg_origin_cucumber_gunsan,price_avg_origin_cucumber_iksan,price_avg_origin_cucumber_imsil,price_avg_origin_cucumber_jangsu,price_avg_origin_cucumber_jeongeup,price_avg_origin_cucumber_jeonju,price_avg_origin_cucumber_jinan,price_avg_origin_cucumber_muju,price_avg_origin_cucumber_namwon,price_avg_origin_cucumber_sunchang,price_avg_origin_cucumber_wanju,price_avg_origin_grape_buan,price_avg_origin_grape_gimje,price_avg_origin_grape_gochang,price_avg_origin_grape_iksan,price_avg_origin_grape_imsil,price_avg_origin_grape_jangsu,price_avg_origin_grape_jeongeup,price_avg_origin_grape_jeonju,price_avg_origin_grape_jinan,price_avg_origin_grape_muju,price_avg_origin_grape_namwon,price_avg_origin_grape_sunchang,price_avg_origin_grape_wanju,price_avg_origin_greenonion_buan,price_avg_origin_greenonion_gimje,price_avg_origin_greenonion_gochang,price_avg_origin_greenonion_gunsan,price_avg_origin_greenonion_iksan,price_avg_origin_greenonion_imsil,price_avg_origin_greenonion_jangsu,price_avg_origin_greenonion_jeongeup,price_avg_origin_greenonion_jeonju,price_avg_origin_greenonion_jinan,price_avg_origin_greenonion_muju,price_avg_origin_greenonion_namwon,price_avg_origin_greenonion_sunchang,price_avg_origin_greenonion_wanju,price_avg_origin_lettuce_buan,price_avg_origin_lettuce_gimje,price_avg_origin_lettuce_gochang,price_avg_origin_lettuce_gunsan,price_avg_origin_lettuce_iksan,price_avg_origin_lettuce_imsil,price_avg_origin_lettuce_jangsu,price_avg_origin_lettuce_jeongeup,price_avg_origin_lettuce_jeonju,price_avg_origin_lettuce_jinan,price_avg_origin_lettuce_muju,price_avg_origin_lettuce_namwon,price_avg_origin_lettuce_sunchang,price_avg_origin_lettuce_wanju,price_avg_origin_melon_buan,price_avg_origin_melon_gimje,price_avg_origin_melon_gochang,price_avg_origin_melon_iksan,price_avg_origin_melon_imsil,price_avg_origin_melon_jangsu,price_avg_origin_melon_jeongeup,price_avg_origin_melon_jeonju,price_avg_origin_melon_jinan,price_avg_origin_melon_namwon,price_avg_origin_melon_sunchang,price_avg_origin_melon_wanju,price_avg_origin_peach_buan,price_avg_origin_peach_gimje,price_avg_origin_peach_gochang,price_avg_origin_peach_iksan,price_avg_origin_peach_imsil,price_avg_origin_peach_jangsu,price_avg_origin_peach_jeongeup,price_avg_origin_peach_jeonju,price_avg_origin_peach_jinan,price_avg_origin_peach_muju,price_avg_origin_peach_namwon,price_avg_origin_peach_sunchang,price_avg_origin_peach_wanju,price_avg_origin_sweetpotato_buan,price_avg_origin_sweetpotato_gimje,price_avg_origin_sweetpotato_gochang,price_avg_origin_sweetpotato_gunsan,price_avg_origin_sweetpotato_iksan,price_avg_origin_sweetpotato_imsil,price_avg_origin_sweetpotato_jangsu,price_avg_origin_sweetpotato_jeongeup,price_avg_origin_sweetpotato_jeonju,price_avg_origin_sweetpotato_jinan,price_avg_origin_sweetpotato_muju,price_avg_origin_sweetpotato_namwon,price_avg_origin_sweetpotato_sunchang,price_avg_origin_sweetpotato_wanju,price_avg_origin_tomato_buan,price_avg_origin_tomato_gimje,price_avg_origin_tomato_gochang,price_avg_origin_tomato_gunsan,price_avg_origin_tomato_iksan,price_avg_origin_tomato_imsil,price_avg_origin_tomato_jangsu,price_avg_origin_tomato_jeongeup,price_avg_origin_tomato_jeonju,price_avg_origin_tomato_jinan,price_avg_origin_tomato_muju,price_avg_origin_tomato_namwon,price_avg_origin_tomato_sunchang,price_avg_origin_tomato_wanju,price_avg_origin_watermelon_buan,price_avg_origin_watermelon_gimje,price_avg_origin_watermelon_gochang,price_avg_origin_watermelon_gunsan,price_avg_origin_watermelon_iksan,price_avg_origin_watermelon_imsil,price_avg_origin_watermelon_jangsu,price_avg_origin_watermelon_jeongeup,price_avg_origin_watermelon_jeonju,price_avg_origin_watermelon_jinan,price_avg_origin_watermelon_muju,price_avg_origin_watermelon_namwon,price_avg_origin_watermelon_sunchang,price_avg_origin_watermelon_wanju,qty_total_origin_cherrytomato_buan,qty_total_origin_cherrytomato_gimje,qty_total_origin_cherrytomato_gochang,qty_total_origin_cherrytomato_gunsan,qty_total_origin_cherrytomato_iksan,qty_total_origin_cherrytomato_imsil,qty_total_origin_cherrytomato_jangsu,qty_total_origin_cherrytomato_jeongeup,qty_total_origin_cherrytomato_jeonju,qty_total_origin_cherrytomato_jinan,qty_total_origin_cherrytomato_muju,qty_total_origin_cherrytomato_namwon,qty_total_origin_cherrytomato_sunchang,qty_total_origin_cherrytomato_wanju,qty_total_origin_cucumber_buan,qty_total_origin_cucumber_gimje,qty_total_origin_cucumber_gochang,qty_total_origin_cucumber_gunsan,qty_total_origin_cucumber_iksan,qty_total_origin_cucumber_imsil,qty_total_origin_cucumber_jangsu,qty_total_origin_cucumber_jeongeup,qty_total_origin_cucumber_jeonju,qty_total_origin_cucumber_jinan,qty_total_origin_cucumber_muju,qty_total_origin_cucumber_namwon,qty_total_origin_cucumber_sunchang,qty_total_origin_cucumber_wanju,qty_total_origin_grape_buan,qty_total_origin_grape_gimje,qty_total_origin_grape_gochang,qty_total_origin_grape_iksan,qty_total_origin_grape_imsil,qty_total_origin_grape_jangsu,qty_total_origin_grape_jeongeup,qty_total_origin_grape_jeonju,qty_total_origin_grape_jinan,qty_total_origin_grape_muju,qty_total_origin_grape_namwon,qty_total_origin_grape_sunchang,qty_total_origin_grape_wanju,qty_total_origin_greenonion_buan,qty_total_origin_greenonion_gimje,qty_total_origin_greenonion_gochang,qty_total_origin_greenonion_gunsan,qty_total_origin_greenonion_iksan,qty_total_origin_greenonion_imsil,qty_total_origin_greenonion_jangsu,qty_total_origin_greenonion_jeongeup,qty_total_origin_greenonion_jeonju,qty_total_origin_greenonion_jinan,qty_total_origin_greenonion_muju,qty_total_origin_greenonion_namwon,qty_total_origin_greenonion_sunchang,qty_total_origin_greenonion_wanju,qty_total_origin_lettuce_buan,qty_total_origin_lettuce_gimje,qty_total_origin_lettuce_gochang,qty_total_origin_lettuce_gunsan,qty_total_origin_lettuce_iksan,qty_total_origin_lettuce_imsil,qty_total_origin_lettuce_jangsu,qty_total_origin_lettuce_jeongeup,qty_total_origin_lettuce_jeonju,qty_total_origin_lettuce_jinan,qty_total_origin_lettuce_muju,qty_total_origin_lettuce_namwon,qty_total_origin_lettuce_sunchang,qty_total_origin_lettuce_wanju,qty_total_origin_melon_buan,qty_total_origin_melon_gimje,qty_total_origin_melon_gochang,qty_total_origin_melon_iksan,qty_total_origin_melon_imsil,qty_total_origin_melon_jangsu,qty_total_origin_melon_jeongeup,qty_total_origin_melon_jeonju,qty_total_origin_melon_jinan,qty_total_origin_melon_namwon,qty_total_origin_melon_sunchang,qty_total_origin_melon_wanju,qty_total_origin_peach_buan,qty_total_origin_peach_gimje,qty_total_origin_peach_gochang,qty_total_origin_peach_iksan,qty_total_origin_peach_imsil,qty_total_origin_peach_jangsu,qty_total_origin_peach_jeongeup,qty_total_origin_peach_jeonju,qty_total_origin_peach_jinan,qty_total_origin_peach_muju,qty_total_origin_peach_namwon,qty_total_origin_peach_sunchang,qty_total_origin_peach_wanju,qty_total_origin_sweetpotato_buan,qty_total_origin_sweetpotato_gimje,qty_total_origin_sweetpotato_gochang,qty_total_origin_sweetpotato_gunsan,qty_total_origin_sweetpotato_iksan,qty_total_origin_sweetpotato_imsil,qty_total_origin_sweetpotato_jangsu,qty_total_origin_sweetpotato_jeongeup,qty_total_origin_sweetpotato_jeonju,qty_total_origin_sweetpotato_jinan,qty_total_origin_sweetpotato_muju,qty_total_origin_sweetpotato_namwon,qty_total_origin_sweetpotato_sunchang,qty_total_origin_sweetpotato_wanju,qty_total_origin_tomato_buan,qty_total_origin_tomato_gimje,qty_total_origin_tomato_gochang,qty_total_origin_tomato_gunsan,qty_total_origin_tomato_iksan,qty_total_origin_tomato_imsil,qty_total_origin_tomato_jangsu,qty_total_origin_tomato_jeongeup,qty_total_origin_tomato_jeonju,qty_total_origin_tomato_jinan,qty_total_origin_tomato_muju,qty_total_origin_tomato_namwon,qty_total_origin_tomato_sunchang,qty_total_origin_tomato_wanju,qty_total_origin_watermelon_buan,qty_total_origin_watermelon_gimje,qty_total_origin_watermelon_gochang,qty_total_origin_watermelon_gunsan,qty_total_origin_watermelon_iksan,qty_total_origin_watermelon_imsil,qty_total_origin_watermelon_jangsu,qty_total_origin_watermelon_jeongeup,qty_total_origin_watermelon_jeonju,qty_total_origin_watermelon_jinan,qty_total_origin_watermelon_muju,qty_total_origin_watermelon_namwon,qty_total_origin_watermelon_sunchang,qty_total_origin_watermelon_wanju,n_obs_origin_cherrytomato_buan,n_obs_origin_cherrytomato_gimje,n_obs_origin_cherrytomato_gochang,n_obs_origin_cherrytomato_gunsan,n_obs_origin_cherrytomato_iksan,n_obs_origin_cherrytomato_imsil,n_obs_origin_cherrytomato_jangsu,n_obs_origin_cherrytomato_jeongeup,n_obs_origin_cherrytomato_jeonju,n_obs_origin_cherrytomato_jinan,n_obs_origin_cherrytomato_muju,n_obs_origin_cherrytomato_namwon,n_obs_origin_cherrytomato_sunchang,n_obs_origin_cherrytomato_wanju,n_obs_origin_cucumber_buan,n_obs_origin_cucumber_gimje,n_obs_origin_cucumber_gochang,n_obs_origin_cucumber_gunsan,n_obs_origin_cucumber_iksan,n_obs_origin_cucumber_imsil,n_obs_origin_cucumber_jangsu,n_obs_origin_cucumber_jeongeup,n_obs_origin_cucumber_jeonju,n_obs_origin_cucumber_jinan,n_obs_origin_cucumber_muju,n_obs_origin_cucumber_namwon,n_obs_origin_cucumber_sunchang,n_obs_origin_cucumber_wanju,n_obs_origin_grape_buan,n_obs_origin_grape_gimje,n_obs_origin_grape_gochang,n_obs_origin_grape_iksan,n_obs_origin_grape_imsil,n_obs_origin_grape_jangsu,n_obs_origin_grape_jeongeup,n_obs_origin_grape_jeonju,n_obs_origin_grape_jinan,n_obs_origin_grape_muju,n_obs_origin_grape_namwon,n_obs_origin_grape_sunchang,n_obs_origin_grape_wanju,n_obs_origin_greenonion_buan,n_obs_origin_greenonion_gimje,n_obs_origin_greenonion_gochang,n_obs_origin_greenonion_gunsan,n_obs_origin_greenonion_iksan,n_obs_origin_greenonion_imsil,n_obs_origin_greenonion_jangsu,n_obs_origin_greenonion_jeongeup,n_obs_origin_greenonion_jeonju,n_obs_origin_greenonion_jinan,n_obs_origin_greenonion_muju,n_obs_origin_greenonion_namwon,n_obs_origin_greenonion_sunchang,n_obs_origin_greenonion_wanju,n_obs_origin_lettuce_buan,n_obs_origin_lettuce_gimje,n_obs_origin_lettuce_gochang,n_obs_origin_lettuce_gunsan,n_obs_origin_lettuce_iksan,n_obs_origin_lettuce_imsil,n_obs_origin_lettuce_jangsu,n_obs_origin_lettuce_jeongeup,n_obs_origin_lettuce_jeonju,n_obs_origin_lettuce_jinan,n_obs_origin_lettuce_muju,n_obs_origin_lettuce_namwon,n_obs_origin_lettuce_sunchang,n_obs_origin_lettuce_wanju,n_obs_origin_melon_buan,n_obs_origin_melon_gimje,n_obs_origin_melon_gochang,n_obs_origin_melon_iksan,n_obs_origin_melon_imsil,n_obs_origin_melon_jangsu,n_obs_origin_melon_jeongeup,n_obs_origin_melon_jeonju,n_obs_origin_melon_jinan,n_obs_origin_melon_namwon,n_obs_origin_melon_sunchang,n_obs_origin_melon_wanju,n_obs_origin_peach_buan,n_obs_origin_peach_gimje,n_obs_origin_peach_gochang,n_obs_origin_peach_iksan,n_obs_origin_peach_imsil,n_obs_origin_peach_jangsu,n_obs_origin_peach_jeongeup,n_obs_origin_peach_jeonju,n_obs_origin_peach_jinan,n_obs_origin_peach_muju,n_obs_origin_peach_namwon,n_obs_origin_peach_sunchang,n_obs_origin_peach_wanju,n_obs_origin_sweetpotato_buan,n_obs_origin_sweetpotato_gimje,n_obs_origin_sweetpotato_gochang,n_obs_origin_sweetpotato_gunsan,n_obs_origin_sweetpotato_iksan,n_obs_origin_sweetpotato_imsil,n_obs_origin_sweetpotato_jangsu,n_obs_origin_sweetpotato_jeongeup,n_obs_origin_sweetpotato_jeonju,n_obs_origin_sweetpotato_jinan,n_obs_origin_sweetpotato_muju,n_obs_origin_sweetpotato_namwon,n_obs_origin_sweetpotato_sunchang,n_obs_origin_sweetpotato_wanju,n_obs_origin_tomato_buan,n_obs_origin_tomato_gimje,n_obs_origin_tomato_gochang,n_obs_origin_tomato_gunsan,n_obs_origin_tomato_iksan,n_obs_origin_tomato_imsil,n_obs_origin_tomato_jangsu,n_obs_origin_tomato_jeongeup,n_obs_origin_tomato_jeonju,n_obs_origin_tomato_jinan,n_obs_origin_tomato_muju,n_obs_origin_tomato_namwon,n_obs_origin_tomato_sunchang,n_obs_origin_tomato_wanju,n_obs_origin_watermelon_buan,n_obs_origin_watermelon_gimje,n_obs_origin_watermelon_gochang,n_obs_origin_watermelon_gunsan,n_obs_origin_watermelon_iksan,n_obs_origin_watermelon_imsil,n_obs_origin_watermelon_jangsu,n_obs_origin_watermelon_jeongeup,n_obs_origin_watermelon_jeonju,n_obs_origin_watermelon_jinan,n_obs_origin_watermelon_muju,n_obs_origin_watermelon_namwon,n_obs_origin_watermelon_sunchang,n_obs_origin_watermelon_wanju,price_avg_gpj_cherrytomato_buan,price_avg_gpj_cherrytomato_gimje,price_avg_gpj_cherrytomato_gunsan,price_avg_gpj_cherrytomato_iksan,price_avg_gpj_cherrytomato_imsil,price_avg_gpj_cherrytomato_jangsu,price_avg_gpj_cherrytomato_jeongeup,price_avg_gpj_cherrytomato_jeonju,price_avg_gpj_cherrytomato_jinan,price_avg_gpj_cherrytomato_namwon,price_avg_gpj_cherrytomato_sunchang,price_avg_gpj_cherrytomato_wanju,price_avg_gpj_cucumber_buan,price_avg_gpj_cucumber_gimje,price_avg_gpj_cucumber_gunsan,price_avg_gpj_cucumber_iksan,price_avg_gpj_cucumber_imsil,price_avg_gpj_cucumber_jangsu,price_avg_gpj_cucumber_jeongeup,price_avg_gpj_cucumber_jeonju,price_avg_gpj_cucumber_jinan,price_avg_gpj_cucumber_namwon,price_avg_gpj_cucumber_wanju,price_avg_gpj_grape_buan,price_avg_gpj_grape_gimje,price_avg_gpj_grape_gochang,price_avg_gpj_grape_gunsan,price_avg_gpj_grape_iksan,price_avg_gpj_grape_jangsu,price_avg_gpj_grape_jeonju,price_avg_gpj_grape_jinan,price_avg_gpj_grape_muju,price_avg_gpj_grape_namwon,price_avg_gpj_grape_wanju,price_avg_gpj_greenonion_buan,price_avg_gpj_greenonion_gimje,price_avg_gpj_greenonion_gunsan,price_avg_gpj_greenonion_iksan,price_avg_gpj_greenonion_imsil,price_avg_gpj_greenonion_jangsu,price_avg_gpj_greenonion_jeongeup,price_avg_gpj_greenonion_jeonju,price_avg_gpj_greenonion_namwon,price_avg_gpj_greenonion_wanju,price_avg_gpj_lettuce_buan,price_avg_gpj_lettuce_gimje,price_avg_gpj_lettuce_gunsan,price_avg_gpj_lettuce_iksan,price_avg_gpj_lettuce_imsil,price_avg_gpj_lettuce_jangsu,price_avg_gpj_lettuce_jeongeup,price_avg_gpj_lettuce_jeonju,price_avg_gpj_lettuce_namwon,price_avg_gpj_lettuce_sunchang,price_avg_gpj_lettuce_wanju,price_avg_gpj_peach_gimje,price_avg_gpj_peach_gochang,price_avg_gpj_peach_gunsan,price_avg_gpj_peach_iksan,price_avg_gpj_peach_imsil,price_avg_gpj_peach_jeongeup,price_avg_gpj_peach_jeonju,price_avg_gpj_peach_muju,price_avg_gpj_peach_namwon,price_avg_gpj_peach_wanju,price_avg_gpj_sweetpotato_buan,price_avg_gpj_sweetpotato_gimje,price_avg_gpj_sweetpotato_gochang,price_avg_gpj_sweetpotato_gunsan,price_avg_gpj_sweetpotato_iksan,price_avg_gpj_sweetpotato_imsil,price_avg_gpj_sweetpotato_jangsu,price_avg_gpj_sweetpotato_jeongeup,price_avg_gpj_sweetpotato_jeonju,price_avg_gpj_sweetpotato_jinan,price_avg_gpj_sweetpotato_namwon,price_avg_gpj_sweetpotato_wanju,price_avg_gpj_tomato_gimje,price_avg_gpj_tomato_gunsan,price_avg_gpj_tomato_iksan,price_avg_gpj_tomato_imsil,price_avg_gpj_tomato_jangsu,price_avg_gpj_tomato_jeongeup,price_avg_gpj_tomato_jeonju,price_avg_gpj_tomato_jinan,price_avg_gpj_tomato_namwon,price_avg_gpj_tomato_wanju,price_avg_gpj_watermelon_buan,price_avg_gpj_watermelon_gimje,price_avg_gpj_watermelon_gochang,price_avg_gpj_watermelon_gunsan,price_avg_gpj_watermelon_iksan,price_avg_gpj_watermelon_jangsu,price_avg_gpj_watermelon_jeongeup,price_avg_gpj_watermelon_jeonju,price_avg_gpj_watermelon_jinan,price_avg_gpj_watermelon_namwon,price_avg_gpj_watermelon_sunchang,price_avg_gpj_watermelon_wanju,qty_total_gpj_cherrytomato_buan,qty_total_gpj_cherrytomato_gimje,qty_total_gpj_cherrytomato_gunsan,qty_total_gpj_cherrytomato_iksan,qty_total_gpj_cherrytomato_imsil,qty_total_gpj_cherrytomato_jangsu,qty_total_gpj_cherrytomato_jeongeup,qty_total_gpj_cherrytomato_jeonju,qty_total_gpj_cherrytomato_jinan,qty_total_gpj_cherrytomato_namwon,qty_total_gpj_cherrytomato_sunchang,qty_total_gpj_cherrytomato_wanju,qty_total_gpj_cucumber_buan,qty_total_gpj_cucumber_gimje,qty_total_gpj_cucumber_gunsan,qty_total_gpj_cucumber_iksan,qty_total_gpj_cucumber_imsil,qty_total_gpj_cucumber_jangsu,qty_total_gpj_cucumber_jeongeup,qty_total_gpj_cucumber_jeonju,qty_total_gpj_cucumber_jinan,qty_total_gpj_cucumber_namwon,qty_total_gpj_cucumber_wanju,qty_total_gpj_grape_buan,qty_total_gpj_grape_gimje,qty_total_gpj_grape_gochang,qty_total_gpj_grape_gunsan,qty_total_gpj_grape_iksan,qty_total_gpj_grape_jangsu,qty_total_gpj_grape_jeonju,qty_total_gpj_grape_jinan,qty_total_gpj_grape_muju,qty_total_gpj_grape_namwon,qty_total_gpj_grape_wanju,qty_total_gpj_greenonion_buan,qty_total_gpj_greenonion_gimje,qty_total_gpj_greenonion_gunsan,qty_total_gpj_greenonion_iksan,qty_total_gpj_greenonion_imsil,qty_total_gpj_greenonion_jangsu,qty_total_gpj_greenonion_jeongeup,qty_total_gpj_greenonion_jeonju,qty_total_gpj_greenonion_namwon,qty_total_gpj_greenonion_wanju,qty_total_gpj_lettuce_buan,qty_total_gpj_lettuce_gimje,qty_total_gpj_lettuce_gunsan,qty_total_gpj_lettuce_iksan,qty_total_gpj_lettuce_imsil,qty_total_gpj_lettuce_jangsu,qty_total_gpj_lettuce_jeongeup,qty_total_gpj_lettuce_jeonju,qty_total_gpj_lettuce_namwon,qty_total_gpj_lettuce_sunchang,qty_total_gpj_lettuce_wanju,qty_total_gpj_peach_gimje,qty_total_gpj_peach_gochang,qty_total_gpj_peach_gunsan,qty_total_gpj_peach_iksan,qty_total_gpj_peach_imsil,qty_total_gpj_peach_jeongeup,qty_total_gpj_peach_jeonju,qty_total_gpj_peach_muju,qty_total_gpj_peach_namwon,qty_total_gpj_peach_wanju,qty_total_gpj_sweetpotato_buan,qty_total_gpj_sweetpotato_gimje,qty_total_gpj_sweetpotato_gochang,qty_total_gpj_sweetpotato_gunsan,qty_total_gpj_sweetpotato_iksan,qty_total_gpj_sweetpotato_imsil,qty_total_gpj_sweetpotato_jangsu,qty_total_gpj_sweetpotato_jeongeup,qty_total_gpj_sweetpotato_jeonju,qty_total_gpj_sweetpotato_jinan,qty_total_gpj_sweetpotato_namwon,qty_total_gpj_sweetpotato_wanju,qty_total_gpj_tomato_gimje,qty_total_gpj_tomato_gunsan,qty_total_gpj_tomato_iksan,qty_total_gpj_tomato_imsil,qty_total_gpj_tomato_jangsu,qty_total_gpj_tomato_jeongeup,qty_total_gpj_tomato_jeonju,qty_total_gpj_tomato_jinan,qty_total_gpj_tomato_namwon,qty_total_gpj_tomato_wanju,qty_total_gpj_watermelon_buan,qty_total_gpj_watermelon_gimje,qty_total_gpj_watermelon_gochang,qty_total_gpj_watermelon_gunsan,qty_total_gpj_watermelon_iksan,qty_total_gpj_watermelon_jangsu,qty_total_gpj_watermelon_jeongeup,qty_total_gpj_watermelon_jeonju,qty_total_gpj_watermelon_jinan,qty_total_gpj_watermelon_namwon,qty_total_gpj_watermelon_sunchang,qty_total_gpj_watermelon_wanju,n_obs_gpj_cherrytomato_buan,n_obs_gpj_cherrytomato_gimje,n_obs_gpj_cherrytomato_gunsan,n_obs_gpj_cherrytomato_iksan,n_obs_gpj_cherrytomato_imsil,n_obs_gpj_cherrytomato_jangsu,n_obs_gpj_cherrytomato_jeongeup,n_obs_gpj_cherrytomato_jeonju,n_obs_gpj_cherrytomato_jinan,n_obs_gpj_cherrytomato_namwon,n_obs_gpj_cherrytomato_sunchang,n_obs_gpj_cherrytomato_wanju,n_obs_gpj_cucumber_buan,n_obs_gpj_cucumber_gimje,n_obs_gpj_cucumber_gunsan,n_obs_gpj_cucumber_iksan,n_obs_gpj_cucumber_imsil,n_obs_gpj_cucumber_jangsu,n_obs_gpj_cucumber_jeongeup,n_obs_gpj_cucumber_jeonju,n_obs_gpj_cucumber_jinan,n_obs_gpj_cucumber_namwon,n_obs_gpj_cucumber_wanju,n_obs_gpj_grape_buan,n_obs_gpj_grape_gimje,n_obs_gpj_grape_gochang,n_obs_gpj_grape_gunsan,n_obs_gpj_grape_iksan,n_obs_gpj_grape_jangsu,n_obs_gpj_grape_jeonju,n_obs_gpj_grape_jinan,n_obs_gpj_grape_muju,n_obs_gpj_grape_namwon,n_obs_gpj_grape_wanju,n_obs_gpj_greenonion_buan,n_obs_gpj_greenonion_gimje,n_obs_gpj_greenonion_gunsan,n_obs_gpj_greenonion_iksan,n_obs_gpj_greenonion_imsil,n_obs_gpj_greenonion_jangsu,n_obs_gpj_greenonion_jeongeup,n_obs_gpj_greenonion_jeonju,n_obs_gpj_greenonion_namwon,n_obs_gpj_greenonion_wanju,n_obs_gpj_lettuce_buan,n_obs_gpj_lettuce_gimje,n_obs_gpj_lettuce_gunsan,n_obs_gpj_lettuce_iksan,n_obs_gpj_lettuce_imsil,n_obs_gpj_lettuce_jangsu,n_obs_gpj_lettuce_jeongeup,n_obs_gpj_lettuce_jeonju,n_obs_gpj_lettuce_namwon,n_obs_gpj_lettuce_sunchang,n_obs_gpj_lettuce_wanju,n_obs_gpj_peach_gimje,n_obs_gpj_peach_gochang,n_obs_gpj_peach_gunsan,n_obs_gpj_peach_iksan,n_obs_gpj_peach_imsil,n_obs_gpj_peach_jeongeup,n_obs_gpj_peach_jeonju,n_obs_gpj_peach_muju,n_obs_gpj_peach_namwon,n_obs_gpj_peach_wanju,n_obs_gpj_sweetpotato_buan,n_obs_gpj_sweetpotato_gimje,n_obs_gpj_sweetpotato_gochang,n_obs_gpj_sweetpotato_gunsan,n_obs_gpj_sweetpotato_iksan,n_obs_gpj_sweetpotato_imsil,n_obs_gpj_sweetpotato_jangsu,n_obs_gpj_sweetpotato_jeongeup,n_obs_gpj_sweetpotato_jeonju,n_obs_gpj_sweetpotato_jinan,n_obs_gpj_sweetpotato_namwon,n_obs_gpj_sweetpotato_wanju,n_obs_gpj_tomato_gimje,n_obs_gpj_tomato_gunsan,n_obs_gpj_tomato_iksan,n_obs_gpj_tomato_imsil,n_obs_gpj_tomato_jangsu,n_obs_gpj_tomato_jeongeup,n_obs_gpj_tomato_jeonju,n_obs_gpj_tomato_jinan,n_obs_gpj_tomato_namwon,n_obs_gpj_tomato_wanju,n_obs_gpj_watermelon_buan,n_obs_gpj_watermelon_gimje,n_obs_gpj_watermelon_gochang,n_obs_gpj_watermelon_gunsan,n_obs_gpj_watermelon_iksan,n_obs_gpj_watermelon_jangsu,n_obs_gpj_watermelon_jeongeup,n_obs_gpj_watermelon_jeonju,n_obs_gpj_watermelon_jinan,n_obs_gpj_watermelon_namwon,n_obs_gpj_watermelon_sunchang,n_obs_gpj_watermelon_wanju,year,area_ha,price_source
2015-01,,,,,,,0.36693548387096775,42.8625,311.7375,1088.8619047619047,103.0,,,,,,,,,,,,,,,,,,,,,,,,,,,,,,,,,,,,,,,,,,,,,,,,,,,,,,,,,,,,,,,,,,,,,,,,,,,,,,,,,,,,,,,,,,,,,,,,,,,,,,,,,,,,,,,,,,,,,,,,,,,,,,,,,,,,,,,,,,,,,,,,,,,,,,,,,,,,,,,,,,,,,,,,,,,,,,,,,,,,,,,,,,,,,,,,,,,,,,,,,,,,,,,,,,,,,,,,,,,,,,,,,,,,,,,,,,,,,,,,,,,,,,,,,,,,,,,,,,,,,,,,,,,,,,,,,,,,,,,,,,,,,,,,,,,,,,,,,,,,,,,,,,,,,,,,,,,,,,,,,,,,,,,,,,,,,,,,,,,,,,,,,,,,,,,,,,,,,,,,,,,,,,,,,,,,,,,,,,,,,,,,,,,,,,,,,,,,,,,,,,,,,,,,,,,,,,,,,,,,,,,,,,,,,,,,,,,,,,,,,,,,,,,,,,,,,,,,,,,,,,,,,,,,,,,,,,,,,,,,,,,,,,,,,,,,,,,,,,,,,,,,,,,,,,,,,,,,,,,,,,,,,,,,,,,,,,,,,,,,,,,,,,,,,,,,,,,,,,,,,,,,,,,,,,,,,,,,,,,,,,,,,,,,,,,,,,,,,,,,,,,,,,,,,,,,,,,,,,,,,,,,,,,,,,,,,,,,,,,,,,,,,,,,,,,,,,,,,,,,,,,,,,,,,,,,,,,,,,,,,,,,,,,,,,,,,,,,,,,,,,,,,,,,,,,,,,,,,,,,,,,,,,,,,,,,,,,,,,,,,,,,,,,,,,,,,,,,,,,,,,,2015,442.0,kamis
2015-02,,,,,,,1.860267857142857,16.9875,304.95,1098.3999999999999,103.7,,,,,,,,,,,,,,,,,,,,,,,,,,,,,,,,,,,,,,,,,,,,,,,,,,,,,,,,,,,,,,,,,,,,,,,,,,,,,,,,,,,,,,,,,,,,,,,,,,,,,,,,,,,,,,,,,,,,,,,,,,,,,,,,,,,,,,,,,,,,,,,,,,,,,,,,,,,,,,,,,,,,,,,,,,,,,,,,,,,,,,,,,,,,,,,,,,,,,,,,,,,,,,,,,,,,,,,,,,,,,,,,,,,,,,,,,,,,,,,,,,,,,,,,,,,,,,,,,,,,,,,,,,,,,,,,,,,,,,,,,,,,,,,,,,,,,,,,,,,,,,,,,,,,,,,,,,,,,,,,,,,,,,,,,,,,,,,,,,,,,,,,,,,,,,,,,,,,,,,,,,,,,,,,,,,,,,,,,,,,,,,,,,,,,,,,,,,,,,,,,,,,,,,,,,,,,,,,,,,,,,,,,,,,,,,,,,,,,,,,,,,,,,,,,,,,,,,,,,,,,,,,,,,,,,,,,,,,,,,,,,,,,,,,,,,,,,,,,,,,,,,,,,,,,,,,,,,,,,,,,,,,,,,,,,,,,,,,,,,,,,,,,,,,,,,,,,,,,,,,,,,,,,,,,,,,,,,,,,,,,,,,,,,,,,,,,,,,,,,,,,,,,,,,,,,,,,,,,,,,,,,,,,,,,,,,,,,,,,,,,,,,,,,,,,,,,,,,,,,,,,,,,,,,,,,,,,,,,,,,,,,,,,,,,,,,,,,,,,,,,,,,,,,,,,,,,,,,,,,,,,,,,,,,,,,,,,,,,,,,,,,,,,,,,,,,,,,,,,,,,,,2015,442.0,kamis
2015-03,,,,,,,6.140322580645161,35.7125,370.75,1112.5681818181818,101.8,,,,,,,,,,,,,,,,,,,,,,,,,,,,,,,,,,,,,,,,,,,,,,,,,,,,,,,,,,,,,,,,,,,,,,,,,,,,,,,,,,,,,,,,,,,,,,,,,,,,,,,,,,,,,,,,,,,,,,,,,,,,,,,,,,,,,,,,,,,,,,,,,,,,,,,,,,,,,,,,,,,,,,,,,,,,,,,,,,,,,,,,,,,,,,,,,,,,,,,,,,,,,,,,,,,,,,,,,,,,,,,,,,,,,,,,,,,,,,,,,,,,,,,,,,,,,,,,,,,,,,,,,,,,,,,,,,,,,,,,,,,,,,,,,,,,,,,,,,,,,,,,,,,,,,,,,,,,,,,,,,,,,,,,,,,,,,,,,,,,,,,,,,,,,,,,,,,,,,,,,,,,,,,,,,,,,,,,,,,,,,,,,,,,,,,,,,,,,,,,,,,,,,,,,,,,,,,,,,,,,,,,,,,,,,,,,,,,,,,,,,,,,,,,,,,,,,,,,,,,,,,,,,,,,,,,,,,,,,,,,,,,,,,,,,,,,,,,,,,,,,,,,,,,,,,,,,,,,,,,,,,,,,,,,,,,,,,,,,,,,,,,,,,,,,,,,,,,,,,,,,,,,,,,,,,,,,,,,,,,,,,,,,,,,,,,,,,,,,,,,,,,,,,,,,,,,,,,,,,,,,,,,,,,,,,,,,,,,,,,,,,,,,,,,,,,,,,,,,,,,,,,,,,,,,,,,,,,,,,,,,,,,,,,,,,,,,,,,,,,,,,,,,,,,,,,,,,,,,,,,,,,,,,,,,,,,,,,,,,,,,,,,,,,,,,,,,,,,,,,,,,2015,442.0,kamis
2015-04,,,,,,,12.826666666666666,108.975,392.7375,1088.6636363636362,104.7,,,,,,,,,,,,,,,,,,,,,,,,,,,,,,,,,,,,,,,,,,,,,,,,,,,,,,,,,,,,,,,,,,,,,,,,,,,,,,,,,,,,,,,,,,,,,,,,,,,,,,,,,,,,,,,,,,,,,,,,,,,,,,,,,,,,,,,,,,,,,,,,,,,,,,,,,,,,,,,,,,,,,,,,,,,,,,,,,,,,,,,,,,,,,,,,,,,,,,,,,,,,,,,,,,,,,,,,,,,,,,,,,,,,,,,,,,,,,,,,,,,,,,,,,,,,,,,,,,,,,,,,,,,,,,,,,,,,,,,,,,,,,,,,,,,,,,,,,,,,,,,,,,,,,,,,,,,,,,,,,,,,,,,,,,,,,,,,,,,,,,,,,,,,,,,,,,,,,,,,,,,,,,,,,,,,,,,,,,,,,,,,,,,,,,,,,,,,,,,,,,,,,,,,,,,,,,,,,,,,,,,,,,,,,,,,,,,,,,,,,,,,,,,,,,,,,,,,,,,,,,,,,,,,,,,,,,,,,,,,,,,,,,,,,,,,,,,,,,,,,,,,,,,,,,,,,,,,,,,,,,,,,,,,,,,,,,,,,,,,,,,,,,,,,,,,,,,,,,,,,,,,,,,,,,,,,,,,,,,,,,,,,,,,,,,,,,,,,,,,,,,,,,,,,,,,,,,,,,,,,,,,,,,,,,,,,,,,,,,,,,,,,,,,,,,,,,,,,,,,,,,,,,,,,,,,,,,,,,,,,,,,,,,,,,,,,,,,,,,,,,,,,,,,,,,,,,,,,,,,,,,,,,,,,,,,,,,,,,,,,,,,,,,,,,,,,,,,,,,,,,,2015,442.0,kamis
2015-05,,,,,,,18.036290322580644,39.6,435.3875,1091.2722222222224,106.1,,,,,,,,,,,,,,,,,,,,,,,,,,,,,,,,,,,,,,,,,,,,,,,,,,,,,,,,,,,,,,,,,,,,,,,,,,,,,,,,,,,,,,,,,,,,,,,,,,,,,,,,,,,,,,,,,,,,,,,,,,,,,,,,,,,,,,,,,,,,,,,,,,,,,,,,,,,,,,,,,,,,,,,,,,,,,,,,,,,,,,,,,,,,,,,,,,,,,,,,,,,,,,,,,,,,,,,,,,,,,,,,,,,,,,,,,,,,,,,,,,,,,,,,,,,,,,,,,,,,,,,,,,,,,,,,,,,,,,,,,,,,,,,,,,,,,,,,,,,,,,,,,,,,,,,,,,,,,,,,,,,,,,,,,,,,,,,,,,,,,,,,,,,,,,,,,,,,,,,,,,,,,,,,,,,,,,,,,,,,,,,,,,,,,,,,,,,,,,,,,,,,,,,,,,,,,,,,,,,,,,,,,,,,,,,,,,,,,,,,,,,,,,,,,,,,,,,,,,,,,,,,,,,,,,,,,,,,,,,,,,,,,,,,,,,,,,,,,,,,,,,,,,,,,,,,,,,,,,,,,,,,,,,,,,,,,,,,,,,,,,,,,,,,,,,,,,,,,,,,,,,,,,,,,,,,,,,,,,,,,,,,,,,,,,,,,,,,,,,,,,,,,,,,,,,,,,,,,,,,,,,,,,,,,,,,,,,,,,,,,,,,,,,,,,,,,,,,,,,,,,,,,,,,,,,,,,,,,,,,,,,,,,,,,,,,,,,,,,,,,,,,,,,,,,,,,,,,,,,,,,,,,,,,,,,,,,,,,,,,,,,,,,,,,,,,,,,,,,,,,,,2015,442.0,kamis
2015-06,,,,,,,21.84875,119.7375,436.2125,1112.1954545454546,98.6,,,,,,,,,,,,,,,,,,,,,,,,,,,,,,,,,,,,,,,,,,,,,,,,,,,,,,,,,,,,,,,,,,,,,,,,,,,,,,,,,,,,,,,,,,,,,,,,,,,,,,,,,,,,,,,,,,,,,,,,,,,,,,,,,,,,,,,,,,,,,,,,,,,,,,,,,,,,,,,,,,,,,,,,,,,,,,,,,,,,,,,,,,,,,,,,,,,,,,,,,,,,,,,,,,,,,,,,,,,,,,,,,,,,,,,,,,,,,,,,,,,,,,,,,,,,,,,,,,,,,,,,,,,,,,,,,,,,,,,,,,,,,,,,,,,,,,,,,,,,,,,,,,,,,,,,,,,,,,,,,,,,,,,,,,,,,,,,,,,,,,,,,,,,,,,,,,,,,,,,,,,,,,,,,,,,,,,,,,,,,,,,,,,,,,,,,,,,,,,,,,,,,,,,,,,,,,,,,,,,,,,,,,,,,,,,,,,,,,,,,,,,,,,,,,,,,,,,,,,,,,,,,,,,,,,,,,,,,,,,,,,,,,,,,,,,,,,,,,,,,,,,,,,,,,,,,,,,,,,,,,,,,,,,,,,,,,,,,,,,,,,,,,,,,,,,,,,,,,,,,,,,,,,,,,,,,,,,,,,,,,,,,,,,,,,,,,,,,,,,,,,,,,,,,,,,,,,,,,,,,,,,,,,,,,,,,,,,,,,,,,,,,,,,,,,,,,,,,,,,,,,,,,,,,,,,,,,,,,,,,,,,,,,,,,,,,,,,,,,,,,,,,,,,,,,,,,,,,,,,,,,,,,,,,,,,,,,,,,,,,,,,,,,,,,,,,,,,,,,,,,,2015,442.0,kamis
2015-07,,,,,,,24.76975806451613,142.525,443.8,1143.2217391304348,100.7,,,,,,,,,,,,,,,,,,,,,,,,,,,,,,,,,,,,,,,,,,,,,,,,,,,,,,,,,,,,,,,,,,,,,,,,,,,,,,,,,,,,,,,,,,,,,,,,,,,,,,,,,,,,,,,,,,,,,,,,,,,,,,,,,,,,,,,,,,,,,,,,,,,,,,,,,,,,,,,,,,,,,,,,,,,,,,,,,,,,,,,,,,,,,,,,,,,,,,,,,,,,,,,,,,,,,,,,,,,,,,,,,,,,,,,,,,,,,,,,,,,,,,,,,,,,,,,,,,,,,,,,,,,,,,,,,,,,,,,,,,,,,,,,,,,,,,,,,,,,,,,,,,,,,,,,,,,,,,,,,,,,,,,,,,,,,,,,,,,,,,,,,,,,,,,,,,,,,,,,,,,,,,,,,,,,,,,,,,,,,,,,,,,,,,,,,,,,,,,,,,,,,,,,,,,,,,,,,,,,,,,,,,,,,,,,,,,,,,,,,,,,,,,,,,,,,,,,,,,,,,,,,,,,,,,,,,,,,,,,,,,,,,,,,,,,,,,,,,,,,,,,,,,,,,,,,,,,,,,,,,,,,,,,,,,,,,,,,,,,,,,,,,,,,,,,,,,,,,,,,,,,,,,,,,,,,,,,,,,,,,,,,,,,,,,,,,,,,,,,,,,,,,,,,,,,,,,,,,,,,,,,,,,,,,,,,,,,,,,,,,,,,,,,,,,,,,,,,,,,,,,,,,,,,,,,,,,,,,,,,,,,,,,,,,,,,,,,,,,,,,,,,,,,,,,,,,,,,,,,,,,,,,,,,,,,,,,,,,,,,,,,,,,,,,,,,,,,,,,,,,,2015,442.0,kamis
2015-08,,,,,,,25.302822580645163,62.4375,418.475,1179.1,102.0,,,,,,,,,,,,,,,,,,,,,,,,,,,,,,,,,,,,,,,,,,,,,,,,,,,,,,,,,,,,,,,,,,,,,,,,,,,,,,,,,,,,,,,,,,,,,,,,,,,,,,,,,,,,,,,,,,,,,,,,,,,,,,,,,,,,,,,,,,,,,,,,,,,,,,,,,,,,,,,,,,,,,,,,,,,,,,,,,,,,,,,,,,,,,,,,,,,,,,,,,,,,,,,,,,,,,,,,,,,,,,,,,,,,,,,,,,,,,,,,,,,,,,,,,,,,,,,,,,,,,,,,,,,,,,,,,,,,,,,,,,,,,,,,,,,,,,,,,,,,,,,,,,,,,,,,,,,,,,,,,,,,,,,,,,,,,,,,,,,,,,,,,,,,,,,,,,,,,,,,,,,,,,,,,,,,,,,,,,,,,,,,,,,,,,,,,,,,,,,,,,,,,,,,,,,,,,,,,,,,,,,,,,,,,,,,,,,,,,,,,,,,,,,,,,,,,,,,,,,,,,,,,,,,,,,,,,,,,,,,,,,,,,,,,,,,,,,,,,,,,,,,,,,,,,,,,,,,,,,,,,,,,,,,,,,,,,,,,,,,,,,,,,,,,,,,,,,,,,,,,,,,,,,,,,,,,,,,,,,,,,,,,,,,,,,,,,,,,,,,,,,,,,,,,,,,,,,,,,,,,,,,,,,,,,,,,,,,,,,,,,,,,,,,,,,,,,,,,,,,,,,,,,,,,,,,,,,,,,,,,,,,,,,,,,,,,,,,,,,,,,,,,,,,,,,,,,,,,,,,,,,,,,,,,,,,,,,,,,,,,,,,,,,,,,,,,,,,,,,,,,,2015,442.0,kamis
2015-09,,,,,,,20.789166666666667,41.775,372.825,1184.7549999999999,103.3,,,,,,,,,,,,,,,,,,,,,,,,,,,,,,,,,,,,,,,,,,,,,,,,,,,,,,,,,,,,,,,,,,,,,,,,,,,,,,,,,,,,,,,,,,,,,,,,,,,,,,,,,,,,,,,,,,,,,,,,,,,,,,,,,,,,,,,,,,,,,,,,,,,,,,,,,,,,,,,,,,,,,,,,,,,,,,,,,,,,,,,,,,,,,,,,,,,,,,,,,,,,,,,,,,,,,,,,,,,,,,,,,,,,,,,,,,,,,,,,,,,,,,,,,,,,,,,,,,,,,,,,,,,,,,,,,,,,,,,,,,,,,,,,,,,,,,,,,,,,,,,,,,,,,,,,,,,,,,,,,,,,,,,,,,,,,,,,,,,,,,,,,,,,,,,,,,,,,,,,,,,,,,,,,,,,,,,,,,,,,,,,,,,,,,,,,,,,,,,,,,,,,,,,,,,,,,,,,,,,,,,,,,,,,,,,,,,,,,,,,,,,,,,,,,,,,,,,,,,,,,,,,,,,,,,,,,,,,,,,,,,,,,,,,,,,,,,,,,,,,,,,,,,,,,,,,,,,,,,,,,,,,,,,,,,,,,,,,,,,,,,,,,,,,,,,,,,,,,,,,,,,,,,,,,,,,,,,,,,,,,,,,,,,,,,,,,,,,,,,,,,,,,,,,,,,,,,,,,,,,,,,,,,,,,,,,,,,,,,,,,,,,,,,,,,,,,,,,,,,,,,,,,,,,,,,,,,,,,,,,,,,,,,,,,,,,,,,,,,,,,,,,,,,,,,,,,,,,,,,,,,,,,,,,,,,,,,,,,,,,,,,,,,,,,,,,,,,,,,,,,,2015,442.0,kamis
2015-10,,,,,,,15.300806451612903,105.0125,350.5375,1148.1809523809522,105.9,,,,,,,,,,,,,,,,,,,,,,,,,,,,,,,,,,,,,,,,,,,,,,,,,,,,,,,,,,,,,,,,,,,,,,,,,,,,,,,,,,,,,,,,,,,,,,,,,,,,,,,,,,,,,,,,,,,,,,,,,,,,,,,,,,,,,,,,,,,,,,,,,,,,,,,,,,,,,,,,,,,,,,,,,,,,,,,,,,,,,,,,,,,,,,,,,,,,,,,,,,,,,,,,,,,,,,,,,,,,,,,,,,,,,,,,,,,,,,,,,,,,,,,,,,,,,,,,,,,,,,,,,,,,,,,,,,,,,,,,,,,,,,,,,,,,,,,,,,,,,,,,,,,,,,,,,,,,,,,,,,,,,,,,,,,,,,,,,,,,,,,,,,,,,,,,,,,,,,,,,,,,,,,,,,,,,,,,,,,,,,,,,,,,,,,,,,,,,,,,,,,,,,,,,,,,,,,,,,,,,,,,,,,,,,,,,,,,,,,,,,,,,,,,,,,,,,,,,,,,,,,,,,,,,,,,,,,,,,,,,,,,,,,,,,,,,,,,,,,,,,,,,,,,,,,,,,,,,,,,,,,,,,,,,,,,,,,,,,,,,,,,,,,,,,,,,,,,,,,,,,,,,,,,,,,,,,,,,,,,,,,,,,,,,,,,,,,,,,,,,,,,,,,,,,,,,,,,,,,,,,,,,,,,,,,,,,,,,,,,,,,,,,,,,,,,,,,,,,,,,,,,,,,,,,,,,,,,,,,,,,,,,,,,,,,,,,,,,,,,,,,,,,,,,,,,,,,,,,,,,,,,,,,,,,,,,,,,,,,,,,,,,,,,,,,,,,,,,,,,,,,2015,442.0,kamis
2015-11,,,,,,,10.495833333333334,111.08749999999999,309.625,1151.9666666666667,106.6,,,,,,,,,,,,,,,,,,,,,,,,,,,,,,,,,,,,,,,,,,,,,,,,,,,,,,,,,,,,,,,,,,,,,,,,,,,,,,,,,,,,,,,,,,,,,,,,,,,,,,,,,,,,,,,,,,,,,,,,,,,,,,,,,,,,,,,,,,,,,,,,,,,,,,,,,,,,,,,,,,,,,,,,,,,,,,,,,,,,,,,,,,,,,,,,,,,,,,,,,,,,,,,,,,,,,,,,,,,,,,,,,,,,,,,,,,,,,,,,,,,,,,,,,,,,,,,,,,,,,,,,,,,,,,,,,,,,,,,,,,,,,,,,,,,,,,,,,,,,,,,,,,,,,,,,,,,,,,,,,,,,,,,,,,,,,,,,,,,,,,,,,,,,,,,,,,,,,,,,,,,,,,,,,,,,,,,,,,,,,,,,,,,,,,,,,,,,,,,,,,,,,,,,,,,,,,,,,,,,,,,,,,,,,,,,,,,,,,,,,,,,,,,,,,,,,,,,,,,,,,,,,,,,,,,,,,,,,,,,,,,,,,,,,,,,,,,,,,,,,,,,,,,,,,,,,,,,,,,,,,,,,,,,,,,,,,,,,,,,,,,,,,,,,,,,,,,,,,,,,,,,,,,,,,,,,,,,,,,,,,,,,,,,,,,,,,,,,,,,,,,,,,,,,,,,,,,,,,,,,,,,,,,,,,,,,,,,,,,,,,,,,,,,,,,,,,,,,,,,,,,,,,,,,,,,,,,,,,,,,,,,,,,,,,,,,,,,,,,,,,,,,,,,,,,,,,,,,,,,,,,,,,,,,,,,,,,,,,,,,,,,,,,,,,,,,,,,,,,,,,,2015,442.0,kamis
2015-12,,,,,,,3.931174089068826,61.2375,302.8125,1172.2363636363636,103.2,,,,,,,,,,,,,,,,,,,,,,,,,,,,,,,,,,,,,,,,,,,,,,,,,,,,,,,,,,,,,,,,,,,,,,,,,,,,,,,,,,,,,,,,,,,,,,,,,,,,,,,,,,,,,,,,,,,,,,,,,,,,,,,,,,,,,,,,,,,,,,,,,,,,,,,,,,,,,,,,,,,,,,,,,,,,,,,,,,,,,,,,,,,,,,,,,,,,,,,,,,,,,,,,,,,,,,,,,,,,,,,,,,,,,,,,,,,,,,,,,,,,,,,,,,,,,,,,,,,,,,,,,,,,,,,,,,,,,,,,,,,,,,,,,,,,,,,,,,,,,,,,,,,,,,,,,,,,,,,,,,,,,,,,,,,,,,,,,,,,,,,,,,,,,,,,,,,,,,,,,,,,,,,,,,,,,,,,,,,,,,,,,,,,,,,,,,,,,,,,,,,,,,,,,,,,,,,,,,,,,,,,,,,,,,,,,,,,,,,,,,,,,,,,,,,,,,,,,,,,,,,,,,,,,,,,,,,,,,,,,,,,,,,,,,,,,,,,,,,,,,,,,,,,,,,,,,,,,,,,,,,,,,,,,,,,,,,,,,,,,,,,,,,,,,,,,,,,,,,,,,,,,,,,,,,,,,,,,,,,,,,,,,,,,,,,,,,,,,,,,,,,,,,,,,,,,,,,,,,,,,,,,,,,,,,,,,,,,,,,,,,,,,,,,,,,,,,,,,,,,,,,,,,,,,,,,,,,,,,,,,,,,,,,,,,,,,,,,,,,,,,,,,,,,,,,,,,,,,,,,,,,,,,,,,,,,,,,,,,,,,,,,,,,,,,,,,,,,,,,,,,2015,442.0,kamis
2016-01,,,,,,,-0.7084677419354838,40.475,311.5625,1201.665,100.4,,,,,,,,,,,,,,,,,,,,,,,,,,,,,,,,,,,,,,,,,,,,,,,,,,,,,,,,,,,,,,,,,,,,,,,,,,,,,,,,,,,,,,,,,,,,,,,,,,,,,,,,,,,,,,,,,,,,,,,,,,,,,,,,,,,,,,,,,,,,,,,,,,,,,,,,,,,,,,,,,,,,,,,,,,,,,,,,,,,,,,,,,,,,,,,,,,,,,,,,,,,,,,,,,,,,,,,,,,,,,,,,,,,,,,,,,,,,,,,,,,,,,,,,,,,,,,,,,,,,,,,,,,,,,,,,,,,,,,,,,,,,,,,,,,,,,,,,,,,,,,,,,,,,,,,,,,,,,,,,,,,,,,,,,,,,,,,,,,,,,,,,,,,,,,,,,,,,,,,,,,,,,,,,,,,,,,,,,,,,,,,,,,,,,,,,,,,,,,,,,,,,,,,,,,,,,,,,,,,,,,,,,,,,,,,,,,,,,,,,,,,,,,,,,,,,,,,,,,,,,,,,,,,,,,,,,,,,,,,,,,,,,,,,,,,,,,,,,,,,,,,,,,,,,,,,,,,,,,,,,,,,,,,,,,,,,,,,,,,,,,,,,,,,,,,,,,,,,,,,,,,,,,,,,,,,,,,,,,,,,,,,,,,,,,,,,,,,,,,,,,,,,,,,,,,,,,,,,,,,,,,,,,,,,,,,,,,,,,,,,,,,,,,,,,,,,,,,,,,,,,,,,,,,,,,,,,,,,,,,,,,,,,,,,,,,,,,,,,,,,,,,,,,,,,,,,,,,,,,,,,,,,,,,,,,,,,,,,,,,,,,,,,,,,,,,,,,,,,,,,,,2016,690.0,kamis
2016-02,,,,,,,1.9762931034482758,37.975,316.05,1217.35,98.1,,,,,,,,,,,,,,,,,,,,,,,,,,,,,,,,,,,,,,,,,,,,,,,,,,,,,,,,,,,,,,,,,,,,,,,,,,,,,,,,,,,,,,,,,,,,,,,,,,,,,,,,,,,,,,,,,,,,,,,,,,,,,,,,,,,,,,,,,,,,,,,,,,,,,,,,,,,,,,,,,,,,,,,,,,,,,,,,,,,,,,,,,,,,,,,,,,,,,,,,,,,,,,,,,,,,,,,,,,,,,,,,,,,,,,,,,,,,,,,,,,,,,,,,,,,,,,,,,,,,,,,,,,,,,,,,,,,,,,,,,,,,,,,,,,,,,,,,,,,,,,,,,,,,,,,,,,,,,,,,,,,,,,,,,,,,,,,,,,,,,,,,,,,,,,,,,,,,,,,,,,,,,,,,,,,,,,,,,,,,,,,,,,,,,,,,,,,,,,,,,,,,,,,,,,,,,,,,,,,,,,,,,,,,,,,,,,,,,,,,,,,,,,,,,,,,,,,,,,,,,,,,,,,,,,,,,,,,,,,,,,,,,,,,,,,,,,,,,,,,,,,,,,,,,,,,,,,,,,,,,,,,,,,,,,,,,,,,,,,,,,,,,,,,,,,,,,,,,,,,,,,,,,,,,,,,,,,,,,,,,,,,,,,,,,,,,,,,,,,,,,,,,,,,,,,,,,,,,,,,,,,,,,,,,,,,,,,,,,,,,,,,,,,,,,,,,,,,,,,,,,,,,,,,,,,,,,,,,,,,,,,,,,,,,,,,,,,,,,,,,,,,,,,,,,,,,,,,,,,,,,,,,,,,,,,,,,,,,,,,,,,,,,,,,,,,,,,,,,,,,,,2016,690.0,kamis
2016-03,,,,,,,6.860080645161291,55.1,371.675,1188.2136363636364,100.4,,,,,,,,,,,,,,,,,,,,,,,,,,,,,,,,,,,,,,,,,,,,,,,,,,,,,,,,,,,,,,,,,,,,,,,,,,,,,,,,,,,,,,,,,,,,,,,,,,,,,,,,,,,,,,,,,,,,,,,,,,,,,,,,,,,,,,,,,,,,,,,,,,,,,,,,,,,,,,,,,,,,,,,,,,,,,,,,,,,,,,,,,,,,,,,,,,,,,,,,,,,,,,,,,,,,,,,,,,,,,,,,,,,,,,,,,,,,,,,,,,,,,,,,,,,,,,,,,,,,,,,,,,,,,,,,,,,,,,,,,,,,,,,,,,,,,,,,,,,,,,,,,,,,,,,,,,,,,,,,,,,,,,,,,,,,,,,,,,,,,,,,,,,,,,,,,,,,,,,,,,,,,,,,,,,,,,,,,,,,,,,,,,,,,,,,,,,,,,,,,,,,,,,,,,,,,,,,,,,,,,,,,,,,,,,,,,,,,,,,,,,,,,,,,,,,,,,,,,,,,,,,,,,,,,,,,,,,,,,,,,,,,,,,,,,,,,,,,,,,,,,,,,,,,,,,,,,,,,,,,,,,,,,,,,,,,,,,,,,,,,,,,,,,,,,,,,,,,,,,,,,,,,,,,,,,,,,,,,,,,,,,,,,,,,,,,,,,,,,,,,,,,,,,,,,,,,,,,,,,,,,,,,,,,,,,,,,,,,,,,,,,,,,,,,,,,,,,,,,,,,,,,,,,,,,,,,,,,,,,,,,,,,,,,,,,,,,,,,,,,,,,,,,,,,,,,,,,,,,,,,,,,,,,,,,,,,,,,,,,,,,,,,,,,,,,,,,,,,,,,,,2016,690.0,kamis
2016-04,,,,,,,13.877916666666666,169.1875,393.4625,1147.51,102.1,,,,,,,,,,,,,,,,,,,,,,,,,,,,,,,,,,,,,,,,,,,,,,,,,,,,,,,,,,,,,,,,,,,,,,,,,,,,,,,,,,,,,,,,,,,,,,,,,,,,,,,,,,,,,,,,,,,,,,,,,,,,,,,,,,,,,,,,,,,,,,,,,,,,,,,,,,,,,,,,,,,,,,,,,,,,,,,,,,,,,,,,,,,,,,,,,,,,,,,,,,,,,,,,,,,,,,,,,,,,,,,,,,,,,,,,,,,,,,,,,,,,,,,,,,,,,,,,,,,,,,,,,,,,,,,,,,,,,,,,,,,,,,,,,,,,,,,,,,,,,,,,,,,,,,,,,,,,,,,,,,,,,,,,,,,,,,,,,,,,,,,,,,,,,,,,,,,,,,,,,,,,,,,,,,,,,,,,,,,,,,,,,,,,,,,,,,,,,,,,,,,,,,,,,,,,,,,,,,,,,,,,,,,,,,,,,,,,,,,,,,,,,,,,,,,,,,,,,,,,,,,,,,,,,,,,,,,,,,,,,,,,,,,,,,,,,,,,,,,,,,,,,,,,,,,,,,,,,,,,,,,,,,,,,,,,,,,,,,,,,,,,,,,,,,,,,,,,,,,,,,,,,,,,,,,,,,,,,,,,,,,,,,,,,,,,,,,,,,,,,,,,,,,,,,,,,,,,,,,,,,,,,,,,,,,,,,,,,,,,,,,,,,,,,,,,,,,,,,,,,,,,,,,,,,,,,,,,,,,,,,,,,,,,,,,,,,,,,,,,,,,,,,,,,,,,,,,,,,,,,,,,,,,,,,,,,,,,,,,,,,,,,,,,,,,,,,,,,,,,,,,2016,690.0,kamis
2016-05,,,,,,,18.64274193548387,98.6375,436.05,1171.51,99.6,,,,,,,,,,,,,,,,,,,,,,,,,,,,,,,,,,,,,,,,,,,,,,,,,,,,,,,,,,,,,,,,,,,,,,,,,,,,,,,,,,,,,,,,,,,,,,,,,,,,,,,,,,,,,,,,,,,,,,,,,,,,,,,,,,,,,,,,,,,,,,,,,,,,,,,,,,,,,,,,,,,,,,,,,,,,,,,,,,,,,,,,,,,,,,,,,,,,,,,,,,,,,,,,,,,,,,,,,,,,,,,,,,,,,,,,,,,,,,,,,,,,,,,,,,,,,,,,,,,,,,,,,,,,,,,,,,,,,,,,,,,,,,,,,,,,,,,,,,,,,,,,,,,,,,,,,,,,,,,,,,,,,,,,,,,,,,,,,,,,,,,,,,,,,,,,,,,,,,,,,,,,,,,,,,,,,,,,,,,,,,,,,,,,,,,,,,,,,,,,,,,,,,,,,,,,,,,,,,,,,,,,,,,,,,,,,,,,,,,,,,,,,,,,,,,,,,,,,,,,,,,,,,,,,,,,,,,,,,,,,,,,,,,,,,,,,,,,,,,,,,,,,,,,,,,,,,,,,,,,,,,,,,,,,,,,,,,,,,,,,,,,,,,,,,,,,,,,,,,,,,,,,,,,,,,,,,,,,,,,,,,,,,,,,,,,,,,,,,,,,,,,,,,,,,,,,,,,,,,,,,,,,,,,,,,,,,,,,,,,,,,,,,,,,,,,,,,,,,,,,,,,,,,,,,,,,,,,,,,,,,,,,,,,,,,,,,,,,,,,,,,,,,,,,,,,,,,,,,,,,,,,,,,,,,,,,,,,,,,,,,,,,,,,,,,,,,,,,,,,,,,2016,690.0,kamis
2016-06,,,,,,,22.40583333333333,68.0,436.3875,1170.5047619047618,99.1,,,,,,,,,,,,,,,,,,,,,,,,,,,,,,,,,,,,,,,,,,,,,,,,,,,,,,,,,,,,,,,,,,,,,,,,,,,,,,,,,,,,,,,,,,,,,,,,,,,,,,,,,,,,,,,,,,,,,,,,,,,,,,,,,,,,,,,,,,,,,,,,,,,,,,,,,,,,,,,,,,,,,,,,,,,,,,,,,,,,,,,,,,,,,,,,,,,,,,,,,,,,,,,,,,,,,,,,,,,,,,,,,,,,,,,,,,,,,,,,,,,,,,,,,,,,,,,,,,,,,,,,,,,,,,,,,,,,,,,,,,,,,,,,,,,,,,,,,,,,,,,,,,,,,,,,,,,,,,,,,,,,,,,,,,,,,,,,,,,,,,,,,,,,,,,,,,,,,,,,,,,,,,,,,,,,,,,,,,,,,,,,,,,,,,,,,,,,,,,,,,,,,,,,,,,,,,,,,,,,,,,,,,,,,,,,,,,,,,,,,,,,,,,,,,,,,,,,,,,,,,,,,,,,,,,,,,,,,,,,,,,,,,,,,,,,,,,,,,,,,,,,,,,,,,,,,,,,,,,,,,,,,,,,,,,,,,,,,,,,,,,,,,,,,,,,,,,,,,,,,,,,,,,,,,,,,,,,,,,,,,,,,,,,,,,,,,,,,,,,,,,,,,,,,,,,,,,,,,,,,,,,,,,,,,,,,,,,,,,,,,,,,,,,,,,,,,,,,,,,,,,,,,,,,,,,,,,,,,,,,,,,,,,,,,,,,,,,,,,,,,,,,,,,,,,,,,,,,,,,,,,,,,,,,,,,,,,,,,,,,,,,,,,,,,,,,,,,,,,,,,,2016,690.0,kamis
2016-07,,,,,,,26.231854838709676,251.675,443.425,1144.0904761904762,101.4,,,,,,,,,,,,,,,,,,,,,,,,,,,,,,,,,,,,,,,,,,,,,,,,,,,,,,,,,,,,,,,,,,,,,,,,,,,,,,,,,,,,,,,,,,,,,,,,,,,,,,,,,,,,,,,,,,,,,,,,,,,,,,,,,,,,,,,,,,,,,,,,,,,,,,,,,,,,,,,,,,,,,,,,,,,,,,,,,,,,,,,,,,,,,,,,,,,,,,,,,,,,,,,,,,,,,,,,,,,,,,,,,,,,,,,,,,,,,,,,,,,,,,,,,,,,,,,,,,,,,,,,,,,,,,,,,,,,,,,,,,,,,,,,,,,,,,,,,,,,,,,,,,,,,,,,,,,,,,,,,,,,,,,,,,,,,,,,,,,,,,,,,,,,,,,,,,,,,,,,,,,,,,,,,,,,,,,,,,,,,,,,,,,,,,,,,,,,,,,,,,,,,,,,,,,,,,,,,,,,,,,,,,,,,,,,,,,,,,,,,,,,,,,,,,,,,,,,,,,,,,,,,,,,,,,,,,,,,,,,,,,,,,,,,,,,,,,,,,,,,,,,,,,,,,,,,,,,,,,,,,,,,,,,,,,,,,,,,,,,,,,,,,,,,,,,,,,,,,,,,,,,,,,,,,,,,,,,,,,,,,,,,,,,,,,,,,,,,,,,,,,,,,,,,,,,,,,,,,,,,,,,,,,,,,,,,,,,,,,,,,,,,,,,,,,,,,,,,,,,,,,,,,,,,,,,,,,,,,,,,,,,,,,,,,,,,,,,,,,,,,,,,,,,,,,,,,,,,,,,,,,,,,,,,,,,,,,,,,,,,,,,,,,,,,,,,,,,,,,,,,,2016,690.0,kamis
2016-08,,,,,,,27.000403225806455,60.9125,417.7,1111.6772727272728,102.4,,,,,,,,,,,,,,,,,,,,,,,,,,,,,,,,,,,,,,,,,,,,,,,,,,,,,,,,,,,,,,,,,,,,,,,,,,,,,,,,,,,,,,,,,,,,,,,,,,,,,,,,,,,,,,,,,,,,,,,,,,,,,,,,,,,,,,,,,,,,,,,,,,,,,,,,,,,,,,,,,,,,,,,,,,,,,,,,,,,,,,,,,,,,,,,,,,,,,,,,,,,,,,,,,,,,,,,,,,,,,,,,,,,,,,,,,,,,,,,,,,,,,,,,,,,,,,,,,,,,,,,,,,,,,,,,,,,,,,,,,,,,,,,,,,,,,,,,,,,,,,,,,,,,,,,,,,,,,,,,,,,,,,,,,,,,,,,,,,,,,,,,,,,,,,,,,,,,,,,,,,,,,,,,,,,,,,,,,,,,,,,,,,,,,,,,,,,,,,,,,,,,,,,,,,,,,,,,,,,,,,,,,,,,,,,,,,,,,,,,,,,,,,,,,,,,,,,,,,,,,,,,,,,,,,,,,,,,,,,,,,,,,,,,,,,,,,,,,,,,,,,,,,,,,,,,,,,,,,,,,,,,,,,,,,,,,,,,,,,,,,,,,,,,,,,,,,,,,,,,,,,,,,,,,,,,,,,,,,,,,,,,,,,,,,,,,,,,,,,,,,,,,,,,,,,,,,,,,,,,,,,,,,,,,,,,,,,,,,,,,,,,,,,,,,,,,,,,,,,,,,,,,,,,,,,,,,,,,,,,,,,,,,,,,,,,,,,,,,,,,,,,,,,,,,,,,,,,,,,,,,,,,,,,,,,,,,,,,,,,,,,,,,,,,,,,,,,,,,,,,,,2016,690.0,kamis
2016-09,,,,,,,22.16166666666667,178.3,371.9625,1107.4894736842105,102.3,,,,,,,,,,,,,,,,,,,,,,,,,,,,,,,,,,,,,,,,,,,,,,,,,,,,,,,,,,,,,,,,,,,,,,,,,,,,,,,,,,,,,,,,,,,,,,,,,,,,,,,,,,,,,,,,,,,,,,,,,,,,,,,,,,,,,,,,,,,,,,,,,,,,,,,,,,,,,,,,,,,,,,,,,,,,,,,,,,,,,,,,,,,,,,,,,,,,,,,,,,,,,,,,,,,,,,,,,,,,,,,,,,,,,,,,,,,,,,,,,,,,,,,,,,,,,,,,,,,,,,,,,,,,,,,,,,,,,,,,,,,,,,,,,,,,,,,,,,,,,,,,,,,,,,,,,,,,,,,,,,,,,,,,,,,,,,,,,,,,,,,,,,,,,,,,,,,,,,,,,,,,,,,,,,,,,,,,,,,,,,,,,,,,,,,,,,,,,,,,,,,,,,,,,,,,,,,,,,,,,,,,,,,,,,,,,,,,,,,,,,,,,,,,,,,,,,,,,,,,,,,,,,,,,,,,,,,,,,,,,,,,,,,,,,,,,,,,,,,,,,,,,,,,,,,,,,,,,,,,,,,,,,,,,,,,,,,,,,,,,,,,,,,,,,,,,,,,,,,,,,,,,,,,,,,,,,,,,,,,,,,,,,,,,,,,,,,,,,,,,,,,,,,,,,,,,,,,,,,,,,,,,,,,,,,,,,,,,,,,,,,,,,,,,,,,,,,,,,,,,,,,,,,,,,,,,,,,,,,,,,,,,,,,,,,,,,,,,,,,,,,,,,,,,,,,,,,,,,,,,,,,,,,,,,,,,,,,,,,,,,,,,,,,,,,,,,,,,,,,,,,2016,690.0,kamis
2016-10,,,,,,,16.09516129032258,152.8,349.625,1125.275,102.6,,,,,,,,,,,,,,,,,,,,,,,,,,,,,,,,,,,,,,,,,,,,,,,,,,,,,,,,,,,,,,,,,,,,,,,,,,,,,,,,,,,,,,,,,,,,,,,,,,,,,,,,,,,,,,,,,,,,,,,,,,,,,,,,,,,,,,,,,,,,,,,,,,,,,,,,,,,,,,,,,,,,,,,,,,,,,,,,,,,,,,,,,,,,,,,,,,,,,,,,,,,,,,,,,,,,,,,,,,,,,,,,,,,,,,,,,,,,,,,,,,,,,,,,,,,,,,,,,,,,,,,,,,,,,,,,,,,,,,,,,,,,,,,,,,,,,,,,,,,,,,,,,,,,,,,,,,,,,,,,,,,,,,,,,,,,,,,,,,,,,,,,,,,,,,,,,,,,,,,,,,,,,,,,,,,,,,,,,,,,,,,,,,,,,,,,,,,,,,,,,,,,,,,,,,,,,,,,,,,,,,,,,,,,,,,,,,,,,,,,,,,,,,,,,,,,,,,,,,,,,,,,,,,,,,,,,,,,,,,,,,,,,,,,,,,,,,,,,,,,,,,,,,,,,,,,,,,,,,,,,,,,,,,,,,,,,,,,,,,,,,,,,,,,,,,,,,,,,,,,,,,,,,,,,,,,,,,,,,,,,,,,,,,,,,,,,,,,,,,,,,,,,,,,,,,,,,,,,,,,,,,,,,,,,,,,,,,,,,,,,,,,,,,,,,,,,,,,,,,,,,,,,,,,,,,,,,,,,,,,,,,,,,,,,,,,,,,,,,,,,,,,,,,,,,,,,,,,,,,,,,,,,,,,,,,,,,,,,,,,,,,,,,,,,,,,,,,,,,,,,,,2016,690.0,kamis
2016-11,,,,,,,8.045416666666666,31.25,309.1625,1161.6363636363637,95.7,,,,,,,,,,,,,,,,,,,,,,,,,,,,,,,,,,,,,,,,,,,,,,,,,,,,,,,,,,,,,,,,,,,,,,,,,,,,,,,,,,,,,,,,,,,,,,,,,,,,,,,,,,,,,,,,,,,,,,,,,,,,,,,,,,,,,,,,,,,,,,,,,,,,,,,,,,,,,,,,,,,,,,,,,,,,,,,,,,,,,,,,,,,,,,,,,,,,,,,,,,,,,,,,,,,,,,,,,,,,,,,,,,,,,,,,,,,,,,,,,,,,,,,,,,,,,,,,,,,,,,,,,,,,,,,,,,,,,,,,,,,,,,,,,,,,,,,,,,,,,,,,,,,,,,,,,,,,,,,,,,,,,,,,,,,,,,,,,,,,,,,,,,,,,,,,,,,,,,,,,,,,,,,,,,,,,,,,,,,,,,,,,,,,,,,,,,,,,,,,,,,,,,,,,,,,,,,,,,,,,,,,,,,,,,,,,,,,,,,,,,,,,,,,,,,,,,,,,,,,,,,,,,,,,,,,,,,,,,,,,,,,,,,,,,,,,,,,,,,,,,,,,,,,,,,,,,,,,,,,,,,,,,,,,,,,,,,,,,,,,,,,,,,,,,,,,,,,,,,,,,,,,,,,,,,,,,,,,,,,,,,,,,,,,,,,,,,,,,,,,,,,,,,,,,,,,,,,,,,,,,,,,,,,,,,,,,,,,,,,,,,,,,,,,,,,,,,,,,,,,,,,,,,,,,,,,,,,,,,,,,,,,,,,,,,,,,,,,,,,,,,,,,,,,,,,,,,,,,,,,,,,,,,,,,,,,,,,,,,,,,,,,,,,,,,,,,,,,,,,,,,2016,690.0,kamis
2016-12,,,,,,,3.2101214574898784,48.275,303.9375,1182.2772727272727,93.9,,,,,,,,,,,,,,,,,,,,,,,,,,,,,,,,,,,,,,,,,,,,,,,,,,,,,,,,,,,,,,,,,,,,,,,,,,,,,,,,,,,,,,,,,,,,,,,,,,,,,,,,,,,,,,,,,,,,,,,,,,,,,,,,,,,,,,,,,,,,,,,,,,,,,,,,,,,,,,,,,,,,,,,,,,,,,,,,,,,,,,,,,,,,,,,,,,,,,,,,,,,,,,,,,,,,,,,,,,,,,,,,,,,,,,,,,,,,,,,,,,,,,,,,,,,,,,,,,,,,,,,,,,,,,,,,,,,,,,,,,,,,,,,,,,,,,,,,,,,,,,,,,,,,,,,,,,,,,,,,,,,,,,,,,,,,,,,,,,,,,,,,,,,,,,,,,,,,,,,,,,,,,,,,,,,,,,,,,,,,,,,,,,,,,,,,,,,,,,,,,,,,,,,,,,,,,,,,,,,,,,,,,,,,,,,,,,,,,,,,,,,,,,,,,,,,,,,,,,,,,,,,,,,,,,,,,,,,,,,,,,,,,,,,,,,,,,,,,,,,,,,,,,,,,,,,,,,,,,,,,,,,,,,,,,,,,,,,,,,,,,,,,,,,,,,,,,,,,,,,,,,,,,,,,,,,,,,,,,,,,,,,,,,,,,,,,,,,,,,,,,,,,,,,,,,,,,,,,,,,,,,,,,,,,,,,,,,,,,,,,,,,,,,,,,,,,,,,,,,,,,,,,,,,,,,,,,,,,,,,,,,,,,,,,,,,,,,,,,,,,,,,,,,,,,,,,,,,,,,,,,,,,,,,,,,,,,,,,,,,,,,,,,,,,,,,,,,,,,,,,,,2016,690.0,kamis
2017-01,,,,,,,0.21491935483870966,16.4625,312.0875,1185.095,93.0,,,,,,,,,,,,,,,,,,,,,,,,,,,,,,,,,,,,,,,,,,,,,,,,,,,,,,,,,,,,,,,,,,,,,,,,,,,,,,,,,,,,,,,,,,,,,,,,,,,,,,,,,,,,,,,,,,,,,,,,,,,,,,,,,,,,,,,,,,,,,,,,,,,,,,,,,,,,,,,,,,,,,,,,,,,,,,,,,,,,,,,,,,,,,,,,,,,,,,,,,,,,,,,,,,,,,,,,,,,,,,,,,,,,,,,,,,,,,,,,,,,,,,,,,,,,,,,,,,,,,,,,,,,,,,,,,,,,,,,,,,,,,,,,,,,,,,,,,,,,,,,,,,,,,,,,,,,,,,,,,,,,,,,,,,,,,,,,,,,,,,,,,,,,,,,,,,,,,,,,,,,,,,,,,,,,,,,,,,,,,,,,,,,,,,,,,,,,,,,,,,,,,,,,,,,,,,,,,,,,,,,,,,,,,,,,,,,,,,,,,,,,,,,,,,,,,,,,,,,,,,,,,,,,,,,,,,,,,,,,,,,,,,,,,,,,,,,,,,,,,,,,,,,,,,,,,,,,,,,,,,,,,,,,,,,,,,,,,,,,,,,,,,,,,,,,,,,,,,,,,,,,,,,,,,,,,,,,,,,,,,,,,,,,,,,,,,,,,,,,,,,,,,,,,,,,,,,,,,,,,,,,,,,,,,,,,,,,,,,,,,,,,,,,,,,,,,,,,,,,,,,,,,,,,,,,,,,,,,,,,,,,,,,,,,,,,,,,,,,,,,,,,,,,,,,,,,,,,,,,,,,,,,,,,,,,,,,,,,,,,,,,,,,,,,,,,,,,,,,,,,,2017,813.5287,kamis
2017-02,,,,,,,1.3972972972972972,45.5625,305.425,1144.92,94.2,,,,,,,,,,,,,,,,,,,,,,,,,,,,,,,,,,,,,,,,,,,,,,,,,,,,,,,,,,,,,,,,,,,,,,,,,,,,,,,,,,,,,,,,,,,,,,,,,,,,,,,,,,,,,,,,,,,,,,,,,,,,,,,,,,,,,,,,,,,,,,,,,,,,,,,,,,,,,,,,,,,,,,,,,,,,,,,,,,,,,,,,,,,,,,,,,,,,,,,,,,,,,,,,,,,,,,,,,,,,,,,,,,,,,,,,,,,,,,,,,,,,,,,,,,,,,,,,,,,,,,,,,,,,,,,,,,,,,,,,,,,,,,,,,,,,,,,,,,,,,,,,,,,,,,,,,,,,,,,,,,,,,,,,,,,,,,,,,,,,,,,,,,,,,,,,,,,,,,,,,,,,,,,,,,,,,,,,,,,,,,,,,,,,,,,,,,,,,,,,,,,,,,,,,,,,,,,,,,,,,,,,,,,,,,,,,,,,,,,,,,,,,,,,,,,,,,,,,,,,,,,,,,,,,,,,,,,,,,,,,,,,,,,,,,,,,,,,,,,,,,,,,,,,,,,,,,,,,,,,,,,,,,,,,,,,,,,,,,,,,,,,,,,,,,,,,,,,,,,,,,,,,,,,,,,,,,,,,,,,,,,,,,,,,,,,,,,,,,,,,,,,,,,,,,,,,,,,,,,,,,,,,,,,,,,,,,,,,,,,,,,,,,,,,,,,,,,,,,,,,,,,,,,,,,,,,,,,,,,,,,,,,,,,,,,,,,,,,,,,,,,,,,,,,,,,,,,,,,,,,,,,,,,,,,,,,,,,,,,,,,,,,,,,,,,,,,,,,,,,,,,2017,813.5287,kamis
2017-03,,,,,,,5.583870967741936,24.1375,371.375,1134.7681818181818,96.8,,,,,,,,,,,,,,,,,,,,,,,,,,,,,,,,,,,,,,,,,,,,,,,,,,,,,,,,,,,,,,,,,,,,,,,,,,,,,,,,,,,,,,,,,,,,,,,,,,,,,,,,,,,,,,,,,,,,,,,,,,,,,,,,,,,,,,,,,,,,,,,,,,,,,,,,,,,,,,,,,,,,,,,,,,,,,,,,,,,,,,,,,,,,,,,,,,,,,,,,,,,,,,,,,,,,,,,,,,,,,,,,,,,,,,,,,,,,,,,,,,,,,,,,,,,,,,,,,,,,,,,,,,,,,,,,,,,,,,,,,,,,,,,,,,,,,,,,,,,,,,,,,,,,,,,,,,,,,,,,,,,,,,,,,,,,,,,,,,,,,,,,,,,,,,,,,,,,,,,,,,,,,,,,,,,,,,,,,,,,,,,,,,,,,,,,,,,,,,,,,,,,,,,,,,,,,,,,,,,,,,,,,,,,,,,,,,,,,,,,,,,,,,,,,,,,,,,,,,,,,,,,,,,,,,,,,,,,,,,,,,,,,,,,,,,,,,,,,,,,,,,,,,,,,,,,,,,,,,,,,,,,,,,,,,,,,,,,,,,,,,,,,,,,,,,,,,,,,,,,,,,,,,,,,,,,,,,,,,,,,,,,,,,,,,,,,,,,,,,,,,,,,,,,,,,,,,,,,,,,,,,,,,,,,,,,,,,,,,,,,,,,,,,,,,,,,,,,,,,,,,,,,,,,,,,,,,,,,,,,,,,,,,,,,,,,,,,,,,,,,,,,,,,,,,,,,,,,,,,,,,,,,,,,,,,,,,,,,,,,,,,,,,,,,,,,,,,,,,,,,,,2017,813.5287,kamis
2017-04,,,,,,,13.217916666666667,57.675,393.275,1132.725,101.6,,,,,,,,,,,,,,,,,,,,,,,,,,,,,,,,,,,,,,,,,,,,,,,,,,,,,,,,,,,,,,,,,,,,,,,,,,,,,,,,,,,,,,,,,,,,,,,,,,,,,,,,,,,,,,,,,,,,,,,,,,,,,,,,,,,,,,,,,,,,,,,,,,,,,,,,,,,,,,,,,,,,,,,,,,,,,,,,,,,,,,,,,,,,,,,,,,,,,,,,,,,,,,,,,,,,,,,,,,,,,,,,,,,,,,,,,,,,,,,,,,,,,,,,,,,,,,,,,,,,,,,,,,,,,,,,,,,,,,,,,,,,,,,,,,,,,,,,,,,,,,,,,,,,,,,,,,,,,,,,,,,,,,,,,,,,,,,,,,,,,,,,,,,,,,,,,,,,,,,,,,,,,,,,,,,,,,,,,,,,,,,,,,,,,,,,,,,,,,,,,,,,,,,,,,,,,,,,,,,,,,,,,,,,,,,,,,,,,,,,,,,,,,,,,,,,,,,,,,,,,,,,,,,,,,,,,,,,,,,,,,,,,,,,,,,,,,,,,,,,,,,,,,,,,,,,,,,,,,,,,,,,,,,,,,,,,,,,,,,,,,,,,,,,,,,,,,,,,,,,,,,,,,,,,,,,,,,,,,,,,,,,,,,,,,,,,,,,,,,,,,,,,,,,,,,,,,,,,,,,,,,,,,,,,,,,,,,,,,,,,,,,,,,,,,,,,,,,,,,,,,,,,,,,,,,,,,,,,,,,,,,,,,,,,,,,,,,,,,,,,,,,,,,,,,,,,,,,,,,,,,,,,,,,,,,,,,,,,,,,,,,,,,,,,,,,,,,,,,,,,,,2017,813.5287,kamis
2017-05,,,,,,,18.112903225806452,48.15,435.8125,1125.278947368421,109.0,,,,,,,,,,,,,,,,,,,,,,,,,,,,,,,,,,,,,,,,,,,,,,,,,,,,,,,,,,,,,,,,,,,,,,,,,,,,,,,,,,,,,,,,,,,,,,,,,,,,,,,,,,,,,,,,,,,,,,,,,,,,,,,,,,,,,,,,,,,,,,,,,,,,,,,,,,,,,,,,,,,,,,,,,,,,,,,,,,,,,,,,,,,,,,,,,,,,,,,,,,,,,,,,,,,,,,,,,,,,,,,,,,,,,,,,,,,,,,,,,,,,,,,,,,,,,,,,,,,,,,,,,,,,,,,,,,,,,,,,,,,,,,,,,,,,,,,,,,,,,,,,,,,,,,,,,,,,,,,,,,,,,,,,,,,,,,,,,,,,,,,,,,,,,,,,,,,,,,,,,,,,,,,,,,,,,,,,,,,,,,,,,,,,,,,,,,,,,,,,,,,,,,,,,,,,,,,,,,,,,,,,,,,,,,,,,,,,,,,,,,,,,,,,,,,,,,,,,,,,,,,,,,,,,,,,,,,,,,,,,,,,,,,,,,,,,,,,,,,,,,,,,,,,,,,,,,,,,,,,,,,,,,,,,,,,,,,,,,,,,,,,,,,,,,,,,,,,,,,,,,,,,,,,,,,,,,,,,,,,,,,,,,,,,,,,,,,,,,,,,,,,,,,,,,,,,,,,,,,,,,,,,,,,,,,,,,,,,,,,,,,,,,,,,,,,,,,,,,,,,,,,,,,,,,,,,,,,,,,,,,,,,,,,,,,,,,,,,,,,,,,,,,,,,,,,,,,,,,,,,,,,,,,,,,,,,,,,,,,,,,,,,,,,,,,,,,,,,,,,,,,2017,813.5287,kamis
2017-06,,,,,,,21.784583333333334,46.225,436.3125,1130.0380952380951,112.4,,,,,,,,,,,,,,,,,,,,,,,,,,,,,,,,,,,,,,,,,,,,,,,,,,,,,,,,,,,,,,,,,,,,,,,,,,,,,,,,,,,,,,,,,,,,,,,,,,,,,,,,,,,,,,,,,,,,,,,,,,,,,,,,,,,,,,,,,,,,,,,,,,,,,,,,,,,,,,,,,,,,,,,,,,,,,,,,,,,,,,,,,,,,,,,,,,,,,,,,,,,,,,,,,,,,,,,,,,,,,,,,,,,,,,,,,,,,,,,,,,,,,,,,,,,,,,,,,,,,,,,,,,,,,,,,,,,,,,,,,,,,,,,,,,,,,,,,,,,,,,,,,,,,,,,,,,,,,,,,,,,,,,,,,,,,,,,,,,,,,,,,,,,,,,,,,,,,,,,,,,,,,,,,,,,,,,,,,,,,,,,,,,,,,,,,,,,,,,,,,,,,,,,,,,,,,,,,,,,,,,,,,,,,,,,,,,,,,,,,,,,,,,,,,,,,,,,,,,,,,,,,,,,,,,,,,,,,,,,,,,,,,,,,,,,,,,,,,,,,,,,,,,,,,,,,,,,,,,,,,,,,,,,,,,,,,,,,,,,,,,,,,,,,,,,,,,,,,,,,,,,,,,,,,,,,,,,,,,,,,,,,,,,,,,,,,,,,,,,,,,,,,,,,,,,,,,,,,,,,,,,,,,,,,,,,,,,,,,,,,,,,,,,,,,,,,,,,,,,,,,,,,,,,,,,,,,,,,,,,,,,,,,,,,,,,,,,,,,,,,,,,,,,,,,,,,,,,,,,,,,,,,,,,,,,,,,,,,,,,,,,,,,,,,,,,,,,,,,,,,,,2017,813.5287,kamis
2017-07,,,,,,,26.856275303643724,256.65,443.4875,1134.404761904762,112.6,,,,,,,,,,,,,,,,,,,,,,,,,,,,,,,,,,,,,,,,,,,,,,,,,,,,,,,,,,,,,,,,,,,,,,,,,,,,,,,,,,,,,,,,,,,,,,,,,,,,,,,,,,,,,,,,,,,,,,,,,,,,,,,,,,,,,,,,,,,,,,,,,,,,,,,,,,,,,,,,,,,,,,,,,,,,,,,,,,,,,,,,,,,,,,,,,,,,,,,,,,,,,,,,,,,,,,,,,,,,,,,,,,,,,,,,,,,,,,,,,,,,,,,,,,,,,,,,,,,,,,,,,,,,,,,,,,,,,,,,,,,,,,,,,,,,,,,,,,,,,,,,,,,,,,,,,,,,,,,,,,,,,,,,,,,,,,,,,,,,,,,,,,,,,,,,,,,,,,,,,,,,,,,,,,,,,,,,,,,,,,,,,,,,,,,,,,,,,,,,,,,,,,,,,,,,,,,,,,,,,,,,,,,,,,,,,,,,,,,,,,,,,,,,,,,,,,,,,,,,,,,,,,,,,,,,,,,,,,,,,,,,,,,,,,,,,,,,,,,,,,,,,,,,,,,,,,,,,,,,,,,,,,,,,,,,,,,,,,,,,,,,,,,,,,,,,,,,,,,,,,,,,,,,,,,,,,,,,,,,,,,,,,,,,,,,,,,,,,,,,,,,,,,,,,,,,,,,,,,,,,,,,,,,,,,,,,,,,,,,,,,,,,,,,,,,,,,,,,,,,,,,,,,,,,,,,,,,,,,,,,,,,,,,,,,,,,,,,,,,,,,,,,,,,,,,,,,,,,,,,,,,,,,,,,,,,,,,,,,,,,,,,,,,,,,,,,,,,,,,,,,2017,813.5287,kamis
2017-08,,,,,,,25.805263157894736,211.73749999999998,417.95,1130.7863636363636,111.2,,,,,,,,,,,,,,,,,,,,,,,,,,,,,,,,,,,,,,,,,,,,,,,,,,,,,,,,,,,,,,,,,,,,,,,,,,,,,,,,,,,,,,,,,,,,,,,,,,,,,,,,,,,,,,,,,,,,,,,,,,,,,,,,,,,,,,,,,,,,,,,,,,,,,,,,,,,,,,,,,,,,,,,,,,,,,,,,,,,,,,,,,,,,,,,,,,,,,,,,,,,,,,,,,,,,,,,,,,,,,,,,,,,,,,,,,,,,,,,,,,,,,,,,,,,,,,,,,,,,,,,,,,,,,,,,,,,,,,,,,,,,,,,,,,,,,,,,,,,,,,,,,,,,,,,,,,,,,,,,,,,,,,,,,,,,,,,,,,,,,,,,,,,,,,,,,,,,,,,,,,,,,,,,,,,,,,,,,,,,,,,,,,,,,,,,,,,,,,,,,,,,,,,,,,,,,,,,,,,,,,,,,,,,,,,,,,,,,,,,,,,,,,,,,,,,,,,,,,,,,,,,,,,,,,,,,,,,,,,,,,,,,,,,,,,,,,,,,,,,,,,,,,,,,,,,,,,,,,,,,,,,,,,,,,,,,,,,,,,,,,,,,,,,,,,,,,,,,,,,,,,,,,,,,,,,,,,,,,,,,,,,,,,,,,,,,,,,,,,,,,,,,,,,,,,,,,,,,,,,,,,,,,,,,,,,,,,,,,,,,,,,,,,,,,,,,,,,,,,,,,,,,,,,,,,,,,,,,,,,,,,,,,,,,,,,,,,,,,,,,,,,,,,,,,,,,,,,,,,,,,,,,,,,,,,,,,,,,,,,,,,,,,,,,,,,,,,,,,,,,,,2017,813.5287,kamis
2017-09,,,,,,,20.700836820083683,104.41250000000001,372.1375,1131.5904761904762,108.8,,,,,,,,,,,,,,,,,,,,,,,,,,,,,,,,,,,,,,,,,,,,,,,,,,,,,,,,,,,,,,,,,,,,,,,,,,,,,,,,,,,,,,,,,,,,,,,,,,,,,,,,,,,,,,,,,,,,,,,,,,,,,,,,,,,,,,,,,,,,,,,,,,,,,,,,,,,,,,,,,,,,,,,,,,,,,,,,,,,,,,,,,,,,,,,,,,,,,,,,,,,,,,,,,,,,,,,,,,,,,,,,,,,,,,,,,,,,,,,,,,,,,,,,,,,,,,,,,,,,,,,,,,,,,,,,,,,,,,,,,,,,,,,,,,,,,,,,,,,,,,,,,,,,,,,,,,,,,,,,,,,,,,,,,,,,,,,,,,,,,,,,,,,,,,,,,,,,,,,,,,,,,,,,,,,,,,,,,,,,,,,,,,,,,,,,,,,,,,,,,,,,,,,,,,,,,,,,,,,,,,,,,,,,,,,,,,,,,,,,,,,,,,,,,,,,,,,,,,,,,,,,,,,,,,,,,,,,,,,,,,,,,,,,,,,,,,,,,,,,,,,,,,,,,,,,,,,,,,,,,,,,,,,,,,,,,,,,,,,,,,,,,,,,,,,,,,,,,,,,,,,,,,,,,,,,,,,,,,,,,,,,,,,,,,,,,,,,,,,,,,,,,,,,,,,,,,,,,,,,,,,,,,,,,,,,,,,,,,,,,,,,,,,,,,,,,,,,,,,,,,,,,,,,,,,,,,,,,,,,,,,,,,,,,,,,,,,,,,,,,,,,,,,,,,,,,,,,,,,,,,,,,,,,,,,,,,,,,,,,,,,,,,,,,,,,,,,,,,,,,,,2017,813.5287,kamis
2017-10,,,,,,,15.302822580645161,45.1625,349.9375,1131.56875,110.4,,,,,,,,,,,,,,,,,,,,,,,,,,,,,,,,,,,,,,,,,,,,,,,,,,,,,,,,,,,,,,,,,,,,,,,,,,,,,,,,,,,,,,,,,,,,,,,,,,,,,,,,,,,,,,,,,,,,,,,,,,,,,,,,,,,,,,,,,,,,,,,,,,,,,,,,,,,,,,,,,,,,,,,,,,,,,,,,,,,,,,,,,,,,,,,,,,,,,,,,,,,,,,,,,,,,,,,,,,,,,,,,,,,,,,,,,,,,,,,,,,,,,,,,,,,,,,,,,,,,,,,,,,,,,,,,,,,,,,,,,,,,,,,,,,,,,,,,,,,,,,,,,,,,,,,,,,,,,,,,,,,,,,,,,,,,,,,,,,,,,,,,,,,,,,,,,,,,,,,,,,,,,,,,,,,,,,,,,,,,,,,,,,,,,,,,,,,,,,,,,,,,,,,,,,,,,,,,,,,,,,,,,,,,,,,,,,,,,,,,,,,,,,,,,,,,,,,,,,,,,,,,,,,,,,,,,,,,,,,,,,,,,,,,,,,,,,,,,,,,,,,,,,,,,,,,,,,,,,,,,,,,,,,,,,,,,,,,,,,,,,,,,,,,,,,,,,,,,,,,,,,,,,,,,,,,,,,,,,,,,,,,,,,,,,,,,,,,,,,,,,,,,,,,,,,,,,,,,,,,,,,,,,,,,,,,,,,,,,,,,,,,,,,,,,,,,,,,,,,,,,,,,,,,,,,,,,,,,,,,,,,,,,,,,,,,,,,,,,,,,,,,,,,,,,,,,,,,,,,,,,,,,,,,,,,,,,,,,,,,,,,,,,,,,,,,,,,,,,,,,,,2017,813.5287,kamis
2017-11,,,,,,,6.777824267782427,8.475,309.3125,1105.040909090909,113.7,,,,,,,,,,,,,,,,,,,,,,,,,,,,,,,,,,,,,,,,,,,,,,,,,,,,,,,,,,,,,,,,,,,,,,,,,,,,,,,,,,,,,,,,,,,,,,,,,,,,,,,,,,,,,,,,,,,,,,,,,,,,,,,,,,,,,,,,,,,,,,,,,,,,,,,,,,,,,,,,,,,,,,,,,,,,,,,,,,,,,,,,,,,,,,,,,,,,,,,,,,,,,,,,,,,,,,,,,,,,,,,,,,,,,,,,,,,,,,,,,,,,,,,,,,,,,,,,,,,,,,,,,,,,,,,,,,,,,,,,,,,,,,,,,,,,,,,,,,,,,,,,,,,,,,,,,,,,,,,,,,,,,,,,,,,,,,,,,,,,,,,,,,,,,,,,,,,,,,,,,,,,,,,,,,,,,,,,,,,,,,,,,,,,,,,,,,,,,,,,,,,,,,,,,,,,,,,,,,,,,,,,,,,,,,,,,,,,,,,,,,,,,,,,,,,,,,,,,,,,,,,,,,,,,,,,,,,,,,,,,,,,,,,,,,,,,,,,,,,,,,,,,,,,,,,,,,,,,,,,,,,,,,,,,,,,,,,,,,,,,,,,,,,,,,,,,,,,,,,,,,,,,,,,,,,,,,,,,,,,,,,,,,,,,,,,,,,,,,,,,,,,,,,,,,,,,,,,,,,,,,,,,,,,,,,,,,,,,,,,,,,,,,,,,,,,,,,,,,,,,,,,,,,,,,,,,,,,,,,,,,,,,,,,,,,,,,,,,,,,,,,,,,,,,,,,,,,,,,,,,,,,,,,,,,,,,,,,,,,,,,,,,,,,,,,,,,,,,,,,,,,2017,813.5287,kamis
2017-12,,,,,,,0.3497975708502024,38.625,303.96250000000003,1085.775,112.2,,,,,,,,,,,,,,,,,,,,,,,,,,,,,,,,,,,,,,,,,,,,,,,,,,,,,,,,,,,,,,,,,,,,,,,,,,,,,,,,,,,,,,,,,,,,,,,,,,,,,,,,,,,,,,,,,,,,,,,,,,,,,,,,,,,,,,,,,,,,,,,,,,,,,,,,,,,,,,,,,,,,,,,,,,,,,,,,,,,,,,,,,,,,,,,,,,,,,,,,,,,,,,,,,,,,,,,,,,,,,,,,,,,,,,,,,,,,,,,,,,,,,,,,,,,,,,,,,,,,,,,,,,,,,,,,,,,,,,,,,,,,,,,,,,,,,,,,,,,,,,,,,,,,,,,,,,,,,,,,,,,,,,,,,,,,,,,,,,,,,,,,,,,,,,,,,,,,,,,,,,,,,,,,,,,,,,,,,,,,,,,,,,,,,,,,,,,,,,,,,,,,,,,,,,,,,,,,,,,,,,,,,,,,,,,,,,,,,,,,,,,,,,,,,,,,,,,,,,,,,,,,,,,,,,,,,,,,,,,,,,,,,,,,,,,,,,,,,,,,,,,,,,,,,,,,,,,,,,,,,,,,,,,,,,,,,,,,,,,,,,,,,,,,,,,,,,,,,,,,,,,,,,,,,,,,,,,,,,,,,,,,,,,,,,,,,,,,,,,,,,,,,,,,,,,,,,,,,,,,,,,,,,,,,,,,,,,,,,,,,,,,,,,,,,,,,,,,,,,,,,,,,,,,,,,,,,,,,,,,,,,,,,,,,,,,,,,,,,,,,,,,,,,,,,,,,,,,,,,,,,,,,,,,,,,,,,,,,,,,,,,,,,,,,,,,,,,,,,,,,,,2017,813.5287,kamis
2018-01,,,,,,,-2.0620967741935483,35.8875,311.975,1066.7,111.4,,,12607.238781473508,14401.0,134.0,3.0,15276.4459066918,14072.36248110599,11183.321866402115,4244.0,1085.0,9072.0,57.0,20.0,57.0,,3350.91059602649,4521.907216494846,,3842.664353112005,,4341.824722040549,3187.4999947183096,2814.239674418605,,,4315.804980270639,3615.552486401674,3171.665925638873,,7248.0,1552.0,,121208.0,,6116.0,2272.0,23392.0,,,103807.21,7648.0,72383.25,,21.0,3.0,,77.0,,19.0,6.0,22.0,,,174.0,12.0,71.0,,2687.5205367633644,2593.3860673297627,,3029.2869171879097,2878.528225806452,,1977.5385020088004,2777.4453355513306,,,2759.760105871655,,,,2565.1612903225805,,,2906.0921248142645,3109.553761645423,,2666.6666666666665,1829.5974071428573,4016.3311688311687,,2631.7156677966104,,,,,,,,,,4250.0,,,,,,,,1457.8756351318657,1503.2351790030211,1373.724400208932,,,937.8314079684895,1456.0494227025329,,,,,1526.448775439807,,3350.91059602649,4521.907216494846,,3842.664353112005,,4341.824722040549,3187.4999947183096,2814.239674418605,,,4315.804980270639,3615.552486401674,3171.665925638873,,,,,,,,,,,,,,,,,,,,,,,,,,,1646.4115488995533,1827.5489188158203,,1742.2151854226734,,,1103.0935754189943,1412.161361130742,1581.37205,,2580.0,,,,1459.2488919524142,,,1603.845337076271,826.8103448275862,1595.751495994298,1359.1735041075428,1686.097046413502,,,,,2739.4975507352938,,,1887.716728695559,,1508.2921665490474,,,,,,,,,,,10962.0,7842.0,,26699.0,3968.0,,20908.0,8416.0,,,7698.0,,,,3100.0,,,6730.0,86300.0,,1200.0,15400.0,15400.0,,41300.0,,,,,,,,,,384.0,,,,,,,,8266.0,10592.0,76580.0,,,6601.0,38216.0,,,,,23192.0,,7248.0,1552.0,,121208.0,,6116.0,2272.0,23392.0,,,103807.21,7648.0,72383.25,,,,,,,,,,,,,,,,,,,,,,,,,,,604300.0,427300.0,,867100.0,,,17900.0,28300.0,19800.0,,500.0,,,,35725.0,,,23600.0,2900.0,175375.0,33475.0,5925.0,,,,,6800.0,,,298764.0,,17004.0,,,,,,,,,,,36.0,11.0,,51.0,12.0,,24.0,20.0,,,33.0,,,,7.0,,,8.0,16.0,,2.0,9.0,7.0,,16.0,,,,,,,,,,2.0,,,,,,,,11.0,3.0,30.0,,,7.0,23.0,,,,,18.0,,21.0,3.0,,77.0,,19.0,6.0,22.0,,,174.0,12.0,71.0,,,,,,,,,,,,,,,,,,,,,,,,,,,83.0,65.0,,128.0,,,4.0,22.0,10.0,,2.0,,,,34.0,,,36.0,7.0,32.0,21.0,19.0,,,,,10.0,,,67.0,,13.0,,,,,,,,,,,,,,,,,,,,,,,,,,,,,,,,,,,,,,,,,,,,,,,,,,,,,,,,,,,,,,,,,,,,,,,,,,,,,,,,,,,,,,,,,,,,,,,,,,,,,,,,,,,,,,,,,,,,,,,,,,,,,,,,,,,,,,,,,,,,,,,,,,,,,,,,,,,,,,,,,,,,,,,,,,,,,,,,,,,,,,,,,,,,,,,,,,,,,,,,,,,,,,,,,,,,,,,,,,,,,,,,,,,,,,,,,,,,,,,,,,,,,,,,,,,,,,,,,,,,,,,,,,,,,,,,,,,,,,,,,,,,,,,,,,,,,,,,,,,,,,,,,,,2018,897.214,kamis
2018-02,,,,,,,-0.3120535714285714,29.725,305.0875,1079.5833333333333,109.6,,,15598.404590614267,5242.0,42.0,3.0,14739.119191122072,10460.87566935484,16860.240462227914,1622.0,496.0,3124.0,21.0,11.0,10.0,,2102.8304562624257,3749.21875,,2571.5400450801144,,2819.0221599099104,1820.578231292517,2231.508112414467,,,2932.185532691138,2865.0809942129627,2534.048726556238,,8048.0,1024.0,,159272.0,,3552.0,2352.0,16368.0,,,93741.0,6912.0,59888.0,,16.0,2.0,,76.0,,8.0,10.0,11.0,,,113.0,10.0,43.0,745.1922692307692,2938.0048031243314,,,2869.791563354084,2744.89625167336,,2000.11999339934,3310.8407079646017,,,2556.1521042654026,,2147.9591836734694,,2612.5,,,1723.4559055118111,1884.17086088,1485.7142857142858,1771.6666666666667,1849.1525423728813,2098.209221808511,,2151.3325217391307,,,,,,,,,,4864.864864864865,,,,,,,3104.651162790697,1398.5160965794769,1576.923076923077,2143.8387438040586,,,1449.3327373962038,697.2257818988323,,,,,2422.9623166626598,,2102.8304562624257,3749.21875,,2571.5400450801144,,2819.0221599099104,1820.578231292517,2231.508112414467,,,2932.185532691138,2865.0809942129627,2534.048726556238,,,,,,,,,,,,,,,,,,,,,,,,,,,2063.4712731619124,1988.797542577616,,2010.1188473537215,,,1430.864185185185,1462.82406875,2606.0860215053763,,,,2118.196175757576,,1432.2243441064638,,,1515.903334529792,,1675.693774278846,2162.4595469255664,1238.502024291498,,,,,2016.6666666666667,,,2641.1713806318458,,,,,1860.377358490566,,,,,,,832.0,9346.0,,,26344.0,2988.0,,3333.0,3616.0,,,7385.0,,784.0,,2000.0,,,12700.0,125000.0,700.0,300.0,5900.0,18800.0,,41400.0,,,,,,,,,,370.0,,,,,,,344.0,13916.0,6500.0,72144.0,,,6744.0,149692.0,,,,,8318.0,,8048.0,1024.0,,159272.0,,3552.0,2352.0,16368.0,,,93741.0,6912.0,59888.0,,,,,,,,,,,,,,,,,,,,,,,,,,,497800.0,383300.0,,716100.0,,,2700.0,14400.0,9300.0,,,,122100.0,,26300.0,,,34825.0,,145600.0,7725.0,6175.0,,,,,6600.0,,,265033.0,,,,,2650.0,,,,,,,3.0,26.0,,,52.0,10.0,,10.0,14.0,,,19.0,,3.0,,4.0,,,12.0,17.0,3.0,2.0,7.0,16.0,,15.0,,,,,,,,,,2.0,,,,,,,2.0,8.0,2.0,25.0,,,10.0,17.0,,,,,13.0,,16.0,2.0,,76.0,,8.0,10.0,11.0,,,113.0,10.0,43.0,,,,,,,,,,,,,,,,,,,,,,,,,,,66.0,54.0,,99.0,,,3.0,10.0,8.0,,,,30.0,,19.0,,,39.0,,32.0,7.0,16.0,,,,,4.0,,,88.0,,,,,3.0,,,,,,,,,,,,,,,,,,,,,,,,,,,,,,,,,,,,,,,,,,,,,,,,,,,,,,,,,,,,,,,,,,,,,,,,,,,,,,,,,,,,,,,,,,,,,,,,,,,,,,,,,,,,,,,,,,,,,,,,,,,,,,,,,,,,,,,,,,,,,,,,,,,,,,,,,,,,,,,,,,,,,,,,,,,,,,,,,,,,,,,,,,,,,,,,,,,,,,,,,,,,,,,,,,,,,,,,,,,,,,,,,,,,,,,,,,,,,,,,,,,,,,,,,,,,,,,,,,,,,,,,,,,,,,,,,,,,,,,,,,,,,,,,,,,,,,,,,,,,,,,,2018,897.214,kamis
2018-03,,,,,,,8.241129032258064,95.85,371.125,1071.8857142857141,109.5,,,8710.927339607844,12750.0,89.0,3.0,9261.30290490988,11892.065217391304,8318.154881069042,3218.0,552.0,8980.0,36.0,14.0,39.0,2567.3076923076924,2445.3105254868274,3134.067357512953,,2527.8312041043337,,3631.1808791469193,3552.850539291217,2263.7922797736915,,,2679.0587618997856,2197.7325627906976,2313.4810643320875,832.0,13968.0,3088.0,,176204.0,,6752.0,649.0,28280.0,,,153112.0,6880.0,81328.0,3.0,24.0,5.0,,85.0,,10.0,6.0,18.0,,,139.0,17.0,60.0,,3966.534521554525,3318.30900243309,,3474.5806161939613,2987.5,,3579.6221742431803,4680.216782520325,,,3336.0234087221097,3920.0,,,2559.977868463612,,,2393.823032984293,2493.4433218938884,,2959.4125,2280.0709175531915,3425.661363492064,,2396.374945524017,,,,,,3988.636363636364,,,4535.714285714285,,,,,,,,,1464.8838334946756,1489.3462469733656,1641.6253204608993,,,894.0628637951106,1791.4460752100017,,,1262.750455373406,,1345.5504022568175,2567.3076923076924,2445.3105254868274,3134.067357512953,,2527.8312041043337,,3631.1808791469193,3552.850539291217,2263.7922797736915,,,2679.0587618997856,2197.7325627906976,2313.4810643320875,,,,,,,,,,,,,,,,,,,,,,,,,,,2743.2389851239677,2078.963113608428,,1979.1728184289464,2071.186440677966,,1260.7735977011496,1752.1147363203806,1897.112123041475,,,,,,1716.171003717472,,,1967.2070880644037,1568.642075983718,1980.4459494476373,1983.167654870775,1595.6725773504274,,,,,2245.3015600049134,,,2572.8043215842854,,2774.7080603816576,,,,,,,,,,,23081.0,10275.0,,74324.0,480.0,,10009.0,1968.0,,,9860.0,2925.0,,,37100.0,,,57300.0,148900.0,,3200.0,18800.0,6300.0,,91600.0,,,,,,20064.0,,,896.0,,,,,,,,,8264.0,13216.0,76546.0,,,6013.0,20476.0,,,2196.0,,19142.0,832.0,13968.0,3088.0,,176204.0,,6752.0,649.0,28280.0,,,153112.0,6880.0,81328.0,,,,,,,,,,,,,,,,,,,,,,,,,,,96800.0,683400.0,,533400.0,5900.0,,17400.0,5044.0,21700.0,,,,,,13450.0,,,71425.0,18425.0,267940.0,12575.0,11700.0,,,,,8141.0,,,389450.0,,10533.0,,,,,,,,,,,81.0,10.0,,104.0,4.0,,27.0,8.0,,,12.0,2.0,,,21.0,,,28.0,27.0,,3.0,23.0,4.0,,22.0,,,,,,6.0,,,2.0,,,,,,,,,7.0,4.0,24.0,,,11.0,12.0,,,3.0,,15.0,3.0,24.0,5.0,,85.0,,10.0,6.0,18.0,,,139.0,17.0,60.0,,,,,,,,,,,,,,,,,,,,,,,,,,,28.0,99.0,,131.0,17.0,,6.0,5.0,20.0,,,,,,26.0,,,63.0,23.0,46.0,10.0,17.0,,,,,4.0,,,125.0,,10.0,,,,,,,,,,,,,,,,,,,,,,,,,,,,,,,,,,,,,,,,,,,,,,,,,,,,,,,,,,,,,,,,,,,,,,,,,,,,,,,,,,,,,,,,,,,,,,,,,,,,,,,,,,,,,,,,,,,,,,,,,,,,,,,,,,,,,,,,,,,,,,,,,,,,,,,,,,,,,,,,,,,,,,,,,,,,,,,,,,,,,,,,,,,,,,,,,,,,,,,,,,,,,,,,,,,,,,,,,,,,,,,,,,,,,,,,,,,,,,,,,,,,,,,,,,,,,,,,,,,,,,,,,,,,,,,,,,,,,,,,,,,,,,,,,,,,,,,,,,,,,,,,,,,2018,897.214,kamis
2018-04,,,,,,,13.224583333333333,118.95,393.0125,1067.757142857143,108.5,,,5380.389613191172,16132.0,117.0,3.0,6306.336401709402,8983.79509090909,4575.586359840954,5148.0,924.0,10060.0,46.0,23.0,48.0,3027.2727272727275,1901.2154441564564,2232.472691161867,,2426.5790310900875,,2596.127784978609,1680.7983283102271,1706.1348000244022,,,2398.950140376497,1894.8321034798537,1750.7276471330958,1056.0,16976.0,4028.0,,227468.0,,25244.0,1244.25,32784.0,,,187624.0,8736.0,107712.0,4.0,30.0,7.0,,93.0,,27.0,9.0,35.0,,,184.0,17.0,72.0,,4300.153614539461,3380.7298284734134,,3916.4207046470992,3812.439881548975,1800.0,3985.913382631918,2813.212695652174,,,4008.221910569106,3538.768152173913,4072.663425175581,,1521.9832162436549,,,1567.47978325931,1691.4332303205128,,1409.5270291666668,1457.5860270072994,1776.293995652174,,1359.6642372797355,,,,,,,,,4750.0,4345.588235294118,,,,,,,,,787.7745188749075,699.0034524110529,,,433.08726160337545,793.7176394359349,,,741.5038002171552,,866.2798841100816,3027.2727272727275,1901.2154441564564,2232.472691161867,,2426.5790310900875,,2596.127784978609,1680.7983283102271,1706.1348000244022,,,2398.950140376497,1894.8321034798537,1750.7276471330958,,,,,,,,,,,,,,,,,,,,,,,,,,,2201.5094270491804,2121.3437415653093,,2174.2685675844805,,,717.5438631578947,,2033.1146122727275,,1845.4545454545453,1815.8333333333333,1512.7333331999998,,1728.887173196794,,,2203.273347484909,2251.860215837104,2114.585965321165,1956.1958808027923,1906.922784,,,2352.34375,,2528.076923076923,,,2326.863043841616,,2043.282789637241,,,3734.0116279069766,,,,2107.172899852222,,2301.0990440267933,,32766.0,14575.0,,91003.0,6585.0,55616.0,10859.0,7682.0,,,10578.0,2300.0,5553.0,,39400.0,,,73175.0,156000.0,,19200.0,95900.0,16100.0,,181600.0,,,,,,,,,768.0,1088.0,,,,,,,,,10808.0,55370.0,,,1422.0,16452.0,,,3684.0,,14462.0,1056.0,16976.0,4028.0,,227468.0,,25244.0,1244.25,32784.0,,,187624.0,8736.0,107712.0,,,,,,,,,,,,,,,,,,,,,,,,,,,158600.0,378200.0,,79900.0,,,5700.0,,22000.0,,1100.0,4800.0,25000.0,,56150.0,,,74550.0,22100.0,356125.0,57300.0,10625.0,,,6400.0,,9750.0,,,238837.0,,64037.0,,,1376.0,,,,21992.5,,30754.0,,93.0,18.0,,123.0,10.0,2.0,28.0,31.0,,,19.0,3.0,7.0,,21.0,,,35.0,34.0,,12.0,51.0,9.0,,43.0,,,,,,,,,2.0,2.0,,,,,,,,,5.0,22.0,,,6.0,6.0,,,4.0,,15.0,4.0,30.0,7.0,,93.0,,27.0,9.0,35.0,,,184.0,17.0,72.0,,,,,,,,,,,,,,,,,,,,,,,,,,,23.0,53.0,,13.0,,,2.0,,19.0,,2.0,4.0,5.0,,65.0,,,61.0,10.0,54.0,17.0,15.0,,,20.0,,4.0,,,94.0,,37.0,,,2.0,,,,24.0,,16.0,,,,,,,,,,,,,,,,,,,,,,,,,,,,,,,,,,,,,,,,,,,,,,,,,,,,,,,,,,,,,,,,,,,,,,,,,,,,,,,,,,,,,,,,,,,,,,,,,,,,,,,,,,,,,,,,,,,,,,,,,,,,,,,,,,,,,,,,,,,,,,,,,,,,,,,,,,,,,,,,,,,,,,,,,,,,,,,,,,,,,,,,,,,,,,,,,,,,,,,,,,,,,,,,,,,,,,,,,,,,,,,,,,,,,,,,,,,,,,,,,,,,,,,,,,,,,,,,,,,,,,,,,,,,,,,,,,,,,,,,,,,,,,,,,,,,,,,,,,2018,897.214,kamis
2018-05,,,,,,,18.16975806451613,104.3125,435.65,1076.3899999999999,109.4,,,6638.768993537059,18907.8,151.0,3.0,6675.6710486522015,8289.42984273472,6290.153515514018,6084.0,2123.8,10700.0,55.0,22.0,74.0,,1740.969820921986,1654.1450777202072,,2202.022513904016,,2664.7317851836424,922.4922515727704,1538.5310398099607,3632.583503749148,,2359.670502220877,1477.818010107817,1635.526241855198,,11280.0,3088.0,,220368.0,,43209.0,1134.94,24416.0,1100.25,,161873.0,5936.0,84778.0,,25.0,5.0,,91.0,,45.0,9.0,37.0,4.0,,199.0,12.0,64.0,,3146.4511122752465,2319.387011534277,2872.765363128492,2394.9809694063283,4161.802030456853,,2311.8012613597707,2899.916629396326,,,2334.9789455718696,2049.2248287526427,,,1312.565103125,,,1606.3979727191415,1978.3974710737768,,1670.32883014862,1728.961329752954,2207.334612676056,,1729.4030092233008,1240.1515151515152,,,,,2824.9027237354085,,,5154.606741573034,6269.2307692307695,,,,,,661.6354816354816,,522.0430107526881,880.0786755905513,714.374601743851,,,85.22440677154094,1021.3643790452148,,,1165.3846153846157,,1611.3104648450678,,1740.969820921986,1654.1450777202072,,2202.022513904016,,2664.7317851836424,922.4922515727704,1538.5310398099607,3632.583503749148,,2359.670502220877,1477.818010107817,1635.526241855198,,,,2418.7797822937705,,,,2697.297297297297,,,,,,11451.572718779196,,17574.468085106382,9772.357658536584,,,,,,15748.100092678404,,15900.0,,2844.3752987507805,2524.998483136646,,2321.756277227723,,,1806.25,1555.116962280702,2250.0808111111114,,,,,,1332.1882930982745,,801.2189054726368,1395.8924747097426,1734.12774912892,1413.715031260179,1219.009021929053,1415.5144516891892,1665.1748251748252,1562.5,1556.54347654321,,1358.8527620596203,3113.6095941749654,1272.5819938332663,1563.3710848799196,,1673.7516733433129,,,1515.633866524117,1630.673857922558,,,,1636.4843174532946,1550.225093558782,,44382.0,22975.0,4296.0,212070.0,1576.0,,20577.0,7620.0,,,10693.0,11825.0,,,25600.0,,,111800.0,136900.0,,47100.0,93100.0,78100.0,,185400.0,13200.0,,,,,2570.0,,,1780.0,208.0,,,,,,14430.0,,7440.0,10160.0,78103.0,,,139850.0,52284.0,,,1040.0,,41502.0,,11280.0,3088.0,,220368.0,,43209.0,1134.94,24416.0,1100.25,,161873.0,5936.0,84778.0,,,,51496.0,,,,1850.0,,,,,,802.75,,47.0,451.0,,,,,,539.5,,250.0,,160100.0,322000.0,,70700.0,,,2000.0,11400.0,9900.0,,,,,,66650.0,,30150.0,198100.0,35875.0,632434.0,85275.0,44400.0,3575.0,1400.0,52650.0,,36900.0,28017.0,64702.0,547550.0,,690067.0,,,24319.0,139614.0,,,,70067.0,110476.0,,110.0,25.0,17.0,187.0,4.0,,34.0,12.0,,,16.0,7.0,,,23.0,,,44.0,51.0,,30.0,52.0,32.0,,65.0,4.0,,,,,2.0,,,3.0,2.0,,,,,,5.0,,3.0,5.0,26.0,,,11.0,22.0,,,2.0,,16.0,,25.0,5.0,,91.0,,45.0,9.0,37.0,4.0,,199.0,12.0,64.0,,,,46.0,,,,3.0,,,,,,22.0,,2.0,2.0,,,,,,6.0,,4.0,,33.0,53.0,,17.0,,,2.0,5.0,13.0,,,,,,97.0,,6.0,106.0,44.0,105.0,39.0,41.0,14.0,2.0,46.0,,21.0,12.0,20.0,98.0,,148.0,,,12.0,42.0,,,,7.0,25.0,,,,,,,,,,,,,,,,,,,,,,,,,,,,,,,,,,,,,,,,,,,,,,,,,,,,,,,,,,,,,,,,,,,,,,,,,,,,,,,,,,,,,,,,,,,,,,,,,,,,,,,,,,,,,,,,,,,,,,,,,,,,,,,,,,,,,,,,,,,,,,,,,,,,,,,,,,,,,,,,,,,,,,,,,,,,,,,,,,,,,,,,,,,,,,,,,,,,,,,,,,,,,,,,,,,,,,,,,,,,,,,,,,,,,,,,,,,,,,,,,,,,,,,,,,,,,,,,,,,,,,,,,,,,,,,,,,,,,,,,,,,,,,,,,,,,,,,,,,2018,897.214,kamis
2018-06,,,,,,,22.425941422594143,150.7625,436.275,1092.8,106.8,,,6036.517135301201,17772.2,159.0,3.0,6505.518028985507,8911.960883099306,5554.831428231292,4830.0,1182.2,11760.0,59.0,29.0,71.0,,1481.960004283489,1827.8248177966104,,1604.9364939152747,,1896.7584526739836,770.5862609084807,1213.8491207175175,1748.2758620689656,,1965.1984632128915,1589.4082700569925,1352.3494204190815,,10272.0,1888.0,,221374.0,,63052.0,715.04,24752.0,928.0,,170345.0,9124.0,71776.0,,20.0,2.0,,102.0,,79.0,9.0,25.0,5.0,,189.0,16.0,64.0,,2462.09155770973,1719.1211894675637,,1760.7797454222489,,,1727.3372337437002,2069.599990198798,,,1910.127956249232,1689.039854347826,981.6549570647932,1307.0,1012.939393939394,,,980.9060780153976,1277.0774257206208,725.3197883895899,1090.2169749615964,1010.5355643925232,1540.7863374358976,853.9175257731958,1080.883949569251,1262.6356589147288,978.5981308411216,,,,6262.515254212454,,,3452.5547445255474,7383.668875838926,,,6451.572377104377,,,1000.93172823219,,,1020.7754629629628,1018.516898030551,,,1120.0865633724177,1033.83169653143,,,,,1161.3103329740968,,1481.960004283489,1827.8248177966104,,1604.9364939152747,,1896.7584526739836,770.5862609084807,1213.8491207175175,1748.2758620689656,,1965.1984632128915,1589.4082700569925,1352.3494204190815,,,,2071.278838187118,1200.0,,1217.857142857143,,,1797.3484848484848,,,,2845.869492656876,2417.811664122137,3001.327145210111,3608.5160791134217,,2521.6143933868225,3373.055810625662,,,4645.089495904243,3161.5190278481014,3667.105263157895,,3084.0117711004787,2047.7749006546012,,2188.6729857819905,,,,,,,,,2376.520681265207,1335.1004390625,1069.4287593955833,,,1200.114225547257,1069.6261407635468,1011.505149612292,1012.1385354935072,1170.9893555805245,,1494.4515974193548,1148.2453239718805,,1152.700296735905,1621.669282697295,1105.6349208974011,999.3532378868448,,1058.2532091521127,,,943.8627489966073,1054.430344132951,,945.1931341162956,1071.5397113363365,1146.0938830110665,947.7192875529712,,22076.0,24078.0,,127792.0,,,24206.0,21630.0,,,24411.0,9200.0,2562.0,2000.0,16500.0,,,204575.0,135300.0,243230.0,128243.0,214000.0,19500.0,9700.0,301800.0,25800.0,21400.0,,,,2730.0,,,411.0,596.0,,,14850.0,,,12128.0,,,6912.0,62911.0,,,3582.0,63888.0,,,,,209704.0,,10272.0,1888.0,,221374.0,,63052.0,715.04,24752.0,928.0,,170345.0,9124.0,71776.0,,,,38767.0,960.0,,4480.0,,,4224.0,,,,11984.0,1637.5,36671.0,34627.5,,3084.75,37296.5,,,121619.75,493.75,1216.0,,104500.0,259700.0,,21100.0,,,,,,,,,41100.0,25600.0,64525.0,,,97075.0,40600.0,348200.0,120515.0,66750.0,,11625.0,142250.0,,8425.0,86368.0,111210.0,3882489.6,,1683502.0,,,541164.0,543823.25,,66159.0,266400.0,49338.0,278926.0,,43.0,25.0,,118.0,,,51.0,35.0,,,35.0,4.0,6.0,8.0,13.0,,,62.0,51.0,54.0,53.0,76.0,6.0,4.0,75.0,7.0,9.0,,,,20.0,,,2.0,12.0,,,19.0,,,5.0,,,4.0,22.0,,,12.0,23.0,,,,,36.0,,20.0,2.0,,102.0,,79.0,9.0,25.0,5.0,,189.0,16.0,64.0,,,,22.0,2.0,,2.0,,,3.0,,,,49.0,5.0,66.0,35.0,,15.0,96.0,,,192.0,2.0,3.0,,14.0,29.0,,10.0,,,,,,,,,10.0,3.0,85.0,,,77.0,27.0,103.0,42.0,65.0,,6.0,87.0,,12.0,22.0,30.0,441.0,,137.0,,,95.0,100.0,,8.0,73.0,13.0,88.0,,,,,,,,,,,,,,,,,,,,,,,,,,,,,,,,,,,,,,,,,,,,,,,,,,,,,,,,,,,,,,,,,,,,,,,,,,,,,,,,,,,,,,,,,,,,,,,,,,,,,,,,,,,,,,,,,,,,,,,,,,,,,,,,,,,,,,,,,,,,,,,,,,,,,,,,,,,,,,,,,,,,,,,,,,,,,,,,,,,,,,,,,,,,,,,,,,,,,,,,,,,,,,,,,,,,,,,,,,,,,,,,,,,,,,,,,,,,,,,,,,,,,,,,,,,,,,,,,,,,,,,,,,,,,,,,,,,,,,,,,,,,,,,,,,,,,,,,,,2018,897.214,kamis
2018-07,,,,,,,27.246774193548386,187.4125,443.6875,1122.8,101.9,,,7745.868855942376,9996.0,112.0,3.0,13169.73118061674,11053.209865470852,5852.016992307692,2270.0,446.0,7280.0,29.0,17.0,66.0,4250.0,4412.761368081181,,,2692.010071661952,,3389.722920693928,2315.7894736842104,2332.50783154722,3443.583957048823,2612.5,3159.0693594389386,3553.349922468354,2987.453253798033,496.0,4336.0,,,200776.0,,58104.0,57.0,23888.0,7342.29,192.0,167397.0,5056.0,67140.0,3.0,15.0,,,90.0,,92.0,2.0,29.0,34.0,4.0,256.0,19.0,68.0,,1642.5939224251183,1011.654478976234,,1831.9333316153443,,1252.3699421965318,1498.2738785766423,1866.6274939320388,,,2123.2273217818138,,1974.0576496674057,,682.7272727272727,,,800.0594077989601,1113.068006576981,632.775407361504,826.0623890097933,706.1241881670534,892.4931313704681,427.676775,1103.4126281220804,934.7430830039526,840.4193548387096,2547.428159132007,3793.808954843041,,5249.165298611111,,,5144.0,4107.545249266862,,,4768.421796800955,,3560.1207590569293,810.2106286454958,,1018.4441366574332,1220.18745375,1092.3807848441702,550.0,1231.7733990147783,1011.4373781927712,1141.375915997553,,,,,1032.7018923290386,4250.0,4412.761368081181,,,2692.010071661952,,3389.722920693928,2315.7894736842104,2332.50783154722,3443.583957048823,2612.5,3159.0693594389386,3553.349922468354,2987.453253798033,,,1860.6508033063035,2020.0300897035884,,,,2041.203703703704,,1579.756528335492,,,,3310.7479910205493,2020.0,2773.4068425209093,3862.133543877218,2473.7654537037038,2201.2996114567027,3266.9602165001857,2152.027027027027,2114.7609387005423,4215.118810838656,3791.603474504348,3100.7705479452056,,2959.0515635168445,2448.979602380952,,2269.4094494353826,,,1777.053571428571,,,,,,3326.190391585903,,1036.158536585366,,,939.3429316970692,1000.0,1526.9860035094068,846.3954346895074,1199.700140575774,1782.7067669172932,1414.4724013181983,1141.3945366180048,,925.5,1578.168828675389,2329.743331655762,1054.2385533126885,,1165.842839911345,1221.0836879432625,,950.682987586414,1162.899377496023,1632.83039685651,1398.133088162382,1223.9881378303298,788.4278293451417,978.8936537484956,,15224.0,2188.0,,30656.0,,4325.0,27400.0,13184.0,,,81490.0,,2255.0,,15400.0,,,173100.0,133800.0,1704869.0,183800.0,215500.0,162076.0,13200.0,321100.0,25300.0,15500.0,3318.0,17871.0,,13248.0,,,200.0,7161.0,,,301340.0,,3478.0,18516.0,,4332.0,6400.0,50568.0,392.0,1624.0,8300.0,52308.0,,,,,50450.0,496.0,4336.0,,,200776.0,,58104.0,57.0,23888.0,7342.29,192.0,167397.0,5056.0,67140.0,,,25527.0,82048.0,,,,1728.0,,49408.0,,,,23164.0,3000.0,176833.0,134808.0,486.0,70893.0,128868.25,2368.0,40697.75,156274.0,7187.5,7008.0,,121700.0,16800.0,,79700.0,,,5600.0,,,,,,227000.0,,8200.0,,,19516.0,3100.0,414600.0,11675.0,46025.0,3325.0,68275.0,41100.0,,3125.0,64585.0,1987.0,6055298.15,,1821447.0,17625.0,,299430.0,671505.75,246923.0,225493.0,56156.0,117430.0,287502.0,,26.0,6.0,,57.0,,5.0,53.0,21.0,,,56.0,,8.0,,21.0,,,56.0,44.0,199.0,44.0,60.0,51.0,10.0,94.0,9.0,10.0,7.0,23.0,,44.0,,,3.0,17.0,,,291.0,,10.0,7.0,,7.0,3.0,23.0,2.0,5.0,11.0,21.0,,,,,30.0,3.0,15.0,,,90.0,,92.0,2.0,29.0,34.0,4.0,256.0,19.0,68.0,,,10.0,29.0,,,,3.0,,11.0,,,,80.0,2.0,212.0,152.0,2.0,74.0,241.0,9.0,50.0,291.0,10.0,19.0,,14.0,3.0,,23.0,,,6.0,,,,,,6.0,,22.0,,,22.0,4.0,246.0,9.0,38.0,12.0,27.0,45.0,,5.0,15.0,7.0,544.0,,142.0,7.0,,62.0,105.0,48.0,41.0,12.0,23.0,69.0,,,,,,,,,,,,,,,,,,,,,,,,,,,,,,,,,,,,,,,,,,,,,,,,,,,,,,,,,,,,,,,,,,,,,,,,,,,,,,,,,,,,,,,,,,,,,,,,,,,,,,,,,,,,,,,,,,,,,,,,,,,,,,,,,,,,,,,,,,,,,,,,,,,,,,,,,,,,,,,,,,,,,,,,,,,,,,,,,,,,,,,,,,,,,,,,,,,,,,,,,,,,,,,,,,,,,,,,,,,,,,,,,,,,,,,,,,,,,,,,,,,,,,,,,,,,,,,,,,,,,,,,,,,,,,,,,,,,,,,,,,,,,,,,,,,,,,,,,,2018,897.214,kamis
2018-08,,,,,,,27.84556451612903,368.4125,418.1625,1121.1499999999999,99.9,,,25083.31283630936,9044.5,99.0,3.0,26893.27861927546,24712.799798280805,24135.412101410595,2926.0,872.5,5246.0,34.0,17.0,48.0,,5328.110795250896,6815.740694444444,,6223.950682727137,,4496.829963399939,5763.739463601532,5759.866867693585,4380.0812865616,5610.0,4580.60716759913,4714.233606557377,4143.92003455531,,8928.0,1440.0,,139971.0,,66598.25,326.25,19281.0,5901.0,320.0,171946.0,4880.0,71769.0,,22.0,2.0,,100.0,,101.0,5.0,29.0,29.0,3.0,243.0,12.0,88.0,,2734.9695121951218,2774.468085106383,,2773.3584153074025,,,2306.795487831723,3106.652906765677,,,2920.967215465186,,,1350.0,1168.7870172022683,455.3686934023286,,927.5600409733254,2081.1024302083333,1045.3610506301395,1336.5796708063024,1125.7293422840362,1711.9133993666878,1032.9283710280374,1580.0220723002008,802.4431818181819,988.157894736842,3245.956232159848,3428.003005744253,,3849.8813147118303,,,3846.4818763326234,3898.887284771166,,3455.670161841805,4761.974181342363,,,,2174.043062200957,748.3279439435969,2237.300531914894,1651.3129347039558,,1322.2127393965895,1384.9181509700888,1958.287322376672,1517.0886075949368,,,,1960.3656981441943,,5328.110795250896,6815.740694444444,,6223.950682727137,,4496.829963399939,5763.739463601532,5759.866867693585,4380.0812865616,5610.0,4580.60716759913,4714.233606557377,4143.92003455531,,,,2365.0805729957806,,,2604.4426423841064,2171.153846153846,,1971.6846317164789,2066.914991721854,2373.4177215189875,,4650.198032377841,3622.058823529412,4015.053588292637,5404.000015431146,,3568.505488649135,4202.628099835344,3867.9413305395497,3349.5923529986057,5023.140970453893,4140.605735496211,4606.060606060606,,2718.5451803869832,2790.159928875,,2985.910371011385,,,2231.956201471158,1996.9994669758808,3845.4545454545455,,2165.4307101123595,,2383.839068568075,,,,,1364.2771759419288,,1345.1759693201386,,1378.0944766505636,1854.8810764985728,1290.9675525918296,,,949.9463327370304,1838.98603306236,,1687.0126624245916,,1971.6388614654009,,912.536443148688,1320.3078787589632,2251.878565944149,1757.2004461591257,1906.885337039611,1673.3729755773688,,2359.6295924043684,,3280.0,1175.0,,9564.0,,,8177.0,4848.0,,,156002.0,,,1000.0,52900.0,12368.0,,155467.0,57600.0,1365570.0,107900.0,136898.0,118425.0,10700.0,349100.0,8800.0,3800.0,4204.0,126517.75,,59340.0,,,1876.0,33627.0,,13161.0,681887.0,,,,3344.0,34608.0,6016.0,57379.28,,9148.0,4948.0,38272.0,316.0,,,,24356.0,,8928.0,1440.0,,139971.0,,66598.25,326.25,19281.0,5901.0,320.0,171946.0,4880.0,71769.0,,,,94800.0,,,9664.0,3328.0,,12246.0,9664.0,5056.0,,13466.0,1360.0,182850.75,100349.0,,35592.0,132398.0,3818.0,74259.5,61793.25,23394.75,1584.0,,1023300.0,80000.0,,1352600.0,,,64575.0,53900.0,1100.0,,8900.0,,426000.0,,,,,28930.0,,1205025.0,,15525.0,26275.0,291300.0,,,13975.0,73316.0,,1252846.0,,530012.0,,343.0,71263.0,140319.5,882963.0,35975.0,195802.0,,182210.0,,10.0,3.0,,24.0,,,32.0,13.0,,,122.0,,,2.0,43.0,5.0,,53.0,30.0,243.0,44.0,52.0,46.0,6.0,102.0,8.0,9.0,8.0,104.0,,61.0,,,4.0,41.0,,17.0,418.0,,,,4.0,8.0,5.0,32.0,,3.0,15.0,22.0,2.0,,,,22.0,,22.0,2.0,,100.0,,101.0,5.0,29.0,29.0,3.0,243.0,12.0,88.0,,,,32.0,,,3.0,4.0,,4.0,3.0,5.0,,46.0,8.0,177.0,105.0,,65.0,166.0,13.0,130.0,121.0,20.0,8.0,,133.0,7.0,,134.0,,,20.0,25.0,2.0,,9.0,,76.0,,,,,13.0,,386.0,,24.0,28.0,101.0,,,11.0,16.0,,154.0,,80.0,,4.0,46.0,36.0,58.0,13.0,44.0,,52.0,,,,,,,,,,,,,,,,,,,,,,,,,,,,,,,,,,,,,,,,,,,,,,,,,,,,,,,,,,,,,,,,,,,,,,,,,,,,,,,,,,,,,,,,,,,,,,,,,,,,,,,,,,,,,,,,,,,,,,,,,,,,,,,,,,,,,,,,,,,,,,,,,,,,,,,,,,,,,,,,,,,,,,,,,,,,,,,,,,,,,,,,,,,,,,,,,,,,,,,,,,,,,,,,,,,,,,,,,,,,,,,,,,,,,,,,,,,,,,,,,,,,,,,,,,,,,,,,,,,,,,,,,,,,,,,,,,,,,,,,,,,,,,,,,,,,,,,,,,2018,897.214,kamis
2018-09,,,,,,,20.953333333333333,100.4875,372.4625,1120.6000000000001,100.9,,,41440.31365096651,7346.0,99.0,3.0,48325.73813381885,50973.73183193277,37232.056719024185,2197.0,476.0,4673.0,39.0,19.0,41.0,8541.666666666666,9478.88621794872,9916.666618181818,,12207.833059631675,,10695.985104475105,8198.611111111111,9212.87419556525,10502.245871778912,,12036.181784262888,9623.0,10473.869451699533,192.0,2496.0,880.0,,78029.0,,38686.25,144.0,11004.0,2008.25,,68173.25,1360.0,39099.0,3.0,9.0,3.0,,66.0,,68.0,4.0,19.0,12.0,,167.0,4.0,49.0,,6116.477272727273,,,6906.20575924803,,,4542.234332425068,5432.413282994924,,,5614.851499407516,4942.2535211267605,5636.261261261261,,1746.987910535406,1501.882911392405,,1423.5803062270772,2331.350761764706,1278.253490555829,1830.00192979684,1373.2867647887326,1857.1662909654103,717.2222222222222,1880.4026353091144,1660.3658536585365,1247.3275862068965,,2616.4115700580437,,3012.180079260072,,2956.25,3700.53264436554,2257.9778517813725,,2693.9859027326324,4224.430495638122,,,,,1586.058065695098,2506.733746130031,2617.251237496919,,2603.374335106383,1589.3392234332423,2391.6982488548097,,,1712.5,,2885.7681755829904,8541.666666666666,9478.88621794872,9916.666618181818,,12207.833059631675,,10695.985104475105,8198.611111111111,9212.87419556525,10502.245871778912,,12036.181784262888,9623.0,10473.869451699533,2808.0357433035715,,2623.333258332398,2035.69656378106,,,2337.5,2086.110103785192,1986.728153237952,1820.0488997555008,1924.107142857143,2046.75572519084,,6712.5,866.6666666666666,3752.636853749133,4464.14271555996,,4023.58870967742,3601.259695437201,,3706.722067510473,3333.333333333333,,5180.970149253732,,2197.379925341236,2511.7885911680914,,2553.728189218079,1677.203647416413,1304.1420777196304,1669.5317366014494,1031.351373253275,1094.8,984.4444444444443,1340.909090909091,,2468.1963931207288,1676.148796498906,,,,2627.0722904761906,3298.550689855072,3908.111022571624,,2472.4545545454544,3106.70390055866,2944.38305745482,,,,,1406.4212999216916,1958.4540567861263,,613.1549609810479,,,,1825.7780507780508,1162.230097247404,,,,,,704.0,,,3298.0,,,1468.0,3152.0,,,69200.0,1775.0,1776.0,,57900.0,15800.0,,50714.0,30600.0,247666.0,44300.0,49700.0,48425.0,5400.0,156900.0,16400.0,11600.0,,108196.0,,63790.0,,2400.0,26755.0,37836.0,,44609.0,500787.75,,,,,87556.0,5168.0,55186.4,,3008.0,2936.0,20084.0,,,240.0,,11664.0,192.0,2496.0,880.0,,78029.0,,38686.25,144.0,11004.0,2008.25,,68173.25,1360.0,39099.0,3584.0,,71288.0,139728.0,,,2240.0,55268.0,21248.0,14724.0,8960.0,8384.0,,512.0,75.0,61247.5,7567.5,,1984.0,18607.0,,112249.25,37500.0,,1072.0,,556800.0,245700.0,,1639949.0,8225.0,8981.0,32149.0,91600.0,5000.0,900.0,5500.0,,219500.0,11425.0,,,,18900.0,1725.0,473825.0,,2200.0,4475.0,132800.0,,,,,2554.0,146409.0,,7176.0,,,,4884.0,6067.0,,,,,,4.0,,,10.0,,,12.0,9.0,,,86.0,2.0,11.0,,48.0,6.0,,32.0,22.0,92.0,28.0,34.0,31.0,3.0,48.0,6.0,14.0,,68.0,,62.0,,6.0,7.0,36.0,,25.0,237.0,,,,,7.0,5.0,33.0,,5.0,9.0,14.0,,,2.0,,10.0,3.0,9.0,3.0,,66.0,,68.0,4.0,19.0,12.0,,167.0,4.0,49.0,2.0,,16.0,38.0,,,3.0,22.0,6.0,4.0,7.0,3.0,,2.0,2.0,59.0,18.0,,8.0,34.0,,120.0,2.0,,6.0,,74.0,47.0,,153.0,7.0,13.0,20.0,37.0,12.0,5.0,8.0,,31.0,6.0,,,,26.0,5.0,218.0,,5.0,14.0,48.0,,,,,7.0,53.0,,11.0,,,,8.0,2.0,,,,,,,,,,,,,,,,,,,,,,,,,,,,,,,,,,,,,,,,,,,,,,,,,,,,,,,,,,,,,,,,,,,,,,,,,,,,,,,,,,,,,,,,,,,,,,,,,,,,,,,,,,,,,,,,,,,,,,,,,,,,,,,,,,,,,,,,,,,,,,,,,,,,,,,,,,,,,,,,,,,,,,,,,,,,,,,,,,,,,,,,,,,,,,,,,,,,,,,,,,,,,,,,,,,,,,,,,,,,,,,,,,,,,,,,,,,,,,,,,,,,,,,,,,,,,,,,,,,,,,,,,,,,,,,,,,,,,,,,,,,,,,,,,,,,,,,,,,,,,,2018,897.214,kamis
2018-10,,,,,,,13.113306451612903,132.0625,350.225,1130.8142857142857,100.1,,,10160.380876722867,15599.0,151.0,3.0,12758.590596588656,12991.94851184834,8565.609282816842,5042.0,844.0,9713.0,57.0,20.0,74.0,2475.675675675676,3339.914360119048,3141.127071942446,,3144.546311389791,,3323.639922345531,2818.5344827586205,2042.149417133707,4052.5779067544,2575.0,3919.518805576786,2917.8621611328126,2538.0181822411378,592.0,6720.0,2224.0,,200469.0,,66680.0,464.0,19984.0,4445.25,240.0,129537.0,4096.0,75658.0,7.0,15.0,6.0,,104.0,,91.0,5.0,28.0,26.0,5.0,234.0,10.0,60.0,,4646.104265402843,3932.9380679841897,,5239.76131324049,,,4697.7648202138,3902.906300860265,,,5557.654432166985,4043.228125,5164.948453608247,,1091.6536912451363,1046.428571428571,,1121.438164453524,1400.1392884726226,1223.725448858686,1255.6320383064517,1109.2616058020478,1552.1227109285128,1000.3333333333334,1461.373994846154,1062.0370472222223,1143.3673469387754,,2764.35945969199,,2757.813713388748,,1671.428571428571,,2411.598013438504,,3151.4069576536726,3186.080748356013,,,,1227.217741935484,736.5880211940155,1916.376724655069,1636.548258900104,,1304.089904200442,1254.14326290772,1732.983396753638,,,1456.2890442890443,,1744.951855295736,2475.675675675676,3339.914360119048,3141.127071942446,,3144.546311389791,,3323.639922345531,2818.5344827586205,2042.149417133707,4052.5779067544,2575.0,3919.518805576786,2917.8621611328126,2538.0181822411378,,,2615.2415110388392,2487.861237614679,,,,,2090.029182879377,,,,,,,2269.8303534545453,,,2077.6119402985078,2781.576932891044,,2808.595091407678,,,,,1710.266593774773,2115.4903681310498,,2174.2149191517506,1545.3333333333333,1073.469387755102,1172.8820891603054,1106.9035213070115,1043.8047832669322,1359.6534823728814,1167.1481770428015,1194.1176470588234,1635.794450515464,,3874.812030075188,,,5075.353773584906,3898.5463643896974,4188.027060452301,2735.849056603773,3905.3801,4239.5,2565.700802886465,,,,,,1349.6265982887926,,1231.5643873512374,,,1637.9635449402892,1818.734793187348,,,,,1329.485991837961,,5275.0,6325.0,,9622.0,,,6174.0,4301.0,,,51214.0,4600.0,1552.0,,51400.0,4200.0,,97900.0,69400.0,57390.0,74400.0,87900.0,30425.0,3000.0,260000.0,14400.0,9800.0,,11623.0,,28031.0,,350.0,,3423.0,,21702.0,30718.0,,,,1488.0,62093.0,6668.0,60533.0,,5428.0,6101.0,46452.0,,,4290.0,,21810.0,592.0,6720.0,2224.0,,200469.0,,66680.0,464.0,19984.0,4445.25,240.0,129537.0,4096.0,75658.0,,,159890.0,34880.0,,,,,16448.0,,,,,,,6875.0,,,3350.0,3919.0,,16191.2,,,,,428900.0,402900.0,,1194460.0,1500.0,14700.0,131000.0,146900.0,25100.0,29500.0,51400.0,4675.0,155200.0,,6650.0,,,10600.0,22325.0,480875.0,1325.0,5700.0,3000.0,155900.0,,,,,,284010.0,,73019.0,,,6364.0,9042.0,,,,,39941.0,,23.0,13.0,,40.0,,,20.0,20.0,,,75.0,3.0,6.0,,28.0,2.0,,45.0,36.0,37.0,32.0,44.0,13.0,4.0,76.0,4.0,12.0,,30.0,,32.0,,3.0,,11.0,,11.0,68.0,,,,3.0,11.0,4.0,27.0,,7.0,12.0,24.0,,,13.0,,21.0,7.0,15.0,6.0,,104.0,,91.0,5.0,28.0,26.0,5.0,234.0,10.0,60.0,,,49.0,25.0,,,,,8.0,,,,,,,8.0,,,5.0,9.0,,24.0,,,,,69.0,73.0,,127.0,3.0,37.0,45.0,47.0,31.0,22.0,71.0,2.0,29.0,,25.0,,,12.0,20.0,169.0,4.0,17.0,14.0,54.0,,,,,,144.0,,43.0,,,6.0,9.0,,,,,31.0,,,,,,,,,,,,,,,,,,,,,,,,,,,,,,,,,,,,,,,,,,,,,,,,,,,,,,,,,,,,,,,,,,,,,,,,,,,,,,,,,,,,,,,,,,,,,,,,,,,,,,,,,,,,,,,,,,,,,,,,,,,,,,,,,,,,,,,,,,,,,,,,,,,,,,,,,,,,,,,,,,,,,,,,,,,,,,,,,,,,,,,,,,,,,,,,,,,,,,,,,,,,,,,,,,,,,,,,,,,,,,,,,,,,,,,,,,,,,,,,,,,,,,,,,,,,,,,,,,,,,,,,,,,,,,,,,,,,,,,,,,,,,,,,,,,,,,,,,,2018,897.214,kamis
2018-11,,,,,,,8.280833333333334,40.675,309.425,1128.581818181818,96.4,,,5553.345983962448,10226.0,97.0,3.0,8200.962404202719,7828.039593830334,3889.244508692853,3236.0,778.0,6212.0,35.0,25.0,37.0,,2060.7479909638555,,,1931.530147346505,,1841.632207818159,2072.28323699422,1008.042180490262,2204.1666666666665,,1792.2933494610356,1505.864051660517,1446.6770910105697,,5312.0,,,184436.0,,32028.0,346.0,23824.0,960.0,,125333.0,4336.0,57334.0,,15.0,,,108.0,,46.0,5.0,32.0,3.0,,194.0,16.0,47.0,,3864.794615920167,3887.350119904077,,4670.37595667675,3929.14498141264,,2748.301866051823,4180.619266055046,,,3805.377176911441,4660.240963855422,,,1117.043106873977,2059.5238095238096,,1058.489922670025,1129.5692611872146,,1009.5253726465364,834.1172580530973,1871.4622647798744,,1214.259435576923,582.0833333333334,1402.5,,,,3513.0269843675983,,,,4250.0,,3418.5185185185187,,,,,986.369104908566,805.9364343063664,1315.4191616766468,1207.2367607488477,,1571.764705882353,933.2455639030612,1590.7042697209806,1473.8372093023256,,808.643006263048,,1800.6852001177572,,2060.7479909638555,,,1931.530147346505,,1841.632207818159,2072.28323699422,1008.042180490262,2204.1666666666665,,1792.2933494610356,1505.864051660517,1446.6770910105697,,,2996.2640169656515,1154.844112755102,,,,845.4861111111111,,2010.7142857142856,,,,,,,,,,,,,,,,1400.0,1742.7524383571426,2070.844576749924,1516.923076923077,2451.7285528163266,,1513.9160839160838,1137.4219960747664,1389.5109842889906,1409.811846774193,,1913.931381530343,1282.857142857143,1732.5734032258065,2223.580326508785,2280.346051464064,,,2129.7745901639346,2579.2612783112586,2266.986711575055,2535.1493848857644,2823.183856502242,,1830.4936550925927,1401.1363636363635,,2448.4375,,,1205.3042696998073,,903.5864615047352,,,552.7297332981252,,,,,,910.5016313213704,,4309.0,10425.0,,9256.0,4035.0,,4554.0,1744.0,,,14544.0,2075.0,,,61100.0,4200.0,,79400.0,87600.0,,56300.0,113000.0,31800.0,,197600.0,4800.0,12000.0,,,,10555.0,,,,256.0,,2025.0,,,,,4156.0,35970.0,2672.0,114442.5,,2550.0,15680.0,162175.0,344.0,,2395.0,,57746.0,,5312.0,,,184436.0,,32028.0,346.0,23824.0,960.0,,125333.0,4336.0,57334.0,,,172584.0,31360.0,,,,2304.0,,2240.0,,,,,,,,,,,,,,,,500.0,140000.0,324300.0,2600.0,735000.0,,14300.0,53500.0,87200.0,6200.0,,37900.0,700.0,161200.0,32725.0,28175.0,,,6100.0,60400.0,610131.0,28450.0,5575.0,,43200.0,1100.0,,6400.0,,,451743.0,,22808.0,,,30296.0,,,,,,9808.0,,17.0,17.0,,37.0,10.0,,18.0,9.0,,,37.0,3.0,,,23.0,3.0,,36.0,27.0,,32.0,50.0,14.0,,63.0,3.0,7.0,,,,6.0,,,,2.0,,2.0,,,,,4.0,10.0,2.0,34.0,,7.0,17.0,26.0,2.0,,7.0,,40.0,,15.0,,,108.0,,46.0,5.0,32.0,3.0,,194.0,16.0,47.0,,,40.0,24.0,,,,5.0,,2.0,,,,,,,,,,,,,,,,2.0,29.0,60.0,4.0,86.0,,9.0,20.0,37.0,5.0,,24.0,2.0,19.0,24.0,51.0,,,9.0,21.0,102.0,18.0,15.0,,10.0,2.0,,19.0,,,187.0,,19.0,,,35.0,,,,,,11.0,,,,,,,,,,,,,,,,,,,,,,,,,,,,,,,,,,,,,,,,,,,,,,,,,,,,,,,,,,,,,,,,,,,,,,,,,,,,,,,,,,,,,,,,,,,,,,,,,,,,,,,,,,,,,,,,,,,,,,,,,,,,,,,,,,,,,,,,,,,,,,,,,,,,,,,,,,,,,,,,,,,,,,,,,,,,,,,,,,,,,,,,,,,,,,,,,,,,,,,,,,,,,,,,,,,,,,,,,,,,,,,,,,,,,,,,,,,,,,,,,,,,,,,,,,,,,,,,,,,,,,,,,,,,,,,,,,,,,,,,,,,,,,,,,,,,,,,,,,2018,897.214,kamis
2018-12,,,,,,,1.4838709677419355,33.325,304.0375,1122.895,97.6,,,5833.574154817861,13616.0,110.0,3.0,6025.37385,8879.070836363637,5637.726363672814,3200.0,440.0,9976.0,38.0,15.0,57.0,,1490.447254854369,1159.2261904761904,,2068.91445985006,,1839.408666871166,,1366.1942144896502,1740.7371794871794,,2032.7605281975843,1598.725177797834,1400.8779356788564,,4944.0,1344.0,,171669.0,,19560.0,,22416.0,1248.0,,129160.0,4432.0,56249.0,,13.0,2.0,,94.0,,32.0,,27.0,8.0,,167.0,11.0,49.0,,4077.626023316062,3168.949771689497,,3298.8514358848142,3821.302181755712,,3045.82875960483,4363.75,,,3346.8063561302383,2817.2838962962965,,,1988.139917530864,,,1820.0817938144328,2037.69567318236,2737.5,1568.4343509090909,1841.1146690170935,2508.8118941544885,,1774.7341442492852,,,,,,,,,3710.937515625,,,2700.990099009901,,,,1277.6001948420967,1009.4343498293516,771.9592963101006,1011.0481586402266,1085.8244644470324,,1463.8376383763837,1016.951742627346,1870.6321506979416,,,686.3636363636364,,2092.502960125654,,1490.447254854369,1159.2261904761904,,2068.91445985006,,1839.408666871166,,1366.1942144896502,1740.7371794871794,,2032.7605281975843,1598.725177797834,1400.8779356788564,,,3774.85174491966,,,,,1757.8125,,,,,,,,,,,,,,,,,,,2205.516423264012,2354.377087059175,,2305.2984426450744,,,2113.076923076923,1720.9754410526318,2184.643009929078,,1400.0,,1591.062410756972,,2356.4764834262546,,,1931.2316176470588,,2081.0726541164136,2177.5136225385527,2471.119224087592,,1113.8461538461538,2005.905511811024,,,,,2640.113702208605,,2590.1360544217687,,,1071.6564417177915,,,,,,,,8492.0,5475.0,,8126.0,5821.0,,3644.0,640.0,,,6419.0,2700.0,,,40500.0,,,29100.0,83900.0,1600.0,16500.0,46800.0,47900.0,,51411.0,,,,,,,,,512.0,,,2525.0,,,,147812.0,11720.0,5366.0,5648.0,45938.5,,1084.0,5595.0,181104.0,,,308.0,,230474.0,,4944.0,1344.0,,171669.0,,19560.0,,22416.0,1248.0,,129160.0,4432.0,56249.0,,,67712.0,,,,,1024.0,,,,,,,,,,,,,,,,,,,212775.0,334600.0,,370500.0,,,5200.0,9500.0,7050.0,,200.0,,25100.0,,49325.0,,,6800.0,,95350.0,42150.0,6850.0,,1300.0,12700.0,,,,,207914.0,,2940.0,,,4075.0,,,,,,,,43.0,8.0,,28.0,10.0,,11.0,5.0,,,14.0,2.0,,,20.0,,,19.0,32.0,3.0,12.0,29.0,13.0,,39.0,,,,,,,,,2.0,,,2.0,,,,10.0,4.0,8.0,2.0,20.0,,2.0,10.0,37.0,,,2.0,,39.0,,13.0,2.0,,94.0,,32.0,,27.0,8.0,,167.0,11.0,49.0,,,23.0,,,,,2.0,,,,,,,,,,,,,,,,,,,32.0,56.0,,72.0,,,6.0,13.0,5.0,,2.0,,8.0,,76.0,,,8.0,,30.0,13.0,21.0,,2.0,17.0,,,,,108.0,,4.0,,,11.0,,,,,,,,,,,,,,,,,,,,,,,,,,,,,,,,,,,,,,,,,,,,,,,,,,,,,,,,,,,,,,,,,,,,,,,,,,,,,,,,,,,,,,,,,,,,,,,,,,,,,,,,,,,,,,,,,,,,,,,,,,,,,,,,,,,,,,,,,,,,,,,,,,,,,,,,,,,,,,,,,,,,,,,,,,,,,,,,,,,,,,,,,,,,,,,,,,,,,,,,,,,,,,,,,,,,,,,,,,,,,,,,,,,,,,,,,,,,,,,,,,,,,,,,,,,,,,,,,,,,,,,,,,,,,,,,,,,,,,,,,,,,,,,,,,,,,,,,,,,,,,,,2018,897.214,kamis
2019-01,,,,,,,-0.028629032258064523,13.1875,311.8,1122.0,98.3,,,7642.648455670972,15653.4,135.0,3.0,8654.96879057,9471.097247563352,7058.17622933438,4954.4,513.0,10186.0,58.0,19.0,58.0,,2050.661518041237,2183.680555555556,,2420.6396868440165,,2979.700616766467,2246.0,1732.7272912143826,2108.333333333333,,2656.987322979136,2172.5260030800823,1901.5563687105207,,7760.0,2304.0,,176204.84,,6680.0,80.0,23584.0,384.0,,128064.0,7792.0,73456.0,,21.0,5.0,,100.0,,19.0,2.0,23.0,5.0,,180.0,14.0,57.0,,3800.8309069981583,2744.186046511628,,3783.199121659634,2376.315789473684,,2359.852374839538,2992.3519736842104,,,3259.70047583872,,,,1866.56,,,2578.37578125,2068.778373606371,2399.9999917293235,2271.714285714286,1409.912735078534,2293.037655991285,,2043.380471742916,,1596.5625,,,,5583.333333333333,,,,4281.25,,,,,,,,685.1203501094092,1242.524105359461,1099.6455894820192,,1214.6173469387754,745.2326050933785,1839.6440492362883,,,,,1420.2378090111642,,2050.661518041237,2183.680555555556,,2420.6396868440165,,2979.700616766467,2246.0,1732.7272912143826,2108.333333333333,,2656.987322979136,2172.5260030800823,1901.5563687105207,,,,,,,,,,,,,,,,,,,,,,,,,,,2007.1838786682736,2205.5420740545296,,2547.870563904144,,,1400.2834714285714,2528.6268232704406,2617.4261354430378,,,,,,2036.6127301470588,,,2012.2994368644067,1791.1611375328084,2148.6774324944463,1845.8885254966888,2282.734536567164,,570.8139534883721,1585.9688392523365,1272.5489843137254,2054.640522875817,596.0299088903971,,3526.737688521057,,3098.626716604245,,,,,,,,,,,7602.0,1075.0,,22752.0,608.0,,3116.0,2432.0,,,3249.0,,,,12500.0,,,12800.0,87900.0,13300.0,700.0,19100.0,45900.0,,56853.0,,3200.0,,,,576.0,,,,384.0,,,,,,,,35646.0,6263.13,76586.55999999998,,3920.0,11780.0,188101.1,,,,,65208.0,,7760.0,2304.0,,176204.84,,6680.0,80.0,23584.0,384.0,,128064.0,7792.0,73456.0,,,,,,,,,,,,,,,,,,,,,,,,,,,331900.0,341100.0,,974882.0,,,4200.0,15900.0,7900.0,,,,,,40800.0,,,23600.0,19050.0,191762.0,15100.0,6700.0,,4300.0,13375.0,1275.0,3825.0,11788.0,,176288.0,,4005.0,,,,,,,,,,,20.0,4.0,,47.0,3.0,,20.0,13.0,,,19.0,,,,19.0,,,10.0,28.0,2.0,2.0,17.0,16.0,,32.0,,3.0,,,,2.0,,,,2.0,,,,,,,,7.0,4.0,45.0,,4.0,15.0,28.0,,,,,20.0,,21.0,5.0,,100.0,,19.0,2.0,23.0,5.0,,180.0,14.0,57.0,,,,,,,,,,,,,,,,,,,,,,,,,,,41.0,67.0,,109.0,,,4.0,10.0,4.0,,,,,,60.0,,,43.0,8.0,45.0,4.0,20.0,,2.0,24.0,3.0,13.0,2.0,,99.0,,6.0,,,,,,,,,,,,,,,,,,,,,,,,,,,,,,,,,,,,,,,,,,,,,,,,,,,,,,,,,,,,,,,,,,,,,,,,,,,,,,,,,,,,,,,,,,,,,,,,,,,,,,,,,,,,,,,,,,,,,,,,,,,,,,,,,,,,,,,,,,,,,,,,,,,,,,,,,,,,,,,,,,,,,,,,,,,,,,,,,,,,,,,,,,,,,,,,,,,,,,,,,,,,,,,,,,,,,,,,,,,,,,,,,,,,,,,,,,,,,,,,,,,,,,,,,,,,,,,,,,,,,,,,,,,,,,,,,,,,,,,,,,,,,,,,,,,,,,,,,,,,,,,,,,,2019,863.5148,kamis
2019-02,,,,,,,2.002232142857143,34.9625,304.975,1122.4470588235292,100.4,,,5519.915808150644,11441.06,101.0,3.0,6005.3399644130095,7144.261135911603,5054.922736143187,3608.06,905.0,6928.0,35.0,22.0,44.0,1744.047619047619,1247.041913768116,1495.4545454545455,,1491.027604221461,,1781.740893678161,1102.03125,1260.2568951612902,,,1465.9467239709445,1358.4308578595317,1122.4034054536187,336.0,5520.0,1760.0,,122158.1708,,5568.0,256.0,16864.0,,,90860.0,4784.0,47088.0,2.0,11.0,4.0,,58.0,,12.0,2.0,21.0,,,125.0,10.0,30.0,,3654.826888734185,,2820.945945945946,2994.123205659568,,,2753.9385984730848,3400.2975758928574,2530.3442028985505,,3999.570644325008,3513.3332666666665,3144.736842105264,,2364.285714285714,,,2023.4848484848485,2106.1592178770948,1848.027602366864,,2307.692307692308,2172.040220689655,,2230.935408092485,,,,,,,,,,,,,,,,,,765.24064171123,,953.1434077447994,,,756.2097684630738,1321.4149918220355,,,,,818.0196639219121,1744.047619047619,1247.041913768116,1495.4545454545455,,1491.027604221461,,1781.740893678161,1102.03125,1260.2568951612902,,,1465.9467239709445,1358.4308578595317,1122.4034054536187,,,,,,,,,,,,,,,,,,,,,,,,,,,2250.692217428925,1791.289827046365,,2400.7954742627203,,,1788.392862337662,1611.352657004831,2099.6007693023257,,,,2019.890207142857,2771.931822727273,2502.6202920873125,,,2476.617570544919,2138.4358122931444,2396.837984935901,,2958.3783783783783,,,1951.5710738154612,,2433.0,,,2144.705404093265,,2230.6030520316235,,,,,,,,,,,16519.0,,592.0,41982.0,,,7728.0,1792.0,1656.0,,3163.0,1125.0,608.0,,11200.0,,,26400.0,89500.0,16900.0,,1300.0,11600.0,,51900.0,,,,,,,,,,,,,,,,,,1870.0,,59853.455,,,4509.0,106628.0,,,,,79910.0,336.0,5520.0,1760.0,,122158.1708,,5568.0,256.0,16864.0,,,90860.0,4784.0,47088.0,,,,,,,,,,,,,,,,,,,,,,,,,,,404500.0,349400.0,,370280.0,,,7700.0,20700.0,21500.0,,,,30800.0,9900.0,36650.0,,,16975.0,10575.0,264669.0,,2775.0,,,10025.0,,2500.0,,,158602.0,,10878.0,,,,,,,,,,,42.0,,5.0,47.0,,,18.0,5.0,2.0,,4.0,2.0,6.0,,8.0,,,9.0,23.0,4.0,,3.0,6.0,,15.0,,,,,,,,,,,,,,,,,,3.0,,22.0,,,7.0,18.0,,,,,19.0,2.0,11.0,4.0,,58.0,,12.0,2.0,21.0,,,125.0,10.0,30.0,,,,,,,,,,,,,,,,,,,,,,,,,,,68.0,82.0,,60.0,,,3.0,16.0,19.0,,,,5.0,4.0,37.0,,,33.0,2.0,37.0,,11.0,,,17.0,,12.0,,,61.0,,4.0,,,,,,,,,,,,,,,,,,,,,,,,,,,,,,,,,,,,,,,,,,,,,,,,,,,,,,,,,,,,,,,,,,,,,,,,,,,,,,,,,,,,,,,,,,,,,,,,,,,,,,,,,,,,,,,,,,,,,,,,,,,,,,,,,,,,,,,,,,,,,,,,,,,,,,,,,,,,,,,,,,,,,,,,,,,,,,,,,,,,,,,,,,,,,,,,,,,,,,,,,,,,,,,,,,,,,,,,,,,,,,,,,,,,,,,,,,,,,,,,,,,,,,,,,,,,,,,,,,,,,,,,,,,,,,,,,,,,,,,,,,,,,,,,,,,,,,,,,,,,,,,,,,,2019,863.5148,kamis
2019-03,,,,,,,6.946774193548387,29.3125,370.825,1130.72,100.7,,,7664.579296268614,17393.0,142.0,3.0,7344.865421547361,10102.029430324275,7570.132146268655,5532.0,1141.0,10720.0,58.0,33.0,51.0,2033.3333333333333,1826.971953559028,2421.685082872928,,1900.8555290229808,,2613.050921825397,1422.3380726698265,1921.374539367182,,,1943.5598933248928,1730.870142387218,1880.265835604684,768.0,9216.0,2896.0,,209570.48,,10080.0,1266.0,21744.0,,,183248.0,8512.0,79248.0,4.0,17.0,5.0,,96.0,,16.0,7.0,27.0,,,207.0,15.0,45.0,,4637.194376965163,3980.46992481203,4291.891851105651,4311.0314937831245,,,3711.9505932100633,3583.2644628099174,,,4694.632206759444,3996.052638947369,3935.483870967742,,2491.948051948052,,,2195.6152166392094,2703.0555326277035,1617.9245283018868,2285.4166666666665,2384.94623655914,2267.0779699570817,,2034.6488403606104,,,,,,3583.98440625,,,,4546.875,,,,,,,501.2809564474808,661.260162601626,,766.5616908160083,,952.4475524475524,620.0093442065919,861.9314875892965,,,,,827.4194591949899,2033.3333333333333,1826.971953559028,2421.685082872928,,1900.8555290229808,,2613.050921825397,1422.3380726698265,1921.374539367182,,,1943.5598933248928,1730.870142387218,1880.265835604684,,,,,,,,,,,,,,,,,,,,,,,,,,,2205.272713494888,2047.956571367724,,2176.5199383968798,,,1460.883608910891,1444.672998101266,2798.432536309524,,,1487.5,1846.878812787524,2521.863677536232,2726.02501308311,,,2538.5289922431866,,2774.8389445428115,3389.747968780488,2588.8324695187166,,,2611.623931623932,,2560.358744394619,,,2257.31422855408,,2407.3924296344226,,,,,,,,,,,28878.0,6650.0,2035.0,69247.0,,,13196.0,1936.0,,,5533.0,4750.0,496.0,,15400.0,,,60700.0,108650.0,15900.0,1200.0,18600.0,23300.0,,72100.0,,,,,,20480.0,,,,512.0,,,,,,,1171.0,98400.0,,80639.87999999999,,2288.0,8829.0,33036.0,,,,,30658.0,768.0,9216.0,2896.0,,209570.48,,10080.0,1266.0,21744.0,,,183248.0,8512.0,79248.0,,,,,,,,,,,,,,,,,,,,,,,,,,,442575.0,422600.0,,861320.0,,,10100.0,15800.0,16800.0,,,2000.0,256500.0,27600.0,46625.0,,,23850.0,,290296.0,5125.0,9350.0,,,8775.0,,5575.0,,,303018.0,,18546.0,,,,,,,,,,,49.0,2.0,8.0,100.0,,,44.0,7.0,,,7.0,6.0,4.0,,22.0,,,36.0,34.0,4.0,3.0,20.0,6.0,,23.0,,,,,,3.0,,,,3.0,,,,,,,4.0,8.0,,34.0,,2.0,16.0,24.0,,,,,27.0,4.0,17.0,5.0,,96.0,,16.0,7.0,27.0,,,207.0,15.0,45.0,,,,,,,,,,,,,,,,,,,,,,,,,,,61.0,62.0,,111.0,,,7.0,10.0,12.0,,,2.0,30.0,20.0,33.0,,,53.0,,55.0,8.0,12.0,,,12.0,,26.0,,,104.0,,14.0,,,,,,,,,,,,,,,,,,,,,,,,,,,,,,,,,,,,,,,,,,,,,,,,,,,,,,,,,,,,,,,,,,,,,,,,,,,,,,,,,,,,,,,,,,,,,,,,,,,,,,,,,,,,,,,,,,,,,,,,,,,,,,,,,,,,,,,,,,,,,,,,,,,,,,,,,,,,,,,,,,,,,,,,,,,,,,,,,,,,,,,,,,,,,,,,,,,,,,,,,,,,,,,,,,,,,,,,,,,,,,,,,,,,,,,,,,,,,,,,,,,,,,,,,,,,,,,,,,,,,,,,,,,,,,,,,,,,,,,,,,,,,,,,,,,,,,,,,,,,,,,,,,,2019,863.5148,kamis
2019-04,,,,,,,11.801666666666668,90.025,392.75,1140.95,102.6,,,7744.119972821286,18993.54,175.0,3.0,8713.148070973808,9511.790327365728,7037.299637107776,5701.54,1564.0,11728.0,71.0,37.0,67.0,2846.590909090909,2019.8130498533724,2235.042735042735,,1971.2539856142075,,2261.3412473352714,1220.381472891566,1793.7101077981654,2425.128205128205,,2154.987844754585,1743.5464627659574,1899.369449414634,704.0,10912.0,1872.0,,234853.1572,,16512.0,1328.0,22672.0,624.0,,173828.0,8272.0,82000.0,5.0,28.0,4.0,,106.0,,27.0,8.0,28.0,5.0,,197.0,16.0,54.0,,3977.4974620531952,4033.779745535714,3883.88625592417,3293.7459460096147,4038.291401714128,,3853.5038660606074,3689.375,,,3738.440870614552,4290.6712962962965,4120.145631067961,1451.2,1105.48113245283,,,1217.2003266238976,1327.7468498068986,980.7377049180328,1246.7560797497156,1268.020570475396,902.1527625,,1285.2226939295574,915.1960784313726,,,,,2962.8975265017666,,,3250.0,3583.333333333333,,,,,,556.2873988889971,884.2391684782608,,,720.9052611993166,,,662.2898900651466,741.9340547446096,,,,,659.4010831474992,2846.590909090909,2019.8130498533724,2235.042735042735,,1971.2539856142075,,2261.3412473352714,1220.381472891566,1793.7101077981654,2425.128205128205,,2154.987844754585,1743.5464627659574,1899.369449414634,,,,4578.181818181818,,,,,,,,,,,,,,,,3468.041237113402,,,,,,2364.705882352941,2350.2640519963143,2167.6862253869253,,1939.6940974312608,,,1502.5292950819671,2611.96786746988,,,,,1495.0800445037355,1769.1790897014923,2007.209469387755,,,2293.6902525476294,2106.0294169553326,1728.67542267246,2619.5558054540343,1825.678956967213,,,2261.117751641791,,2460.193236714976,,2257.489106753813,2234.596598883917,,1907.353992343612,,,1978.9202562103908,,,,,,,,53351.0,5600.0,1899.0,93813.0,3617.0,,13200.0,640.0,,,8494.0,5400.0,1648.0,10000.0,53000.0,,,124700.0,187725.0,30500.0,87900.0,119900.0,24000.0,,131852.0,20400.0,,,,,27168.0,,,192.0,384.0,,,,,,20522.0,7360.0,,,71090.7775,,,6140.0,43365.0,,,,,62780.0,704.0,10912.0,1872.0,,234853.1572,,16512.0,1328.0,22672.0,624.0,,173828.0,8272.0,82000.0,,,,1375.0,,,,,,,,,,,,,,,,97.0,,,,,,1700.0,325600.0,432900.0,,188030.0,,,6100.0,8300.0,,,,,93700.0,33500.0,67375.0,,,56425.0,27425.0,637787.0,17785.0,12200.0,,,25125.0,,5175.0,,7344.0,194430.0,,95084.0,,,29507.0,,,,,,,,126.0,8.0,3.0,131.0,12.0,,32.0,5.0,,,9.0,4.0,6.0,2.0,33.0,,,52.0,32.0,4.0,37.0,60.0,7.0,,34.0,5.0,,,,,6.0,,,2.0,4.0,,,,,,3.0,2.0,,,33.0,,,11.0,26.0,,,,,20.0,5.0,28.0,4.0,,106.0,,27.0,8.0,28.0,5.0,,197.0,16.0,54.0,,,,2.0,,,,,,,,,,,,,,,,4.0,,,,,,4.0,65.0,66.0,,44.0,,,5.0,7.0,,,,,16.0,19.0,69.0,,,68.0,9.0,85.0,18.0,31.0,,,9.0,,21.0,,3.0,66.0,,32.0,,,11.0,,,,,,,,,,,,,,,,,,,,,,,,,,,,,,,,,,,,,,,,,,,,,,,,,,,,,,,,,,,,,,,,,,,,,,,,,,,,,,,,,,,,,,,,,,,,,,,,,,,,,,,,,,,,,,,,,,,,,,,,,,,,,,,,,,,,,,,,,,,,,,,,,,,,,,,,,,,,,,,,,,,,,,,,,,,,,,,,,,,,,,,,,,,,,,,,,,,,,,,,,,,,,,,,,,,,,,,,,,,,,,,,,,,,,,,,,,,,,,,,,,,,,,,,,,,,,,,,,,,,,,,,,,,,,,,,,,,,,,,,,,,,,,,,,,,,,,,,,,,,,,,,2019,863.5148,kamis
2019-05,,,,,,,17.946963562753034,53.125,435.4875,1183.290476190476,98.7,,,6622.886575634528,11594.44,111.0,3.0,7165.345004862271,9283.339513870542,6036.42795508832,3845.94,757.0,6991.5,43.0,20.0,48.0,4695.121951219512,3090.826757532281,2550.0,,3092.776593908197,,3390.3739159859983,1395.220599264706,2690.797301604267,2462.0201863636366,,3070.677033827076,2479.326956738132,2562.705120037976,656.0,11152.0,1120.0,,224867.1587,,44564.0,1088.0,22923.25,1760.0,,159665.0,10448.0,84265.0,5.0,21.0,2.0,,102.0,,56.0,6.0,38.0,8.0,,185.0,19.0,60.0,,3042.975480651275,2534.437459818309,,2638.0050215633023,2629.9515033947623,,2268.6777363253104,2518.3709609236234,,,2634.673438956864,2071.11801242236,2038.0,1586.8240343347638,1222.0925925925926,,,1197.16864798484,1651.9650419520103,1371.5827338129495,1291.977201258427,1421.340579938838,1475.4576281355933,,1478.3093869565216,1245.9074715302493,,,,,2560.925925925926,,,,4647.058823529412,,,,,,1131.44387066273,,,1275.2772165085591,843.3961910910878,,1184.1396774193547,752.9376449851043,1091.720121455702,,,,,1285.2093377622782,4695.121951219512,3090.826757532281,2550.0,,3092.776593908197,,3390.3739159859983,1395.220599264706,2690.797301604267,2462.0201863636366,,3070.677033827076,2479.326956738132,2562.705120037976,,,,2646.0330444135784,,,,1843.75,,,,,,8845.544164407716,,5315.642458100559,7459.476535688005,,,,,,11406.595625570775,,11999.109528049868,,2245.600106972639,1907.0114272892663,,1078.4024048655656,,,1174.4461389546138,2047.7272727272727,,,,,,835.933201521877,1505.484629294756,,,1689.5749523532263,1506.3297887950885,1054.2944837334612,1280.5264015138482,1415.1319851566795,,1093.4195442528735,1445.2998909923665,,,,,1712.783435053464,,1707.647299076344,,,1633.3586347052417,1428.8996936602616,,,850.3253796095445,,1559.8301987360085,,67007.0,35775.0,,134395.0,10310.0,,18739.0,9008.0,,,11197.0,4025.0,500.0,23300.0,54000.0,,,188918.0,175081.0,13900.0,222500.0,163500.0,29500.0,,315100.0,28100.0,,,,,21600.0,,,,272.0,,,,,,421348.0,,,6690.59,76303.8725,,2232.0,4028.0,45284.0,,,,,485744.0,656.0,11152.0,1120.0,,224867.1587,,44564.0,1088.0,22923.25,1760.0,,159665.0,10448.0,84265.0,,,,29518.0,,,,3840.0,,,,,,1066.13,,179.0,679.5,,,,,,1642.5,,134.76,,113300.0,494700.0,,60178.0,,,4649.0,4400.0,,,,,,39425.0,13825.0,,,103050.0,32575.0,970981.0,29065.0,45475.0,,17400.0,32750.0,,,,,714965.0,,735772.0,,,212089.0,498254.0,,,461.0,,26266.0,,118.0,19.0,,146.0,20.0,,41.0,18.0,,,18.0,2.0,3.0,5.0,42.0,,,80.0,38.0,4.0,70.0,72.0,9.0,,58.0,6.0,,,,,5.0,,,,2.0,,,,,,10.0,,,4.0,36.0,,2.0,11.0,35.0,,,,,35.0,5.0,21.0,2.0,,102.0,,56.0,6.0,38.0,8.0,,185.0,19.0,60.0,,,,52.0,,,,3.0,,,,,,26.0,,3.0,6.0,,,,,,13.0,,9.0,,28.0,74.0,,18.0,,,11.0,4.0,,,,,,23.0,28.0,,,91.0,18.0,122.0,25.0,49.0,,14.0,36.0,,,,,135.0,,117.0,,,76.0,89.0,,,3.0,,3.0,,,,,,,,,,,,,,,,,,,,,,,,,,,,,,,,,,,,,,,,,,,,,,,,,,,,,,,,,,,,,,,,,,,,,,,,,,,,,,,,,,,,,,,,,,,,,,,,,,,,,,,,,,,,,,,,,,,,,,,,,,,,,,,,,,,,,,,,,,,,,,,,,,,,,,,,,,,,,,,,,,,,,,,,,,,,,,,,,,,,,,,,,,,,,,,,,,,,,,,,,,,,,,,,,,,,,,,,,,,,,,,,,,,,,,,,,,,,,,,,,,,,,,,,,,,,,,,,,,,,,,,,,,,,,,,,,,,,,,,,,,,,,,,,,,,,,,,,,,2019,863.5148,kamis
2019-06,,,,,,,21.21125,100.25,436.2125,1175.6157894736843,98.4,,,6631.085315143682,15012.2,157.0,3.0,6665.363949392629,8806.810527093596,6426.70134251218,4758.199999999999,812.0,9442.0,63.0,25.0,69.0,,1705.394206862745,,,2290.8837512915397,1357.142857142857,2270.9981203296325,1338.392857142857,1615.460294531673,1913.9695582706763,,2337.001042028455,1551.9328273601398,1580.5669000541125,,8160.0,,,185542.156,112.0,57276.0,672.0,22164.0,2128.0,,152944.0,9152.0,73920.0,,21.0,,,106.0,2.0,79.0,9.0,34.0,11.0,,194.0,14.0,54.0,,3001.8087750827813,2400.7173239148938,,2236.962417510508,2306.939775912715,,2064.397133313577,2050.6486748576567,2127.777777777778,,2172.556299741418,2442.242329113924,1400.6201550387598,,1050.816733067729,1162.0967741935483,,947.0670534842532,1114.0500378585086,983.9710511945392,1259.8176901271504,1054.2728431701971,1243.527224628713,1286.0975609756097,1204.252079905756,1260.7792181818184,,,,,7054.054084140745,,,,3291.400999483026,,,6327.331394131641,,,1163.5052755750326,,,1104.1894353369764,1011.349301104286,,1047.3484848484848,738.5209236363636,1180.7704677043937,,,,,1503.0851688577295,,1705.394206862745,,,2290.8837512915397,1357.142857142857,2270.9981203296325,1338.392857142857,1615.460294531673,1913.9695582706763,,2337.001042028455,1551.9328273601398,1580.5669000541125,,,,2134.5129826979664,,,,,,1748.0902875,,,,10874.202046234668,,3380.694027362017,3809.5390497115823,,3042.485601156069,3703.1678959296,,,6970.304170137735,,,,2059.6142116455694,1793.985890951526,,1678.6498829615912,,,790.3246499999999,1282.7272727272727,,,,,,799.7506234413966,1033.3462857142856,,,1301.719475904073,1294.6913580246917,1134.251720943895,907.5015162894662,1152.4811524107704,1183.1958762886595,1073.0938541215653,1076.725268601699,,1121.9350073855244,988.8820698283972,,1015.907009450136,,1102.0919368952837,,,900.5237247921355,1132.118717181801,,,719.5211459350676,507.34645988293335,1060.8234261832788,,48320.0,29375.0,,92607.25,9532.0,,23621.0,20022.0,3600.0,,42153.0,9875.0,3225.0,,25100.0,3100.0,,176164.0,104600.0,87900.0,133700.0,136900.0,80800.0,4100.0,297100.0,15400.0,,,,,1961.0,,,,2321.2,,,22698.0,,,603792.0,,,8784.0,63147.0105,,2112.0,12375.0,54992.0,,,,,1191689.6,,8160.0,,,185542.156,112.0,57276.0,672.0,22164.0,2128.0,,152944.0,9152.0,73920.0,,,,45197.0,,,,,,28800.0,,,,3009.4300000000003,,33038.5,3857.25,,865.0,8494.25,,,50152.66,,,,39500.0,557000.0,,248380.0,,,11000.0,11000.0,,,,,,20050.0,21875.0,,,65675.0,2025.0,255325.0,89475.0,79850.0,12125.0,30025.0,204820.0,,16925.0,109497.0,,3532436.0,,1300093.0,,,335074.0,850458.0,,,67578.0,39123.0,241490.0,,111.0,19.0,,106.0,11.0,,40.0,21.0,8.0,,41.0,4.0,4.0,,23.0,2.0,,72.0,51.0,23.0,36.0,71.0,24.0,4.0,77.0,7.0,,,,,25.0,,,,5.0,,,30.0,,,16.0,,,5.0,32.0,,3.0,10.0,27.0,,,,,47.0,,21.0,,,106.0,2.0,79.0,9.0,34.0,11.0,,194.0,14.0,54.0,,,,26.0,,,,,,11.0,,,,39.0,,59.0,16.0,,6.0,39.0,,,199.0,,,,7.0,80.0,,51.0,,,5.0,5.0,,,,,,16.0,47.0,,,59.0,6.0,52.0,33.0,64.0,17.0,27.0,102.0,,19.0,17.0,,395.0,,128.0,,,65.0,133.0,,,9.0,7.0,48.0,,,,,,,,,,,,,,,,,,,,,,,,,,,,,,,,,,,,,,,,,,,,,,,,,,,,,,,,,,,,,,,,,,,,,,,,,,,,,,,,,,,,,,,,,,,,,,,,,,,,,,,,,,,,,,,,,,,,,,,,,,,,,,,,,,,,,,,,,,,,,,,,,,,,,,,,,,,,,,,,,,,,,,,,,,,,,,,,,,,,,,,,,,,,,,,,,,,,,,,,,,,,,,,,,,,,,,,,,,,,,,,,,,,,,,,,,,,,,,,,,,,,,,,,,,,,,,,,,,,,,,,,,,,,,,,,,,,,,,,,,,,,,,,,,,,,,,,,,,2019,863.5148,kamis
2019-07,,,,,,,24.955645161290324,222.8,443.8125,1175.308695652174,96.7,,,7381.339448646071,16356.1,184.0,3.0,6775.281108117151,10425.414826405868,7477.810666125761,5678.1,818.0,9860.0,69.0,31.0,84.0,2500.0,1449.010701241244,,,2495.80101322745,,2555.7361346423563,1554.2222222222222,1900.2864928148772,1878.0851424237828,1713.4615384615386,2648.38723177677,2019.8461455954323,1777.7571441954024,240.0,8137.0,,,220121.948,,66309.0,630.0,18928.0,6593.0,416.0,156932.25,9808.0,69600.0,2.0,28.0,,,112.0,,100.0,10.0,30.0,25.0,5.0,211.0,22.0,71.0,,1786.5320518156022,1684.990196491228,,1921.947142098232,,2256.521739130435,1122.5299666066064,1371.053427825553,1447.6415094339625,,2022.2098828876249,,1206.605222734255,,975.4159592529712,2333.333333333333,,1039.707891841501,1626.5330889336017,1016.466302671754,1283.600360822249,1044.55667073321,1565.2758035502957,1845.0,1391.6717033508803,1021.8145752544602,1514.5131378670787,2950.7529280535414,3336.007064618644,,4674.470774420858,,,6320.238095238095,4238.213771608172,,,4225.013384815476,,5423.790677220756,1039.5980100613235,,1038.9863003140715,1176.918108695652,1062.909238491687,,1273.809523809524,846.7210143092444,1209.8467548661802,,,,,1329.7963588314003,2500.0,1449.010701241244,,,2495.80101322745,,2555.7361346423563,1554.2222222222222,1900.2864928148772,1878.0851424237828,1713.4615384615386,2648.38723177677,2019.8461455954323,1777.7571441954024,,,,1488.2736968314964,,,812.5,1506.0096153846157,1965.0,1527.4301735582155,,,,2434.7109266943294,1923.7202583559167,2314.367535719336,2708.215182824694,1691.8103448275865,1911.3823606707035,2564.9810213917744,396.29629629629625,1678.4876351610064,3627.5520686156215,2800.240075954096,2019.0397107274173,,1810.7424250110569,1373.3685422202277,,1230.7911080997633,,,,1206.1538461538462,,,,,1459.4985325907296,,657.8655298823529,,,793.1007378312347,,1241.659938199387,970.085423690651,827.2070667397861,1711.6511758014478,1376.144752085682,1074.830760462725,,858.5207986688852,495.2858765619084,1207.6619857107662,860.8533991310517,,868.9466704069141,,,901.6179423662268,636.2268475384057,479.3088827644689,469.0004828585225,,,938.931523386014,,24317.0,4275.0,,32189.0,,575.0,8325.0,13024.0,848.0,,70300.0,,3906.0,,58900.0,1500.0,,210247.0,149100.0,1052305.0,82700.0,162300.0,101400.0,2000.0,251516.0,25839.0,64700.0,1793.0,7552.0,,11353.0,,,168.0,3818.0,,,257960.0,,2274.0,581832.0,,207596.0,6256.0,73615.48000000001,,420.0,9714.0,49320.0,,,,,520144.0,240.0,8137.0,,,220121.948,,66309.0,630.0,18928.0,6593.0,416.0,156932.25,9808.0,69600.0,,,,71043.0,,,1280.0,16640.0,3200.0,58816.0,,,,18075.0,4428.0,178562.25,171519.5,464.0,70105.5,130454.35,72.9,26117.0,218893.01,12046.75,29508.5,,452200.0,334200.0,,204043.0,,,,1300.0,,,,,278300.0,,21250.0,,,26605.0,,369252.0,51075.0,91175.0,4835.0,44350.0,97250.0,,30050.0,52820.0,4059.0,3628010.31,,1294745.0,,,292398.0,1002846.0,28302.0,12426.0,,,81181.0,,41.0,2.0,,44.0,,2.0,23.0,20.0,4.0,,67.0,,16.0,,23.0,2.0,,75.0,49.0,190.0,45.0,86.0,39.0,4.0,72.0,16.0,20.0,13.0,21.0,,38.0,,,4.0,24.0,,,251.0,,7.0,11.0,,11.0,4.0,31.0,,2.0,23.0,23.0,,,,,41.0,2.0,28.0,,,112.0,,100.0,10.0,30.0,25.0,5.0,211.0,22.0,71.0,,,,13.0,,,2.0,10.0,2.0,20.0,,,,70.0,17.0,212.0,230.0,2.0,78.0,204.0,2.0,36.0,367.0,17.0,28.0,,56.0,55.0,,50.0,,,,3.0,,,,,22.0,,35.0,,,28.0,,152.0,6.0,51.0,4.0,47.0,58.0,,44.0,7.0,10.0,356.0,,137.0,,,58.0,134.0,11.0,7.0,,,20.0,,,,,,,,,,,,,,,,,,,,,,,,,,,,,,,,,,,,,,,,,,,,,,,,,,,,,,,,,,,,,,,,,,,,,,,,,,,,,,,,,,,,,,,,,,,,,,,,,,,,,,,,,,,,,,,,,,,,,,,,,,,,,,,,,,,,,,,,,,,,,,,,,,,,,,,,,,,,,,,,,,,,,,,,,,,,,,,,,,,,,,,,,,,,,,,,,,,,,,,,,,,,,,,,,,,,,,,,,,,,,,,,,,,,,,,,,,,,,,,,,,,,,,,,,,,,,,,,,,,,,,,,,,,,,,,,,,,,,,,,,,,,,,,,,,,,,,,,,,2019,863.5148,kamis
2019-08,,,,,,,26.259514170040486,147.25,418.425,1208.9761904761904,93.1,,,16350.59830644698,10451.4,112.0,3.0,20528.324428030766,25663.730720338983,13652.74654393555,3276.4,472.0,6703.0,43.0,11.0,58.0,,5098.229308712121,7216.1016949152545,,6150.475608140219,,5028.431917719792,2343.75,3062.4431217242127,4556.056919764279,3329.0178571428573,5182.589673847228,4754.653438159156,3892.695888419387,,6336.0,1888.0,,194985.788,,65994.0,448.0,25356.5,8824.0,896.0,181339.56,7301.0,89693.0,,21.0,2.0,,126.0,,108.0,5.0,34.0,32.0,8.0,280.0,20.0,85.0,,1490.5783582089553,,,2537.009026573327,,,1775.8044554455446,2888.271141791045,571.9135802469136,2692.753623188406,2564.184869369428,,1815.9838817998657,1455.3968253968253,1267.933706040892,1369.5652173913045,,1186.649000103963,1988.6609100000005,1214.7391761269223,1853.0353188346885,1408.400726871102,1499.2105905871458,1051.428571428571,1902.5562276373755,836.8142565656566,2455.458980136986,2664.288785540792,2924.4145067431173,,3129.9008386700543,,,2991.5434606887097,3224.47799352455,,2672.1344867856446,4335.210629203651,,,1237.5135135135135,1172.7104532839962,1095.0168067226891,1444.5652173913045,1276.8177595753457,,,924.4771812339332,1545.9942125680247,,714.175,,,1478.8759008857755,,5098.229308712121,7216.1016949152545,,6150.475608140219,,5028.431917719792,2343.75,3062.4431217242127,4556.056919764279,3329.0178571428573,5182.589673847228,4754.653438159156,3892.695888419387,,,2320.395819659443,1557.4661357265527,,,,1282.3142267316018,1952.8645833333333,1862.3015873015872,1818.771633217993,1813.8666180758016,,2970.223772858518,2593.996062992126,2687.5466900146407,2577.151898374917,,1854.1508904105876,2225.9772443362635,2185.348599504542,2527.003429595004,2413.0473572117767,2475.175772591588,1648.0934042265926,,1721.012812343618,1732.0715346982468,,1666.805299722323,,,1073.7224186153846,1571.0073482241514,,,1234.2105263157894,1376.923076923077,1870.7330092935729,,1192.842105263158,,,1331.8612763157894,,1130.8496431438282,545.8271604938271,1317.895073248759,1520.3787214659687,1031.9371700293386,673.5802469135803,,1418.7556883561645,506.8342151675485,1183.9980177724717,792.5314289965582,,766.9769426845675,,1175.869502733353,653.8582102428965,731.5202230488297,926.9556637855092,924.390232987468,1093.4195818033954,,718.2736398562399,,6432.0,,,13999.0,,,11312.0,4288.0,1296.0,1725.0,154558.0,,1489.0,6300.0,107600.0,2300.0,,192376.0,87000.0,1360076.0,73800.0,192400.0,159824.0,3500.0,431300.0,19800.0,58400.0,6999.0,190101.25,,59431.0,,,13126.0,51425.0,,20508.0,651891.64,,,203500.0,8648.0,297500.0,1840.0,65497.9625,,,6224.0,54392.0,,3200.0,,,69092.0,,6336.0,1888.0,,194985.788,,65994.0,448.0,25356.5,8824.0,896.0,181339.56,7301.0,89693.0,,,62016.0,162459.0,,,,14784.0,9216.0,20160.0,18496.0,21952.0,,16624.0,4064.0,218905.5,128516.5,,101348.75,126948.0,8477.0,201255.25,76694.0,27637.5,38884.75,,2327032.5,747300.0,,2697380.0,,,65000.0,126700.0,,,1900.0,1300.0,345400.0,,2375.0,,,53200.0,,1131156.0,10125.0,45325.0,23875.0,221550.0,10125.0,,7300.0,9072.0,88789.0,1270537.0,,440056.0,,63841.0,200744.0,451174.75,1844629.0,29684.0,31134.16,,32276.0,,23.0,,,20.0,,,38.0,20.0,4.0,9.0,123.0,,6.0,4.0,42.0,2.0,,73.0,34.0,229.0,32.0,74.0,72.0,2.0,106.0,5.0,27.0,13.0,113.0,,78.0,,,9.0,52.0,,13.0,309.0,,,5.0,4.0,8.0,2.0,44.0,,,8.0,22.0,,2.0,,,39.0,,21.0,2.0,,126.0,,108.0,5.0,34.0,32.0,8.0,280.0,20.0,85.0,,,21.0,38.0,,,,8.0,10.0,2.0,8.0,6.0,,34.0,9.0,196.0,150.0,,67.0,134.0,23.0,228.0,127.0,13.0,52.0,,209.0,109.0,,192.0,,,20.0,40.0,,,4.0,2.0,58.0,,7.0,,,58.0,,303.0,11.0,28.0,43.0,60.0,7.0,,16.0,3.0,34.0,223.0,,50.0,,10.0,48.0,83.0,173.0,6.0,9.0,,9.0,,,,,,,,,,,,,,,,,,,,,,,,,,,,,,,,,,,,,,,,,,,,,,,,,,,,,,,,,,,,,,,,,,,,,,,,,,,,,,,,,,,,,,,,,,,,,,,,,,,,,,,,,,,,,,,,,,,,,,,,,,,,,,,,,,,,,,,,,,,,,,,,,,,,,,,,,,,,,,,,,,,,,,,,,,,,,,,,,,,,,,,,,,,,,,,,,,,,,,,,,,,,,,,,,,,,,,,,,,,,,,,,,,,,,,,,,,,,,,,,,,,,,,,,,,,,,,,,,,,,,,,,,,,,,,,,,,,,,,,,,,,,,,,,,,,,,,,,,,2019,863.5148,kamis
2019-09,,,,,,,22.00251046025105,211.0,372.7875,1197.5473684210526,97.8,,,15469.771434297429,8782.0,92.0,3.0,19696.12599923809,21786.468801587303,12944.068938970458,2625.0,504.0,5653.0,36.0,15.0,41.0,,6983.825834183674,,,5676.006981028596,,6017.395072505305,6185.9047619047615,4719.801400383224,5606.81800075643,3890.0,6023.830655095713,5199.467448087431,5323.679093487347,,6272.0,,,163263.62,,53734.0,105.0,23485.0,5288.0,240.0,137767.96,5124.0,88996.0,,18.0,,,101.0,,84.0,6.0,33.0,29.0,3.0,204.0,12.0,72.0,,4015.803336259877,3616.432584269663,,3844.964906873614,5498.287922003804,,938.181818181818,2815.482678571429,,,3918.47426606854,,3066.6666666666665,1066.6008611842103,1564.4803370786517,3076.8987341772154,,1404.929518121547,2041.141975308642,1116.6957823725727,1703.501210488246,1714.9487858078603,1418.7030258289703,1349.2857142857142,1643.9331145872131,2325.000008333333,1989.7945205479448,,2033.6090386923,,2742.100324587415,,2301.834795154969,2671.0360453808757,2100.419131228925,,1731.4227656631845,3205.660433728889,,12000.0,,741.6254570557034,854.8342994640709,1472.9310344827586,1576.8298470139136,,,1096.131930184805,1578.4664763880023,,,1826.6666666666667,,1847.450313516664,,6983.825834183674,,,5676.006981028596,,6017.395072505305,6185.9047619047615,4719.801400383224,5606.81800075643,3890.0,6023.830655095713,5199.467448087431,5323.679093487347,,,2321.8937222260383,1772.3048952792883,,873.5795667613636,2343.832215909091,1818.2007993480213,1473.0053191489362,1229.1666249999998,875.297619047619,1847.7272727272727,,,1159.748427672956,3029.0368488632703,3784.023373120911,1207.232142857143,2068.303900997553,2822.2450657894738,2185.714285714286,2678.832035398011,,,2751.960784313725,,1481.4925169040512,1547.1227500713494,,1716.632468091378,795.8899854368933,,1048.9526593996168,1092.8205317124734,1684.0,1181.540950877193,848.4126984126984,,1285.2539327109432,,740.2777777777778,,,923.815028901734,,1556.2411245432515,,1742.0241029411766,1424.1860981595091,1273.185353360666,1181.071428571429,,,,727.6386036960986,1011.7417269699374,,777.2737395713772,,,616.4451497718707,1059.8476605005442,,,,,,,2278.0,4450.0,,7216.0,1577.0,,825.0,5152.0,,,108784.0,,480.0,15200.0,35600.0,7900.0,,90500.0,16200.0,147123.0,55300.0,91600.0,57300.0,9100.0,161100.0,1200.0,7300.0,,148505.0,,82286.0,,11228.0,18510.0,32028.0,,74474.0,493820.0,,464.0,,8474.35,36572.0,4640.0,68929.3075,,,5844.0,50144.0,,,300.0,,37746.0,,6272.0,,,163263.62,,53734.0,105.0,23485.0,5288.0,240.0,137767.96,5124.0,88996.0,,,291172.0,272353.0,,16896.0,18304.0,71168.0,6016.0,8832.0,13440.0,28160.0,,,993.75,31790.75,10011.5,5600.0,5313.0,9728.0,560.0,121108.5,,,816.0,,1172500.0,630700.0,,2870149.0,10300.0,,117425.0,94600.0,2500.0,11400.0,6300.0,,423100.0,,5400.0,,,17300.0,,1946641.0,,10200.0,8150.0,201225.0,2800.0,,,,4870.0,254602.0,,58373.0,,,5041.0,9190.0,,,,,,,15.0,2.0,,23.0,2.0,,4.0,12.0,,,101.0,,4.0,5.0,22.0,5.0,,36.0,21.0,79.0,35.0,53.0,27.0,10.0,73.0,3.0,15.0,,121.0,,73.0,,9.0,7.0,36.0,,33.0,167.0,,2.0,,7.0,3.0,3.0,34.0,,,9.0,34.0,,,3.0,,37.0,,18.0,,,101.0,,84.0,6.0,33.0,29.0,3.0,204.0,12.0,72.0,,,64.0,54.0,,3.0,10.0,15.0,10.0,2.0,6.0,7.0,,,5.0,49.0,25.0,5.0,11.0,28.0,3.0,131.0,,,3.0,,136.0,73.0,,200.0,5.0,,30.0,35.0,6.0,10.0,8.0,,57.0,,2.0,,,35.0,,282.0,,14.0,20.0,57.0,2.0,,,,8.0,90.0,,33.0,,,2.0,3.0,,,,,,,,,,,,,,,,,,,,,,,,,,,,,,,,,,,,,,,,,,,,,,,,,,,,,,,,,,,,,,,,,,,,,,,,,,,,,,,,,,,,,,,,,,,,,,,,,,,,,,,,,,,,,,,,,,,,,,,,,,,,,,,,,,,,,,,,,,,,,,,,,,,,,,,,,,,,,,,,,,,,,,,,,,,,,,,,,,,,,,,,,,,,,,,,,,,,,,,,,,,,,,,,,,,,,,,,,,,,,,,,,,,,,,,,,,,,,,,,,,,,,,,,,,,,,,,,,,,,,,,,,,,,,,,,,,,,,,,,,,,,,,,,,,,,,,,,,,,,,,,2019,863.5148,kamis
2019-10,,,,,,,15.84758064516129,106.8875,350.4875,1184.1333333333332,99.5,,,24018.86496773892,12848.3,146.0,3.0,35233.74028840852,23067.732097560973,19288.846927213508,3626.8,779.0,8442.5,53.0,28.0,65.0,,8493.558826594091,5992.886178861789,,6633.806870863746,,6847.069095300361,3730.42654028436,5187.578394946738,7620.998233857617,5131.9277108433735,7184.610566035487,6118.599586721992,5191.305814633718,,5144.0,1968.0,,175830.52800000002,,52004.0,633.0,18681.0,4832.0,664.0,114096.91,4820.0,91214.0,,20.0,3.0,,103.0,,101.0,9.0,25.0,16.0,8.0,222.0,14.0,68.0,,3653.088343108504,3717.577074378882,,3660.928282479909,5541.8569254185695,,2584.36815193572,3569.0154787644788,,,4626.611367382343,3469.0656313131312,,1335.7777777777778,1911.3710556574924,2006.25,,1485.8829098223266,2196.158415841584,1439.259748838005,2307.2041774941995,2111.439117119394,2913.9964788732395,1617.0588235294117,2340.3484587360595,2066.9117647058824,1975.4890123158657,,2193.1969293076177,,2545.824305679586,,3175.0,1861.3043527036125,3394.537426109252,,3073.3481707177907,4664.814828564213,,,,1197.2679640718563,764.4573350724239,1254.9046321525886,1250.593919831569,,542.0146137787057,1226.1219865848436,1301.7123510742504,,,1069.5721077654516,,1515.1123948311158,,8493.558826594091,5992.886178861789,,6633.806870863746,,6847.069095300361,3730.42654028436,5187.578394946738,7620.998233857617,5131.9277108433735,7184.610566035487,6118.599586721992,5191.305814633718,,,2615.2312950793307,1663.8026268001802,,,,,,,,,,,2178.125,,,,1608.858390517779,4367.957746478874,,2739.11742395867,,,,,1179.5089402208869,1342.2510137195122,,1485.078818263418,854.2120474698795,912.7120572916666,1010.2354102179836,1052.5193858710709,954.5574174641148,700.1138156097561,1047.9243398773008,713.3333333333334,1070.7408555750967,1190.8560311284048,3273.3078880407124,,,2180.2758813793102,,2221.79861660348,1370.0,3247.716535433071,2956.428571428572,1931.8629772509323,1404.6808510638298,,,,,1983.3839419968,,1936.3274587834,,,,1479.514563106796,1534.0992647058824,,,838.5416666666666,,,10912.0,32200.0,,8843.39,3285.0,,4107.0,4144.0,,,58220.0,4950.0,,4500.0,32700.0,1600.0,,38779.0,50500.0,43836.25,43100.0,158300.0,28400.0,1700.0,188300.0,10200.0,16564.0,,39198.0,,38073.2,,720.0,8914.0,14041.0,,26289.0,67308.0,,,,5344.0,58268.0,5872.0,49691.5675,,3832.0,7007.0,61252.0,,,2524.0,,70344.0,,5144.0,1968.0,,175830.52800000002,,52004.0,633.0,18681.0,4832.0,664.0,114096.91,4820.0,91214.0,,,149248.0,71104.0,,,,,,,,,,,800.0,,,,3206.0,2272.0,,20904.75,,,,,571378.5,426400.0,,2016490.0,41500.0,28800.0,146800.0,172453.69,41800.0,10250.0,16300.0,300.0,284300.0,2313.0,9825.0,,,3625.0,,1092000.0,1125.0,3175.0,1400.0,187700.0,4700.0,,,,,228746.0,,7036.0,,,,5150.0,7616.0,,,3072.0,,,31.0,18.0,,28.0,3.0,,15.0,15.0,,,57.0,4.0,,2.0,22.0,2.0,,43.0,30.0,48.0,47.0,88.0,24.0,5.0,83.0,8.0,24.0,,58.0,,40.0,,3.0,5.0,39.0,,27.0,82.0,,,,3.0,4.0,6.0,25.0,,3.0,16.0,27.0,,,7.0,,43.0,,20.0,3.0,,103.0,,101.0,9.0,25.0,16.0,8.0,222.0,14.0,68.0,,,48.0,25.0,,,,,,,,,,,2.0,,,,8.0,3.0,,28.0,,,,,75.0,58.0,,218.0,22.0,55.0,53.0,61.0,36.0,8.0,23.0,2.0,51.0,2.0,34.0,,,9.0,,239.0,2.0,14.0,9.0,66.0,2.0,,,,,102.0,,5.0,,,,7.0,14.0,,,2.0,,,,,,,,,,,,,,,,,,,,,,,,,,,,,,,,,,,,,,,,,,,,,,,,,,,,,,,,,,,,,,,,,,,,,,,,,,,,,,,,,,,,,,,,,,,,,,,,,,,,,,,,,,,,,,,,,,,,,,,,,,,,,,,,,,,,,,,,,,,,,,,,,,,,,,,,,,,,,,,,,,,,,,,,,,,,,,,,,,,,,,,,,,,,,,,,,,,,,,,,,,,,,,,,,,,,,,,,,,,,,,,,,,,,,,,,,,,,,,,,,,,,,,,,,,,,,,,,,,,,,,,,,,,,,,,,,,,,,,,,,,,,,,,,,,,,,,,,,,,2019,863.5148,kamis
2019-11,,,,,,,9.076987447698745,56.699999999999996,309.625,1167.452380952381,101.9,,,8726.190958982968,14522.26,141.0,3.0,10722.390249292464,12534.13417877095,7684.318852041329,3837.26,716.0,9969.0,48.0,21.0,72.0,,2809.876844913152,2773.076923076923,,3881.335206296163,,3531.7918640957973,2436.1363636363635,2006.60286682243,3705.7604438642297,3914.5833333333335,3465.267739612868,2519.310004587156,2261.4128791591947,,6448.0,2080.0,,177307.4518,,34009.25,528.0,20544.0,1532.0,192.0,138609.0,6976.0,80304.0,,21.0,3.0,,107.0,,55.0,5.0,27.0,7.0,2.0,189.0,17.0,65.0,,2921.5633423180598,3643.664047151277,3690.508411682893,4348.822364390144,3956.560095516052,,3031.2785862068963,2816.6,,,4071.2297701847783,,,,2634.7768762677483,,,1960.8471235855789,3552.2580793597303,1863.809523809524,2372.453015133531,3059.000734769688,4985.377841309824,,3477.79284657804,,2168.0,,,,3545.2127659574467,,,,4767.750621999127,,2218.611907899837,13664.39024390244,,,,1002.2045017851348,861.8428325367998,937.30616497093,968.1401107559296,,,1041.092491314323,1296.5058872193183,,,996.143549503808,,1598.3324565549244,,2809.876844913152,2773.076923076923,,3881.335206296163,,3531.7918640957973,2436.1363636363635,2006.60286682243,3705.7604438642297,3914.5833333333335,3465.267739612868,2519.310004587156,2261.4128791591947,,,3128.589331213925,2144.398364556136,,,,,,,,,,,,,,,,,,,,,,,1317.9513339949117,1418.065197050829,,1356.4085067449423,1186.071428571429,915.952380952381,729.1632212820513,1098.5778882833788,943.075738181818,,958.0851063829788,,822.2547192200558,2595.2046970760234,2263.536906991805,,,2680.82520631068,2361.201548469692,2578.10269535428,3124.799530858588,2488.975,,1984.7060220764183,2191.266375545852,,2107.85046728972,,,2967.2208650998555,,2123.2904608788854,,,,,,,,,,,10388.0,12725.0,32355.0,12103.84,7538.0,,6554.0,2000.0,,,15965.0,,,,49300.0,,,29429.0,118700.0,4200.0,33700.0,67300.0,39700.0,,203100.0,,2000.0,,,,3008.0,,,,3665.6,,12899.0,820.0,,,,123240.0,41848.0,11008.0,89237.66,,,9153.0,67473.79000000001,,,2166.5,,131016.0,,6448.0,2080.0,,177307.4518,,34009.25,528.0,20544.0,1532.0,192.0,138609.0,6976.0,80304.0,,,177408.0,49024.0,,,,,,,,,,,,,,,,,,,,,,,824291.0,735800.0,,1263910.0,14000.0,12600.0,39000.0,110100.0,11000.0,,4700.0,,215400.0,8550.0,40147.0,,,1236.0,16794.0,467484.0,70418.0,10000.0,,64775.0,5725.0,,2675.0,,,368732.0,,18660.0,,,,,,,,,,,34.0,9.0,3.0,50.0,6.0,,10.0,9.0,,,40.0,,,,36.0,,,31.0,50.0,8.0,46.0,41.0,16.0,,70.0,,10.0,,,,6.0,,,,9.0,,11.0,3.0,,,,14.0,9.0,3.0,38.0,,,11.0,30.0,,,7.0,,46.0,,21.0,3.0,,107.0,,55.0,5.0,27.0,7.0,2.0,189.0,17.0,65.0,,,56.0,14.0,,,,,,,,,,,,,,,,,,,,,,,99.0,109.0,,142.0,13.0,12.0,14.0,38.0,9.0,,8.0,,35.0,2.0,30.0,,,8.0,9.0,95.0,12.0,37.0,,33.0,12.0,,7.0,,,159.0,,23.0,,,,,,,,,,,,,,,,,,,,,,,,,,,,,,,,,,,,,,,,,,,,,,,,,,,,,,,,,,,,,,,,,,,,,,,,,,,,,,,,,,,,,,,,,,,,,,,,,,,,,,,,,,,,,,,,,,,,,,,,,,,,,,,,,,,,,,,,,,,,,,,,,,,,,,,,,,,,,,,,,,,,,,,,,,,,,,,,,,,,,,,,,,,,,,,,,,,,,,,,,,,,,,,,,,,,,,,,,,,,,,,,,,,,,,,,,,,,,,,,,,,,,,,,,,,,,,,,,,,,,,,,,,,,,,,,,,,,,,,,,,,,,,,,,,,,,,,,,,,,,,,,,,,2019,863.5148,kamis
2019-12,,,,,,,3.353252032520325,32.2625,304.0375,1175.8428571428572,101.4,,,8003.303588562656,5211.0,52.0,3.0,8291.539411855274,7069.415803738317,8010.561234213547,1299.0,428.0,3484.0,16.0,10.0,26.0,,2028.516644622093,2520.779220779221,,3400.842904366973,,3179.623759689923,430.7142857142857,1829.6024987878784,2880.000075,,3448.6052598399506,2813.8154672199166,2248.1432188260624,,5504.0,2464.0,,173416.24,,17544.0,1120.0,13200.0,320.0,,116464.0,4820.0,85456.0,,13.0,5.0,,101.0,,39.0,4.0,17.0,2.0,,166.0,17.0,62.0,,4081.747892834225,3983.9055793991415,,4254.805222301758,,,,3517.128954160584,,,3993.515823399558,,,2314.621982474227,2330.0,,,2114.7484490112447,2307.78247440678,2074.765625,2065.61284529148,2154.8439730496457,2244.8266,,2073.8435921797004,,,,,,,,,,4589.285714285715,,5784.054133568697,12935.802469135802,,,930.0358422939069,790.8995482330467,609.9201316912572,883.1932773109244,865.5875803849411,,850.0,736.5964758876524,1541.296513522336,,,1066.83498228235,,1750.9514943068175,,2028.516644622093,2520.779220779221,,3400.842904366973,,3179.623759689923,430.7142857142857,1829.6024987878784,2880.000075,,3448.6052598399506,2813.8154672199166,2248.1432188260624,,,3701.744860697941,,,,,,,,,1567.25149122807,,,,,,,,,,,,,,,1419.9636419456258,1431.9729268667645,,1347.281029670071,,,1009.877678440367,1039.798625,1126.061640410959,798.1818181818181,,,1596.77499940688,2890.4817811764706,2041.9429822571265,,,2492.454545454545,2151.47772097561,2190.9346622631147,2316.2103174603176,2596.9629833333333,2374.074074074074,2462.9411764705883,2546.5434402957485,,2221.5216186252774,,,2875.626205402342,,,,,,,,,,,,,9350.0,11650.0,,12573.0,,,,3425.0,,,4983.0,,,9700.0,4000.0,,,20632.0,59000.0,22400.0,22300.0,28200.0,29800.0,,60100.0,,,,,,,,,,448.0,,3399.0,324.0,,,139500.0,46068.0,65608.0,3808.0,60225.055,,800.0,5661.0,245076.0,,,8087.98,,533972.0,,5504.0,2464.0,,173416.24,,17544.0,1120.0,13200.0,320.0,,116464.0,4820.0,85456.0,,,27968.0,,,,,,,,,513.0,,,,,,,,,,,,,,,873426.0,683000.0,,1146610.0,,,21800.0,33200.0,14600.0,2200.0,,,168600.0,10625.0,17190.0,,,2750.0,10250.0,182050.0,6300.0,4500.0,2025.0,3400.0,13525.0,,22550.0,,,209983.0,,,,,,,,,,,,,23.0,7.0,,35.0,,,,10.0,,,9.0,,,5.0,7.0,,,15.0,19.0,11.0,24.0,11.0,10.0,,38.0,,,,,,,,,,2.0,,3.0,3.0,,,7.0,16.0,8.0,2.0,31.0,,2.0,7.0,35.0,,,7.0,,61.0,,13.0,5.0,,101.0,,39.0,4.0,17.0,2.0,,166.0,17.0,62.0,,,20.0,,,,,,,,,2.0,,,,,,,,,,,,,,,101.0,97.0,,135.0,,,13.0,15.0,11.0,3.0,,,37.0,2.0,20.0,,,9.0,4.0,43.0,6.0,18.0,8.0,3.0,20.0,,33.0,,,110.0,,,,,,,,,,,,,,,,,,,,,,,,,,,,,,,,,,,,,,,,,,,,,,,,,,,,,,,,,,,,,,,,,,,,,,,,,,,,,,,,,,,,,,,,,,,,,,,,,,,,,,,,,,,,,,,,,,,,,,,,,,,,,,,,,,,,,,,,,,,,,,,,,,,,,,,,,,,,,,,,,,,,,,,,,,,,,,,,,,,,,,,,,,,,,,,,,,,,,,,,,,,,,,,,,,,,,,,,,,,,,,,,,,,,,,,,,,,,,,,,,,,,,,,,,,,,,,,,,,,,,,,,,,,,,,,,,,,,,,,,,,,,,,,,,,,,,,,,,,,,,,,,,,,,,2019,863.5148,kamis
2020-01,,,,,,,2.9365853658536585,71.0375,311.625,1164.275,105.2,,,21875.276007334403,4363.0,50.0,3.0,23050.58887216094,24474.23174468085,21002.170159453304,1541.0,188.0,2634.0,20.0,6.0,24.0,5595.238095238095,4632.459262376238,,,6900.149993484375,,5965.534288617886,3895.25,4691.084765547264,,,6332.506504467728,5242.182978174603,5606.588805174825,336.0,6464.0,,,131775.564,,8856.0,480.0,12864.0,,,88188.0,4032.0,57200.0,3.0,17.0,,,75.0,,22.0,5.0,20.0,,,120.0,13.0,47.0,,5839.952899368376,5555.555533333333,,4930.916698749999,5400.0,,4032.692307692308,4968.333333333333,,,4931.316794460641,,3486.9205298013244,3102.786885245901,,,,3969.809936842105,3267.0265055405407,3436.904761904762,,2357.391304347826,3126.1789461165044,,2742.2490096385545,,,,,,,,,,,,,,,,909.506104328524,790.824295010846,750.0,,1039.330058724952,,,861.5249733349717,873.2388475522826,1405.109489051095,,1081.696428571429,,1033.8552779371355,5595.238095238095,4632.459262376238,,,6900.149993484375,,5965.534288617886,3895.25,4691.084765547264,,,6332.506504467728,5242.182978174603,5606.588805174825,,2446.875,,,,,,,,,,,,,,,,,,,,,,,,,1417.5360332150776,1371.815962241538,,1431.4264715102752,,,1049.0677966101696,1059.3928808544304,1393.611110784314,,1687.5,,1610.2348456109137,,2925.559028612647,,,2782.051282051282,,2598.9292341733867,1848.7912087912089,1700.1036186528495,2267.536719880716,2894.4444444444443,3212.340056386901,,2155.4,,,2375.980615046361,,,,,,,,,,,,,9341.0,1725.0,,4000.0,825.0,,624.0,1200.0,,,3430.0,,2416.0,6100.0,,,,11400.0,74000.0,25200.0,,2300.0,20600.0,,8300.0,,,,,,,,,,,,,,,,14416.0,7376.0,64000.0,,58541.55500000001,,,8138.0,135549.75,548.0,,13440.0,,198714.0,336.0,6464.0,,,131775.564,,8856.0,480.0,12864.0,,,88188.0,4032.0,57200.0,,2560.0,,,,,,,,,,,,,,,,,,,,,,,,,902000.0,660832.0,,1031600.0,,,5900.0,63200.0,20400.0,,1600.0,,168600.0,,16636.0,,,4875.0,,148800.0,4550.0,4825.0,25150.0,1800.0,9222.0,,7500.0,,,113024.0,,,,,,,,,,,,,24.0,2.0,,15.0,3.0,,6.0,9.0,,,5.0,,12.0,5.0,,,,9.0,19.0,10.0,,3.0,4.0,,5.0,,,,,,,,,,,,,,,,2.0,4.0,2.0,,20.0,,,10.0,24.0,3.0,,6.0,,24.0,3.0,17.0,,,75.0,,22.0,5.0,20.0,,,120.0,13.0,47.0,,2.0,,,,,,,,,,,,,,,,,,,,,,,,,84.0,90.0,,91.0,,,7.0,21.0,9.0,,6.0,,24.0,,19.0,,,8.0,,19.0,4.0,10.0,7.0,2.0,17.0,,9.0,,,66.0,,,,,,,,,,,,,,,,,,,,,,,,,,,,,,,,,,,,,,,,,,,,,,,,,,,,,,,,,,,,,,,,,,,,,,,,,,,,,,,,,,,,,,,,,,,,,,,,,,,,,,,,,,,,,,,,,,,,,,,,,,,,,,,,,,,,,,,,,,,,,,,,,,,,,,,,,,,,,,,,,,,,,,,,,,,,,,,,,,,,,,,,,,,,,,,,,,,,,,,,,,,,,,,,,,,,,,,,,,,,,,,,,,,,,,,,,,,,,,,,,,,,,,,,,,,,,,,,,,,,,,,,,,,,,,,,,,,,,,,,,,,,,,,,,,,,,,,,,,,,,,,,,,,,,2020,767.054,kamis
2020-02,,,,,,,3.6445887445887446,59.1,316.1125,1193.79,97.7,,,5332.439775834357,16362.9,155.0,3.0,6194.651832083685,10358.57478005865,4693.891617285044,4387.9,682.0,11293.0,51.0,28.0,76.0,1860.2941176470588,1391.3539836283187,1994.8979591836733,,2001.0268791244484,,2254.2904233381582,2162.5,1287.3391364726028,1671.1538461538462,,1963.2784858680543,1587.7017023809522,1401.3672920186234,544.0,9040.0,1568.0,,203793.022,,8981.0,288.0,23360.0,416.0,,140285.0,8400.0,84409.0,2.0,25.0,3.0,,114.0,,20.0,6.0,30.0,2.0,,178.0,19.0,71.0,,4199.295732649551,,5145.614063157895,4884.065172990987,2804.5758928571427,,4060.590118938701,3738.455414012739,10756.94964028777,,4516.347412259021,,4334.611578426521,,2990.536398467433,,,2630.824659150844,2260.4165996078427,2383.90983836478,2644.0,1697.6923076923076,2401.2909836065573,2740.740740740741,2660.178571428572,,,,,,5853.658536585366,,,,,,,,,,,,751.6795366795367,844.6353436185133,826.6715836502057,,,1200.3067442581437,823.2967356952269,,,,,850.0320358579656,1860.2941176470588,1391.3539836283187,1994.8979591836733,,2001.0268791244484,,2254.2904233381582,2162.5,1287.3391364726028,1671.1538461538462,,1963.2784858680543,1587.7017023809522,1401.3672920186234,,,,,,,,,,,,,,,,,,,,,,,,,,,1629.0246683727032,1818.0633214242143,,1555.5389866306357,,,813.6691597173144,984.2592592592592,2032.0441966850824,,,464.85819975339086,1900.3620218579235,,2448.9893249905194,,,2462.945368171021,,2623.217197645951,2318.5330705627707,2712.564113846154,,,2654.150747770701,,2684.30157968254,,,2855.3473491773307,,,,,,,,,2038.8072601555748,,,,16282.0,,2375.0,26406.0,3584.0,,6558.0,2512.0,6950.0,,8092.0,,2021.0,,26100.0,,,30336.0,102000.0,15900.0,400.0,1300.0,24400.0,16524.0,33600.0,,,,,,3362.0,,,,,,,,,,,,51800.0,11408.0,73057.8,,,45804.0,26984.0,,,,,50086.5,544.0,9040.0,1568.0,,203793.022,,8981.0,288.0,23360.0,416.0,,140285.0,8400.0,84409.0,,,,,,,,,,,,,,,,,,,,,,,,,,,685800.0,655800.0,,843720.0,,,28300.0,21600.0,18100.0,,,811.0,73200.0,,26370.0,,,21050.0,,53100.0,11550.0,3250.0,,,15700.0,,7875.0,,,35008.0,,,,,,,,,2314.0,,,,58.0,,3.0,46.0,20.0,,16.0,12.0,4.0,,8.0,,6.0,,6.0,,,24.0,28.0,8.0,2.0,3.0,10.0,7.0,15.0,,,,,,5.0,,,,,,,,,,,,3.0,3.0,22.0,,,10.0,19.0,,,,,32.0,2.0,25.0,3.0,,114.0,,20.0,6.0,30.0,2.0,,178.0,19.0,71.0,,,,,,,,,,,,,,,,,,,,,,,,,,,77.0,82.0,,103.0,,,4.0,19.0,12.0,,,3.0,9.0,,26.0,,,49.0,,37.0,10.0,9.0,,,13.0,,18.0,,,22.0,,,,,,,,,4.0,,,,4067.234848484849,2728.709677419354,,3595.868945868946,,,5360.795454545455,,2575.0,,,,3050.0,3219.777777777778,,2271.929824561404,,,,,2524.6774193548385,,,4750.0,,,,,5191.377034755829,,,4390.243902439025,,,806.9620253164557,790.6078348524175,,,,,908.8044605809127,1613.3009708737864,,,1198.1865284974094,1172.767857142857,2107.1721311475408,,,,,1678.7790697674418,,1991.935483870968,,,,,,,,,,,,1301.820987654321,,1954.6938775510205,1453.3333333333333,885.7142857142857,,,930.5128205128206,,1966.949152542373,,2826.6666666666665,5442.105263157895,,,,,2134.9056603773583,,2465.116279069768,,,,,,,,,,,,,,,528.0,620.0,,702.0,,,176.0,,80.0,,,,340.0,900.0,,570.0,,,,,310.0,,,16.0,,,,,454.6,,,82.0,,,632.0,6626.8,,,,,7712.0,1030.0,,,2316.0,672.0,488.0,,,,,344.0,,124.0,,,,,,,,,,,,3240.0,,1470.0,300.0,70.0,,,780.0,,590.0,,1020.0,380.0,,,,,530.0,,430.0,,,,,,,,,,,,,,,18.0,14.0,,21.0,,,6.0,,4.0,,,,14.0,12.0,,6.0,,,,,7.0,,,2.0,,,,,19.0,,,3.0,,,9.0,56.0,,,,,37.0,23.0,,,69.0,19.0,14.0,,,,,14.0,,4.0,,,,,,,,,,,,55.0,,19.0,4.0,2.0,,,12.0,,14.0,,36.0,6.0,,,,,18.0,,8.0,,,,,,,,,,,,,,2020,767.054,kamis
2020-03,,,,,,,7.551612903225807,31.8875,371.7125,1220.0863636363638,79.0,,,6052.122464059699,10934.8,96.0,3.0,6387.556763460004,10003.308962264153,5401.458529213647,3257.8,848.0,6829.0,31.0,28.0,37.0,2239.4736842105262,1920.585680029155,2625.0,,2122.677348455931,,2556.5250176651307,1885.7558139534883,1497.0971297631747,3096.6666666666665,,2133.5375635110995,2024.3326600609755,1864.985143832989,1520.0,10976.0,2800.0,,244621.814,,15624.0,688.0,23435.0,240.0,,156760.0,7872.0,80809.0,7.0,28.0,6.0,,95.0,,17.0,4.0,24.0,2.0,,168.0,15.0,59.0,,5002.165923934589,,4729.885057471264,4667.537335245259,4307.065217391304,,4759.750883629893,5169.444444444444,13218.530774321642,,4466.886347131985,4080.5906556962022,3130.5263157894738,,2203.4823848238484,,,2136.282679434447,2137.5006854434664,1979.959527156244,1743.5135135135135,2117.6938531722053,2156.1755952380954,2390.873015873016,1960.0267986842105,,,,,,1684.1217859343085,,,3625.0,,,,,,,,,747.3359644795264,723.6151603498542,750.2596691225515,,,856.7742800644171,719.5933669168973,,,432.5503355704698,,740.4552688403782,2239.4736842105262,1920.585680029155,2625.0,,2122.677348455931,,2556.5250176651307,1885.7558139534883,1497.0971297631747,3096.6666666666665,,2133.5375635110995,2024.3326600609755,1864.985143832989,,,,,,,,,,,,,,,,,,,,,,,,,,,1961.340279425632,2075.8956505807814,,1630.1473931868577,,,1231.724148275862,1657.2344708474575,1999.7621379921256,,,,2477.1195902275767,,3075.619047619048,,,2986.709175557917,2495.554134438538,2988.947339878096,4134.563197122302,2572.5714285714284,,,3031.582026326964,,3863.543231042128,,,2532.349545452937,,2555.1629679622056,,,,,,,,,,,20180.0,,2175.0,42017.0,1472.0,,5620.0,1440.0,6044.0,,5387.0,1975.0,475.0,,36900.0,,,38900.0,147700.0,41832.0,7400.0,33100.0,33600.0,9072.0,68400.0,,,,,,6168.2,,,768.0,,,,,,,,,32432.0,5488.0,68590.35,,,53402.0,30372.0,,,2980.0,,28768.0,1520.0,10976.0,2800.0,,244621.814,,15624.0,688.0,23435.0,240.0,,156760.0,7872.0,80809.0,,,,,,,,,,,,,,,,,,,,,,,,,,,466600.0,1041700.0,,992200.0,,,8700.0,29500.0,50800.0,,,,74700.0,,10500.0,,,23525.0,15876.4,205406.0,3475.0,875.0,,,23550.0,,11275.0,,,84774.5,,25189.0,,,,,,,,,,,58.0,,3.0,59.0,8.0,,23.0,7.0,7.0,,14.0,3.0,2.0,,17.0,,,30.0,23.0,16.0,11.0,27.0,9.0,3.0,24.0,,,,,,3.0,,,3.0,,,,,,,,,2.0,2.0,20.0,,,12.0,23.0,,,2.0,,22.0,7.0,28.0,6.0,,95.0,,17.0,4.0,24.0,2.0,,168.0,15.0,59.0,,,,,,,,,,,,,,,,,,,,,,,,,,,53.0,128.0,,110.0,,,8.0,16.0,14.0,,,,8.0,,27.0,,,80.0,4.0,42.0,6.0,4.0,,,13.0,,23.0,,,50.0,,17.0,,,,,,,,,,,5452.693208430914,3729.086809470124,4596.245733788396,5083.36495888678,,,4246.323529411765,,,,,,1617.529411764706,2275.833333333333,,2179.89247311828,,,1668.1818181818182,,2961.304347826087,1925.0,,,,,,,4182.265078464739,,,,,,607.9310344827586,725.7863870623778,,,,,730.3882948790095,1842.6356589147288,,,1520.57761732852,1666.3479923518164,2456.9526627218934,,,,1250.0,1464.2857142857142,,2133.771929824561,,,,,,,,,,,,1728.952380952381,,1513.076923076923,,,,,1502.3076923076924,1386.111111111111,,1384.2617449664428,3398.246575342466,6091.546391752578,,2990.144927536232,,,2582.2727272727275,,,,,,2353.494623655913,,,,,,,,,,,427.0,887.0,1172.0,1581.0,,,136.0,,,,,,850.0,1680.0,,1860.0,,,220.0,,230.0,200.0,,,,,,,2115.6,,,,,,580.0,8440.5,,,,,7108.0,258.0,,,2216.0,523.0,676.0,,,,36.0,56.0,,228.0,,,,,,,,,,,,2100.0,,520.0,,,,,650.0,360.0,,2980.0,1825.0,970.0,,345.0,,,220.0,,,,,,372.0,,,,,,,,,,,9.0,24.0,18.0,44.0,,,4.0,,,,,,17.0,22.0,,16.0,,,4.0,,6.0,3.0,,,,,,,21.0,,,,,,7.0,59.0,,,,,27.0,5.0,,,54.0,17.0,16.0,,,,1.0,4.0,,10.0,,,,,,,,,,,,38.0,,11.0,,,,,6.0,5.0,,21.0,58.0,18.0,,9.0,,,7.0,,,,,,8.0,,,,,,,,,,2020,767.054,kamis
2020-04,,,,,,,10.11213389121339,31.625,393.5125,1225.225,71.2,,,5559.301895669635,11454.0,112.0,3.0,5530.5846728971965,7472.60735812965,5325.392795974258,3210.0,941.0,7303.0,41.0,24.0,47.0,1593.9144736842106,1549.8623370141345,1461.622807017544,,1814.593052884764,,2407.111814340301,1291.6935483870968,1402.996295544193,1584.9876424691356,1750.0,1885.3918656268213,1482.7180060819462,1566.4434002298372,1216.0,9056.0,1824.0,,285142.24,,17796.0,1488.0,27380.0,2025.0,352.0,157844.0,12496.0,76576.0,5.0,22.0,4.0,,103.0,,24.0,13.0,35.0,9.0,2.0,160.0,24.0,63.0,,4733.161439603916,4324.849324061196,4206.641767123288,4731.937465345805,4882.64221158958,,4433.3511875,3091.833343333333,12904.077669902912,,4407.058611027063,,3933.3333333333335,,1182.008441786845,,,1169.283624232456,1126.4019365153124,1098.202146355685,982.613792742398,1264.012644888179,1186.537879191919,1070.707070707071,1099.6869654957063,,1267.4537037037037,,,,2612.4585965536457,,,6637.037037037037,,,,,,,1114.532967032967,566.6666666666666,790.2877697841726,972.7272727272727,842.1203775608496,,,703.727634194831,655.3627402041488,,,,,778.8531444668486,1593.9144736842106,1549.8623370141345,1461.622807017544,,1814.593052884764,,2407.111814340301,1291.6935483870968,1402.996295544193,1584.9876424691356,1750.0,1885.3918656268213,1482.7180060819462,1566.4434002298372,,,,,,,,,,,,,,,,,,,,,,,,,,,2366.2958362759646,2698.441544189292,,1859.445697230636,,,1876.5234443609024,2514.943518644068,2591.699325490196,,,,3019.9044585987263,,2139.932394902386,,,2388.161456717764,2254.5643138055225,2534.4514993709727,2248.1932787271653,2461.658361904761,,,2694.8882225931907,,2523.458969465649,,,2394.020884801034,,2337.0723669188496,,,,2249.357558723148,,,,,,,43728.0,17975.0,8030.0,40731.0,1881.0,,4480.0,1200.0,4120.0,,11898.0,,75.0,,113720.0,,,91200.0,180768.0,34300.0,69720.0,125200.0,99000.0,7128.0,256200.0,,10800.0,,,,54415.76,,,3888.0,,,,,,,63700.0,1530.0,4448.0,3520.0,63440.37,,,1006.0,36444.0,,,,,33724.0,1216.0,9056.0,1824.0,,285142.24,,17796.0,1488.0,27380.0,2025.0,352.0,157844.0,12496.0,76576.0,,,,,,,,,,,,,,,,,,,,,,,,,,,269600.0,788200.0,,231100.0,,,13300.0,11800.0,5100.0,,,,15700.0,,46100.0,,,55450.0,20825.0,325900.0,42425.0,11025.0,,,54512.0,,13100.0,,,78933.0,,131386.0,,,,19924.0,,,,,,,93.0,12.0,13.0,82.0,5.0,,12.0,5.0,6.0,,22.0,,2.0,,61.0,,,59.0,35.0,13.0,41.0,48.0,20.0,3.0,44.0,,7.0,,,,7.0,,,2.0,,,,,,,2.0,2.0,4.0,2.0,24.0,,,6.0,23.0,,,,,28.0,5.0,22.0,4.0,,103.0,,24.0,13.0,35.0,9.0,2.0,160.0,24.0,63.0,,,,,,,,,,,,,,,,,,,,,,,,,,,57.0,92.0,,51.0,,,6.0,9.0,4.0,,,,5.0,,30.0,,,81.0,5.0,71.0,12.0,33.0,,,27.0,,36.0,,,42.0,,38.0,,,,15.0,,,,,,,3787.5,4488.529638183218,4820.172084130019,4864.415481832543,,2707.3863636363635,4598.290598290599,,4970.925110132159,4944.444444444444,,,1135.7673267326732,1138.595041322314,408.46153846153845,1159.8456790123455,,,1418.041237113402,,1138.8961038961038,1423.7037037037037,,,,,,,5004.885197850513,,,2898.954703832752,,,788.8170055452865,816.1481601819511,,,1100.0,,788.2117310443491,1594.6708463949844,,,1217.0721476510066,1614.1025641025642,2360.084033613445,,,,1652.238805970149,1572.3154362416108,,2194.1666666666665,,,,,,,,,,,,2168.2105263157896,,2126.470588235294,1692.9292929292928,,,600.0,1825.0,1453.1531531531532,1786.3636363636365,,2673.22849213691,,2758.051282051282,2967.799227799228,,,2606.451612903226,,3113.2203389830506,,,2500.0,2812.106918238994,1748.934731146432,2058.854054054054,,,1754.260822216172,,,,,,280.0,1299.0,2092.0,2532.0,,176.0,351.0,,454.0,495.0,,,4040.0,2420.0,260.0,3240.0,,,970.0,,1540.0,810.0,,,,,,,2047.0,,,574.0000000000001,,,1082.0,6155.5,,,256.0,,6990.0,638.0,,,2384.0,780.0,476.0,,,,268.0,596.0,,120.0,,,,,,,,,,,,2850.0,,850.0,990.0,,,160.0,120.0,1110.0,110.0,,2702.5,,975.0,1295.0,,,620.0,,1180.0,,,300.0,636.0,2957.0,4625.0,,,3673.0,,,,,,11.0,31.0,41.0,51.0,,3.0,6.0,,16.0,12.0,,,69.0,33.0,3.0,32.0,,,18.0,,31.0,7.0,,,,,,,37.0,,,7.0,,,16.0,46.0,,,1.0,,27.0,13.0,,,76.0,23.0,9.0,,,,7.0,29.0,,4.0,,,,,,,,,,,,75.0,,10.0,3.0,,,3.0,3.0,10.0,4.0,,66.0,,22.0,36.0,,,22.0,,41.0,,,6.0,14.0,11.0,24.0,,,14.0,,,,,2020,767.054,kamis
2020-05,,,,,,,17.85766129032258,88.2625,436.05,1228.6736842105263,78.1,,,5888.9075975671,17921.0,155.0,3.0,6515.654106239999,7425.594310924369,5292.250924143318,6250.0,1428.0,10243.0,56.0,34.0,65.0,,1837.3291333116035,1777.9850746268658,,2437.8326258145767,,2395.513159913365,1296.7961813471502,1381.126401960784,2126.754398496241,,2065.8459146902865,1505.180490703851,1803.085247691472,,12272.0,2144.0,,273148.0,,44324.0,1544.0,26112.0,2128.0,,165960.0,12048.0,88368.0,,21.0,3.0,,112.0,,48.0,14.0,37.0,5.0,,161.0,17.0,61.0,,3069.6921375259435,2093.007385412262,3428.0970735632186,2852.431212740243,3511.317641882974,,2703.90684270603,2142.6931612706635,13420.648464163822,,2822.9808803786827,2738.0282178403754,2235.431330801688,710.4,914.2158783464567,,,930.6617094665434,912.7837659620131,1000.8878504672896,877.577839373814,1003.6463630121816,990.5915162412994,603.988603988604,1006.9870573207992,996.9811320754716,590.625,,,,3128.53470437018,,,4000.0,3218.8441130073143,,,,,,1464.9193915274818,938.2352941176472,791.8353186076096,1150.0,1296.4037091700131,,1239.3779342723003,1183.5988161616162,1462.2044342879872,,,,,1596.026805952725,,1837.3291333116035,1777.9850746268658,,2437.8326258145767,,2395.513159913365,1296.7961813471502,1381.126401960784,2126.754398496241,,2065.8459146902865,1505.180490703851,1803.085247691472,,,,2293.9109521080263,,,,2360.0,,,,,,10788.187500346226,,4618.741976893453,5719.313063063063,,,6745.985401459854,,,11965.48060579008,,,,3527.8332198993944,3686.429893474169,,3497.122295158598,,,,,,,,,,,967.1807607221488,,,1606.7412187745128,1262.0127057187017,1392.94216213739,1627.5098617743702,1317.627775161987,1727.0588235294117,1880.0,1541.6008746480927,,1401.5944531062123,1882.113607420964,1317.5292270576822,1512.9666853261822,,1589.8849589337308,,,1044.1524549364597,1567.2093602832113,1769.9831515473973,,963.6718016156304,1191.8813507133327,1304.1313113060935,,49627.0,23650.0,6525.0,186998.0,2273.0,,16733.0,13127.0,1172.0,,33907.0,5325.0,5925.0,2500.0,101600.0,,,162150.0,223656.0,32100.0,210800.0,180600.0,181020.0,12636.0,425500.0,10600.0,1600.0,,,,3112.0,,,3264.0,11156.8,,,,,,632492.0,17000.0,34588.0,4176.0,89484.17,,8520.0,2475.0,75420.0,,,,,539652.0,,12272.0,2144.0,,273148.0,,44324.0,1544.0,26112.0,2128.0,,165960.0,12048.0,88368.0,,,,43619.0,,,,1500.0,,,,,,1985.695,,194.75,444.0,,,102.75,,,1960.25,,,,191242.0,478100.0,,59900.0,,,,,,,,,,,56775.0,,,97206.25,16175.0,529150.0,22825.0,46300.0,2125.0,3200.0,123612.0,,24950.0,139335.0,168041.0,1412255.31,,1031747.0,,,292254.0,244058.0,22554.0,,21292.0,29229.0,103599.0,,85.0,19.0,4.0,115.0,4.0,,40.0,24.0,3.0,,38.0,4.0,3.0,2.0,52.0,,,56.0,63.0,8.0,64.0,64.0,31.0,3.0,71.0,6.0,2.0,,,,3.0,,,3.0,9.0,,,,,,11.0,3.0,3.0,2.0,43.0,,3.0,9.0,19.0,,,,,33.0,,21.0,3.0,,112.0,,48.0,14.0,37.0,5.0,,161.0,17.0,61.0,,,,43.0,,,,3.0,,,,,,34.0,,6.0,3.0,,,3.0,,,27.0,,,,58.0,83.0,,30.0,,,,,,,,,,,38.0,,,100.0,10.0,87.0,21.0,50.0,6.0,6.0,76.0,,32.0,26.0,47.0,177.0,,184.0,,,34.0,64.0,7.0,,7.0,7.0,33.0,,2973.525721455458,2494.1403238242096,3386.3793103448274,2746.704154951577,,2094.8275862068967,9448.0,,2009.8639455782316,2549.202392821536,,,847.8163721308146,830.2862595419847,1052.957746478873,1014.53125,,666.6666666666666,869.5652173913044,,838.5169491525423,1348.3333333333333,,3535.353535353536,,,,,4137.667304015296,,,,,,1084.2364532019703,1350.7892659826362,,,1400.0,,1489.0608512135068,1686.1918604651162,1842.6400759734088,,1230.559058427911,1522.0088626292468,2700.8928571428573,,,,1598.3333333333333,1666.9675090252708,,802.6315789473684,6650.0,,,,5198.863636363637,,3548.3870967741937,,7466.666666666667,,,2852.55,,4000.0,,,,,,,,,1772.9328165374675,1766.8727460072128,1917.911547911548,1885.1612903225807,,2105.0,1581.304347826087,,1347.9646017699115,,,1227.051142546246,,1657.035121741004,1483.2283725555187,1464.4617032672736,,1596.2265086527495,,1936.1007145287515,1257.2982015892933,,,1594.0,2594.0,2900.0,3201.0,,464.0,125.0,,588.0,2006.0,,,4923.0,5240.0,710.0,3200.0,,30.0,230.0,,2360.0,900.0,,198.0,,,,,2092.0,,,,,,812.0,5068.0,,,400.0,,5686.0,688.0,1053.0,,2379.0,1015.5,672.0,,,,300.0,554.0,,152.0,54.0,,,,52.8,,46.5,,7.5,,,2000.0,,160.0,,,,,,,,,3096.0,1941.0,4070.0,1705.0,,500.0,1150.0,,5085.0,,,4595.0,,9282.0,12068.0,3734.0,,20167.0,,5878.0,9564.0,,,42.0,51.0,41.0,58.0,,7.0,6.0,,13.0,45.0,,,75.0,35.0,10.0,28.0,,3.0,5.0,,33.0,9.0,,4.0,,,,,26.0,,,,,,12.0,37.0,,,2.0,,29.0,17.0,7.0,,68.0,35.0,15.0,,,,5.0,29.0,,2.0,6.0,,,,4.0,,2.0,,3.0,,,59.0,,2.0,,,,,,,,,60.0,54.0,78.0,27.0,,4.0,27.0,,91.0,,,17.0,,26.0,37.0,13.0,,69.0,,24.0,41.0,,2020,767.054,kamis
2020-06,,,,,,,22.6925,170.95,436.3375,1210.009090909091,82.4,,,11391.201299087335,9083.3,100.0,3.0,10243.015356096836,8890.102612035853,12292.24679750223,2697.3,781.0,5605.0,30.0,24.0,46.0,,1811.6418916666669,1290.9356184210526,,3789.8446226710416,,3831.813475353171,2865.8040665434382,2894.559203997809,4186.060574025974,3853.125,3787.7770983739097,3024.043344262295,3159.8969383906124,,2880.0,912.0,,195598.69,,39924.0,541.0,14608.0,1540.0,256.0,131112.0,12200.0,76352.0,,7.0,2.0,,93.0,,62.0,8.0,25.0,6.0,3.0,153.0,22.0,51.0,,2589.007890785623,2142.996696833547,2455.481727574751,2351.2960395814907,1984.2814371257484,,2177.6583135007386,2106.842421339564,,,2253.599542610815,1728.840941509434,1606.1313868613138,,1455.662478643216,1089.6774193548388,,997.7686657246376,1530.457026827146,1169.441600217297,1035.130836562671,1158.1524090452965,1465.7961707951072,716.5333333333333,1085.3913872713972,1145.4861145833331,1411.6850797368422,,,,4097.822091527292,,,9222.222222222224,4295.104026498292,,,7936.495646345461,,,1405.660339786659,,,1338.9447236180904,1289.4112373380342,,,1147.2429846863467,1618.184188276578,,,,,1455.5877847888776,,1811.6418916666669,1290.9356184210526,,3789.8446226710416,,3831.813475353171,2865.8040665434382,2894.559203997809,4186.060574025974,3853.125,3787.7770983739097,3024.043344262295,3159.8969383906124,,,930.631868131868,2598.1669182535657,,,,2086.590909090909,,1628.082999611909,,,10520.0,12023.276846101697,,3903.146955154413,5237.716124188641,,2415.362311478918,3862.7486015403815,,4789.189189189189,7365.573549739415,,6926.68992654427,,3840.299021901324,3729.987939309429,,2082.822774379028,,,2261.842105263158,4097.463754347826,,,,,,,1324.06481760841,,,1650.695546607143,,1274.8093282636248,1366.5899497240955,1501.5986545676003,1329.6969696969695,1437.9703495114009,1279.788579037337,,921.7428861788618,1587.980840011166,1076.8782613239114,1277.122645588378,,1314.7318983179098,,,1223.3183025382318,1361.1270215050674,1459.4987660172508,1296.3254997597394,1149.725994254928,950.0375203915172,1228.3852232826353,,26654.0,23370.0,7525.0,93857.0,2672.0,,16925.0,10272.0,,,44308.0,13250.0,3425.0,,39800.0,6200.0,,138000.0,137920.0,230100.0,182700.0,128553.0,130800.0,15000.0,273400.0,9600.0,38000.0,,,,2176.4,,,36.0,7728.8,,,18306.0,,,770972.0,,,6368.0,38087.49,,,5420.0,83781.0,,,,,1359400.0,,2880.0,912.0,,195598.69,,39924.0,541.0,14608.0,1540.0,256.0,131112.0,12200.0,76352.0,,,11648.0,55244.0,,,,7040.0,,18037.0,,,312.5,2212.5,,11924.25,9860.0,,3504.25,8212.25,,925.0,43748.0,,2265.31,,83100.0,376500.0,,36696.5,,,1900.0,4600.0,,,,,,,19025.0,,,28000.0,,433950.0,40775.0,41050.0,7425.0,61400.0,166725.0,,12300.0,243592.0,160192.0,2514089.59,,856375.0,,,259078.0,504648.5,46606.0,56189.0,159441.0,30650.0,109077.0,,48.0,13.0,4.0,78.0,7.0,,30.0,25.0,,,45.0,4.0,4.0,,20.0,5.0,,45.0,50.0,62.0,54.0,66.0,21.0,4.0,58.0,5.0,18.0,,,,12.0,,,3.0,11.0,,,39.0,,,17.0,,,3.0,13.0,,,10.0,21.0,,,,,39.0,,7.0,2.0,,93.0,,62.0,8.0,25.0,6.0,3.0,153.0,22.0,51.0,,,3.0,24.0,,,,7.0,,10.0,,,2.0,29.0,,35.0,19.0,,13.0,31.0,,2.0,186.0,,16.0,,24.0,66.0,,9.0,,,3.0,4.0,,,,,,,8.0,,,46.0,,94.0,13.0,49.0,18.0,11.0,57.0,,18.0,20.0,29.0,327.0,,148.0,,,55.0,87.0,7.0,10.0,18.0,16.0,26.0,,2145.198675496689,2009.070796460177,2753.703703703704,2114.764492753623,,2095.0,2364.864864864865,,1175.9183673469388,,,,1483.013698630137,1073.3358125697284,1307.3643410852712,1188.075117370892,,1718.75,1102.7027027027027,,1910.7692307692307,1346.126126126126,,7500.0,,,,,4718.543046357616,,,8210.743801652892,,,930.2536231884058,1484.4328238133548,1528.8288288288288,,,,1498.728813559322,1975.3086419753083,,,3715.856481481481,3275.0,5728.017241379311,,,,2883.333333333333,4976.190476190476,,2225.0,4308.211143695015,,3798.453608247423,3153.0,6609.756097560976,,3705.897435897436,,1612.059765208111,3090.731707317073,,2402.608695652174,,,,,,,,,,,1400.0,2323.12101910828,2130.909090909091,1987.7073170731708,,,1669.5049504950496,,,2405.714285714286,,2055.555555555556,,1050.196656833825,1394.7174174040642,,,1383.6945244956771,,1286.9913211186113,,,,1208.0,904.0,972.0,1104.0,,400.0,148.0,,735.0,,,,1460.0,2689.0,1290.0,2130.0,,160.0,740.0,,650.0,1110.0,,74.0,,,,,120.8,,,363.0,,,552.0,2486.0,111.0,,,,4248.0,324.0,,,864.0,496.0,232.0,,,,120.0,84.0,,128.0,340.99999999999994,,388.0,100.0,102.5,,390.0,,937.0,410.0,,230.0,,,,,,,,,,,95.0,1570.0,935.0,1025.0,,,1010.0,,,140.0,,90.0,,4068.0,22489.0,,,17350.0,,10370.0,,,,30.0,15.0,10.0,22.0,,5.0,3.0,,10.0,,,,22.0,36.0,17.0,18.0,,5.0,11.0,,17.0,5.0,,1.0,,,,,4.0,,,6.0,,,9.0,17.0,2.0,,,,16.0,5.0,,,31.0,15.0,7.0,,,,4.0,5.0,,4.0,21.0,,14.0,7.0,7.0,,15.0,,53.0,10.0,,14.0,,,,,,,,,,,1.0,30.0,24.0,27.0,,,17.0,,,2.0,,1.0,,10.0,69.0,,,58.0,,32.0,,,2020,767.054,kamis
2020-07,,,,,,,23.030364372469634,531.1125,443.3625,1198.9,84.8,,,12928.20433692422,10768.0,119.0,3.0,13804.877414551607,14040.64265013774,12448.706783688443,2955.0,726.0,7087.0,33.0,21.0,65.0,3300.0,3507.4795239898986,,,4235.304437538451,5037.5,4940.421638900671,3334.734875029199,3264.614155729283,4208.739851707317,4748.181818181818,4937.747039178682,4198.788309914642,2896.0359120523635,160.0,6336.0,,,218367.46,128.0,45973.5,1070.25,22385.0,4100.0,880.0,158964.0,6092.0,89337.25,2.0,16.0,,,112.0,2.0,88.0,14.0,31.0,18.0,6.0,176.0,15.0,79.0,,3555.783973125843,2968.5869652173915,,2962.334345811497,,4544.324324324324,2657.608695652174,2683.627089837398,3312.5,,3836.3629741404,2361.8126501510574,2646.242351963268,,1537.989287459807,,,1023.0991478313252,1582.9681625381916,1048.3946138833155,991.7435961175236,1060.154813117255,1294.0042053872053,809.5522388059702,1287.280491119509,947.063492063492,1687.3846153846157,2338.234511779041,4415.419742976055,,6388.3084881275445,,,6126.666666666667,2531.0242518059854,,,4854.971689743745,,7134.126984126984,932.7584311752612,,750.0,1712.248995983936,1418.5148214731355,,1532.0211640419946,903.0837321131448,1242.6066338209591,,,1114.7727272727273,500.0,1133.800467325989,3300.0,3507.4795239898986,,,4235.304437538451,5037.5,4940.421638900671,3334.734875029199,3264.614155729283,4208.739851707317,4748.181818181818,4937.747039178682,4198.788309914642,2896.0359120523635,,,2682.780320366133,2463.70717165826,,,1826.517857142857,,,2206.8181856060605,,,,2724.617063000705,2670.7729710144927,3003.9925431026004,3711.280614227512,3895.161290322581,1924.037097400312,2806.365700437695,,2021.2515077962576,3862.04409710417,2864.014503513636,2357.129846568232,,4156.070479552239,3621.760238623188,,3529.8445439544807,,,1522.142857142857,1618.0257510729614,,,,,,,,1558.3734939759036,,927.5187969924812,,2205.1757487700843,1754.0252794411178,1267.1943880014996,1698.876811594203,2119.5437495,1377.4492015007504,,1499.2232020176548,1323.0627373992672,807.7920148928586,1005.1917435007848,,1127.0835683247449,,1233.293082628946,1185.7901022459894,1084.7914952412857,1347.3863534475029,,2675.9831004224893,2893.0160625135663,1202.224266584892,,34829.0,11500.0,,24042.0,,925.0,2944.0,9840.0,16.0,,59359.0,8275.0,6316.0,,38875.0,,,166000.0,195068.0,719684.0,190600.0,131125.0,89100.0,16750.0,211700.0,6300.0,19500.0,2462.0,24087.25,,5896.0,,,300.0,7752.0,,,296175.56,,2898.0,276296.0,,64000.0,3984.0,55858.82,,3048.0,6010.0,230573.0,,,880.0,20.0,175736.0,160.0,6336.0,,,218367.46,128.0,45973.5,1070.25,22385.0,4100.0,880.0,158964.0,6092.0,89337.25,,,3496.0,50752.0,,,11200.0,,,21120.0,,,,31206.0,1104.0,101676.0,109225.0,496.0,69604.5,157015.75,,25012.0,152063.5,7755.5,35641.25,,67000.0,414000.0,,70300.0,,,2800.0,233.0,,,,,,,,10375.0,,6650.0,,427875.0,12525.0,66675.0,6900.0,100000.0,99950.0,,39650.0,130171.0,100988.0,3841310.0,,1331260.0,,28985.0,187000.0,325403.0,55765.0,,3077.0,4607.0,146745.0,,30.0,8.0,,52.0,,3.0,7.0,12.0,3.0,,74.0,4.0,15.0,,23.0,,,63.0,68.0,159.0,47.0,91.0,31.0,12.0,66.0,5.0,16.0,13.0,35.0,,37.0,,,5.0,15.0,,,299.0,,15.0,13.0,,2.0,3.0,16.0,,2.0,12.0,22.0,,,2.0,2.0,34.0,2.0,16.0,,,112.0,2.0,88.0,14.0,31.0,18.0,6.0,176.0,15.0,79.0,,,4.0,19.0,,,3.0,,,2.0,,,,115.0,13.0,172.0,147.0,3.0,75.0,234.0,,50.0,407.0,8.0,68.0,,28.0,62.0,,32.0,,,5.0,2.0,,,,,,,,9.0,,18.0,,188.0,8.0,69.0,12.0,39.0,49.0,,56.0,14.0,26.0,427.0,,164.0,,4.0,65.0,65.0,16.0,,5.0,7.0,56.0,,2099.3923611111118,3328.697850821745,3682.2916666666665,3058.1560283687945,,1278.0172413793102,2375.8445945945946,,3008.607198748044,,,,952.15108058978,1074.339958469297,735.4285714285714,1279.4871794871794,342.5925925925926,,823.6969696969697,,1105.2654867256638,938.7417218543046,5308.333333333333,3899.6975806451615,,4313.04347826087,,,6030.27950310559,,,5225.976800976801,7833.333333333333,,1186.2847222222222,1303.7680152804303,1470.4545454545455,,,,1205.0220563284695,1834.8914858096828,,,3155.874390904169,3440.2088772845955,7140.983606557377,,,,1728.3950617283951,3297.846889952153,,2916.6666666666665,2319.2181391712274,,2640.2042900919305,2383.1932773109243,2842.948717948718,3419.783197831978,2777.039783170815,2635.803200948429,1811.100962551816,3039.9181888708654,,2527.2727272727275,,,,,,980.0,,,,,,1411.1405835543767,,1689.6932515337423,3326.2295081967213,,1471.3721185510428,,1471.1656441717791,,1500.0,1372.1209426411738,,1136.8353586627695,1458.0326573610746,,,1097.9599001404276,,1265.600051506567,,,,1152.0,791.0,96.0,1974.0,,232.0,592.0,,639.0,,,,4951.0,3371.0,1050.0,1170.0,270.0,,1650.0,,2260.0,1510.0,120.0,2976.0,,586.5,,,644.0,,,6552.0,60.0,,576.0,2879.5,220.0,,,,5894.0,1198.0,,,1847.0,766.0,244.0,,,,324.0,418.0,,72.0,3197.5,,2447.5,476.0,156.0,1476.0,16049.5,843.5,7116.5,7089.5,,110.0,,,,,,100.0,,,,,,1470.3,,815.0,305.0,,4555.0,,2445.0,,450.0,2249.0,,19503.0,7594.0,,,25636.0,,15532.0,,,,29.0,23.0,4.0,40.0,,3.0,11.0,,24.0,,,,94.0,40.0,10.0,18.0,9.0,,25.0,,64.0,11.0,6.0,54.0,,17.0,,,23.0,,,140.0,2.0,,13.0,21.0,3.0,,,,22.0,30.0,,,57.0,34.0,8.0,,,,7.0,26.0,,4.0,134.0,,40.0,17.0,5.0,20.0,405.0,13.0,479.0,125.0,,3.0,,,,,,2.0,,,,,,44.0,,18.0,8.0,,70.0,,56.0,,1.0,22.0,,59.0,20.0,,,83.0,,51.0,,,2020,767.054,kamis
2020-08,,,,,,,27.136290322580646,508.2875,417.6875,1186.845,88.8,,,30867.71734561328,10423.5,128.0,3.0,37689.697419968696,35439.80622972973,26680.20209895817,3258.1,888.0,6277.4,46.0,22.0,60.0,,10847.46761925795,8115.384615384615,,10030.966310983242,10354.166714285717,9385.01045488643,7921.315802631579,5739.171221506402,8396.727957260118,7208.823529411765,10567.731298457447,7832.759524405507,8264.13149307372,,4528.0,624.0,,179740.36,224.0,44058.25,1520.0,12573.0,7066.0,612.0,124053.43,6392.0,76267.5,,15.0,2.0,,132.0,3.0,87.0,9.0,27.0,25.0,5.0,221.0,23.0,71.0,,3022.120660120136,,,3794.560196096917,,4832.59256,2967.5517491830065,3627.8165586592186,,4122.448979591837,4424.997206279571,2892.4137758620686,4852.631578947368,,2161.386997690531,3800.3703703703695,,2145.3522820021653,1933.942933094556,1673.1675288582162,1805.5325163767789,1598.4430886917962,2457.962601867995,1142.857142857143,2076.9217113302466,849.6296296296297,2547.124183006536,2914.37125748503,3667.514532560167,4442.618675013041,4404.674255971308,,11327.425373134329,5948.148148148148,3846.784838814356,,2188.955334986573,5836.7618750388165,,,1809.1462838348707,1397.3836618217051,714.7299813780261,1485.8630952380952,1378.1302615498537,,1582.3127755102043,938.5951235469604,1801.0751573728994,,,,,1908.9077775292249,,10847.46761925795,8115.384615384615,,10030.966310983242,10354.166714285717,9385.01045488643,7921.315802631579,5739.171221506402,8396.727957260118,7208.823529411765,10567.731298457447,7832.759524405507,8264.13149307372,,2652.5,4194.419642857143,2014.9736746537517,,,2448.96449704142,,,,1919.5261437908496,,,2782.486219166781,1552.285050348567,3058.648422659485,2796.077664691424,,1676.8323816142315,2389.343703267763,1918.5185185185185,2921.7728472495296,2491.0756294114785,2487.1751059210296,2796.2645709682192,,2816.4310889136623,3175.447032449726,,2939.18394925192,2821.25,,1535.6367427038583,1913.71952195122,,,2423.188405797101,,2453.3400403701376,1366.6666666666667,,467.2413793103448,,3521.3836383647795,,2419.9246092255403,,1703.2,2622.253414264037,2029.3517828921465,,,1574.7911087999998,570.5427597880578,934.9458224207876,652.5953399747314,,939.164735724508,,1038.8944950342373,604.2216229072261,1129.2742196070817,719.0194968681565,1041.262392564293,1182.7035139802176,,554.7290975589011,,19145.0,,,10607.0,,2250.0,7344.0,2864.0,,1225.0,121951.0,1450.0,950.0,,43300.0,2700.0,,84049.0,69800.0,601042.0,110675.0,45100.0,80300.0,8848.0,264981.0,1350.0,15300.0,668.0,118430.75,5751.0,41825.0,,4288.0,540.0,20647.0,,36494.0,463720.0,,,26452.0,4128.0,107400.0,10752.0,73454.82999999999,,1470.0,9721.0,56884.0,,,,,55432.0,,4528.0,624.0,,179740.36,224.0,44058.25,1520.0,12573.0,7066.0,612.0,124053.43,6392.0,76267.5,,6400.0,17920.0,94152.0,,,10816.0,,,,9792.0,,,10909.5,322.75,132884.75,58684.75,,39715.5,69581.25,864.0,150529.6675,10271.5,7300.25,15205.75,,807300.0,437600.0,,1499170.0,800.0,,49581.0,4100.0,,,6900.0,,318800.0,4875.0,,2900.0,,7950.0,,720825.0,,1250.0,16475.0,114275.0,,,9375.0,154193.0,38946.0,945835.0,,528248.0,,54473.0,194419.0,329534.0,940660.0,348911.0,72388.0,,47028.0,,11.0,,,34.0,,4.0,9.0,8.0,,7.0,123.0,3.0,9.0,,28.0,3.0,,59.0,37.0,201.0,48.0,31.0,49.0,9.0,93.0,3.0,11.0,3.0,115.0,3.0,92.0,,7.0,6.0,35.0,,18.0,302.0,,,7.0,3.0,4.0,5.0,40.0,,3.0,13.0,33.0,,,,,37.0,,15.0,2.0,,132.0,3.0,87.0,9.0,27.0,25.0,5.0,221.0,23.0,71.0,,4.0,5.0,16.0,,,6.0,,,,4.0,,,51.0,4.0,138.0,111.0,,43.0,85.0,3.0,205.0,57.0,7.0,16.0,,100.0,80.0,,119.0,4.0,,15.0,6.0,,,10.0,,46.0,3.0,,4.0,,15.0,,238.0,,10.0,26.0,70.0,,,23.0,46.0,12.0,112.0,,97.0,,8.0,25.0,70.0,110.0,42.0,22.0,,18.0,,3502.915451895044,3797.089947089947,,3523.569023569024,,,,,3591.4634146341464,,,,1597.872340425532,1673.1055900621118,,908.375,1452.7272727272727,1748.3116883116884,852.3809523809524,,1478.5046728971963,600.0,6680.555555555556,3898.77773067684,,3410.9573672400898,,,4716.038562664329,,,5623.282328232824,9092.307692307691,,809.375,1530.3222877893782,2196.5317919075146,,,,1817.017913593256,2349.278350515464,1071.0526315789473,,6290.972568578553,5151.944444444444,9902.272727272728,,,,4750.0,10218.639053254436,,6664.634146341464,2506.412674462467,,2707.4342701722576,1750.0,2565.432098765432,3044.6634323832627,3023.44069128044,4225.833333333333,2329.948546277354,3398.3292383292383,,2255.3571428571427,,2074.88188976378,1803.888888888889,,,,2507.692307692308,,2281.10599078341,2796.8,3100.0,3003.703703703704,,,,,1800.0,,2263.28125,,541.9909208819714,971.0366556520404,,936.8332279148218,,,,1010.4339480359224,,1312.0081305050294,,,,343.0,378.0,,1188.0,,,,,410.0,,,,1645.0,1610.0,,800.0,110.0,770.0,210.0,,1070.0,10.0,72.0,14154.0,,2674.0,,,684.6,,,9999.0,234.0,,2528.0,4406.0,86.5,,,,3796.0,970.0,114.0,,1002.5,360.0,132.0,,,,160.0,338.0,,164.0,2651.0,,1103.0,64.0,972.0,3298.0,6365.0,1080.0,8065.5,6105.0,,840.0,,1270.0,720.0,,,,390.0,,217.0,2500.0,250.0,810.0,,,,,110.0,,640.0,,3084.0,13013.0,,9486.0,,,,14587.0,,19187.0,,,,15.0,8.0,,26.0,,,,,16.0,,,,33.0,28.0,,14.0,2.0,16.0,3.0,,30.0,1.0,2.0,208.0,,34.0,,,19.0,,,208.0,9.0,,39.0,41.0,2.0,,,,15.0,26.0,2.0,,43.0,19.0,6.0,,,,4.0,33.0,,5.0,92.0,,21.0,3.0,19.0,34.0,172.0,14.0,305.0,87.0,,17.0,,30.0,9.0,,,,11.0,,15.0,16.0,8.0,15.0,,,,,4.0,,24.0,,11.0,62.0,,35.0,,,,43.0,,68.0,,,2020,767.054,kamis
2020-09,,,,,,,20.649583333333332,184.95,371.9,1178.8,80.0,,,19029.20625674833,11058.3,131.0,3.0,20534.413414994942,24274.83717605634,17706.389757571193,3853.3,568.0,6637.0,53.0,23.0,55.0,,5545.887285714286,5493.5897051282045,,5142.4133637311,,6420.023240914392,3505.2027027027025,4140.731888287864,5721.564010295231,8173.333333333333,6892.167861807721,4693.683617187499,5235.175604239345,,4592.0,1248.0,,207102.94,,47802.25,592.0,17008.0,6605.0,240.0,126186.5,7168.0,75389.0,,19.0,3.0,,145.0,,117.0,13.0,23.0,29.0,3.0,226.0,19.0,67.0,,4819.244604316546,6517.17791411043,,5410.420947638604,,6477.453803178776,4241.963866729235,5528.392857142857,,,5835.421946057068,2340.0,,,2757.089480743437,2890.0,,2726.7906331845857,2885.3426791277257,2052.604040778136,2146.847929032258,2466.23317292932,2918.0587065495206,3298.4,3222.02472402992,3165.0,3545.520833333333,,3401.961971605704,2583.768115942029,4212.758308408179,,4495.801799460812,4091.4196243600422,4840.261113090404,2141.6666666666665,2977.75376784968,4837.198236462296,,11228.57142857143,1908.3602903637525,2083.5045618063364,992.6693571140746,2408.789984344423,1891.2682982680597,,2567.620817174516,1524.138021012007,2352.8376512830964,2592.397754385965,,1934.273936015793,,2706.5197454197214,,5545.887285714286,5493.5897051282045,,5142.4133637311,,6420.023240914392,3505.2027027027025,4140.731888287864,5721.564010295231,8173.333333333333,6892.167861807721,4693.683617187499,5235.175604239345,,,3512.0356915607617,2582.3581530682973,,,2640.799346173469,2278.1022943548387,2310.649372872341,,2671.7741935483878,3885.23493259318,,6125.0,,4519.055955368617,4703.500468923629,,3892.693006385696,4583.940901830569,,3913.426654090169,,,2935.344827586207,,2419.435877322023,2607.041760855615,,2274.889750066527,1775.0526315789473,1051.3559322033898,1566.2560209273183,1525.0979209277236,850.0,545.0,965.3989722007722,,2073.7316117856085,,,,,7158.971640780565,,4316.31152087103,,4564.285721904762,3805.1714942122185,3491.7256548494984,,,3044.4444285714285,,,1236.291045543048,,,,1469.5121951219512,1554.6935608999224,1813.2501177148345,1383.9024390243903,,,,,,2224.0,4075.0,,7792.0,,8368.0,4262.0,2240.0,,,101422.0,625.0,,,31314.0,2000.0,,95912.0,32100.0,166192.0,46500.0,44949.0,62600.0,2500.0,213900.0,3000.0,4800.0,,129040.0,5175.0,113901.0,,30787.0,8399.0,38173.0,1800.0,55029.0,589354.0,,280.0,6268.0,18535.64,104230.0,8176.0,48648.32,,4332.0,9328.0,43847.43,1140.0,,861.15,,30553.82,,4592.0,1248.0,,207102.94,,47802.25,592.0,17008.0,6605.0,240.0,126186.5,7168.0,75389.0,,,472910.0,161588.0,,,31360.0,39184.0,30080.0,,9920.0,80704.0,,288.0,,19257.75,7244.25,,6459.75,17467.25,,80149.5,,,928.0,,931300.0,374000.0,,2217150.0,19000.0,5900.0,79800.0,92700.0,2200.0,1200.0,25900.0,,337700.0,,,,,7533.0,,875975.0,,2625.0,15550.0,149500.0,,,1050.0,,,266813.5,,,,2132.0,1289.0,20830.0,410.0,,,,,,12.0,2.0,,23.0,,28.0,8.0,12.0,,,118.0,2.0,,,29.0,4.0,,58.0,28.0,139.0,44.0,43.0,43.0,2.0,85.0,4.0,7.0,,164.0,3.0,103.0,,7.0,10.0,62.0,4.0,37.0,259.0,,3.0,2.0,11.0,14.0,5.0,32.0,,15.0,14.0,41.0,3.0,,8.0,,34.0,,19.0,3.0,,145.0,,117.0,13.0,23.0,29.0,3.0,226.0,19.0,67.0,,,97.0,48.0,,,8.0,18.0,8.0,,12.0,6.0,,2.0,,53.0,30.0,,7.0,49.0,,123.0,,,2.0,,126.0,58.0,,158.0,9.0,15.0,24.0,32.0,5.0,3.0,14.0,,59.0,,,,,12.0,,263.0,,16.0,41.0,51.0,,,2.0,,,84.0,,,,2.0,3.0,24.0,3.0,,,,,,5439.622641509434,6663.069544364508,,4927.971014492754,,,,,4065.5172413793102,,,,2014.3333333333333,2840.877192982456,,3029.830508474576,,1933.3333333333333,3638.823529411765,,2501.530612244898,,6733.830845771145,4294.990445695398,12900.0,4305.191933486644,9082.256297918948,,4652.189601443333,2780.3703703703704,,4794.046275395034,4602.528576376862,,1671.594816186194,2624.1258741258744,,,,,2379.209401709402,2653.823529411765,2153.322259136213,,4748.417721518988,4969.871794871795,7534.027777777777,,,,4755.555555555556,5927.304964539007,,5179.166666666667,3381.443298969072,,7546.527777777777,,4720.411764705882,,5221.178042534239,,4201.9105514546245,5643.854033290653,,2087.69392033543,,1890.8938547486036,,1366.25,2390.0,1232.142857142857,1830.212765957447,,1740.6759906759908,1730.7692307692307,5629.508196721312,4727.386363636364,,,3700.689655172414,,,,,,,,,1815.1515151515152,,,,,,,,,,265.0,417.0,,1380.0,,,,,290.0,,,,1500.0,1140.0,,590.0,,120.0,340.0,,980.0,,402.0,19363.0,584.0,11306.0,1826.0,,6097.0,270.0,,7088.0,2887.0,,3781.0,5834.4,,,,,4680.0,680.0,602.0,,1264.0,624.0,288.0,,,,180.0,282.0,,48.0,242.5,,144.0,,1700.0,,4490.5,,1151.5,1562.0,,4770.0,,5370.0,,320.0,100.0,280.0,2350.0,,4290.0,260.0,610.0,880.0,,,2320.0,,,,,,,,,330.0,,,,,,,,,,16.0,18.0,,28.0,,,,,6.0,,,,39.0,26.0,,14.0,,2.0,2.0,,31.0,,11.0,260.0,11.0,108.0,38.0,,55.0,2.0,,130.0,33.0,,50.0,53.0,,,,,27.0,19.0,6.0,,41.0,27.0,12.0,,,,5.0,22.0,,4.0,9.0,,11.0,,16.0,,80.0,,40.0,24.0,,100.0,,107.0,,7.0,4.0,4.0,36.0,,64.0,12.0,18.0,38.0,,,39.0,,,,,,,,,3.0,,,,,,,,,2020,767.054,kamis
2020-10,,,,,,,14.090725806451612,6.8625,348.225,1144.6842105263158,92.3,,,4335.733671080958,15329.0,105.0,3.0,4363.1660406377,8692.535594202898,3949.651202038588,6398.0,690.0,8241.0,43.0,15.0,47.0,,1254.4348125925926,1889.2543578947368,1113.095238095238,1740.0360056093368,,1784.2806837836122,1743.9588688946014,1235.7090093323116,2017.751563911672,3139.4736842105262,2277.659925394146,1197.710655,1514.7550423734904,,10800.0,1520.0,672.0,368492.75,,82754.25,778.0,27726.25,7925.0,304.0,214165.5,14400.0,111296.0,,19.0,4.0,2.0,136.0,,104.0,8.0,39.0,22.0,2.0,226.0,33.0,55.0,,6731.223145230593,7361.275939999999,,6246.808538082023,,5960.94674556213,,6119.727891156463,,,5973.462962287057,,,,879.9695573820396,937.7777777777778,,965.3286968683358,1347.2311190503433,692.6901697909326,997.2397435863874,938.084383217158,1391.931825140713,1057.1538461538462,1115.5595287673314,1060.899996,,,3105.3383021972704,,5070.963355717853,,,,9631.047021276596,,3215.451026909005,5157.55537058612,,10500.0,1536.89907755115,2079.4900499754763,1377.1744825700616,2140.7569900771778,2410.2810784600388,,2708.189073741007,1946.1082910321488,2700.8240030016677,,,1593.75,,2847.1675097493035,,1254.4348125925926,1889.2543578947368,1113.095238095238,1740.0360056093368,,1784.2806837836122,1743.9588688946014,1235.7090093323116,2017.751563911672,3139.4736842105262,2277.659925394146,1197.710655,1514.7550423734904,,,2906.6295078751714,2231.694370199409,,,1876.3206066945609,3198.7179487179487,,,,,,,,,,,4714.444458333333,4373.737373737374,,3216.373198138029,,,,1543.3673469387754,1970.0373116165956,2129.888717052554,,1934.951009127467,1128.032786885246,1234.223217857143,1332.8789594129785,1230.4810741504857,1136.8636363636365,1107.391304347826,1293.6814335443037,1750.0,1927.9181480716932,,3954.6190464761903,,,4695.924769905956,3542.554423765211,3398.387193958168,,5333.333333333333,3930.5995282586023,3564.037896264368,4245.714285714285,,2015.957446808511,,,1008.0270834978788,,800.0125431169646,,,941.4750596808644,877.5554484088717,,,,,705.0685157668813,,6982.0,9750.0,,3243.0,,4225.0,,2352.0,,,50248.0,,,,65700.0,2700.0,,136924.0,174800.0,106425.0,76400.0,186500.0,53300.0,19500.0,420981.0,10000.0,,,10331.0,,18774.88,,,,3572.0,,33892.0,55620.0,,400.0,125904.0,18104.88,23408.0,6421.56,41826.77,,4448.0,1773.0,40384.22,,,640.0,,28720.0,,10800.0,1520.0,672.0,368492.75,,82754.25,778.0,27726.25,7925.0,304.0,214165.5,14400.0,111296.0,,,327104.0,43328.0,,,15296.0,2496.0,,,,,,,,,,,3600.0,1336.5,,11117.25,,,,9800.0,1398000.0,272100.0,,2085737.5,6100.0,16800.0,87220.0,82400.0,22000.0,11500.0,15800.0,600.0,809000.0,,13125.0,,,7975.0,41910.0,847425.0,,375.0,23975.0,174000.0,1400.0,,1175.0,,,255755.0,,15945.0,,,7959.0,20740.0,,,,,30285.0,,32.0,4.0,,9.0,,14.0,,7.0,,,80.0,,,,39.0,4.0,,48.0,55.0,55.0,41.0,79.0,21.0,15.0,88.0,6.0,,,19.0,,29.0,,,,30.0,,42.0,61.0,,3.0,9.0,8.0,6.0,2.0,29.0,,4.0,9.0,35.0,,,2.0,,19.0,,19.0,4.0,2.0,136.0,,104.0,8.0,39.0,22.0,2.0,226.0,33.0,55.0,,,83.0,26.0,,,14.0,3.0,,,,,,,,,,,6.0,4.0,,18.0,,,,5.0,129.0,40.0,,145.0,8.0,34.0,36.0,43.0,19.0,6.0,24.0,3.0,134.0,,7.0,,,14.0,6.0,227.0,,3.0,29.0,39.0,2.0,,2.0,,,100.0,,17.0,,,14.0,15.0,,,,,28.0,,7170.682730923695,,,6211.74438687392,,,,,,,,,1054.1642228739004,863.4821428571429,,1080.0,,480.95238095238096,755.1724137931035,,1008.3769633507852,829.2682926829268,8959.09090909091,3209.510423986882,9557.57180156658,3677.498252969951,9486.683107274968,,3971.313184938,,9030.075187969926,3290.071382219338,9109.09090909091,,2437.4577417173764,2593.978373731028,,,2100.0,,2812.250128139416,2229.2887029288704,1643.0379746835442,,1162.686567164179,1275.4759238521835,3000.735294117647,,,,996.25,2110.904255319149,,1763.4615384615386,,,,,,,4996.8421052631575,,,2711.1111111111118,,1449.9438832772166,,1425.1312231588993,1715.8974358974358,1244.7482014388488,,950.0,767.6470588235294,,1518.4044943820224,1044.3661971830986,4529.066666666667,5096.344086021505,,3760.9756097560976,2779.5522388059703,,,,,,,846.1538461538462,,,,,,1015.010721944246,,1169.606512890095,,,,249.0,,,1158.0,,,,,,,,,3410.0,2240.0,,1750.0,,420.0,1450.0,,1910.0,410.0,44.0,4269.0,766.0,2862.0,811.0,,5274.2,,266.0,1541.0,748.0,,1479.0,6048.2,,,300.0,,3902.0,1434.0,158.0,,2680.0,1160.9,680.0,,,,320.0,752.0,,156.0,,,,,,,380.0,,,112.5,,8910.0,,6287.0,390.0,1390.0,,780.0,340.0,,4450.0,710.0,750.0,465.0,,205.0,670.0,,,,,,,65.0,,,,,,1399.0,,737.0,,,,7.0,,,38.0,,,,,,,,,49.0,28.0,,16.0,,6.0,15.0,,39.0,5.0,3.0,65.0,21.0,25.0,19.0,,52.0,,7.0,25.0,16.0,,28.0,50.0,,,1.0,,16.0,16.0,2.0,,92.0,35.0,18.0,,,,4.0,40.0,,5.0,,,,,,,7.0,,,4.0,,122.0,,98.0,4.0,13.0,,10.0,10.0,,98.0,13.0,22.0,21.0,,10.0,10.0,,,,,,,1.0,,,,,,14.0,,11.0,,,2020,767.054,kamis
2020-11,,,,,,,8.893723849372385,55.775,309.15,1116.7619047619048,98.8,,,4649.662575155718,8509.0,86.0,3.0,5992.020219493476,5963.307994630873,3781.7196013958896,2606.0,745.0,5158.0,34.0,16.0,36.0,,1755.96875,2497.050561797753,,1896.475706808949,,2107.620298441734,938.2935153583618,1096.643217872969,1869.528879518072,3767.1875,2173.3032397421416,1630.55678125,1492.8029612412608,,6400.0,1424.0,,228932.09,,35424.0,1172.0,21664.0,2988.0,512.0,127512.0,8448.0,65224.0,,20.0,3.0,,129.0,,62.0,8.0,26.0,12.0,3.0,170.0,28.0,49.0,,3726.8472000980273,3620.594376428571,7686.962025316456,4377.083554517465,9760.38338658147,2250.0,5675.0,3804.119318181818,12709.09090909091,,3865.539744421316,4583.518557777778,3840.589285714286,,1217.3359280701754,,,911.5297108635098,1438.493747887324,,1243.7149403278688,1110.7749871991248,2001.3694267515923,781.4814814814815,1374.579408418891,,1310.2122641509434,,,,,,,,8289.525678853755,,6607.010768659487,,,11500.0,1702.9321697324417,1846.0934854203588,1761.3070192452356,2262.575788567746,1918.9573417983947,,2747.4789915966385,1617.0829665551842,2341.041419708416,2181.1881188118814,,1495.21523443751,,2520.4337424372934,,1755.96875,2497.050561797753,,1896.475706808949,,2107.620298441734,938.2935153583618,1096.643217872969,1869.528879518072,3767.1875,2173.3032397421416,1630.55678125,1492.8029612412608,,,3199.37355798917,1788.5979372224465,,,1707.989259963768,1925.0,,,2088.682402027027,,,,,,,,,,,,,,,215.75443786982248,2311.387414074899,2410.215232546201,,1998.1938649204155,715.9463220338982,1024.620253164557,1424.9788583992097,1529.5427669616518,1323.529411764706,1689.1612903225807,1413.0597014925372,,2256.825775086505,,1912.444899764264,,7832.214765100671,2884.857057981112,2595.5556531548373,2093.2473041943053,1586.0528593830336,2255.098628994083,1604.410457416268,1982.3731049230769,1880.9524,,1617.857142857143,,,1190.5446435871515,,,,,,1129.746835443038,,,,2725.4725472547257,752.9918621349929,,8161.0,14000.0,2528.0,9419.0,4382.0,544.0,40.0,2816.0,1320.0,,24020.0,2250.0,1400.0,,51300.0,,,35900.0,63900.0,,30500.0,91400.0,15700.0,2700.0,194800.0,,21200.0,,,,,,,,2024.0,,8079.0,,,40.0,153088.0,31766.9,31904.0,7773.269999999999,60197.24,,3808.0,13455.0,39493.18,404.0,,24996.0,,501308.6,,6400.0,1424.0,,228932.09,,35424.0,1172.0,21664.0,2988.0,512.0,127512.0,8448.0,65224.0,,,255039.0,19816.0,,,17664.0,2368.0,,,9472.0,,,,,,,,,,,,,,,16900.0,718300.0,194800.0,,1089457.75,11800.0,15800.0,101200.0,67800.0,3400.0,3875.0,6700.0,,144500.0,,52177.0,,596.0,12918.0,40113.0,489950.0,19450.0,8450.0,41800.0,97500.0,2550.0,,1050.0,,,449114.0,,,,,,18644.0,,,,1111.0,16712.0,,28.0,6.0,4.0,43.0,7.0,3.0,2.0,9.0,4.0,,34.0,2.0,2.0,,39.0,,,21.0,28.0,,27.0,49.0,6.0,2.0,52.0,,12.0,,,,,,,,16.0,,15.0,,,2.0,9.0,14.0,7.0,3.0,32.0,,3.0,15.0,27.0,2.0,,8.0,,52.0,,20.0,3.0,,129.0,,62.0,8.0,26.0,12.0,3.0,170.0,28.0,49.0,,,79.0,2.0,,,15.0,4.0,,,2.0,,,,,,,,,,,,,,,3.0,82.0,32.0,,117.0,12.0,14.0,34.0,43.0,5.0,9.0,6.0,,21.0,,20.0,,2.0,29.0,17.0,156.0,8.0,18.0,21.0,37.0,2.0,,2.0,,,168.0,,,,,,17.0,,,,4.0,4.0,,5690.353697749196,1952.0833333333333,4853.030303030303,4019.462365591398,,,,,6119.938650306748,,,,1013.5802469135804,1272.2727272727273,,1116.6990291262136,,,850.0,,973.9130434782608,689.1803278688525,,9210.526315789471,,9113.157894736842,,,2757.8057863076483,,,9750.0,,,1665.233918128655,2201.040681173132,,,,1150.0,2322.5659394334093,2565.9518828451883,1774.5062836624777,,1228.488241881299,1657.7617328519857,2884.9484536082477,,,,1110.2941176470588,1211.0887096774193,,1026.388888888889,,,,,,,,,,,,1558.3561643835617,,1444.878048780488,1066.6666666666667,,,1288.3333333333333,2170.0,,1320.044052863436,,2071.7325227963524,2969.6995708154504,,2721.9209039548023,1569.047619047619,,1469.1891891891892,,2256.0,,,,,,,,,,,927.9176201372998,,,,311.0,240.0,198.0,930.0,,,,,326.0,,,,1620.0,1320.0,,1030.0,,,100.0,,920.0,610.0,,38.0,,228.0,,,698.1999999999999,,,20.0,,,3420.0,6342.0,,,,24.0,6142.0,1912.0,278.5,,2232.5,277.0,485.0,,,,68.0,496.0,,72.0,,,,,,,,,,,,1460.0,,2460.0,180.0,,,600.0,360.0,,2270.0,,658.0,1165.0,,885.0,210.0,,185.0,,125.0,,,,,,,,,,,874.0,,,,11.0,10.0,8.0,24.0,,,,,21.0,,,,30.0,17.0,,13.0,,,2.0,,25.0,7.0,,6.0,,8.0,,,18.0,,,2.0,,,54.0,75.0,,,,1.0,30.0,40.0,5.0,,79.0,18.0,13.0,,,,2.0,28.0,,3.0,,,,,,,,,,,,31.0,,50.0,3.0,,,13.0,8.0,,50.0,,11.0,20.0,,18.0,9.0,,7.0,,9.0,,,,,,,,,,,11.0,,,2020,767.054,kamis
2020-12,,,,,,,1.0483739837398374,19.125,303.9125,1095.1318181818183,90.5,,,10497.806847099082,6429.0,76.0,3.0,10485.598,10375.402206896551,10516.19076044371,1728.0,464.0,4237.0,25.0,13.0,38.0,,2783.417612716763,4111.111111111111,,3432.504116927544,,3315.394621782178,1358.425925925926,2591.2607872807016,3007.0,,3334.5152278827336,3003.592307909605,2341.9095699926,,2768.0,1440.0,,158440.0,,12120.0,432.0,7296.0,800.0,,100148.0,5664.0,64864.0,,10.0,2.0,,104.0,,31.0,4.0,17.0,5.0,,146.0,16.0,44.0,,3953.252032520325,,,3824.7161504632654,8038.689121529358,,,3040.424884236453,5646.972318339101,,2919.6519733118703,,2569.6969272727274,,2305.350254347826,,,1993.7676416666663,2194.588940860215,1826.0869565217392,1556.1969736363635,1834.7784173410405,2658.852216273585,,1849.6622356766256,,,,,,7477.150537634408,,,,7591.325858885434,,,7550.0,,,1621.3753698805838,1384.9982531734015,1883.5086052631584,2182.57787481575,1796.9463680545205,,1298.076923076923,1407.1423433691757,1839.475429285062,1583.8704028021016,,1949.041095890411,,2355.195913865557,,2783.417612716763,4111.111111111111,,3432.504116927544,,3315.394621782178,1358.425925925926,2591.2607872807016,3007.0,,3334.5152278827336,3003.592307909605,2341.9095699926,,,5174.728830841395,1702.6859710743802,,,,,,,,,,,,,,,,,,,,,,,2393.382992280892,2628.253712016194,,2359.8589353229263,,,1606.4814606060606,1839.7297297297296,,,,,,,1809.5591500244248,,6000.0,1999.315170847751,3228.220999256217,1652.950896615079,1787.1651193633952,1500.155018604651,1470.4761904761904,,1635.428571428571,,1495.8238993710693,,,1001.9695919083072,,819.9830186794526,,,474.9203698549649,,,,,,,,1968.0,,,22989.0,6591.0,,,3248.0,7225.0,,11803.0,,550.0,,13800.0,,,25200.0,46500.0,2300.0,11000.0,17300.0,42400.0,,56900.0,,,,,,1488.0,,,,1045.25,,,560.0,,,90440.0,17174.0,7980.0,6329.71,28771.77,,1040.0,4185.0,37362.12,2284.0,,2920.0,,366938.0,,2768.0,1440.0,,158440.0,,12120.0,432.0,7296.0,800.0,,100148.0,5664.0,64864.0,,,27288.0,3872.0,,,,,,,,,,,,,,,,,,,,,,,459509.0,617500.0,,653400.0,,,19800.0,3700.0,,,,,,,34801.0,,808.0,13872.0,30923.0,302075.0,18850.0,8600.0,14175.0,,3500.0,,3975.0,,,266891.0,,20022.0,,,32337.0,,,,,,,,11.0,,,28.0,7.0,,,6.0,6.0,,26.0,,2.0,,9.0,,,16.0,24.0,2.0,17.0,15.0,12.0,,34.0,,,,,,7.0,,,,11.0,,,2.0,,,14.0,7.0,2.0,4.0,22.0,,2.0,7.0,27.0,4.0,,3.0,,58.0,,10.0,2.0,,104.0,,31.0,4.0,17.0,5.0,,146.0,16.0,44.0,,,18.0,2.0,,,,,,,,,,,,,,,,,,,,,,,69.0,67.0,,72.0,,,5.0,6.0,,,,,,,20.0,,2.0,26.0,20.0,66.0,6.0,22.0,14.0,,2.0,,2.0,,,104.0,,17.0,,,8.0,,,,,,,,3103.125,3622.327044025157,2333.333333333333,3004.607046070461,,,,,3172.093023255814,,,,1795.0980392156862,2525.619047619048,,2011.0526315789475,,,2917.8571428571427,,2120.0,,,8910.25641025641,,10500.0,13422.222222222224,,,,,,,,1467.361111111111,2098.384290330599,1500.0,,,,1921.6876971608835,2039.0781563126247,2405.105105105105,,2266.577540106952,2080.9523809523807,2858.196721311476,,,,,1688.2183908045977,,1478.571428571429,,,,,,,,,,,,2134.6710526315787,,2092.025316455696,,,,,,,2366.6666666666665,,1745.2830188679245,,,1362.7380952380952,,,1709.3939393939395,,1853.8461538461536,,,,,,,,,,,,,,,160.0,318.0,75.0,369.0,,,,,172.0,,,,510.0,1050.0,,380.0,,,280.0,,150.0,,,78.0,,70.0,90.0,,,,,,,,1296.0,2011.5,48.0,,,,2536.0,998.0,333.0,,1122.0,168.0,244.0,,,,,348.0,,28.0,,,,,,,,,,,,1520.0,,790.0,,,,,,,30.0,,212.0,,,840.0,,,660.0,,260.0,,,,,,,,,,,,,,,6.0,8.0,1.0,8.0,,,,,5.0,,,,12.0,15.0,,6.0,,,2.0,,7.0,,,6.0,,2.0,5.0,,,,,,,,20.0,24.0,3.0,,,,10.0,20.0,5.0,,32.0,5.0,6.0,,,,,21.0,,3.0,,,,,,,,,,,,16.0,,12.0,,,,,,,2.0,,4.0,,,15.0,,,12.0,,12.0,,,,,,,,,,,,,,2020,767.054,kamis
2021-01,,,,,,,-0.2724696356275303,35.2875,312.125,1097.49,95.0,,,16563.827757637748,11243.5,119.0,3.0,20060.493069318865,21849.0625,14932.393015969485,3318.0,192.0,7733.5,44.0,13.0,62.0,,4898.740172566372,5874.1667,,5125.002684302885,,4857.912691678035,5695.4,3753.788856141199,4029.807692307693,,5506.903361418031,5269.572128119002,3860.477594642505,,5424.0,2000.0,,181785.0,,8796.0,200.0,16544.0,416.0,,89758.25,8336.0,81232.0,,20.0,3.0,,101.0,,26.0,5.0,21.0,4.0,,146.0,16.0,59.0,3738.695090439277,3857.7288428324696,3521.722846441948,,4544.319238982574,7206.550326458892,,2846.511562790698,4074.7217806041335,5056.1051899907325,,3550.962189932767,,,,2730.555555555556,,,2706.043046357616,2724.5284340816324,3155.769230769231,3010.333333333333,2270.439400909091,2613.6363636363635,,2734.7796128463474,,,,,,8627.811860940696,,,,,,12323.430905857742,,,5164.0866873065015,2017.387793267596,,,2505.502590476191,3219.084653025848,,,2556.190476190476,3020.9952790148,,,,,2884.880651530967,,4898.740172566372,5874.1667,,5125.002684302885,,4857.912691678035,5695.4,3753.788856141199,4029.807692307693,,5506.903361418031,5269.572128119002,3860.477594642505,,,,,,,,,,,,,,,,,,,,,,,,,,,2739.637293041088,2984.404150647158,,2762.944935106879,,,2981.46875,1901.8409269961976,2096.529539873418,1927.1508379888269,,,3044.6619558664265,,2055.682344714174,,3584.564078132444,1985.9608075074264,4092.555997447759,1907.2772683330463,2373.8478711168163,1772.65306122449,2132.207063207481,1324.7368421052631,1870.3685838461536,,2196.228896,,,1197.7327038526548,,,,,,838.2899628252788,,,,,,1935.0,6948.0,6675.0,,24847.0,10813.0,,4300.0,2516.0,10790.0,,11304.0,,,,3600.0,,,15100.0,98000.0,7800.0,900.0,11000.0,5500.0,,39700.0,,,,,,1956.0,,,,,,956.0,,,1372.75,11764.0,,,5040.0,37058.38,,,1260.0,44122.56999999999,,,,,114960.0,,5424.0,2000.0,,181785.0,,8796.0,200.0,16544.0,416.0,,89758.25,8336.0,81232.0,,,,,,,,,,,,,,,,,,,,,,,,,,,691200.0,888500.0,,888634.25,,,1600.0,26300.0,15800.0,4475.0,,,221600.0,,31925.0,,4198.0,92575.0,31345.0,290050.0,38950.0,9800.0,71115.0,9500.0,26000.0,,10000.0,,,34314.0,,,,,,5380.0,,,,,,4.0,23.0,5.0,,43.0,12.0,,2.0,18.0,6.0,,15.0,,,,4.0,,,8.0,27.0,4.0,3.0,9.0,5.0,,16.0,,,,,,7.0,,,,,,5.0,,,2.0,3.0,,,4.0,18.0,,,4.0,31.0,,,,,36.0,,20.0,3.0,,101.0,,26.0,5.0,21.0,4.0,,146.0,16.0,59.0,,,,,,,,,,,,,,,,,,,,,,,,,,,100.0,103.0,,113.0,,,2.0,13.0,13.0,7.0,,,27.0,,25.0,,4.0,60.0,16.0,57.0,9.0,25.0,23.0,6.0,21.0,,13.0,,,23.0,,,,,,4.0,,,,,,,3740.549828178694,2090.277777777778,,4655.698924731183,,,3988.235294117647,,4280.291970802919,,,,2751.0416666666665,3329.318181818182,,3131.818181818182,,,3162.5,,2060.0,,,2600.0,,,12750.0,,6341.463414634147,,,,4741.686001546791,,2799.4296577946766,3484.215929506374,,,,,3259.3190998268897,3935.687382297552,,,3871.900826446281,5293.243243243243,6296.39175257732,,,,3750.0,4115.698924731183,,8250.0,,,,,,,,,,,,2433.4634146341464,,2086.315789473684,,2650.0,,1750.0,2700.0,,2826.6666666666665,,,1850.0,,2833.1428571428573,,,2569.137931034483,,1803.5051546391755,,,,,,,,,,,,,,,291.0,72.0,,465.0,,,85.0,,274.0,,,,960.0,440.0,,220.0,,,320.0,,90.0,,,25.0,,,100.0,,8.2,,,,1292.9999999999998,,1052.0,3506.7,,,,,3466.0,1062.0,,,1452.0,296.0,388.0,,,,8.0,465.0,,48.0,,,,,,,,,,,,2050.0,,190.0,,180.0,,80.0,70.0,,450.0,,,50.0,,350.0,,,580.0,,485.0,,,,,,,,,,,,,,,7.0,2.0,,14.0,,,7.0,,16.0,,,,14.0,7.0,,3.0,,,5.0,,5.0,,,1.0,,,3.0,,1.0,,,,23.0,,25.0,41.0,,,,,15.0,28.0,,,48.0,9.0,11.0,,,,1.0,30.0,,1.0,,,,,,,,,,,,33.0,,3.0,,4.0,,2.0,1.0,,16.0,,,2.0,,6.0,,,12.0,,15.0,,,,,,,,,,,,,,2021,1116.3896,kamis
2021-02,,,,,,,3.7094170403587445,24.6875,305.45,1111.7166666666667,97.2,,,11079.691314373682,12342.0,107.0,3.0,11373.879504529345,17312.0,10752.1209255155,5078.0,135.0,7129.0,49.0,8.0,50.0,,2483.901270642202,3546.673787553648,,3230.980585499249,,3291.8601190476197,3804.697508896797,2611.238583973428,2308.695652173913,,3179.624957099557,3326.03587809406,2617.0277756516,,8720.0,3728.0,,203686.0,,8064.0,281.0,19268.0,368.0,,102936.0,12928.0,96992.0,,18.0,9.0,,83.0,,20.0,4.0,27.0,2.0,,133.0,20.0,56.0,,3590.5847738139023,,,3654.0845304338936,5526.691599850635,,2865.9756743111416,3967.048710601719,2582.5751421608447,,2798.1178595511537,3536.923076923077,2212.936170212766,,,,,2690.131478798853,2599.6165052631577,2034.0625,,,1748.0555555555557,,2998.052147239264,,,,,,5084.337349397591,,,,4385.4098360655735,,,,,,,4021.30972299684,,4957.319675629535,5035.565093780503,,,2775.757575757576,5567.523416763634,,,,,5734.529056394064,,2483.901270642202,3546.673787553648,,3230.980585499249,,3291.8601190476197,3804.697508896797,2611.238583973428,2308.695652173913,,3179.624957099557,3326.03587809406,2617.0277756516,,,,,,,,,,,,,,,,,,,,,,,,,,,2887.654919775641,3161.83651053346,,3193.9817538602565,,,3106.454545454545,2577.794864615385,2303.074453846154,,,,3095.141860195758,,1791.5085838546922,,2200.224887556222,2040.4212437685455,1962.6613341904856,2083.1508605904405,2182.216075828729,1452.8364191358023,1959.9239039563815,2328.469387755102,1538.4433301775148,,2232.777936593592,,,2293.264968732779,,1854.988747186797,,,,,,,,,,,13595.0,,,19567.0,6695.0,,5843.0,698.0,6155.0,,9491.0,1625.0,1175.0,,,,,13254.0,203300.0,25600.0,,,9000.0,,65200.0,,,,,,1660.0,,,,3050.0,,,,,,,1290.96,,1405.8,55904.0775,,,891.0,40589.170000000006,,,,,40055.28,,8720.0,3728.0,,203686.0,,8064.0,281.0,19268.0,368.0,,102936.0,12928.0,96992.0,,,,,,,,,,,,,,,,,,,,,,,,,,,312000.0,736700.0,,458195.0,,,1100.0,6500.0,16900.0,,,,61300.0,,24775.0,,6670.0,67400.0,40444.0,213400.0,72400.0,16200.0,143060.0,4900.0,54925.0,,14825.0,,,83474.0,,13330.0,,,,,,,,,,,34.0,,,35.0,8.0,,9.0,5.0,3.0,,15.0,3.0,2.0,,,,,11.0,25.0,10.0,,,5.0,,39.0,,,,,,5.0,,,,5.0,,,,,,,3.0,,2.0,38.0,,,4.0,46.0,,,,,33.0,,18.0,9.0,,83.0,,20.0,4.0,27.0,2.0,,133.0,20.0,56.0,,,,,,,,,,,,,,,,,,,,,,,,,,,49.0,74.0,,46.0,,,2.0,7.0,9.0,,,,9.0,,35.0,,8.0,37.0,19.0,55.0,14.0,29.0,32.0,2.0,38.0,,12.0,,,26.0,,6.0,,,,,,,,,,,,12250.0,4232.558139534884,3040.18759018759,,,2724.113475177305,,3282.1782178217823,,2876.8939393939395,,2794.6774193548385,4210.666666666667,,3228.082191780822,,,,,4158.0,,,,,,,,4186.046511627907,,,,3888.6362159703726,,3426.486968144353,5352.899401819125,,,,4250.0,5546.8125,5447.478991596639,5600.0,1750.0,2176.0720411663806,1497.2222222222222,3767.253521126761,,,,,3147.282608695652,,3850.0,,,,,,,,,,,,3196.814814814815,,2283.5087719298244,2290.5714285714284,,,,3200.0,,2575.0,,2318.5365853658536,1712.6222222222225,2234.375,2385.1612903225805,,,2277.8494623655915,,1545.1376146788991,,,2909.090909090909,,,3169.230769230769,,,,,,,,,,500.0,172.0,1386.0,,,141.0,,202.0,,264.0,,620.0,300.0,,730.0,,,,,50.0,,,,,,,,17.2,,,,1539.1,,1795.6,3661.1,,,,108.0,4800.0,952.0,71.5,14.0,2332.0,144.0,568.0,,,,,552.0,,60.0,,,,,,,,,,,,1350.0,,1140.0,350.0,,,,210.0,,80.0,,410.0,1125.0,160.0,310.0,,,465.0,,545.0,,,22.0,,,130.0,,,,,,,,,,15.0,5.0,34.0,,,4.0,,7.0,,5.0,,19.0,4.0,,13.0,,,,,2.0,,,,,,,,1.0,,,,45.0,,36.0,45.0,,,,1.0,23.0,29.0,4.0,1.0,78.0,5.0,16.0,,,,,36.0,,2.0,,,,,,,,,,,,27.0,,16.0,6.0,,,,1.0,,3.0,,24.0,23.0,6.0,7.0,,,10.0,,17.0,,,1.0,,,1.0,,,,,,,,2021,1116.3896,kamis
2021-03,,,,,,,8.721774193548388,94.58749999999999,371.45,1131.0181818181818,100.4,,,7954.512529388989,12913.0,124.0,3.0,8607.467852230484,9726.10640625,7384.349451056658,4304.0,896.0,7713.0,48.0,31.0,45.0,2343.0059523809523,2134.2896516393444,2787.3837162790696,,2391.69015774392,,2454.2145908642788,2343.345323741007,1867.4336560242857,2210.5263157894738,,2510.1582665732835,2537.5666639072847,2051.0980576828065,672.0,6832.0,3440.0,,257544.0,,12172.0,1112.0,19106.0,608.0,,148492.0,14496.0,97152.0,3.0,17.0,8.0,,92.0,,26.0,7.0,28.0,2.0,,169.0,18.0,54.0,,4973.140228123969,5259.677419354839,5484.293841207024,4720.366714729935,6137.168933428776,,4643.85248586828,11587.719298245614,3787.684715517242,,4861.9464094634295,,3231.8468432432437,,2529.2843632768363,,,2450.350307631889,2479.035103877005,1933.8816610389608,2944.0416666666665,2035.9907857142853,2405.813953488372,,2946.3723786713285,,,,,,4037.671232876712,,,,5011.111111111111,,,,,5448.1897627965045,,,,5638.990638990639,4178.586894437629,,3800.819581967213,2519.554269372694,4665.954023909349,,,,,4668.144623754261,2343.0059523809523,2134.2896516393444,2787.3837162790696,,2391.69015774392,,2454.2145908642788,2343.345323741007,1867.4336560242857,2210.5263157894738,,2510.1582665732835,2537.5666639072847,2051.0980576828065,,,,,,,,,,,,,,,,,,,,,,,,,,,2584.5001523538544,3053.1603874385446,,2772.830651890349,,,1876.381518072289,1935.377366037736,2025.83141618123,1164.8648648648648,1877.7777777777776,,2600.0,2743.523316062176,2440.518962582188,,2630.0675675675675,2231.9404074168942,2769.285102040816,2854.537189270613,3319.330887839771,2550.744864804469,2690.7680601731718,,2578.616352201258,,3071.349917667844,,,2738.068663257852,,2982.5882636462225,,,,4133.358519078201,,,,,,,21199.0,2325.0,4043.0,73001.0,2794.0,,7607.0,570.0,2900.0,,19401.0,,925.0,,17700.0,,,30556.0,149600.0,30800.0,2400.0,21700.0,8600.0,,57200.0,,,,,,7300.0,,,,720.0,,,,,200.25,,,,1916.46,52755.920000000006,,2440.0,2439.0,22905.0575,,,,,30722.74,672.0,6832.0,3440.0,,257544.0,,12172.0,1112.0,19106.0,608.0,,148492.0,14496.0,97152.0,,,,,,,,,,,,,,,,,,,,,,,,,,,193300.0,813600.0,,587246.0,,,8300.0,5300.0,30900.0,3700.0,1800.0,,6600.0,4825.0,41825.0,,3700.0,70272.0,25970.0,283800.0,34950.0,4475.0,97302.5,,15900.0,,14150.0,,,34225.0,,8299.0,,,,5294.0,,,,,,,44.0,2.0,6.0,70.0,7.0,,9.0,4.0,2.0,,20.0,,3.0,,16.0,,,29.0,21.0,11.0,8.0,14.0,3.0,,29.0,,,,,,3.0,,,,5.0,,,,,2.0,,,,2.0,27.0,,2.0,8.0,35.0,,,,,34.0,3.0,17.0,8.0,,92.0,,26.0,7.0,28.0,2.0,,169.0,18.0,54.0,,,,,,,,,,,,,,,,,,,,,,,,,,,36.0,101.0,,97.0,,,9.0,6.0,15.0,7.0,4.0,,3.0,2.0,40.0,,5.0,58.0,20.0,65.0,6.0,13.0,30.0,,16.0,,9.0,,,18.0,,12.0,,,,5.0,,,,,,,4304.263565891473,6270.51597051597,5450.66037735849,5886.507936507936,,,11750.0,11400.0,3057.2916666666665,,,,2549.95,2323.396226415094,,2949.6875,,,3235.0,,5840.625,,,,,,,,6333.333333333333,,,,4207.134240909875,,2690.132827324478,5227.035312819348,,,,3554.6875,3875.605095541401,4460.200668896321,,,1721.9718309859154,1886.805555555556,3192.3828125,,,,,2806.687898089172,,2310.4166666666665,,,,,,,,,,,,2411.794871794872,,,1849.6153846153843,,,,1272.7272727272727,,2365.454545454545,,3211.493212669683,2367.007299270073,,3140.224719101124,,2001.7094017094016,2526.6666666666665,9602.941176470587,3239.010989010989,,,2297.297297297297,,,2969.696969696969,,,3631.818181818182,,3266.990291262136,,,,258.0,814.0,1060.0,882.0,,,180.0,290.0,96.0,,,,2000.0,530.0,,1600.0,,,180.0,,80.0,,,,,,,,27.0,,,,2901.4999999999995,,1054.0,3522.8,,,,128.0,4710.0,1196.0,,,2485.0,576.0,512.0,,,,,628.0,,96.0,,,,,,,,,,,,2730.0,,,260.0,,,,220.0,,550.0,,1105.0,685.0,,890.0,,585.0,150.0,204.0,910.0,,,111.0,,,528.0,,,55.0,,412.0,,,,7.0,29.0,19.0,29.0,,,5.0,11.0,8.0,,,,31.0,7.0,,26.0,,,2.0,,3.0,,,,,,,,4.0,,,,62.0,,25.0,37.0,,,,2.0,30.0,36.0,,,63.0,15.0,12.0,,,,,42.0,,3.0,,,,,,,,,,,,50.0,,,4.0,,,,2.0,,9.0,,41.0,17.0,,20.0,,13.0,5.0,12.0,39.0,,,6.0,,,4.0,,,1.0,,7.0,,,2021,1116.3896,kamis
2021-04,,,,,,,13.53125,37.775,393.3125,1119.4045454545455,102.3,,,7657.733917850799,9008.0,86.0,3.0,8599.424013450594,8934.073906976744,6502.349852240229,3866.0,946.0,4196.0,34.0,23.0,29.0,2531.9444444444443,2010.9664206680584,2986.32810546875,,2881.11098104406,,3039.764525042301,1456.3611257443388,1637.26943236715,2839.66668372093,,2839.55928434582,2244.0290571371293,2103.4709334731288,864.0,7664.0,2048.0,,303546.0,,23640.0,4601.4,18216.0,2580.0,,149072.0,19952.0,118268.0,5.0,9.0,3.0,,86.0,,31.0,14.0,24.0,9.0,,133.0,21.0,70.0,,4726.0363225938845,,6432.35384144475,4383.465929223463,6206.415809420682,,4819.450161891649,11251.703844372396,4292.842258452842,,4525.691068968536,4671.12676056338,3433.3429218436872,,1894.6261682242991,,,1903.0262968405584,2103.674703153153,1044.9116379310344,1418.4590197247703,1808.1067674816625,1686.183126681128,,1715.8335990272374,,,,,,3879.4392523364486,,,7443.181818181818,4855.533465871438,,,,,3466.436308466131,3653.65485962496,2337.099339399454,,,3328.2501200321094,,3662.5,1015.6782802075612,3595.244241939919,,,,,3614.382031816204,2531.9444444444443,2010.9664206680584,2986.32810546875,,2881.11098104406,,3039.764525042301,1456.3611257443388,1637.26943236715,2839.66668372093,,2839.55928434582,2244.0290571371293,2103.4709334731288,,,,,,,,,,,,,,,,,,,,,,,,,,,2645.397260839695,3178.6050433152936,,2730.022496174301,,,2024.0740972222225,,2931.50826446281,,,,3095.802858,,2585.049613177257,,7301.408450704225,2559.7391884020403,2153.8110732216533,2383.743166409307,2354.622267951093,2573.7278485126235,2436.988791915447,2447.135075,2715.9756097560976,,2597.796140053764,,,2909.1608554044383,,2067.937805256769,,,1625.710344686183,2478.728856996412,,,,,,,19492.0,,3267.0,97278.0,1847.0,,18883.0,2159.0,9553.0,,22851.0,1775.0,2495.0,,21400.0,,,43552.0,88800.0,69600.0,65400.0,40900.0,92200.0,,154200.0,,,,,,21400.0,,,704.0,1509.0,,,,,30633.119999999995,188780.0,13188.0,,,34407.46,,2400.0,4047.0,173162.66,,,,,342577.64,864.0,7664.0,2048.0,,303546.0,,23640.0,4601.4,18216.0,2580.0,,149072.0,19952.0,118268.0,,,,,,,,,,,,,,,,,,,,,,,,,,,131000.0,997800.0,,291450.0,,,3600.0,,12100.0,,,,50000.0,,74750.0,,1775.0,131161.0,20117.0,472750.0,67475.0,12001.0,209857.0,17600.0,10250.0,,18600.0,,,40513.0,,70842.0,,,35116.0,7804.0,,,,,,,40.0,,8.0,58.0,3.0,,20.0,11.0,5.0,,18.0,2.0,4.0,,22.0,,,27.0,22.0,12.0,29.0,19.0,16.0,,39.0,,,,,,7.0,,,3.0,2.0,,,,,5.0,8.0,5.0,,,33.0,,2.0,7.0,34.0,,,,,34.0,5.0,9.0,3.0,,86.0,,31.0,14.0,24.0,9.0,,133.0,21.0,70.0,,,,,,,,,,,,,,,,,,,,,,,,,,,19.0,106.0,,59.0,,,5.0,,8.0,,,,13.0,,32.0,,3.0,58.0,4.0,71.0,16.0,18.0,40.0,8.0,11.0,,7.0,,,18.0,,31.0,,,3.0,6.0,,,,,,,4813.609467455622,8525.596529284165,5500.0,5514.254385964912,,,11500.0,,4632.727272727273,,11000.0,,2476.3809523809523,2186.6666666666665,,2221.9135802469136,,,1646.7065868263471,,2205.0,1776.0,,,,,,,4920.520231213873,,,,4817.690890823845,,2693.298969072165,3495.2706782048704,,,,2250.0,3268.1053811659194,3052.2038567493114,1650.0,,1816.678805535324,1951.7857142857144,3035.8024691358023,,,,803.5714285714286,2443.181818181818,,2885.714285714286,,,,,,,,,,,,3074.433962264151,,,,,,,,,4605.0,,2652.5342465753424,2731.090909090909,2037.7777777777776,2837.239436619718,,,5587.067669172932,11236.805555555557,2774.688796680498,,,,,,,,,,,,,,,338.0,461.0,744.0,912.0,,,60.0,,275.0,,138.0,,2100.0,780.0,,1620.0,,,334.0,,70.0,250.0,,,,,,,138.4,,,,2388.8,,388.0,496.9,,,,32.0,1784.0,726.0,90.0,,1373.0,504.0,324.0,,,,112.0,528.0,,84.0,,,,,,,,,,,,1060.0,,,,,,,,,70.0,,1460.0,550.0,315.0,1775.0,,,665.0,288.0,964.0,,,,,,,,,,,,,,,12.0,26.0,17.0,22.0,,,2.0,,9.0,,3.0,,34.0,13.0,,24.0,,,4.0,,2.0,2.0,,,,,,,6.0,,,,33.0,,11.0,8.0,,,,1.0,9.0,21.0,1.0,,46.0,21.0,8.0,,,,4.0,31.0,,2.0,,,,,,,,,,,,38.0,,,,,,,,,2.0,,37.0,18.0,10.0,29.0,,,23.0,11.0,39.0,,,,,,,,,,,,,,2021,1116.3896,kamis
2021-05,,,,,,,17.041463414634144,115.35000000000001,434.1,1123.2842105263157,105.5,,,6302.406898787261,8823.0,91.0,3.0,7218.911772673134,7662.237526436782,5699.658776034498,2938.5,435.0,5449.5,30.0,16.0,45.0,,2073.896018691589,,,2908.3394097671635,,2894.290422208202,1016.7760697964272,1383.4087654433836,2066.514934404284,,2541.75705673053,1731.4142663612568,1727.948458853666,,6848.0,,,276943.25,,31700.0,2407.0,20239.25,2988.0,,144684.0,12224.0,74952.0,,17.0,,,82.0,,54.0,12.0,33.0,13.0,,144.0,22.0,64.0,,3780.961902046098,3057.708610013532,3746.6523131512754,3173.9265379369863,3056.7251461988303,,3029.806548065588,8178.933333333333,2698.498120912548,,3043.566074191162,2765.951256849314,2276.4847512038523,,2231.851721286371,1325.6470588235295,,1535.017685948688,1819.639474136009,1079.007758482143,1650.9743301564722,1889.0297006144397,2319.544916916917,,1676.3648123479318,,,,,,,,,,5914.634146341464,,,,,6522.542498152256,1688.2517843825922,,,1843.430905377808,2240.008148695727,,1917.171799242424,1178.9473684210527,2371.462801451447,,,1331.105608910891,,2218.2410186237903,,2073.896018691589,,,2908.3394097671635,,2894.290422208202,1016.7760697964272,1383.4087654433836,2066.514934404284,,2541.75705673053,1731.4142663612568,1727.948458853666,,,,3258.9012407158834,,,3917.928500506586,2700.0,,,,,,15984.739108618034,,,,,,,,,12454.398119530691,,,,2876.4783320777647,3508.4524029071285,,3073.295212706701,,,,,,,,,,,1585.1554766463112,,7241.615132775555,1855.5761809736543,,1572.491974885207,1824.810912008281,1804.4375334616936,1552.183092845766,1254.588512255773,1430.1876145194276,,1677.632608654971,1029.010802478353,,1538.1871017772262,,1566.5725999590973,,1567.3386657219164,1769.6040135739938,1625.412158926616,,,1223.625557206538,,1054.7575477995656,,44817.0,18475.0,5566.0,118196.0,1710.0,,9331.0,4875.0,13150.0,,44601.0,7300.0,3115.0,,65300.0,8500.0,,47903.0,89700.0,44800.0,70300.0,65100.0,99900.0,,164400.0,,,,,,,,,,1344.8,,,,,2218.92,1082510.0,,,1718.7300000000002,44072.82,,3168.0,2565.0,608516.0075000001,,,58176.0,,1800278.0,,6848.0,,,276943.25,,31700.0,2407.0,20239.25,2988.0,,144684.0,12224.0,74952.0,,,,33525.0,,,63168.0,500.0,,,,,,3330.11,,,,,,,,,3856.75,,,,82300.0,1148900.0,,114900.0,,,,,,,,,,,151475.0,,2749.0,202803.0,,375675.0,48300.0,32201.0,150680.0,28150.0,146700.0,,21375.0,116529.0,,679317.0,,708995.0,,73388.0,108590.0,82654.5,,,39707.0,,69509.0,,73.0,10.0,9.0,64.0,6.0,,14.0,15.0,3.0,,44.0,4.0,3.0,,21.0,5.0,,23.0,28.0,7.0,28.0,32.0,31.0,,59.0,,,,,,,,,,2.0,,,,,2.0,20.0,,,2.0,26.0,,3.0,4.0,42.0,,,11.0,,68.0,,17.0,,,82.0,,54.0,12.0,33.0,13.0,,144.0,22.0,64.0,,,,46.0,,,7.0,2.0,,,,,,35.0,,,,,,,,,47.0,,,,37.0,116.0,,27.0,,,,,,,,,,,58.0,,4.0,53.0,,73.0,18.0,24.0,46.0,7.0,78.0,,8.0,29.0,,89.0,,135.0,,21.0,29.0,25.0,,,13.0,,8.0,,3064.4444444444443,2520.5974842767296,3988.627992633517,3824.388789505069,,2528.982300884956,3835.0533807829183,6839.634146341464,3347.8116710875333,,11500.0,,1441.1124845488257,1547.4683544303798,,1753.7037037037037,,1240.3225806451612,1581.6666666666667,,1270.3947368421052,1645.1612903225807,,2000.0,,,,,6053.873377900118,,,2436.160510715914,3257.316108621144,,1527.7777777777778,1923.032755509378,,,,500.0,1685.9458556149732,1996.183628318584,1409.1836734693877,,1549.2537313432836,2235.324341682723,4075.0,,750.0,,1065.7894736842106,1436.1313868613138,,3286.764705882353,2000.0,,,,,,,,,,,3290.625,,4436.8421052631575,,,,,,,,,1622.6997245179064,1747.9540229885058,2124.745762711864,2139.917864476386,,,1884.6228710462287,10714.583333333334,1587.4651810584958,,,1533.5492827394726,,1248.5223494643517,1651.5523774599685,949.4351802044108,,846.0101337023727,,1469.3293424375645,,,,1170.0,1272.0,2172.0,1677.0,,1356.0,562.0,328.0,1508.0,,144.0,,4045.0,1580.0,,1080.0,,310.0,240.0,,760.0,310.0,,25.0,,,,,508.6,,,877.2000000000002,758.6,,720.0,3657.4,,,,100.0,5984.0,1808.0,294.0,,1474.0,778.5,156.0,,68.0,,152.0,548.0,,136.0,12.0,,,,,,,,,,,320.0,,190.0,,,,,,,,,1815.0,2175.0,3540.0,2435.0,,,2055.0,96.0,1795.0,,,2161.0,,5414.0,16362.0,5577.0,,44801.0,,10691.0,,,,35.0,24.0,37.0,40.0,,12.0,9.0,11.0,30.0,,12.0,,71.0,22.0,,7.0,,4.0,5.0,,15.0,6.0,,1.0,,,,,18.0,,,6.0,12.0,,12.0,34.0,,,,2.0,25.0,31.0,2.0,,48.0,29.0,5.0,,2.0,,8.0,27.0,,2.0,1.0,,,,,,,,,,,3.0,,3.0,,,,,,,,,32.0,36.0,69.0,40.0,,,39.0,7.0,49.0,,,5.0,,20.0,55.0,11.0,,71.0,,55.0,,,2021,1116.3896,kamis
2021-06,,,,,,,22.395416666666666,122.5125,436.3375,1121.2954545454545,110.9,,,14433.090381270904,3588.0,32.0,2.0,,15155.238095238095,14415.778621004569,,84.0,3504.0,,6.0,26.0,,3400.0,,,4209.869863744651,,3581.900114868374,2293.103448275862,3309.9355716145838,3381.780221835883,2112.5,3735.864765634496,2305.16006891952,2317.19373473789,,960.0,,,246816.0,,36581.0,1624.0,12288.0,2876.0,576.0,138220.0,8996.0,72336.0,,2.0,,,67.0,,55.0,3.0,21.0,7.0,2.0,143.0,21.0,51.0,,3149.409478436931,2103.3454258823526,9500.0,2301.2294774450247,2356.144578313253,,2272.0180857294995,2601.227573049064,1447.811924692252,,2298.050034788393,,,,1610.4195298655166,1397.4193548387098,,1809.53195995116,1708.071238501292,1093.4152863710406,1297.0319881300811,1945.3710387896824,1745.4418526770296,,1609.8782369063772,1006.060606060606,2127.4318174242426,,,,,,,,7009.646302250804,,,8028.306704187476,,5817.865429234339,927.744987488301,940.0,499.5873714503364,,779.0078644888082,,987.5,,925.6249731171082,,,,,1089.848042036389,,3400.0,,,4209.869863744651,,3581.900114868374,2293.103448275862,3309.9355716145838,3381.780221835883,2112.5,3735.864765634496,2305.16006891952,2317.19373473789,,,4625.961538461538,2552.807775834694,,,2742.1131264808364,,,1870.507399577167,,2043.6046511627908,12069.973972363638,10099.13097275684,,1279.210036182723,5916.4361981788425,,2474.317817014446,5560.219005357875,,3576.718659734257,7602.344674476586,,6960.436517283403,,3044.8771573812583,3090.6911393733403,,2068.198223651961,,,,,2131.5696202531644,,,,3753.160316753185,1315.5466944,1550.0532251753914,,5800.0,1556.92224914204,,1424.8839170712056,1981.121846692607,1692.6210777167405,1817.8281009713987,1613.3002426106527,1363.918874986695,,1632.064393939394,1338.758596495989,,1467.458928285541,,1348.593997108581,,1288.5985808366572,1243.599410568516,1457.2317805392324,1176.3155952468817,1245.492731071161,,,1257.586158953058,,9878.0,21250.0,1536.0,42474.0,2075.0,,7512.0,14634.0,13810.0,,55622.0,,,,98525.0,3100.0,,20475.0,38700.0,138125.0,61500.0,100800.0,57900.0,,221100.0,3300.0,13200.0,,,,,,,,311.0,,,23427.0,,1724.0,916742.0,10000.0,94516.0,,33060.0,,2240.0,,289143.0,,,,,616228.0,,960.0,,,246816.0,,36581.0,1624.0,12288.0,2876.0,576.0,138220.0,8996.0,72336.0,,,8320.0,44717.0,,,91840.0,,,30272.0,,2752.0,1718.75,4689.25,,4422.0,14661.0,,1246.0,23143.5,,1731.0,120844.61,,9026.0,,77900.0,941500.0,,81600.0,,,,,7900.0,,,,211900.0,9375.0,22236.0,,960.0,104900.0,,248225.0,64250.0,28398.0,188697.0,66650.0,187900.0,,6600.0,202682.0,,2521036.25,,345851.0,,183277.0,151658.0,276022.0,27098.0,137449.0,,,57539.0,,12.0,4.0,2.0,34.0,9.0,,10.0,21.0,10.0,,48.0,,,,22.0,3.0,,7.0,19.0,29.0,23.0,24.0,22.0,,65.0,2.0,8.0,,,,,,,,6.0,,,44.0,,3.0,17.0,3.0,3.0,,3.0,,2.0,,22.0,,,,,39.0,,2.0,,,67.0,,55.0,3.0,21.0,7.0,2.0,143.0,21.0,51.0,,,6.0,10.0,,,14.0,,,11.0,,3.0,15.0,34.0,,3.0,21.0,,8.0,34.0,,5.0,330.0,,34.0,,14.0,99.0,,8.0,,,,,5.0,,,,6.0,3.0,8.0,,2.0,10.0,,70.0,21.0,21.0,18.0,19.0,74.0,,8.0,33.0,,348.0,,47.0,,24.0,45.0,41.0,9.0,27.0,,,22.0,,2521.948488241881,2998.201438848921,3203.703703703704,3244.934640522876,,3188.414634146341,4404.761904761905,1997.887323943662,2560.0235849056603,,6285.714285714285,,1347.2746331236897,1589.516129032258,,1207.169811320755,,1353.548387096774,1292.5,,1316.904323827047,1180.8108108108108,,,,,,,4238.329238329239,,,9329.36507936508,6245.2830188679245,,838.1443298969073,939.8422712933752,,,,,834.9308961212662,915.9735349716448,735.2201257861635,,3750.801282051282,3506.211180124224,6239.285714285715,,,3125.0,4723.958333333333,2950.3048780487807,,,4303.448275862069,,5130.720145852324,4698.75,5505.813953488372,,3623.914495657983,,2482.013599473569,2856.424581005587,,2779.5652173913045,,4800.0,,,,,,,,,1666.6666666666667,1917.1232078330809,2688.808864265928,2692.6666666666665,,,1564.5112781954888,9572.413793103447,1550.050505050505,1898.695652173913,635.7123727905731,979.8206278026906,,1182.249749391379,742.4146560271968,435.0035572720805,,874.8337975858867,,1418.1376601901611,,,,893.0,556.0,972.0,612.0,,984.0,252.0,284.0,848.0,,70.0,,1908.0,1240.0,,1060.0,,620.0,360.0,,1087.0,740.0,,,,,,,162.79999999999998,,,252.0,53.0,,776.0,3170.0,,,,,4486.0,1058.0,318.0,,624.0,644.0,224.0,,,96.0,192.0,328.0,,,261.0,,1097.0,320.0,86.0,,1497.0,,1823.6,179.0,,920.0,,60.0,,,,,,,,,300.0,1715.8,1805.0,600.0,,,1330.0,232.0,3960.0,230.0,7468.0,2007.0,,13966.0,21179.0,9839.0,,26925.0,,9676.0,,,,17.0,15.0,21.0,15.0,,12.0,4.0,4.0,22.0,,9.0,,28.0,26.0,,14.0,,4.0,9.0,,37.0,9.0,,,,,,,5.0,,,5.0,6.0,,18.0,27.0,,,,,18.0,25.0,2.0,,33.0,26.0,6.0,,,1.0,7.0,21.0,,,10.0,,29.0,12.0,4.0,,54.0,,113.0,5.0,,18.0,,1.0,,,,,,,,,7.0,42.0,37.0,15.0,,,21.0,7.0,104.0,8.0,9.0,11.0,,38.0,34.0,11.0,,44.0,,36.0,,,2021,1116.3896,kamis
2021-07,,,,,,,26.49109311740891,232.4375,443.475,1143.9818181818182,103.4,,,16374.532205521473,2608.0,31.0,2.0,,24327.222222222223,16030.9759968,,108.0,2500.0,,5.0,26.0,3857.288088244369,5192.0,2495.098039215686,,4543.305976116985,1420.0,5009.68554265883,5490.151515151515,3616.179256617647,5253.878377403847,5123.674215909091,5634.342704696382,3968.795546558704,3877.921954570892,12964.0,400.0,816.0,,182724.0,240.0,49849.0,528.0,10880.0,5824.0,1408.0,174768.6,3952.0,60754.0,16.0,3.0,2.0,,73.0,3.0,72.0,5.0,18.0,15.0,7.0,186.0,12.0,61.0,,2393.962651173934,1931.1783211678835,,2732.5155902802667,,,2481.8592681608293,2366.4860372283724,2023.4953703703704,2389.5061728395062,3037.445454737142,1404.1667,2188.1735269419173,,918.4373378080754,738.75,,1200.2697095435683,1502.9497922594142,983.1457317374455,1088.657313265306,1000.3976935687672,1285.4795673076924,,1458.537393358203,978.6028949024544,1612.7187421254805,4038.496440217391,6142.489225816501,,,,,6308.510638297872,6720.196052941176,,,6133.681903001698,5017.543859649123,8091.5625,909.7642263479512,357.738125,1407.3443708609273,,904.58853913849,,998.6688851913476,425.6410256410256,809.7908161003236,,,1028.0075187969924,,1060.7500066321245,3857.288088244369,5192.0,2495.098039215686,,4543.305976116985,1420.0,5009.68554265883,5490.151515151515,3616.179256617647,5253.878377403847,5123.674215909091,5634.342704696382,3968.795546558704,3877.921954570892,,,3020.4543332414555,1614.4494537826458,,,1775.625395711501,,,1765.502671608266,1730.496477393617,2118.4210526315787,,4540.983031696246,,,4770.421465962124,3801.115241635688,2916.952487267146,4014.258713849985,,3070.153180800939,4808.127089575368,5267.362687244667,3488.3477384987896,,2644.925885428609,2402.643175274792,,2524.8315326305465,,,2863.7122988997558,,,,,,2832.2891793478257,,1745.098297752809,,,,,1889.629859971919,3325.744298593351,1441.4340246999077,1915.85062905028,1597.0374007303712,1605.0549409733123,,1111.7241379310344,1394.0581116158037,1442.2457432121491,1405.386343094235,,1602.8372255600916,,1523.510358679346,1584.627126035761,1475.1248958186889,1405.2163936457164,1534.2469247181612,1541.6521092132505,,1643.4320068376069,,6261.0,13700.0,,13951.0,,,8879.0,12195.0,1728.0,810.0,70190.0,2650.0,1429.0,,95350.0,7200.0,,24100.0,47800.0,1091868.75,78400.0,154325.0,41600.0,,295944.0,4767.0,39050.0,736.0,4814.75,,,,,564.0,1700.0,,,253190.0,1368.0,2560.0,278200.0,56000.0,30200.0,,215900.0,,3005.0,234.0,24720.0,,,31920.0,,77200.0,12964.0,400.0,816.0,,182724.0,240.0,49849.0,528.0,10880.0,5824.0,1408.0,174768.6,3952.0,60754.0,,,58048.0,66739.0,,,32832.0,,,71232.0,6016.0,3648.0,,12832.75,,,94387.5,4304.0,17916.25,59834.0,,42606.25,164713.25,1101.5,7227.5,,750100.0,827900.0,,407900.0,,,81800.0,,,,,,27600.0,,10680.0,,,,,409525.0,39100.0,43320.0,17900.0,82150.0,63700.0,,2175.0,212891.0,4346.0,3522079.0,,151627.0,,161314.0,22930.0,217659.0,73777.0,181664.0,61824.0,,64350.0,,11.0,7.0,,21.0,,,10.0,22.0,4.0,6.0,76.0,2.0,10.0,,18.0,6.0,,9.0,27.0,167.0,30.0,59.0,19.0,,76.0,5.0,20.0,3.0,12.0,,,,,2.0,7.0,,,273.0,4.0,12.0,12.0,3.0,6.0,,12.0,,4.0,2.0,13.0,,,7.0,,34.0,16.0,3.0,2.0,,73.0,3.0,72.0,5.0,18.0,15.0,7.0,186.0,12.0,61.0,,,9.0,22.0,,,7.0,,,34.0,4.0,6.0,,49.0,,,171.0,8.0,44.0,133.0,,105.0,501.0,2.0,30.0,,94.0,109.0,,49.0,,,17.0,,,,,,5.0,,8.0,,,,,140.0,6.0,25.0,7.0,34.0,36.0,,4.0,32.0,8.0,441.0,,27.0,,39.0,12.0,65.0,18.0,39.0,18.0,,9.0,,3388.8888888888887,2132.6388888888887,1467.3863636363635,1976.7136150234744,,3041.6666666666665,2977.8761061946902,1169.312169312169,2515.499254843517,,,,935.374149659864,703.5422343324251,,1000.0816326530612,1235.5555555555557,,895.8139534883721,,1112.8712871287128,717.7333333333333,,5238.27227993439,,5011.45251396648,,,10033.443240697126,,,6824.886191198786,10504.20168067227,,629.7619047619048,967.2751249305942,,,,350.0,707.3131094257855,746.4577656675749,541.8439716312057,,4530.661516175761,2704.464285714286,6175.641025641025,,,,2006.6666666666667,3225.8064516129034,,4860.9375,3981.550916063059,3034.4827586206898,3498.1873771565843,4789.252336448598,3391.6666666666665,5243.181818181818,3878.522045395252,3817.850637522769,3100.3014524527266,3545.228473733292,,3800.0,,2457.368421052632,,,,,,,,,,1409.9553724682455,1074.864572047671,1109.7435897435898,1752.0454545454545,,1285.2231718898386,10400.0,1437.7777777777778,1261.118881118881,,1034.6666666666667,,1711.0648832651375,2145.1199107640828,588.283097822791,,758.7540667550307,,1649.4260842770202,,,,288.0,1152.0,880.0,2130.0,,300.0,226.0,189.0,671.0,,,,2352.0,1101.0,,2450.0,90.0,,1075.0,,2424.0,750.0,,1829.0,,716.0,,,424.6,,,5931.0,238.0,,588.0,2881.6,,,,196.0,5538.0,1468.0,282.0,,1035.5,448.0,312.0,,,,60.0,310.0,,64.0,2347.0,406.0,2289.5,214.0,384.0,1012.0,15332.0,549.0,5473.5,4825.5,,20.0,,380.0,,,,,,,,,,2913.0,923.0,195.0,440.0,,5265.0,122.0,1800.0,715.0,,375.0,,29083.0,3586.0,16489.0,,49794.0,,12981.0,,,,9.0,20.0,11.0,38.0,,6.0,7.0,3.0,26.0,,,,54.0,29.0,,32.0,3.0,,16.0,,70.0,10.0,,47.0,,8.0,,,18.0,,,169.0,6.0,,17.0,31.0,,,,2.0,25.0,31.0,3.0,,53.0,22.0,9.0,,,,5.0,24.0,,5.0,92.0,5.0,43.0,13.0,23.0,32.0,434.0,4.0,353.0,123.0,,1.0,,9.0,,,,,,,,,,49.0,13.0,5.0,7.0,,61.0,3.0,53.0,13.0,,8.0,,114.0,9.0,23.0,,79.0,,50.0,,,2021,1116.3896,kamis
2021-08,,,,,,,25.320816326530615,366.1,417.925,1160.338095238095,102.7,,,18054.687893536124,2104.0,27.0,2.0,,37910.0,17940.79508986616,,12.0,2092.0,,2.0,25.0,5162.804094890511,4590.0,,,6033.38376063445,,6664.234634968734,,4363.192092105263,5687.130021101573,5956.382978723404,6626.013625658734,4557.907181818182,5013.645470370101,4384.0,800.0,,,210072.0,,41580.0,,12768.0,5592.0,1504.0,148058.75,1408.0,55012.0,5.0,4.0,,,71.0,,78.0,,23.0,16.0,10.0,203.0,10.0,49.0,6155.105586741513,2172.417426517572,,,2402.813852813853,,3042.8571428571427,3289.156626506024,2052.5578037841624,,,3797.592969169564,,,833.3333333333334,1417.325670663265,,,1448.787827770529,1418.3166649999998,1218.7908023863322,1283.7707326829268,1396.734363496144,1678.419501615509,,1685.7059514423074,1148.892405063291,1008.0,,4336.974942116649,,1530.7692307692307,,,3049.403747870528,4119.925240952007,,2510.781984995488,6063.348793205974,,,715.4988533034715,,1727.0531400966183,,1338.0,,1185.9312449392712,1128.281893004115,1459.2755227493162,,,1192.3946452612597,,1448.7770639219934,5162.804094890511,4590.0,,,6033.38376063445,,6664.234634968734,,4363.192092105263,5687.130021101573,5956.382978723404,6626.013625658734,4557.907181818182,5013.645470370101,,,2895.8963100116457,2211.2019828125,,,2753.125,1940.617630319149,,3004.7834758308154,2044.811320754717,,,5633.328100470958,,2578.787878787879,5454.624301599996,5803.921568627451,5107.116104868914,4583.807027883529,,4328.495062299484,6012.629709571494,,3255.2631578947367,,2129.208081584324,2266.2030010813824,,2440.761313921465,,1355.0,2682.4677986951983,1939.4005728070176,1578.9512195121952,,1749.4623967741938,,2119.583268734103,3074.2334355322964,,,,1209.354838709677,,1732.938870623188,,1479.8753953271028,1706.6225741258745,1636.783823947203,1094.8529411764705,,,1098.9185606627032,1213.3734833052874,1302.4925533215496,,1739.7412764916355,,1627.7931765652258,541.6604745628375,1559.0299838813164,1630.3103977615442,1548.160150265826,1500.0,2210.932944606414,,1122.3,3756.0,,,3465.0,,175.0,1992.0,5708.0,,,135483.0,,,1200.0,39200.0,,,23759.0,10000.0,754128.0,20500.0,116700.0,61900.0,,249600.0,948.0,500.0,,33973.5,,650.0,,,587.0,10168.0,,8864.0,365256.2,,,89300.0,,2484.0,,1000.0,,3952.0,1458.0,18310.88,,,31493.6,,40612.0,4384.0,800.0,,,210072.0,,41580.0,,12768.0,5592.0,1504.0,148058.75,1408.0,55012.0,,,205231.0,40960.0,,,7680.0,18048.0,,21184.0,3392.0,,,12740.0,,528.0,36285.08,2065.5,1668.75,45376.25,,90411.0625,21545.75,,304.0,,2153600.0,897000.0,,2643400.0,,400.0,191600.0,11400.0,8200.0,,3100.0,,511100.0,3460.57,,,,3100.0,,698425.0,,5350.0,35750.0,79550.0,10200.0,,,60721.0,22582.0,624588.0,,130796.0,,103180.0,40374.0,63901.0,977817.0,223078.0,2659.0,5488.0,,2.0,12.0,,,4.0,,2.0,6.0,13.0,,,168.0,,,2.0,10.0,,,7.0,8.0,179.0,22.0,34.0,28.0,,95.0,4.0,3.0,,56.0,,2.0,,,2.0,21.0,,11.0,240.0,,,5.0,,2.0,,2.0,,4.0,4.0,13.0,,,6.0,,34.0,5.0,4.0,,,71.0,,78.0,,23.0,16.0,10.0,203.0,10.0,49.0,,,56.0,8.0,,,6.0,13.0,,8.0,2.0,,,49.0,,4.0,112.0,4.0,5.0,86.0,,171.0,98.0,,7.0,,199.0,120.0,,187.0,,2.0,40.0,10.0,5.0,,2.0,,63.0,3.0,,,,4.0,,221.0,,15.0,16.0,59.0,9.0,,,16.0,17.0,118.0,,39.0,,39.0,7.0,9.0,105.0,40.0,3.0,7.0,,,,2579.6491228070176,,3712.2278056951423,,,3714.285714285714,,,,,,952.1044992743106,1099.4378864530636,,1089.0657439446368,,,790.0,,1289.8384925975774,931.8518518518518,9250.0,4501.002919893361,,4968.505177847816,11825.0,,8654.970760233917,,,5484.18879867896,7904.460093896713,,802.2435897435897,1131.5441268256147,,,,,1559.1183879093198,1140.5930470347648,1127.295918367347,,6392.255125284738,6505.244755244756,13980.625,,,,4375.0,3939.944134078212,,4125.0,4278.125932557446,,4084.791386271871,5879.285714285715,3284.375,,4757.559877175026,4202.594472645234,4672.727272727273,4752.559327444929,,1723.448275862069,,1616.5682656826568,2104.391891891892,1450.0,,1705.0,1786.111111111111,,1660.0,2201.6666666666665,1666.6666666666667,2427.329842931937,,1687.8947368421052,2055.8895705521472,,1000.0,2894.1176470588234,,,,2000.0,,1309.1697080291972,974.8895191610052,,,1832.9007365836549,1171.7285945072697,979.7689665938184,,,,,285.0,,597.0,,,28.0,,,,,,1378.0,1779.0,,2890.0,,,100.0,,1486.0,270.0,54.0,11815.5,,4442.0,320.0,,102.6,,,7267.0,426.0,,936.0,4005.5,,,,,3970.0,978.0,392.0,,878.0,343.2,160.0,,,,56.0,358.0,,20.0,1675.5,,743.0,280.0,96.0,,12212.5,3546.0,6297.5,4698.5,,4060.0,,2710.0,1480.0,100.0,,400.0,180.0,,1300.0,3000.0,240.0,2865.0,,190.0,3260.0,,140.0,340.0,,,,32.0,,4384.0,15161.0,,,2851.0,619.0,3203.0,,,,,9.0,,22.0,,,3.0,,,,,,34.0,23.0,,33.0,,,4.0,,49.0,4.0,1.0,197.0,,70.0,8.0,,6.0,,,162.0,11.0,,26.0,33.0,,,,,18.0,21.0,4.0,,43.0,20.0,8.0,,,,2.0,20.0,,3.0,65.0,,21.0,12.0,4.0,,327.0,52.0,261.0,93.0,,51.0,,35.0,25.0,3.0,,7.0,9.0,,29.0,16.0,4.0,54.0,,6.0,47.0,,5.0,9.0,,,,1.0,,24.0,31.0,,,12.0,8.0,14.0,,,2021,1116.3896,kamis
2021-09,,,,,,,22.18791666666667,140.70000000000002,372.125,1169.542105263158,104.1,40004.55555555556,9.0,26896.47387633588,2620.0,40.0,2.0,,32973.96226415094,26640.22337151949,,106.0,2514.0,,7.0,33.0,,10257.75,,,9042.354054668722,,10364.866587803732,9868.57142857143,8608.746945514204,9246.692485409912,5927.19298245614,11253.681594691636,5898.011363636364,8510.543195586299,,1600.0,,,240384.25,,43949.67,56.0,11581.0,6477.0,912.0,166448.22999999998,1408.0,60720.0,,7.0,,,69.0,,80.0,4.0,15.0,22.0,12.0,236.0,8.0,49.0,7690.96338900564,,5092.509411235956,,2264.957264957265,3761.038961038961,,,5736.655168202765,,,5358.373348954746,4567.5,,,2831.796742128603,1182.7586206896551,,3021.6224753347437,1890.2234558659216,1439.377815938416,2572.671232876712,1811.206521237304,2320.634787704918,1921.645569620253,2104.3617281833613,692.3529411764706,2404.284000990712,8753.2981530343,4027.671235902312,,1996.6497461928932,,,8776.388888888889,7764.913967807754,3014.875621890548,3318.663219468244,5835.750609743068,,,1535.7275220372185,,1535.0197519710907,,1484.9184782608695,,1662.6959247648904,1175.977653631285,1744.5719260154644,,,1599.7399852856558,,1832.550544214793,,10257.75,,,9042.354054668722,,10364.866587803732,9868.57142857143,8608.746945514204,9246.692485409912,5927.19298245614,11253.681594691636,5898.011363636364,8510.543195586299,6018.518518518518,1202.155172413793,3549.379276218912,2453.142298233949,,,1994.3230599987965,1926.9936497326205,,1575.1100224834984,2077.127659574468,2291.50390625,,,,,5041.034790365745,3125.047080979284,,5629.01146109238,,3695.38027929493,,,,,2095.854136631768,2079.633915913706,,2223.9410840221385,991.36,891.9148936170212,2625.3710845387614,1230.6632458697766,713.9325842696629,1090.968760994264,1080.022321428571,,1868.196301406042,3764.9155964090887,,,,,,1887.678782064128,,2325.0516027863778,2965.461343131148,1855.549238845727,1427.972027972028,,,,1276.8851882256365,1356.4390441149974,,1360.071700649787,,,,734.3296899397725,,,,,,271.23,,2225.0,,2808.0,1925.0,,,3472.0,,,130291.25,3000.0,,,45100.0,2900.0,,22704.0,17900.0,246298.0,7300.0,108300.0,36600.0,7900.0,235600.0,1700.0,40375.0,758.0,33658.0,,9850.0,,,144.0,13233.0,10050.0,31631.0,327597.0,,,12252.0,,6088.0,,2944.0,,3828.0,1611.0,23867.15,,,100052.03,,40665.01,,1600.0,,,240384.25,,43949.67,56.0,11581.0,6477.0,912.0,166448.22999999998,1408.0,60720.0,1166.4,1856.0,1119974.0,123326.0,,,16617.0,59840.0,,38784.0,6016.0,12288.0,,,,,4484.0,2389.5,,9268.75,,97139.25,,,,,1710912.5,1576000.0,,3324600.0,12500.0,4700.0,230900.0,102900.0,8900.0,13075.0,22400.0,,526300.0,1862.48,,,,,,1502029.0,,16150.0,218348.0,135150.0,14300.0,,,,8527.0,177604.0,,22315.0,,,,8966.0,,,,,,2.0,,2.0,,7.0,4.0,,,14.0,,,153.0,2.0,,,20.0,3.0,,15.0,12.0,93.0,6.0,47.0,16.0,5.0,70.0,2.0,18.0,2.0,70.0,,8.0,,,3.0,39.0,2.0,34.0,182.0,,,5.0,,6.0,,4.0,,5.0,5.0,16.0,,,7.0,,42.0,,7.0,,,69.0,,80.0,4.0,15.0,22.0,12.0,236.0,8.0,49.0,2.0,4.0,145.0,19.0,,,6.0,13.0,,10.0,5.0,6.0,,,,,7.0,2.0,,29.0,,113.0,,,,,159.0,149.0,,185.0,8.0,10.0,29.0,34.0,3.0,13.0,17.0,,68.0,3.0,,,,,,285.0,,9.0,42.0,58.0,20.0,,,,12.0,76.0,,10.0,,,,17.0,,,,,,,6814.646464646465,,,7118.589743589743,,,,,5848.73949579832,,,,2303.6866359447004,2174.756651524984,,1869.2125984251968,,,2766.206896551724,,2089.808917197452,,,5411.132378949207,10670.09493670886,6147.819971870605,11343.103448275862,,6628.866603137148,4587.5,,5544.860225910267,6872.27863525589,,1016.4170506912442,1441.9507294687094,1095.2380952380952,,,1111.111111111111,1701.5396264512872,1514.1456582633052,1561.4666884923884,,10730.483271375464,4892.965271593945,15035.616438356165,,,,750.0,8052.112676056338,,4450.0,4386.363636363636,,5040.625,,,,5474.200794885087,,2894.5626477541373,3626.904624832086,,1449.6265870052275,,1780.9353507565338,1733.8144329896909,,1825.3521126760563,,1375.6504065040651,,1118.1558935361218,,2648.846153846154,2795.481927710844,,2566.938775510204,2244.031007751938,,,,,,,1109.8591549295777,,1358.688906128782,1438.2513661202186,,,,,1552.6132404181185,,362.50988663327183,,198.0,,,312.0,,,,,238.0,,,,2170.0,1541.0,,1270.0,,,580.0,,785.0,,,13740.1,1264.0,7110.0,1160.0,,13222.2,240.0,,7923.5,4924.0,,1736.0,4379.9,42.0,,,108.0,3962.0,714.0,1221.8,,1076.0,561.5,292.0,,,,60.0,355.0,,20.0,44.0,,160.0,,,,2893.5,,1057.5,2605.5,,5356.0,,3635.0,970.0,,710.0,,2460.0,,5260.0,,260.0,1660.0,,490.0,2580.0,,,,,,,426.0,,2578.0,732.0,,,,,1435.0,,3793.0,,12.0,,,6.0,,,,,9.0,,,,48.0,22.0,,31.0,,,9.0,,31.0,,,223.0,30.0,103.0,34.0,,169.0,2.0,,126.0,61.0,,36.0,56.0,3.0,,,2.0,24.0,23.0,14.0,,65.0,25.0,8.0,,,,1.0,32.0,,1.0,2.0,,8.0,,,,76.0,,35.0,40.0,,96.0,,53.0,10.0,,3.0,,31.0,,88.0,,7.0,27.0,,15.0,34.0,,,,,,,7.0,,17.0,6.0,,,,,10.0,,28.0,2021,1116.3896,kamis
2021-10,,,,,,,15.615322580645161,42.125,349.8875,1182.8210526315788,107.3,31895.0,9.0,28593.10573611519,3403.0,42.0,2.0,,24074.598540145984,28782.645076546232,,137.0,3266.0,,10.0,32.0,,,16416.666666666668,,8368.374979653909,,9066.23515601284,4106.423357664234,7655.666806076519,6967.450028659611,4873.529411764706,8989.06640410873,8580.397727272728,6457.173353017373,,,1104.0,,206477.0,,33337.0,137.0,10664.0,4536.0,816.0,119453.0,3520.0,52496.0,,,2.0,,78.0,,57.0,5.0,19.0,13.0,3.0,174.0,11.0,52.0,6807.347886669763,3649.2922692560896,3351.3949397379915,,2260.4705074381677,2112.8205128205127,,1841.6817906836056,4210.687913422819,,1128.571428571429,3782.131042295933,3021.86656187291,3752.946075757576,,3841.011235955056,2657.3529411764707,,,2952.556390977444,1112.0932516245489,3299.2564670977013,2757.794613479924,4032.963525835866,2424.4444444444443,3059.3712712139186,,2344.468085106383,17043.62497967149,7224.13499113924,,,,9194.444444444443,7181.192660550459,8265.671027922077,,3785.1968448052776,7183.795226180017,,,1273.2560125060124,1381.8690170670038,1177.2038567493114,,1876.190476190476,,1662.5540476190477,823.739837398374,1393.4635860863486,,,,,1402.6862749945783,,,16416.666666666668,,8368.374979653909,,9066.23515601284,4106.423357664234,7655.666806076519,6967.450028659611,4873.529411764706,8989.06640410873,8580.397727272728,6457.173353017373,4722.222222222222,,3394.016401931546,3091.9125021289537,,,3362.752525252525,,3275.0,3379.6296296296296,3159.1050508720928,,,,,,,,,,,,,,,970.3703855555556,1723.539751777701,1877.8151546742515,,1837.2202838839075,1345.9944651933702,916.644632881356,1859.6819338322173,980.1052208022388,872.6575483606558,691.6509433962265,895.8893041044777,933.082191780822,1529.0129426310818,2909.6081314325897,1953.8868101886792,3223.7020316027088,,1355.8673469387754,2443.696302764389,2762.960456410451,3125.357178571429,7951.923076923077,2928.7880110648325,2363.614945341208,2269.0020145161293,,,,,1623.108251560709,,2233.6895278803186,,,,1917.3219300485064,,,,,934.290843806104,1076.5,6076.0,11450.0,,21914.0,975.0,,1653.0,11920.0,,315.0,43503.0,7475.0,594.0,,8900.0,5100.0,,,13300.0,27700.0,69600.0,104600.0,32900.0,5400.0,252900.0,,14100.0,245.96,1580.0,,,,360.0,436.0,3080.0,,39415.0,12521.0,,,20790.0,6328.0,5808.0,,1680.0,,4620.0,1107.0,22884.0,,,,,46110.0,,,1104.0,,206477.0,,33337.0,137.0,10664.0,4536.0,816.0,119453.0,3520.0,52496.0,1681.5600000000002,,351739.0,26304.0,,,6336.0,,2688.0,8640.0,11008.0,,,,,,,,,,,,,,,9000.0,869100.0,931700.0,,2119000.0,36200.0,29500.0,253900.0,107200.0,73200.0,10600.0,26800.0,14600.0,423400.0,12514.4,13250.0,11075.0,,4900.0,46267.0,658300.0,32200.0,1040.0,190152.0,76200.0,49600.0,,,,,164028.0,,25735.0,,,,15668.0,,,,,19495.0,4.0,12.0,6.0,,18.0,3.0,,6.0,22.0,,3.0,98.0,5.0,2.0,,9.0,8.0,,,10.0,17.0,40.0,52.0,14.0,3.0,80.0,,12.0,3.0,10.0,,,,2.0,5.0,14.0,,51.0,42.0,,,9.0,4.0,7.0,,3.0,,5.0,3.0,11.0,,,,,33.0,,,2.0,,78.0,,57.0,5.0,19.0,13.0,3.0,174.0,11.0,52.0,2.0,,70.0,15.0,,,2.0,,2.0,6.0,8.0,,,,,,,,,,,,,,,4.0,94.0,131.0,,158.0,16.0,44.0,65.0,34.0,31.0,13.0,45.0,11.0,62.0,13.0,19.0,6.0,,6.0,4.0,192.0,11.0,3.0,38.0,33.0,43.0,,,,,95.0,,17.0,,,,12.0,,,,,19.0,,2451.81236673774,,,2877.007700770077,,3000.0,,,3807.692307692308,,7500.0,,2512.5,2329.87012987013,1938.7878787878788,2359.1111111111118,,,2200.0,,1694.5454545454545,2717.0731707317077,,3240.410958904109,5666.666666666667,4352.364273204904,,,4913.712327809244,,,8463.793103448275,5533.5940505192975,,1003.0581039755352,1124.2076002576357,,,,,1342.250593824228,1727.2631578947369,,,9233.919338159256,5612.856731046411,10286.16504854369,,,,7433.333333333333,6268.0041152263375,,10914.285714285714,,,,,,,,,,,1299.2156862745098,1005.2830188679244,,1117.3170731707316,1008.8679245283018,1216.96,,891.5151515151515,946.7455621301776,1150.0,1182.1646623496763,501.6363636363636,,3312.658227848101,,2748.2758620689656,,,3361.1111111111118,,3652.054794520548,5000.0,,2000.0,,1468.1818181818182,1503.804347826087,,,,,,,,,469.0,,,909.0,,176.0,,,260.0,,6.0,,320.0,1386.0,330.0,900.0,,,420.0,,550.0,410.0,,730.0,408.0,1142.0,,,5720.4,,,232.0,1559.8,,1308.0,5899.8,,,,,3368.0,950.0,,,967.0,346.9,412.0,,,,18.0,486.0,,84.0,,,,,,,,,,,1020.0,5300.0,,5740.0,530.0,2500.0,,330.0,1690.0,220.0,10810.0,550.0,,790.0,,145.0,,,360.0,,365.0,6.0,,120.0,,1100.0,920.0,,,,,,,,,14.0,,,24.0,,3.0,,,14.0,,1.0,,10.0,18.0,7.0,19.0,,,7.0,,24.0,5.0,,20.0,7.0,19.0,,,66.0,,,7.0,26.0,,22.0,67.0,,,,,16.0,31.0,,,50.0,17.0,11.0,,,,2.0,35.0,,5.0,,,,,,,,,,,4.0,74.0,,88.0,7.0,25.0,,10.0,30.0,1.0,178.0,9.0,,21.0,,5.0,,,8.0,,17.0,1.0,,2.0,,5.0,7.0,,,,,,,,2021,1116.3896,kamis
2021-11,,,,,,,8.841666666666667,87.95,309.3,1182.909090909091,108.2,10931.222222222224,9.0,9233.908913642756,3555.0,33.0,2.0,,16108.510638297872,9047.19624039295,,94.0,3461.0,,5.0,28.0,,1847.8,4000.0,,2864.16356098142,,3584.123727623205,3582.682926829268,2438.729573912149,3166.6666666666665,2008.3333333333333,3779.383988645682,2806.880536666667,2443.3376323833127,,2000.0,720.0,,235088.0,,21529.0,164.0,9721.0,432.0,624.0,79265.0,2400.0,38736.0,,6.0,2.0,,62.0,,43.0,3.0,13.0,2.0,2.0,100.0,7.0,38.0,,5232.825541725496,4462.752444912281,,5020.164281762051,,,4164.97272021858,6299.911268855368,,,4885.06011397214,4333.8983050847455,5400.709219858156,,3004.190482857143,2567.6470588235293,,,2964.3518420634923,,2708.2787392848995,3702.462330136986,4342.116041979522,,3128.312060465116,,,,,,,,,,10640.350789473683,,4923.226703755216,,,,1413.2291976887618,,1375.703564727955,,1344.371572860447,,1589.820359281437,834.0073529411765,1587.586981869916,,,532.8109696376102,,1632.81392684738,,1847.8,4000.0,,2864.16356098142,,3584.123727623205,3582.682926829268,2438.729573912149,3166.6666666666665,2008.3333333333333,3779.383988645682,2806.880536666667,2443.3376323833127,,,4278.532262082855,,,,2784.0485074626868,,,3514.1129032258063,,,,,,,,,,,,,,,,,1467.4691434443444,1650.9838126174184,,1560.771452334402,,870.1153846153846,,924.450737601626,716.25,,1245.3333333333333,490.0,1429.977071728004,,3306.709940443634,2886.746987951807,,2817.941914369074,2817.1182343601145,2728.510699943677,2738.7824585802896,4741.145693587336,2544.465181221923,2824.815303430079,2852.1880882681567,,,,,3047.768673642874,,,,,,,,,,,,,13457.0,7125.0,,8422.0,,,4575.0,4508.0,,,11845.0,1475.0,1269.0,,7000.0,1700.0,,,12600.0,,30681.0,29200.0,29300.0,,141900.0,,,,,,,,,,760.0,,2876.0,,,,61612.0,,2132.0,,5188.0,,1336.0,1836.0,90209.73,,,816.8,,171809.02,,2000.0,720.0,,235088.0,,21529.0,164.0,9721.0,432.0,624.0,79265.0,2400.0,38736.0,,,166848.0,,,,8576.0,,,3968.0,,,,,,,,,,,,,,,,,666600.0,862300.0,,1278700.0,,13000.0,,49200.0,1600.0,,1500.0,400.0,410300.0,,16455.0,6225.0,,68550.0,31490.0,355100.0,36275.0,7454.0,55650.0,18950.0,35800.0,,,,,176218.0,,,,,,,,,,,,,18.0,4.0,,16.0,,,6.0,16.0,,,26.0,3.0,3.0,,5.0,3.0,,,9.0,,30.0,16.0,14.0,,49.0,,,,,,,,,,2.0,,5.0,,,,13.0,,3.0,,5.0,,2.0,7.0,17.0,,,5.0,,31.0,,6.0,2.0,,62.0,,43.0,3.0,13.0,2.0,2.0,100.0,7.0,38.0,,,41.0,,,,5.0,,,4.0,,,,,,,,,,,,,,,,,60.0,74.0,,114.0,,19.0,,28.0,2.0,,4.0,3.0,55.0,,17.0,3.0,,12.0,6.0,58.0,8.0,11.0,29.0,8.0,26.0,,,,,115.0,,,,,,,,,,,,,,3964.814814814815,2397.7272727272725,5065.441176470588,,,9897.959183673467,,4382.267441860465,,,,2854.8387096774195,3653.731343283582,,3234.3859649122805,,,2295.454545454545,,2995.833333333333,2941.176470588235,,2400.0,,10858.154506437768,12459.183673469388,,5724.163027656478,,,,5250.62656641604,,760.3217158176943,1267.57219369444,750.0,750.0,,800.0,1377.508090614887,1612.0141342756183,1691.7740336967297,,2554.002541296061,2336.1111111111118,2732.905982905983,,,,2750.0,2480.654761904762,,3091.6666666666665,,,,,,,,,,,,832.1917808219179,,1608.6,,500.0,,550.0,400.0,,912.7906976744188,,2910.0,,,2976.470588235294,,,,,3198.8571428571427,,,,,,,,,,,1983.5051546391755,,,,,324.0,176.0,408.0,,,98.0,,344.0,,,,310.0,670.0,,570.0,,,110.0,,240.0,170.0,,170.0,,466.0,490.0,,274.79999999999995,,,,239.4,,1492.0,3622.2,100.0,124.0,,120.0,2472.0,566.0,504.5,,787.0,108.0,468.0,,,,20.0,336.0,,12.0,,,,,,,,,,,,730.0,,2000.0,,720.0,,250.0,40.0,,1290.0,,350.0,,,255.0,,,,,175.0,,,,,,,,,,,485.0,,,,,10.0,5.0,9.0,,,8.0,,20.0,,,,8.0,10.0,,9.0,,,2.0,,11.0,3.0,,1.0,,16.0,20.0,,16.0,,,,8.0,,25.0,47.0,2.0,1.0,,1.0,11.0,18.0,7.0,,39.0,8.0,12.0,,,,1.0,19.0,,2.0,,,,,,,,,,,,12.0,,37.0,,5.0,,1.0,1.0,,29.0,,10.0,,,6.0,,,,,11.0,,,,,,,,,,,5.0,,,2021,1116.3896,kamis
2021-12,,,,,,,2.581048387096774,13.65,301.4875,1183.7,104.2,11405.333333333334,9.0,6969.873579937304,1276.0,14.0,2.0,,15446.666666666666,6889.397696202531,,12.0,1264.0,,2.0,12.0,2139.705882352941,1509.567925925926,4157.894736842105,,3007.964709755605,,3449.2899809510163,,2395.049942604857,1969.4444444444443,,3516.214473620736,2527.356771551724,1898.1626796875,544.0,864.0,608.0,,237648.0,,13964.0,,7248.0,432.0,,91208.0,7424.0,58368.0,2.0,2.0,2.0,,79.0,,37.0,,15.0,2.0,,128.0,16.0,50.0,,5417.283950617284,,,4733.03725550446,,,3973.498233215548,7430.27744270205,,,4364.602510615711,,5320.51282051282,,,,,,3304.8791589641432,,2245.1415094339623,5273.28025477707,2155.091442,,2355.634656291391,,3259.726775956284,,,,,,,,7080.0,,,,,,923.9254262110646,,818.4940926275992,,1049.2857142857142,,776.9230769230769,525.7352941176471,1336.598006104361,,,777.4959469720291,,1236.224524044744,2139.705882352941,1509.567925925926,4157.894736842105,,3007.964709755605,,3449.2899809510163,,2395.049942604857,1969.4444444444443,,3516.214473620736,2527.356771551724,1898.1626796875,,2170.918367346939,5002.385061774462,,,,2465.8294392523367,,,2938.8204225352115,,,,,,,,,,,,,,,,,1400.0502059291794,1742.8028657736645,,1514.3272387252332,1391.6507904761909,,1737.875,1266.4,1107.640511627907,,,,1398.607607763655,,2960.3583325917684,,,3457.537896555684,2533.1672597864767,2965.0907571293114,3005.5249051215733,2781.6901408450703,2985.3671757532543,2095.349744148936,3045.51828699187,,,,,2569.690416115984,,,,,,,,,,,,,2187.0,,,14352.0,,,2830.0,8290.0,,,5652.0,,117.0,,,,,,25100.0,,10600.0,15700.0,25000.0,,30200.0,,13725.0,,,,,,,,200.0,,,,,,305764.0,,2116.0,,2800.0,,2080.0,1224.0,204444.0,,,2436.45,,341322.0,544.0,864.0,608.0,,237648.0,,13964.0,,7248.0,432.0,,91208.0,7424.0,58368.0,,3136.0,38592.0,,,,6848.0,,,9088.0,,,,,,,,,,,,,,,,,728600.0,1231800.0,,953900.0,10500.0,,1600.0,2500.0,17200.0,,,,291100.0,,22475.0,,,43550.0,7025.0,421850.0,48325.0,9230.0,124977.43,18800.0,24600.0,,,,,49938.0,,,,,,,,,,,,,3.0,,,11.0,,,3.0,20.0,,,16.0,,2.0,,,,,,12.0,,22.0,11.0,11.0,,27.0,,6.0,,,,,,,,2.0,,,,,,21.0,,2.0,,3.0,,2.0,4.0,20.0,,,9.0,,44.0,2.0,2.0,2.0,,79.0,,37.0,,15.0,2.0,,128.0,16.0,50.0,,2.0,18.0,,,,4.0,,,6.0,,,,,,,,,,,,,,,,,86.0,103.0,,101.0,8.0,,2.0,3.0,11.0,,,,34.0,,9.0,,,10.0,11.0,71.0,13.0,15.0,40.0,4.0,12.0,,,,,46.0,,,,,,,,,,,,,4000.0,6341.290322580645,,3566.4343786295008,,,,,4182.35294117647,,,,3086.6666666666665,3126.730769230769,,3265.625,,,3247.058823529412,,2675.0,2904.390243902439,,,,12308.823529411764,12217.391304347826,,5790.190735694823,,,,5592.909535452323,,775.4761904761905,1153.0093309158449,1000.0,,,,1254.7056096430226,1132.0754716981132,,,2275.751503006012,2227.906976744186,3139.583333333333,,,,2500.9615384615386,1507.8703703703704,,2403.2258064516127,,,,,,,,,,,,1370.6166219839142,,1227.2881355932204,,,,,,,,,,,,3015.833333333333,,,2935.531914893617,,2964.8979591836733,,,2968.75,,,,,,,,,,,,40.0,155.0,,861.0,,,,,170.0,,,,360.0,1040.0,,160.0,,,680.0,,160.0,410.0,,,,272.0,230.0,,146.79999999999998,,,,163.6,,840.0,4522.6,44.0,,,,4314.0,1060.0,,,998.0,172.0,432.0,,,,208.0,432.0,,124.0,,,,,,,,,,,,3730.0,,1180.0,,,,,,,,,,,,600.0,,,470.0,,245.0,,,160.0,,,,,,,,,,,,1.0,10.0,,25.0,,,,,10.0,,,,11.0,19.0,,4.0,,,7.0,,7.0,6.0,,,,7.0,8.0,,11.0,,,,10.0,,14.0,53.0,1.0,,,,20.0,24.0,,,39.0,5.0,9.0,,,,6.0,24.0,,5.0,,,,,,,,,,,,40.0,,16.0,,,,,,,,,,,,13.0,,,9.0,,14.0,,,3.0,,,,,,,,,,,2021,1116.3896,kamis
2022-01,,,,,,,-0.46088709677419354,3.4375,311.9875,1194.0049999999999,104.9,14930.333333333334,9.0,15362.280761538465,4680.0,47.0,2.0,,19648.91546113989,15177.89910407845,,193.0,4487.0,,6.0,41.0,,4504.878048780488,,,4002.2654421153848,,4923.037300328948,,3882.301469055608,6800.762195121952,,5226.476695313126,4819.223767180475,3953.962821254815,,1312.0,,,228800.0,,6080.0,,14009.0,656.0,,99768.0,12456.0,78928.0,,5.0,,,84.0,,16.0,,24.0,2.0,,145.0,20.0,60.0,,6326.093363104648,5054.864864864865,9500.0,5842.451437908497,7424.11575562701,,4826.268656716418,5790.349417637272,4565.497159090909,,5469.069172623119,,5893.292682926829,,3508.8995743339115,,,,3079.577065781711,,2588.25,3230.0,2594.018987341772,,2974.7619038961034,,2256.6013071895427,,,,,,,,6326.933056564608,,,,,,,,,,1256.192236598891,,1230.06993006993,982.1523794549266,1557.6951054835956,,,,,1420.6879974113638,,4504.878048780488,,,4002.2654421153848,,4923.037300328948,,3882.301469055608,6800.762195121952,,5226.476695313126,4819.223767180475,3953.962821254815,,,,,,,,,,4290.865384615385,,,,,,,,,,,,,,,,,1314.5364154274748,1897.523013488909,,1535.774618343281,,,1771.04056686217,776.3931297709923,1340.5510556451611,,1030.0,,1421.1986697221334,,2578.821572446556,,,2891.80612807152,2244.0366972477063,2716.196205687946,1525.9615384615386,3545.1240035543574,2824.0582957725733,,3706.742794779771,,2482.431923076923,,,2323.529411764706,,,,,,1342.0608108108108,,,,,,,6326.0,4625.0,1276.0,12393.0,1244.0,,1675.0,4808.0,17600.0,,11696.0,,738.0,,25372.0,,,,33900.0,,2400.0,2000.0,15800.0,,23100.0,,11475.0,,,,,,,,963.5,,,,,,,,,,4328.0,,3432.0,1431.0,154716.0,,,,,122072.0,,1312.0,,,228800.0,,6080.0,,14009.0,656.0,,99768.0,12456.0,78928.0,,,,,,,,,,3328.0,,,,,,,,,,,,,,,,,884111.0,1276975.0,,1553975.0,,,68200.0,26200.0,12400.0,,2000.0,,313100.0,,21050.0,,,97875.0,2725.0,287450.0,2600.0,8159.0,101835.0,,15325.0,,7475.0,,,5100.0,,,,,,4736.0,,,,,,,12.0,2.0,2.0,9.0,7.0,,7.0,19.0,2.0,,23.0,,2.0,,18.0,,,,15.0,,9.0,2.0,11.0,,24.0,,4.0,,,,,,,,7.0,,,,,,,,,,8.0,,6.0,6.0,31.0,,,,,47.0,,5.0,,,84.0,,16.0,,24.0,2.0,,145.0,20.0,60.0,,,,,,,,,,3.0,,,,,,,,,,,,,,,,,90.0,81.0,,121.0,,,19.0,18.0,8.0,,8.0,,25.0,,25.0,,,13.0,10.0,38.0,2.0,19.0,31.0,,16.0,,14.0,,,2.0,,,,,,5.0,,,,,,,6966.666666666667,6246.875,,6890.09009009009,,,9509.803921568628,,3908.783783783784,,11111.111111111111,,3615.428571428572,3637.019230769231,,2870.2127659574467,,,3905.128205128205,,3190.909090909091,1300.0,,,15425.675675675677,,,,5863.171355498721,,,,4340.782122905028,,914.98158002456,1327.051840860614,,,,1429.032258064516,1635.04326328801,1512.0981387478848,,,3647.560975609756,3341.304347826087,5225.912408759124,,,,,3981.538461538461,,4109.782608695652,,,,,,,,,,,,1763.4146341463415,,1976.9953051643192,,,,,1048.3950617283951,,1621.6216216216217,,6360.049627791564,2335.625,,2574.6031746031745,,,2412.783505154639,,4141.379310344828,,,3321.428571428572,,,,,,,,,,,,30.0,160.0,,111.0,,,102.0,,296.0,,5.4,,350.0,1040.0,,470.0,,,390.0,,220.0,230.0,,,296.0,,,,156.4,,,,537.0,,2443.0,5391.5,,,,186.0,4854.0,2364.0,,,1640.0,184.0,548.0,,,,,650.0,,92.0,,,,,,,,,,,,820.0,,2130.0,,,,,810.0,,1110.0,,403.0,160.0,,315.0,,,485.0,,290.0,,,28.0,,,,,,,,,,,,2.0,5.0,,9.0,,,6.0,,10.0,,1.0,,8.0,22.0,,7.0,,,4.0,,5.0,3.0,,,6.0,,,,13.0,,,,18.0,,42.0,61.0,,,,2.0,22.0,49.0,,,71.0,7.0,13.0,,,,,34.0,,4.0,,,,,,,,,,,,16.0,,27.0,,,,,11.0,,15.0,,17.0,6.0,,5.0,,,12.0,,14.0,,,1.0,,,,,,,,,,,2022,1032.4359,kamis
2022-02,,,,,,,0.07589285714285714,6.8125,305.1,1198.3388888888887,103.4,11979.666666666666,9.0,6745.753407624633,4774.0,46.0,2.0,,10820.30988372093,6593.466637983485,,172.0,4602.0,,6.0,40.0,,1935.9375,,,2824.9800132377086,,2718.4232715008434,,1924.10069795741,,,3419.2413764771863,2840.6143780545112,2128.63525170312,,1024.0,,,233273.0,,4744.0,,18408.0,,,99852.0,17024.0,89248.0,,4.0,,,75.0,,14.0,,27.0,,,132.0,19.0,68.0,,4686.700958026417,,6974.074074074074,5227.145328531655,5028.145695364238,,4344.283497154682,9458.41035120148,,,4370.698891979431,4128.682209302326,,,2238.9087124591138,,,,2871.9265796875,,2116.451612903226,2585.0,1763.75,,2595.03861003861,,2761.9638217054267,,,,,,,,5418.75,,,,,,,,,,1110.235294117647,,1514.2277317073172,1286.0655737704917,1395.5672138692212,,,,,1522.805192503392,,1935.9375,,,2824.9800132377086,,2718.4232715008434,,1924.10069795741,,,3419.2413764771863,2840.6143780545112,2128.63525170312,,,,,,,,,,,,,,,,,,,,,,,,,,,1693.6427479110253,1898.0611297155087,,1578.5121220294195,,,964.531246875,1043.008321306818,1712.5268887096777,,,,1743.4007629837909,2428.0701754385964,3045.331006945675,,5444.444444444444,1549.4052755186722,2617.6285924950625,2495.5157232031943,2326.2963355555557,3194.903030066815,2832.1900700037795,1744.6808510638298,2870.66518618021,,3345.78878970297,,,3523.131672597865,,,,,,2477.7041942604856,,,,,,,15748.0,,2700.0,41305.0,1208.0,,1933.0,2164.0,,,29948.0,1075.0,,,40356.0,,,,38400.0,,3100.0,2000.0,4800.0,,25900.0,,19350.0,,,,,,,,640.0,,,,,,,,,,3400.0,,3280.0,1098.0,19208.0,,,,,47168.0,,1024.0,,,233273.0,,4744.0,,18408.0,,,99852.0,17024.0,89248.0,,,,,,,,,,,,,,,,,,,,,,,,,,,517000.0,1121300.0,,1353313.0,,,3200.0,35200.0,6200.0,,,,302300.0,7125.0,28219.0,,225.0,6025.0,37975.0,225400.0,4500.0,17960.0,119065.0,1175.0,45225.0,,12625.0,,,5620.0,,,,,,4530.0,,,,,,,26.0,,4.0,36.0,5.0,,2.0,5.0,,,34.0,2.0,,,15.0,,,,14.0,,11.0,2.0,4.0,,30.0,,5.0,,,,,,,,4.0,,,,,,,,,,6.0,,3.0,4.0,14.0,,,,,28.0,,4.0,,,75.0,,14.0,,27.0,,,132.0,19.0,68.0,,,,,,,,,,,,,,,,,,,,,,,,,,,51.0,91.0,,114.0,,,5.0,13.0,4.0,,,,22.0,2.0,20.0,,4.0,8.0,7.0,27.0,2.0,24.0,35.0,3.0,52.0,,15.0,,,2.0,,,,,,7.0,,,,,,,4621.556886227545,2704.5945945945946,,4983.455882352941,,,9000.0,,,4000.0,,,3311.1111111111118,3550.568181818182,,2403.448275862069,,,3300.0,,3275.8064516129034,,,,,12865.384615384615,,,4918.44416562108,,,4375.0,4466.01333792542,,810.0591715976332,1371.4177376865969,,,,,1307.3903002309469,1776.2396694214876,1435.0,,1471.7391304347825,1837.5,3153.547297297297,,,,,1621.7329545454545,,1913.953488372093,,,,,,,,,,,,1385.7142857142858,,2288.8888888888887,,,,,956.5714285714286,,1275.2808988764043,,7556.0,2783.669724770642,,,,,3144.055944055944,11400.0,3503.5714285714284,10166.666666666666,,3535.714285714286,,,,,,,,,,,,334.0,370.0,,816.0,,,40.0,,,55.0,,,360.0,880.0,,290.0,,,210.0,,310.0,,,,,104.0,,,159.39999999999998,,,160.0,3193.9,,676.0,5010.8,,,,,5196.0,968.0,520.0,,2300.0,56.0,592.0,,,,,704.0,,172.0,,,,,,,,,,,,1400.0,,450.0,,,,,350.0,,890.0,,425.0,545.0,,,,,715.0,60.0,280.0,60.0,,14.0,,,,,,,,,,,,14.0,7.0,,34.0,,,5.0,,,2.0,,,10.0,17.0,,6.0,,,3.0,,7.0,,,,,4.0,,,10.0,,,1.0,68.0,,13.0,50.0,,,,,22.0,25.0,7.0,,76.0,2.0,11.0,,,,,38.0,,6.0,,,,,,,,,,,,41.0,,6.0,,,,,7.0,,10.0,,23.0,17.0,,,,,14.0,1.0,19.0,7.0,,1.0,,,,,,,,,,,2022,1032.4359,kamis
2022-03,,,,,,,7.702419354838709,82.2375,371.175,1221.0285714285715,103.6,10538.777777777776,9.0,7654.617755116199,5766.0,49.0,2.0,,13819.496886792453,7419.30007850198,,212.0,5554.0,,8.0,41.0,2075.396825396825,2097.422680412371,1895.0980392156864,,2710.854502687388,,3123.4345378715243,3488.125,2022.9934546398893,2846.3636363636365,,3028.7028867969657,2290.322576446281,1949.8474150638224,1008.0,1164.0,1632.0,,288012.0,,12516.0,64.0,23104.0,440.0,,117064.0,21296.0,91504.0,3.0,8.0,4.0,,86.0,,24.0,2.0,23.0,4.0,,149.0,19.0,59.0,,6016.996469014084,5228.223875912409,6752.997440426792,5909.649330680794,6093.56014580802,,5397.328738792994,9778.40909090909,,,4659.442889134809,5444.603759245283,,,3011.078431372549,,,,3209.2955786432167,,3893.375,5051.0,2456.458333333333,,2781.26645775076,,3396.158038147139,,,,,,,,5791.044783582089,,,,,,1666.0943571428572,,,,1634.042553191489,,1424.3589743589744,765.9574468085107,1653.740827950034,,,,,1702.6747265408233,2075.396825396825,2097.422680412371,1895.0980392156864,,2710.854502687388,,3123.4345378715243,3488.125,2022.9934546398893,2846.3636363636365,,3028.7028867969657,2290.322576446281,1949.8474150638224,,,,,,,,,,,,,,,,,,,,,,,,,,1265.4929577464789,1416.682482058886,1897.5044729178048,,1457.345691823234,,,,853.448275862069,1191.956144736842,305.30302727272726,,,1709.151051272727,,3506.1758669152146,,7198.744769874477,,2576.5833152777777,2605.0306899359484,2565.3396901072706,5924.903368304804,2644.188785903399,1100.0,2280.0248527767426,,3623.9173511688314,,,2677.746529982763,,2503.381119826887,,,2801.341853035144,2946.99342311306,,,,,,,21300.0,6850.0,8435.0,45491.0,1316.8,,5894.75,1760.0,,,24850.0,6625.0,,,5100.0,,,,39800.0,,800.0,7000.0,7200.0,,32900.0,,9175.0,,,,,,,,1072.0,,,,,,21000.0,,,,1880.0,,3120.0,1692.0,19046.56,,,,,43970.0,1008.0,1164.0,1632.0,,288012.0,,12516.0,64.0,23104.0,440.0,,117064.0,21296.0,91504.0,,,,,,,,,,,,,,,,,,,,,,,,,,5964.0,472100.0,1235775.0,,944750.0,,,,5800.0,19000.0,3300.0,,,110000.0,,23872.0,,478.0,,36000.0,284925.0,41950.0,1811.0,69875.0,1200.0,67075.0,,9625.0,,,11023.0,,3697.0,,,9390.0,6386.0,,,,,,,48.0,4.0,12.0,34.0,5.0,,6.0,3.0,,,40.0,5.0,,,4.0,,,,11.0,,3.0,6.0,10.0,,14.0,,7.0,,,,,,,,7.0,,,,,,4.0,,,,3.0,,4.0,2.0,14.0,,,,,22.0,3.0,8.0,4.0,,86.0,,24.0,2.0,23.0,4.0,,149.0,19.0,59.0,,,,,,,,,,,,,,,,,,,,,,,,,,5.0,35.0,119.0,,62.0,,,,6.0,13.0,8.0,,,11.0,,24.0,,7.0,,11.0,46.0,7.0,10.0,24.0,5.0,64.0,,22.0,,,10.0,,7.0,,,9.0,9.0,,,,,,,5611.320754716981,4121.090909090909,4859.501557632399,5931.657355679702,,,3411.764705882353,,7102.272727272727,,,,3069.318181818182,3397.094017094017,,2444.4444444444443,,,3130.1075268817203,,,,,,,,,,5297.82761037141,,,,5392.395339905261,,1153.861386138614,1251.5726644758902,,,,1710.1724137931035,1723.519239083441,2427.4362818590703,1852.3364485981308,,1983.7252475247524,1449.074074074074,4093.032786885246,,,,1240.0,1876.108870967742,,2598.5576923076924,,,,,,,,,,,,1316.3218390804598,,2439.837398373984,,,,,1092.741935483871,,1206.9444444444443,1616.6666666666667,6908.372827804107,4071.243781094528,,2778.333333333333,,,2377.078651685393,,3304.1666666666665,,,3453.2374100719426,,,,,,,,2756.7567567567567,,,,106.0,550.0,1284.0,537.0,,,68.0,,176.0,,,,440.0,1170.0,,180.0,,,930.0,,,,,,,,,,285.3999999999999,,,,1562.2000000000005,,1010.0,7455.5,,,,580.0,4626.0,1334.0,481.5,,1616.0,108.0,488.0,,,,180.0,992.0,,208.0,,,,,,,,,,,,1740.0,,1230.0,,,,,620.0,,360.0,150.0,633.0,1005.0,,600.0,,,890.0,,720.0,,,139.0,,,,,,,,333.0,,,,5.0,11.0,31.0,22.0,,,3.0,,15.0,,,,20.0,18.0,,4.0,,,11.0,,,,,,,,,,14.0,,,,50.0,,24.0,79.0,,,,4.0,18.0,28.0,7.0,,60.0,5.0,11.0,,,,5.0,46.0,,9.0,,,,,,,,,,,,11.0,,10.0,,,,,7.0,,7.0,4.0,28.0,27.0,,18.0,,,19.0,,25.0,,,5.0,,,,,,,,4.0,,,2022,1032.4359,kamis
2022-04,,,,,,,13.570833333333333,68.0125,393.025,1232.338095238095,104.3,10883.222222222224,9.0,9430.566641021276,5875.0,66.0,2.0,,12883.033979591835,9311.411226624405,,196.0,5679.0,,7.0,59.0,1623.9583333333333,2796.428571428572,,,2718.055768540657,,3236.7407033845675,2679.4117647058824,2310.0766378246976,2443.079579584775,1750.0,3135.3077313810327,2600.0022581286125,2353.9995480486964,1920.0,1232.0,,,351336.0,,25764.0,272.0,22213.0,2312.0,496.0,125732.0,22144.0,92656.0,5.0,6.0,,,97.0,,42.0,3.0,30.0,12.0,2.0,119.0,23.0,65.0,,4170.292176265547,3648.207973816156,5007.417946297803,4236.934803225761,6099.708446064139,,4149.372879496105,3384.4887348353554,3493.0678115044243,,3958.749087112345,3439.768693238435,,,1450.3212851405622,,,,1857.8595074358973,,1804.6597051597053,1660.3311501879698,1768.9513084269663,,1896.8793611145131,1422.2917,1942.450011,,,,,,,,6313.487458716415,,,,,6517.430989790131,844.2341197657578,,1008.3110667272144,,999.7860199714694,,1015.254347457627,,1098.815381093349,,,,,1126.1501298099652,1623.9583333333333,2796.428571428572,,,2718.055768540657,,3236.7407033845675,2679.4117647058824,2310.0766378246976,2443.079579584775,1750.0,3135.3077313810327,2600.0022581286125,2353.9995480486964,,,,,,,,,,4931.547619047619,,,,,,,,,,,,,,,,,1489.8335053270262,1648.2519348267967,,1334.318753082886,681.33336,,1580.7142857142858,1226.5217391304348,1316.4520170454546,,,,1698.828945983213,,2408.271756447796,,5529.220779220779,2516.140653917335,2114.6609788443707,1678.7709135179634,1859.181822762976,2036.5115557185884,1941.122840309917,1864.9027292906176,2037.630998082387,,2448.1929824561403,1896.7031644808085,,2470.84972147614,,2363.073367329485,,2477.946273830156,2580.319006940737,2846.054532260026,,,,,,,25246.0,8975.0,4916.0,71549.0,3087.0,,6033.0,13848.0,11300.0,,34599.0,7025.0,,,24900.0,,,,117000.0,,40700.0,53200.0,35600.0,,163300.0,4800.0,10000.0,,,,,,,,1792.48,,,,,17630.0,63524.0,,37436.0,,2804.0,,2360.0,,21534.75,,,,,42308.0,1920.0,1232.0,,,351336.0,,25764.0,272.0,22213.0,2312.0,496.0,125732.0,22144.0,92656.0,,,,,,,,,,8064.0,,,,,,,,,,,,,,,,,486200.0,1168425.0,,419250.0,4500.0,,1400.0,2300.0,26400.0,,,,166800.0,,49862.0,,308.0,81050.0,40982.0,425175.0,81162.5,25898.0,125646.5,21850.0,70400.0,,7125.0,8311.0,,27179.0,,46770.0,,9232.0,29968.0,41119.0,,,,,,,47.0,3.0,7.0,50.0,5.0,,10.0,11.0,2.0,,49.0,6.0,,,14.0,,,,23.0,,23.0,25.0,14.0,,47.0,2.0,5.0,,,,,,,,7.0,,,,,2.0,10.0,,3.0,,7.0,,2.0,,16.0,,,,,25.0,5.0,6.0,,,97.0,,42.0,3.0,30.0,12.0,2.0,119.0,23.0,65.0,,,,,,,,,,5.0,,,,,,,,,,,,,,,,,38.0,109.0,,43.0,3.0,,3.0,3.0,27.0,,,,10.0,,24.0,,5.0,35.0,14.0,61.0,14.0,32.0,36.0,8.0,43.0,,15.0,3.0,,10.0,,14.0,,7.0,9.0,11.0,,,,,,,6974.2990654205605,3650.1098901098894,4555.714285714285,4656.780735107732,,3525.862068965517,,,7017.857142857143,3405.714285714286,9500.0,,2082.710280373832,1841.461187214612,,1761.3223140495868,,1611.764705882353,1767.5675675675675,3000.0,1557.982456140351,1409.2592592592594,,12500.0,,,,,6180.913780397936,,,,5678.905752976461,,605.9782608695652,1174.856429463171,755.8139534883721,,,,1140.6992084432718,1743.9716312056737,1000.0,,2326.947754353804,2502.944062806673,4650.561797752809,,,,1548.0,1898.6274509803925,,2824.1935483870966,,,,,,,,,,,,1811.6465863453816,,1809.171597633136,,,,,864.6153846153846,,1496.6101694915253,,3493.759590792839,3557.327412192168,1587.6470588235295,2172.8323699421967,,,2551.014492753623,,2502.026666666666,4977.777777777777,,3208.108108108108,,2439.090909090909,3252.242499226724,,,1730.0179033220609,,,,,,428.0,1365.0,2100.0,789.0,,232.0,,,140.0,175.0,20.0,,3210.0,1095.0,,1210.0,,510.0,2220.0,50.0,570.0,540.0,,2.4000000000000004,,,,,542.8000000000001,,,,2200.6,,736.0,4005.0,86.0,,,,4548.0,1128.0,574.0,,2182.0,407.6,356.0,,,,200.0,1020.0,,248.0,,,,,,,,,,,,2490.0,,2704.0,,,,,650.0,,590.0,,1955.0,2477.0,510.0,1730.0,,,1035.0,,1875.0,45.0,,370.0,,1210.0,3233.0,,,5027.0,,,,,,27.0,36.0,42.0,22.0,,3.0,,,12.0,6.0,1.0,,58.0,13.0,,13.0,,4.0,17.0,1.0,12.0,5.0,,1.0,,,,,12.0,,,,31.0,,16.0,41.0,3.0,,,,20.0,26.0,2.0,,87.0,17.0,6.0,,,,5.0,40.0,,7.0,,,,,,,,,,,,20.0,,44.0,,,,,9.0,,10.0,,64.0,64.0,6.0,26.0,,,24.0,,61.0,4.0,,4.0,,11.0,16.0,,,18.0,,,,,2022,1032.4359,kamis
2022-05,,,,,,,17.811693548387098,4.9875,435.7,1269.8809523809523,103.1,10385.222222222224,9.0,6356.049732806325,3795.0,42.0,2.0,,13226.764705882351,6100.674702377699,,136.0,3659.0,,7.0,35.0,1686.8686868686868,887.8205128205128,,,2747.221004597824,,2917.9696490261745,1037.6811594202898,1529.5639079194002,1792.8698689839573,,2870.739252449371,1988.4873703703704,1898.652377694556,1584.0,1248.0,,,374960.0,,45388.0,69.0,17072.0,2992.0,,152284.0,19440.0,87584.0,6.0,3.0,,,106.0,,60.0,2.0,26.0,12.0,,130.0,24.0,69.0,,4759.024591259016,3268.0936412486067,,3368.031484016895,5622.222294117647,,3656.397579651082,3400.4879463420007,,,3360.9218873335,2946.586365060241,,,1941.923076923077,,,1162.4587458745875,1490.8414643175734,1019.39446366782,1475.6099880668255,1414.3534158148505,1639.127730607477,,1330.209545813586,1260.660377358491,1394.2333333333331,,,,,,,,5770.546536714443,,,,,,1018.933240445366,1808.75,1015.7510093181083,,1535.9375,,1591.1904142857145,,1597.2980880365576,,,,,1458.2288985729097,1686.8686868686868,887.8205128205128,,,2747.221004597824,,2917.9696490261745,1037.6811594202898,1529.5639079194002,1792.8698689839573,,2870.739252449371,1988.4873703703704,1898.652377694556,,,,3582.0346981038747,,,5790.334829133586,,,3356.0932150537637,,,,18245.26587452202,14613.333333333334,,,,,,,,15210.576406417878,,,,1325.5547264501158,1681.6391340183648,,1215.1555142528737,,,,621.2797517857143,1100.6746103174603,,,,,1768.915044425676,1935.6188778870544,,,1702.386142509804,1668.939711919927,1663.3918681763216,2287.126198002532,1692.593704137332,1605.5776754214694,1221.8989432896064,1545.6020977935943,,1943.7245192307687,1940.515630503168,,2200.9011187222413,,2087.280156721677,,2277.1445060172828,2261.546186796745,2233.8429937863143,1905.584063513579,,,,1704.9332406256044,,32994.0,22425.0,,86654.0,1071.0,,21839.0,18152.0,,,56006.0,4150.0,,,2600.0,,,30300.0,112100.0,28900.0,83800.0,103700.0,42800.0,,253200.0,5300.0,15000.0,,,,,,,,2267.5,,,,,,161126.0,1600.0,37132.0,,3200.0,,4200.0,,92348.0,,,,,796340.5,1584.0,1248.0,,,374960.0,,45388.0,69.0,17072.0,2992.0,,152284.0,19440.0,87584.0,,,,30325.0,,,23176.0,,,11904.0,,,,3530.5,187.5,,,,,,,,3490.25,,,,215500.0,1143500.0,,261000.0,,,,5600.0,12600.0,,,,,29600.0,44942.0,,,127500.0,54950.0,682275.0,44431.25,64486.0,133802.75,24775.0,140500.0,,6500.0,337283.0,,1252099.0,,428524.0,,88412.0,97582.0,190869.0,41314.0,,,,144756.0,,64.0,20.0,,36.0,2.0,,31.0,16.0,,,57.0,3.0,,,4.0,,,15.0,20.0,10.0,35.0,32.0,21.0,,66.0,3.0,10.0,,,,,,,,6.0,,,,,,13.0,2.0,3.0,,4.0,,3.0,,15.0,,,,,44.0,6.0,3.0,,,106.0,,60.0,2.0,26.0,12.0,,130.0,24.0,69.0,,,,35.0,,,6.0,,,4.0,,,,19.0,5.0,,,,,,,,43.0,,,,32.0,96.0,,28.0,,,,3.0,6.0,,,,,7.0,17.0,,,35.0,15.0,94.0,19.0,41.0,33.0,5.0,72.0,,7.0,55.0,,176.0,,106.0,,27.0,19.0,38.0,16.0,,,,24.0,,3662.7049180327863,3690.813648293963,4177.015186915888,3628.4382284382286,,2839.601769911505,,,3784.869565217392,,,,1414.3287037037037,1491.138211382114,594.1428571428571,1292.4468085106382,822.4074074074074,669.4736842105264,1448.785046728972,2260.0,1197.7536231884058,1345.7692307692307,,,,,,,4776.876267748479,,,,5434.986700046941,352.4590163934426,631.9148936170212,1458.7017124651534,,,,,1478.705357142857,1155.0395968322534,,,1794.6952595936796,2041.4285714285716,4190.909090909091,,,,1178.125,1754.9597855227885,,1935.7142857142856,,,2500.0,,,,,,,,,1948.2142857142856,,1924.6666666666667,,,,,,,2104.038461538461,,2197.8202548625086,1747.2779369627508,1827.566878980892,1631.9526627218936,,,2041.2711864406776,,1761.4821591948764,9500.0,,1301.1704253497005,,2208.4402535167724,1509.9663529111122,,,1009.9054306876136,,,,,,976.0,1524.0,3424.0,1287.0,,452.0,,,575.0,,,,4320.0,1230.0,700.0,940.0,540.0,190.0,2140.0,80.0,1380.0,260.0,,,,,,,394.4,,,,1278.2,488.0,752.0,5022.0,,,,,4480.0,2778.0,,,1772.0,490.0,308.0,,,,128.0,746.0,,140.0,,,4.0,,,,,,,,,840.0,,1350.0,,,,,,,130.0,,2982.0,1396.0,3925.0,3380.0,,,1180.0,,5465.0,30.0,,7006.0,,6469.0,23479.0,,,39019.0,,,,,,39.0,34.0,60.0,25.0,,7.0,,,26.0,,,,70.0,16.0,8.0,12.0,4.0,2.0,20.0,1.0,28.0,2.0,,,,,,,13.0,,,,30.0,4.0,14.0,49.0,,,,,20.0,36.0,,,58.0,19.0,7.0,,,,4.0,35.0,,7.0,,,1.0,,,,,,,,,16.0,,19.0,,,,,,,2.0,,62.0,41.0,68.0,48.0,,,26.0,,109.0,2.0,,13.0,,29.0,67.0,,,69.0,,,,,2022,1032.4359,kamis
2022-06,,,,,,,23.032500000000002,173.2875,436.3,1277.345,96.6,16960.88888888889,9.0,14290.56538654504,3508.0,35.0,3.0,19973.25,23692.5,14033.97558392435,80.0,44.0,3384.0,3.0,1.0,31.0,3450.0,2796.980695652174,4110.714285714285,,4239.677191916596,,3294.968699763352,,3022.456514,3940.2734491242695,2115.116279069768,3983.647357651046,2936.56381244087,2899.731390668044,6000.0,2208.0,336.0,,280080.0,,58737.0,,16000.0,4796.0,688.0,182260.56,16912.0,92928.0,6.0,6.0,2.0,,93.0,,68.0,,28.0,16.0,2.0,178.0,24.0,60.0,,3257.9405180666627,2211.1833788059703,,2868.3418107898688,4558.845437616387,,1803.1750246385825,3522.164242072882,,,2861.5560950889267,2879.324875949367,2256.308805674365,,1759.6153846153843,1413.6986520547946,,1271.759084,1615.083790928962,1314.4635979278075,1393.4239326959848,1504.054536708223,1643.6432863874347,1225.0,1452.456034452682,,1883.715118061674,,,,,,,,,,,9371.378012653377,,,1209.4084033290426,,,1625.0,1536.3636363636365,,1465.9658344283837,,1348.3694515049126,,,,,1399.5048932174036,3450.0,2796.980695652174,4110.714285714285,,4239.677191916596,,3294.968699763352,,3022.456514,3940.2734491242695,2115.116279069768,3983.647357651046,2936.56381244087,2899.731390668044,,,2350.0,2377.0228341202537,,,3037.4189550096603,2951.061320754717,,2606.0393258426966,,,12094.922016959064,18253.119022136536,10275.816794336752,2913.074712643678,5073.340351513011,,2163.770053475936,4349.4770243019975,,3768.695652173913,7487.224985267543,,3104.5092838196288,,1267.292641720154,1541.4318244373346,,1442.0763414738117,,,,,,,,,2059.769718545455,1294.2857142857142,1886.4572377557477,,,1561.0883193247123,,1217.0993324031165,1366.8061366806137,1223.4748480736812,1080.1193056913964,1082.412010005909,1079.3309652784428,,,1029.8160101456729,,1590.4965249153722,,1585.5656736061,,1162.2020909976588,1422.1200001501652,1630.653008715421,1664.138818509738,1439.9209395828811,,,1037.624958841141,,17131.0,16750.0,,41298.0,1611.0,,25732.0,16904.0,,,58419.0,5925.0,7014.0,,19500.0,7300.0,,55000.0,91500.0,149600.0,52300.0,198525.0,95500.0,600.0,229300.0,,22700.0,,,,,,,,,,,23472.0,,,567130.0,,,4144.0,2200.0,,3044.0,,192968.0,,,,,2151418.0,6000.0,2208.0,336.0,,280080.0,,58737.0,,16000.0,4796.0,688.0,182260.56,16912.0,92928.0,,,5760.0,21550.25,,,72460.0,6784.0,,17088.0,,,4275.0,6359.17,6409.75,417.6,24074.5,,2992.0,15616.0,,1725.0,136755.87,,471.25,,233700.0,906400.0,,281515.0,,,,,,,,,55000.0,7000.0,23705.0,,,69600.0,,490925.0,17925.0,97284.0,68247.75,126925.0,313350.0,,,781614.0,,3639537.84,,518294.0,,68771.0,199780.0,296027.0,186021.0,50681.0,,,416168.0,,22.0,6.0,,43.0,3.0,,25.0,19.0,,,69.0,3.0,7.0,,12.0,5.0,,20.0,25.0,33.0,21.0,46.0,27.0,2.0,65.0,,13.0,,,,,,,,,,,43.0,,,21.0,,,2.0,3.0,,4.0,,22.0,,,,,62.0,6.0,6.0,2.0,,93.0,,68.0,,28.0,16.0,2.0,178.0,24.0,60.0,,,3.0,15.0,,,15.0,7.0,,6.0,,,24.0,42.0,56.0,8.0,33.0,,13.0,39.0,,3.0,421.0,,5.0,,30.0,88.0,,28.0,,,,,,,,,7.0,4.0,23.0,,,23.0,,88.0,12.0,41.0,16.0,33.0,94.0,,,83.0,,644.0,,113.0,,15.0,36.0,59.0,50.0,10.0,,,62.0,,3480.060422960725,2553.55249204666,4543.939393939394,3615.028901734104,,3160.889292196008,,,2775.11071744907,,5275.0,1401.958041958042,1601.1345646437994,1559.3244194229417,,1166.8148148148148,,,1537.3033707865168,,1112.48872858431,1294.2857142857142,,,,,,,,,,6820.216049382717,4234.417344173442,,1511.842105263158,1426.1523046092184,,,,,1713.9426957223568,2442.870544090056,,,3659.590792838874,2722.2,6057.19696969697,,,,4772.727272727273,3362.0283018867926,,4500.0,2565.738161559889,,4089.5759717314486,3854.098360655738,2814.246575342466,,2840.7060518731987,,2404.6713742531238,3999.198931909212,,1245.4615384615386,,1810.8695652173917,,,,,,,2283.75,,1203.7037037037037,868.974358974359,1422.420814479638,1549.242053789731,,,1363.963344788087,,1182.1301775147929,1399.7014925373137,,,,1192.0754311502712,1188.0044843049327,561.0352264557872,,676.702352051578,,1427.396266244475,,,,662.0,1886.0,528.0,519.0,,2204.0,,,1129.0,,40.0,1430.0,3790.0,1421.0,,1350.0,,,890.0,,2218.0,1050.0,,,,,,,,,,777.5999999999999,738.0000000000001,,380.0,2994.0,,,,,4956.0,1066.0,,,782.0,500.0,264.0,,,,176.0,424.0,,20.0,359.0,,1132.0,366.0,182.5,,2776.0,,2025.1,749.0,,1300.0,,460.0,,,,,,,100.0,,1620.0,1560.0,4420.0,2045.0,,,4365.0,,6760.0,670.0,,,,18613.0,16056.0,6955.0,,50254.0,,15159.0,,,,24.0,35.0,5.0,8.0,,32.0,,,29.0,,5.0,14.0,71.0,25.0,,12.0,,,8.0,,43.0,10.0,,,,,,,,,,15.0,13.0,,11.0,33.0,,,,,21.0,19.0,,,40.0,20.0,6.0,,,,5.0,18.0,,1.0,23.0,,23.0,18.0,8.0,,98.0,,99.0,31.0,,28.0,,7.0,,,,,,,2.0,,21.0,28.0,73.0,30.0,,,90.0,,120.0,11.0,,,,74.0,28.0,11.0,,54.0,,71.0,,,2022,1032.4359,kamis
2022-07,,,,,,,26.350806451612904,146.0,443.675,1307.395238095238,85.7,43715.77777777778,9.0,26751.47245191005,3691.0,48.0,3.0,30684.21052631579,33423.05352671756,26414.829164179104,76.0,131.0,3484.0,2.0,11.0,35.0,7066.868997289408,7303.322784810127,5378.773584905661,,10603.461313082207,,7908.432123530848,6278.021978021978,6651.975152188552,9751.337057107126,4910.27251572327,9204.795748478264,6791.667433487201,6707.58140091878,19184.0,2528.0,848.0,,164399.76,,45009.0,182.0,11880.0,9596.0,1272.0,166586.0,9532.0,76841.0,14.0,5.0,3.0,,89.0,,91.0,4.0,20.0,25.0,7.0,238.0,26.0,61.0,,3186.2226031465966,1880.569901554404,,1710.725942062044,,,2703.4735538187824,2941.6988024587868,1455.7432432432431,2682.1052631578946,3400.9614418992337,,2427.426247585255,,2916.694011122461,2738.842105263158,,2898.327556325823,3297.5213327144943,2496.5807451585997,2460.7973269537483,3714.801003271324,3957.498710058028,,3389.600127879481,1583.75,3543.987341772152,,8655.229301619434,,,5697.474747474747,,9431.818181818182,14151.960784313726,,,8984.599727884668,,14083.533213429257,1437.4028178333692,1255.7692307692307,,1496.4788732394366,1247.942754919499,,1519.4933920704846,,1716.4085231180463,,,,,1968.4102609839288,7066.868997289408,7303.322784810127,5378.773584905661,,10603.461313082207,,7908.432123530848,6278.021978021978,6651.975152188552,9751.337057107126,4910.27251572327,9204.795748478264,6791.667433487201,6707.58140091878,,,2659.509067233385,2473.023564714267,,,2359.8119575699134,1603.888888888889,,2196.171171171171,,,,5216.383495954693,3034.090909090909,4166.065065840434,4750.797040683125,4681.349221428572,3672.475847698428,4292.654438632231,,3562.0310961484797,5956.091918646747,2075.9980704736527,4188.46429724427,,2452.966611354616,1468.2272783002438,,1186.4286757547463,1256.1437980392157,,1475.223885074627,1076.8434383838382,,,,,911.244311227154,,2168.2031763325517,,,,1845.1612903225807,2224.592074853988,1000.0,1446.618065182644,1774.9251070733728,1625.230121993749,1030.915951710461,,1975.6520584577115,644.8900481895316,3077.9480346435707,1490.9748942239603,730.802792321117,1654.309473555947,,1477.0308491538767,1192.5057247935604,1264.5048158113327,1384.197423069572,1531.2783727303356,3500.623441396509,,1322.2054370124342,,6801.0,9650.0,,37264.0,,,15738.0,14316.0,5550.0,475.0,97176.0,,5073.0,,132165.0,9500.0,,57700.0,30164.0,839220.0,62700.0,153149.0,103400.0,,262200.0,3200.0,23700.0,,988.0,,,2475.0,,264.0,612.0,,,216004.0,,1668.0,755034.0,6500.0,,1136.0,4472.0,,3632.0,,55368.0,,,,,553536.0,19184.0,2528.0,848.0,,164399.76,,45009.0,182.0,11880.0,9596.0,1272.0,166586.0,9532.0,76841.0,,,41408.0,65244.5,,,33184.0,3456.0,,35520.0,,,,9888.0,176.0,6455.0,117436.9,1680.0,9238.25,63936.25,,28664.0,144936.06,5441.75,16819.5,,579500.0,574200.0,,321300.0,5100.0,,6700.0,9900.0,,,,,38300.0,,5966.0,,,,1550.0,624950.0,1375.0,25651.0,37135.75,151975.0,50425.0,,8844.0,528123.0,3002.0,5126735.25,6876.0,466967.0,,261664.0,14411.0,288932.0,376704.0,213688.0,1604.0,,143314.0,,9.0,6.0,,32.0,,,22.0,17.0,2.0,3.0,85.0,,8.0,,59.0,9.0,,29.0,21.0,163.0,28.0,51.0,39.0,,95.0,2.0,21.0,,3.0,,,2.0,,3.0,9.0,,,284.0,,4.0,20.0,2.0,,3.0,4.0,,5.0,,19.0,,,,,44.0,14.0,5.0,3.0,,89.0,,91.0,4.0,20.0,25.0,7.0,238.0,26.0,61.0,,,16.0,24.0,,,12.0,3.0,,12.0,,,,24.0,5.0,21.0,198.0,4.0,36.0,140.0,,56.0,471.0,10.0,41.0,,77.0,84.0,,33.0,6.0,,7.0,7.0,,,,,2.0,,7.0,,,,2.0,190.0,2.0,22.0,21.0,32.0,28.0,,8.0,43.0,3.0,613.0,2.0,89.0,,38.0,18.0,62.0,62.0,40.0,4.0,,34.0,,1950.7246376811595,2701.7632241813603,3748.106060606061,3018.8736681887367,,2029.1666666666667,2279.7619047619046,,2796.9767441860463,,,1335.5555555555557,2838.282828282828,1685.1534618129908,1248.0,2115.4375,,2816.6666666666665,2200.0,,2218.7761944677286,2660.714285714286,,9526.5780730897,,12128.46153846154,,,15240.506329113923,,,9957.681940700808,14702.380952380952,,1592.5925925925926,1571.1707317073171,,,,,1600.6128334534967,2330.6841046277664,2400.8695652173915,,8568.324607329843,6087.825103656238,12386.111111111111,,,,8814.814814814816,4962.724935732648,,6438.582677165355,3503.208837453972,4276.859504132231,3975.304347826087,4765.544871794872,2613.888348570317,5379.418103448276,4282.9102510750445,,3905.300475572849,5062.504233939257,,975.7575757575758,,1579.493670886076,,,,,,,2800.0,1336.0,2685.185185185185,1724.5217391304348,1986.6666666666667,,,,1531.1479591836735,,2254.5454545454545,1773.529411764706,400.5025125628141,1426.6666666666667,,1455.8365758754865,1495.1716541215349,522.1392231284826,,530.6186693633888,,1495.601331294414,,,,138.0,1191.0,264.0,657.0,,240.0,84.0,,430.0,,,450.0,990.0,1401.0,250.0,1600.0,,360.0,420.0,,1193.0,560.0,,602.0,,130.0,,,158.0,,,2968.0,84.0,,648.0,6150.0,,,,,2774.0,994.0,460.0,,764.0,265.3,180.0,,,,108.0,389.0,,127.0,1901.0,484.0,1150.0,624.0,514.1,928.0,12976.2,,5782.5,4428.5,,330.0,,1580.0,,,,,,,30.0,500.0,135.0,1150.0,105.0,,,,3920.0,,330.0,136.0,1194.0,1500.0,,15934.0,16341.0,24766.0,,61309.0,,11117.0,,,,5.0,23.0,7.0,14.0,,3.0,3.0,,13.0,,,5.0,25.0,29.0,2.0,32.0,,10.0,7.0,,46.0,7.0,,22.0,,8.0,,,6.0,,,93.0,5.0,,15.0,58.0,,,,,11.0,34.0,3.0,,45.0,20.0,6.0,,,,4.0,26.0,,9.0,77.0,4.0,29.0,25.0,16.0,10.0,390.0,,367.0,85.0,,8.0,,23.0,,,,,,,2.0,6.0,8.0,29.0,4.0,,,,52.0,,5.0,3.0,10.0,11.0,,58.0,53.0,33.0,,71.0,,52.0,,,2022,1032.4359,kamis
2022-08,,,,,,,25.83467741935484,229.1375,418.15,1318.4409090909091,88.5,40123.22222222222,9.0,26387.02825526685,5696.0,59.0,3.0,68338.91304347826,49305.65217391304,25854.54370842256,46.0,46.0,5604.0,2.0,6.0,51.0,4939.250195291777,8487.857142857143,5894.047619047619,,8458.680174101888,,9138.772044227626,,6111.500415014164,8351.819772883562,5010.888252148997,9216.643207178762,7204.928245724116,7770.758317764862,12064.0,560.0,672.0,,251416.0,,37307.0,,11296.0,10761.0,1396.0,148215.0,9881.0,74975.25,11.0,2.0,4.0,,115.0,,101.0,,12.0,36.0,12.0,232.0,22.0,63.0,,,2632.7272727272725,,5123.594031808493,,4382.758620689655,3128.8919413919416,4948.847554283898,,6588.674698795181,4713.809798549795,,3178.7709497206706,,2720.6670096269554,1286.0106382978724,,2287.956598965171,2688.2622379642366,1671.879904996335,2312.577847592847,2146.0966190357003,2182.3112064935062,,2644.3527615983444,1096.0,2338.5632183908046,,5010.4869428012325,,4737.463168141594,,,,6052.70650576115,,2795.8969287185587,6020.077668276008,,10146.884272997033,960.863359230032,2266.133420502092,1409.8483640032284,1798.076923076923,2021.4285714285716,,1466.9071450320514,1204.7619047619048,2026.7181567449773,1903.7735849056603,,,,2203.183850138784,4939.250195291777,8487.857142857143,5894.047619047619,,8458.680174101888,,9138.772044227626,,6111.500415014164,8351.819772883562,5010.888252148997,9216.643207178762,7204.928245724116,7770.758317764862,,,3750.791037207649,2342.8681925590217,,,2486.6615853658536,2393.700558474576,,2060.058008544304,,2180.0,,4063.223462237218,4784.482758620689,4850.961538461538,4250.022183236345,,3961.7566034678334,3711.409897803617,2207.8804347826085,3521.480140745983,5224.029846650127,1758.9712918660289,4753.276353276353,1398.302752293578,1757.3604223545474,1618.6753792604006,,1710.1490363598305,,1420.0,1957.7386300000005,1991.875,,,1270.0,,1393.9434753922696,,,,,,1314.2857142857142,2669.984656417489,,2119.969040247678,2257.7381898500576,2363.082209029468,2407.989259310922,,1263.4146341463415,1521.1991324075336,1455.2528097721504,1647.5402410047673,,1855.4282041668896,,1786.4106639477,1111.9320266103528,1598.9323980084312,1373.982712572884,579.1656803079474,2041.7725428665535,,1718.5596485542471,,,3300.0,,6099.0,,1450.0,4368.0,6291.0,,2075.0,176113.0,,716.0,,41550.0,9400.0,,25898.0,29080.0,523864.0,72700.0,43949.0,69300.0,,168149.0,500.0,17400.0,,44459.0,,1130.0,,,,22131.0,,17234.5,625722.0,,337.0,98082.0,1912.0,29736.0,2080.0,1400.0,,2496.0,1197.0,22283.84,424.0,,,,319202.0,12064.0,560.0,672.0,,251416.0,,37307.0,,11296.0,10761.0,1396.0,148215.0,9881.0,74975.25,,,427654.0,75904.0,,,18368.0,18880.0,,25280.0,,3200.0,,15412.0,928.0,416.0,94039.75,,4628.25,61920.0,1472.0,189334.0,34564.75,1672.0,7897.5,21800.0,1318300.0,973500.0,,2508125.0,,500.0,142000.0,3200.0,,,2000.0,,522600.0,,,,,,1050.0,815350.0,,8075.0,43350.0,92475.0,7169.0,,2050.0,263988.0,35857.0,850784.0,,93355.0,,100038.0,100863.0,117897.0,1492267.0,284724.0,85008.0,,138855.0,,,2.0,,32.0,,3.0,10.0,14.0,,12.0,130.0,,4.0,,34.0,6.0,,16.0,10.0,154.0,48.0,26.0,46.0,,98.0,2.0,19.0,,79.0,,3.0,,,,49.0,,18.0,397.0,,6.0,8.0,2.0,3.0,4.0,2.0,,5.0,5.0,18.0,2.0,,,,53.0,11.0,2.0,4.0,,115.0,,101.0,,12.0,36.0,12.0,232.0,22.0,63.0,,,59.0,19.0,,,8.0,11.0,,7.0,,2.0,,45.0,8.0,6.0,144.0,,12.0,112.0,6.0,305.0,147.0,3.0,12.0,8.0,159.0,115.0,,168.0,,2.0,23.0,4.0,,,5.0,,47.0,,,,,,4.0,261.0,,17.0,23.0,46.0,16.0,,8.0,48.0,30.0,266.0,,26.0,,46.0,23.0,33.0,190.0,32.0,33.0,,23.0,,6114.285714285715,5460.0,,7177.995642701525,,,,,5385.273972602739,,,900.0,2425.2297410192145,2088.0803880803883,1105.0,1647.020725388601,,1057.142857142857,1137.9310344827586,,1583.6909871244636,,,5963.569497025419,12859.375,7020.807813275947,12929.577464788732,,10196.786632390746,,,7429.699856218548,9109.322033898305,,1292.2258592471358,1898.6624734768116,,,,,1734.5284489477783,1977.3356401384085,2642.5301204819275,,8247.932960893855,5167.776852622815,14419.736842105263,,,,6638.297872340426,4868.932038834952,2200.0,8035.714285714285,3590.118577075099,,3258.871989860583,4183.333333333333,2493.003412969283,5402.840909090909,3656.33286137212,3787.5,3748.392690409497,4145.486476993327,,1678.898514851485,,1752.1932114882509,2014.1176470588236,1122.2222222222222,,,2057.5,,1434.0239726027398,,,2932.344593976014,,1753.8983050847455,4011.41975308642,,2437.0,,2623.809523809524,,1215.1890034364262,1345.872518286311,,1473.1505211002905,,1154.0021508680288,865.3421633554084,1120.8143223395473,,1595.3346855983773,,,,35.0,125.0,,459.0,,,,,584.0,,,200.0,1197.0,1443.0,40.0,2316.0,,420.0,29.0,,1398.0,,,9245.0,256.0,6041.0,710.0,,1556.0,,,11128.0,118.0,,1222.0,5278.4,,,,,2566.0,578.0,830.0,,895.0,240.2,304.0,,,,47.0,412.0,60.0,56.0,2024.0,,1578.0,354.0,1172.0,352.0,15538.0,4816.0,7497.0,7117.5,,8080.0,,3830.0,170.0,90.0,,,600.0,,1460.0,,,1092.3,,295.0,1620.0,,500.0,,1050.0,,2910.0,3828.0,,11706.0,,13018.0,453.0,23013.0,,986.0,,,,3.0,5.0,,17.0,,,,,8.0,,,3.0,30.0,31.0,2.0,44.0,,9.0,2.0,,40.0,,,192.0,6.0,102.0,23.0,,46.0,,,203.0,5.0,,29.0,56.0,,,,,13.0,12.0,5.0,,54.0,11.0,9.0,,,,4.0,19.0,1.0,2.0,58.0,,42.0,9.0,23.0,5.0,388.0,57.0,234.0,157.0,,86.0,,41.0,3.0,3.0,,,16.0,,29.0,,,27.0,,6.0,27.0,,6.0,,3.0,,16.0,22.0,,44.0,,19.0,5.0,40.0,,9.0,,,2022,1032.4359,kamis
2022-09,,,,,,,21.780416666666667,80.7,372.4375,1391.59,91.3,22819.88888888889,9.0,21637.938878126464,5337.5,52.0,3.0,89474.0,17930.833333333332,21363.14792528456,30.0,168.0,5139.5,1.0,3.0,48.0,6389.880952380952,4905.479452054795,,,5902.478291045199,,6503.015402527441,10000.0,4604.695906857494,6722.576220913894,3260.714285714286,7110.294360550784,4708.317570219967,4202.633430263652,2016.0,1168.0,,,282664.0,,49378.0,30.0,14236.25,15621.29,672.0,180252.0,9456.0,104807.25,4.0,4.0,,,101.0,,106.0,3.0,30.0,34.0,13.0,234.0,19.0,69.0,,4911.523216308041,,,,,5028.218716402117,,5171.052631578948,,,7604.630437351574,7369.512143902439,4917.550461854259,,3086.7329835123487,3475.2272727272725,,2676.632302405498,1960.3921568627447,1577.306078079332,2389.195861965812,2648.8076383344164,2199.43215076661,4613.725490196079,2696.1301650757578,,3313.5644914927025,,3571.638606522781,,3467.5496370467786,,4278.102664067576,4856.992044114436,5990.628040414257,3674.89033908214,2927.444294371238,4901.997655806706,,7948.671679197995,1986.0162570006223,,1066.6405023547882,2150.0,2044.947994056464,,1954.8517520215632,1354.6970045454543,2289.429341845037,,2047.0,1388.6138613861383,,2083.222087420078,6389.880952380952,4905.479452054795,,,5902.478291045199,,6503.015402527441,10000.0,4604.695906857494,6722.576220913894,3260.714285714286,7110.294360550784,4708.317570219967,4202.633430263652,2473.705408515535,775.0,3677.718473724444,2629.559259317268,,,3336.1780381526105,2475.3066184847507,1748.5207100591715,2021.6253101736968,1613.8285024154588,2406.877551020408,,1929.7029702970297,,3511.904761904762,5363.507476910589,,,4405.391444054653,,2946.283710819386,,,1918.421052631579,,1485.734958499712,1669.688279879549,,1709.07711629055,975.6868654545456,848.7931000000001,1686.485003281156,1388.8223173553718,875.3333333333334,1404.2465753424658,866.4102495384615,806.9620253164557,1718.597437701849,,,,,,2675.444515315315,3154.296211236197,,2065.9154929577467,3069.8531412006582,2696.906314470046,3094.8542898634914,,,,2592.665990876837,1468.5828604062704,,1808.6462826693728,,2042.37427864798,,2721.313131313131,,,,,1317.2567631703844,,1766.0,,,,,4725.0,,912.0,,,165487.0,2050.0,2923.0,,43851.0,4400.0,,14550.0,5100.0,191600.0,46800.0,172336.0,58700.0,5100.0,132000.0,,38849.0,,68352.75,,5323.0,,4617.0,9158.0,24719.0,6842.0,12294.0,583980.0,,2493.75,12856.0,,94276.0,960.0,2692.0,,2968.0,1980.0,31956.0,,3230.0,808.0,,69177.93,2016.0,1168.0,,,282664.0,,49378.0,30.0,14236.25,15621.29,672.0,180252.0,9456.0,104807.25,3476.0,9600.0,1087075.0,112372.0,,,15936.0,49576.0,10816.0,25792.0,13248.0,15680.0,,1616.0,,336.0,14167.75,,,21664.0,,97942.25,,,304.0,,2083600.0,1544200.0,,4112200.0,33000.0,5800.0,332200.0,24200.0,9000.0,1825.0,32500.0,7900.0,1281900.0,,,,,,38850.0,1159200.0,,3550.0,121600.0,135625.0,10329.0,,,,19730.0,127649.0,,31528.0,,1213.0,,9900.0,,,,,21070.0,,4.0,,,,,8.0,,5.0,,,139.0,2.0,8.0,,24.0,5.0,,9.0,8.0,109.0,43.0,67.0,35.0,3.0,71.0,,24.0,,93.0,,19.0,,9.0,18.0,48.0,6.0,32.0,363.0,,10.0,7.0,,9.0,4.0,7.0,,4.0,8.0,16.0,,4.0,4.0,,44.0,4.0,4.0,,,101.0,,106.0,3.0,30.0,34.0,13.0,234.0,19.0,69.0,2.0,4.0,125.0,25.0,,,4.0,20.0,4.0,6.0,9.0,4.0,,4.0,,3.0,24.0,,,30.0,,144.0,,,2.0,,189.0,148.0,,195.0,16.0,7.0,52.0,23.0,9.0,5.0,13.0,6.0,156.0,,,,,,7.0,286.0,,19.0,45.0,77.0,31.0,,,,29.0,35.0,,20.0,,5.0,,10.0,,,,,8.0,,4200.0,4526.80412371134,,10936.170212765956,,5909.090909090909,,,6240.0,,5000.0,,2825.0,1896.9604863221884,,2089.333333333333,,2157.062937062937,1808.2758620689656,,1922.469135802469,1000.0,,4379.144931983226,6853.932584269663,6265.746342536575,11022.727272727272,,6410.500329163923,3243.3802816901407,,5974.320148331273,8082.161016949152,,1923.8660153524077,2367.475486482392,2464.021164021164,,,,2287.3045420699927,2376.8456375838928,2248.4263233190272,3861.1111111111113,5922.020075282308,3785.616998093162,11720.27027027027,,,,1214.2857142857142,5445.0,,8250.0,4581.395348837209,,4783.928571428572,,1801.0869565217392,,4113.050752928054,2704.9407114624505,2785.1973684210525,3537.957698430748,1600.0,1078.1561822125814,,1116.2680683311432,,666.6666666666666,,1380.0,1040.6439393939395,,1225.8502024291497,759.2079207920792,3600.0,3286.3829787234044,,2857.1428571428573,3333.116883116883,,,,3760.56338028169,,,,,1695.6896551724135,,,,,,,,1446.123521681997,,135.0,388.0,,141.0,,220.0,,,500.0,,40.0,,1300.0,987.0,,750.0,,1430.0,2320.0,,810.0,60.0,,19554.0,1958.0,9091.0,660.0,,6076.0,355.0,,9708.0,4720.0,,1433.0,4619.9,189.0,,,,2686.0,894.0,1398.0,72.0,1594.0,367.1,296.0,,,,28.0,400.0,,20.0,172.0,,280.0,,184.0,,5379.0,1012.0,608.0,2198.5,250.0,4610.0,,7610.0,,180.0,,600.0,2640.0,,4940.0,1010.0,10.0,940.0,,175.0,1540.0,,,,355.0,,,,,1160.0,,,,,,,,761.0,,4.0,12.0,,4.0,,9.0,,,1.0,,1.0,,32.0,23.0,,22.0,,16.0,31.0,,21.0,2.0,,262.0,28.0,114.0,7.0,,94.0,3.0,,153.0,49.0,,32.0,61.0,4.0,,,,16.0,19.0,12.0,2.0,59.0,20.0,10.0,,,,2.0,19.0,,1.0,5.0,,10.0,,3.0,,100.0,18.0,25.0,35.0,6.0,66.0,,82.0,,5.0,,6.0,33.0,,76.0,15.0,1.0,18.0,,11.0,29.0,,,,13.0,,,,,10.0,,,,,,,,17.0,2022,1032.4359,kamis
2022-10,,,,,,,14.27061224489796,50.15,348.725,1426.657894736842,88.6,12909.444444444443,9.0,10705.975095451631,10927.0,97.0,3.0,24027.36842105263,15803.846153846154,10501.785066741551,114.0,130.0,10683.0,4.0,9.0,84.0,1864.102564102564,2544.1288295454547,,,3377.3227878765915,,3360.964194144065,5223.673469387755,2266.996670416667,3937.765094982765,2343.181818181818,4053.726215208792,3129.888078006943,2493.142898298151,3120.0,2816.0,,,303512.0,,39857.0,98.0,19200.0,10444.0,352.0,155226.0,9794.0,97776.0,6.0,7.0,,,105.0,,74.0,3.0,29.0,26.0,6.0,203.0,25.0,67.0,,8045.963023888888,5310.689170705244,10500.0,6551.724137931034,,3853.203247804878,,8215.416189663025,5351.800847457627,,6423.493071671774,7832.098765432099,,,2053.1903093425603,,,1487.9749478079332,1837.3030303030305,858.7748555731016,1675.4071943181818,1813.409053280048,2069.104959183673,1828.0,1845.323035583624,1621.0526315789473,1548.1960698039215,,4820.02009534111,,3777.221526908636,,,5903.571428571428,4639.801119981272,,3123.1981929573303,4590.074773082454,,,1652.337062937063,1453.9244017094018,1022.7859494540372,1850.0,1716.860465116279,,1850.0,1559.139784946237,2017.0492594752188,979.5454545454544,,1187.651185292695,,1861.2913958534955,1864.102564102564,2544.1288295454547,,,3377.3227878765915,,3360.964194144065,5223.673469387755,2266.996670416667,3937.765094982765,2343.181818181818,4053.726215208792,3129.888078006943,2493.142898298151,,,3411.8739201716185,2250.402181225869,,,,,,,,,,,,,,,,14193.548387096776,,4992.788461538462,,,,1172.2222222222222,1407.7795397074717,1537.4605118923826,,1531.1103008419336,853.3333333333334,894.8125,1050.6782895348836,1020.2660298181818,1020.301724137931,1101.2,799.3888888888889,456.8627647058824,1361.7127687969923,,3138.300703439505,,,,5302.7981537634405,3957.052113286983,,3112.3595505617977,4131.050560393553,3448.9838574660635,3593.497357677165,,,,,2045.7437123022648,,2159.662158239972,,,,1944.0630048465264,,,,,1955.1747662426264,,5400.0,13825.0,812.0,261.0,,5125.0,,8784.0,5900.0,,93984.0,4050.0,,,28900.0,,,35925.0,16500.0,30396.0,61600.0,177909.0,34300.0,7000.0,229600.0,11400.0,25500.0,,12943.0,,3196.0,,,672.0,8543.0,,43989.0,41720.0,,,7150.0,5616.0,84438.0,1920.0,4128.0,,2400.0,279.0,30184.0,440.0,,1653.6,,53732.0,3120.0,2816.0,,,303512.0,,39857.0,98.0,19200.0,10444.0,352.0,155226.0,9794.0,97776.0,,,563108.0,33152.0,,,,,,,,,,,,,,,,310.0,,4160.0,,,,900.0,1387900.0,1211700.0,,2604125.0,900.0,8000.0,17200.0,82500.0,11600.0,2500.0,9000.0,3400.0,53200.0,,18084.0,,,,9300.0,517800.0,,4450.0,119425.0,110500.0,50800.0,,,,,87870.0,,17227.0,,,,9904.0,,,,,24919.0,,15.0,11.0,2.0,3.0,,6.0,,15.0,3.0,,147.0,2.0,,,12.0,,,23.0,11.0,26.0,49.0,67.0,13.0,4.0,81.0,4.0,13.0,,47.0,,20.0,,,5.0,30.0,,55.0,89.0,,,3.0,2.0,7.0,3.0,5.0,,2.0,2.0,15.0,2.0,,5.0,,39.0,6.0,7.0,,,105.0,,74.0,3.0,29.0,26.0,6.0,203.0,25.0,67.0,,,115.0,12.0,,,,,,,,,,,,,,,,2.0,,16.0,,,,3.0,119.0,113.0,,193.0,3.0,20.0,24.0,27.0,7.0,4.0,18.0,5.0,11.0,,15.0,,,,3.0,173.0,,15.0,37.0,79.0,52.0,,,,,50.0,,15.0,,,,10.0,,,,,19.0,9500.0,8695.299145299145,5554.0,,5822.222222222223,,,4585.526315789473,,,,,1500.0,1699.0,1513.813169984686,,2017.4311926605503,,,1654.06162464986,,1365.1648351648353,1304.0,,4280.149114631873,,3171.640984049743,,,3894.244202291143,,4585.526315789473,3887.3417721518986,5811.800676554774,,1339.1908975979773,1612.5859872611466,,,,,1648.5734168406402,1681.9875776397516,1200.0,,3089.9736147757258,2373.0017761989343,5217.948717948718,,,,2391.1290322580644,3169.590643274854,,2125.0,,,,,,,,,,,,1000.0,,1308.5318559556786,,715.8620689655172,,966.6666666666666,1040.0,,1419.44,902.5641025641024,2733.3928571428573,3763.236994219653,,2673.809523809524,3020.967741935484,,,,4028.235294117647,,,,,,,,,,,,,,30.0,234.0,400.0,,90.0,,,76.0,,,,,60.0,1000.0,1632.5,,1090.0,,,357.0,,1820.0,250.0,,2146.0,,3699.0,,,3579.0,,304.0,1106.0,1537.2,,791.0,3925.0,,,,,2874.0,966.0,52.0,,1516.0,563.0,312.0,,,,124.0,342.0,,24.0,,,,,,,,,,,,3620.0,,3610.0,,580.0,,210.0,80.0,,3750.0,390.0,560.0,865.0,,630.0,310.0,,,,425.0,,,,,,,,,,,,,,1.0,9.0,16.0,,5.0,,,3.0,,,,,2.0,23.0,38.0,,19.0,,,5.0,,47.0,4.0,,44.0,,51.0,,,54.0,,7.0,12.0,38.0,,19.0,46.0,,,,,12.0,21.0,2.0,,60.0,19.0,8.0,,,,3.0,17.0,,1.0,,,,,,,,,,,,68.0,,44.0,,8.0,,4.0,3.0,,70.0,2.0,14.0,25.0,,17.0,10.0,,,,21.0,,,,,,,,,,,,,,2022,1032.4359,kamis
2022-11,,,,,,,10.063333333333333,71.8875,309.4125,1364.1000000000001,86.2,6467.333333333333,9.0,5233.159148215625,9331.0,91.0,3.0,8007.511308957952,9980.78431372549,4800.534805162876,1094.0,102.0,8135.0,17.0,8.0,66.0,500.0,1219.5387010733043,,,1714.1901647116974,,2128.564598076436,7500.0,1264.5337690568474,2106.9226282390277,,2133.854601305299,1595.4520362103174,1447.831933671336,944.0,4379.0,,,271104.0,,31608.0,2.0,12384.0,7564.0,,159044.0,16128.0,76528.0,2.0,11.0,,,118.0,,58.0,2.0,20.0,18.0,,174.0,21.0,60.0,,4612.639011473963,3491.3461674825176,7896.610169491525,3530.537108865145,,,3393.764434180139,5512.019845084845,2895.582130992997,,3384.540633902356,4261.22447755102,3493.740831295844,,1145.6204379562043,,,1506.31951730863,1569.0827633378933,450.0,1153.6143356589148,910.9997420548316,1282.849142687747,,1389.3061853801169,1000.0,1157.0754716981132,,,,5500.0,,,,7616.78401450116,,5493.732952681388,6048.717876923077,,,1497.6327575342136,1195.3730017761989,1142.089552238806,1449.2599618952947,1260.871847774736,,1765.7103825136612,824.7480655095185,1734.9936520141136,1543.298969072165,,698.9005786428196,,1850.8455352761523,500.0,1219.5387010733043,,,1714.1901647116974,,2128.564598076436,7500.0,1264.5337690568474,2106.9226282390277,,2133.854601305299,1595.4520362103174,1447.831933671336,,,3612.329889679393,,,,3029.701912227377,,,,,,,,,,,,,,,,,,,1146.6666666666667,1373.5407769783214,1751.8766371205031,,1499.6773272869098,1416.6666666666667,775.0,1415.888854983923,794.0688259109312,887.4196429292929,,,,1495.1119387846963,,2194.4032006063667,,,2009.929675173913,2200.7998555793997,1913.791303963989,1559.874976945668,2693.066058738739,1992.021300559552,1795.6687097029703,2104.2524005777564,,2455.2564435897434,,,2356.147819759444,,1323.5240487270737,,,,,,,,,,,5665.0,14300.0,1180.0,6926.0,,,13856.0,13672.0,11138.0,,58580.0,1225.0,2045.0,,13700.0,,,51275.0,73100.0,400.0,25800.0,48111.0,50600.0,,136800.0,2500.0,10600.0,,,,280.0,,,,3448.0,,3170.0,520.0,,,207885.0,56300.0,167500.0,6036.0,19389.16,,4392.0,3572.0,33476.76,3492.0,,7604.0,,427626.0,944.0,4379.0,,,271104.0,,31608.0,2.0,12384.0,7564.0,,159044.0,16128.0,76528.0,,,295125.28,,,,37506.0,,,,,,,,,,,,,,,,,,,1500.0,751900.0,1175900.0,,1410200.0,1200.0,400.0,217700.0,24700.0,19800.0,,,,133300.0,,49475.0,,,115000.0,23300.0,544275.0,68100.0,13875.0,93825.0,101000.0,51925.0,,19500.0,,,322003.0,,21918.0,,,,,,,,,,,13.0,8.0,2.0,17.0,,,11.0,18.0,5.0,,69.0,2.0,11.0,,16.0,,,26.0,37.0,2.0,35.0,28.0,16.0,,68.0,2.0,9.0,,,,3.0,,,,16.0,,10.0,3.0,,,13.0,5.0,7.0,6.0,11.0,,6.0,14.0,18.0,3.0,,3.0,,68.0,2.0,11.0,,,118.0,,58.0,2.0,20.0,18.0,,174.0,21.0,60.0,,,81.0,,,,10.0,,,,,,,,,,,,,,,,,,,2.0,80.0,113.0,,104.0,3.0,2.0,38.0,9.0,11.0,,,,22.0,,38.0,,,24.0,5.0,139.0,7.0,13.0,30.0,83.0,43.0,,3.0,,,175.0,,11.0,,,,,,,,,,9000.0,4858.777120315582,5542.35294117647,,4100.0,,,,,3754.0106951871658,,,,1373.3766233766237,1192.36276849642,1000.0,1337.1134020618556,,,,,863.4,,,4045.4545454545455,,5287.080536912752,,,5574.295190713101,,,,5279.931093884583,,1017.283950617284,1332.6911338318328,,,,1325.3731343283582,1665.1336898395723,2376.4578833693304,,,1559.7366710013002,1368.9655172413793,1890.4,,,,1151.595744680851,1299.8603351955308,,,,,,,,,,,,,,1167.9545454545455,,1346.3636363636365,,1120.3053435114505,,1316.875,1104.0277777777778,,983.6,,2832.6732673267325,2574.358974358974,,3228.8571428571427,,,,,2430.508474576271,,,,,,,,,,,,,,50.0,507.0,85.0,,138.0,,,,,374.0,,,,770.0,838.0,20.0,970.0,,,,,1000.0,,,44.0,,596.0,,,603.0,,,,116.1,,1620.0,5242.4,,,,268.0,3740.0,926.0,,,1230.4,116.0,500.0,,,,376.0,716.0,,,,,,,,,,,,,,1320.0,,2530.0,,1310.0,,320.0,720.0,,1000.0,,808.0,975.0,,350.0,,,,,590.0,,,,,,,,,,,,,,2.0,15.0,4.0,,4.0,,,,,12.0,,,,22.0,18.0,1.0,18.0,,,,,32.0,,,3.0,,12.0,,,14.0,,,,9.0,,36.0,59.0,,,,3.0,21.0,23.0,,,56.0,3.0,9.0,,,,10.0,33.0,,,,,,,,,,,,,,23.0,,30.0,,12.0,,5.0,9.0,,16.0,,31.0,14.0,,19.0,,,,,20.0,,,,,,,,,,,,,,2022,1032.4359,kamis
2022-12,,,,,,,-0.8318548387096775,41.9625,304.02500000000003,1296.2181818181818,89.7,16804.333333333332,9.0,12301.894348360043,6677.0,71.0,3.0,11307.612204334366,18934.08467605634,12823.609800099452,2584.0,71.0,4022.0,27.0,7.0,37.0,,3984.1256663934423,3338.3928571428573,,4634.422940113169,,3585.0397406572165,7857.142857142857,3720.942319892473,,,5653.322196937716,4655.880410067114,4226.786517743277,,4880.0,896.0,,219848.0,,12416.0,7.0,10416.0,,,89541.0,11920.0,57712.0,,15.0,3.0,,103.0,,26.0,3.0,21.0,,,147.0,17.0,56.0,,4448.715842873335,3268.546255506608,,3811.472419540572,,,2841.918165989553,6234.305616306254,,,2976.840008148617,,3374.052751953125,,2915.565713371429,,,2887.0359281437127,3037.431200589102,,2720.37924251497,2127.1794863905325,2962.3316062176164,,2767.1319467391304,,3393.170731707317,,,,,,,,6952.777777777777,,4297.041420118343,,,6509.146341463415,1181.12513253075,,1312.097280334728,1595.6896551724135,1476.9403718881215,,,1179.271258064516,1689.5977994340203,,,1293.9655172413793,,1753.0779891973373,,3984.1256663934423,3338.3928571428573,,4634.422940113169,,3585.0397406572165,7857.142857142857,3720.942319892473,,,5653.322196937716,4655.880410067114,4226.786517743277,,,6126.702345109396,,,,,,,,,,,,,,,,,,,,,,,,1520.0426840280372,1835.5595934213504,,1505.811362092511,,605.7142857142857,1711.095252444445,1247.526645768025,1697.469109259259,,,,2090.974212034384,,1625.213673178189,,,1916.1046511627908,1268.952349359606,1395.0272526564852,1673.5614559947023,2679.4273594909864,1390.8406604596807,1175.519705820106,1620.5333472000002,,1747.8220999541495,,,911.7421335379892,,,,,,1992.6608636286053,,,,,,,25165.7475,5675.0,,16847.0,,,3446.0,6844.0,,,23685.0,,5120.0,,21875.0,,,50100.0,67900.0,,16700.0,16900.0,19300.0,,36800.0,,4100.0,,,,,,,,3240.0,,1352.0,,,1075.84,114796.0,,95600.0,1392.0,63358.84,,,1674.0,42051.0,,,1508.0,,782571.87,,4880.0,896.0,,219848.0,,12416.0,7.0,10416.0,,,89541.0,11920.0,57712.0,,,65194.4,,,,,,,,,,,,,,,,,,,,,,,,1070000.0,1325500.0,,1362000.0,,700.0,90000.0,31900.0,5400.0,,,,69800.0,,29435.0,,,8600.0,25375.0,232450.0,61913.0,4715.0,64175.0,14175.0,25000.0,,2181.0,,,2606.0,,,,,,5859.0,,,,,,,33.0,4.0,,23.0,,,6.0,20.0,,,36.0,,14.0,,24.0,,,33.0,29.0,,24.0,12.0,15.0,,32.0,,2.0,,,,,,,,16.0,,5.0,,,3.0,13.0,,3.0,2.0,22.0,,,6.0,23.0,,,3.0,,46.0,,15.0,3.0,,103.0,,26.0,3.0,21.0,,,147.0,17.0,56.0,,,52.0,,,,,,,,,,,,,,,,,,,,,,,,99.0,105.0,,149.0,,2.0,11.0,14.0,6.0,,,,3.0,,24.0,,,14.0,12.0,64.0,8.0,24.0,27.0,8.0,5.0,,20.0,,,4.0,,,,,,6.0,,,,,,9000.0,3772.352941176471,2895.4941860465115,,6507.936507936508,,,4930.769230769231,,3063.257575757576,,,,2263.894736842105,3067.2727272727275,,2205.555555555556,,,3004.3010752688174,,5040.0,,,3779.661016949152,,6282.739726027397,,,6250.746268656716,,,7504.0,6920.731707317073,,1293.1681681681682,1516.8299198575246,,,,810.569105691057,1801.0742857142857,2065.7940663176264,881.1764705882352,,3064.4404332129966,4144.2307692307695,5740.789473684211,,,,2850.9803921568628,3748.322147651007,,,,,,,,,,,,,,1257.142857142857,,1770.7801418439717,,,,,,,1398.3636363636365,,,1997.857142857143,,1935.121951219512,,,,,2000.0,,,,,,,,,,,,,,40.0,340.0,688.0,,63.0,,,195.0,,528.0,,,,950.0,550.0,,180.0,,,930.0,,20.0,,,118.0,,730.0,,,536.0,,,500.0,65.6,,1332.0,4492.0,,,,246.0,4375.0,1146.0,170.0,,1108.0,52.0,380.0,,,,204.0,298.0,,,,,,,,,,,,,,280.0,,1410.0,,,,,,,550.0,,,420.0,,615.0,,,,,500.0,,,,,,,,,,,,,,1.0,11.0,18.0,,4.0,,,5.0,,12.0,,,,26.0,10.0,,5.0,,,11.0,,1.0,,,8.0,,24.0,,,15.0,,,5.0,4.0,,18.0,43.0,,,,2.0,21.0,24.0,2.0,,51.0,2.0,9.0,,,,7.0,18.0,,,,,,,,,,,,,,11.0,,25.0,,,,,,,7.0,,,9.0,,17.0,,,,,1.0,,,,,,,,,,,,,,2022,1032.4359,kamis
2023-01,,,,,,,0.047177419354838684,26.7875,311.3875,1247.25,90.4,19842.555555555555,9.0,21543.80852295678,7427.0,66.0,3.0,22864.5867808418,19341.967213114756,20783.34159045553,2756.0,61.0,4610.0,27.0,5.0,34.0,,5299.900126717557,5585.294117647059,,5265.6555075544975,,6044.894560376372,,4239.360514537902,,,6108.821117640528,4727.853092598153,3924.5514614972335,,10480.0,1088.0,,229747.25,,3826.0,,15408.0,,,90088.0,18549.29,98889.0,,25.0,2.0,,86.0,,17.0,,28.0,,,154.0,20.0,63.0,,4347.795093089143,3116.304164539007,,4284.294506471425,,,1867.4898217922605,5879.62577962578,,,3004.0820796937182,,4026.449348513902,,4231.686851211072,,,3688.152173913044,3735.160936871509,,2879.1666666666665,3987.5,2785.315318018018,,2802.830882352941,,4200.0,5192.037470725995,4926.470588235294,,6030.238224147266,,,,,,4017.478318879253,5038.461538461538,,6621.577037281425,1852.6624668435013,,1012.2114708903184,1655.8878504672898,1647.3850706806534,,2060.9756097560976,1126.9177126917712,1820.8650588375608,,,,,1787.2634316002063,,5299.900126717557,5585.294117647059,,5265.6555075544975,,6044.894560376372,,4239.360514537902,,,6108.821117640528,4727.853092598153,3924.5514614972335,,,,2156.25,,,,,,,,,,,,,,,,,,,,,,,1566.088397593123,1899.1621269553773,,1483.3480474042622,,,1907.1626610576925,,1935.922613392857,1231.066306451613,400.0,,1736.524699907664,,1453.7976055031688,,,1429.2077423133237,3756.903735921639,1837.4720289974937,1950.477461427636,2112.4361158432707,1654.963569719626,1352.054054054054,1896.3895885810243,,1772.7844562482528,2508.202918273229,,2782.555033307409,,3018.5208676899656,,,,,,,,,,,29649.0,10575.0,,28819.0,,,3928.0,1924.0,,,19851.0,,10430.0,,28900.0,,,36800.0,107400.0,,1200.0,14400.0,11100.0,,13600.0,,2300.0,5124.0,544.0,,7388.0,,,,,,5996.0,520.0,,363.72,18850.0,,18499.0,8560.0,65239.21,,1640.0,2151.0,50308.0,,,,,220834.0,,10480.0,1088.0,,229747.25,,3826.0,,15408.0,,,90088.0,18549.29,98889.0,,,,6400.0,,,,,,,,,,,,,,,,,,,,,,,872500.0,988300.0,,1248200.0,,,41600.0,,11200.0,18600.0,1100.0,,108300.0,,19407.0,,,51225.0,140375.0,199500.0,76350.0,7044.0,40125.0,4625.0,29775.0,,7154.0,26454.0,,29573.0,,15766.0,,,,,,,,,,,40.0,7.0,,48.0,,,7.0,11.0,,,36.0,,22.0,,13.0,,,23.0,15.0,,6.0,2.0,9.0,,11.0,,2.0,8.0,4.0,,14.0,,,,,,12.0,2.0,,2.0,5.0,,3.0,7.0,25.0,,2.0,4.0,27.0,,,,,40.0,,25.0,2.0,,86.0,,17.0,,28.0,,,154.0,20.0,63.0,,,,4.0,,,,,,,,,,,,,,,,,,,,,,,97.0,66.0,,90.0,,,9.0,,8.0,6.0,4.0,,9.0,,28.0,,,27.0,27.0,51.0,9.0,26.0,19.0,6.0,24.0,,36.0,10.0,,17.0,,10.0,,,,,,,,,,9000.0,7333.333333333333,3209.9557522123896,,3204.6204620462045,,,,,2306.451612903226,,,,5100.0,4717.727272727273,,2371.929824561404,,,4863.888888888889,,5068.333333333333,,5750.0,1537.878787878788,,6929.032258064516,7794.117647058823,,5591.284987277354,,,6874.237288135593,7459.8903836572,,1349.09604519774,1657.9668167364543,,,,1345.8015267175572,1707.3283858998143,1916.6099773242631,,,4633.381924198251,5307.692307692308,6789.763779527559,,,,,4506.683168316832,,,,,,,,,,,,,,1185.9375,,2386.190476190476,1517.962962962963,,,,1700.0,,1756.6455696202531,,1688.0,1428.936170212766,1830.0,1610.381679389313,,,,,,,,,,,,,,,,,,,40.0,120.0,452.0,,303.0,,,,,62.0,,,,60.0,440.0,,570.0,,,180.0,,60.0,,72.0,264.0,,124.0,170.0,,1572.0,,,590.0,401.4,,1770.0,6352.6,,,,524.0,4312.0,1764.0,,,1372.0,156.0,508.0,,,,,404.0,,,,,,,,,,,,,,320.0,,420.0,540.0,,,,100.0,,790.0,,300.0,235.0,170.0,655.0,,,,,,,,,,,,,,,,,,,1.0,9.0,12.0,,10.0,,,,,4.0,,,,3.0,8.0,,4.0,,,3.0,,3.0,,1.0,6.0,,3.0,7.0,,21.0,,,9.0,4.0,,30.0,74.0,,,,4.0,20.0,31.0,,,60.0,6.0,11.0,,,,,22.0,,,,,,,,,,,,,,12.0,,11.0,7.0,,,,1.0,,6.0,,11.0,6.0,5.0,21.0,,,,,,,,,,,,,,,,,,,2023,1159.2402,kamis
2023-02,,,,,,,2.2084821428571426,9.8,305.0,1270.74,89.8,16558.0,9.0,13320.266602576336,8384.0,86.0,3.0,14461.771018473895,13209.166666666666,12831.877433597792,2490.0,96.0,5798.0,29.0,4.0,53.0,3419.811320754717,3569.7533360291145,,,4110.878725027639,,3730.3791543142456,2484.375,3348.72283319149,3296.842105263158,,4088.341529502785,3855.183314307851,3123.4590616948303,848.0,9892.0,,,246032.0,,6409.0,128.0,18800.0,760.0,,96940.0,15488.0,95632.0,2.0,24.0,,,114.0,,22.0,2.0,31.0,4.0,,159.0,20.0,69.0,,5472.71344085988,5568.802395209581,5978.407557354926,5772.737562855062,5509.935205183585,,5917.5074110971,6823.615716180371,,,5280.342126357812,,4509.958775160213,,5124.056720098643,,,4212.301587301588,4549.003891832229,,3014.814814814815,1658.157894736842,,,,,6009.090909090909,6732.905982905983,,5993.0555,6938.073394495413,,,,,,4399.9622356495465,,,6657.427937915743,,,,2339.814814814815,2082.1492233207773,,2222.159090909091,,2304.0476504477106,,,,,2175.81837692064,3419.811320754717,3569.7533360291145,,,4110.878725027639,,3730.3791543142456,2484.375,3348.72283319149,3296.842105263158,,4088.341529502785,3855.183314307851,3123.4590616948303,,,,,,,,,,,,,,,,5235.243798118049,,,,,,,,,,1532.0,1528.917591508858,1823.6306279387013,,1535.492728000278,,,1860.4767901803607,1417.1066282608697,1654.9699304123712,,,,1724.0547379053464,,3329.444534854293,,3658.470588235294,2750.057624217687,2246.190093379383,3046.4388107000914,2636.218694370522,3042.528358072048,2954.4162772857244,,2443.5416666666665,,3025.202593192869,4727.4424393279405,,,,3881.277098935751,,,,,,,,,,,12013.3125,8350.0,3705.0,34325.0,2315.0,,4758.0,6032.0,,,21542.0,,11079.0,,20275.0,,,18900.0,90600.0,,2700.0,19000.0,,,,,4400.0,468.0,,2496.0,1744.0,,,,,,1324.0,,,1479.28,,,,3456.0,51273.42,,1408.0,,23676.0,,,,,50504.0,848.0,9892.0,,,246032.0,,6409.0,128.0,18800.0,760.0,,96940.0,15488.0,95632.0,,,,,,,,,,,,,,,,233.8,,,,,,,,,,10000.0,818500.0,1128900.0,,1438200.0,,,49900.0,32200.0,19400.0,,,,228200.0,,26869.0,,340.0,73500.0,54723.0,163550.0,24425.0,5996.0,28678.0,,6000.0,,6170.0,3214.0,,,,12685.0,,,,,,,,,,,38.0,6.0,5.0,70.0,10.0,,4.0,19.0,,,36.0,,26.0,,12.0,,,20.0,15.0,,5.0,4.0,,,,,2.0,3.0,,3.0,3.0,,,,,,6.0,,,3.0,,,,4.0,16.0,,2.0,,17.0,,,,,34.0,2.0,24.0,,,114.0,,22.0,2.0,31.0,4.0,,159.0,20.0,69.0,,,,,,,,,,,,,,,,2.0,,,,,,,,,,3.0,82.0,91.0,,121.0,,,10.0,21.0,18.0,,,,25.0,,30.0,,15.0,40.0,40.0,41.0,3.0,16.0,20.0,,7.0,,29.0,7.0,,,,14.0,,,,,,,,,,,5990.0,4345.619335347432,7053.240740740741,6670.32967032967,,,6391.025641025641,,3986.559139784946,,,,4555.111111111111,5474.074074074074,,,,,4992.307692307692,,6352.5,,,,,,,,6596.153846153846,,,6280.0,6166.158536585367,,1284.4827586206898,2434.870615296147,,,,2210.2102102102103,2122.480260102183,2752.9284164859,,,3796.796875,3178.5714285714284,5106.041666666667,,,,3036.842105263158,4085.044642857143,,,,,,,,,,,,,,1631.6119402985075,,1683.8333333333333,,,,1606.862745098039,,1160.0,1685.0,,2000.0,4471.323529411765,2588.3076923076924,2548.7272727272725,,,3253.5593220338983,,2187.0967741935483,,,,,,,,,,,,,,,100.0,331.0,432.0,273.0,,,156.0,,186.0,,,,450.0,270.0,,,,,260.0,,40.0,,,,,,,,130.0,,,350.0,131.2,,232.0,4347.5,,,,666.0,4306.0,922.0,,,1280.0,56.0,480.0,,,,76.0,448.0,,,,,,,,,,,,,,3350.0,,1200.0,,,,510.0,,260.0,140.0,,40.0,136.0,325.0,275.0,,,295.0,,310.0,,,,,,,,,,,,,,,4.0,11.0,13.0,9.0,,,4.0,,10.0,,,,12.0,10.0,,,,,6.0,,3.0,,,,,,,,3.0,,,8.0,6.0,,8.0,43.0,,,,8.0,19.0,22.0,,,53.0,5.0,11.0,,,,3.0,20.0,,,,,,,,,,,,,,47.0,,13.0,,,,12.0,,1.0,9.0,,1.0,13.0,8.0,8.0,,,6.0,,4.0,,,,,,,,,,,,,,2023,1159.2402,kamis
2023-03,,,,,,,9.146774193548387,28.9125,370.8375,1305.7272727272727,91.7,12872.777777777776,9.0,8803.559286538291,11269.0,98.0,3.0,10358.580031921423,11314.23191304348,8097.257848984285,3258.0,184.0,7827.0,30.0,9.0,59.0,4587.264150943396,2790.166466704289,2383.3585061101194,,3307.6790173233358,,3576.951951951952,4058.603491271821,2946.1480797844374,4425.925925925926,1874.0,3262.970073496748,2970.1352856875933,2615.382755307467,848.0,14176.0,1456.6,,320608.0,,10656.0,160.39999999999998,30432.0,432.0,400.0,164015.41999999998,21408.0,131136.0,2.0,33.0,4.0,,104.0,,26.0,5.0,37.0,3.0,2.0,172.0,22.0,89.0,,7151.45557899141,5674.213105932204,4760.294117647059,6443.546064420234,4206.153846153846,,7744.76238933886,8052.506345177665,,,6157.691259259259,6001.789488461539,6914.874251497006,,3596.23976023976,,,3028.482965944273,3903.814232200357,,2745.679012345679,2788.617021276596,3730.027777777778,,,,3347.826095652173,,5656.25,,7874.213836477988,,,,7088.25495876978,,,,,6621.15086010256,,,,1590.3141361256544,2327.848349150956,,,,2293.3115622844616,,,,,1856.2602299272169,4587.264150943396,2790.166466704289,2383.3585061101194,,3307.6790173233358,,3576.951951951952,4058.603491271821,2946.1480797844374,4425.925925925926,1874.0,3262.970073496748,2970.1352856875933,2615.382755307467,,,,,,,,,,,,,,,,,,,,,,,,,,,1659.8546788962697,1758.7946650493316,,1400.683632901464,919.0,,2080.7527777777777,1172.9731909547738,1539.0547433070865,,1217.5,,1446.3227812713603,,2689.906643769152,,6877.749699561403,2755.570321904762,3033.0140780060005,2731.9893421444835,3247.76591911315,6133.107765183556,2954.5412156666744,,2462.36559311828,,3350.120765062993,2859.44458999214,,3689.265536723164,,3563.5286372613564,,,,,,,,,,,32863.9375,5900.0,1700.0,65259.0,2080.0,,10618.0,4728.0,,,25407.0,5200.0,4175.0,,25025.0,,,32300.0,111800.0,,2025.0,9400.0,18000.0,,,,4600.0,,128.0,,1908.0,,,,1121.75,,,,,1844.78,,,,3056.0,44719.11,,,,28054.75,,,,,60143.5975,848.0,14176.0,1456.6,,320608.0,,10656.0,160.39999999999998,30432.0,432.0,400.0,164015.41999999998,21408.0,131136.0,,,,,,,,,,,,,,,,,,,,,,,,,,,587100.0,1601400.0,,1217575.0,2000.0,,36000.0,19900.0,38100.0,,1400.0,,292600.0,,39160.0,,1824.0,196875.0,17332.0,241550.0,32700.0,7388.75,44017.0,,11625.0,,15319.0,15268.0,,7080.0,,9114.0,,,,,,,,,,,63.0,3.0,2.0,81.0,16.0,,9.0,20.0,,,41.0,3.0,13.0,,17.0,,,27.0,15.0,,5.0,9.0,8.0,,,,3.0,,2.0,,4.0,,,,6.0,,,,,8.0,,,,3.0,16.0,,,,19.0,,,,,46.0,2.0,33.0,4.0,,104.0,,26.0,5.0,37.0,3.0,2.0,172.0,22.0,89.0,,,,,,,,,,,,,,,,,,,,,,,,,,,50.0,120.0,,128.0,3.0,,4.0,11.0,18.0,,3.0,,30.0,,33.0,,19.0,46.0,48.0,44.0,6.0,37.0,24.0,,16.0,,34.0,21.0,,7.0,,8.0,,,,,,,,,,,6975.242718446602,5220.884773662551,5817.87037037037,6348.4375,,,3600.0,,5231.352459016393,,9000.0,,3941.8543046357618,3662.58064516129,,4229.032258064516,,,4040.425531914894,,4830.0,,,5500.0,,,,,7307.152875175316,,,6652.439024390244,6337.975627953246,,2425.569176882662,2227.344510546241,,,,1970.93023255814,2044.6917808219175,3604.1015625,,,2814.125799573561,2216.810344827586,3882.2368421052633,,,,2439.0243902439024,3279.320987654321,,,,,,,,,,,,,,1157.0,,1930.1765650080256,1706.6666666666667,,,,1566.6666666666667,,1853.3333333333333,1448.3478260869565,3470.78125,4665.277777777777,2900.0,2650.677966101695,,,3286.4864864864867,,3400.0,4000.0,,,,,,,,,,,,,,412.0,972.0,1080.0,768.0,,,10.0,,488.0,,124.0,,1510.0,310.0,,620.0,,,470.0,,20.0,,,40.0,,,,,285.2,,,328.0,1608.4,,571.0,4622.5,,,,516.0,5256.0,512.0,,,1876.0,232.0,608.0,,,,164.0,648.0,,,,,,,,,,,,,,1400.0,,3115.0,210.0,,,,120.0,,120.0,1150.0,1280.0,360.0,270.0,590.0,,,555.0,,300.0,132.5,,,,,,,,,,,,,,34.0,24.0,23.0,20.0,,,1.0,,15.0,,7.0,,32.0,7.0,,9.0,,,7.0,,1.0,,,1.0,,,,,8.0,,,11.0,47.0,,14.0,55.0,,,,4.0,24.0,12.0,,,68.0,14.0,14.0,,,,6.0,31.0,,,,,,,,,,,,,,45.0,,56.0,3.0,,,,2.0,,7.0,24.0,42.0,17.0,7.0,12.0,,,11.0,,5.0,2.0,,,,,,,,,,,,,2023,1159.2402,kamis
2023-04,,,,,,,13.296249999999999,50.6875,392.8,1320.0049999999999,94.9,11575.555555555557,9.0,9622.183907866964,14639.7,134.0,3.0,10265.999397013704,16513.225677419356,9206.454415324046,4889.0,124.0,9626.7,57.0,8.0,69.0,1602.112676056338,2800.848821353454,,,3128.669964296659,,3912.9383830551446,3014.583333333333,2250.2272322609747,2676.5625,1489.2857142857142,3583.492331061469,2801.342551287052,2734.8928100005546,1136.0,14562.89,,,296947.0,,18932.0,288.0,26608.0,1536.0,224.0,154352.0,20512.0,126153.0,2.0,36.0,,,115.0,,34.0,2.0,34.0,4.0,2.0,185.0,19.0,92.0,,4363.355873441467,4125.973030733945,4988.820923855727,3844.19849557126,4094.237650046168,,3533.228747710767,6362.951807228916,3193.432574430823,,3492.501675719776,2928.695652173913,3684.8937844217153,,2095.0116666666668,,,2255.359913089701,2433.9362310772167,,2104.406828298612,2409.629773547881,2206.925286018237,,2133.7768158282206,,2188.0459735632185,,,,4333.9826191189695,,,,,,,,,6306.476192516369,1166.5041145992077,,1097.660117775809,1160.0537634408602,1077.9824935663073,,1037.6671035386632,,1013.5068657963884,,,,,1224.102795590814,1602.112676056338,2800.848821353454,,,3128.669964296659,,3912.9383830551446,3014.583333333333,2250.2272322609747,2676.5625,1489.2857142857142,3583.492331061469,2801.342551287052,2734.8928100005546,,,,,,,,,,,,,,,,,,,,,,,,,,,1678.7972477329974,1957.6984281122336,,1667.9040256006306,,,,,2075.4985111607143,,,,1872.8341013824884,1852.5621118012425,2439.6988006494066,,5441.018766756032,1829.6671433061124,2202.7903344789847,2330.823574587332,1784.6774193548388,2583.24837648251,1987.9517758904703,1550.889309236948,1914.2319801351352,,2425.1848280295726,,,,,2615.8687914043703,,2780.203932993445,,,,,,,2332.7839276210752,,50909.25,10900.0,4741.0,84900.0,12996.0,,28503.0,3984.0,11420.0,,46577.0,2300.0,2542.0,,30000.0,,,75250.0,104900.0,,57600.0,127400.0,65800.0,,81500.0,,8700.0,,,,20422.44,,,,,,,,,2067.98,6562.0,,38378.0,7440.0,53612.29,,3815.0,,28714.95,,,,,57786.175,1136.0,14562.89,,,296947.0,,18932.0,288.0,26608.0,1536.0,224.0,154352.0,20512.0,126153.0,,,,,,,,,,,,,,,,,,,,,,,,,,,238200.0,930200.0,,507800.0,,,,,22400.0,,,,86800.0,20125.0,89490.93,,1492.0,202050.0,52081.0,455875.0,9300.0,15788.25,64348.0,6225.0,37000.0,,6222.0,,,,,121364.0,,13730.0,,,,,,,56370.0,,77.0,3.0,5.0,73.0,15.0,,18.0,9.0,2.0,,50.0,2.0,17.0,,28.0,,,47.0,25.0,,30.0,70.0,26.0,,23.0,,5.0,,,,6.0,,,,,,,,,4.0,3.0,,4.0,6.0,16.0,,3.0,,19.0,,,,,36.0,2.0,36.0,,,115.0,,34.0,2.0,34.0,4.0,2.0,185.0,19.0,92.0,,,,,,,,,,,,,,,,,,,,,,,,,,,21.0,82.0,,36.0,,,,,15.0,,,,4.0,5.0,62.0,,24.0,42.0,53.0,96.0,5.0,39.0,23.0,3.0,19.0,,36.0,,,,,72.0,,8.0,,,,,,,13.0,,4871.091445427729,4195.890410958904,6168.934911242603,5004.966571155683,,,4231.601731601731,,4015.0510204081634,,8500.0,,2475.0230414746543,2190.903225806452,,2411.386138613861,,,2521.428571428572,,1746.938775510204,1891.8110236220475,,,,,,,4878.048780487805,,,,5226.898560513319,,839.9280575539568,986.6368881444258,,,,,1205.2546483427648,1901.8041237113405,,,2466.323529411765,2251.790633608816,3427.6,,,,1794.1176470588234,2327.1689497716893,,,,,,,,,,,,,,3227.2727272727275,,2546.875,,,,,,,1765.4166666666667,1171.428571428571,2293.3182971525234,3266.324786324786,2400.0,2602.1052631578946,,,,,1878.3183183183185,,,3846.153846153846,,1784.891706286318,2578.2537067545304,,,2069.70297029703,,,,,,678.0,438.0,676.0,1047.0,,,462.0,,392.0,,30.0,,2170.0,1550.0,,1010.0,,,420.0,,980.0,1270.0,,,,,,,49.2,,,,2368.9,,1112.0,5373.0,,,,,4948.0,970.0,,,2040.0,363.0,500.0,,,,68.0,876.0,,,,,,,,,,,,,,55.0,,320.0,,,,,,,240.0,210.0,1773.5,585.0,820.0,1805.0,,,,,1665.0,,,13.0,,3786.0,607.0,,,505.0,,,,,,33.0,16.0,19.0,27.0,,,6.0,,15.0,,3.0,,45.0,17.0,,14.0,,,6.0,,14.0,14.0,,,,,,,2.0,,,,43.0,,17.0,44.0,,,,,22.0,24.0,,,70.0,15.0,14.0,,,,2.0,31.0,,,,,,,,,,,,,,3.0,,7.0,,,,,,,4.0,10.0,54.0,30.0,18.0,36.0,,,,,30.0,,,1.0,,35.0,16.0,,,4.0,,,,,2023,1159.2402,kamis
2023-05,,,,,,,18.518145161290324,228.125,435.525,1328.205,97.9,10415.555555555557,9.0,9439.234599719588,14407.4,133.0,3.0,10659.302250363296,15349.13294797688,8484.078287674474,5780.4,173.0,8454.0,52.0,9.0,72.0,2125.0,2646.843606615936,,,2753.0103857336344,,3864.198948182711,7093.827160493827,2125.4491569817865,3625.969387755102,296.875,3242.0896547493976,2472.0282199950507,2751.8036746021307,832.0,11365.89,,,318213.63,,32576.0,16.2,18448.0,3920.0,512.0,158957.0,16164.0,121648.0,3.0,27.0,,,126.0,,48.0,2.0,29.0,13.0,2.0,167.0,23.0,85.0,,3557.024456880278,2993.010925245901,4316.934427710843,2628.701134880222,2967.096667263931,,2312.957610110636,3684.866673333333,2585.217917815775,,2628.679895992225,,3248.0355497170576,1559.2592592592594,2105.5726386980105,,1490.0000068376066,1990.9451929326883,1993.45434402834,,1743.7612783576362,2168.139298288347,2099.050649132948,,1785.8221895504253,,1641.5555477777775,,,,5534.5898470151005,,,,,,,,,5346.707273661716,1605.9612335365334,,,1049.1171384430177,1373.972689423991,,1469.642857142857,,1501.6303962041386,,,2600.0,,1640.5973890712198,2125.0,2646.843606615936,,,2753.0103857336344,,3864.198948182711,7093.827160493827,2125.4491569817865,3625.969387755102,296.875,3242.0896547493976,2472.0282199950507,2751.8036746021307,,,5032.142857142857,3084.8846495577923,,,5811.825512890801,1979.1666666666667,,,,,17622.54890784314,18753.82804894305,,5244.473632038065,,,,,,,17256.219521413168,,,,1881.5305143617024,2168.9555375573686,,2068.032053459025,,,,1896.3063243243244,2948.8344429079416,,,,,1401.5056739805827,2268.8136511230286,,5202.127659574468,1787.6610945712275,1845.6712228687036,1893.7661467389803,1989.0071291172028,2074.295003004808,1694.8994175838347,1486.226707925072,1946.8843067074604,,1931.4249047855608,1548.3706267942916,,2162.903752668537,,2121.513871248247,,1770.0875165125494,1667.9079497907949,1927.063597709914,1937.3827122668608,2111.39955471724,,,2002.4233577453683,,60390.0,15250.0,1992.0,115673.0,5581.0,,24766.0,9000.0,3626.0,,60707.0,,6185.0,8100.0,55300.0,,11700.0,179078.0,98800.0,,130300.0,151900.0,86500.0,,246900.0,,9000.0,,,,4665.820000000001,,,,,,,,,14768.16,316109.0,,,9968.0,51477.64,,3360.0,,134429.565,,,500.0,,2430866.0,832.0,11365.89,,,318213.63,,32576.0,16.2,18448.0,3920.0,512.0,158957.0,16164.0,121648.0,,,4480.0,104702.0,,,28819.0,3456.0,,,,,1020.0,5026.25,,403.52,,,,,,,2434.25,,,,282000.0,1176600.0,,232739.0,,,,7400.0,5062.0,,,,,25750.0,68431.0,,376.0,153685.75,63764.0,797082.0,115825.0,46592.0,116300.0,34700.0,106225.0,,6039.0,143859.0,,864144.0,,1057539.0,,24224.0,95122.0,77377.0,26111.0,29159.0,,,263777.0,,114.0,9.0,2.0,78.0,8.0,,31.0,23.0,2.0,,59.0,,15.0,7.0,41.0,,5.0,61.0,32.0,,54.0,67.0,43.0,,62.0,,7.0,,,,5.0,,,,,,,,,5.0,12.0,,,6.0,17.0,,4.0,,34.0,,,3.0,,82.0,3.0,27.0,,,126.0,,48.0,2.0,29.0,13.0,2.0,167.0,23.0,85.0,,,2.0,75.0,,,12.0,4.0,,,,,5.0,36.0,,9.0,,,,,,,43.0,,,,28.0,106.0,,30.0,,,,2.0,7.0,,,,,5.0,35.0,,7.0,55.0,29.0,123.0,10.0,56.0,26.0,23.0,54.0,,29.0,28.0,,195.0,,182.0,,12.0,17.0,21.0,8.0,9.0,,,67.0,,2170.391595033429,3201.530612244898,3573.6095346197503,3263.6606546426187,,2313.6363636363635,,,3066.145833333333,3328.5714285714284,,2181.25,2364.2738589211617,1915.5347091932456,,2044.6231155778892,,1327.2727272727273,2343.75,,1678.274647887324,2081.100917431193,,6125.0,,,,,,,,,5374.093605800923,,1153.4313725490197,1187.281964436918,,,,,1331.3815789473683,2003.883630289532,,,2649.1046557898926,2072.1208023439262,4146.166666666667,,,,2350.0,2280.3030303030305,,575.0,,,,,,,,,,,,2556.6666666666665,,2603.125,,,,,,,3465.0,,1938.1909547738692,2046.7123287671236,2272.3076923076924,2147.9761904761904,,,1879.8581560283687,,1677.097288676236,,1859.2302498311951,2109.387121799845,,2193.316035288012,1793.0863114814003,866.4626915231726,,807.6899128268991,,2220.338983050847,,,,1047.0,1372.0,3524.0,1497.0,,132.0,,,768.0,175.0,,160.0,2410.0,2665.0,,1990.0,,220.0,320.0,,1420.0,1090.0,,32.0,,,,,,,,,1820.4,,816.0,5905.0,,,,,6080.0,1796.0,,,1256.5,443.7,600.0,,,,196.0,462.0,,4.0,,,,,,,,,,,,150.0,,320.0,,,,,,,50.0,,995.0,1460.0,3055.0,1680.0,,,705.0,,3135.0,,7405.0,1289.0,,9635.0,13683.0,21081.0,,35332.0,,590.0,,,,21.0,31.0,59.0,33.0,,3.0,,,17.0,3.0,,3.0,60.0,36.0,,23.0,,2.0,4.0,,25.0,17.0,,2.0,,,,,,,,,32.0,,20.0,51.0,,,,,25.0,35.0,,,51.0,23.0,13.0,,,,7.0,20.0,,1.0,,,,,,,,,,,,6.0,,12.0,,,,,,,2.0,,24.0,32.0,68.0,29.0,,,16.0,,53.0,,29.0,14.0,,38.0,42.0,30.0,,53.0,,2.0,,,2023,1159.2402,kamis
2023-06,,,,,,,22.651271186440677,188.95,436.2375,1296.7142857142858,100.7,12577.0,9.0,13093.028824497256,8752.0,100.0,3.0,15348.870529792746,10339.70588235294,11891.087032722044,3088.0,102.0,5562.0,34.0,10.0,56.0,2797.5928134715023,3700.761339943343,,,3147.5404774143653,,3946.1732643496234,1331.1688311688313,3061.7488569047623,3982.7126535052375,,3702.4470299964814,3432.740547846889,2777.608650428096,6176.0,11296.0,,,263796.0,,45489.0,30.8,16800.0,9928.0,,218859.0,13376.0,100912.0,7.0,29.0,,,107.0,,73.0,6.0,29.0,16.0,,225.0,28.0,69.0,,3633.2956133342095,2990.028771564545,,3114.975653653123,2990.8396946564885,,3444.6990401283383,2619.3243869398448,,,2583.4159904262733,1936.0437524416136,,1380.1,1397.4342105263158,968.248407643312,,1404.1150804942831,1304.495039157706,881.0620024622716,1199.022670031881,1262.8260559980806,1604.737252549575,850.0,1464.1058525463875,1307.659574468085,1160.5454545454545,,,,5814.680186212614,,,,,,,9343.169126917714,,6356.796312767851,1076.2087448577288,1409.9787577494692,1212.460959749833,1249.567055194805,1364.2338418150937,,1351.594746716698,,1418.8430153655083,,,2600.0,,1440.0548024457655,2797.5928134715023,3700.761339943343,,,3147.5404774143653,,3946.1732643496234,1331.1688311688313,3061.7488569047623,3982.7126535052375,,3702.4470299964814,3432.740547846889,2777.608650428096,2000.0,,2798.3604666637093,2987.341710066893,,,3820.0152708831824,2493.4210526315787,,3113.9864864864867,,,9553.792956579216,11037.582854584589,10035.12581801603,5054.297711642058,5022.02790437526,,3678.4982935153594,4545.09176468713,,2071.613545816733,6973.912710080861,4792.894252545825,4954.078275241714,,2116.588505687895,2444.72685291496,,2231.030143847294,,,,619.375,2122.1739130434785,,,,,,2276.441685775778,1208.2608695652175,,1538.0744337662336,1663.9290161068045,1879.9137465339377,2236.38902216226,1973.953188688168,1998.0163903942,1958.323611352254,1866.826116481732,,2393.9794032215477,1585.815972131797,,1611.561883367474,,1719.7916088107424,,,2033.4067100846376,1741.319260257574,1467.9215637220148,,926.806328964242,,1505.283105482108,,30388.0,28577.0,,60373.0,3275.0,,22129.0,10689.0,,,66014.0,11775.0,,20000.0,38000.0,15700.0,,216475.0,111600.0,251800.0,94100.0,208400.0,70600.0,800.0,253300.0,9400.0,27500.0,,,,3136.2,,,,,,,21510.0,,2473.4,1027756.0,94200.0,447700.0,6160.0,69995.29999999999,,4264.0,,136011.77000000002,,,3600.0,,3142688.9,6176.0,11296.0,,,263796.0,,45489.0,30.8,16800.0,9928.0,,218859.0,13376.0,100912.0,1280.0,,28178.75,85061.0,,,56002.0,6080.0,,9472.0,,,4917.0,14518.75,10418.5,31882.25,39056.42,,1465.0,29800.75,,3012.0,180707.6442,6137.5,5197.25,,205700.0,830200.0,,269800.0,,,,9600.0,2300.0,,,,,,29707.6875,2300.0,,55825.0,58050.0,760950.0,138975.0,52865.0,110350.0,119800.0,184750.0,,11361.0,393818.0,,4719704.0,,1251949.0,,,153124.0,124469.0,107200.0,,74081.0,,644223.0,,62.0,19.0,,73.0,2.0,,18.0,19.0,,,64.0,3.0,,12.0,30.0,9.0,,74.0,40.0,36.0,40.0,106.0,39.0,2.0,76.0,5.0,23.0,,,,4.0,,,,,,,49.0,,3.0,18.0,8.0,8.0,4.0,11.0,,5.0,,34.0,,,2.0,,78.0,7.0,29.0,,,107.0,,73.0,6.0,29.0,16.0,,225.0,28.0,69.0,2.0,,15.0,53.0,,,11.0,4.0,,4.0,,,26.0,65.0,63.0,92.0,59.0,,18.0,64.0,,11.0,454.0,7.0,24.0,,14.0,72.0,,10.0,,,,3.0,2.0,,,,,,43.0,3.0,,24.0,8.0,155.0,12.0,56.0,30.0,30.0,85.0,,29.0,82.0,,767.0,,255.0,,,36.0,43.0,32.0,,12.0,,119.0,,1477.2727272727273,2715.496254681648,3320.02688172043,3926.0325406758448,,2952.3809523809523,3166.6666666666665,,3249.436936936937,2630.3030303030305,,1216.8478260869565,1159.901295496607,1092.1610169491526,,1065.5172413793102,,1020.7792207792209,1050.0,,1337.6824034334763,1115.275590551181,,,,8500.0,,,5417.448405253283,,,11554.022988505749,5210.405508798776,,1151.639344262295,1451.9984700707591,,,,,1840.004553734062,1738.2061298076924,2500.0,,3270.7212055974164,1859.7549114958176,4039.8496240601503,3750.0,,,3215.909090909091,2916.6666666666665,,,3100.7246376811595,,4954.269972451791,4783.94495412844,3946.3414634146334,,3274.076755973932,,2386.5855610693134,3796.875,,3092.3076923076924,,2700.0,,,,,,,2572.5,,2170.091743119266,2155.5855855855857,2429.3388429752067,1808.0,,,2495.900383141762,,1730.110864745011,2534.6341463414637,2136.7381649815743,1426.6445811642216,,1871.464108031272,1202.2474658260185,581.5334773218143,,1005.5953195991784,,1248.501607717042,,1368.6246159407194,,176.0,2136.0,1488.0,799.0,,504.0,192.0,,888.0,165.0,,920.0,1621.0,3304.0,,1450.0,,1540.0,440.0,,2330.0,1270.0,,,,40.0,,,213.2,,,435.0,522.8,,244.0,5229.0,,,,,4392.0,1664.0,52.0,,929.0,514.1,532.0,20.0,,,88.0,180.0,,,1242.0,,1089.0,218.0,102.5,,4143.0,,3123.5,544.0,,65.0,,320.0,,,,,,,40.0,,545.0,1110.0,1210.0,225.0,,,2610.0,,4510.0,205.0,10583.0,2113.0,,8442.0,36797.0,20372.0,,32134.0,,7775.0,,5533.0,,4.0,48.0,26.0,19.0,,5.0,3.0,,29.0,3.0,,7.0,41.0,56.0,,20.0,,14.0,6.0,,62.0,18.0,,,,4.0,,,8.0,,,10.0,9.0,,7.0,32.0,,,,,18.0,33.0,1.0,,52.0,31.0,11.0,1.0,,,7.0,14.0,,,53.0,,24.0,12.0,6.0,,170.0,,132.0,14.0,,6.0,,7.0,,,,,,,2.0,,11.0,34.0,32.0,5.0,,,65.0,,70.0,4.0,47.0,10.0,,31.0,91.0,27.0,,69.0,,30.0,,24.0,2023,1159.2402,kamis
2023-07,,,,,,,26.025321888412016,675.9125,443.8125,1286.304761904762,103.4,34155.333333333336,9.0,26513.5888953648,9471.0,118.0,3.0,31922.146462496108,37707.916541666666,23519.04963583252,3213.0,96.0,6162.0,40.0,6.0,72.0,5907.055537780589,6337.187540431702,6584.800455985916,,8360.145574742499,5413.759689922481,9096.480479926946,,6061.187632409793,9068.714466259926,5327.350427350428,9372.199632057214,7181.904489051095,7656.121571746635,12652.0,24832.0,2272.0,,151115.5,1032.0,29567.0,,12416.0,14956.25,936.0,162759.0,7124.0,48957.0,24.0,32.0,6.0,,102.0,3.0,86.0,,23.0,48.0,7.0,242.0,20.0,53.0,,5172.491614629795,2518.2882555817755,6500.0,3553.9282967835684,,4260.9889974358975,3421.53125625,4485.257928332619,5003.432935658915,3658.974358974359,4454.7284260456645,,5218.54569852941,1530.4347826086955,1940.359451584507,,,1417.797004101716,2253.3874959913323,1183.8287578471975,1505.7386168634062,1277.939235702259,1885.2731351170569,670.4008221993834,2522.183781069364,1809.0625,1870.5747206896556,,6513.3022210865465,,11978.385416666666,,,7642.045454545455,11026.143344709895,,,8318.780827315577,,11255.47239090524,1106.516722841587,1117.7388963660835,,1476.6580801944108,1372.8386506554707,,1775.0,,1590.9482150548988,,,,,1044.8974718908637,5907.055537780589,6337.187540431702,6584.800455985916,,8360.145574742499,5413.759689922481,9096.480479926946,,6061.187632409793,9068.714466259926,5327.350427350428,9372.199632057214,7181.904489051095,7656.121571746635,,,2672.2335949433964,2497.927624675464,,,2395.2767342557254,1892.295556603773,,2660.282258064516,,2553.676470588235,,3836.879139072848,,4117.492105183034,3885.3362957710697,3287.12125,2174.178746381805,3862.8049136121,3518.181818181818,2947.453599040867,4892.2793858733685,3802.82904270424,3242.9663033947136,,3358.5679216770186,2267.80753033156,,2097.410972227772,,,,,,,,,3141.059738888888,,1903.4300274402196,2706.25,,1015.799012468828,,2248.9712192384145,1989.687379082321,1631.6953646882,1978.3985684931504,2189.236582355792,1810.854953420964,,1488.8417558096644,378.1622441394655,2145.739910313901,1024.7316322427605,,1355.6253577467153,,600.4830132592232,810.944405130946,1066.919413379676,1112.3000035411585,,,,1337.4052756415283,,6726.0,5509.0,932.0,25463.0,,3900.0,9600.0,11665.0,6450.0,975.0,57069.0,,408.0,2300.0,56800.0,,,123058.25,92300.0,680657.0,59300.0,93249.0,89700.0,3892.0,138400.0,3200.0,2900.0,,9001.0,,1920.0,,,176.0,1465.0,,,178638.0,,566.48,107996.0,5944.0,,13168.0,34622.44,,2400.0,,18944.0,,,,,221814.0,12652.0,24832.0,2272.0,,151115.5,1032.0,29567.0,,12416.0,14956.25,936.0,162759.0,7124.0,48957.0,,,52050.75,93210.0,,,33536.0,3392.0,,7936.0,,5440.0,,9664.0,,42697.0,77744.25,880.0,5804.0,39340.0,1936.0,19184.0,98264.75,16093.25,1995.75,,161000.0,488600.0,,300300.0,,,,,,,,,50400.0,,5102.0,180.0,,10025.0,,641425.0,37050.0,35263.0,25550.0,103150.0,74175.0,,5422.0,200451.0,892.0,3356325.5,,882303.0,,156344.0,140325.0,247719.0,536830.0,,,,178558.0,,21.0,2.0,2.0,45.0,,6.0,12.0,18.0,2.0,3.0,66.0,,3.0,4.0,38.0,,,56.0,19.0,158.0,44.0,65.0,56.0,8.0,67.0,5.0,8.0,,28.0,,17.0,,,6.0,13.0,,,307.0,,6.0,7.0,2.0,,7.0,10.0,,2.0,,17.0,,,,,42.0,24.0,32.0,6.0,,102.0,3.0,86.0,,23.0,48.0,7.0,242.0,20.0,53.0,,,18.0,31.0,,,8.0,2.0,,6.0,,4.0,,39.0,,88.0,135.0,4.0,33.0,133.0,6.0,72.0,367.0,38.0,9.0,,30.0,40.0,,13.0,,,,,,,,,3.0,,4.0,2.0,,18.0,,178.0,5.0,45.0,23.0,38.0,46.0,,23.0,45.0,2.0,401.0,,125.0,,49.0,24.0,57.0,79.0,,,,40.0,,3333.333333333333,5018.267419962335,,6049.183006535948,,3479.1666666666665,4520.833333333333,,4843.683083511777,,8000.0,887.5,1653.9980576238263,1740.6672678088369,,1263.728813559322,,1968.421052631579,1240.921169176262,,1843.0787589498807,1201.1842105263158,,8406.060606060606,,8704.31654676259,,,14027.777777777776,,,9530.219146482124,13841.369047619048,,776.829268292683,1334.6650276582668,,,,,1595.2459016393443,1592.5925925925926,1757.377049180328,,8629.895561357702,6912.5,13901.315789473683,4500.0,,,3700.0,6050.342465753424,,7150.0,2860.8874522480164,,2868.4397163120566,3424.6153846153848,,,3281.6822712171547,,2986.629359448386,3848.47132336532,,,,3200.0,,,,,,,3150.0,,,1809.57587615814,,,,,1832.9901960784316,,1700.0,1770.6666666666667,719.1813804173355,1200.0,,1031.12179801747,796.9532255757402,900.5656445370646,,823.7372917140351,,809.0425531914893,,1384.6258042668474,,120.0,531.0,,612.0,,696.0,96.0,,467.0,,30.0,440.0,3089.0,554.5,,1770.0,,190.0,225.8,,838.0,760.0,,330.0,,278.0,,,144.0,,,1734.0,336.0,,164.0,3254.0,,,,,2440.0,702.0,488.0,,766.0,80.0,152.0,30.0,,,140.0,292.0,,20.0,1701.5,,564.0,390.0,,,6622.0,,5003.5,2240.5,,,,20.0,,,,,,,10.0,,,1737.7,,,,,2040.0,,865.0,225.0,3738.0,440.0,,20378.0,6991.0,6718.0,,30787.0,,6768.0,,2953.0,,7.0,17.0,,21.0,,9.0,3.0,,21.0,,3.0,4.0,46.0,20.0,,43.0,,2.0,7.0,,33.0,9.0,,11.0,,2.0,,,6.0,,,58.0,10.0,,4.0,26.0,,,,,9.0,14.0,8.0,,42.0,8.0,6.0,1.0,,,8.0,17.0,,2.0,75.0,,7.0,13.0,,,203.0,,247.0,81.0,,,,2.0,,,,,,,1.0,,,45.0,,,,,36.0,,20.0,3.0,14.0,1.0,,77.0,10.0,10.0,,72.0,,27.0,,8.0,2023,1159.2402,kamis
2023-08,,,,,,,26.927016129032257,242.975,418.4,1318.4727272727273,103.2,25195.33333333333,9.0,13392.297298537424,10461.0,89.0,3.0,13381.57230934768,26203.835616438355,13270.45400485568,2974.0,73.0,7414.0,32.0,6.0,51.0,3961.269258250825,3109.88720449754,7373.717888461538,,4395.458011142061,5279.422727653631,6033.445764504535,14375.000000000002,2730.990668908228,4571.507756894987,3936.40350877193,5890.582075956353,4044.721827765207,2265.8572147148534,9696.0,5692.0,1040.0,,140728.0,1432.0,35058.0,0.8,10112.0,12953.25,912.0,141318.0,7513.0,129828.0,17.0,21.0,2.0,,91.0,5.0,91.0,2.0,19.0,39.0,7.0,205.0,17.0,56.0,,6813.467206405695,,,4323.011308412187,,5872.862028791774,,5565.187859712231,4624.568512115732,4614.705882352941,5316.025462459721,,4565.909090909091,870.4761904761905,2097.843548245243,,,1757.2545217838951,2266.166665862069,1499.400859488847,1555.4564416275432,1027.9674064474143,1683.676129850746,1240.0,1757.5882388916136,2179.9193548387098,,,5937.884711471879,,7356.565787357095,,,7107.692307692308,7407.603049725846,2500.0,3562.6190632595417,7443.914759749156,,10982.954545454546,,,,1875.8495145631068,1825.9742298311255,,,1355.5555555555557,2000.6835713460428,,,,,1996.7338530414409,3961.269258250825,3109.88720449754,7373.717888461538,,4395.458011142061,5279.422727653631,6033.445764504535,14375.000000000002,2730.990668908228,4571.507756894987,3936.40350877193,5890.582075956353,4044.721827765207,2265.8572147148534,,,4822.200476301451,3891.158876708428,,,3863.392857142857,3449.425048363096,,2742.2098976109214,,,,7056.201550387597,,6284.21513004011,4482.781678368438,,4845.2282157676345,4499.144731568045,,5386.967793064621,5648.556368563685,,3160.0,,2469.8601665321416,2536.171742787474,,2556.082911713102,,,2897.3065404089,1920.0470588235291,,,1335.7142857142858,,2420.687498473054,,,,,,4624.166666666667,3391.433111286949,,,3989.0897849462367,3274.356689389353,2552.8513513513512,,,3334.6923878611174,4011.010915994305,2898.683067096891,,2775.615354174911,,3957.300013581421,1410.8652198743575,2779.249036429193,1433.966104621756,2165.1208901166005,,,2909.9641159544235,,11240.0,,,9617.0,,9725.0,,3336.0,13825.0,3825.0,158896.0,,1760.0,2100.0,59125.0,,,36908.0,29000.0,303862.0,63900.0,89121.0,33500.0,700.0,203900.0,6200.0,,,60365.0,,14870.0,,,260.0,10578.0,45.0,7611.5,392752.0,,352.0,,,,3296.0,29236.51,,,270.0,20772.0,,,,,60470.0335,9696.0,5692.0,1040.0,,140728.0,1432.0,35058.0,0.8,10112.0,12953.25,912.0,141318.0,7513.0,129828.0,,,153617.0,28096.0,,,6272.0,10752.0,,18752.0,,,,2064.0,,37896.0,2243.25,,964.0,13397.25,,116345.5,2398.5,,160.0,,1040700.0,389600.0,,1620087.5,,,166300.0,8500.0,,,700.0,,334000.0,,,,,,1200.0,810086.0,,,20925.0,155278.0,37000.0,,,86433.0,10535.0,275825.0,,12635.0,,22089.0,21012.0,8043.0,58917.0,104802.0,,,79514.0,,36.0,,,14.0,,7.0,,11.0,2.0,7.0,145.0,,8.0,3.0,48.0,,,33.0,21.0,138.0,50.0,46.0,25.0,4.0,99.0,7.0,,,95.0,,33.0,,,5.0,37.0,2.0,13.0,292.0,,2.0,,,,4.0,14.0,,,2.0,13.0,,,,,36.0,17.0,21.0,2.0,,91.0,5.0,91.0,2.0,19.0,39.0,7.0,205.0,17.0,56.0,,,36.0,14.0,,,6.0,9.0,,5.0,,,,9.0,,56.0,12.0,,19.0,54.0,,228.0,31.0,,3.0,,115.0,29.0,,132.0,,,26.0,8.0,,,4.0,,30.0,,,,,,4.0,250.0,,,25.0,66.0,19.0,,,18.0,12.0,126.0,,4.0,,21.0,10.0,15.0,27.0,6.0,,,16.0,,,6026.9503546099295,,7273.182957393484,,,,,5809.734513274337,,8000.0,,1065.606361829026,1798.1574539363485,,1436.5573770491803,,1280.0,1228.9156626506024,,1754.9862258953167,,,6273.427166355774,,7215.912339209147,,,6610.951008645533,,,8863.359834082268,9675.9697256386,,1624.06015037594,1985.5398333010276,,,,,1862.8048780487804,3042.1052631578946,1809.2307692307693,,5648.825065274152,7848.396501457727,9951.612903225809,,,,2729.5454545454545,4504.566210045662,,2706.25,5705.99173553719,,,4418.75,,,5704.141104294478,6527.6,5702.2028402102205,6635.338785046729,,1973.1161473087816,,1966.5531914893616,2687.719298245614,,,,2517.3076923076924,,2648.0,,,4524.75,,5555.555555555556,2198.1481481481483,,,2770.0,2603.31983805668,,2968.937036150347,,,,,,,2029.7747747747749,,3818.181818181818,,,,,141.0,,399.0,,,,,339.0,,22.0,,503.0,1194.0,,1220.0,,150.0,166.0,,1815.0,,,5897.0,,2099.0,,,347.0,,,8679.0,634.2,,532.0,2579.5,,,,,1640.0,304.0,130.0,,766.0,34.3,124.0,,,,88.0,438.0,,64.0,484.0,,,128.0,,,1956.0,3500.0,4471.5,1712.0,,3530.0,,1175.0,570.0,,,,260.0,,1875.0,,,1600.0,,225.0,540.0,,,400.0,1235.0,,8354.0,,,,,,,2220.0,,638.0,,,,,5.0,,14.0,,,,,6.0,,1.0,,20.0,16.0,,28.0,,4.0,6.0,,43.0,,,123.0,,45.0,,,10.0,,,170.0,15.0,,14.0,20.0,,,,,8.0,7.0,2.0,,38.0,3.0,4.0,,,,5.0,33.0,,3.0,23.0,,,4.0,,,53.0,40.0,164.0,30.0,,43.0,,12.0,6.0,,,,11.0,,26.0,,,25.0,,6.0,8.0,,,6.0,13.0,,26.0,,,,,,,7.0,,9.0,,,2023,1159.2402,kamis
2023-09,,,,,,,23.047916666666666,178.6375,372.7375,1329.4736842105262,99.7,26010.33333333333,9.0,22027.6167364256,13293.4,126.0,3.0,22962.58523285811,41327.47368421053,21129.615883653445,4419.0,190.0,8684.4,47.0,8.0,71.0,4681.1097491789815,6362.977981556547,9082.35294117647,,6382.026086603701,4726.275510204082,8235.208908984083,6468.29268292683,5376.652630130597,6577.183122121896,3863.698630136986,8708.370268055312,7441.466129010695,5868.891719825252,9744.0,9868.0,272.0,,278500.8,1176.0,37444.0,16.4,17152.0,17720.0,1168.0,177247.0,5984.0,110788.0,23.0,31.0,2.0,,134.0,5.0,102.0,2.0,25.0,52.0,13.0,240.0,22.0,77.0,,8896.382587369711,,9250.0,7814.420246395806,8835.545722713865,8165.385897536946,,8101.377037037037,7330.540678696743,5049.999975,7274.9339730254915,6241.541353383459,5863.636363636364,,3178.8385845745665,2085.0,,2475.955213187649,4031.61163490566,2173.2530672105004,2164.7132102669407,2446.3936494640125,4134.285001383413,1330.909090909091,3257.900756368821,2564.1666666666665,3453.641975308642,6382.042253521126,4635.754011050405,7938.529088913282,6026.502557871844,,4351.966460348162,5773.601147776184,6427.643033507584,5232.32573441189,3670.7240011424783,6482.98832718549,,6084.947151364836,,2837.037037037037,1845.3516224489797,1923.8033439947783,2166.793997894345,2575.2808988764045,2012.5,1535.672514619883,2345.272800765088,1976.6242246163893,,1585.0553505535056,,2230.7905336123813,4681.1097491789815,6362.977981556547,9082.35294117647,,6382.026086603701,4726.275510204082,8235.208908984083,6468.29268292683,5376.652630130597,6577.183122121896,3863.698630136986,8708.370268055312,7441.466129010695,5868.891719825252,3414.7959416909616,,3606.561625161665,2114.6626140419944,,,3115.805041152264,2677.973907724057,2262.4726856557377,1774.190402754821,,2743.4210526315787,,,,6359.65757279245,6968.323388630254,,,5249.277843158233,,5032.398743698175,,,,1317.91668125,2200.719862832057,2095.447665393244,,2085.7255294672336,1441.6049277777777,1233.3333333333333,2517.895928963856,1417.6515156862745,,,1067.34375,,1987.0712537667075,,,,,3134.954545454545,4915.8536585365855,4049.122987176583,,4125.955466932535,5495.817840013371,3078.645514909781,2984.7736540858323,,,1647.7283012037287,1322.0371618369115,2501.370076845682,,2506.852114863965,2933.6609336609336,,,3369.1760822648216,884.9124924562462,,,,1283.9988320315351,,6524.0,,861.0,3815.0,2034.0,5075.0,,1404.0,9975.0,1800.0,143580.0,3325.0,352.0,,59551.0,2000.0,,68367.0,21200.0,168679.0,48700.0,130600.0,57828.0,1100.0,105200.0,7200.0,8100.0,1136.0,105426.0,3644.0,83227.0,,4136.0,3485.0,11669.0,6459.25,27134.0,521985.25,,5547.92,,243.0,1176.0,6128.0,64787.43,356.0,112.0,513.0,30511.52,765.75,,1084.0,,56645.05,9744.0,9868.0,272.0,,278500.8,1176.0,37444.0,16.4,17152.0,17720.0,1168.0,177247.0,5984.0,110788.0,21952.0,,1700031.24,121920.0,,,31104.0,54272.0,19520.0,43560.0,,6080.0,,,,13878.5,3812.75,,,11683.75,,48240.0,,,,3200.0,1776800.0,1560100.0,,3701060.0,5400.0,1200.0,207500.0,56100.0,,,6400.0,,329200.0,,,,,572.0,4100.0,1513871.0,,3009.0,149575.0,263250.0,42525.0,,,66294.0,20774.0,121256.0,,67593.0,1628.0,,,7877.0,3314.0,,,,27398.0,,35.0,,3.0,11.0,5.0,7.0,,7.0,2.0,4.0,165.0,3.0,3.0,,54.0,3.0,,38.0,22.0,103.0,53.0,75.0,52.0,4.0,86.0,9.0,8.0,3.0,188.0,4.0,72.0,,11.0,9.0,29.0,5.0,47.0,360.0,,7.0,,2.0,2.0,5.0,38.0,2.0,3.0,3.0,22.0,5.0,,2.0,,42.0,23.0,31.0,2.0,,134.0,5.0,102.0,2.0,25.0,52.0,13.0,240.0,22.0,77.0,4.0,,236.0,43.0,,,20.0,30.0,7.0,11.0,,5.0,,,,28.0,15.0,,,30.0,,77.0,,,,3.0,195.0,146.0,,307.0,11.0,4.0,45.0,26.0,,,9.0,,65.0,,,,,6.0,12.0,340.0,,11.0,62.0,116.0,27.0,,,22.0,23.0,87.0,,57.0,2.0,,,14.0,3.0,,,,24.0,,6000.0,7599.092970521542,,8038.0952380952385,,,8223.642172523962,,8219.78672985782,,,1191.9540229885058,2789.1304347826085,2123.1028667790893,,2131.818181818182,,2609.782608695652,2771.604938271605,,2423.8571428571427,200.0,7335.227272727273,4707.351416724257,,5904.436920883821,6721.81146025878,,5366.444866920152,2916.6666666666665,,6738.886867951983,6576.6712953779015,,1775.4342431761786,2216.961223951464,,,2400.0,,2529.765311963365,2754.1666666666665,2503.8636363636365,,7447.161936560935,3330.6201550387595,14566.875,,,3071.428571428572,3421.875,5296.992481203008,,8518.75,,,,,,,6576.593658058189,,4783.854166666667,5025.131578947368,,1616.872586872587,,1639.12,2282.605633802817,1096.1538461538462,,1557.5342465753424,1923.560209424084,,1670.059880239521,1389.516129032258,4900.0,5679.25,,3871.604938271605,4706.962962962963,,3753.757225433526,,4865.384615384615,,1395.7055214723923,,,1341.5204678362572,2142.8571428571427,,,,,1881.0975609756097,,1817.745803357314,,92.0,441.0,,84.0,,,313.0,,844.0,,,870.0,460.0,1186.0,,220.0,,920.0,810.0,,700.0,10.0,2640.0,11576.0,,5612.0,2164.0,,10520.0,192.0,,10996.0,5041.0,,2418.0,5307.4,,,540.0,,3494.0,696.0,440.0,,1198.0,258.0,160.0,,,140.0,64.0,266.0,,16.0,,,,,,,1529.5,,384.0,760.0,,2590.0,,2500.0,1420.0,260.0,,730.0,1910.0,,3340.0,620.0,20.0,400.0,,405.0,1350.0,,865.0,,260.0,,1304.0,,,513.0,140.0,,,,,656.0,,417.0,,7.0,24.0,,6.0,,,7.0,,14.0,,,8.0,14.0,29.0,,9.0,,15.0,14.0,,25.0,1.0,18.0,200.0,,83.0,31.0,,143.0,2.0,,198.0,53.0,,42.0,59.0,,,3.0,,21.0,17.0,6.0,,56.0,12.0,5.0,,,2.0,2.0,16.0,,2.0,,,,,,,45.0,,24.0,15.0,,54.0,,41.0,19.0,6.0,,8.0,41.0,,74.0,7.0,1.0,10.0,,17.0,18.0,,29.0,,15.0,,5.0,,,5.0,1.0,,,,,8.0,,12.0,2023,1159.2402,kamis
2023-10,,,,,,,15.327016129032257,15.25,350.45,1350.6947368421054,98.0,20968.777777777777,9.0,19578.40018160257,5903.0,61.0,3.0,19705.421750165235,23905.0,19381.91401339443,3026.0,40.0,2837.0,29.0,3.0,29.0,4059.5238095238096,5232.647639039039,4629.411764705882,,5289.143110767768,3286.6071428571427,5651.506135296033,,4209.6648608723335,5675.750408968489,1313.0434782608695,5998.9169869369725,4116.684939393939,3986.065444206545,336.0,13320.0,544.0,,308729.25,448.0,43002.0,,15705.0,14852.0,736.0,173581.5,8580.0,112092.0,2.0,33.0,2.0,,135.0,3.0,108.0,,29.0,40.0,5.0,228.0,21.0,49.0,,6765.12371194811,6431.688385221675,5678.1021897810215,5379.87537891546,,6378.211738624558,3917.816651333947,5817.105263157895,,2277.7778,6042.4420344565215,6949.766893406594,,,2194.5152510558423,2501.6129032258063,2507.25,1868.673146369899,2309.926129916897,2076.6177739808154,2205.696405054645,1940.9959077733297,2757.7417571428573,,2538.8715228663445,2117.7419354838707,2895.141581081081,,4073.857535566584,,4676.579380336598,,4768.1816,5155.777460770328,4432.3298429319375,5356.309073400908,3445.9827725675277,4409.958851059989,,6888.464579837605,,,,1881.4263322884008,2041.3632696113305,,2278.7032418952617,1320.2594810379242,2250.2348657986618,,,2192.7461139896373,,2255.387816294969,4059.5238095238096,5232.647639039039,4629.411764705882,,5289.143110767768,3286.6071428571427,5651.506135296033,,4209.6648608723335,5675.750408968489,1313.0434782608695,5998.9169869369725,4116.684939393939,3986.065444206545,,,2771.4451945665764,1880.639869642857,,,,1852.05078125,,,2204.3010752688174,,,,,,,,,4905.694433333334,,4010.6026375,,,,1373.4552646341465,1868.447486489235,1965.950949286216,,1826.9208871529167,1338.3333333333333,1114.2354962457337,2106.3310402939906,1469.5880414531075,1199.8780479674797,1054.4131408450703,1208.484850413223,794.3243243243244,1800.9249023098885,5757.44877044968,5770.816355322991,,,5705.61797752809,7839.062546312684,8093.772149123661,,7481.69014084507,5441.981596893733,4809.769413118223,5330.599639682539,,,1648.553824470689,,1677.110070859583,,1497.034640787168,,,,,,,,,1642.0002016332292,,13567.0,10150.0,2192.0,5938.0,,4813.0,1087.0,1520.0,,450.0,82800.0,4550.0,,,53275.0,3100.0,4000.0,94350.0,36100.0,83400.0,73200.0,94181.0,45500.0,,186300.0,3100.0,22200.0,,9672.0,,21034.0,,1200.0,2804.0,3820.0,5722.0,49795.0,60944.0,,518.49,,,,5104.0,55468.412500000006,,2005.0,1503.0,27496.0,,,772.0,,93759.0,336.0,13320.0,544.0,,308729.25,448.0,43002.0,,15705.0,14852.0,736.0,173581.5,8580.0,112092.0,,,1059083.24,17920.0,,,,10240.0,,,5952.0,,,,,,,,,3600.0,,1280.0,,,,8200.0,1533962.0,1281900.0,,2499400.0,600.0,29300.0,231300.0,84481.0,12300.0,7100.0,12100.0,3700.0,385300.0,11675.0,29908.0,,,4450.0,16950.0,924300.0,,1065.0,91750.0,189050.0,56700.0,,,32684.0,,247306.0,,29676.0,,,,,,,,,29757.0,,38.0,8.0,5.0,22.0,,12.0,3.0,9.0,,2.0,111.0,3.0,,,43.0,2.0,5.0,37.0,19.0,45.0,52.0,41.0,29.0,,91.0,5.0,11.0,,42.0,,24.0,,2.0,13.0,11.0,5.0,69.0,109.0,,2.0,,,,3.0,24.0,,6.0,7.0,18.0,,,2.0,,43.0,2.0,33.0,2.0,,135.0,3.0,108.0,,29.0,40.0,5.0,228.0,21.0,49.0,,,135.0,14.0,,,,4.0,,,3.0,,,,,,,,,8.0,,2.0,,,,5.0,181.0,138.0,,183.0,4.0,26.0,39.0,30.0,17.0,15.0,20.0,6.0,55.0,6.0,30.0,,,16.0,12.0,272.0,,10.0,47.0,110.0,32.0,,,14.0,,88.0,,30.0,,,,,,,,,11.0,,4718.75,5323.841059602649,,7262.626262626262,,5502.840909090909,6064.646464646465,,5792.134831460674,,,1747.2093023255811,1981.6260162601627,1960.7142857142856,,2384.6153846153848,,2025.555555555556,1963.6054421768708,,2584.729981378026,1915.2,,4337.18085106383,,4508.88671875,5439.36170212766,3423.469387755102,4481.400282885432,,,3925.968109339408,4971.153846153846,,1707.9545454545455,1794.9025764151816,,,2500.0,2130.769230769231,2499.1916310033284,2137.6168224299067,2400.0,5000.0,4527.861445783133,3736.5,5507.0,,,,2932.692307692308,4481.481481481482,,2516.6666666666665,,,,,,,,,,,,1617.65,,1441.0071942446043,,1392.7083333333333,,1692.4528301886792,1204.7878787878788,2185.714285714286,1297.563176895307,1280.7692307692307,3200.0,5394.098360655737,,4763.519313304721,3065.714285714286,,,,4340.277777777777,,2128.113879003559,,,,1841.2711864406776,,,,,,,,,32.0,755.0,,99.0,,176.0,495.0,,534.0,,,430.0,1230.0,1680.0,,650.0,,450.0,1470.0,,537.0,250.0,,1880.0,,2048.0,940.0,490.0,5656.0,,,878.0,208.0,,1320.0,5414.5,,,480.0,104.0,4206.0,428.0,60.0,56.0,1328.0,400.0,200.0,,,,52.0,162.0,,48.0,,,,,,,,,,,,2000.0,,2780.0,,480.0,,530.0,1650.0,70.0,5540.0,130.0,120.0,305.0,,1165.0,700.0,,,,360.0,,1124.0,,,,1180.0,,,,,,,,,3.0,26.0,,3.0,,4.0,10.0,,11.0,,,5.0,30.0,35.0,,10.0,,6.0,20.0,,26.0,2.0,,47.0,,35.0,21.0,4.0,99.0,,,28.0,4.0,,26.0,42.0,,,2.0,2.0,18.0,9.0,1.0,1.0,50.0,18.0,4.0,,,,2.0,10.0,,3.0,,,,,,,,,,,,54.0,,36.0,,5.0,,9.0,19.0,3.0,124.0,7.0,5.0,9.0,,31.0,8.0,,,,21.0,,5.0,,,,10.0,,,,,,,,2023,1159.2402,kamis
2023-11,,,,,,,8.56625,88.175,310.9875,1310.390909090909,97.1,13850.0,9.0,18201.7133238255,4768.0,52.0,3.0,19439.76443421624,34540.0,16901.91886952965,2303.0,20.0,2445.0,25.0,2.0,25.0,,3256.75309,,,3156.530133447376,,3974.7758116910672,,2944.267379791976,4198.016503505697,,4294.541614715869,3185.664236213236,2827.089270793788,,10800.0,,,333210.0,,18852.0,,13460.0,4564.0,,144673.75,8704.0,92720.0,,26.0,,,119.0,,57.0,,16.0,9.0,,207.0,15.0,68.0,,5183.559542509959,5952.795739819005,,5541.954144497663,4757.894736842105,5344.121254545455,5339.58335,5700.443984962406,,,5220.575866706804,,,,2122.7364864864867,1600.0,,2606.9659216603827,2853.716054629629,1184.8148148148148,2221.683753100775,2133.933595116793,3719.52083828125,2474.939759036145,2491.4846676996426,,3033.9256198347107,,7604.166666666667,,6335.109254498715,,5710.404624277457,6720.623622302158,,,4846.335678428317,6024.070179063361,,5578.031259867382,2047.2662355952305,2308.2298307519195,2586.181991294886,2518.520942408377,2378.980817313548,,2714.173669467787,1695.7291666666667,3017.5508367817174,2332.520325203252,,2964.783653846154,,2786.9575970699034,,3256.75309,,,3156.530133447376,,3974.7758116910672,,2944.267379791976,4198.016503505697,,4294.541614715869,3185.664236213236,2827.089270793788,,,4642.550647129904,,,,,,4280.946837407839,,,,,,,,,,,,,,,,,,1843.2441360048776,2257.5444645808334,,1810.7664181232144,,,2016.268663114754,1567.031994949495,,1604.4192580270794,699.2307692307693,,1690.0,3299.728724050633,3043.811209556741,,,3511.453286437583,,2631.513035477406,3004.285714285714,3686.605208796244,2904.652122368037,2544.143312630541,2863.0572161676646,,,1427.0,,2260.8861274287187,,2095.4588324059227,,,2059.103908484271,,,,,,,,24853.0,11050.0,,34658.0,2565.0,1375.0,2400.0,3724.0,,,49830.0,,,,44400.0,1400.0,,82487.0,54000.0,8100.0,51600.0,124836.0,25600.0,4150.0,167800.0,,24200.0,,480.0,,7780.0,,692.0,556.0,,,17968.0,1452.0,,2026.88,160190.0,30216.0,11028.0,6112.0,64181.1825,,1785.0,1440.0,42532.0,984.0,,1664.0,,837583.25,,10800.0,,,333210.0,,18852.0,,13460.0,4564.0,,144673.75,8704.0,92720.0,,,303583.56,,,,,,2577.0,,,,,,,,,,,,,,,,,,902100.0,1166600.0,,1142027.0,,,48800.0,19800.0,,12925.0,6500.0,,400.0,7900.0,68831.0,,,12048.0,,661125.0,7000.0,8731.0,171450.0,126875.0,25050.0,,,20000.0,,519435.5,,21206.0,,,1835.75,,,,,,,,49.0,7.0,,47.0,3.0,4.0,2.0,16.0,,,64.0,,,,43.0,2.0,,43.0,24.0,4.0,33.0,44.0,14.0,3.0,74.0,,10.0,,4.0,,13.0,,4.0,3.0,,,25.0,5.0,,2.0,8.0,10.0,3.0,5.0,28.0,,6.0,6.0,27.0,4.0,,4.0,,63.0,,26.0,,,119.0,,57.0,,16.0,9.0,,207.0,15.0,68.0,,,84.0,,,,,,4.0,,,,,,,,,,,,,,,,,,112.0,116.0,,117.0,,,20.0,13.0,,16.0,9.0,,2.0,3.0,54.0,,,29.0,,150.0,2.0,21.0,44.0,69.0,21.0,,,3.0,,216.0,,18.0,,,6.0,,,,,,,,5544.642857142857,4404.0,3484.6153846153848,5110.526315789473,,,6100.0,,5704.417670682731,,,1052.2222222222222,1765.5670103092784,4474.81884057971,,2745.945945945946,,,,,1554.6296296296296,2296.3529411764707,,4582.758620689655,,5123.676012461059,,,5082.113821138211,,,6322.916666666667,5900.309119010819,,1778.888888888889,2071.035102289869,,,,,2747.1246006389774,2427.109266943292,2323.809523809524,,3372.2642807983484,2844.4690265486724,5391.228070175439,,,660.0,2551.2820512820517,2580.128205128205,,,,,,,,,,,,,,1310.0555555555557,,1455.6097560975609,,1180.6849315068494,,1376.923076923077,658.0246913580247,,1235.2112676056338,,3768.510638297872,4172.972972972973,,3408.032786885246,,,3168.8888888888887,,3390.6976744186045,,,1300.0,,,,,,,,,,,,112.0,575.0,52.0,684.0,,,270.0,,498.0,,,180.0,970.0,552.0,,740.0,,,,,540.0,850.0,,290.0,,642.0,,,984.0,,,96.0,258.8,,1530.0,5899.9,,,,,3130.0,1446.0,31.5,,1453.0,452.0,228.0,,,5.0,78.0,468.0,,,,,,,,,,,,,,1800.0,,1640.0,,730.0,,130.0,810.0,,710.0,,235.0,185.0,,610.0,,,225.0,,860.0,,,120.0,,,,,,,,,,,,7.0,11.0,3.0,23.0,,,8.0,,10.0,,,5.0,17.0,16.0,,11.0,,,,,18.0,13.0,,12.0,,13.0,,,22.0,,,3.0,10.0,,32.0,58.0,,,,,16.0,36.0,2.0,,55.0,15.0,6.0,,,1.0,6.0,24.0,,,,,,,,,,,,,,40.0,,26.0,,12.0,,4.0,8.0,,17.0,,8.0,2.0,,17.0,,,11.0,,21.0,,,1.0,,,,,,,,,,,2023,1159.2402,kamis
2023-12,,,,,,,3.4729838709677416,129.2125,304.0125,1303.98,99.5,11023.555555555557,9.0,6624.038667543397,7604.0,64.0,3.0,7486.705115261959,10558.260869565218,6199.83304495016,2195.0,92.0,5317.0,25.0,3.0,36.0,,2107.9374447743467,,,2877.79882947102,1193.661971830986,2535.6467675637887,,1578.9898209523808,3091.268382352941,,3474.531029537256,2096.698504957507,2051.508653676617,,6736.0,,,267089.5,1136.0,11444.0,,8400.0,2176.0,,109218.0,11296.0,79856.0,,19.0,,,107.0,2.0,36.0,,12.0,8.0,,181.0,13.0,60.0,,6992.256903939415,6240.462973333333,,6680.320307298059,7000.661489790049,,,5877.354709418838,5019.144243493604,,6115.02340453679,,,,3190.646766169154,,,2385.0500965658166,2970.784760089686,,1992.160298726115,2200.440772727273,3024.246231155779,,2059.376529828851,,2818.7735849056603,,,,5829.612285046729,,,,6102.904040404041,,,5963.068181818182,,,3042.799111475409,1990.234375,,2358.479481968811,2139.902442611214,,2777.9872389791185,1117.6470588235295,3027.931086239491,,,2409.5549738219897,,3120.074869883631,,2107.9374447743467,,,2877.79882947102,1193.661971830986,2535.6467675637887,,1578.9898209523808,3091.268382352941,,3474.531029537256,2096.698504957507,2051.508653676617,,,4503.3493631309575,,,,2407.2791819359823,,,,,,,,,,,,,,,,,,,,1897.635725765164,2214.450034459907,,1888.1976142341568,980.0,,2193.175401071976,,,,,,2148.0780517412936,3431.661874276528,3368.58222358143,,,3204.705037132709,3395.878352862849,3540.6614174685787,4271.618403285776,3379.028503064168,3502.360813180624,3720.287948577236,3137.71262180917,,3263.073684210526,1115.6059991892987,,2752.297108939958,,2666.1028723307863,,,,,,,,,,,30106.0,13500.0,,13853.0,3477.0,,,1996.0,6801.0,,26230.0,,,,20100.0,,,30342.0,22300.0,,15700.0,12100.0,19900.0,,40900.0,,10600.0,,,,3852.0,,,,1188.0,,,1056.0,,,91500.0,1536.0,,8208.0,33411.58,,3448.0,306.0,123804.65,,,1528.0,,284874.61,,6736.0,,,267089.5,1136.0,11444.0,,8400.0,2176.0,,109218.0,11296.0,79856.0,,,144978.0,,,,36271.0,,,,,,,,,,,,,,,,,,,,898500.0,1358100.0,,1253379.5,4600.0,,130600.0,,,,,,100500.0,15550.0,33925.0,,,6194.0,37550.0,495690.0,57825.0,5548.0,133150.0,24600.0,80700.0,,2375.0,12335.0,,297026.0,,33109.0,,,,,,,,,,,44.0,16.0,,26.0,7.0,,,7.0,7.0,,38.0,,,,37.0,,,21.0,12.0,,22.0,14.0,12.0,,30.0,,5.0,,,,10.0,,,,2.0,,,3.0,,,9.0,2.0,,4.0,16.0,,5.0,2.0,30.0,,,3.0,,49.0,,19.0,,,107.0,2.0,36.0,,12.0,8.0,,181.0,13.0,60.0,,,44.0,,,,12.0,,,,,,,,,,,,,,,,,,,,137.0,96.0,,122.0,5.0,,17.0,,,,,,3.0,5.0,39.0,,,14.0,18.0,93.0,10.0,15.0,6.0,22.0,50.0,,9.0,4.0,,137.0,,13.0,,,,,,,,,,,,5020.376175548589,,5340.993788819876,,,5282.945736434109,,4629.850746268657,,,,1776.3636363636365,3597.169811320755,,2514.285714285714,,2205.0,2765.7894736842104,,2134.4827586206898,,5111.111111111111,5815.789473684211,,5147.7040816326535,,,6105.577689243028,,,,8780.48780487805,,1343.5314685314686,2037.457279562543,,,,,2459.928762243989,2221.780821917808,,,2284.715639810426,3026.530612244898,3475.862068965517,,,,2433.035714285714,2433.823529411765,,,,,,,,,,,,,,1946.4285714285716,,2965.3658536585367,,,,,,,1923.076923076923,,,4214.878048780488,,3193.012048192771,,,2731.1111111111118,,3100.0,,,,,,2578.9473684210525,,,,,,,,,,319.0,,483.0,,,129.0,,335.0,,,,550.0,530.0,,350.0,,200.0,190.0,,290.0,,180.0,38.0,,392.0,,,100.4,,,,32.8,,572.0,2926.0,,,,,2246.0,730.0,,,844.0,98.0,232.0,,,,112.0,204.0,,,,,,,,,,,,,,140.0,,410.0,,,,,,,130.0,,,410.0,,830.0,,,90.0,,50.0,,,,,,779.0,,,,,,,,,,10.0,,18.0,,,5.0,,5.0,,,,13.0,11.0,,6.0,,3.0,3.0,,9.0,,3.0,2.0,,9.0,,,4.0,,,,2.0,,15.0,29.0,,,,,10.0,19.0,,,35.0,8.0,4.0,,,,3.0,13.0,,,,,,,,,,,,,,6.0,,7.0,,,,,,,2.0,,,8.0,,26.0,,,4.0,,3.0,,,,,,9.0,,,,,,,,2023,1159.2402,kamis
2024-01,,,,,,,1.6245967741935483,52.5,311.625,1323.5681818181818,101.5,18664.444444444445,9.0,15774.269481195186,9417.8,86.0,3.0,14789.880984342157,13108.020304568528,16715.500264313643,4234.3,197.0,4986.5,39.0,7.0,40.0,,4098.788516367138,3605.978260869565,,4968.049041595444,,5224.349521158587,2014.2602495543672,4065.4855065516144,4453.935185185185,,4919.4641275140175,4402.650038799344,3546.09743516767,,12464.0,368.0,,232914.69,,9736.0,112.2,12516.0,864.0,,92382.0,10361.0,93040.0,,26.0,3.0,,131.0,,29.0,2.0,15.0,6.0,,171.0,18.0,65.0,,6274.012207301796,6534.317343173432,8025.5585010732175,7118.8859926127525,7463.118374558304,,,6070.218917802561,5399.113545275943,,6201.816654898715,,,,4742.737905661414,,,4664.56181049936,4310.692757256461,,2735.5263157894738,,4614.4,,4164.382707407408,,5033.389830508475,7718.566392479436,,,,,8699.21875,,7750.0,9128.963414634149,7501.712328767123,6170.731707317073,,6443.436742327074,3526.93023255814,,,4513.494318181818,3276.7399971205564,,,2166.6666666666665,3318.5026824253077,,,2250.0,,3163.5649527463124,,4098.788516367138,3605.978260869565,,4968.049041595444,,5224.349521158587,2014.2602495543672,4065.4855065516144,4453.935185185185,,4919.4641275140175,4402.650038799344,3546.09743516767,,,6362.113844105006,,,,,,,,,,,,,,,,,,,,,,,,2021.68257959872,2246.5752747736874,,1959.7832451803836,,1362.5,1825.9176056179772,1656.1038961038962,,,,,2105.559420812521,3468.9995002247188,4084.495244386874,,5614.744801512287,4037.339399887736,3423.853924813433,4264.922463008749,4157.972413793103,4226.896539184952,5172.09634859375,,3480.475391498881,,5931.578947368421,3729.722906015275,,4140.186208462645,,4261.052631578948,,,5457.567185289958,,,,,,,,16763.0,13550.0,4193.0,30864.0,5094.0,,,4842.0,11198.0,,20536.0,,,,18211.0,,,11715.0,50300.0,,3800.0,,15000.0,,5400.0,,17700.0,3404.0,,,,,256.0,,552.0,1312.0,1752.0,328.0,,1208.47,2150.0,,,4224.0,55739.925,,,1359.0,34140.0,,,954.0,,137894.0,,12464.0,368.0,,232914.69,,9736.0,112.2,12516.0,864.0,,92382.0,10361.0,93040.0,,,12389.75,,,,,,,,,,,,,,,,,,,,,,,,1156300.0,1657000.0,,1419200.0,,400.0,8900.0,7700.0,,,,,300300.0,11125.0,23160.0,,529.0,89075.0,26800.0,262900.0,36250.0,6380.0,32000.0,,44700.0,,475.0,15843.0,,13211.0,,5700.0,,,3535.0,,,,,,,,43.0,13.0,5.0,51.0,6.0,,,10.0,5.0,,36.0,,,,19.0,,,9.0,17.0,,5.0,,10.0,,8.0,,11.0,11.0,,,,,3.0,,2.0,3.0,9.0,2.0,,5.0,2.0,,,3.0,20.0,,,2.0,23.0,,,2.0,,37.0,,26.0,3.0,,131.0,,29.0,2.0,15.0,6.0,,171.0,18.0,65.0,,,4.0,,,,,,,,,,,,,,,,,,,,,,,,124.0,90.0,,122.0,,2.0,9.0,6.0,,,,,17.0,4.0,45.0,,12.0,40.0,7.0,49.0,9.0,18.0,10.0,,33.0,,5.0,10.0,,13.0,,5.0,,,4.0,,,,,,,,,5757.175925925926,,6092.753623188406,,,,,,,,,4247.191011235955,6123.076923076923,,3684.090909090909,,,5075.0,,6500.0,,7091.463414634146,,,8645.454545454546,,,7924.739195230999,,,8800.0,5357.142857142857,,3115.2912621359224,3282.4690860553555,,,,,3129.7147651006712,3346.4201877934274,,,3883.3333333333335,2753.2258064516127,5533.928571428572,,,,5192.708333333333,3038.1516587677725,,,,,,,,,,,,,,2051.993355481728,,2757.5,,,,,,,1625.0,,4800.0,4630.542635658915,,4038.2758620689656,,,,,3298.2300884955757,,,,,,3663.2478632478633,,,,,,,,,,432.0,,759.0,,,,,,,,,89.0,260.0,,440.0,,,240.0,,100.0,,328.0,,,220.0,,,134.2,,,240.0,114.8,,824.0,3970.7,,,,,5960.0,1704.0,,,960.0,124.0,448.0,,,,192.0,422.0,,,,,,,,,,,,,,3010.0,,400.0,,,,,,,200.0,,20.0,645.0,,290.0,,,,,565.0,,,,,,468.0,,,,,,,,,,17.0,,30.0,,,,,,,,,6.0,13.0,,8.0,,,6.0,,4.0,,7.0,,,8.0,,,4.0,,,4.0,5.0,,14.0,27.0,,,,,29.0,40.0,,,48.0,4.0,13.0,,,,6.0,23.0,,,,,,,,,,,,,,56.0,,6.0,,,,,,,2.0,,1.0,18.0,,19.0,,,,,25.0,,,,,,6.0,,,,,,,,2024,1471.718,kamis
2024-02,,,,,,,4.990086206896552,114.975,316.1,1331.7368421052631,101.7,14377.888888888889,9.0,8726.289551294987,11892.0,81.0,3.0,9431.732995889002,14313.333333333334,8338.278403526449,3892.0,60.0,7940.0,29.0,5.0,47.0,,2912.7126808292287,,,3567.1012990398744,,3667.648735304595,,2286.824575280112,,,3584.021910606932,2889.85487268332,2411.507231942168,,19488.0,,,321208.0,,11228.0,,22848.0,,,133903.0,19856.0,136672.0,,34.0,,,121.0,,28.0,,29.0,,,184.0,35.0,86.0,,6149.342646765134,7077.9762125,,7448.177351353896,4991.207011990408,,5599.066044029353,6914.089283505154,6791.25,,6836.269783580573,,,,5669.829847054734,,,5276.559823076924,5345.867635193945,,,3121.428571428572,5368.068192045455,,6054.0,,5290.0,8634.35865730801,,,8428.57142857143,,7344.767441860465,7791.55672823219,7791.058394160584,,,7665.0641025641025,,7684.80876130424,3488.295380611581,1905.577689243028,3027.2727272727275,,3624.942578328549,,,2819.3548387096776,4085.4664685582593,,,,,3580.7967871826945,,2912.7126808292287,,,3567.1012990398744,,3667.648735304595,,2286.824575280112,,,3584.021910606932,2889.85487268332,2411.507231942168,,,,,,,,,,,7369.565217391304,,,,,,,,,,,,,,,,2082.4747254071663,2385.532000886153,,2102.8477120892494,,,1713.0822445859872,1692.1851722222225,1956.875730313589,,,,2130.241342933224,4577.446808510638,4500.746549693441,,6033.220991815118,4499.595724803695,4776.371299367089,4524.176180269057,5027.267671946857,5453.400884385076,2900.607071514343,,3117.828025282631,,4995.384615384615,2113.036918960462,,4837.336033950617,,4536.453645364537,,,,,,,,,,,19228.0,5600.0,,42470.0,3753.0,,1499.0,1164.0,640.0,,14763.0,,,,37399.0,,,15600.0,105700.0,,,700.0,8800.0,,1500.0,,11200.0,19376.0,,,336.0,,688.0,1516.0,2192.0,,,1872.0,,1446.36,15370.0,20080.0,2200.0,,71048.5675,,,1116.0,33150.2,,,,,59357.25,,19488.0,,,321208.0,,11228.0,,22848.0,,,133903.0,19856.0,136672.0,,,,,,,,,,,23.0,,,,,,,,,,,,,,,,1105200.0,1478300.0,,1232500.0,,,15700.0,5400.0,14350.0,,,,244100.0,7050.0,19409.0,,2077.0,54125.0,15800.0,239725.0,48925.0,4342.0,37475.0,,24325.0,,3250.0,35131.0,,20736.0,,5555.0,,,,,,,,,,,47.0,9.0,,66.0,8.0,,5.0,5.0,6.0,,27.0,,,,23.0,,,14.0,21.0,,,6.0,9.0,,3.0,,9.0,22.0,,,2.0,,4.0,4.0,3.0,,,4.0,,5.0,12.0,4.0,2.0,,31.0,,,5.0,23.0,,,,,45.0,,34.0,,,121.0,,28.0,,29.0,,,184.0,35.0,86.0,,,,,,,,,,,2.0,,,,,,,,,,,,,,,,104.0,93.0,,90.0,,,3.0,3.0,26.0,,,,20.0,3.0,47.0,,22.0,52.0,10.0,43.0,20.0,15.0,16.0,,24.0,,11.0,22.0,,17.0,,5.0,,,,,,,,,,,6434.782608695652,7536.585365853659,8411.470588235294,8118.072289156626,,,,,7859.183673469388,,,,5475.0,6800.0,,5894.594594594595,,,,,3725.0,,9189.26056338028,,,,,,5853.658536585366,,,7912.432432432432,6540.228064618309,,2721.3240954580447,3898.188896411645,,,,3609.233449477352,4033.3333333333335,3954.618226600985,,,2299.5575221238937,1675.0,2723.8805970149256,,,,2463.709677419354,2593.975903614458,,,,,,,,,,,,,,2357.2580645161293,,2737.222222222222,,,,,1339.2857142857142,,,,3158.333333333333,5368.055555555556,5421.311475409836,3997.5,,,,,4388.0,,4692.307692307692,,,,,,,,,,,,,46.0,164.0,340.0,747.0,,,,,98.0,,,,160.0,270.0,,370.0,,,,,80.0,,1136.0,,,,,,41.0,,,370.0,1262.8,,1299.0,3544.8,,,,1148.0,2976.0,1624.0,,,1356.0,88.0,536.0,,,,248.0,498.0,,,,,,,,,,,,,,1860.0,,360.0,,,,,280.0,,,,120.0,1296.0,305.0,240.0,,,,,375.0,,260.0,,,,,,,,,,,,,4.0,6.0,12.0,27.0,,,,,4.0,,,,7.0,11.0,,8.0,,,,,2.0,,15.0,,,,,,3.0,,,5.0,31.0,,20.0,44.0,,,,10.0,16.0,42.0,,,52.0,6.0,14.0,,,,8.0,22.0,,,,,,,,,,,,,,50.0,,15.0,,,,,6.0,,,,6.0,42.0,5.0,13.0,,,,,18.0,,1.0,,,,,,,,,,,,2024,1471.718,kamis
2024-03,,,,,,,7.083870967741936,69.7875,371.7625,1330.6950000000002,100.5,14296.555555555557,9.0,13293.912059078506,15572.5,115.0,3.0,13835.35471472868,16337.777777777776,13002.533263575264,5160.0,72.0,10340.5,37.0,9.0,69.0,,3742.508105876824,3787.7906976744175,,3635.53038424805,,4103.920445332572,4738.095238095238,3338.2673368660107,3320.714285714286,,4101.498195833092,3626.8099374683534,3265.985059993792,,25000.75,688.0,,297360.0,,14012.0,16.8,22457.0,560.0,,155367.0,15800.0,141748.0,,42.0,3.0,,126.0,,33.0,4.0,28.0,3.0,,201.0,29.0,92.0,,7477.93938417468,8791.259461431064,7766.05504587156,8367.815709141118,8811.030063260341,,6707.427527173913,8049.050071157168,6595.073375262055,,8187.896241621552,6788.797870491804,5264.1509433962265,,3512.0973506031746,,,3558.5987261146497,3485.2415145312502,4787.553527522936,,2603.327952411576,4760.185185185185,,4149.562044525547,,3563.939393939394,8719.902062788018,,,,,,,7892.131979695431,,,,,8815.085981145252,2445.537931034483,1900.0,,,2429.9126096938435,,,,2566.000366210937,,,,,2687.2789684791173,,3742.508105876824,3787.7906976744175,,3635.53038424805,,4103.920445332572,4738.095238095238,3338.2673368660107,3320.714285714286,,4101.498195833092,3626.8099374683534,3265.985059993792,,,,,,,,,,,,,,,,,,,,,,,,,,,2302.1125309469176,2502.410976194903,,2262.1065125365617,1420.0,,1726.735294117647,1770.3472166666668,2063.8815606242497,,,,2288.6492369281045,5346.544839534884,5311.443856178756,,8404.9106875,4804.026383673469,4513.13501939394,4838.197094303843,5019.9833790956745,7831.255813953488,5357.956531130435,4706.878288888889,4595.257732371134,,5332.0,2269.78579481398,,5058.581522330097,,4587.392973132566,,,,,,,,,,,24960.0,14325.0,4905.0,53232.0,3699.0,,3864.0,2895.0,7155.0,,15516.0,3050.0,848.0,,39375.0,,,31400.0,128000.0,10900.0,,31100.0,5400.0,,13700.0,,6600.0,3472.0,,,,,,,788.0,,,,,1832.96,14500.0,20000.0,,,51371.16,,,,16384.0,,,,,55836.0,,25000.75,688.0,,297360.0,,14012.0,16.8,22457.0,560.0,,155367.0,15800.0,141748.0,,,,,,,,,,,,,,,,,,,,,,,,,,,653700.0,1290900.0,,775232.5,1700.0,,8500.0,9600.0,20825.0,,,,183600.0,6450.0,17633.0,,448.0,42875.0,28875.0,342775.0,76300.0,2150.0,28750.0,2025.0,24250.0,,2500.0,10644.0,,30385.0,,6774.0,,,,,,,,,,,59.0,16.0,7.0,97.0,4.0,,2.0,8.0,6.0,,18.0,2.0,3.0,,22.0,,,32.0,23.0,6.0,,24.0,4.0,,10.0,,5.0,12.0,,,,,,,2.0,,,,,7.0,9.0,3.0,,,26.0,,,,17.0,,,,,29.0,,42.0,3.0,,126.0,,33.0,4.0,28.0,3.0,,201.0,29.0,92.0,,,,,,,,,,,,,,,,,,,,,,,,,,,70.0,101.0,,81.0,3.0,,10.0,8.0,25.0,,,,15.0,2.0,56.0,,8.0,41.0,14.0,70.0,20.0,16.0,5.0,4.0,37.0,,14.0,14.0,,27.0,,7.0,,,,,,,,,,,9292.682926829268,6022.265625,7150.357142857143,7464.406779661017,,,,,7627.490774907749,,,,4914.0,4813.75,,,,,4375.141242937853,,4127.586206896552,,6937.5,,,,,,5887.494397131331,,,,7940.655194099823,,2275.862068965517,2665.1998656365467,1850.0,,,3361.58940397351,2646.258847320526,2759.1911764705883,,,3065.4814004376367,3195.6,4380.681818181818,,,,2302.8846153846152,4014.6666666666665,,,,,,,,,,,,,,2501.7272727272725,,2635.555555555556,,,,,,1482.142857142857,1850.0,,6085.172413793103,5259.86798679868,5751.666666666667,4739.565217391304,,,,,4075.731707317073,,2697.2477064220184,,,,,,,,,,,,,41.0,256.0,560.0,354.0,,,,,542.0,,,,1050.0,320.0,,,,,1770.0,,290.0,,160.0,,,,,,446.2,,,,1749.1,,623.5,2977.0,272.0,,,302.0,3956.0,816.0,,,1828.0,250.0,616.0,,,,104.0,750.0,,,,,,,,,,,,,,1100.0,,900.0,,,,,,840.0,120.0,,290.0,1515.0,300.0,230.0,,,,,820.0,,218.0,,,,,,,,,,,,,3.0,7.0,9.0,21.0,,,,,19.0,,,,28.0,12.0,,,,,23.0,,9.0,,2.0,,,,,,7.0,,,,58.0,,16.0,31.0,1.0,,,3.0,16.0,25.0,,,74.0,11.0,16.0,,,,3.0,34.0,,,,,,,,,,,,,,31.0,,19.0,,,,,,21.0,6.0,,16.0,36.0,6.0,16.0,,,,,30.0,,2.0,,,,,,,,,,,,2024,1471.718,kamis
2024-04,,,,,,,15.160416666666666,62.75,393.5,1367.8285714285714,100.6,8817.444444444445,9.0,8084.527724456726,19902.5,126.0,3.0,7209.554702316413,9052.83567368421,8674.833605049753,8116.0,380.0,11406.5,42.0,11.0,73.0,,1962.0774366247856,1625.0,,2283.599519282196,2509.487666034156,3005.792613020079,1577.9587404994572,2250.409347856348,3640.1922903846153,1083.7121212121212,2706.9884337350736,2219.902536122661,1981.8464407087051,,26404.25,368.0,,397880.0,2108.0,19324.0,736.8,28736.0,2080.0,528.0,179303.0,15392.0,143360.0,,38.0,2.0,,125.0,5.0,46.0,6.0,36.0,6.0,2.0,192.0,34.0,86.0,,7347.360009325431,6537.308545733042,9922.58064516129,7093.53569371415,11322.46059514521,,6770.131249672676,9985.827728174603,9768.266523662687,,6032.09199790795,4670.476211428571,7202.474524973432,,3444.849767858327,,,2604.329492145015,2933.904973961767,1945.7397434782608,2302.842861068702,2535.591932715616,2494.440209923664,,2537.8283011773938,,2176.72131147541,,,,,,,,,,,,,,1530.1728994777302,1843.38747099768,,1941.149419143357,1493.1453684405412,,,1591.0488626790227,1764.932207535427,,,,,1820.2522422752568,,1962.0774366247856,1625.0,,2283.599519282196,2509.487666034156,3005.792613020079,1577.9587404994572,2250.409347856348,3640.1922903846153,1083.7121212121212,2706.9884337350736,2219.902536122661,1981.8464407087051,,,,,,,,,,,,,,,,,,,,,,,,,,,2358.186657132326,2554.618143956495,,2207.7236643915344,,,,2173.698491746032,2187.525118014706,537.5,,,2680.487488483466,4642.691449651972,4633.128471047118,,7508.685973542697,3550.895732288752,3985.174063878271,4116.309147535278,3785.7725403643726,3366.645857564801,3685.4114203773584,3598.0039916167666,4184.72462348968,,4105.368283044983,3610.852055955913,,3485.2284515808938,,3555.8038202632592,,,4311.475409836065,,,,,,,,54153.0,11425.0,1550.0,83680.0,6921.0,,9929.0,7056.0,7459.0,,31070.0,2625.0,5646.0,,45231.0,,,99300.0,151700.0,27600.0,26200.0,169549.0,26200.0,,127400.0,,6100.0,,,,,,,,,,,,,,85205.0,34480.0,,9152.0,65625.65,,,1187.0,41776.0,,,,,58578.0,,26404.25,368.0,,397880.0,2108.0,19324.0,736.8,28736.0,2080.0,528.0,179303.0,15392.0,143360.0,,,,,,,,,,,,,,,,,,,,,,,,,,,271300.0,974600.0,,189000.0,,,,31500.0,27200.0,4400.0,,,87700.0,10775.0,44866.0,,2324.5,134025.0,40812.0,531500.0,123500.0,19637.0,72875.0,8350.0,66625.0,,7225.0,16513.0,,44342.0,,93292.0,,,2135.0,,,,,,,,73.0,7.0,2.0,106.0,9.0,,10.0,9.0,9.0,,28.0,2.0,9.0,,24.0,,,43.0,25.0,7.0,17.0,70.0,10.0,,52.0,,5.0,,,,,,,,,,,,,,8.0,5.0,,4.0,21.0,,,5.0,20.0,,,,,33.0,,38.0,2.0,,125.0,5.0,46.0,6.0,36.0,6.0,2.0,192.0,34.0,86.0,,,,,,,,,,,,,,,,,,,,,,,,,,,31.0,78.0,,23.0,,,,16.0,19.0,5.0,,,7.0,4.0,78.0,,26.0,52.0,27.0,70.0,12.0,25.0,17.0,7.0,44.0,,18.0,11.0,,15.0,,40.0,,,2.0,,,,,,,,8057.692307692308,6021.357063403782,8651.840101522843,,,,7463.004484304933,,7046.800947867298,,,,2840.3361344537816,2432.9333333333334,,1930.7692307692307,,,2544.7445255474454,,2710.280373831776,3178.333333333333,,7073.170731707318,,,,,6756.097560975612,,,,7405.046379356417,,966.8284789644013,1528.1437125748505,,,,,1730.9365934521345,2366.780821917808,1000.0,,1758.1091180866963,1526.073926073926,2769.626168224299,,,,2716.822429906542,1569.9233716475096,,,,,,,,,,,,,,1266.3265306122448,,1615.7142857142858,,,,,1678.723404255319,1800.0,,,4718.237547892721,5586.736842105263,3968.6,3802.336448598131,,,4801.226993865031,,4474.8031496063,,3365.189535504538,4227.748691099477,,4217.687074829932,3592.1967769296016,,,3199.5738636363635,,2555.350553505535,,,,52.0,899.0,1576.0,,,,446.0,,844.0,,,,2380.0,750.0,,130.0,,,2740.0,,535.0,480.0,,8.2,,,,,41.0,,,,2619.7,,618.0,4175.0,,,,,4826.0,292.0,10.0,,2676.0,500.5,428.0,,,,428.0,522.0,,,,,,,,,,,,,,490.0,,140.0,,,,,470.0,70.0,,,1305.0,950.0,1500.0,1070.0,,,815.0,,635.0,,1873.0,382.0,,588.0,2358.0,,,1408.0,,1084.0,,,,4.0,19.0,34.0,,,,14.0,,18.0,,,,57.0,12.0,,3.0,,,37.0,,15.0,10.0,,1.0,,,,,2.0,,,,85.0,,18.0,39.0,,,,,22.0,9.0,1.0,,95.0,23.0,12.0,,,,13.0,22.0,,,,,,,,,,,,,,10.0,,4.0,,,,,6.0,6.0,,,47.0,17.0,25.0,34.0,,,16.0,,22.0,,12.0,9.0,,7.0,16.0,,,9.0,,7.0,,,2024,1471.718,kamis
2024-05,,,,,,,17.888461538461538,98.95,432.5375,1365.3899999999999,98.2,8268.111111111111,9.0,6852.061623633806,9241.0,88.0,3.0,4638.915244,8589.097638148669,7340.386697303921,2000.0,713.0,6528.0,18.0,21.0,49.0,,1948.6271931230613,,,2229.1498898326645,1670.2492211838007,2593.986279880874,1754.863539692308,1682.6358482283465,2511.9106662531017,,2660.3439972140022,1726.1471693358346,1901.3890309551452,,15472.0,,,424536.0,1284.0,30220.0,1625.0,20320.0,6448.0,,121321.0,20793.0,116265.0,,29.0,,,107.0,4.0,51.0,12.0,28.0,16.0,,166.0,45.0,85.0,,4611.460520704806,4446.832315130435,,5189.789150347002,4445.487738419619,,4813.449128152021,4606.235485599135,,4200.0,4420.397636184246,5003.292682926829,7014.722998815166,1164.8648648648648,1320.8444879103597,1077.1198156682028,,1646.492990302416,1506.5931327718224,1356.399899085366,1066.453903515065,1543.2504652666894,1379.814430480769,,1276.6286449936629,1497.1705348837208,1264.8142917142857,,,,,,,7125.625,,,,,,9041.09589041096,1503.563828358025,1804.6829268292684,,989.9665551839466,1494.825849236401,,,1656.85492169448,1621.0756095744682,,,,,1712.64686761817,,1948.6271931230613,,,2229.1498898326645,1670.2492211838007,2593.986279880874,1754.863539692308,1682.6358482283465,2511.9106662531017,,2660.3439972140022,1726.1471693358346,1901.3890309551452,,,,4066.676224745217,,,5175.715733618328,,,,,,14591.617474412678,18765.04180754152,12907.727828373703,902.7027027027028,,,,,,,15300.273495743731,,,,2338.305679883946,3047.899338167742,,2737.8651105297367,,,3170.7444444444445,,2896.3491952380955,,,,,2749.621382117647,3422.104041430333,,,2759.3815696019383,2378.8284616280425,2768.5457281952804,2730.506457750107,2749.728149484536,2712.7144582786423,2815.299959259259,2945.167452049298,,3321.3930348258705,2236.809700922491,,2468.3756545118435,,2309.517939831805,,,2673.120915860544,2142.556133634678,,,,,2244.40032085142,,67593.0,28750.0,,80547.0,9175.0,,19313.0,10173.0,,500.0,36994.0,5125.0,5908.0,3700.0,66131.0,21700.0,,147975.0,65300.0,65600.0,139400.0,197908.0,104000.0,,315600.0,12900.0,35000.0,,,,,,,128.0,,,,,,1012.51,405670.0,10250.0,,1049.4899999999998,40076.65,,,3895.0,22560.0,,,,,3148982.0,,15472.0,,,424536.0,1284.0,30220.0,1625.0,20320.0,6448.0,,121321.0,20793.0,116265.0,,,,67116.0,,,14971.0,,,,,,1372.75,7843.25,1806.25,518.0,,,,,,,7716.5625,,,,51700.0,387500.0,,307700.0,,,5400.0,,2100.0,,,,,10625.0,40550.0,,,127166.0,17174.0,585825.0,116450.0,38800.0,133325.0,43200.0,87225.0,,5025.0,163904.0,,362435.0,,629984.0,,,25327.0,221230.0,,,,,133847.0,,84.0,11.0,,73.0,14.0,,28.0,13.0,,2.0,24.0,3.0,10.0,3.0,34.0,14.0,,44.0,19.0,16.0,45.0,84.0,34.0,,68.0,3.0,12.0,,,,,,,2.0,,,,,,2.0,14.0,4.0,,2.0,11.0,,,10.0,14.0,,,,,64.0,,29.0,,,107.0,4.0,51.0,12.0,28.0,16.0,,166.0,45.0,85.0,,,,56.0,,,8.0,,,,,,13.0,49.0,28.0,2.0,,,,,,,92.0,,,,7.0,30.0,,26.0,,,4.0,,7.0,,,,,4.0,47.0,,,65.0,36.0,106.0,16.0,41.0,29.0,22.0,26.0,,18.0,51.0,,86.0,,175.0,,,25.0,71.0,,,,,35.0,,4308.970976253298,5738.211382113821,4812.951030927835,6642.857142857143,,,2763.8888888888887,,4877.8138528138525,,,1221.8181818181818,1585.9166666666667,991.9573643410852,,1733.7272727272727,,,1578.2485875706216,,1405.0,1476.0416666666667,,7000.0,,,,,,,,,7314.319667260845,,1756.9444444444443,1364.1952425084955,,,,,1657.3518915060672,1966.517857142857,,,1922.1378504672896,1631.892697466468,3335.833333333333,325.0,,,1534.042553191489,1593.859649122807,,,5842.105263157895,,,,,,,,,,,3600.0,,,,,,,,,,,3665.689655172414,3058.0425531914893,3200.4780876494024,3672.759493670886,,,3413.5,,2834.5387453874537,,2357.3386636207883,,,,1505.440330111847,,,1045.7034336068064,,2690.6333155934008,,,,379.0,492.0,1552.0,462.0,,,36.0,,924.0,,,440.0,2400.0,1032.0,,1100.0,,,1770.0,,1600.0,480.0,,32.0,,,,,,,,,673.1999999999999,,432.0,3237.0,,,,,2802.0,224.0,,,1712.0,335.5,240.0,12.0,,,188.0,570.0,,,19.0,,,,,,,,,,,40.0,,,,,,,,,,,580.0,1175.0,2510.0,1975.0,,,800.0,,2710.0,,3502.0,,,,18418.0,,,32910.0,,7516.0,,,,13.0,13.0,24.0,9.0,,,2.0,,24.0,,,4.0,50.0,21.0,,16.0,,,21.0,,34.0,6.0,,2.0,,,,,,,,,38.0,,14.0,19.0,,,,,12.0,5.0,,,55.0,13.0,6.0,1.0,,,6.0,19.0,,,4.0,,,,,,,,,,,1.0,,,,,,,,,,,15.0,25.0,49.0,35.0,,,32.0,,44.0,,15.0,,,,43.0,,,49.0,,33.0,,,2024,1471.718,kamis
2024-06,,,,,,,22.98875,102.9125,436.3375,1380.1315789473683,100.7,10329.777777777776,9.0,8356.76741853718,13098.0,135.0,3.0,7840.85884408602,10568.249069444444,8556.397080757248,4464.0,288.0,8346.0,44.0,12.0,79.0,1840.2777777777776,2272.26554649794,3637.5,,2418.380285962128,,2612.664944586513,2437.047664285714,2038.7516969067408,2564.214423354037,1089.2857142857142,2850.8964989150327,1914.4552782456435,1915.416060945436,1152.0,13592.0,704.0,,297424.0,,39636.56,560.0,17328.0,16100.0,1008.0,176503.0,11993.0,107506.0,4.0,35.0,2.0,,120.0,,70.0,9.0,28.0,35.0,4.0,214.0,26.0,94.0,,2636.966614770969,2840.360427233429,,3242.599830971954,2248.6086,,2484.984185523373,2214.488268431002,,,2814.342577729656,3052.596165384616,3349.278740318907,1063.495145631068,1003.70011292517,1205.5607476635514,,1237.2735418954826,1140.7999925714284,824.140270993117,988.1606554329372,1230.1705575757576,1263.3267670926518,1019.3103448275862,1238.6075433070866,907.1774193548388,1538.263405944056,,,,10069.277108433736,,,,12400.0,,,8751.140419018138,,7755.678172719106,1049.8176990599454,,,934.7165991902832,1245.1022605964265,,,1029.1493370998116,1508.452209572773,,,,,1294.5772163582276,1840.2777777777776,2272.26554649794,3637.5,,2418.380285962128,,2612.664944586513,2437.047664285714,2038.7516969067408,2564.214423354037,1089.2857142857142,2850.8964989150327,1914.4552782456435,1915.416060945436,,,2235.714285714286,3153.818761345254,,,2536.423608463784,2000.0,,1415.5154639175255,,,10620.372039164256,4802.931088972567,12219.721238471266,4036.9952301780672,4677.135076108175,3252.9296875,2022.976705075446,5558.517231700605,,1995.307820299501,6930.056742697831,4160.187365601108,3217.008797653959,,2467.8234135403727,2424.911491454415,,2072.520635696579,,,3417.529411764706,,,,,,,1882.3999993920968,1565.223629319372,,,1441.3624822433776,1057.8938323662153,1568.5804394624226,1481.072007637121,1416.120289327641,1536.7938978227403,1546.2558119741102,1336.7821560145303,,1541.9921875,1440.7173039078095,1700.887478917356,1324.8823969002458,912.7700074484814,1183.8697742438312,,,1656.6826224254853,1393.8501400849482,,1321.840742795151,,,1076.8615226226198,,74335.0,34700.0,,109964.0,4995.0,,37564.0,7406.0,,,78966.0,5200.0,878.0,20600.0,29400.0,21400.0,,112900.0,52500.0,101700.0,117800.0,135300.0,93900.0,2900.0,304800.0,12400.0,28600.0,,,,830.0,,,,200.0,,,27784.0,,623.44,734000.0,,,4623.84,55019.02,,,3186.0,105424.0,,,,,4269709.6,1152.0,13592.0,704.0,,297424.0,,39636.56,560.0,17328.0,16100.0,1008.0,176503.0,11993.0,107506.0,,,2240.0,147749.0,,,75380.0,1325.0,,15520.0,,,5528.0,6971.25,8104.75,20624.25,23678.14,2048.0,2916.0,15898.75,,6010.0,185137.8486,4152.75,682.0,,80500.0,426302.0,,201700.0,,,1700.0,,,,,,,16450.0,33425.0,,,120800.0,38775.0,698467.0,86420.0,46850.0,113675.0,154500.0,240875.0,,5120.0,384768.0,24902.0,5755940.0,24166.0,1394695.0,,,492083.0,376700.0,,166381.0,,,780502.0,,114.0,22.0,,98.0,7.0,,31.0,15.0,,,94.0,3.0,5.0,14.0,19.0,16.0,,54.0,18.0,34.0,44.0,84.0,43.0,5.0,72.0,8.0,11.0,,,,10.0,,,,4.0,,,79.0,,5.0,19.0,,,6.0,15.0,,,7.0,26.0,,,,,83.0,4.0,35.0,2.0,,120.0,,70.0,9.0,28.0,35.0,4.0,214.0,26.0,94.0,,,4.0,59.0,,,22.0,4.0,,8.0,,,41.0,50.0,55.0,77.0,62.0,2.0,8.0,58.0,,10.0,531.0,6.0,6.0,,8.0,56.0,,19.0,,,2.0,,,,,,,5.0,44.0,,,53.0,53.0,198.0,23.0,47.0,54.0,40.0,69.0,,21.0,81.0,12.0,815.0,7.0,293.0,,,50.0,106.0,,44.0,,,104.0,,3087.1495327102803,2089.86013986014,4510.121457489879,3395.9630911188005,,2544.7916666666665,2458.8688946015423,,3944.406548431105,,,1201.1627906976744,1099.1592920353985,1122.5778546712802,,1280.7228915662652,,1017.4603174603176,1349.5049504950496,,1128.9532293986638,1204.0625,,,,,,,10000.0,,,11933.484162895928,6488.706365503081,,1297.6618705035971,1041.8974235492417,,,,600.0,1369.2329227323628,1597.9674796747968,,,2040.495867768595,2513.850415512465,4271.348314606742,1055.5555555555557,,1000.0,2492.063492063492,2132.4,,,2597.9342367099403,,2045.8015267175567,6775.925925925926,,,2348.74251497006,,2495.7599801636497,3480.676328502416,,3675.0,,3800.0,,,,,,,,,1610.46875,1662.7106227106226,1848.0821917808216,2234.242424242424,,,1424.9811320754718,,1592.4458204334364,,1760.899783976707,1181.9075712881022,,1457.6033777896923,538.7604333155745,737.3938590519866,,604.487510272729,,1201.1752297724877,,,,428.0,1144.0,988.0,867.0,,1440.0,389.0,,1466.0,,,1290.0,2260.0,2312.0,,830.0,,630.0,505.0,,2245.0,320.0,,,,,,,10.0,,,221.0,194.8,,556.0,4153.0,,,,180.0,3572.0,492.0,,,1089.0,144.4,356.0,72.0,,16.0,126.0,250.0,,,1055.3,,262.0,108.0,,,2505.0,,2016.5,414.0,,40.0,,40.0,,,,,,,,,640.0,2730.0,1460.0,660.0,,,2650.0,,1615.0,,10647.0,1017.0,,14921.0,28155.0,27911.0,,52323.0,,13274.0,,,,20.0,23.0,23.0,18.0,,22.0,8.0,,34.0,,,10.0,57.0,45.0,,14.0,,8.0,8.0,,50.0,5.0,,,,,,,2.0,,,9.0,11.0,,13.0,30.0,,,,1.0,15.0,8.0,,,53.0,14.0,9.0,2.0,,1.0,6.0,12.0,,,41.0,,7.0,10.0,,,123.0,,106.0,15.0,,2.0,,2.0,,,,,,,,,19.0,56.0,43.0,19.0,,,55.0,,33.0,,47.0,10.0,,64.0,42.0,52.0,,82.0,,43.0,,,2024,1471.718,kamis
2024-07,,,,,,,27.003629032258065,376.2375,443.3375,1383.3826086956522,103.6,28563.666666666668,9.0,16896.156203399314,14297.0,148.0,3.0,17711.85178882371,14895.042735042734,16304.732601278738,6478.0,468.0,7351.0,55.0,18.0,75.0,5292.797144897959,6060.501523491313,5455.648148148148,4180.172413793103,5784.700720252553,7309.334088772846,6604.605991464749,3579.3636363636365,4293.272690136211,6048.559431734073,2307.2429906542056,7285.077313513669,6409.5042022238695,4418.213445909706,23520.0,38908.0,2160.0,464.0,159333.0,3064.0,35617.0,880.0,15197.0,30264.0,1712.0,183353.25,6745.0,72342.0,27.0,58.0,7.0,2.0,121.0,10.0,93.0,13.0,26.0,64.0,8.0,276.0,14.0,73.0,,2758.7490965553698,2731.7766782289327,,2981.682371030262,3259.6181722652886,3832.684901760529,2011.8387449175093,2360.4471689049587,2905.300674617737,,3721.422941715364,,2570.291777188329,1220.5128205128206,2292.6807228915663,2408.698630136986,,2103.4852278467647,2763.7901969372133,1703.6481899564808,1651.5798814289572,1637.9071745093106,2065.078336310223,125.0,2093.1290954987835,1712.1301775147929,2470.739436619718,4176.162790697675,6208.84649162057,,7026.127269178216,,,7346.644518272426,9037.98641136504,,,7633.480567156006,,10040.816396883116,979.2546500116551,,960.7696365054602,1044.6941119699577,1284.3684958908484,,,1069.2168852617344,1379.1316727807052,,697.6744186046511,,,1241.623476439901,5292.797144897959,6060.501523491313,5455.648148148148,4180.172413793103,5784.700720252553,7309.334088772846,6604.605991464749,3579.3636363636365,4293.272690136211,6048.559431734073,2307.2429906542056,7285.077313513669,6409.5042022238695,4418.213445909706,,,2824.7964132830407,2422.0641761338616,,,2446.695877192982,1185.0806451612902,,1880.955497382199,,1966.7818123393315,,3329.892613659151,3295.0,3906.1860579414542,3437.0254557249555,2755.0676402027025,2535.989904257588,3578.998063491906,3557.3354475308643,2407.321552165321,4328.326956064967,2791.3646268361404,2539.153439153439,,2235.644954852501,1859.751407809194,,1519.5436866035182,,,2304.6153846153848,,,,,,1473.3299135195532,,1302.8103629813666,,,1388.4676816430117,1363.0351821100917,1815.290089290503,2457.910714285714,1377.443731756142,1673.3882493256262,1613.165985922638,1554.0215063538612,,1606.7168052631578,1211.4917016290476,1537.98070978113,1250.9961004912584,,1185.205840642033,,1351.2034919468358,1583.7341204634208,1371.1718404731764,1869.7348063895176,1274.7300760438366,,,1255.2208511431422,,34053.0,9802.0,,44115.0,3483.0,10281.0,18790.0,7744.0,8175.0,,65712.0,,1508.0,3900.0,16600.0,21900.0,,123131.0,65300.0,763338.0,85181.0,79480.0,85100.0,400.0,246600.0,6084.0,28400.0,344.0,24405.0,,5123.0,,,903.0,1619.0,,,246556.5,,1925.0,288289.6,,160250.0,11983.125,49293.630000000005,,,5177.0,39472.0,,172.0,,,284082.0,23520.0,38908.0,2160.0,464.0,159333.0,3064.0,35617.0,880.0,15197.0,30264.0,1712.0,183353.25,6745.0,72342.0,,,135210.0,63588.0,,,1824.0,9920.0,,12224.0,,24896.0,,36155.25,800.0,71089.0,202396.75,2368.0,67984.5,161680.45,2592.0,57682.0,181614.75,28303.25,3024.0,,233900.0,519900.0,,73900.0,,,3900.0,,,,,,89500.0,,20125.0,,,10639.0,10900.0,857650.0,1400.0,54950.0,25950.0,157700.0,127875.0,,6650.0,512017.0,16174.0,5009530.25,,1216199.0,,337445.0,300116.0,94003.0,311698.0,552050.0,,,215415.0,,49.0,8.0,,54.0,8.0,9.0,33.0,13.0,2.0,,74.0,,7.0,5.0,15.0,18.0,,62.0,17.0,146.0,39.0,73.0,59.0,2.0,98.0,6.0,19.0,4.0,41.0,,25.0,,,6.0,15.0,,,340.0,,12.0,15.0,,6.0,11.0,17.0,,,12.0,19.0,,2.0,,,52.0,27.0,58.0,7.0,2.0,121.0,10.0,93.0,13.0,26.0,64.0,8.0,276.0,14.0,73.0,,,33.0,24.0,,,5.0,2.0,,8.0,,7.0,,109.0,2.0,151.0,181.0,3.0,73.0,255.0,6.0,112.0,530.0,25.0,24.0,,34.0,40.0,,15.0,,,3.0,,,,,,3.0,,19.0,,,16.0,19.0,220.0,2.0,41.0,38.0,67.0,84.0,,10.0,67.0,35.0,699.0,,157.0,,52.0,58.0,26.0,63.0,72.0,,,65.0,,1722.9241877256318,3101.128349788434,3678.716216216216,3481.9767441860463,,2748.6111111111118,1212.962962962963,,3628.7012987012986,,,1772.2222222222222,1909.8591549295772,2048.550724637681,,1897.072072072072,1357.6923076923076,1377.111111111111,1950.877192982456,,1635.009225092251,,,5677.745664739884,,,,,8273.698630136987,,,8221.069587628866,9669.266320046216,,1247.9224376731302,930.5114254624592,,,,763.7931034482758,1319.400855920114,1296.2264150943397,1490.330188679245,,6000.0,5234.166666666667,11078.947368421052,4890.0,,,3160.4166666666665,5451.048951048952,,,2764.089950808152,1166.6666666666667,2759.692307692308,2851.2295081967213,2135.361842105264,5595.807453416149,3417.962700732126,,3073.043570219966,3834.134778191669,,2300.0,,2576.923076923077,,,,,,,,,,1824.6575342465756,2248.5,1064.0,1906.4788732394368,,1241.7120622568093,,1303.641304347826,,,1028.7565355762674,,1588.4118404118403,1435.4682607458012,307.7164461247637,,578.5885710579231,,1308.3362707084948,,,,554.0,709.0,296.0,688.0,,360.0,108.0,,770.0,,,360.0,887.5,828.0,,2220.0,130.0,450.0,570.0,,2168.0,,,2076.0,,,,,365.0,,,3104.0,346.2,,722.0,4595.0,,,,232.0,2804.0,742.0,424.0,,898.0,120.0,76.0,100.0,,,96.0,286.0,,,2846.0,858.0,1950.0,244.0,608.0,2576.0,16595.5,,9456.0,2953.0,,250.0,,130.0,,,,,,,,,,1277.5,400.0,400.0,1775.0,,3855.0,,1840.0,,,4399.0,,19425.0,3513.0,26450.0,,77085.0,,17022.0,,,,7.0,18.0,14.0,17.0,,7.0,4.0,,25.0,,,7.0,30.0,38.0,,41.0,2.0,6.0,12.0,,65.0,,,36.0,,,,,14.0,,,67.0,13.0,,19.0,37.0,,,,3.0,13.0,22.0,3.0,,46.0,3.0,3.0,5.0,,,2.0,16.0,,,100.0,9.0,60.0,10.0,16.0,42.0,521.0,,281.0,64.0,,2.0,,7.0,,,,,,,,,,29.0,14.0,5.0,20.0,,56.0,,43.0,,,25.0,,78.0,23.0,26.0,,77.0,,38.0,,,2024,1471.718,kamis
2024-08,,,,,,,28.458870967741937,93.2125,417.6625,1354.147619047619,100.6,31617.88888888889,9.0,23609.841332114007,9841.5,98.0,3.0,25746.30580075188,29872.45937606837,22032.47340710184,3192.0,468.0,6181.5,31.0,9.0,58.0,5567.0225511836215,6202.527735652174,6880.0,5569.642857142857,6631.24353958026,6238.784704166666,7526.811534855707,7340.735338235295,5738.566129242972,6969.037259313297,3624.107142857143,8055.333613405922,6599.377366942909,5867.253539348474,25008.0,20700.0,1680.0,1120.0,171487.0,2880.0,43764.57,816.0,17146.0,41466.25,448.0,158885.0,8688.0,82913.0,36.0,49.0,4.0,4.0,136.0,12.0,113.0,8.0,34.0,65.0,7.0,274.0,17.0,65.0,,4064.222941720629,,,,,4940.280055353155,6090.451275343362,4312.5,2694.4444444444443,5272.727236363636,4400.909519622168,,,1106.3106796116506,2194.912864691162,1710.93984962406,,1720.2032191723715,1974.4251121739128,1324.6594275447196,1447.3853724351786,1333.791535,1500.367756224731,700.0,1932.356684546865,,1990.9610671532848,,5722.220421798343,5127.450980392156,5775.643025596011,,,6739.696233044518,7744.70648039567,,2981.7047265002657,8000.766453832467,,,1284.1420315581854,,1183.634765625,,1617.0377366021603,,,1681.2246278755074,1535.932757966616,,655.0116874443455,2448.548140601121,,1734.1400983858068,5567.0225511836215,6202.527735652174,6880.0,5569.642857142857,6631.24353958026,6238.784704166666,7526.811534855707,7340.735338235295,5738.566129242972,6969.037259313297,3624.107142857143,8055.333613405922,6599.377366942909,5867.253539348474,,,3131.832059529338,2587.875865966587,,2625.0,1774.880977544709,2441.313050986842,,2548.869680851064,1887.5968992248063,,,4194.703389830508,11522.014925373134,5274.837923950247,4250.715896430187,,3979.2128275011023,4451.459643045156,4353.75,3800.2731675153454,4783.254331133962,3300.739399426588,4838.541666666667,,2083.6673725961004,1981.4257602719908,,1989.593614245768,,,2186.6670887002224,941.6030534351144,880.0,,1600.0,,2342.6674817802505,,,,,2534.090909090909,1812.093023255814,2493.248622340619,3817.065234782609,3107.1428571428573,2765.0197763527053,2189.083969226945,1808.7128599388377,,,2301.471384231468,2056.330325403336,2241.078397254339,,2141.2194414853398,,2851.188462060515,1481.271830615624,2177.1355572977386,2119.6433202436315,1570.3083429102398,,,1963.4353997812411,,8648.0,,,,,8509.0,3058.0,1552.0,1350.0,1650.0,136886.0,,,10300.0,111094.0,13300.0,,147760.96,34500.0,1107283.0,60628.0,120000.0,135789.0,300.0,348803.0,,27400.0,,72767.0,204.0,28481.0,,,3347.0,13951.0,,3766.0,449485.25,,,50700.0,,2432.0,,43092.115,,,2217.0,21088.0,,35936.0,7852.0,,122538.0,25008.0,20700.0,1680.0,1120.0,171487.0,2880.0,43764.57,816.0,17146.0,41466.25,448.0,158885.0,8688.0,82913.0,,,555558.0,20950.0,,20352.0,29748.0,9728.0,,6016.0,8256.0,,,5664.0,1072.0,77423.0,50289.75,,11345.0,53852.75,800.0,254218.5,15875.75,4970.25,768.0,,1795000.0,1036800.0,,2935019.0,,,247350.0,13100.0,1000.0,,800.0,,143800.0,,,,,4400.0,5375.0,1265614.0,2300.0,350.0,37425.0,201150.0,65400.0,,,376484.0,3657.0,1052497.0,,175879.0,,178732.0,159448.0,180552.5,2129613.0,134525.0,,,21942.0,,23.0,,,,,27.0,17.0,4.0,2.0,2.0,118.0,,,9.0,38.0,10.0,,59.0,30.0,188.0,51.0,54.0,74.0,2.0,118.0,,15.0,,131.0,7.0,59.0,,,12.0,44.0,,6.0,423.0,,,9.0,,2.0,,22.0,,,10.0,20.0,,2.0,7.0,,37.0,36.0,49.0,4.0,4.0,136.0,12.0,113.0,8.0,34.0,65.0,7.0,274.0,17.0,65.0,,,102.0,16.0,,2.0,11.0,13.0,,2.0,5.0,,,12.0,8.0,91.0,88.0,,29.0,114.0,6.0,314.0,73.0,12.0,3.0,,238.0,113.0,,244.0,,,52.0,7.0,2.0,,2.0,,33.0,,,,,10.0,10.0,327.0,4.0,9.0,44.0,147.0,18.0,,,83.0,13.0,259.0,,44.0,,105.0,41.0,25.0,281.0,16.0,,,10.0,,3608.231707317073,6620.652173913043,,4849.315068493151,,,7990.196078431372,,5330.829015544042,,,1390.909090909091,1377.114967462039,1429.1649694501018,,1260.429082240763,1366.111111111111,,1074.585635359116,,1398.6083499005963,,9504.85436893204,6121.556749342782,,6067.832369942196,,,7975.930680359435,,,8402.092457420924,6711.090225563909,,1406.6937119675456,1661.797148237826,,600.0,,,1643.809523809524,2196.5116279069766,1611.439114391144,,8095.145631067961,5345.542168674699,12885.185185185184,3089.285714285714,,,3250.0,4882.454128440367,,,3255.0143266475643,,4738.295880149813,4402.173913043478,3899.186046511628,,3932.194645844952,4764.055636896047,5193.022440392707,5546.812662619254,,1525.5186721991702,,2364.6666666666665,2066.6666666666665,,,,1493.548387096774,,1490.9426987061,,3300.0,,,2875.555555555556,3152.838427947598,,2087.535714285714,,2613.6363636363635,,2738.339094051301,518.4466019417475,,2326.6511266511266,,,,1349.556221380519,,2619.771863117871,,,,328.0,276.0,,438.0,,,153.0,,772.0,,,220.0,922.0,2455.0,,1678.0,180.0,,362.0,,1509.0,,206.0,8749.0,,3460.0,,,1558.0,,,10275.0,532.0,,493.0,3717.0,,93.0,,,4620.0,172.0,542.0,,515.0,415.0,108.0,56.0,,,4.0,130.8,,,698.0,,1068.0,184.0,860.0,,7172.0,5464.0,2852.0,4612.0,,2410.0,,1500.0,90.0,,,,310.0,,3246.0,,10.0,,,225.0,1145.0,,2800.0,,110.0,,10994.0,515.0,,12870.0,,,,17689.0,,1315.0,,,,6.0,12.0,,11.0,,,6.0,,15.0,,,2.0,25.0,22.0,,36.0,3.0,,8.0,,43.0,,5.0,184.0,,57.0,,,35.0,,,163.0,16.0,,16.0,35.0,,1.0,,,20.0,4.0,6.0,,38.0,16.0,6.0,2.0,,,1.0,14.0,,,23.0,,33.0,6.0,17.0,,157.0,61.0,49.0,83.0,,40.0,,22.0,5.0,,,,12.0,,29.0,,1.0,,,7.0,20.0,,34.0,,7.0,,46.0,6.0,,55.0,,,,37.0,,5.0,,,2024,1471.718,kamis
2024-09,,,,,,,25.865000000000002,192.825,371.85,1334.8166666666666,99.8,60953.88888888889,9.0,42074.59228153912,5782.5,71.0,3.0,44545.73489329556,41838.48472727273,40631.83815384616,2118.0,44.0,3620.5,26.0,5.0,40.0,8126.95206987076,12309.197203783997,,,12870.538115071287,6249.208860759493,13047.711153439152,10219.037773195876,10204.508607344023,13488.86174882588,,14734.677270597427,11737.299880597016,12269.184426126683,9904.0,10148.0,,,191216.25,1264.0,22113.0,194.0,8122.25,18471.25,,97275.5,2948.0,51656.0,16.0,32.0,,,122.0,4.0,75.0,6.0,17.0,52.0,,208.0,10.0,57.0,,6902.557014512785,,,6248.702742772424,6058.419231386025,6504.010695187166,1424.646464646465,7251.333333333333,,,6260.600559841296,,,1403.125,2597.440261509434,1967.8125,,2692.477745876888,3888.228439160839,2118.0915810325723,2153.201988847584,2614.140092206816,2656.360914399877,2285.689655172414,2975.261863659779,5688.0,2505.5263157894738,,4112.0922412262125,3940.575321725965,5823.081348399149,,4734.177215189873,4626.900448811257,6870.747663551402,3821.296476542729,2915.942691649184,5229.8441171232425,,7920.365708228435,2043.1513157894735,,,2276.1578639221007,2090.487217702603,,,,1865.532223165569,,1611.580521335476,911.4913871260198,,2197.8187565809067,8126.95206987076,12309.197203783997,,,12870.538115071287,6249.208860759493,13047.711153439152,10219.037773195876,10204.508607344023,13488.86174882588,,14734.677270597427,11737.299880597016,12269.184426126683,3471.6216216216217,1662.878787878788,3476.691691471284,2462.267725460564,,,2008.5754392655365,2294.7022997876857,3374.0079365079364,,2559.2105263157896,,,,,4739.344047962867,6203.08319516434,,3896.119510128056,4203.3994093534975,,4460.711090977572,7041.935483870968,,6272.727272727273,,2054.222576002898,1750.6009400495368,,2029.348250411257,,1115.0,2503.068316603314,1302.415254237288,1302.6190476190477,920.0,968.0,,1921.144221657096,,1827.773274493927,,,2709.6774193548385,2562.362927631579,3561.0124347338265,3027.3072392156864,3785.714285714286,4564.625772729857,2499.6204495281672,2702.3068212589524,,,,,1954.8491324016063,,2461.3530006956303,,,,,,,,,,,1447.0,,,2698.0,2619.0,3179.0,1485.0,1200.0,,,122240.0,,,4800.0,26500.0,27200.0,,43050.0,14300.0,112825.0,26900.0,58564.0,45549.0,5800.0,69884.0,2000.0,5700.0,,68471.0,1321.0,38542.0,,711.0,2473.2,6420.0,5137.0,31101.75,502983.0,,301.88,6080.0,,,2596.16,26101.02,,,,15653.49,,11202.0,352.96000000000004,,43649.0,9904.0,10148.0,,,191216.25,1264.0,22113.0,194.0,8122.25,18471.25,,97275.5,2948.0,51656.0,44992.0,2112.0,1429518.8,111168.0,,,11328.0,18840.0,4032.0,,3648.0,,,,,15512.0,9781.5,,4295.0,27177.0,,58410.0,193.75,,176.0,,1518100.0,928600.0,,2480200.0,,200.0,108388.0,23600.0,2100.0,500.0,2700.0,,365700.0,,6175.0,,,775.0,30400.0,1256700.0,2550.0,350.0,52761.0,262275.0,66325.0,,,,,124500.0,,63252.0,,,,,,,,,,,7.0,,,8.0,10.0,8.0,3.0,8.0,,,135.0,,,3.0,24.0,24.0,,32.0,14.0,63.0,31.0,43.0,50.0,12.0,39.0,2.0,7.0,,161.0,3.0,52.0,,4.0,6.0,17.0,7.0,39.0,316.0,,3.0,3.0,,,3.0,17.0,,,,20.0,,6.0,3.0,,25.0,16.0,32.0,,,122.0,4.0,75.0,6.0,17.0,52.0,,208.0,10.0,57.0,3.0,2.0,175.0,26.0,,,3.0,8.0,5.0,,4.0,,,,,32.0,23.0,,8.0,51.0,,99.0,2.0,,2.0,,132.0,83.0,,168.0,,2.0,29.0,11.0,4.0,4.0,6.0,,53.0,,8.0,,,6.0,8.0,227.0,4.0,4.0,65.0,172.0,44.0,,,,,71.0,,40.0,,,,,,,,,,,6487.804878048781,8663.565891472868,,8580.952380952382,,,8232.02614379085,,6757.638888888889,,8000.0,,2791.3513513513512,2331.72182967646,,2336.3636363636365,,,2977.777777777778,,2548.7179487179487,571.4285714285714,,3678.386121279644,,3624.070414945213,4181.818181818182,,4336.177085312559,,,5638.783232101961,4824.675324675325,,2096.875,2616.4580963215776,,,,,2157.15811965812,2185.323383084577,,,12030.06993006993,20550.0,24366.666666666668,5000.0,,,6750.0,10661.971830985916,,,,,5479.166666666667,,4100.0,,4453.2061473237945,3798.7012987012986,4892.994241842611,6292.424242424242,,1957.4782608695648,,1301.904761904762,1697.3076923076924,,,,1314.2857142857142,,1367.816091954023,1717.1875,4300.0,4394.142857142857,,4614.285714285715,3568.0,,4854.0,,3979.1666666666665,,,1720.4301075268818,,,2451.128818061089,,,,,,,1972.463768115942,,41.0,129.0,,105.0,,,306.0,,720.0,,60.0,,370.0,537.8,,110.0,,,450.0,,390.0,14.0,,6283.0,,5567.0,176.0,,5263.0,,,10043.0,462.0,,640.0,2637.0,,,,,1872.0,402.0,,,286.0,36.0,12.0,28.0,,,76.0,142.0,,,,,24.0,,220.0,,943.5,616.0,1042.0,264.0,,1150.0,,210.0,780.0,,,,70.0,,1740.0,320.0,10.0,700.0,,70.0,250.0,,250.0,,240.0,,,93.0,,,753.0,,,,,,,345.0,,5.0,11.0,,8.0,,,5.0,,12.0,,1.0,,10.0,18.0,,8.0,,,6.0,,13.0,1.0,,118.0,,87.0,4.0,,100.0,,,161.0,6.0,,13.0,21.0,,,,,8.0,11.0,,,17.0,2.0,2.0,1.0,,,1.0,10.0,,,,,3.0,,6.0,,33.0,9.0,30.0,4.0,,21.0,,4.0,13.0,,,,4.0,,45.0,5.0,1.0,16.0,,5.0,4.0,,6.0,,14.0,,,4.0,,,7.0,,,,,,,9.0,2024,1471.718,kamis
2024-10,,,,,,,16.618951612903224,88.075,349.6125,1361.0,101.6,48932.22222222222,9.0,36532.01639371981,9936.0,135.0,3.0,35179.938257988164,33424.44530578513,37702.8775787307,3380.0,726.0,5830.0,45.0,19.0,71.0,,10024.37088416837,9528.57142857143,,11886.523864175424,15702.134146341465,10829.047311181756,6178.71462264151,11321.361376649376,10982.513958139749,,11895.656744852862,10105.02445784996,8359.333570713645,,12110.25,560.0,,174799.0,164.0,32714.0,1696.0,10989.0,16304.25,,121368.4,5172.0,74533.0,,37.0,2.0,,139.0,2.0,102.0,10.0,25.0,52.0,,244.0,15.0,79.0,,8103.137446004506,6761.279596721312,,8530.549232158988,7213.4009009009,8292.517006802722,6186.072530864198,,,,8225.529762821587,3846.464672727273,9442.857142857143,1771.875,2989.0472940067552,2284.0773732142857,,2665.3633578858085,3012.903225806452,2223.348357797649,2385.5984499446904,2889.699584824624,2817.6002578366447,2412.333333333333,3218.1858598397152,3129.4117647058824,,,3104.005223941309,,3690.843558174387,,3242.562432138979,3680.6992145593863,2919.637908445146,3619.4174757281553,3080.012600980627,3558.3131060653086,,3757.300175585922,1919.642857142857,1733.3333333333333,1675.142857142857,1892.9775280898875,2195.520941197935,,1643.954659949622,1726.1205128205129,1776.183023845023,,,1252.6315789473683,,2042.1121783843712,,10024.37088416837,9528.57142857143,,11886.523864175424,15702.134146341465,10829.047311181756,6178.71462264151,11321.361376649376,10982.513958139749,,11895.656744852862,10105.02445784996,8359.333570713645,,,3038.797229300255,2580.820290880699,,,1695.967925257732,2031.249975,2900.0,2282.706072580645,2002.586206896552,2258.064516129032,,,,,,,1948.718,21341.847633111083,,7695.614035087719,,14798.409370787524,,,1668.0095606895554,1778.9068849135842,,1650.2492888649044,1453.7820564102562,1159.2432432432431,1636.7073693945126,1241.0766351409975,1292.5,844.4444583333333,877.927927927928,1620.0,1267.665260899654,,6370.168996313364,,,4765.729750778816,2883.771929824561,5702.663403540348,4537.520491803279,6400.0,8699.062607517577,5057.116503881876,6654.110865401785,,,978.9042577853336,,2544.868137404979,,2541.176470588235,1902.0833333333333,,,,,,,,,,5769.0,9150.0,,4428.0,1332.0,1323.0,5184.0,,,,67196.25,825.0,560.0,1600.0,38193.0,5600.0,,44802.0,6200.0,17781.0,50624.0,97790.0,45300.0,3000.0,112300.0,6800.0,,,27534.0,,36700.0,,3684.0,4176.0,10136.0,824.0,37527.0,122434.0,,4191.68,5600.0,12000.0,1400.0,2848.0,39901.490000000005,,1588.0,2925.0,18223.09,,,950.0,,52314.0,,12110.25,560.0,,174799.0,164.0,32714.0,1696.0,10989.0,16304.25,,121368.4,5172.0,74533.0,,,856703.8,120393.0,,,9312.0,3200.0,1920.0,5952.0,9280.0,1984.0,,,,,,,325.0,887.135,,912.0,,5571.25,,,1386400.0,619100.0,,2242190.0,7800.0,3700.0,211400.0,46100.0,7200.0,1200.0,11100.0,3000.0,346800.0,,5425.0,,,1284.0,11400.0,758400.0,24400.0,150.0,92450.0,104975.0,22400.0,,,38823.0,,363800.5,,3400.0,2160.0,,,,,,,,,,19.0,9.0,,31.0,4.0,6.0,20.0,,,,130.0,2.0,2.0,4.0,39.0,9.0,,42.0,10.0,30.0,42.0,73.0,20.0,8.0,58.0,4.0,,,76.0,,56.0,,12.0,13.0,21.0,2.0,56.0,167.0,,9.0,3.0,2.0,2.0,4.0,24.0,,5.0,7.0,21.0,,,2.0,,24.0,,37.0,2.0,,139.0,2.0,102.0,10.0,25.0,52.0,,244.0,15.0,79.0,,,118.0,37.0,,,11.0,4.0,2.0,5.0,8.0,3.0,,,,,,,2.0,4.0,,6.0,,20.0,,,171.0,86.0,,161.0,13.0,7.0,54.0,26.0,9.0,3.0,16.0,2.0,43.0,,10.0,,,9.0,4.0,220.0,11.0,2.0,58.0,107.0,20.0,,,13.0,,157.0,,2.0,4.0,,,,,,,,,,,8763.636363636364,,9288.636363636364,9647.058823529413,,,,8883.333333333334,,,,2818.4210526315787,3890.210843373494,,3019.230769230769,,,2750.0,,3706.25,,,2251.1363636363635,,2906.434446057088,,,3423.1729055258465,,,3872.982885085575,,,1823.7951807228917,2146.714349575324,,,,,1985.0951374207189,2345.714285714286,,,8168.300653594772,5655.940594059406,20147.916666666668,,,,,7356.3218390804595,,,,,,,,,,,,,1232.6666666666667,1327.8034682080925,,1941.888888888889,,1091.1764705882354,,1236.043956043956,,,1590.2898550724638,,,10833.333333333334,,,,,,,,,,,,,,,,,,,,,,,110.0,,132.0,51.0,,,,96.0,,,,380.0,664.0,,260.0,,,80.0,,160.0,,,440.0,,2067.0,,,2244.0,,,818.0,,,332.0,2237.0,,,,,946.0,140.0,,,306.0,161.6,96.0,,,,,174.0,,,,,,,,,,,,,750.0,1730.0,,900.0,,340.0,,910.0,,,690.0,,,30.0,,,,,,,,,,,,,,,,,,,,,,,11.0,,10.0,3.0,,,,2.0,,,,9.0,19.0,,6.0,,,2.0,,4.0,,,6.0,,39.0,,,40.0,,,12.0,,,8.0,18.0,,,,,4.0,4.0,,,15.0,5.0,5.0,,,,,6.0,,,,,,,,,,,,,4.0,42.0,,13.0,,4.0,,21.0,,,16.0,,,2.0,,,,,,,,,,,,,,,,,,,,,2024,1471.718,kamis
2024-11,,,,,,,10.093333333333334,49.8875,309.0875,1393.3761904761905,100.6,12273.777777777776,9.0,11422.431665313314,13054.0,141.0,3.0,9460.949388994308,12813.363495495496,12334.039426137717,4216.0,444.0,8394.0,43.0,14.0,84.0,,2525.5500107238604,3346.0365853658536,,2837.7720642486,4643.07113764045,5093.357983888686,2930.908166666666,3181.099263350135,4950.540661214954,1373.3333333333333,5005.989475580866,3600.236405155925,3226.2040366048964,,13428.0,1312.0,,296380.0,712.0,21848.0,1248.0,13689.0,7704.0,480.0,123264.0,12025.0,87420.0,,28.0,2.0,,141.0,6.0,68.0,11.0,28.0,28.0,4.0,214.0,18.0,90.0,,6346.518400091779,6659.638161117861,,7710.251208161282,6837.076710435384,8552.824267782427,5999.285714285715,6758.241758241758,5089.614373356705,,6697.236452247191,,3968.0232558139537,,3264.3396249056605,3916.04,3819.7368421052633,3241.240390985325,3087.400984452975,2719.2522138406034,3477.920053953488,3271.9740193110456,3348.216257438017,,3684.741297276536,4469.615384615385,3026.375,,3628.393665158371,,4358.510548901673,,4567.395954881369,5616.279069767442,3392.3192771084337,,3665.3153589575327,3425.163059659091,,4452.064301173402,1870.292009944913,1805.9429686117176,1399.3137516902273,1826.7113095238096,1803.2668611584716,,1300.0,1197.1286112787927,1649.6157726576068,1712.506801399145,,978.6937222574508,,2178.726730726304,,2525.5500107238604,3346.0365853658536,,2837.7720642486,4643.07113764045,5093.357983888686,2930.908166666666,3181.099263350135,4950.540661214954,1373.3333333333333,5005.989475580866,3600.236405155925,3226.2040366048964,,,4999.303092970985,,,,4400.124068769391,,3290.7819495192307,,,,,,,,,,,,,,,30628.571428571428,,,1838.6318605487609,2308.1781588726853,,1814.3853809047812,922.5230171270716,706.0,1797.8104115822782,1035.0751578249335,1265.1923076923076,,950.0,800.0,1714.761905606524,,4912.401100797607,,,4975.441088454706,4161.084669224353,4723.986055811867,4196.507796531792,3695.0,4200.681455066667,3921.249633894081,4459.162452206714,,3554.855749695246,,,2620.773357367565,,1906.5504692587624,,,1653.988435444079,,,,,,,,15254.0,20575.0,,16468.0,7235.0,1912.0,6650.0,1092.0,1141.0,,44500.0,,688.0,,39750.0,12500.0,5700.0,47700.0,52100.0,3049.0,43000.0,106364.0,24200.0,,143200.0,2600.0,8000.0,,884.0,,7648.0,,10284.0,344.0,1328.0,,21334.0,4224.0,,2301.0,82052.0,135592.0,3254.0,5376.0,111426.46,,1120.0,6295.0,39148.0,2573.0,,1971.25,,306422.8,,13428.0,1312.0,,296380.0,712.0,21848.0,1248.0,13689.0,7704.0,480.0,123264.0,12025.0,87420.0,,,464543.64,,,,15472.0,,13312.0,,,,,,,,,,,,,,,630.0,,,1242800.0,610300.0,,1435595.0,18100.0,500.0,158000.0,37700.0,10400.0,,600.0,200.0,196200.0,,50150.0,,,14075.0,29975.0,501775.0,47575.0,2250.0,37500.0,40125.0,66275.0,,2461.0,,,465683.0,,26105.0,,,4864.0,,,,,,,,40.0,11.0,,39.0,4.0,14.0,19.0,10.0,2.0,,81.0,,4.0,,47.0,14.0,3.0,26.0,30.0,10.0,31.0,62.0,19.0,,74.0,3.0,11.0,,5.0,,13.0,,22.0,2.0,5.0,,38.0,6.0,,6.0,5.0,8.0,3.0,6.0,36.0,,2.0,15.0,27.0,4.0,,4.0,,48.0,,28.0,2.0,,141.0,6.0,68.0,11.0,28.0,28.0,4.0,214.0,18.0,90.0,,,118.0,,,,6.0,,4.0,,,,,,,,,,,,,,,6.0,,,143.0,70.0,,143.0,15.0,2.0,45.0,23.0,15.0,,2.0,2.0,43.0,,56.0,,,34.0,9.0,164.0,11.0,10.0,30.0,83.0,32.0,,17.0,,,218.0,,23.0,,,4.0,,,,,,,,10600.0,5630.13698630137,,6004.340277777777,4988.505747126437,,,,6078.911564625851,,,,3301.470588235294,3681.831610044313,,3160.0,3666.6666666666665,,3213.953488372093,,3506.25,,,2723.809523809524,,,,,3752.1739130434794,,,4293.172690763052,5469.034608378872,,1430.642822619623,1514.8359143063467,,,,750.0,1754.602468136759,2291.772151898734,,2250.0,3443.014705882353,2555.171221030785,5862.847222222223,,,,,3125.109170305677,,,,,,,,,,,,,,870.8333333333334,,1825.0,1578.2142857142858,,,1104.1237113402062,2206.936416184971,,1049.227799227799,526.0869565217391,5300.0,,,3268.8888888888887,1066.6666666666667,,4008.3333333333335,,3126.896551724138,,,,,1818.43853820598,2715.7601115760112,,,,,,,,,15.0,292.0,,576.0,87.0,,,,294.0,,,,680.0,677.0,,500.0,30.0,,430.0,,320.0,,,210.0,,,,,460.0,,,996.0,219.6,,2069.0,6231.5,,,,4.0,5931.6,790.0,,12.0,1088.0,289.1,288.0,,,,,458.0,,,,,,,,,,,,,,480.0,,1320.0,560.0,,,1940.0,1730.0,,1036.0,230.0,10.0,,,315.0,15.0,,420.0,,145.0,,,,,602.0,717.0,,,,,,,,,1.0,9.0,,23.0,10.0,,,,11.0,,,,23.0,16.0,,18.0,2.0,,9.0,,12.0,,,12.0,,,,,8.0,,,15.0,14.0,,38.0,64.0,,,,1.0,23.0,22.0,,1.0,30.0,12.0,9.0,,,,,26.0,,,,,,,,,,,,,,18.0,,22.0,4.0,,,27.0,10.0,,18.0,5.0,1.0,,,10.0,3.0,,7.0,,16.0,,,,,6.0,8.0,,,,,,,,2024,1471.718,kamis
2024-12,,,,,,,2.4096774193548387,19.55,303.875,1434.4238095238095,87.9,9623.111111111111,9.0,6319.958981538192,5714.5,55.0,3.0,4560.953290870489,9835.157486486489,6963.18092629792,1884.0,296.0,3534.5,16.0,8.0,31.0,,2154.1639057563325,2100.0,,2467.146185473237,1376.3157894736842,3018.7562952402195,2759.670076142132,2110.743051304348,2276.7518631522894,,3315.121341473356,2572.535142595977,1871.8435710368008,,10175.75,1888.0,,283642.0,608.0,12372.84,788.0,9200.0,3756.0,,117772.0,8752.0,90432.0,,22.0,6.0,,142.0,2.0,50.0,7.0,19.0,12.0,,217.0,16.0,85.0,,6016.025977020486,6119.533466328257,,7295.09362596311,8098.445027836437,,4275.039594551789,7297.196239252336,,,5642.677933010867,4603.40129387755,,,3653.9776411535454,,,3768.102575061438,3309.9736893333334,1489.6774193548388,3325.7465712328767,3393.316442698052,3324.8936170212764,,4668.070162229103,,3740.843373493976,4821.428571428572,,,5105.786760818253,,3992.7374301675977,,,,3117.593251144539,3453.616352201258,,,1588.3057700379186,2141.066263994496,1822.985467689213,,2086.0049071286044,,,1245.2533688936237,1438.8419890709126,1181.8591506263367,,1501.9868456046,,2030.154580445022,,2154.1639057563325,2100.0,,2467.146185473237,1376.3157894736842,3018.7562952402195,2759.670076142132,2110.743051304348,2276.7518631522894,,3315.121341473356,2572.535142595977,1871.8435710368008,,,4946.25068593217,4333.0,,,3081.2309739622083,,,,,,,,,,,,,,,,,,,,1767.5679119477657,1859.1007356579416,,1836.1857549943595,,,1792.820507185039,1476.611570247934,2439.428408974359,,514.2857142857143,,1872.5047825335896,3784.934897897898,3704.560746059113,4088.8888888888887,,3918.9782053445856,3018.703500056657,3592.170504897484,3767.255927908309,2575.0,3500.0871106614786,3401.382116376307,3390.135109716251,,3384.2176674012544,,,3139.2878274433865,,,,,2651.576882450581,,,,,,,,20453.0,14775.0,,17132.0,5209.0,,3157.0,2140.0,,,15092.0,1225.0,,,32075.0,,,18718.0,67500.0,3100.0,7300.0,26849.0,14100.0,,32300.0,,8300.0,1120.0,,,5084.0,,716.0,,,,6116.0,636.0,,,222054.0,171496.0,79540.0,,98552.95,,,6571.0,87107.0,13092.0,,6429.79,,614733.5,,10175.75,1888.0,,283642.0,608.0,12372.84,788.0,9200.0,3756.0,,117772.0,8752.0,90432.0,,,44847.0,307.0,,,13442.0,,,,,,,,,,,,,,,,,,,,1179300.0,557800.0,,1013193.0,,,101600.0,12100.0,15600.0,,700.0,,104200.0,8325.0,40600.0,2250.0,,14220.0,44125.0,279225.0,43625.0,800.0,64250.0,7175.0,29075.0,,5899.0,,,37182.0,,,,,6627.0,,,,,,,,31.0,14.0,,37.0,6.0,,13.0,7.0,,,39.0,2.0,,,21.0,,,23.0,22.0,4.0,14.0,16.0,10.0,,29.0,,5.0,2.0,,,10.0,,4.0,,,,11.0,2.0,,,13.0,6.0,6.0,,29.0,,,7.0,22.0,8.0,,3.0,,49.0,,22.0,6.0,,142.0,2.0,50.0,7.0,19.0,12.0,,217.0,16.0,85.0,,,24.0,2.0,,,7.0,,,,,,,,,,,,,,,,,,,,136.0,49.0,,96.0,,,12.0,5.0,8.0,,3.0,,9.0,4.0,44.0,2.0,,22.0,17.0,68.0,6.0,4.0,24.0,23.0,24.0,,25.0,,,33.0,,,,,11.0,,,,,,,,,5268.243243243243,,7975.378787878788,,,7600.0,,6361.3861386138615,,,,3570.5882352941176,4672.80701754386,,4040.0,,,3454.8387096774195,,3405.8823529411766,,4916.666666666667,5316.428571428572,,2999.375,,,5181.467181467181,,,4538.888888888889,4948.652118100128,,1260.042735042735,1670.3296703296703,1496.1538461538462,600.0,,,1862.861342479177,1951.6666666666667,,,2026.0416666666667,1018.75,2632.5187969924814,,,,,1460.0,,,,,,,,,,,,,,1935.7142857142856,,1451.6326530612246,,,,1914.7058823529408,1308.1632653061224,,1950.0,,3358.9189189189187,4422.580645161291,,2874.901960784314,,,3603.8888888888887,,3242.8571428571427,,,,,,,,,,,,,,,,148.0,,264.0,,,60.0,,202.0,,,,340.0,570.0,,275.0,,,310.0,,170.0,,240.0,280.0,,320.0,,,518.0,,,144.0,311.6,,936.0,3094.0,52.0,32.0,,,4082.0,1020.0,,,672.0,16.0,532.0,,,,,250.0,,,,,,,,,,,,,,280.0,,490.0,,,,340.0,490.0,,320.0,,185.0,310.0,,255.0,,,540.0,,245.0,,,,,,,,,,,,,,,,4.0,,11.0,,,3.0,,2.0,,,,9.0,14.0,,6.0,,,6.0,,11.0,,2.0,5.0,,7.0,,,11.0,,,2.0,10.0,,13.0,31.0,2.0,1.0,,,16.0,24.0,,,19.0,4.0,10.0,,,,,15.0,,,,,,,,,,,,,,2.0,,15.0,,,,11.0,9.0,,6.0,,6.0,5.0,,7.0,,,10.0,,20.0,,,,,,,,,,,,,,2024,1471.718,kamis
2025-01,,,,,,,0.3290322580645161,38.3875,312.125,1455.7944444444445,91.0,10115.111111111111,9.0,8462.280919182085,10270.0,90.0,3.0,8610.311272178637,12114.76956097561,8255.263811028315,3314.0,246.0,6710.0,37.0,9.0,44.0,,2288.7986153532884,2109.5454545454545,,2318.0253143348405,2469.489981785064,3641.766987055016,3023.8142818791944,1618.8671759339704,2637.719298245614,,3437.829942824836,2012.2804577854672,2148.1215629340977,,19644.0,1760.0,,274513.0,2196.0,6180.0,596.0,18416.0,912.0,,109663.0,11560.0,99056.0,,37.0,6.0,,154.0,11.0,24.0,8.0,27.0,4.0,,190.0,12.0,78.0,,4303.744396317872,4705.846225257732,5768.085106382979,5234.683693028688,4904.467309195103,,4478.753199745547,3411.731843575419,,5259.375,4347.042058351944,,2703.125,,4752.448637415882,,,4531.021785823872,3489.0191801980204,,3712.408823529412,1824.7058823529408,4747.426294557823,,3638.765432098765,,4705.03937007874,,3407.624633431085,,4366.666666666667,,,4001.890359168242,5253.538461538462,,3364.793967881484,4898.089688469606,,,1686.317958827893,,1192.1439819715033,,1976.453349972528,1534.4519015659955,,886.089246119734,1887.4007029021184,1556.233794295592,,,,1740.9191573641567,,2288.7986153532884,2109.5454545454545,,2318.0253143348405,2469.489981785064,3641.766987055016,3023.8142818791944,1618.8671759339704,2637.719298245614,,3437.829942824836,2012.2804577854672,2148.1215629340977,,,,,,,,,,,,,,,,,,,,,,,,,,,1790.3051457146116,2031.354074187344,,1721.2735504153677,,,1967.4923540755467,1602.9553154639175,2685.0515463917527,,,1763.0681818181818,,2699.0354284629984,2330.9590256532065,,5029.411764705882,2768.8252099385336,2251.6567680851063,2512.995018871415,,2488.893266009852,2396.607145323741,2101.006787330317,1504.1409695154184,,3403.554994804809,,,3223.818211715697,,,,,7212.75,,,,,,,,22487.0,19400.0,2350.0,33394.0,3839.0,,786.0,716.0,,800.0,17463.0,,512.0,,18575.0,,,32590.0,101000.0,,3400.0,1700.0,14700.0,,8100.0,,12700.0,,1364.0,,360.0,,,2116.0,6500.0,,6997.21,8276.56,,,10784.0,,3439.0,,64810.83,1788.0,,7216.0,39100.75,9256.0,,,,87403.83,,19644.0,1760.0,,274513.0,2196.0,6180.0,596.0,18416.0,912.0,,109663.0,11560.0,99056.0,,,,,,,,,,,,,,,,,,,,,,,,,,,877400.0,519900.0,,1006578.0,,,50300.0,9700.0,9700.0,,,4400.0,,13175.0,31575.0,,68.0,11551.0,25850.0,216200.0,,5075.0,31275.0,11050.0,28375.0,,6737.0,,,31927.25,,,,,320.0,,,,,,,,41.0,18.0,2.0,67.0,13.0,,4.0,10.0,,2.0,38.0,,3.0,,13.0,,,40.0,15.0,,7.0,2.0,10.0,,9.0,,9.0,,8.0,,2.0,,,6.0,12.0,,17.0,13.0,,,4.0,,6.0,,34.0,3.0,,14.0,21.0,3.0,,,,30.0,,37.0,6.0,,154.0,11.0,24.0,8.0,27.0,4.0,,190.0,12.0,78.0,,,,,,,,,,,,,,,,,,,,,,,,,,,107.0,47.0,,102.0,,,21.0,8.0,4.0,,,5.0,,4.0,39.0,,3.0,18.0,18.0,34.0,,14.0,13.0,17.0,19.0,,33.0,,,34.0,,,,,2.0,,,,,,,,,4335.384615384615,,5499.180327868852,,,,,5365.942028985507,,,,4085.0,4459.069767441861,,3540.625,,,,,3980.0,,5000.0,4284.353741496599,,4710.080645161291,,,5271.104815864022,,,4377.962577962578,4740.963855421687,,1340.4059040590405,1615.5295360507089,,,,,2110.873119686069,2199.7122302158277,,,2398.202247191012,2222.7314390467463,3462.954545454545,,,,2333.333333333333,2195.344129554656,,,,,,,,,,,,,,2162.9333333333334,,1755.51912568306,,,,,,2200.0,,,1760.0,4025.0,,,,,2646.24,,2152.777777777778,,,,,,,,,,,,,,,,520.0,,366.0,,,,,276.0,,,,200.0,860.0,,320.0,,,,,200.0,,608.0,294.0,,744.0,,,706.0,,,1924.0,249.0,,1084.0,5679.5,,,,,6116.0,1390.0,,,1780.0,218.2,440.0,,,,180.0,494.0,,,,,,,,,,,,,,750.0,,1830.0,,,,,,195.0,,,125.0,420.0,,,,,625.0,,360.0,,,,,,,,,,,,,,,,14.0,,20.0,,,,,6.0,,,,12.0,15.0,,9.0,,,,,2.0,,5.0,7.0,,12.0,,,11.0,,,20.0,4.0,,26.0,47.0,,,,,24.0,35.0,,,49.0,6.0,8.0,,,,4.0,26.0,,,,,,,,,,,,,,27.0,,34.0,,,,,,6.0,,,6.0,18.0,,,,,14.0,,18.0,,,,,,,,,,,,,,2025,,kamis
2025-02,,,,,,,-0.27232142857142855,29.4125,305.475,1445.56,95.0,8290.666666666666,9.0,6971.355473587142,15182.0,130.0,3.0,7368.645714285713,11574.903703703703,6513.361003980539,5733.0,405.0,9044.0,41.0,17.0,72.0,,2040.175878959276,2095.108695652174,,2151.3951202837097,2553.211009174312,2793.957698291641,2944.74358974359,1588.7257400908338,1530.1418191489363,,2681.474889836808,2157.3012276507275,1921.2313222884304,,24752.0,1472.0,,314124.0,2180.0,6556.0,624.0,19376.0,752.0,,118388.0,15392.0,116132.0,,34.0,5.0,,140.0,5.0,34.0,6.0,30.0,5.0,,211.0,15.0,90.0,,5432.349686636376,4538.419542633229,4337.5,5435.690370162854,4438.095238095239,,1955.039585870889,3702.0833333333335,4956.363636363636,5295.0,5450.918113738739,5400.0,2513.2075471698117,,4053.029520295203,,,3515.787041111111,3969.689613571428,3610.15625,4166.267241379311,2734.646017699115,3807.242426363636,,,,4148.2558139534885,4544.811320754717,,,4650.793650793651,,,,,,3540.6294706723893,,,,2136.9565217391305,1688.888888888889,,,2277.911912817662,,,1490.5018413878563,1982.823507126105,,,,,2186.493283447552,,2040.175878959276,2095.108695652174,,2151.3951202837097,2553.211009174312,2793.957698291641,2944.74358974359,1588.7257400908338,1530.1418191489363,,2681.474889836808,2157.3012276507275,1921.2313222884304,,,,,,,,,,,,,,,,,,,,,,,,,,,1701.7946255728812,2155.5077811708056,,1716.5183681181854,,,1871.7168773936169,1098.181793939394,2365.8540772241995,1525.6521739130435,,,2083.9841909158604,2991.0544384915474,3570.402163582532,,4813.611261505143,4505.134913854478,2687.420424403183,3036.775288820764,2415.212527964206,4347.747747747748,3902.124833769471,2759.3294559766764,3073.290078937616,,4117.130307467057,,,1428.3274021352313,,3146.1518528116094,,,,,,,,,,,21349.0,15950.0,1400.0,70677.0,2310.0,,6568.0,384.0,1650.0,600.0,22200.0,3450.0,212.0,,27100.0,,,18000.0,70000.0,12800.0,2900.0,11300.0,55000.0,,,,8600.0,1696.0,,,252.0,,,,,,2796.0,,,,4600.0,9000.0,,,38981.29,,,2421.0,22172.0,,,,,64788.0,,24752.0,1472.0,,314124.0,2180.0,6556.0,624.0,19376.0,752.0,,118388.0,15392.0,116132.0,,,,,,,,,,,,,,,,,,,,,,,,,,,737500.0,1183800.0,,1246855.0,,,112800.0,3300.0,28100.0,4600.0,,,134300.0,19225.0,33775.0,,1847.0,28092.0,9425.0,244650.0,11175.0,5550.0,80250.0,8575.0,40475.0,,3415.0,,,2810.0,,7718.0,,,,,,,,,,,62.0,11.0,3.0,81.0,6.0,,10.0,6.0,12.0,2.0,53.0,2.0,4.0,,15.0,,,18.0,15.0,6.0,7.0,12.0,17.0,,,,8.0,4.0,,,3.0,,,,,,8.0,,,,3.0,2.0,,,18.0,,,7.0,19.0,,,,,28.0,,34.0,5.0,,140.0,5.0,34.0,6.0,30.0,5.0,,211.0,15.0,90.0,,,,,,,,,,,,,,,,,,,,,,,,,,,81.0,101.0,,91.0,,,20.0,5.0,12.0,8.0,,,3.0,5.0,37.0,,11.0,30.0,12.0,50.0,7.0,3.0,14.0,15.0,32.0,,23.0,,,8.0,,6.0,,,,,,,,,,,5139.784946236559,6050.0,6200.724637681159,4975.193798449613,,,,,8250.0,,,,4740.0,4515.217391304348,,,,,4580.0,,4680.0,,3562.5,7360.0,,3266.3636363636365,,,,,,,7333.333333333333,,1536.9318181818182,2080.7137433561124,,,,,2026.6747868453103,2579.4117647058824,,,2215.6976744186045,2145.833333333333,3648.3333333333335,,,,,1929.621848739496,,,,,,,,,,,,,,1444.7115384615386,,2818.867924528302,,,,,,,,,2236.25,4786.184210526316,,,,,4648.5,,3425.9154929577467,,,,,,,,,,,,,,,93.0,112.0,276.0,645.0,,,,,300.0,,,,150.0,460.0,,,,,450.0,,250.0,,128.0,25.0,,110.0,,,,,,,135.0,,176.0,1317.0,,,,,3284.0,612.0,,,860.0,48.0,240.0,,,,,476.0,,,,,,,,,,,,,,1040.0,,265.0,,,,,,,,,80.0,760.0,,,,,400.0,,710.0,,,,,,,,,,,,,,,4.0,4.0,6.0,23.0,,,,,4.0,,,,8.0,11.0,,,,,9.0,,1.0,,5.0,3.0,,3.0,,,,,,,6.0,,5.0,12.0,,,,,13.0,17.0,,,24.0,2.0,5.0,,,,,23.0,,,,,,,,,,,,,,12.0,,10.0,,,,,,,,,5.0,20.0,,,,,7.0,,41.0,,,,,,,,,,,,,,2025,,kamis
2025-03,,,,,,,7.960483870967742,36.175,371.45,1456.9450000000002,93.2,9235.777777777776,9.0,7259.298042678295,20272.6,145.0,3.0,7557.673053909118,8575.515310218978,6965.114176302252,7086.0,1096.0,12090.6,57.0,23.0,65.0,,2121.9035232805845,,,2317.808875839689,2249.0425531914893,2847.604686813187,1865.1962264150943,1681.3263490970392,2800.5649717514125,,2606.55290066394,2082.6958947769726,1929.0567507093251,,26288.0,,,255154.0,2820.0,11284.0,2120.0,24511.58,1416.0,,164774.0,20984.0,148028.0,,41.0,,,133.0,8.0,38.0,13.0,30.0,4.0,,234.0,25.0,98.0,,6316.729255895197,5885.46332046332,,6568.450953921725,5878.787878787879,,4705.302547963541,5441.32065576986,5743.397529224229,7150.0,5624.738749081669,,5496.778269109286,,3744.010199787686,,,3295.617722727273,3722.7574064624896,3177.304469273743,3992.783102739726,3461.657889473684,3835.5106020231215,,,,3822.533333333333,4641.416030075188,,,4245.454545454545,,4411.458406250001,,4341.333333333333,,3945.559210526316,,,3974.8997771920217,2115.3846153846152,,,,1963.651319246417,,,1411.7073333333333,1505.304598677645,,,,,2119.425792154223,,2121.9035232805845,,,2317.808875839689,2249.0425531914893,2847.604686813187,1865.1962264150943,1681.3263490970392,2800.5649717514125,,2606.55290066394,2082.6958947769726,1929.0567507093251,,,,,,,,,,,,,,,,,,,,,,,,,,,1871.5561235882772,1973.1132653723348,,1636.0936688430986,,,1906.0832987322103,,2053.403786245741,,,,1857.248084300341,3056.6584902,3626.919018414322,,4774.903687396808,3653.226261896669,2799.8899291457287,2992.709875121826,3254.1052631578946,3592.5714285714284,3286.0763383216417,2420.590266666667,2823.5533063218386,,4052.881236823612,,,3584.375131540178,,,,,,,,,,,,,22900.0,12950.0,,74916.0,1287.0,,15689.0,3059.0,11292.0,700.0,36207.0,,1583.0,,47100.0,,,28600.0,88975.0,35800.0,7300.0,28500.0,69200.0,,,,7500.0,2660.0,,,440.0,,2560.0,,1500.0,,4256.0,,,7356.11,6500.0,,,,65763.15,,,4500.0,16032.0,,,,,69821.0,,26288.0,,,255154.0,2820.0,11284.0,2120.0,24511.58,1416.0,,164774.0,20984.0,148028.0,,,,,,,,,,,,,,,,,,,,,,,,,,,279800.0,970900.0,,714395.5,,,79824.0,,14381.0,,,,117200.0,25000.0,19550.0,,1817.0,11768.0,9950.0,194950.0,1900.0,1750.0,96225.0,7200.0,43500.0,,2846.0,,,5939.25,,,,,,,,,,,,,70.0,10.0,,89.0,7.0,,23.0,9.0,8.0,2.0,36.0,,3.0,,20.0,,,25.0,19.0,6.0,11.0,29.0,13.0,,,,4.0,9.0,,,3.0,,2.0,,2.0,,14.0,,,4.0,4.0,,,,20.0,,,14.0,16.0,,,,,32.0,,41.0,,,133.0,8.0,38.0,13.0,30.0,4.0,,234.0,25.0,98.0,,,,,,,,,,,,,,,,,,,,,,,,,,,41.0,96.0,,90.0,,,21.0,,13.0,,,,3.0,4.0,41.0,,8.0,31.0,16.0,36.0,4.0,6.0,16.0,18.0,38.0,,23.0,,,7.0,,,,,,,,,,,,,,,6774.180327868852,5839.74358974359,,,,,7847.826086956522,,,,,3828.3333333333335,,,,,4633.333333333333,,4200.0,,,,,,,,,,,,4824.060150375941,,2000.0,2021.9560878243512,,,,,2431.4814814814813,,,,3149.446494464945,,4287.5,,,,1375.0,2808.333333333333,,,,,,,,,,,,,,2518.428571428572,,2542.8571428571427,,,,1260.877192982456,,,,,4030.0,4680.609756097561,,,,,,,,,,,,,,,,,,,,,,,,244.0,234.0,,,,,46.0,,,,,300.0,,,,,210.0,,20.0,,,,,,,,,,,,664.9999999999999,,120.0,1503.0,,,,,972.0,,,,542.0,,112.0,,,,16.0,60.0,,,,,,,,,,,,,,700.0,,280.0,,,,570.0,,,,,40.0,820.0,,,,,,,,,,,,,,,,,,,,,,,,10.0,9.0,,,,,4.0,,,,,6.0,,,,,3.0,,1.0,,,,,,,,,,,,13.0,,1.0,14.0,,,,,5.0,,,,15.0,,2.0,,,,2.0,2.0,,,,,,,,,,,,,,19.0,,3.0,,,,6.0,,,,,4.0,15.0,,,,,,,,,,,,,,,,,,,,,2025,,kamis
2025-04,,,,,,,13.23625,63.2875,393.325,1444.3136363636365,93.6,9581.555555555557,9.0,8124.50783027535,19048.5,157.0,3.0,8306.357907575313,9502.452476549866,7901.026975183905,6838.0,927.5,11283.0,57.0,26.0,74.0,,2421.42714490161,,,2407.8393242356315,1730.5767833078105,2470.002354834906,2036.196875017495,1877.441815560567,2276.7806518959687,1786.71875,2304.017824828298,1989.4968606006275,2006.900180724617,,26832.0,,,359578.0,5224.0,16960.0,1786.25,24832.0,2471.56,768.0,180109.0,17848.0,139660.0,,45.0,,,121.0,8.0,42.0,17.0,32.0,10.0,2.0,268.0,23.0,96.0,,5138.746573261571,4394.21765510204,,5200.821782810795,4702.953507908328,,4977.343850705508,4647.771206234257,5002.256608639587,,4582.908643614014,5260.274005479452,8966.666666666666,,2538.601129739337,,,2138.078390618068,2221.834517293998,2540.271739130435,1565.136226951635,2186.419103951082,2470.236276219512,,2153.346828591549,,2698.227848101266,,,,4648.203498576044,,,4924.375031250001,,,6804.371584699454,,,5900.544444770197,1075.6272401433691,,,,1194.3398944486653,,925.7686676427526,681.4824101796407,1016.4888581001184,,,473.8330975954738,,1087.0116900146993,,2421.42714490161,,,2407.8393242356315,1730.5767833078105,2470.002354834906,2036.196875017495,1877.441815560567,2276.7806518959687,1786.71875,2304.017824828298,1989.4968606006275,2006.900180724617,,,4307.344632768361,,,,,,,,,,,,,,,,,,,,,,,,1826.5060898244035,1870.276535663338,,1575.832525330561,,,2085.588211872146,,1943.315010989011,,,,1618.948575413451,2640.2178429028813,3110.382272667758,2741.095890410959,6172.881355932203,2829.999956541721,2373.290332811997,2251.3201438544493,1899.938838948626,3066.440381679389,2655.079309650924,2167.849686458333,2569.9054947439354,,3521.218808351723,2372.651243488512,,2688.477932490997,,2863.1877247014177,,,3096.742873065455,2160.907555620824,,,,,,,44034.0,2450.0,,126498.0,6196.0,,6591.0,6352.0,1551.0,,54831.0,1825.0,120.0,,84400.0,,,85654.0,98300.0,46000.0,44309.0,106300.0,65600.0,,71000.0,,7900.0,,,,7942.66,,,768.0,,,1464.0,,,3683.79,5580.0,,,,40117.92,,2732.0,2672.0,10148.0,,,243.208,,58506.0,,26832.0,,,359578.0,5224.0,16960.0,1786.25,24832.0,2471.56,768.0,180109.0,17848.0,139660.0,,,3318.75,,,,,,,,,,,,,,,,,,,,,,,,222100.0,771100.0,,393497.0,,,43800.0,,27300.0,,,,90700.0,23425.0,45825.0,1825.0,236.0,73979.0,21739.0,607350.0,62775.0,13100.0,109575.0,24000.0,74200.0,,5891.0,98403.0,,16383.0,,134385.0,,,7043.0,27238.0,,,,,,,87.0,3.0,,102.0,11.0,,11.0,19.0,10.0,,72.0,2.0,3.0,,33.0,,,47.0,22.0,8.0,29.0,55.0,18.0,,30.0,,4.0,,,,7.0,,,2.0,,,8.0,,,8.0,6.0,,,,22.0,,3.0,7.0,11.0,,,3.0,,31.0,,45.0,,,121.0,8.0,42.0,17.0,32.0,10.0,2.0,268.0,23.0,96.0,,,2.0,,,,,,,,,,,,,,,,,,,,,,,,27.0,75.0,,60.0,,,9.0,,18.0,,,,3.0,9.0,66.0,4.0,4.0,47.0,20.0,90.0,10.0,16.0,20.0,12.0,36.0,,23.0,51.0,,7.0,,58.0,,,7.0,8.0,,,,,,,,,,,,,,,,,,,,,,,,,,,,,,,,,,,,,,,,,,,,,,,,,,,,,,,,,,,,,,,,,,,,,,,,,,,,,,,,,,,,,,,,,,,,,,,,,,,,,,,,,,,,,,,,,,,,,,,,,,,,,,,,,,,,,,,,,,,,,,,,,,,,,,,,,,,,,,,,,,,,,,,,,,,,,,,,,,,,,,,,,,,,,,,,,,,,,,,,,,,,,,,,,,,,,,,,,,,,,,,,,,,,,,,,,,,,,,,,,,,,,,,,,,,,,,,,,,,,,,,,,,,,,,,,,,,,,,,,,,,,,,,,,,,,,,,,,,,,,,,2025,,kamis
2025-05,9019.111111111111,8958.5,249.53601387820214,8741.0,9435.0,18.0,17.365322580645163,108.4125,435.8875,1394.4894736842105,101.7,11531.0,9.0,10177.956098636483,11565.7,96.0,3.0,10157.592247361175,12306.55330694691,9950.79354872587,4358.0,732.7,6475.0,33.0,20.0,43.0,,2900.5155780723903,,,2929.533865613077,1891.4728682170544,3570.545483204546,1433.2334093596105,2278.4438299348326,3158.062845106383,,3512.3869928927925,3107.874227571116,2718.100347471501,,19008.0,,,386868.0,1548.0,28244.25,2148.38,19028.0,9400.0,,163496.0,14624.0,131936.0,,40.0,,,131.0,9.0,61.0,18.0,33.0,21.0,,222.0,26.0,95.0,,3500.07021355245,4002.571898360656,,3728.1583784455647,2834.730992674918,,3468.97170579546,2935.977588795519,2600.24992126708,,3595.833470609323,3414.6496853503186,3165.1006711409395,1697.142857142857,2186.0150754065044,1524.734693877551,,2176.20935839986,2362.9892409788868,2030.9615384615383,1563.9201744755246,2090.254923708425,2163.6793978070173,,2112.3445005301205,,2341.752781549816,,,,,,,4654.85294117647,,,,,,5224.813757571538,934.9363723392274,,777.847490611566,,856.8943581088549,,1050.0,991.9717656517277,950.8269467497915,,,,,1014.8655467127884,,2900.5155780723903,,,2929.533865613077,1891.4728682170544,3570.545483204546,1433.2334093596105,2278.4438299348326,3158.062845106383,,3512.3869928927925,3107.874227571116,2718.100347471501,,,,3618.572589784416,,,6404.7,,,,,,,18192.36885032758,12355.263157894737,7707.857142857143,,,10190.47619047619,8452.380952380952,,,12793.083399758616,,,,2014.7528544740435,2100.6593554045244,,1750.8086180314451,,,2203.1000864102566,,2251.511106666667,,,,2261.260950328467,1902.444457846154,2263.92089679647,,,1941.6969598533549,1986.606462310276,1820.8625500618336,1907.612096382576,1878.505904897959,1897.0898493318232,1759.0845070422536,1822.9154890171387,,2421.3657852701544,2267.1722358145103,,2518.2393820018515,,2114.5560454852207,,1286.6153739516185,2756.6955676278726,2213.803702474763,,,2148.605864030817,,1961.337937956741,,69552.0,27450.0,,118268.0,7918.0,,20309.0,8925.0,16321.0,,83683.0,3925.0,2980.0,2800.0,98400.0,24500.0,,159336.0,104200.0,26000.0,114400.0,189536.0,114000.0,,207500.0,,27100.0,,,,,,,272.0,,,,,,7181.5,177580.0,,137070.25,,65590.95,,3120.0,5846.0,100732.0,,,,,1452964.0,,19008.0,,,386868.0,1548.0,28244.25,2148.38,19028.0,9400.0,,163496.0,14624.0,131936.0,,,,39567.0,,,8000.0,,,,,,,8948.810000000001,304.0,140.0,,,31.5,31.5,,,9321.25,,,,292800.0,537050.0,,413034.0,,,39000.0,,22500.0,,,,274000.0,16250.0,52130.0,,,143748.0,23521.0,979239.0,117791.0,36750.0,110375.0,3550.0,142950.0,,9328.0,172381.25,,761745.0,,703855.0,,14427.0,193611.0,101141.0,,,23623.0,,156407.0,,90.0,16.0,,88.0,13.0,,24.0,21.0,10.0,,92.0,3.0,9.0,5.0,50.0,16.0,,68.0,34.0,4.0,43.0,72.0,32.0,,62.0,,8.0,,,,,,,3.0,,,,,,7.0,10.0,,4.0,,16.0,,4.0,11.0,18.0,,,,,60.0,,40.0,,,131.0,9.0,61.0,18.0,33.0,21.0,,222.0,26.0,95.0,,,,26.0,,,5.0,,,,,,,55.0,11.0,7.0,,,2.0,3.0,,,91.0,,,,32.0,40.0,,37.0,,,8.0,,15.0,,,,14.0,2.0,50.0,,,73.0,23.0,165.0,34.0,23.0,58.0,7.0,52.0,,24.0,69.0,,127.0,,150.0,,6.0,33.0,34.0,,,4.0,,33.0,,2517.2413793103447,2441.1290322580644,4308.801498127341,3898.6111111111113,,,,,3935.7876712328766,,,,1500.103626943005,1769.2753623188405,,1419.3087557603687,,1045.4545454545455,,,1348.1772035071529,,,6875.0,,,,,,,,1371.7105263157894,5276.615969581749,,626.7647058823529,785.5189419412687,,,,,504.0372670807453,1806.122448979592,,,1878.0364372469635,1395.6204379562043,3001.333333333333,,,,883.3333333333334,2037.593984962406,,,3500.0,,,,,,,,,,,2705.8169934640523,,,,,,,,,,,1971.904761904762,2037.0986460348165,2103.288043478261,2051.3207547169814,,,1811.7058823529408,,1905.8860103626944,,2422.9391855006006,1971.2140175219024,,1951.897409055221,1863.5044642857144,538.9101018220794,,,,2142.8571428571427,,,,29.0,992.0,2136.0,720.0,,,,,584.0,,,,1930.0,2070.0,,2170.0,,440.0,,,2167.0,,,8.0,,,,,,,,1824.0,1052.0,,1020.0,4461.0,,,,,322.0,392.0,,,988.0,274.0,300.0,,,,72.0,266.0,,,12.0,,,,,,,,,,,1530.0,,,,,,,,,,,210.0,2585.0,3680.0,1590.0,,,1700.0,,4825.0,,9159.0,1598.0,,7642.0,17920.0,29856.0,,,,245.0,,,,5.0,15.0,36.0,28.0,,,,,22.0,,,,56.0,20.0,,25.0,,6.0,,,45.0,,,1.0,,,,,,,,12.0,43.0,,18.0,34.0,,,,,3.0,6.0,,,46.0,24.0,8.0,,,,4.0,19.0,,,4.0,,,,,,,,,,,36.0,,,,,,,,,,,7.0,45.0,84.0,22.0,,,25.0,,96.0,,49.0,10.0,,30.0,61.0,37.0,,,,1.0,,,2025,,kamis
2025-06,9847.238095238095,9729.0,459.27049815570757,9135.0,10922.0,21.0,23.32541666666667,311.2375,436.35,1366.9473684210527,108.6,11887.0,9.0,8801.247080047226,8470.0,94.0,3.0,10526.364467566678,9344.832966580978,7720.629233941316,3037.0,389.0,5044.0,36.0,19.0,39.0,1868.956043956044,2853.9392698231604,,,2658.275149979368,1549.4505494505495,2308.789297061682,1800.0496277915634,1642.708054756164,2458.6599111006585,1859.6774193548388,2662.433576443128,1985.2636207006367,2175.051134525119,5824.0,21036.0,,,254455.0,728.0,31889.0,1209.0,12857.0,25512.0,496.0,187677.89,12560.0,119093.0,7.0,41.0,,,121.0,2.0,72.0,17.0,30.0,39.0,5.0,230.0,23.0,82.0,,3417.973469921145,2620.2110618532965,,3224.8223771593093,3265.3519237697924,4033.4168755221385,2679.015866890405,2077.18733784219,,,3085.780092831091,2704.827744230769,3166.8185961713766,1746.766917293233,1683.8077182163188,1484.4050632911392,,1438.2206516843694,1541.9029204980843,1089.7293073131957,1149.8439170854272,1464.6914760965374,1384.0398528428095,,1474.836813535032,,2149.4701986754967,,,,,,,9938.666666666666,9886.90476190476,,,10273.341902629709,,4778.818017561203,1293.8043802893924,1062.962962962963,,,1268.9732735591267,,,1028.012034514078,1160.762661696407,,,,,1217.3176646940967,1868.956043956044,2853.9392698231604,,,2658.275149979368,1549.4505494505495,2308.789297061682,1800.0496277915634,1642.708054756164,2458.6599111006585,1859.6774193548388,2662.433576443128,1985.2636207006367,2175.051134525119,3218.75,4471.153846153846,3342.1148255813955,3557.5543137128147,,,3138.2627271948604,2333.333333333333,,2340.718283582089,,,11769.57865196908,9199.711018694125,11491.46143923954,4479.871835468849,5404.764626342738,2559.375,1622.4137931034484,3931.7014462142574,,1402.3880597014925,7467.395650101985,4716.482110053402,3123.9333604225926,,1634.6865321183884,2294.7043385995667,,1698.3805565089403,,2094.444433333333,2522.2241379310344,,2147.9166600000003,,,,2352.1442638914027,1607.5992756476685,1477.1074747364516,,,1475.656654096662,1495.8558604729728,1534.352228251864,1798.5580295245086,1355.635550812505,1506.1948621251388,1563.0025122019636,1354.1543500423609,,1569.909993792675,1675.1174454515574,1631.0222295678043,1655.2139355054785,,1804.2467694614816,,1970.0291305646847,1789.8104395891744,1754.5949104675108,,1473.4103644144473,,,1600.1862202083887,,49204.0,69487.0,,82318.0,10547.0,1197.0,44993.0,6210.0,,,83625.0,10400.0,4388.0,26600.0,52700.0,39500.0,,153648.0,52200.0,125800.0,79600.0,119125.0,119600.0,,314000.0,,22650.0,,,,,,,30.0,168.0,,,12663.0,,3439.4,1184298.35,13500.0,,,65531.61,,,4404.0,16364.0,,,,,4541072.75,5824.0,21036.0,,,254455.0,728.0,31889.0,1209.0,12857.0,25512.0,496.0,187677.89,12560.0,119093.0,3328.0,4160.0,33024.0,71620.09,,,23350.0,750.0,,17152.0,,,5465.75,3691.0,16069.25,26359.75,6624.52,800.0,1218.0,9040.5,,1675.0,143953.26,3230.25,1845.75,,364900.0,484850.0,,618265.0,,1500.0,2900.0,,1000.0,,,,110500.0,9650.0,45817.0,,,135110.0,14800.0,905250.0,61305.0,48492.0,67525.0,124775.0,177050.0,,6444.0,79104.0,24202.0,4911735.0,,1038256.0,,80328.0,566372.0,362751.0,,137050.0,,,289939.0,,68.0,32.0,,68.0,14.0,6.0,63.0,20.0,,,82.0,3.0,13.0,12.0,31.0,15.0,,64.0,17.0,23.0,52.0,72.0,36.0,,94.0,,12.0,,,,,,,2.0,4.0,,,49.0,,9.0,31.0,3.0,,,23.0,,,11.0,13.0,,,,,126.0,7.0,41.0,,,121.0,2.0,72.0,17.0,30.0,39.0,5.0,230.0,23.0,82.0,2.0,2.0,10.0,28.0,,,19.0,2.0,,8.0,,,66.0,57.0,111.0,49.0,25.0,3.0,7.0,45.0,,8.0,510.0,13.0,9.0,,36.0,46.0,,35.0,,2.0,2.0,,5.0,,,,3.0,2.0,60.0,,,58.0,19.0,205.0,26.0,36.0,46.0,40.0,83.0,,21.0,28.0,7.0,771.0,,233.0,,28.0,97.0,97.0,,27.0,,,72.0,,3047.169811320755,2990.3345724907063,4731.2106918239,3045.824411134904,,3602.170658682635,,,2480.769230769231,,,,1116.2393162393162,1287.439343038447,,1824.5901639344263,,1094.8275862068965,322.5,,2044.3421643466547,,,,,9500.0,,,,,,3625.0,3657.142857142857,,1276.9886363636365,1119.0224159402242,,,,,,1666.0297239915074,1150.0,,2043.262752646776,1254.7770700636945,5351.5625,,,,1161.764705882353,1722.7112676056338,,750.0,3106.3829787234044,,3290.625,5628.571428571428,8200.0,,2197.793468667255,,2257.894736842105,2490.2702702702704,,5600.0,,,,,,,,,,,2480.0,1816.762225969646,1883.19587628866,,1962.0,,1585.2866242038217,,1858.506024096385,,1975.9336908824964,931.484502446982,,1651.8686599038974,1745.856087375522,628.5615914307574,,,,1730.032885965692,,635.8490566037735,,212.0,1076.0,1272.0,1401.0,,1336.0,,,520.0,,,,3510.0,5358.0,,610.0,,580.0,160.0,,4454.0,,,,,60.0,,,,,,24.0,525.0,,704.0,6424.0,,,,,,942.0,104.0,,2078.0,628.0,384.0,,,,68.0,568.0,,4.0,752.0,,384.0,280.0,50.0,,2266.0,,1900.0,740.0,,20.0,,,,,,,,,,,150.0,2965.0,2910.0,,200.0,,3140.0,,6225.0,,10255.0,6130.0,,14984.0,12452.0,65350.0,,,,11251.0,,1802.0,,15.0,19.0,33.0,47.0,,24.0,,,11.0,,,,82.0,82.0,,14.0,,16.0,6.0,,61.0,,,,,8.0,,,,,,1.0,16.0,,26.0,47.0,,,,,,21.0,2.0,,85.0,25.0,11.0,,,,2.0,20.0,,1.0,34.0,,16.0,16.0,4.0,,126.0,,101.0,26.0,,1.0,,,,,,,,,,,5.0,47.0,55.0,,18.0,,47.0,,127.0,,48.0,26.0,,56.0,41.0,92.0,,,,49.0,,10.0,2025,,kamis
2025-07,15765.863636363636,16257.5,2840.2884711886395,11111.0,18767.0,22.0,27.846370967741933,254.725,443.475,1375.2217391304348,110.7,20552.88888888889,9.0,14546.489716732542,13662.0,140.0,3.0,15179.918193526635,18038.80992101106,13705.551797379176,5932.0,633.0,7097.0,48.0,20.0,72.0,3873.798352118004,4312.406478520154,2905.7189346405225,7765.0,4444.267272543438,4073.128167115903,4647.004188027457,4051.418426573426,3549.3492725012798,4817.5905704011375,4200.0,4924.256924510365,3908.557225074037,3675.430726857254,21152.0,36220.0,4896.0,960.0,241323.0,4452.0,41265.25,1144.0,13677.0,35873.0,512.0,179879.0,8104.0,82272.0,20.0,56.0,5.0,2.0,133.0,11.0,96.0,10.0,22.0,69.0,2.0,240.0,23.0,79.0,,3116.843074195001,2740.746287960199,,3138.8718164812944,2808.1216861156136,5328.665299684542,2561.269515386271,3066.432817602041,,1882.285741714286,4083.622366312361,2039.3805309734516,4403.409090909091,2214.25,1750.646000535237,980.4145139896374,,1767.1447968125403,2254.93670886076,1223.1758041220023,1310.468727171999,1060.806237020316,1356.4445378565256,,1836.8457274498885,,1277.4065934065934,4685.185185185185,7716.587688297484,,9633.882757142856,,,6673.293768545994,4700.470991687448,,,8230.594398152634,,9439.044481054363,1070.0639493707483,,,,1252.0301252680044,,1252.6315789473683,1129.2169468782338,1392.4214273069265,,,,,1006.1824997894938,3873.798352118004,4312.406478520154,2905.7189346405225,7765.0,4444.267272543438,4073.128167115903,4647.004188027457,4051.418426573426,3549.3492725012798,4817.5905704011375,4200.0,4924.256924510365,3908.557225074037,3675.430726857254,,,3763.850357264666,2511.165363434436,,,3158.9591811567398,2786.2980761217946,3362.510813148789,3138.423233236152,,,,4965.40159017358,2179.813571213792,5335.26956301496,6121.601672562051,,3810.009181589556,5019.268691233018,,4577.154868699754,6301.565946190929,6014.086836857642,4903.172036322926,,1954.939887577002,1988.4220212792904,,1588.5892433742558,,,1424.6279069767445,,,,,,,1686.8279569892472,2189.731041476656,,,1962.439540152672,,2669.6737893995064,2586.982857142857,1561.4570457357077,2247.754257538995,2299.8666520667725,1531.5057783822997,,1000.0,3045.9808093327733,2607.510599636584,2179.550683750411,,2129.703378244292,,2186.6806775426294,2077.973550675741,2228.4129599965604,2276.985190831758,1203.482384644075,1197.2207792207791,,2037.493005036374,,8882.0,25125.0,,49450.0,3702.0,6657.0,27882.0,3136.0,,4375.0,58330.0,2825.0,704.0,4000.0,112100.0,19300.0,,114574.0,7900.0,850509.0,50541.0,44300.0,115700.0,,179600.0,,22750.0,216.0,10972.0,,3640.0,,,337.0,2406.0,,,217228.25,,607.0,553435.0,,,,56902.0,,3040.0,2899.0,18076.0,,,,,1206616.0,21152.0,36220.0,4896.0,960.0,241323.0,4452.0,41265.25,1144.0,13677.0,35873.0,512.0,179879.0,8104.0,82272.0,,,140736.0,104448.0,,,24327.0,9984.0,18496.0,21952.0,,,,27192.0,2494.25,62934.42,80387.75,,27039.0,53182.5,,33709.0,159756.71000000002,16599.0,4019.5,,194800.0,434225.0,,75916.0,,,4300.0,,,,,,,9300.0,23025.0,,,49125.0,,496675.0,8750.0,26675.0,57700.0,125800.0,68925.0,,150.0,78519.0,3302.0,4276502.0,,806455.0,,120633.0,102554.0,267477.0,620337.0,112608.0,11550.0,,28592.0,,16.0,15.0,,59.0,7.0,15.0,42.0,14.0,,4.0,63.0,2.0,4.0,4.0,54.0,13.0,,62.0,8.0,124.0,56.0,38.0,73.0,,92.0,,23.0,2.0,28.0,,32.0,,,3.0,12.0,,,296.0,,8.0,12.0,,,,24.0,,3.0,9.0,13.0,,,,,57.0,20.0,56.0,5.0,2.0,133.0,11.0,96.0,10.0,22.0,69.0,2.0,240.0,23.0,79.0,,,42.0,31.0,,,12.0,9.0,4.0,7.0,,,,90.0,13.0,110.0,151.0,,48.0,179.0,,70.0,589.0,60.0,33.0,,23.0,46.0,,14.0,,,4.0,,,,,,,2.0,12.0,,,34.0,,179.0,19.0,38.0,39.0,52.0,39.0,,2.0,28.0,7.0,634.0,,132.0,,53.0,55.0,62.0,95.0,7.0,9.0,,11.0,,,,,,,,,,,,,,,,,,,,,,,,,,,,,,,,,,,,,,,,,,,,,,,,,,,,,,,,,,,,,,,,,,,,,,,,,,,,,,,,,,,,,,,,,,,,,,,,,,,,,,,,,,,,,,,,,,,,,,,,,,,,,,,,,,,,,,,,,,,,,,,,,,,,,,,,,,,,,,,,,,,,,,,,,,,,,,,,,,,,,,,,,,,,,,,,,,,,,,,,,,,,,,,,,,,,,,,,,,,,,,,,,,,,,,,,,,,,,,,,,,,,,,,,,,,,,,,,,,,,,,,,,,,,,,,,,,,,,,,,,,,,,,,,,,,,,,,,,,2025,,kamis
2025-08,15454.238095238095,14500.0,3193.7027318164205,9500.0,24800.0,210.0,27.445564516129032,215.2625,417.875,1389.66,111.2,22714.0,9.0,16673.661952358492,16960.0,167.0,3.0,17870.38638700812,23973.905002076124,14869.324909808684,8005.0,722.5,8232.5,57.0,21.0,89.0,3433.8016494152043,4400.578924698133,6185.862516212711,6800.0,5226.375657292116,4912.6855337972165,5669.299589036055,4757.947120078355,3785.948596546927,5326.907761171668,3738.5036496350367,6474.513136411741,5309.265818146719,5057.6440327657965,13680.0,36440.0,6168.0,1024.0,259568.0,2012.0,46743.76,1276.25,15276.25,50592.49,2192.0,164414.0,5180.0,79290.0,18.0,50.0,11.0,3.0,144.0,7.0,98.0,15.0,29.0,88.0,10.0,248.0,21.0,73.0,,2832.64192139738,,,4470.116994452849,3260.2150537634407,5450.159264933994,5466.220238095239,4073.28438061674,,3075.555555555556,4854.724839775594,,4113.636363636364,1545.967741935484,2590.388228479316,2289.6078497326203,,1609.81189893915,1272.493657794677,1278.462234315114,1486.7827916334131,1449.6950540896344,1358.083429375,312.5,2064.113640252215,,2121.9452887538,4788.118811881188,4900.687888963095,,5535.399052817061,,,5945.665201757891,4774.088240344997,,3184.1829303641284,6850.457935884309,4912.941176470588,5682.4,1950.0,,,,1628.929736924786,,1510.4800404256289,1381.772988493724,1728.0657179988273,911.4630872483222,1857.543018309859,,,1878.7113932895877,3433.8016494152043,4400.578924698133,6185.862516212711,6800.0,5226.375657292116,4912.6855337972165,5669.299589036055,4757.947120078355,3785.948596546927,5326.907761171668,3738.5036496350367,6474.513136411741,5309.265818146719,5057.6440327657965,,,2663.347048629278,2087.354771615281,,,2195.2076124567475,2479.310344827586,,1839.423076923077,1536.336403375068,2844.9419568822555,,6086.761906523928,5995.62617679558,5720.643699214493,5970.903066464425,1661.5384615384614,4266.6799521489975,4519.8622776764505,4550.742574257426,4041.4990196097247,7112.552181974629,5310.450018540368,3715.909090909091,,2192.1758618099766,2239.146372199485,,2253.71498144602,1332.605633802817,,2735.76153112924,1703.458904109589,,,,,2314.28005168357,,1945.660377358491,3067.391304347826,,2951.7708830548927,,2924.895848473305,3092.87944375,2712.712637241379,2961.124580249716,2595.5656920756537,2296.967859254414,,,1916.6981818347288,1328.3164652686978,1909.018268751688,,2223.040549411378,,2382.5886212656856,1803.125992136176,1669.5527247725645,1664.5740696654502,1734.1230441917023,1100.3067192305714,,1604.3814225104454,,3664.0,,,5949.0,1395.0,12120.0,1008.0,3405.0,,450.0,113366.0,,880.0,6200.0,152609.0,18700.0,,132311.375,26300.0,999035.0,60144.0,52413.0,160000.0,400.0,293400.0,,16450.0,404.0,87592.5,,22133.0,,,2503.0,11710.25,,8307.5,550364.5,1275.0,625.0,1600.0,,,,72281.98999999999,,87964.0,2868.0,20468.0,2980.0,127800.0,,,161540.0,13680.0,36440.0,6168.0,1024.0,259568.0,2012.0,46743.76,1276.25,15276.25,50592.49,2192.0,164414.0,5180.0,79290.0,,,390670.0,47744.0,,,2312.0,5568.0,,8320.0,14696.0,2412.0,,6702.25,1448.0,70655.0,49359.94,325.0,13960.0,46192.25,3232.0,229223.0,18013.5,5933.0,528.0,,2105000.0,659700.0,,2209499.0,7100.0,,232900.0,14600.0,,,,,246500.0,,6625.0,2300.0,,2933.0,,853150.0,3200.0,7250.0,22025.0,174374.0,38225.0,,,27470.0,61184.0,951741.0,,325421.0,,151333.0,163788.0,272055.0,1382694.0,692845.0,77772.0,,61989.0,,13.0,,,24.0,4.0,35.0,9.0,14.0,,2.0,110.0,,6.0,4.0,77.0,12.0,,61.0,12.0,171.0,47.0,42.0,86.0,2.0,104.0,,16.0,6.0,135.0,,49.0,,,14.0,40.0,,9.0,383.0,5.0,6.0,2.0,,,,33.0,,4.0,10.0,13.0,2.0,2.0,,,42.0,18.0,50.0,11.0,3.0,144.0,7.0,98.0,15.0,29.0,88.0,10.0,248.0,21.0,73.0,,,81.0,21.0,,,7.0,6.0,,4.0,7.0,4.0,,29.0,18.0,80.0,88.0,2.0,31.0,132.0,2.0,302.0,121.0,15.0,6.0,,253.0,74.0,,175.0,4.0,,32.0,12.0,,,,,43.0,,10.0,5.0,,14.0,,292.0,4.0,22.0,31.0,121.0,12.0,,,4.0,36.0,276.0,,72.0,,96.0,34.0,64.0,237.0,41.0,16.0,,4.0,,,,,,,,,,,,,,,,,,,,,,,,,,,,,,,,,,,,,,,,,,,,,,,,,,,,,,,,,,,,,,,,,,,,,,,,,,,,,,,,,,,,,,,,,,,,,,,,,,,,,,,,,,,,,,,,,,,,,,,,,,,,,,,,,,,,,,,,,,,,,,,,,,,,,,,,,,,,,,,,,,,,,,,,,,,,,,,,,,,,,,,,,,,,,,,,,,,,,,,,,,,,,,,,,,,,,,,,,,,,,,,,,,,,,,,,,,,,,,,,,,,,,,,,,,,,,,,,,,,,,,,,,,,,,,,,,,,,,,,,,,,,,,,,,,,,,,,,,,2025,,kamis
2025-09,17383.254010695186,16919.5,3632.2790613946013,9000.0,30600.0,1122.0,23.746666666666666,373.875,372.1,1391.8272727272727,110.0,39733.88888888889,9.0,30296.877532478076,12316.0,133.0,3.0,30253.46074260678,32765.39637810945,30096.28736583801,5478.0,603.0,6235.0,44.0,18.0,71.0,7097.48211609442,7795.928985297911,13796.470588235294,,9302.849571609955,7692.913385826771,9776.865315938165,7552.536794117646,8417.039360148034,8613.786739981282,6529.3877551020405,9450.13367566231,9186.127537968892,7996.541522410414,18640.0,15508.0,1360.0,,195519.25,508.0,55130.25,544.0,10268.0,35527.25,980.0,161745.0,4372.0,73448.0,22.0,37.0,2.0,,134.0,6.0,109.0,7.0,18.0,79.0,7.0,265.0,24.0,84.0,,7555.706984667802,,,4724.492562838837,7470.886932972241,7163.228841309131,9502.3,,,,6190.705135067042,,9500.0,1853.7259615384612,3511.713030790858,2826.71875,,3264.3115563734696,3172.777777777778,1666.974368998584,2652.9793140626707,2689.62066905569,2195.215533333333,2591.818181818182,2733.694302437043,3260.1686507936506,3161.71832593801,,3559.1323356037037,,3884.171004564778,,5056.9270449521,3407.256904487917,3840.0113503437738,4805.145228215768,2845.471210419694,5305.773893157707,6712.962962962963,,,1423.096583750315,,,1578.033913825711,,,997.9577639412996,1540.01693479247,,750.983606557377,,,1672.7026016272102,7097.48211609442,7795.928985297911,13796.470588235294,,9302.849571609955,7692.913385826771,9776.865315938165,7552.536794117646,8417.039360148034,8613.786739981282,6529.3877551020405,9450.13367566231,9186.127537968892,7996.541522410414,,,2854.302868017258,2316.037799081653,,,1847.882173538524,2352.137489296636,2421.760391198044,1019.6428571428572,,3122.6415094339623,,5909.090909090909,,7221.722561549362,5479.271026215769,4033.869602032176,4165.878378378378,5803.311360869873,,4663.191090549377,4765.280374683544,,4673.076923076923,,2018.5129706106732,2072.3963082919167,,1817.784834871088,,1828.888888888889,2294.1000501785616,1741.042341743119,,1153.1707317073171,1247.9310344827586,,1820.2060266321248,,1628.0308734939758,3469.6269195189643,,,3464.2856857142856,3539.580163278296,5185.587309523809,,4597.243662625586,2843.823725239095,3681.837890247074,,,2088.524205444549,2082.2721026110858,1651.7954477087617,,2174.565986957872,,,,1815.373413771583,,,,,,,2935.0,,,2029.0,2954.0,7272.0,250.0,,,,183768.0,,24.0,20800.0,88208.0,22400.0,,53252.0,7200.0,310760.0,36636.0,51625.0,123600.0,8800.0,123100.0,8064.0,15325.0,,108646.0,,57396.0,,2714.0,27808.0,45815.0,2410.0,22707.0,589130.0,1944.0,,,27779.0,,,63530.55,,,7155.0,17636.0,,3660.0,,,68092.0,18640.0,15508.0,1360.0,,195519.25,508.0,55130.25,544.0,10268.0,35527.25,980.0,161745.0,4372.0,73448.0,,,1892702.0,100180.0,,,39703.0,20928.0,26176.0,4480.0,,11872.0,,528.0,,21170.0,7695.75,295.25,592.0,28211.0,,130912.0,493.75,,624.0,,2805100.0,1146900.0,,4048110.0,,1800.0,297936.0,43600.0,,4100.0,2900.0,,386000.0,,3320.0,1081.0,,,1225.0,1483112.0,2100.0,,74650.0,214350.0,19225.0,,,59656.0,2183.0,224311.0,,96610.0,,,,4807.0,,,,,,,19.0,,,13.0,9.0,28.0,3.0,,,,151.0,,2.0,14.0,53.0,18.0,,42.0,12.0,115.0,46.0,41.0,78.0,7.0,73.0,6.0,17.0,,189.0,,61.0,,15.0,19.0,58.0,3.0,38.0,356.0,4.0,,,5.0,,,39.0,,,13.0,13.0,,2.0,,,31.0,22.0,37.0,2.0,,134.0,6.0,109.0,7.0,18.0,79.0,7.0,265.0,24.0,84.0,,,204.0,35.0,,,18.0,16.0,8.0,6.0,,8.0,,4.0,,27.0,34.0,3.0,5.0,69.0,,161.0,2.0,,6.0,,316.0,118.0,,284.0,,2.0,44.0,17.0,,5.0,9.0,,73.0,,5.0,2.0,,,6.0,314.0,3.0,,74.0,146.0,24.0,,,15.0,10.0,131.0,,50.0,,,,14.0,,,,,,,,,,,,,,,,,,,,,,,,,,,,,,,,,,,,,,,,,,,,,,,,,,,,,,,,,,,,,,,,,,,,,,,,,,,,,,,,,,,,,,,,,,,,,,,,,,,,,,,,,,,,,,,,,,,,,,,,,,,,,,,,,,,,,,,,,,,,,,,,,,,,,,,,,,,,,,,,,,,,,,,,,,,,,,,,,,,,,,,,,,,,,,,,,,,,,,,,,,,,,,,,,,,,,,,,,,,,,,,,,,,,,,,,,,,,,,,,,,,,,,,,,,,,,,,,,,,,,,,,,,,,,,,,,,,,,,,,,,,,,,,,,,,,,,,,,,,,,,,2025,,kamis
2025-10,16686.80349344978,15894.0,4818.372806830666,8100.0,30600.0,916.0,17.487499999999997,108.2,349.8375,1423.3555555555556,109.6,35400.333333333336,9.0,21067.95669325864,10354.0,101.0,3.0,20001.68856478929,20020.32747945205,22215.712970706263,5078.0,292.0,4984.0,35.0,11.0,55.0,4290.0113955479455,5218.780810388361,9671.967654986523,,7149.416477730335,4257.059961315281,7273.773205714286,3666.25,5527.432289550375,6037.040537835154,3020.833333333333,7857.0884802758255,4474.0168742785445,4967.72000341146,2336.0,8317.0,1484.0,,158085.0,2068.0,19950.0,320.0,9608.0,20140.0,192.0,109054.0,3985.0,63316.0,8.0,18.0,6.0,,89.0,7.0,74.0,4.0,14.0,34.0,2.0,165.0,15.0,46.0,,3896.717920699344,4341.217948717948,,5495.029538811056,4707.847707847708,5609.055306905371,3210.377358490566,4943.2835820895525,,,4164.809234012151,,3848.1012658227846,1029.625,2489.2436789099525,1604.3827092592592,,2293.0144925120776,1811.5533980582525,1484.37106918239,1947.573387313433,1984.1337063573883,2135.1427492769744,1537.8,2520.44272782305,2080.8695652173915,2797.565789473684,,2218.6212937451287,1588.235294117647,3045.124261008574,,1652.546093064091,3074.2574257425745,1805.583195135434,2585.6626019753085,1865.9057019771235,2622.4069316902205,,,,1800.6054781355117,,,1457.6716977007543,,,1648.4977011494252,1642.4778988486842,768.7746806324111,1148.8058551617871,,,1667.993585195696,4290.0113955479455,5218.780810388361,9671.967654986523,,7149.416477730335,4257.059961315281,7273.773205714286,3666.25,5527.432289550375,6037.040537835154,3020.833333333333,7857.0884802758255,4474.0168742785445,4967.72000341146,,,3075.485966274804,1840.653165057915,,,2683.803374143836,,,,,,,,,,,,,,,5282.407407407408,,10997.620269541248,,546.1538461538462,1724.6570625075417,2233.599548414657,,1505.9093152812986,1300.7060236111113,923.3653846153846,1911.918365638168,1137.7284467181469,1003.2275055555556,873.9130434782609,1169.6641791044776,,1649.2749398305084,,4436.416637794315,,,4886.6161757575765,3336.084905660377,3763.1979464416,5212.5,2670.5882352941176,4832.144085887285,3158.6502915046062,2962.3449512605043,,,,,2106.1136417217467,,1032.074558218349,,,1029.1490362012223,,,,,,,,12812.0,7800.0,,7923.0,1287.0,3128.0,2650.0,1340.0,,,80483.0,,790.0,8000.0,42200.0,5400.0,,41400.0,10300.0,15900.0,26800.0,58200.0,22475.0,5000.0,85900.0,2300.0,7600.0,,20528.0,1768.0,27524.0,,4556.0,808.0,7236.0,6075.0,25441.0,44225.0,,,,6243.0,,,28911.22,,,1305.0,9728.0,25300.0,2596.0,,,50742.0,2336.0,8317.0,1484.0,,158085.0,2068.0,19950.0,320.0,9608.0,20140.0,192.0,109054.0,3985.0,63316.0,,,549277.75,33152.0,,,9344.0,,,,,,,,,,,,,,,864.0,,10158.0,,1300.0,828700.0,526700.0,,1853900.0,7200.0,10400.0,183925.0,25900.0,12600.0,2300.0,6700.0,,35400.0,,16394.0,,,1650.0,15900.0,651065.0,400.0,425.0,53675.0,97700.0,20825.0,,,,,166273.0,,8262.0,,,2127.0,,,,,,,,27.0,6.0,,17.0,8.0,11.0,4.0,8.0,,,104.0,,5.0,8.0,37.0,6.0,,30.0,11.0,16.0,26.0,36.0,25.0,6.0,49.0,4.0,9.0,,38.0,2.0,24.0,,10.0,9.0,14.0,6.0,41.0,79.0,,,,3.0,,,17.0,,,5.0,7.0,9.0,3.0,,,19.0,8.0,18.0,6.0,,89.0,7.0,74.0,4.0,14.0,34.0,2.0,165.0,15.0,46.0,,,79.0,12.0,,,3.0,,,,,,,,,,,,,,,6.0,,33.0,,2.0,88.0,63.0,,149.0,6.0,14.0,35.0,14.0,11.0,2.0,16.0,,16.0,,4.0,,,9.0,6.0,196.0,2.0,6.0,45.0,71.0,19.0,,,,,65.0,,6.0,,,5.0,,,,,,,,7000.0,5480.49645390071,,4250.0,,,,,5224.861878453039,,3600.0,,1521.341463414634,1502.051282051282,,1786.1764705882354,,2266.6666666666665,1200.0,,2180.0,750.0,,2272.060353798127,,2785.7876712328766,,,2005.824039653036,,,2145.6766917293235,2916.620879120879,,1489.5397489539748,1342.2784810126582,,,,,1229.07949790795,2400.6944444444443,1400.0,,5766.494845360825,7291.509433962264,9957.5,,2000.0,,,5740.502793296089,,,,,,,,5420.454545454545,,,,,,1233.6448598130842,,1263.4600760456274,,1346.6666666666667,,1706.25,,,1425.420168067227,,4500.0,5156.8,,5017.391304347826,3905.92,,,,2540.851063829787,,,,,,,,,,,,,,,24.0,282.0,,84.0,,,,,362.0,,5.0,,820.0,390.0,,680.0,,210.0,100.0,,300.0,8.0,,1922.0,,1168.0,,,807.0,,,532.0,728.0,,239.0,2370.0,,,,,478.0,144.0,44.0,,582.0,106.0,200.0,,8.0,,,358.0,,,,,,,,220.0,,,,,,1070.0,,2630.0,,150.0,,560.0,,,2380.0,,20.0,250.0,,115.0,1250.0,,,,235.0,,,,,,,,,,,,,,,1.0,10.0,,7.0,,,,,7.0,,1.0,,18.0,9.0,,12.0,,4.0,1.0,,8.0,1.0,,41.0,,23.0,,,17.0,,,8.0,13.0,,10.0,19.0,,,,,3.0,4.0,1.0,,24.0,5.0,6.0,,1.0,,,19.0,,,,,,,,6.0,,,,,,33.0,,41.0,,3.0,,10.0,,,50.0,,2.0,6.0,,5.0,28.0,,,,12.0,,,,,,,,,,,,,,2025,,kamis
2025-11,13909.468043264504,13200.0,4761.241450174691,5100.0,26600.0,1017.0,9.054166666666667,26.3875,309.2875,1457.77,112.3,12783.777777777776,9.0,9796.393000644965,15349.7,132.0,3.0,10036.35653965292,15212.820129752172,9204.158185683298,5359.0,770.7,9220.0,42.0,23.0,67.0,2134.823778455285,2909.7510086355787,3543.252840909091,,3248.654095363864,2995.2380628571427,4812.6248624678665,2774.8030554490574,2410.689565217392,3411.376702142857,,4172.538601658282,3699.063897916667,2522.9470641761377,1968.0,9264.0,2816.0,,304413.0,700.0,20228.0,1538.89,18768.0,16800.0,,155221.0,4800.0,106644.0,4.0,19.0,12.0,,139.0,6.0,66.0,12.0,25.0,36.0,,226.0,16.0,82.0,,6358.265007271431,5714.665204259259,,6809.826663253909,4425.0,7491.997738410595,5311.026611506652,6346.2665396102975,,,5679.372556747811,5723.529411764706,8790.48723730128,1794.7368421052631,2688.27380487013,2098.974358974359,,2767.7311827956987,2623.304337101449,,2241.3259827205884,2510.7922855933703,2415.868131208791,,2625.0612247289973,,2616.184210526316,,2976.5215643105444,,2852.479745460548,,2238.4834289693595,,2160.8695652173915,,2207.780849572428,2533.073595161595,,5302.75199531852,1936.4326745204944,1384.0950090198437,2026.7820177623908,,1327.5789563039464,,,864.1216243985282,1477.5986964716008,1233.2706572365016,,1092.3076923076924,,1775.3292409404246,2134.823778455285,2909.7510086355787,3543.252840909091,,3248.654095363864,2995.2380628571427,4812.6248624678665,2774.8030554490574,2410.689565217392,3411.376702142857,,4172.538601658282,3699.063897916667,2522.9470641761377,,,2878.027669424164,3019.230769230769,,,931.9468248045488,2238.970588235294,2414.0121900311524,,,,,,,,,,,,,,,14954.253782336502,,,1764.364857731166,2262.2121232029986,,1690.9129765521866,694.4008399512087,639.9999733333333,1401.029952631579,1091.0526192982456,1228.7031803370787,888.2186025362319,747.2,,1515.5151636308808,4232.786375235532,3867.941747788349,,,4304.468967402734,4534.628539591837,3884.375029305136,3848.679738562092,3765.117570731708,3890.585569323763,4533.992127244095,2715.5374278589857,,,,,2287.6405162328224,,1936.890021849964,,,2220.0848123134915,,,,,,,,28055.0,27000.0,,26860.0,160.0,1208.0,13905.0,7031.0,,,56196.0,2550.0,2579.0,3800.0,61600.0,3900.0,,46500.0,34500.0,,27200.0,101606.0,45500.0,,147600.0,,15200.0,,6041.0,,12116.0,,12924.0,,460.0,,30872.0,15873.0,,2460.76,102710.0,13304.0,194681.0,,75346.79250000001,,,7066.0,23240.0,23188.0,,1300.0,,103868.0,1968.0,9264.0,2816.0,,304413.0,700.0,20228.0,1538.89,18768.0,16800.0,,155221.0,4800.0,106644.0,,,815232.0,832.0,,,22512.0,2176.0,20544.0,,,,,,,,,,,,,,,8945.0,,,910600.0,787075.0,,1640025.0,7771.88,1500.0,247000.0,5700.0,17800.0,27600.0,2500.0,,165800.0,18575.0,59910.0,,,4755.0,24500.0,529600.0,11475.0,14350.0,66175.0,15875.0,29075.0,,,,,313908.75,,10984.0,,,6367.0,,,,,,,,59.0,15.0,,31.0,2.0,7.0,13.0,21.0,,,106.0,2.0,6.0,4.0,47.0,8.0,,29.0,39.0,,29.0,45.0,35.0,,66.0,,15.0,,13.0,,15.0,,27.0,,4.0,,42.0,26.0,,3.0,2.0,3.0,12.0,,52.0,,,12.0,16.0,19.0,,2.0,,39.0,4.0,19.0,12.0,,139.0,6.0,66.0,12.0,25.0,36.0,,226.0,16.0,82.0,,,118.0,2.0,,,7.0,2.0,7.0,,,,,,,,,,,,,,,20.0,,,113.0,82.0,,139.0,8.0,3.0,31.0,10.0,10.0,16.0,10.0,,26.0,9.0,30.0,,,25.0,22.0,158.0,9.0,9.0,42.0,37.0,18.0,,,,,170.0,,13.0,,,11.0,,,,,,,,,5260.689655172414,,6040.0,,,5948.275862068966,,5271.782178217822,,,,2519.441340782123,1813.5576923076924,,2722.773722627737,,2100.0,,,2941.565600882029,,,641.1764705882352,,2855.5679287305124,,,1642.2876949740034,,,3000.0,5556.521739130435,,894.7535771065183,1185.8716606995315,,,,1007.3684210526316,1684.6666666666667,2179.8662704309063,,,3145.810564663024,3363.5467980295566,5100.8536585365855,,,,1616.071428571429,4616.336633663366,,,,,,,,,,,,,,1034.2408376963351,,1072.880658436214,,788.8888888888889,,1179.013452914798,1057.2916666666667,,1434.0501792114696,1628.2442748091603,4626.857142857143,4400.0,,4218.181818181818,,,4053.571428571429,,4523.966942148761,,,,,,,,,,,,,,,,290.0,,480.0,,,87.0,,202.0,,,,1790.0,2080.0,,1370.0,,140.0,,,907.0,,,340.0,,1796.0,,,1154.0,,,82.0,230.0,,2516.0,7262.0,,,,380.0,300.0,1346.0,,,1098.0,203.0,820.0,,,,112.0,404.0,,,,,,,,,,,,,,1910.0,,4860.0,,720.0,,2230.0,960.0,,2790.0,2620.0,175.0,260.0,,1650.0,,,560.0,,605.0,,,,,,,,,,,,,,,,12.0,,18.0,,,3.0,,6.0,,,,42.0,35.0,,31.0,,4.0,,,36.0,,,4.0,,30.0,,,32.0,,,2.0,10.0,,59.0,85.0,,,,5.0,4.0,30.0,,,44.0,14.0,24.0,,,,4.0,19.0,,,,,,,,,,,,,,42.0,,78.0,,8.0,,35.0,22.0,,84.0,40.0,7.0,2.0,,36.0,,,16.0,,31.0,,,,,,,,,,,,,,2025,,kamis
2025-12,10069.611216730038,9100.0,3146.9612939048893,4600.0,20600.0,1052.0,3.209274193548387,34.1625,303.9375,1467.3999999999999,109.8,11400.777777777776,9.0,7748.082687331536,8904.0,90.0,3.0,6674.550807493541,13402.554542056076,8125.915673221309,3096.0,214.0,5594.0,27.0,10.0,53.0,1813.556338028169,2817.815344603381,2496.3146856435646,,2997.606737463318,1680.1470588235295,3661.271884671863,2259.025661538461,2225.7753720910555,3889.9725776965274,,3590.9740830517794,2705.9499126279866,2319.5213800140227,2272.0,12304.0,2424.0,,308056.0,272.0,17706.0,260.0,11817.0,2188.0,,127270.0,5860.0,108396.0,7.0,25.0,6.0,,139.0,2.0,53.0,4.0,17.0,11.0,,219.0,19.0,78.0,,4829.662020856516,3909.374373033708,3592.9245283018868,4798.695511689733,3149.607250755287,,3765.151861155515,4204.722874919129,2475.8887674208145,,4378.496530712245,,8125.0,,3110.7305194805194,2538.0,,3056.7204301075267,2821.813883299799,3555.8712272727275,2550.51122835208,2555.1171011494253,2921.2678571428573,,2787.920096454948,,3190.173410404624,,,,3770.8333333333335,,,,,,2331.804495740342,2410.6463878326995,,,1441.1411554054057,1521.2121212121212,1487.1548850898969,,1316.7967823332044,,,1080.992921119593,1554.819094994103,1294.439292280072,,1324.5251857968622,,1660.9881714203584,1813.556338028169,2817.815344603381,2496.3146856435646,,2997.606737463318,1680.1470588235295,3661.271884671863,2259.025661538461,2225.7753720910555,3889.9725776965274,,3590.9740830517794,2705.9499126279866,2319.5213800140227,,,3802.9702451100034,,,,,,,,,,,,,,,,,,,,,,,,1517.3522524451316,2147.7078088766543,,1646.701544121786,,,1725.572338961039,,1771.4831460674156,,,,1775.0515276522406,3240.4088856095323,2725.1700123998053,,,3137.5,3244.4878440104167,2950.2854025062675,3150.948549951644,2994.589108033241,2798.7530773234203,2430.066815144766,2772.743406896552,,,,,2092.893545613287,,1970.915411355736,,,1456.5863530006957,,,,,,,,31453.0,15575.0,848.0,12789.0,1655.0,,4379.0,4637.0,5525.0,,34286.0,,16.0,,46200.0,4000.0,,27900.0,49700.0,8800.0,5601.0,34800.0,28000.0,,67700.0,,17300.0,,,,8448.0,,,,,,8950.25,2104.0,,,222000.0,16500.0,106344.0,,47295.73,,,4716.0,209413.0,11140.0,,1513.75,,438326.0,2272.0,12304.0,2424.0,,308056.0,272.0,17706.0,260.0,11817.0,2188.0,,127270.0,5860.0,108396.0,,,108371.75,,,,,,,,,,,,,,,,,,,,,,,,1058378.5,1035300.0,,1563400.0,,,207900.0,,17800.0,,,,261100.0,27275.0,45162.0,,,8400.0,19200.0,607916.0,103400.0,9025.0,26900.0,11225.0,24650.0,,,,,147753.0,,8630.0,,,15813.0,,,,,,,,54.0,8.0,2.0,21.0,13.0,,6.0,13.0,2.0,,64.0,,2.0,,43.0,4.0,,24.0,14.0,5.0,12.0,22.0,20.0,,49.0,,20.0,,,,7.0,,,,,,16.0,9.0,,,13.0,2.0,9.0,,20.0,,,6.0,20.0,7.0,,4.0,,47.0,7.0,25.0,6.0,,139.0,2.0,53.0,4.0,17.0,11.0,,219.0,19.0,78.0,,,36.0,,,,,,,,,,,,,,,,,,,,,,,,112.0,63.0,,126.0,,,34.0,,3.0,,,,46.0,25.0,63.0,,,14.0,9.0,141.0,21.0,15.0,31.0,19.0,18.0,,,,,70.0,,8.0,,,17.0,,,,,,,,,3186.5079365079364,,2111.9341563786006,,,5291.666666666667,,3523.809523809524,,,,2636.4651162790697,3028.1481481481483,,2955.31914893617,,,,,3675.1111111111113,,3200.0,,,,,,2560.8,,,,8571.42857142857,,1077.1671826625386,1477.1912595138715,,,,,982.8125,1982.3051948051948,1250.0,,2219.1616766467064,2575.0,3275.0,,,,,1854.8109965635736,,2058.823529411765,,,,,,,,,,,,637.6271186440678,,1333.571428571429,,,,,,,1347.3684210526317,1873.5344827586207,,,,,,,4514.285714285715,,2631.315789473684,,,,,,,,,,,,,,,,252.0,,486.0,,,312.0,,84.0,,,,2150.0,270.0,,470.0,,,,,2250.0,,200.0,,,,,,250.0,,,,56.0,,1292.0,4073.0,,,,,320.0,1232.0,160.0,,668.0,40.0,376.0,,,,,582.0,,136.0,,,,,,,,,,,,590.0,,1960.0,,,,,,,380.0,2320.0,,,,,,,210.0,,760.0,,,,,,,,,,,,,,,,5.0,,14.0,,,7.0,,8.0,,,,37.0,7.0,,10.0,,,,,15.0,,5.0,,,,,,5.0,,,,6.0,,18.0,38.0,,,,,6.0,33.0,2.0,,28.0,1.0,8.0,,,,,33.0,,4.0,,,,,,,,,,,,16.0,,22.0,,,,,,,6.0,39.0,,,,,,,4.0,,23.0,,,,,,,,,,,,,,2025,,kamis
2026-01,13793.673314339982,12900.0,3288.1082859904946,6800.0,24800.0,1053.0,-1.1475806451612904,3.95,311.9625,1456.509523809524,110.8,24963.666666666668,9.0,23891.498324504188,7513.0,71.0,3.0,27181.894592549477,19856.79506122449,21182.145132697755,3436.0,196.0,3881.0,29.0,10.0,32.0,5581.738969387755,5418.035747975709,7773.075268817204,,6800.701648677781,,7324.897884052388,6223.704819277108,4316.899535563677,10700.52377,,7668.063855144072,5962.101654697135,5510.28159891569,3136.0,19760.0,1860.0,,309773.69,,10384.0,332.0,14228.0,600.0,,127506.0,11028.0,108456.0,6.0,33.0,7.0,,148.0,,37.0,7.0,22.0,7.0,,230.0,27.0,80.0,,4627.8780106287495,4968.760155284553,4375.0,5678.56489139984,3587.7594692916755,,5116.342350194554,4642.935623069817,,,4762.409636538256,,4594.72049689441,,3761.3002933908047,3397.1428571428573,,3644.004796163069,3363.8331158933856,3782.193732193732,4722.909090909091,3216.5151515151515,3576.333333333333,,3494.111111794872,,3567.1144278606967,3387.5404530744336,4026.592356687898,,3564.687302590019,,,,,,2453.8216560509554,2739.583333333333,,,1533.3333333333333,1458.3333333333333,,,1528.0592079463477,,,1167.5087260034904,1577.4994110718492,,,,,1914.7962918979176,5581.738969387755,5418.035747975709,7773.075268817204,,6800.701648677781,,7324.897884052388,6223.704819277108,4316.899535563677,10700.52377,,7668.063855144072,5962.101654697135,5510.28159891569,,,3451.645264847512,,,,,,,,,,,,,,,,,,,,,,,,2005.700577826892,2171.9521433563027,,1886.1657727943889,,,2004.391686650632,1916.40625,1954.0288795275596,,,1250.0,1910.4686131818185,2715.106535338346,2437.811100083963,,,2546.6720214832885,2161.561024486442,2418.889526408617,2751.967091654677,2724.684717117117,2197.024456521739,2121.1905042857143,2191.1880878760257,,2583.006535947713,,,1988.4786191740684,,2213.346646696621,,,,,,,,,,,21169.0,12300.0,640.0,25497.2,4673.0,,257.0,7577.0,,,28113.0,,1288.0,,34800.0,3500.0,,20850.0,101300.0,35100.0,1100.0,9900.0,6000.0,,19500.0,,20100.0,2472.0,1256.0,,6332.0,,,,,,5024.0,288.0,,,4500.0,24000.0,,,55460.9525,,,3438.0,16980.0,,,,,168648.0,3136.0,19760.0,1860.0,,309773.69,,10384.0,332.0,14228.0,600.0,,127506.0,11028.0,108456.0,,,4361.0,,,,,,,,,,,,,,,,,,,,,,,,1674100.0,1436700.0,,1696525.0,,,166300.0,6400.0,25400.0,,,2000.0,154000.0,26600.0,29775.0,,,89865.2,30425.0,371375.0,69500.0,8325.0,18400.0,3500.0,27425.0,,3825.0,,,43684.0,,12018.0,,,,,,,,,,,61.0,10.0,2.0,55.0,12.0,,3.0,23.0,,,52.0,,8.0,,33.0,2.0,,25.0,15.0,12.0,3.0,11.0,4.0,,19.0,,29.0,3.0,5.0,,7.0,,,,,,3.0,3.0,,,4.0,2.0,,,25.0,,,8.0,18.0,,,,,28.0,6.0,33.0,7.0,,148.0,,37.0,7.0,22.0,7.0,,230.0,27.0,80.0,,,2.0,,,,,,,,,,,,,,,,,,,,,,,,121.0,102.0,,147.0,,,26.0,4.0,12.0,,,2.0,36.0,17.0,40.0,,,36.0,19.0,122.0,27.0,14.0,16.0,6.0,23.0,,14.0,,,35.0,,3.0,,,,,,,,,,,,,,,,,,,,,,,,,,,,,,,,,,,,,,,,,,,,,,,,,,,,,,,,,,,,,,,,,,,,,,,,,,,,,,,,,,,,,,,,,,,,,,,,,,,,,,,,,,,,,,,,,,,,,,,,,,,,,,,,,,,,,,,,,,,,,,,,,,,,,,,,,,,,,,,,,,,,,,,,,,,,,,,,,,,,,,,,,,,,,,,,,,,,,,,,,,,,,,,,,,,,,,,,,,,,,,,,,,,,,,,,,,,,,,,,,,,,,,,,,,,,,,,,,,,,,,,,,,,,,,,,,,,,,,,,,,,,,,,,,,,,,,,,,,,,,,,,,,,2026,,kamis
2026-02,12746.789838337183,12900.0,3495.9355412224304,4000.0,24800.0,866.0,2.5479638009049776,18.2125,305.2125,1449.3235294117646,112.1,8806.222222222223,9.0,9521.08175164319,8520.0,84.0,3.0,10189.065650746268,10739.268292682927,9170.486360112754,2680.0,164.0,5676.0,28.0,13.0,43.0,1487.762237762238,2047.8347542887775,875.0,,1863.165415981626,696.7741935483871,2341.5515640883978,2753.6363636363635,2188.653330117449,4333.333333333333,,3350.3547801794866,2966.11306455898,2157.0358477067957,2288.0,22384.0,736.0,,351804.0,2480.0,7240.0,264.0,9536.0,72.0,,98726.0,7528.0,118088.0,6.0,36.0,2.0,,135.0,2.0,24.0,7.0,12.0,2.0,,175.0,20.0,74.0,,3992.066128940568,3906.051788349515,,4474.918876420564,4510.256047531476,,4793.2274656084655,2333.333333333333,,,4620.223939010293,,,,2716.0626603580563,,,2825.8314400568183,2850.9583057627124,2699.4367402269863,4166.3125,3507.6,2630.0,,2734.0,,2192.8735632183907,3625.0,,,3768.458781362008,,,,,,2575.208333333333,3191.9117647058824,,6219.512195121952,,1204.7931713722917,,,1445.4080630345095,,,1193.050193050193,1620.741804947526,1809.583275,,,,1806.706302454036,1487.762237762238,2047.8347542887775,875.0,,1863.165415981626,696.7741935483871,2341.5515640883978,2753.6363636363635,2188.653330117449,4333.333333333333,,3350.3547801794866,2966.11306455898,2157.0358477067957,,,,,,,,,,,,,,,,,,,,,,,,,,,1920.4824297405407,2355.417015541732,,1836.664963145124,,,2046.8367391600457,1622.8931875525652,2371.9736853801173,,,,1971.932138952746,2341.0053357480315,2361.4475476086955,,,2039.2478626319637,1618.4761885714283,1844.719421880798,2117.1259273127757,3163.298969072165,1978.9202296597848,1508.5587195729538,2037.426089911984,,2685.3658536585367,,,,,4488.408037094281,,,,,,,,,,,15480.0,5150.0,,39157.0,7069.0,,945.0,192.0,,,18167.0,,,,39100.0,,,35200.0,59000.0,79300.0,1600.0,2500.0,2500.0,,2500.0,,8700.0,1280.0,,,4464.0,,,,,,1920.0,2720.0,,672.4,,6092.0,,,65713.845,,,1295.0,13340.0,8000.0,,,,50692.0,2288.0,22384.0,736.0,,351804.0,2480.0,7240.0,264.0,9536.0,72.0,,98726.0,7528.0,118088.0,,,,,,,,,,,,,,,,,,,,,,,,,,,925000.0,964500.0,,1071500.0,,,88100.0,29725.0,17100.0,,,,234900.0,31750.0,23000.0,,,39689.0,4375.0,336825.0,56750.0,2425.0,85975.0,14050.0,147700.0,,1025.0,,,,,6470.0,,,,,,,,,,,38.0,7.0,,47.0,20.0,,6.0,3.0,,,47.0,,,,23.0,,,18.0,10.0,18.0,3.0,5.0,4.0,,4.0,,6.0,2.0,,,8.0,,,,,,5.0,3.0,,2.0,,4.0,,,28.0,,,4.0,12.0,4.0,,,,17.0,6.0,36.0,2.0,,135.0,2.0,24.0,7.0,12.0,2.0,,175.0,20.0,74.0,,,,,,,,,,,,,,,,,,,,,,,,,,,77.0,56.0,,100.0,,,14.0,8.0,8.0,,,,31.0,20.0,37.0,,,42.0,3.0,63.0,20.0,9.0,18.0,17.0,22.0,,3.0,,,,,6.0,,,,,,,,,,,,,,,,,,,,,,,,,,,,,,,,,,,,,,,,,,,,,,,,,,,,,,,,,,,,,,,,,,,,,,,,,,,,,,,,,,,,,,,,,,,,,,,,,,,,,,,,,,,,,,,,,,,,,,,,,,,,,,,,,,,,,,,,,,,,,,,,,,,,,,,,,,,,,,,,,,,,,,,,,,,,,,,,,,,,,,,,,,,,,,,,,,,,,,,,,,,,,,,,,,,,,,,,,,,,,,,,,,,,,,,,,,,,,,,,,,,,,,,,,,,,,,,,,,,,,,,,,,,,,,,,,,,,,,,,,,,,,,,,,,,,,,,,,,,,,,,,,,,2026,,kamis
2026-03,9757.291666666666,9860.0,2859.733548046885,4000.0,16600.0,1080.0,7.194308943089431,79.35000000000001,371.15,1486.6380952380953,107.0,8417.888888888889,9.0,7230.435742498636,9165.0,82.0,3.0,7816.676082815736,9566.741928853757,6730.33238604409,2898.0,506.0,5761.0,29.0,14.0,39.0,875.0,2152.6431234200745,1991.8772563176892,,2189.474069017784,,2748.957383952856,1907.487266119578,1725.422951586656,3864.705882352941,,2605.4049357340505,2226.303466861264,1924.44713290665,416.0,21520.0,1108.0,,308761.0,,8824.0,853.0,19664.0,204.0,,153954.0,11648.0,128120.0,2.0,26.0,8.0,,118.0,,30.0,9.0,20.0,3.0,,232.0,31.0,86.0,,5142.48056858266,5841.793103448276,5104.0,5220.55002588077,5397.308488612836,,4406.40878021555,5287.365177195686,4894.98729397824,,5456.875783107169,4298.214285714285,,,2580.0320106842737,,,2580.6115182239737,2559.891421236778,2914.410299003322,2419.540614545455,2385.615763546798,2887.5719769673706,,2564.9066189655173,,3162.2388059701493,,,,,,6492.718446601942,,2571.428571428572,,3989.2676767676767,,,,,1025.0,837.3786407766991,,1345.4093916476154,,,1145.4036598493003,1309.293534107402,,,,,1427.6671511058232,875.0,2152.6431234200745,1991.8772563176892,,2189.474069017784,,2748.957383952856,1907.487266119578,1725.422951586656,3864.705882352941,,2605.4049357340505,2226.303466861264,1924.44713290665,,,,,,,,,,,,,,,,,,,,,,,,,,,1868.8228202088144,2044.4386760810607,,1891.3709089667996,,,2024.8968185365852,1299.7560975609756,2010.118884848485,,,,2152.5198318059297,2932.754133742331,3244.574929434698,,,3905.971930025637,3028.107984517556,2805.401911106087,3419.2038757328637,2867.2748056926,,2766.6666893401016,2334.89188879668,,4119.891008174387,,,4467.438494934877,,,,,,,,,,,,,37648.0,7250.0,1250.0,66845.0,2415.0,,5196.0,3245.0,9283.0,,26603.0,1400.0,,,83300.0,,,41621.0,122900.0,60200.0,11000.0,20300.0,52100.0,,23200.0,,6700.0,,,,,,4944.0,,280.0,,3960.0,,,,,12000.0,2060.0,,60188.8,,,2787.0,16536.0,,,,,57152.0,416.0,21520.0,1108.0,,308761.0,,8824.0,853.0,19664.0,204.0,,153954.0,11648.0,128120.0,,,,,,,,,,,,,,,,,,,,,,,,,,,996100.0,1327400.0,,1340456.0,,,123000.0,4100.0,56100.0,,,,296800.0,32600.0,25650.0,,,6631.0,3617.0,442325.0,113425.0,13175.0,,4925.0,48200.0,,367.0,,,6910.0,,,,,,,,,,,,,80.0,8.0,2.0,77.0,8.0,,15.0,11.0,11.0,,43.0,2.0,,,38.0,,,29.0,15.0,8.0,14.0,22.0,11.0,,15.0,,7.0,,,,,,2.0,,2.0,,14.0,,,,,2.0,2.0,,21.0,,,8.0,12.0,,,,,21.0,2.0,26.0,8.0,,118.0,,30.0,9.0,20.0,3.0,,232.0,31.0,86.0,,,,,,,,,,,,,,,,,,,,,,,,,,,80.0,77.0,,133.0,,,18.0,6.0,20.0,,,,34.0,21.0,47.0,,,21.0,8.0,95.0,25.0,15.0,,12.0,18.0,,5.0,,,5.0,,,,,,,,,,,,,,,,,,,,,,,,,,,,,,,,,,,,,,,,,,,,,,,,,,,,,,,,,,,,,,,,,,,,,,,,,,,,,,,,,,,,,,,,,,,,,,,,,,,,,,,,,,,,,,,,,,,,,,,,,,,,,,,,,,,,,,,,,,,,,,,,,,,,,,,,,,,,,,,,,,,,,,,,,,,,,,,,,,,,,,,,,,,,,,,,,,,,,,,,,,,,,,,,,,,,,,,,,,,,,,,,,,,,,,,,,,,,,,,,,,,,,,,,,,,,,,,,,,,,,,,,,,,,,,,,,,,,,,,,,,,,,,,,,,,,,,,,,,,,,,,,,,,,,2026,,kamis
2026-04,9519.703442188878,9860.0,2679.99914699181,3330.0,16500.0,1133.0,13.658333333333333,78.7125,393.1375,1487.390909090909,99.2,8566.0,9.0,8579.872403394129,10253.0,105.0,3.0,10415.198140500916,8694.986062370062,7646.627384425978,3274.0,481.0,6498.0,39.0,17.0,49.0,1730.7692307692307,2261.844118395619,2485.681818181818,,2229.47963902706,,2765.3481546071225,1608.803062330623,1617.6990367405583,3516.225165562914,,2619.4303992182136,2299.984099335916,2057.4413056672706,416.0,24832.0,880.0,,328900.0,,14152.0,1476.0,19488.0,604.0,,161681.0,14456.0,141232.0,2.0,45.0,3.0,,111.0,,40.0,16.0,25.0,5.0,,248.0,35.0,99.0,,4789.961525238921,4350.310511431514,4943.661971830986,4538.794483076498,3303.727794274728,,4457.042599173092,4249.639444781783,4051.665785298784,,4301.831111235279,3375.23812,,,2035.6778739286324,,,2174.06378452579,2010.8341473319472,1897.6962962962964,1943.433566885246,1964.9981863047,1891.0207817846608,,2161.433945851852,,1863.1277533039647,,4935.4838709677415,,,,7720.994475138122,,,,4825.363070539419,,,6689.138199929566,,700.0,524.439749692464,,785.3718891207534,,930.0,736.5478978675645,731.3823713204374,,,,,791.1033779994697,1730.7692307692307,2261.844118395619,2485.681818181818,,2229.47963902706,,2765.3481546071225,1608.803062330623,1617.6990367405583,3516.225165562914,,2619.4303992182136,2299.984099335916,2057.4413056672706,,,,,,,,,,,,,,,,,,,,,,,,,,,1861.8901311692728,2177.060810472264,,2036.129092119285,,,2188.719363449692,1883.923611111111,1889.4020200836817,,,,2025.432290199081,2238.7120179818885,2268.852180386838,,3559.8314606741574,2136.813718283156,2284.221144527199,2155.0326958690475,1967.004338298707,2404.5124626521883,1993.9125254540525,1768.458391575663,2094.4044284350407,,2297.6196410767698,2577.777742222222,,3340.7986468757795,,3092.702925135056,,,3578.125,2685.8498742213,2908.9021599598145,,,,3155.5714463660697,,61631.0,24275.0,1775.0,86891.0,4681.0,,8949.0,10540.0,9455.0,,58165.0,2375.0,,,146425.0,,,60100.0,144300.0,67500.0,30500.0,123400.0,135600.0,,135000.0,,22700.0,,124.0,,,,5792.0,,,,3856.0,,,1391.39,,4635.0,74788.0,,42642.245,,3000.0,2673.0,19024.0,,,,,60344.0,416.0,24832.0,880.0,,328900.0,,14152.0,1476.0,19488.0,604.0,,161681.0,14456.0,141232.0,,,,,,,,,,,,,,,,,,,,,,,,,,,294200.0,1334000.0,,581800.0,,,48700.0,28800.0,47800.0,,,,261200.0,38650.0,50874.0,,356.0,146629.5,10607.0,807925.0,63775.0,15195.0,92225.0,16025.0,48443.75,,8024.0,4050.0,,92231.0,,160489.0,,,1024.0,16855.0,35834.0,,,,19428.0,,101.0,23.0,2.0,88.0,9.0,,22.0,18.0,12.0,,80.0,2.0,,,62.0,,,36.0,22.0,19.0,22.0,49.0,28.0,,43.0,,12.0,,3.0,,,,2.0,,,,13.0,,,5.0,,2.0,4.0,,12.0,,2.0,8.0,14.0,,,,,25.0,2.0,45.0,3.0,,111.0,,40.0,16.0,25.0,5.0,,248.0,35.0,99.0,,,,,,,,,,,,,,,,,,,,,,,,,,,38.0,95.0,,41.0,,,7.0,4.0,28.0,,,,13.0,21.0,73.0,,4.0,73.0,6.0,125.0,21.0,19.0,27.0,9.0,31.0,,29.0,2.0,,42.0,,53.0,,,3.0,5.0,14.0,,,,5.0,,,,,,,,,,,,,,,,,,,,,,,,,,,,,,,,,,,,,,,,,,,,,,,,,,,,,,,,,,,,,,,,,,,,,,,,,,,,,,,,,,,,,,,,,,,,,,,,,,,,,,,,,,,,,,,,,,,,,,,,,,,,,,,,,,,,,,,,,,,,,,,,,,,,,,,,,,,,,,,,,,,,,,,,,,,,,,,,,,,,,,,,,,,,,,,,,,,,,,,,,,,,,,,,,,,,,,,,,,,,,,,,,,,,,,,,,,,,,,,,,,,,,,,,,,,,,,,,,,,,,,,,,,,,,,,,,,,,,,,,,,,,,,,,,,,,,,,,,,2026,,kamis
2026-05,8938.707133917396,8600.0,2520.5908419093857,3800.0,19900.0,799.0,18.65443548387097,106.64999999999999,435.7375,1490.1055555555556,106.1,9710.111111111111,9.0,8685.241134201833,16043.0,152.0,3.0,9242.72297260788,9831.695931721197,8307.884898301698,5330.0,703.0,10010.0,62.0,28.0,62.0,,2403.9049386672327,,,2519.0884633405835,,2547.517812461298,1557.3611587301586,1988.7217960085063,2164.06386862442,,2855.088698072552,2482.3167212981743,2218.7495926047022,,18848.0,,,274036.0,,33913.0,1008.0,24452.0,5176.0,,168928.0,9860.0,134572.0,,47.0,,,111.0,,61.0,13.0,28.0,15.0,,198.0,29.0,90.0,,3919.458692652344,4171.225111791179,4178.260869565217,4187.426145912803,3692.497430555556,,3801.505630747418,2759.655296296296,3605.306855182336,,3770.954639424896,3431.703703703704,4434.782608695652,1006.8932038834952,1307.221222908529,1024.6815321656052,,1363.4916099945087,1151.0593992405063,1184.770531400966,1018.2167974757284,1324.125328625968,1284.7377199514858,,1188.1304600387346,,1315.1680896478122,,,,,,,,,,4383.806818181818,,,5819.520712111587,2269.559153617849,1105.8823529411766,1282.3220974463738,,1150.7747221350276,,1396.583850931677,1159.5372007784624,1540.2590978138949,,,,,2213.8423183296613,,2403.9049386672327,,,2519.0884633405835,,2547.517812461298,1557.3611587301586,1988.7217960085063,2164.06386862442,,2855.088698072552,2482.3167212981743,2218.7495926047022,,,,4076.477906287476,,,7348.293190088373,,,,,,,18955.07425572193,13705.922979892955,10979.79797979798,,,,,,,16080.71568249755,,,,2186.1653496357303,2568.616421236432,,2032.2859194691648,,,3227.2618857142857,,2741.559633027523,,,,2452.767791637324,1950.7534929975088,1984.971111305484,,,1936.114680859188,1818.7518248175184,1861.466078565224,1945.30969008198,1697.1653187108325,1763.2259766856214,1649.9894522432703,1647.8176192068595,,2279.3344402933444,1940.0877855002489,3277.227722772277,2396.100824600395,,2248.3924493854047,,2666.338229728836,1204.290020687354,2362.235499584015,2609.797740987286,,,,2148.677136477654,,67627.0,27775.0,575.0,98833.0,7704.0,,9874.0,8964.0,18071.0,,97791.0,3375.0,552.0,10300.0,126475.69,31400.0,,182100.0,118500.0,103500.0,103000.0,196713.0,164900.0,,309800.0,,14992.0,,,,,,,,,,1408.0,,,2565.89,195420.0,8500.0,97900.0,,66581.62,,1932.0,6166.0,21842.5,,,,,2229632.0,,18848.0,,,274036.0,,33913.0,1008.0,24452.0,5176.0,,168928.0,9860.0,134572.0,,,,58370.0,,,11542.0,,,,,,,7083.71,3456.5,49.5,,,,,,,8664.5,,,,315700.0,953550.0,,320250.0,,,2800.0,,10900.0,,,,113600.0,90325.0,42873.0,,,104750.0,34250.0,1179975.0,155525.0,27925.0,61550.0,25075.0,174937.5,,7227.0,118471.0,5858.0,1307979.0,,1177279.0,,105803.0,26973.0,358186.0,220078.0,,,,169830.0,,107.0,14.0,2.0,77.0,9.0,,19.0,16.0,11.0,,76.0,3.0,4.0,8.0,65.0,16.0,,68.0,36.0,14.0,53.0,57.0,44.0,,77.0,,5.0,,,,,,,,,,5.0,,,6.0,6.0,2.0,4.0,,19.0,,2.0,13.0,17.0,,,,,67.0,,47.0,,,111.0,,61.0,13.0,28.0,15.0,,198.0,29.0,90.0,,,,29.0,,,7.0,,,,,,,56.0,54.0,6.0,,,,,,,156.0,,,,32.0,62.0,,26.0,,,3.0,,4.0,,,,5.0,51.0,64.0,,,54.0,3.0,140.0,37.0,20.0,44.0,20.0,67.0,,23.0,48.0,7.0,215.0,,200.0,,19.0,2.0,87.0,82.0,,,,53.0,,3927.9661016949153,4012.5,5432.080419580419,4166.068759342302,,4346.794871794872,,,3980.733944954128,,4333.333333333333,1430.0,1117.4725274725274,1231.276595744681,,1000.2,,910.0,378.57142857142856,,1117.7514792899408,1309.5833333333333,,,,,,,,,,5625.0,6031.390134529148,,1162.0,1859.6938775510205,700.0,,,,,1453.7037037037037,,,1731.132075471698,1282.1705426356589,3234.926470588235,1336.6666666666667,,,,899.4736842105264,,,,,,,,,,,,,,2350.0,,,,,,,,,2100.0,,2518.8340807174886,2028.9855072463768,2381.4691943127964,1943.4069400630915,,,1759.3822393822393,,2172.6267281105997,,2000.0,2105.924596050269,,1775.2465946453733,2580.417791672588,,,2445.4617414248023,,2508.3672039243165,,,,708.0,672.0,3432.0,4014.0,,936.0,,,1962.0,,18.0,360.0,8190.0,4230.0,,3000.0,,1020.0,420.0,,5070.0,1440.0,,,,,,,,,,240.0,669.0,,1050.0,5880.0,216.0,,,,,486.0,,,1908.0,1548.0,816.0,90.0,,,,570.0,,,,,,,,,,,,,,60.0,,,,,,,,,150.0,,3345.0,1035.0,6330.0,4755.0,,,3885.0,,6510.0,,1422.0,3342.0,,6387.0,21111.0,,,11370.0,,14270.0,,,,36.0,30.0,60.0,102.0,,12.0,,,60.0,,3.0,3.0,156.0,45.0,,27.0,,9.0,6.0,,93.0,15.0,,,,,,,,,,3.0,48.0,,36.0,33.0,3.0,,,,,9.0,,,87.0,45.0,21.0,6.0,,,,24.0,,,,,,,,,,,,,,9.0,,,,,,,,,3.0,,90.0,39.0,138.0,75.0,,,84.0,,111.0,,15.0,9.0,,30.0,75.0,,,42.0,,79.0,,,2026,,kamis
2026-06,10422.036559139786,10600.0,2682.978292401832,5000.0,19900.0,930.0,22.833333333333332,63.1,436.3125,1527.3,106.6,14887.111111111111,9.0,12372.57949566507,17532.0,149.0,3.0,12195.402023809524,10978.753814084508,12648.71278716602,8064.0,710.0,8758.0,64.0,24.0,61.0,2404.8507462686566,3900.981906046032,,,3382.480921227124,,3139.204649090406,1982.268524691358,3069.6174249999995,4052.029328671329,1931.8181818181815,3125.66014193474,3067.1055259953164,2771.8408983972968,1072.0,23288.0,,,214909.0,,43316.0,1296.0,18560.0,25168.0,176.0,242844.0,8540.0,129032.0,2.0,42.0,,,113.0,,74.0,9.0,15.0,28.0,2.0,237.0,37.0,95.0,,2970.199368483643,2343.0743397153947,1857.142857142857,2675.765899106953,2168.523014985824,,2360.295779565924,1806.532557471264,1762.857142857143,,2563.341533948518,3021.5628090225564,6000.0,836.734375,1514.5659071859063,1451.464864573991,,1224.509724192835,1311.9861167603103,1129.9061695515695,1122.1439888089528,1285.7942668757744,1398.611110973937,,1531.4265988816148,,1455.595682310469,,,,8452.054794520547,,,,,,,9812.596322155256,,6542.91950288522,1214.191738880263,,1068.8276735533918,,1558.9657787520352,,,1293.6959210808493,1529.0943424170616,,,,,1395.4214525532814,2404.8507462686566,3900.981906046032,,,3382.480921227124,,3139.204649090406,1982.268524691358,3069.6174249999995,4052.029328671329,1931.8181818181815,3125.66014193474,3067.1055259953164,2771.8408983972968,,,2761.5749525616698,3208.6523649504948,,,4687.534,4972.222222222223,,,,,15725.994217743231,11577.25161102356,11269.49308473977,4406.853370060228,5142.981176961874,3328.418230563003,3251.1555806087936,4261.473116105122,,951.700668367347,7208.051073156338,5224.610306128377,,,2079.092927286703,2571.734951764501,,1962.054957652073,,,1934.5666666666664,,,,,,2523.5846245530392,1427.8605069743053,1449.04969090642,,,1510.311754119545,920.3548521978022,1272.6523779222796,1584.9002762740183,1558.958188092016,1433.4650541080912,1313.5952692715491,1127.673034877982,,1396.3058671737062,1485.4342473312804,,1754.598445066197,,1846.7212298174336,,1576.7860001252725,2106.546151093153,1719.905507844868,1858.235949762764,1711.245590560759,,,1668.7994274586636,,46249.0,38650.0,112.0,150496.0,7407.0,,20319.0,6960.0,9800.0,,102950.0,6650.0,164.0,32000.0,107850.0,22300.0,,226100.0,123518.0,223000.0,125100.0,167059.0,145800.0,,366600.0,,2770.0,,,,584.0,,,,,,,29119.5,,1003.39,1642350.0,,50532.0,,72086.81,,,4663.0,20256.0,,,,,5571829.07,1072.0,23288.0,,,214909.0,,43316.0,1296.0,18560.0,25168.0,176.0,242844.0,8540.0,129032.0,,,33728.0,121200.0,,,20000.0,1152.0,,,,,9266.97,5603.27,14146.25,37856.0,23048.75,1492.0,1774.0,18187.785,,3528.0,163410.1375,6886.0,,,260200.0,717625.0,,258100.0,,,3000.0,,,,,,83900.0,47675.0,34035.0,,,121494.0,18200.0,1287950.0,59850.0,36950.0,80025.0,127325.0,182350.0,,7363.0,289652.0,,6712925.0,,1329873.0,,143687.0,194529.0,288915.0,214343.0,16442.0,,,379749.0,,57.0,20.0,2.0,90.0,6.0,,19.0,15.0,2.0,,94.0,3.0,3.0,16.0,56.0,11.0,,72.0,30.0,37.0,65.0,58.0,45.0,,87.0,,6.0,,,,4.0,,,,,,,62.0,,4.0,39.0,,3.0,,15.0,,,11.0,13.0,,,,,149.0,2.0,42.0,,,113.0,,74.0,9.0,15.0,28.0,2.0,237.0,37.0,95.0,,,17.0,28.0,,,15.0,2.0,,,,,78.0,52.0,94.0,80.0,43.0,2.0,19.0,74.0,,4.0,544.0,17.0,,,29.0,54.0,,14.0,,,4.0,,,,,,5.0,28.0,43.0,,,51.0,9.0,180.0,16.0,21.0,59.0,39.0,83.0,,26.0,70.0,,1042.0,,177.0,,24.0,48.0,94.0,53.0,9.0,,,75.0,,2679.7583081571,2985.7532751091703,3118.0795847750865,3005.7697566311185,,3267.459785522788,2250.0,,2925.2727272727275,,6000.0,1000.0,1304.1254752851712,1423.766364551863,,1074.76,,1282.1138211382113,723.6111111111111,752.0,1273.985680190931,860.0,,10380.952380952382,,,,,,,,13412.037037037036,6481.549815498155,,1385.3820598006644,1703.021978021978,,,,,802.9411764705883,1977.7777777777776,,,3626.941457586619,2391.7525773195875,7873.809523809524,2100.0,1875.0,,,2288.7596899224804,,,2744.627299128751,,4657.5,6966.666666666667,2600.0,,3196.469104665826,,3503.9377580184187,4426.309662398137,,911.1111111111112,4008.055555555556,,,,,,,,,,1674.074074074074,1889.512799339389,1942.2895622895624,1732.235294117647,758.1651376146789,,1586.2283737024222,,1281.9172932330828,,1937.2822828520475,1675.2736458040977,,1936.0081674323635,1714.929902288038,,,1898.2758620689656,,1304.3429594806355,,,,993.0,1832.0,2312.0,3657.0,,2984.0,846.0,,1650.0,,8.0,120.0,5260.0,2979.0,,2500.0,,1230.0,360.0,500.0,2095.0,200.0,,42.0,,,,,,,,972.0,542.0,,1806.0,7280.0,,,,,510.0,522.0,,,1674.0,388.0,504.0,36.0,20.0,,,258.0,,,1033.0,,240.0,30.0,75.0,,3965.0,,6298.0,1718.0,,1890.0,1440.0,,,,,,,,,,405.0,6055.0,1485.0,1275.0,545.0,,4335.0,,10640.0,,26353.0,10689.0,,19590.0,16477.0,,,14326.0,,13401.0,,,,30.0,49.0,55.0,93.0,,43.0,12.0,,51.0,,4.0,1.0,115.0,52.0,,38.0,,21.0,5.0,3.0,47.0,2.0,,8.0,,,,,,,,15.0,32.0,,39.0,57.0,,,,,9.0,16.0,,,85.0,21.0,18.0,3.0,1.0,,,11.0,,,51.0,,12.0,3.0,6.0,,202.0,,255.0,57.0,,15.0,7.0,,,,,,,,,,18.0,102.0,39.0,30.0,26.0,,105.0,,169.0,,117.0,39.0,,86.0,62.0,,,56.0,,30.0,,,2026,,kamis
2026-07,13001.558620689655,13200.0,3330.895366573265,6300.0,24800.0,1015.0,27.400403225806453,192.65,443.575,1497.4272727272728,106.8,24214.33333333333,9.0,16672.514254395486,38698.8,91.0,3.0,18620.00850636999,20228.767258907366,14739.760406635643,18084.8,842.0,19772.0,30.0,15.0,46.0,2890.395278270739,5082.230972429363,2024.5426528018488,,4780.199165439164,4043.499043977056,4806.080907077981,4559.592231914893,3134.079033190796,5491.407664916234,2212.658227848101,5493.844480259815,4181.866209066209,4124.518646974768,77536.0,58468.0,6924.0,,397310.76,2092.0,122210.0,3760.0,78576.0,188144.0,632.0,673094.0,4755.24,204348.0,20.0,37.0,8.0,,124.0,4.0,96.0,7.0,21.0,60.0,4.0,246.0,25.0,75.0,,2848.545119089033,2387.314232080925,1192.3076923076924,2442.240870853818,2390.385358760429,4707.17957512483,3432.5731583292463,2459.837534115524,2451.851851851852,,3164.1561242250486,,,1265.4411764705883,971.388165535248,811.7626728110599,872.9914692307692,1292.3627427020683,1274.2774388365071,1304.0313047249083,993.5210483436852,1244.1300932792324,1024.3522298615603,,1765.4734392115074,512.7777777777778,1556.248766041461,4690.697674418605,5782.177276919173,,7912.778208693473,,,6747.682547902641,8005.214465937763,,,7867.6408017686035,,7188.311688311688,1456.6314150133396,,,,1628.7164385098845,,,1358.3901545104084,1489.5974271129,,,780.0,,1688.766694178389,2890.395278270739,5082.230972429363,2024.5426528018488,,4780.199165439164,4043.499043977056,4806.080907077981,4559.592231914893,3134.079033190796,5491.407664916234,2212.658227848101,5493.844480259815,4181.866209066209,4124.518646974768,,,3236.553728015342,2583.809554773992,,,853.0720624174769,2275.8764607679464,,,2049.542682926829,2750.157353663142,,5167.54843071082,2651.3133845109405,4305.858418295284,4913.050613496191,3676.5866813059806,2892.013375933632,4664.921595521474,2952.7027027027025,3079.5786978721044,5361.7707777408,3914.440926564986,5927.089552238806,,2332.961295280236,2241.51071179216,,1895.6273822199644,,,3178.722222222222,,,,,,2037.3274683834047,1223.695652173913,1791.977728959508,,2331.851851851852,1692.810092094371,1062.6112759643918,1481.5627681332303,2241.0852744810745,1417.627074071177,1715.4379610358567,1721.2493134506922,1130.802628845959,,1864.1176470588236,1208.1220923782105,1441.5959977385944,1517.385301704475,,1660.3374110091413,,1772.15022527748,1584.3590082422595,1491.7191774124408,1480.3575553397718,1156.406651769169,1357.5216384249666,,1811.089454593856,,86238.0,17300.0,2080.0,192828.0,8390.0,8812.0,12234.0,22160.0,9450.0,,223401.0,,,13600.0,76600.0,43400.0,27300.0,681700.0,324540.0,2999000.0,96600.0,446080.0,397213.0,,750800.0,3600.0,37987.5,1376.0,78810.0,,31932.0,,,9655.0,4756.0,,,575030.0,,308.0,412300.0,,,,253369.34,,,6485.0,92657.0,,,2500.0,,1850072.0,77536.0,58468.0,6924.0,,397310.76,2092.0,122210.0,3760.0,78576.0,188144.0,632.0,673094.0,4755.24,204348.0,,,162693.0,253907.0,,,133296.0,38336.0,,,20992.0,42368.0,,129058.75,4787.25,396156.75,128047.25,3461.0,149952.0,230441.9,1184.0,234457.0,285455.0,83890.5,26800.0,,169500.0,1210550.0,,196850.0,,,3600.0,,,,,,139800.0,11500.0,48775.0,,2025.0,48320.0,8425.0,3105900.0,40950.0,191775.0,125500.0,292550.0,184731.25,,5950.0,1183764.0,93747.0,14124875.0,,6012567.0,,807897.0,1972760.0,884115.0,4218729.0,913621.0,229684.0,,330572.0,,35.0,4.0,4.0,63.0,12.0,6.0,17.0,11.0,2.0,,73.0,,,6.0,18.0,14.0,2.0,61.0,32.0,112.0,45.0,76.0,71.0,,95.0,4.0,14.0,2.0,40.0,,32.0,,,3.0,8.0,,,314.0,,2.0,8.0,,,,24.0,,,16.0,20.0,,,2.0,,84.0,20.0,37.0,8.0,,124.0,4.0,96.0,7.0,21.0,60.0,4.0,246.0,25.0,75.0,,,46.0,28.0,,,15.0,8.0,,,7.0,11.0,,89.0,11.0,148.0,178.0,6.0,78.0,192.0,4.0,95.0,610.0,56.0,34.0,,19.0,53.0,,25.0,,,3.0,,,,,,10.0,6.0,14.0,,3.0,17.0,4.0,236.0,16.0,43.0,39.0,67.0,52.0,,4.0,103.0,28.0,703.0,,112.0,,52.0,57.0,66.0,129.0,29.0,3.0,,30.0,,2590.909090909091,2810.768685795253,,2922.850678733032,,,,,3945.6343792633015,,6020.0,1321.428571428571,872.9620661824051,846.0458015267176,,756.8019093078759,,,430.3571428571428,,1117.642857142857,425.0,,6010.03879728419,,5651.388888888889,,,,,,7664.898390076537,7750.0,,907.4074074074074,1955.6626506024097,,,,,,1791.7553191489362,,,3945.222222222222,4510.6024096385545,9565.357142857143,,,,2500.0,1961.367673179396,,2125.0,3084.896219421794,,5079.332897318509,,,7282.851239669421,2020.9483989394248,3942.367256637168,3536.378157723481,4579.40594059406,,1911.764705882353,2943.8829787234044,,,,,,,,,,1026.25,2007.8231292517007,1156.5217391304348,,1351.7808219178082,,1569.7285067873304,,1171.539961013645,,1718.1509002572163,956.5807327001356,,1916.9940546967896,1698.53952799238,,,1690.22978764619,,1448.5285693827868,,,,88.0,2823.0,,2652.0,,,,,1466.0,,50.0,700.0,3717.0,3275.0,,10056.0,,,1680.0,,7000.0,80.0,,2062.0,,288.0,,,,,,3789.0,50.0,,162.0,4150.0,,,,,,1128.0,,,1800.0,830.0,560.0,,,,24.0,1126.0,,64.0,5396.0,,3058.0,,,2420.0,49030.0,904.0,16903.0,5050.0,,340.0,33840.0,,,,,,,,,,80.0,4410.0,1380.0,,1825.0,,4420.0,,5130.0,,34990.0,5159.0,,21025.0,9449.0,,,41299.0,,27932.0,,,,4.0,66.0,,78.0,,,,,66.0,,7.0,7.0,92.0,77.0,,114.0,,,24.0,,163.0,2.0,,60.0,,7.0,,,,,,85.0,1.0,,5.0,42.0,,,,,,34.0,,,80.0,24.0,15.0,,,,1.0,35.0,,3.0,252.0,,74.0,,,44.0,759.0,12.0,952.0,167.0,,9.0,150.0,,,,,,,,,,5.0,149.0,30.0,,59.0,,86.0,,156.0,,149.0,20.0,,139.0,35.0,,,121.0,,96.0,,,2026,,kamis
2026-08,14984.01,15150.0,3459.8918666624045,8300.0,20500.0,300.0,30.166666666666668,3.4625000000000004,138.25,1424.3857142857144,,,,12109.710513157896,1064.0,13.0,2.0,,19981.0257,11109.119599576274,,120.0,944.0,,5.0,8.0,3181.6247754629626,4806.919738831615,,,3683.948709365347,3841.552573932092,5111.947879328465,5870.699088145897,2728.325497001999,4630.342812231404,4352.777777777777,5058.370236717095,5492.599737451737,4035.475205005178,20736.0,12804.0,,,137272.0,3652.0,37109.0,658.0,24016.0,48400.0,288.0,154936.0,1036.0,57940.0,10.0,12.0,,,50.0,7.0,33.0,3.0,7.0,24.0,2.0,84.0,8.0,25.0,,2989.87265625,,,1317.8039520662285,,4337.4059939804365,,1935.524891774892,2251.929607903674,,2568.0239436513843,,,1690.7692307692307,1612.2413793103449,1454.7058823529412,,1588.3510417945693,1595.5460085889572,1371.9243456810511,1774.5149602564102,1285.2569610340436,1237.552202926383,,2605.496858831711,,,3986.821705426357,4200.5313369036485,,4622.866707515368,,5489.95983935743,,5762.824783477681,,,5891.734727463687,5867.924481132075,,1502.0,,,,1693.248602492678,,1030.0,1430.8917197452229,2348.7129485179407,,,,,1735.079706296555,3181.6247754629626,4806.919738831615,,,3683.948709365347,3841.552573932092,5111.947879328465,5870.699088145897,2728.325497001999,4630.342812231404,4352.777777777777,5058.370236717095,5492.599737451737,4035.475205005178,,,2624.3295022855564,2460.44684178744,,,821.875,2308.928571428572,2632.793288934426,,2539.4736842105262,,,6595.50502908514,5495.72192513369,4967.956067232714,4559.401246802736,,4671.874012951282,4650.157055413295,,3861.865101494956,4898.304532970221,4673.989061407889,6176.923076923077,,2270.2341382630466,2164.591774322955,,2566.5835985026206,,,2201.9047800000003,2396.25,,,,,2269.659289693593,,657.1428571428571,,,,,2025.1564195418784,,,2164.1420885245902,1908.779550857373,1064.7058823529412,,,543.010752688172,527.4289576159366,1152.3540286828195,,1227.9160212948957,,1755.8063552276035,1371.3101931622382,1396.676948648371,1445.412093271603,1062.9092292757646,,,1965.8694227489327,,9216.0,,,29353.0,,10632.0,,14784.0,6478.0,,127705.0,,,5200.0,23200.0,1700.0,,169400.0,65200.0,932588.0,15600.0,29051.0,109350.0,,215700.0,,,1032.0,63113.0,,20172.0,,2988.0,,10507.0,,,341815.0,848.0,,15000.0,,,,43332.51,,142800.0,1884.0,25640.0,,,,,274944.0,20736.0,12804.0,,,137272.0,3652.0,37109.0,658.0,24016.0,48400.0,288.0,154936.0,1036.0,57940.0,,,521536.0,13248.0,,,1280.0,17920.0,62464.0,,4864.0,,,3782.0,3740.0,69252.0,19157.0,,29804.0,39052.0,,134519.0,7755.18,12518.75,3328.0,,519300.0,370175.0,,701225.0,,,2000.0,9600.0,,,,,35900.0,,700.0,,,,,645025.0,,,30500.0,123925.0,13600.0,,,4836.0,124292.0,1168086.0,,767367.0,,307904.0,88216.0,204531.0,7305975.0,466133.0,,,233356.0,,3.0,,,13.0,,5.0,,5.0,4.0,,38.0,,,3.0,8.0,4.0,,18.0,8.0,66.0,16.0,14.0,20.0,,31.0,,,4.0,43.0,,15.0,,6.0,,17.0,,,134.0,2.0,,3.0,,,,8.0,,2.0,6.0,7.0,,,,,23.0,10.0,12.0,,,50.0,7.0,33.0,3.0,7.0,24.0,2.0,84.0,8.0,25.0,,,42.0,4.0,,,2.0,7.0,3.0,,2.0,,,7.0,10.0,57.0,37.0,,15.0,39.0,,80.0,43.0,11.0,8.0,,29.0,26.0,,48.0,,,2.0,4.0,,,,,9.0,,2.0,,,,,99.0,,,9.0,36.0,3.0,,,4.0,9.0,115.0,,35.0,,37.0,13.0,29.0,227.0,24.0,,,14.0,,,,,,,,,,,,,,,,,,,,,,,,,,,,,,,,,,,,,,,,,,,,,,,,,,,,,,,,,,,,,,,,,,,,,,,,,,,,,,,,,,,,,,,,,,,,,,,,,,,,,,,,,,,,,,,,,,,,,,,,,,,,,,,,,,,,,,,,,,,,,,,,,,,,,,,,,,,,,,,,,,,,,,,,,,,,,,,,,,,,,,,,,,,,,,,,,,,,,,,,,,,,,,,,,,,,,,,,,,,,,,,,,,,,,,,,,,,,,,,,,,,,,,,,,,,,,,,,,,,,,,,,,,,,,,,,,,,,,,,,,,,,,,,,,,,,,,,,,,2026,,kamis
