ym,county,price_kg,qty_kg,n_days,hot_days,vhot_days,heat_deg,trop_nights,night_heat_deg,germ_block_days,cold_days,vcold_days,frost_deg,tavg,dtr,rain_sum,wet_days,wet_streak_max,n_days_w,hot_streak3,sun_hours,dark_days,humid_hot_days,sun_ratio,hot_days__l0,vhot_days__l0,heat_deg__l0,hot_streak3__l0,trop_nights__l0,night_heat_deg__l0,germ_block_days__l0,cold_days__l0,vcold_days__l0,frost_deg__l0,tavg__l0,dtr__l0,rain_sum__l0,wet_days__l0,wet_streak_max__l0,sun_hours__l0,sun_ratio__l0,dark_days__l0,humid_hot_days__l0,hot_days__l1,vhot_days__l1,heat_deg__l1,hot_streak3__l1,trop_nights__l1,night_heat_deg__l1,germ_block_days__l1,cold_days__l1,vcold_days__l1,frost_deg__l1,tavg__l1,dtr__l1,rain_sum__l1,wet_days__l1,wet_streak_max__l1,sun_hours__l1,sun_ratio__l1,dark_days__l1,humid_hot_days__l1,hot_days__l2,vhot_days__l2,heat_deg__l2,hot_streak3__l2,trop_nights__l2,night_heat_deg__l2,germ_block_days__l2,cold_days__l2,vcold_days__l2,frost_deg__l2,tavg__l2,dtr__l2,rain_sum__l2,wet_days__l2,wet_streak_max__l2,sun_hours__l2,sun_ratio__l2,dark_days__l2,humid_hot_days__l2,month,logp,logp_adj,hot_days__l0_adj,vhot_days__l0_adj,heat_deg__l0_adj,hot_streak3__l0_adj,trop_nights__l0_adj,night_heat_deg__l0_adj,germ_block_days__l0_adj,cold_days__l0_adj,vcold_days__l0_adj,frost_deg__l0_adj,tavg__l0_adj,dtr__l0_adj,rain_sum__l0_adj,wet_days__l0_adj,wet_streak_max__l0_adj,sun_hours__l0_adj,sun_ratio__l0_adj,dark_days__l0_adj,humid_hot_days__l0_adj,hot_days__l1_adj,vhot_days__l1_adj,heat_deg__l1_adj,hot_streak3__l1_adj,trop_nights__l1_adj,night_heat_deg__l1_adj,germ_block_days__l1_adj,cold_days__l1_adj,vcold_days__l1_adj,frost_deg__l1_adj,tavg__l1_adj,dtr__l1_adj,rain_sum__l1_adj,wet_days__l1_adj,wet_streak_max__l1_adj,sun_hours__l1_adj,sun_ratio__l1_adj,dark_days__l1_adj,humid_hot_days__l1_adj,hot_days__l2_adj,vhot_days__l2_adj,heat_deg__l2_adj,hot_streak3__l2_adj,trop_nights__l2_adj,night_heat_deg__l2_adj,germ_block_days__l2_adj,cold_days__l2_adj,vcold_days__l2_adj,frost_deg__l2_adj,tavg__l2_adj,dtr__l2_adj,rain_sum__l2_adj,wet_days__l2_adj,wet_streak_max__l2_adj,sun_hours__l2_adj,sun_ratio__l2_adj,dark_days__l2_adj,humid_hot_days__l2_adj
2018-01,익산시,4032.8217632796323,253565.0,26,0,0,0.0,0,0.0,0,29,22,226.2,-2.135483870967742,10.193548387096774,0.0,0,0.0,31,0.0,176.8,8,0,0.5679408930292322,0,0,0.0,0.0,0,0.0,0,29,22,226.2,-2.135483870967742,10.193548387096774,0.0,0,0.0,176.8,0.5679408930292322,8,0,,,,,,,,,,,,,,,,,,,,,,,,,,,,,,,,,,,,,,,1,8.302221599321909,0.018272821650576532,0.0,0.0,0.0,0.0,0.0,0.0,0.0,1.75,4.5,42.974999999999994,-2.086693548387097,-0.8072580645161285,-27.500000000000004,-3.0,-0.75,1.5500000000000114,0.004902572834720509,1.0,0.0,,,,,,,,,,,,,,,,,,,,,,,,,,,,,,,,,,,,,,
2018-02,익산시,2974.315434207159,261799.0,22,0,0,0.0,0,0.0,0,27,19,211.4,-0.6928571428571428,13.578571428571427,30.4,3,0.0,28,0.0,194.1,3,0,0.6366021646441457,0,0,0.0,0.0,0,0.0,0,27,19,211.4,-0.6928571428571428,13.578571428571427,30.4,3,0.0,194.1,0.6366021646441457,3,0,0.0,0.0,0.0,0.0,0.0,0.0,0.0,29.0,22.0,226.2,-2.135483870967742,10.193548387096774,0.0,0.0,0.0,176.8,0.5679408930292322,8.0,0.0,,,,,,,,,,,,,,,,,,,,2,7.997769185352394,0.26178636835343827,0.0,0.0,0.0,0.0,0.0,0.0,0.0,3.75,7.5,80.725,-2.71887315270936,1.125492610837437,-6.025000000000006,-1.5,-0.75,5.025000000000006,0.021736931433224194,-2.25,0.0,0.0,0.0,0.0,0.0,0.0,0.0,0.0,1.75,4.5,42.974999999999994,-2.086693548387097,-0.8072580645161285,-27.500000000000004,-3.0,-0.75,1.5500000000000114,0.004902572834720509,1.0,0.0,,,,,,,,,,,,,,,,,,,
2018-03,익산시,2218.8046685331087,395762.0,27,0,0,0.0,0,0.0,0,12,1,21.3,8.48225806451613,12.964516129032258,89.3,8,0.0,31,0.0,197.79999999999998,9,0,0.5331536388140161,0,0,0.0,0.0,0,0.0,0,12,1,21.3,8.48225806451613,12.964516129032258,89.3,8,0.0,197.79999999999998,0.5331536388140161,9,0,0.0,0.0,0.0,0.0,0.0,0.0,0.0,27.0,19.0,211.4,-0.6928571428571428,13.578571428571427,30.4,3.0,0.0,194.1,0.6366021646441457,3.0,0.0,0.0,0.0,0.0,0.0,0.0,0.0,0.0,29.0,22.0,226.2,-2.135483870967742,10.193548387096774,0.0,0.0,0.0,176.8,0.5679408930292322,8.0,0.0,3,7.704723892259048,0.04440965915155637,0.0,0.0,0.0,0.0,0.0,0.0,0.0,-2.666666666666666,-0.33333333333333326,-11.8,0.9489247311827951,-0.887096774193548,45.2,2.333333333333333,0.0,-25.633333333333326,-0.0687719177546271,2.333333333333333,0.0,0.0,0.0,0.0,0.0,0.0,0.0,0.0,2.666666666666668,7.333333333333334,69.20000000000002,-2.2055213464696224,1.2161330049261068,-13.200000000000003,-1.666666666666667,-1.0,6.199999999999989,0.027273656974938998,-2.333333333333333,0.0,0.0,0.0,0.0,0.0,0.0,0.0,0.0,1.0,4.666666666666668,50.26666666666668,-2.2118279569892474,-0.7290322580645157,-26.100000000000005,-2.0,-1.0,1.5333333333333599,0.004703068564425705,1.0,0.0
2018-04,익산시,2453.786980716645,436283.0,25,0,0,0.0,0,0.0,0,1,0,1.5,13.25,13.706666666666669,113.2,9,7.0,30,0.0,225.2,8,0,0.5722998729351969,0,0,0.0,0.0,0,0.0,0,1,0,1.5,13.25,13.706666666666669,113.2,9,7.0,225.2,0.5722998729351969,8,0,0.0,0.0,0.0,0.0,0.0,0.0,0.0,12.0,1.0,21.3,8.48225806451613,12.964516129032258,89.3,8.0,0.0,197.79999999999998,0.5331536388140161,9.0,0.0,0.0,0.0,0.0,0.0,0.0,0.0,0.0,27.0,19.0,211.4,-0.6928571428571428,13.578571428571427,30.4,3.0,0.0,194.1,0.6366021646441457,3.0,0.0,4,7.805387816579149,0.12866176408068508,0.0,0.0,0.0,0.0,0.0,0.0,0.0,-3.333333333333333,0.0,-6.233333333333333,1.5977777777777789,-0.6377777777777744,37.266666666666666,2.666666666666667,3.3333333333333335,-10.500000000000028,-0.02673314223306844,2.333333333333333,0.0,0.0,0.0,0.0,0.0,0.0,0.0,0.0,-2.666666666666666,-0.33333333333333326,-11.8,0.9489247311827951,-0.887096774193548,45.2,2.333333333333333,0.0,-25.633333333333326,-0.0687719177546271,2.333333333333333,0.0,0.0,0.0,0.0,0.0,0.0,0.0,0.0,2.666666666666668,7.333333333333334,69.20000000000002,-2.2055213464696224,1.2161330049261068,-13.200000000000003,-1.666666666666667,-1.0,6.199999999999989,0.027273656974938998,-2.333333333333333,0.0
2018-05,익산시,2373.6971294269933,472019.0,27,3,0,0.6999999999999993,2,6.099999999999998,2,0,0,0.0,18.59193548387097,12.39677419354839,153.79999999999998,9,0.0,31,0.0,203.8,9,4,0.4668957617411226,3,0,0.6999999999999993,0.0,2,6.099999999999998,2,0,0,0.0,18.59193548387097,12.39677419354839,153.79999999999998,9,0.0,203.8,0.4668957617411226,9,4,0.0,0.0,0.0,0.0,0.0,0.0,0.0,1.0,0.0,1.5,13.25,13.706666666666669,113.2,9.0,7.0,225.2,0.5722998729351969,8.0,0.0,0.0,0.0,0.0,0.0,0.0,0.0,0.0,12.0,1.0,21.3,8.48225806451613,12.964516129032258,89.3,8.0,0.0,197.79999999999998,0.5331536388140161,9.0,0.0,5,7.772203988861911,-0.07378961585211297,1.0,0.0,-1.3000000000000007,0.0,1.3333333333333335,4.066666666666665,1.3333333333333335,0.0,0.0,0.0,0.31021505376344294,-1.1043010752688147,58.79999999999998,1.666666666666667,-1.0,-32.99999999999997,-0.07559357301445169,2.333333333333333,2.0,0.0,0.0,0.0,0.0,0.0,0.0,0.0,-3.333333333333333,0.0,-6.233333333333333,1.5977777777777789,-0.6377777777777744,37.266666666666666,2.666666666666667,3.3333333333333335,-10.500000000000028,-0.02673314223306844,2.333333333333333,0.0,0.0,0.0,0.0,0.0,0.0,0.0,0.0,-2.666666666666666,-0.33333333333333326,-11.8,0.9489247311827951,-0.887096774193548,45.2,2.333333333333333,0.0,-25.633333333333326,-0.0687719177546271,2.333333333333333,0.0
2018-06,익산시,1685.0351449517361,463233.5,26,10,1,10.600000000000009,3,5.0,2,0,0,0.0,23.217857142857145,11.657142857142858,143.8,5,3.0,28,3.0,229.2,4,11,0.5243651338366506,10,1,10.600000000000009,3.0,3,5.0,2,0,0,0.0,23.217857142857145,11.657142857142858,143.8,5,3.0,229.2,0.5243651338366506,4,11,3.0,0.0,0.6999999999999993,0.0,2.0,6.099999999999998,2.0,0.0,0.0,0.0,18.59193548387097,12.39677419354839,153.79999999999998,9.0,0.0,203.8,0.4668957617411226,9.0,4.0,0.0,0.0,0.0,0.0,0.0,0.0,0.0,1.0,0.0,1.5,13.25,13.706666666666669,113.2,9.0,7.0,225.2,0.5722998729351969,8.0,0.0,6,7.429541700107069,-0.3834922434258319,0.6666666666666661,-1.0,-2.93333333333333,-1.666666666666667,-2.333333333333333,-0.13333333333333286,-2.0,0.0,0.0,0.0,0.19079365079365473,0.6958730158730173,-11.900000000000006,-2.333333333333333,0.3333333333333335,10.599999999999994,0.024250743536948005,-2.333333333333333,-0.3333333333333339,1.0,0.0,-1.3000000000000007,0.0,1.3333333333333335,4.066666666666665,1.3333333333333335,0.0,0.0,0.0,0.31021505376344294,-1.1043010752688147,58.79999999999998,1.666666666666667,-1.0,-32.99999999999997,-0.07559357301445169,2.333333333333333,2.0,0.0,0.0,0.0,0.0,0.0,0.0,0.0,-3.333333333333333,0.0,-6.233333333333333,1.5977777777777789,-0.6377777777777744,37.266666666666666,2.666666666666667,3.3333333333333335,-10.500000000000028,-0.02673314223306844,2.333333333333333,0.0
2018-07,익산시,3053.0036957129523,415619.4,26,25,21,116.29999999999998,27,95.0,25,0,0,0.0,28.425862068965518,10.362068965517242,32.0,3,0.0,29,22.0,285.7,4,16,0.6427446569178853,25,21,116.29999999999998,22.0,27,95.0,25,0,0,0.0,28.425862068965518,10.362068965517242,32.0,3,0.0,285.7,0.6427446569178853,4,16,10.0,1.0,10.600000000000009,3.0,3.0,5.0,2.0,0.0,0.0,0.0,23.217857142857145,11.657142857142858,143.8,5.0,3.0,229.2,0.5243651338366506,4.0,11.0,3.0,0.0,0.6999999999999993,0.0,2.0,6.099999999999998,2.0,0.0,0.0,0.0,18.59193548387097,12.39677419354839,153.79999999999998,9.0,0.0,203.8,0.4668957617411226,9.0,4.0,7,8.023881203252635,-0.1929382398252617,7.333333333333332,11.333333333333334,59.73333333333332,8.333333333333334,6.666666666666668,33.833333333333336,5.333333333333332,0.0,0.0,0.0,2.2279940674823884,1.3295513533555798,-191.63333333333335,-7.333333333333334,-5.666666666666667,93.83333333333331,0.21114117981993902,-7.0,-3.0,0.6666666666666661,-1.0,-2.93333333333333,-1.666666666666667,-2.333333333333333,-0.13333333333333286,-2.0,0.0,0.0,0.0,0.19079365079365473,0.6958730158730173,-11.900000000000006,-2.333333333333333,0.3333333333333335,10.599999999999994,0.024250743536948005,-2.333333333333333,-0.3333333333333339,1.0,0.0,-1.3000000000000007,0.0,1.3333333333333335,4.066666666666665,1.3333333333333335,0.0,0.0,0.0,0.31021505376344294,-1.1043010752688147,58.79999999999998,1.666666666666667,-1.0,-32.99999999999997,-0.07559357301445169,2.333333333333333,2.0
2018-08,익산시,5977.961998881254,281565.0,27,25,21,133.8,26,109.29999999999998,27,0,0,0.0,28.612903225806452,10.245161290322583,395.0,10,3.0,31,23.0,245.5,8,14,0.5864787386526517,25,21,133.8,23.0,26,109.29999999999998,27,0,0,0.0,28.612903225806452,10.245161290322583,395.0,10,3.0,245.5,0.5864787386526517,8,14,25.0,21.0,116.29999999999998,22.0,27.0,95.0,25.0,0.0,0.0,0.0,28.425862068965518,10.362068965517242,32.0,3.0,0.0,285.7,0.6427446569178853,4.0,16.0,10.0,1.0,10.600000000000009,3.0,3.0,5.0,2.0,0.0,0.0,0.0,23.217857142857145,11.657142857142858,143.8,5.0,3.0,229.2,0.5243651338366506,4.0,11.0,8,8.695834985995518,-0.09870584667505078,-0.33333333333333215,2.666666666666668,27.266666666666694,-1.3333333333333321,-1.0,5.999999999999986,0.6666666666666679,0.0,0.0,0.0,0.5322580645161281,0.4838709677419377,54.366666666666674,-0.6666666666666661,-1.333333333333333,23.099999999999994,0.055354364743648965,-0.3333333333333339,-4.666666666666668,7.333333333333332,11.333333333333334,59.73333333333332,8.333333333333334,6.666666666666668,33.833333333333336,5.333333333333332,0.0,0.0,0.0,2.2279940674823884,1.3295513533555798,-191.63333333333335,-7.333333333333334,-5.666666666666667,93.83333333333331,0.21114117981993902,-7.0,-3.0,0.6666666666666661,-1.0,-2.93333333333333,-1.666666666666667,-2.333333333333333,-0.13333333333333286,-2.0,0.0,0.0,0.0,0.19079365079365473,0.6958730158730173,-11.900000000000006,-2.333333333333333,0.3333333333333335,10.599999999999994,0.024250743536948005,-2.333333333333333,-0.3333333333333339
2018-09,익산시,10504.504746563101,244479.0,22,2,0,3.299999999999997,5,6.899999999999999,2,0,0,0.0,21.371666666666666,11.243333333333334,65.0,5,0.0,30,0.0,202.1,10,6,0.5424047235641438,2,0,3.299999999999997,0.0,5,6.899999999999999,2,0,0,0.0,21.371666666666666,11.243333333333334,65.0,5,0.0,202.1,0.5424047235641438,10,6,25.0,21.0,133.8,23.0,26.0,109.29999999999998,27.0,0.0,0.0,0.0,28.612903225806452,10.245161290322583,395.0,10.0,3.0,245.5,0.5864787386526517,8.0,14.0,25.0,21.0,116.29999999999998,22.0,27.0,95.0,25.0,0.0,0.0,0.0,28.425862068965518,10.362068965517242,32.0,3.0,0.0,285.7,0.6427446569178853,4.0,16.0,9,9.259559467623555,0.4037839758536421,-0.6666666666666665,0.0,0.033333333333330106,0.0,-2.0,-3.066666666666668,-2.0,0.0,0.0,0.0,-0.49499999999999744,0.8744444444444444,-76.46666666666667,-3.333333333333334,-2.3333333333333335,23.80000000000001,0.06366912741291436,-0.6666666666666661,-4.333333333333334,-0.33333333333333215,2.666666666666668,27.266666666666694,-1.3333333333333321,-1.0,5.999999999999986,0.6666666666666679,0.0,0.0,0.0,0.5322580645161281,0.4838709677419377,54.366666666666674,-0.6666666666666661,-1.333333333333333,23.099999999999994,0.055354364743648965,-0.3333333333333339,-4.666666666666668,7.333333333333332,11.333333333333334,59.73333333333332,8.333333333333334,6.666666666666668,33.833333333333336,5.333333333333332,0.0,0.0,0.0,2.2279940674823884,1.3295513533555798,-191.63333333333335,-7.333333333333334,-5.666666666666667,93.83333333333331,0.21114117981993902,-7.0,-3.0
2018-10,익산시,2987.363624864268,441589.5,27,0,0,0.0,0,0.0,0,0,0,0.0,13.124193548387098,13.390322580645162,115.89999999999999,7,3.0,31,0.0,235.1,5,0,0.6719062589311232,0,0,0.0,0.0,0,0.0,0,0,0,0.0,13.124193548387098,13.390322580645162,115.89999999999999,7,3.0,235.1,0.6719062589311232,5,0,2.0,0.0,3.299999999999997,0.0,5.0,6.899999999999999,2.0,0.0,0.0,0.0,21.371666666666666,11.243333333333334,65.0,5.0,0.0,202.1,0.5424047235641438,10.0,6.0,25.0,21.0,133.8,23.0,26.0,109.29999999999998,27.0,0.0,0.0,0.0,28.612903225806452,10.245161290322583,395.0,10.0,3.0,245.5,0.5864787386526517,8.0,14.0,10,8.00214654661684,-0.11324201923955357,0.0,0.0,0.0,0.0,0.0,0.0,0.0,0.0,0.0,0.0,-1.3247311827957002,0.15698924731182728,50.66666666666666,3.3333333333333335,2.0,8.066666666666663,0.022922610674077748,0.33333333333333304,-0.6666666666666666,-0.6666666666666665,0.0,0.033333333333330106,0.0,-2.0,-3.066666666666668,-2.0,0.0,0.0,0.0,-0.49499999999999744,0.8744444444444444,-76.46666666666667,-3.333333333333334,-2.3333333333333335,23.80000000000001,0.06366912741291436,-0.6666666666666661,-4.333333333333334,-0.33333333333333215,2.666666666666668,27.266666666666694,-1.3333333333333321,-1.0,5.999999999999986,0.6666666666666679,0.0,0.0,0.0,0.5322580645161281,0.4838709677419377,54.366666666666674,-0.6666666666666661,-1.333333333333333,23.099999999999994,0.055354364743648965,-0.3333333333333339,-4.666666666666668
2018-11,익산시,1690.9697497201953,402066.0,26,0,0,0.0,0,0.0,0,10,0,11.600000000000001,8.233333333333333,12.893333333333336,35.8,3,0.0,30,0.0,186.3,8,0,0.6033031088082902,0,0,0.0,0.0,0,0.0,0,10,0,11.600000000000001,8.233333333333333,12.893333333333336,35.8,3,0.0,186.3,0.6033031088082902,8,0,0.0,0.0,0.0,0.0,0.0,0.0,0.0,0.0,0.0,0.0,13.124193548387098,13.390322580645162,115.89999999999999,7.0,3.0,235.1,0.6719062589311232,5.0,0.0,2.0,0.0,3.299999999999997,0.0,5.0,6.899999999999999,2.0,0.0,0.0,0.0,21.371666666666666,11.243333333333334,65.0,5.0,0.0,202.1,0.5424047235641438,10.0,6.0,11,7.4330574597499215,-0.25902031433265904,0.0,0.0,0.0,0.0,0.0,0.0,0.0,0.6666666666666661,0.0,-3.0666666666666647,-0.387777777777778,0.03111111111111242,-21.6,-1.333333333333333,-1.0,0.7333333333333201,0.002252651972443953,0.33333333333333304,0.0,0.0,0.0,0.0,0.0,0.0,0.0,0.0,0.0,0.0,0.0,-1.3247311827957002,0.15698924731182728,50.66666666666666,3.3333333333333335,2.0,8.066666666666663,0.022922610674077748,0.33333333333333304,-0.6666666666666666,-0.6666666666666665,0.0,0.033333333333330106,0.0,-2.0,-3.066666666666668,-2.0,0.0,0.0,0.0,-0.49499999999999744,0.8744444444444444,-76.46666666666667,-3.333333333333334,-2.3333333333333335,23.80000000000001,0.06366912741291436,-0.6666666666666661,-4.333333333333334
2018-12,익산시,2209.0455066536597,391589.0,26,0,0,0.0,0,0.0,0,26,14,143.8,1.0870967741935484,10.522580645161291,30.9,4,0.0,31,0.0,185.3,7,0,0.6119550858652576,0,0,0.0,0.0,0,0.0,0,26,14,143.8,1.0870967741935484,10.522580645161291,30.9,4,0.0,185.3,0.6119550858652576,7,0,0.0,0.0,0.0,0.0,0.0,0.0,0.0,10.0,0.0,11.600000000000001,8.233333333333333,12.893333333333336,35.8,3.0,0.0,186.3,0.6033031088082902,8.0,0.0,0.0,0.0,0.0,0.0,0.0,0.0,0.0,0.0,0.0,0.0,13.124193548387098,13.390322580645162,115.89999999999999,7.0,3.0,235.1,0.6719062589311232,5.0,0.0,12,7.700315803775452,-0.3404569409443523,0.0,0.0,0.0,0.0,0.0,0.0,0.0,0.33333333333333215,3.0,17.966666666666683,-0.6440860215053763,-0.3204301075268816,9.466666666666665,0.0,0.0,11.433333333333337,0.03757779548820739,0.0,0.0,0.0,0.0,0.0,0.0,0.0,0.0,0.0,0.6666666666666661,0.0,-3.0666666666666647,-0.387777777777778,0.03111111111111242,-21.6,-1.333333333333333,-1.0,0.7333333333333201,0.002252651972443953,0.33333333333333304,0.0,0.0,0.0,0.0,0.0,0.0,0.0,0.0,0.0,0.0,0.0,-1.3247311827957002,0.15698924731182728,50.66666666666666,3.3333333333333335,2.0,8.066666666666663,0.022922610674077748,0.33333333333333304,-0.6666666666666666
2019-01,익산시,2222.092476928993,376519.11,26,0,0,0.0,0,0.0,0,30,24,212.6,-0.5903225806451613,12.470967741935484,7.0,2,0.0,31,0.0,200.3,4,0,0.6436375321336761,0,0,0.0,0.0,0,0.0,0,30,24,212.6,-0.5903225806451613,12.470967741935484,7.0,2,0.0,200.3,0.6436375321336761,4,0,0.0,0.0,0.0,0.0,0.0,0.0,0.0,26.0,14.0,143.8,1.0870967741935484,10.522580645161291,30.9,4.0,0.0,185.3,0.6119550858652576,7.0,0.0,0.0,0.0,0.0,0.0,0.0,0.0,0.0,10.0,0.0,11.600000000000001,8.233333333333333,12.893333333333336,35.8,3.0,0.0,186.3,0.6033031088082902,8.0,0.0,1,7.706204588113462,-0.5777441895578699,0.0,0.0,0.0,0.0,0.0,0.0,0.0,2.75,6.5,29.375,-0.5415322580645161,1.4701612903225811,-20.500000000000004,-1.0,-0.75,25.05000000000001,0.08059921193916442,-3.0,0.0,0.0,0.0,0.0,0.0,0.0,0.0,0.0,0.33333333333333215,3.0,17.966666666666683,-0.6440860215053763,-0.3204301075268816,9.466666666666665,0.0,0.0,11.433333333333337,0.03757779548820739,0.0,0.0,0.0,0.0,0.0,0.0,0.0,0.0,0.0,0.6666666666666661,0.0,-3.0666666666666647,-0.387777777777778,0.03111111111111242,-21.6,-1.333333333333333,-1.0,0.7333333333333201,0.002252651972443953,0.33333333333333304,0.0
2019-02,익산시,1678.3368319515916,334413.64,22,0,0,0.0,0,0.0,0,26,8,114.89999999999999,1.9446428571428573,11.653571428571428,37.2,2,0.0,28,0.0,173.8,6,0,0.5705843729481287,0,0,0.0,0.0,0,0.0,0,26,8,114.89999999999999,1.9446428571428573,11.653571428571428,37.2,2,0.0,173.8,0.5705843729481287,6,0,0.0,0.0,0.0,0.0,0.0,0.0,0.0,30.0,24.0,212.6,-0.5903225806451613,12.470967741935484,7.0,2.0,0.0,200.3,0.6436375321336761,4.0,0.0,0.0,0.0,0.0,0.0,0.0,0.0,0.0,26.0,14.0,143.8,1.0870967741935484,10.522580645161291,30.9,4.0,0.0,185.3,0.6119550858652576,7.0,0.0,2,7.425558601061283,-0.31042421593767244,0.0,0.0,0.0,0.0,0.0,0.0,0.0,2.75,-3.5,-15.77500000000002,-0.08137315270935974,-0.7995073891625619,0.7749999999999986,-2.5,-0.75,-15.274999999999977,-0.044280860262792765,0.75,0.0,0.0,0.0,0.0,0.0,0.0,0.0,0.0,2.75,6.5,29.375,-0.5415322580645161,1.4701612903225811,-20.500000000000004,-1.0,-0.75,25.05000000000001,0.08059921193916442,-3.0,0.0,0.0,0.0,0.0,0.0,0.0,0.0,0.0,0.33333333333333215,3.0,17.966666666666683,-0.6440860215053763,-0.3204301075268816,9.466666666666665,0.0,0.0,11.433333333333337,0.03757779548820739,0.0,0.0
2019-03,익산시,2023.5089629028646,456460.04,26,0,0,0.0,0,0.0,0,17,2,43.0,6.833870967741936,14.1,27.099999999999998,5,0.0,31,0.0,220.0,6,0,0.593311758360302,0,0,0.0,0.0,0,0.0,0,17,2,43.0,6.833870967741936,14.1,27.099999999999998,5,0.0,220.0,0.593311758360302,6,0,0.0,0.0,0.0,0.0,0.0,0.0,0.0,26.0,8.0,114.89999999999999,1.9446428571428573,11.653571428571428,37.2,2.0,0.0,173.8,0.5705843729481287,6.0,0.0,0.0,0.0,0.0,0.0,0.0,0.0,0.0,30.0,24.0,212.6,-0.5903225806451613,12.470967741935484,7.0,2.0,0.0,200.3,0.6436375321336761,4.0,0.0,3,7.612588393712024,-0.04772583939546848,0.0,0.0,0.0,0.0,0.0,0.0,0.0,2.333333333333334,0.6666666666666667,9.899999999999999,-0.6994623655913985,0.24838709677419324,-16.999999999999996,-0.666666666666667,0.0,-3.4333333333333087,-0.008613798208341183,-0.666666666666667,0.0,0.0,0.0,0.0,0.0,0.0,0.0,0.0,1.6666666666666679,-3.666666666666666,-27.299999999999997,0.4319786535303778,-0.7088669950738922,-6.399999999999999,-2.666666666666667,-1.0,-14.099999999999994,-0.03874413472107796,0.666666666666667,0.0,0.0,0.0,0.0,0.0,0.0,0.0,0.0,2.0,6.666666666666668,36.666666666666686,-0.6666666666666666,1.548387096774194,-19.100000000000005,0.0,-1.0,25.03333333333336,0.08039970766886961,-3.0,0.0
2019-04,익산시,2232.54281102532,495435.95,26,0,0,0.0,0,0.0,0,5,0,12.9,11.806666666666667,13.626666666666665,92.6,8,4.0,30,0.0,198.8,7,0,0.505723734418723,0,0,0.0,0.0,0,0.0,0,5,0,12.9,11.806666666666667,13.626666666666665,92.6,8,4.0,198.8,0.505723734418723,7,0,0.0,0.0,0.0,0.0,0.0,0.0,0.0,17.0,2.0,43.0,6.833870967741936,14.1,27.099999999999998,5.0,0.0,220.0,0.593311758360302,6.0,0.0,0.0,0.0,0.0,0.0,0.0,0.0,0.0,26.0,8.0,114.89999999999999,1.9446428571428573,11.653571428571428,37.2,2.0,0.0,173.8,0.5705843729481287,6.0,0.0,4,7.710896488837932,0.034170436339468147,0.0,0.0,0.0,0.0,0.0,0.0,0.0,0.666666666666667,0.0,5.166666666666667,0.1544444444444455,-0.7177777777777781,16.666666666666657,1.666666666666667,0.3333333333333335,-36.900000000000006,-0.09330928074954237,1.333333333333333,0.0,0.0,0.0,0.0,0.0,0.0,0.0,0.0,2.333333333333334,0.6666666666666667,9.899999999999999,-0.6994623655913985,0.24838709677419324,-16.999999999999996,-0.666666666666667,0.0,-3.4333333333333087,-0.008613798208341183,-0.666666666666667,0.0,0.0,0.0,0.0,0.0,0.0,0.0,0.0,1.6666666666666679,-3.666666666666666,-27.299999999999997,0.4319786535303778,-0.7088669950738922,-6.399999999999999,-2.666666666666667,-1.0,-14.099999999999994,-0.03874413472107796,0.666666666666667,0.0
2019-05,익산시,2947.978204808187,465797.68999999994,27,3,0,5.300000000000001,0,0.0,0,0,0,0.0,17.896774193548385,15.954838709677418,44.099999999999994,4,0.0,31,0.0,294.9,3,0,0.6759110703644281,3,0,5.300000000000001,0.0,0,0.0,0,0,0,0.0,17.896774193548385,15.954838709677418,44.099999999999994,4,0.0,294.9,0.6759110703644281,3,0,0.0,0.0,0.0,0.0,0.0,0.0,0.0,5.0,0.0,12.9,11.806666666666667,13.626666666666665,92.6,8.0,4.0,198.8,0.505723734418723,7.0,0.0,0.0,0.0,0.0,0.0,0.0,0.0,0.0,17.0,2.0,43.0,6.833870967741936,14.1,27.099999999999998,5.0,0.0,220.0,0.593311758360302,6.0,0.0,5,7.988874860068935,0.14288125535491147,1.0,0.0,3.3000000000000007,0.0,-0.6666666666666666,-2.0333333333333328,-0.6666666666666666,0.0,0.0,0.0,-0.3849462365591414,2.4537634408602127,-50.900000000000006,-3.333333333333333,-1.0,58.099999999999994,0.13342173560885384,-3.666666666666667,-2.0,0.0,0.0,0.0,0.0,0.0,0.0,0.0,0.666666666666667,0.0,5.166666666666667,0.1544444444444455,-0.7177777777777781,16.666666666666657,1.666666666666667,0.3333333333333335,-36.900000000000006,-0.09330928074954237,1.333333333333333,0.0,0.0,0.0,0.0,0.0,0.0,0.0,0.0,2.333333333333334,0.6666666666666667,9.899999999999999,-0.6994623655913985,0.24838709677419324,-16.999999999999996,-0.666666666666667,0.0,-3.4333333333333087,-0.008613798208341183,-0.666666666666667,0.0
2019-06,익산시,2556.7711899480882,399778.28,25,5,1,5.300000000000004,4,2.599999999999998,1,0,0,0.0,22.008333333333333,11.090000000000002,74.2,7,0.0,30,0.0,232.6,6,9,0.5321436742164265,5,1,5.300000000000004,0.0,4,2.599999999999998,1,0,0,0.0,22.008333333333333,11.090000000000002,74.2,7,0.0,232.6,0.5321436742164265,6,9,3.0,0.0,5.300000000000001,0.0,0.0,0.0,0.0,0.0,0.0,0.0,17.896774193548385,15.954838709677418,44.099999999999994,4.0,0.0,294.9,0.6759110703644281,3.0,0.0,0.0,0.0,0.0,0.0,0.0,0.0,0.0,5.0,0.0,12.9,11.806666666666667,13.626666666666665,92.6,8.0,4.0,198.8,0.505723734418723,7.0,0.0,6,7.846500487496929,0.03346654396402826,-4.333333333333334,-1.0,-8.233333333333334,-4.666666666666667,-1.333333333333333,-2.533333333333335,-3.0,0.0,0.0,0.0,-1.0187301587301576,0.12873015873016058,-81.50000000000001,-0.33333333333333304,-2.6666666666666665,14.0,0.03202928391672388,-0.33333333333333304,-2.333333333333334,1.0,0.0,3.3000000000000007,0.0,-0.6666666666666666,-2.0333333333333328,-0.6666666666666666,0.0,0.0,0.0,-0.3849462365591414,2.4537634408602127,-50.900000000000006,-3.333333333333333,-1.0,58.099999999999994,0.13342173560885384,-3.666666666666667,-2.0,0.0,0.0,0.0,0.0,0.0,0.0,0.0,0.666666666666667,0.0,5.166666666666667,0.1544444444444455,-0.7177777777777781,16.666666666666657,1.666666666666667,0.3333333333333335,-36.900000000000006,-0.09330928074954237,1.333333333333333,0.0
2019-07,익산시,3238.039959443618,462861.8,27,21,7,44.9,18,57.2,22,0,0,0.0,26.02741935483871,9.409677419354841,169.8,10,4.0,31,16.0,180.8,12,22,0.40656622442095797,21,7,44.9,16.0,18,57.2,22,0,0,0.0,26.02741935483871,9.409677419354841,169.8,10,4.0,180.8,0.40656622442095797,12,22,5.0,1.0,5.300000000000004,0.0,4.0,2.599999999999998,1.0,0.0,0.0,0.0,22.008333333333333,11.090000000000002,74.2,7.0,0.0,232.6,0.5321436742164265,6.0,9.0,3.0,0.0,5.300000000000001,0.0,0.0,0.0,0.0,0.0,0.0,0.0,17.896774193548385,15.954838709677418,44.099999999999994,4.0,0.0,294.9,0.6759110703644281,3.0,0.0,7,8.08272347494081,-0.13409596813708724,3.333333333333332,-2.666666666666666,-11.666666666666664,2.333333333333334,-2.333333333333332,-3.9666666666666615,2.333333333333332,0.0,0.0,0.0,-0.17044864664442017,0.37715980719317876,-53.83333333333334,-0.3333333333333339,-1.666666666666667,-11.066666666666663,-0.02503725267698831,1.0,3.0,-4.333333333333334,-1.0,-8.233333333333334,-4.666666666666667,-1.333333333333333,-2.533333333333335,-3.0,0.0,0.0,0.0,-1.0187301587301576,0.12873015873016058,-81.50000000000001,-0.33333333333333304,-2.6666666666666665,14.0,0.03202928391672388,-0.33333333333333304,-2.333333333333334,1.0,0.0,3.3000000000000007,0.0,-0.6666666666666666,-2.0333333333333328,-0.6666666666666666,0.0,0.0,0.0,-0.3849462365591414,2.4537634408602127,-50.900000000000006,-3.333333333333333,-1.0,58.099999999999994,0.13342173560885384,-3.666666666666667,-2.0
2019-08,익산시,5533.0071449238,417513.2,27,23,16,88.99999999999997,24,78.80000000000001,23,0,0,0.0,27.29516129032258,10.229032258064516,130.7,9,3.0,31,22.0,248.7,5,16,0.5934144595561918,23,16,88.99999999999997,22.0,24,78.80000000000001,23,0,0,0.0,27.29516129032258,10.229032258064516,130.7,9,3.0,248.7,0.5934144595561918,5,16,21.0,7.0,44.9,16.0,18.0,57.2,22.0,0.0,0.0,0.0,26.02741935483871,9.409677419354841,169.8,10.0,4.0,180.8,0.40656622442095797,12.0,22.0,5.0,1.0,5.300000000000004,0.0,4.0,2.599999999999998,1.0,0.0,0.0,0.0,22.008333333333333,11.090000000000002,74.2,7.0,0.0,232.6,0.5321436742164265,6.0,9.0,8,8.618486734226357,-0.1760540984442116,-2.333333333333332,-2.333333333333332,-17.533333333333346,-2.333333333333332,-3.0,-24.499999999999986,-3.333333333333332,0.0,0.0,0.0,-0.7854838709677452,0.4677419354838701,-209.93333333333334,-1.666666666666666,-1.333333333333333,26.299999999999983,0.062290085647189075,-3.333333333333334,-2.666666666666668,3.333333333333332,-2.666666666666666,-11.666666666666664,2.333333333333334,-2.333333333333332,-3.9666666666666615,2.333333333333332,0.0,0.0,0.0,-0.17044864664442017,0.37715980719317876,-53.83333333333334,-0.3333333333333339,-1.666666666666667,-11.066666666666663,-0.02503725267698831,1.0,3.0,-4.333333333333334,-1.0,-8.233333333333334,-4.666666666666667,-1.333333333333333,-2.533333333333335,-3.0,0.0,0.0,0.0,-1.0187301587301576,0.12873015873016058,-81.50000000000001,-0.33333333333333304,-2.6666666666666665,14.0,0.03202928391672388,-0.33333333333333304,-2.333333333333334
2019-09,익산시,6301.147177754461,354101.72,23,5,0,4.700000000000003,10,16.0,8,0,0,0.0,22.635,9.856666666666667,232.9,10,4.0,30,0.0,147.3,14,14,0.3950120675784393,5,0,4.700000000000003,0.0,10,16.0,8,0,0,0.0,22.635,9.856666666666667,232.9,10,4.0,147.3,0.3950120675784393,14,14,23.0,16.0,88.99999999999997,22.0,24.0,78.80000000000001,23.0,0.0,0.0,0.0,27.29516129032258,10.229032258064516,130.7,9.0,3.0,248.7,0.5934144595561918,5.0,16.0,21.0,7.0,44.9,16.0,18.0,57.2,22.0,0.0,0.0,0.0,26.02741935483871,9.409677419354841,169.8,10.0,4.0,180.8,0.40656622442095797,12.0,22.0,9,8.748486987509999,-0.10728850425991432,2.3333333333333335,0.0,1.4333333333333358,0.0,3.0,6.033333333333333,4.0,0.0,0.0,0.0,0.768333333333338,-0.5122222222222224,91.43333333333334,1.666666666666666,1.6666666666666665,-30.99999999999997,-0.08372352857279014,3.333333333333334,3.666666666666666,-2.333333333333332,-2.333333333333332,-17.533333333333346,-2.333333333333332,-3.0,-24.499999999999986,-3.333333333333332,0.0,0.0,0.0,-0.7854838709677452,0.4677419354838701,-209.93333333333334,-1.666666666666666,-1.333333333333333,26.299999999999983,0.062290085647189075,-3.333333333333334,-2.666666666666668,3.333333333333332,-2.666666666666666,-11.666666666666664,2.333333333333334,-2.333333333333332,-3.9666666666666615,2.333333333333332,0.0,0.0,0.0,-0.17044864664442017,0.37715980719317876,-53.83333333333334,-0.3333333333333339,-1.666666666666667,-11.066666666666663,-0.02503725267698831,1.0,3.0
2019-10,익산시,6983.348250459241,360823.26,27,0,0,0.0,0,0.0,0,0,0,0.0,16.14677419354839,12.325806451612904,76.39999999999999,3,0.0,31,0.0,219.6,4,2,0.6268912360833571,0,0,0.0,0.0,0,0.0,0,0,0,0.0,16.14677419354839,12.325806451612904,76.39999999999999,3,0.0,219.6,0.6268912360833571,4,2,5.0,0.0,4.700000000000003,0.0,10.0,16.0,8.0,0.0,0.0,0.0,22.635,9.856666666666667,232.9,10.0,4.0,147.3,0.3950120675784393,14.0,14.0,23.0,16.0,88.99999999999997,22.0,24.0,78.80000000000001,23.0,0.0,0.0,0.0,27.29516129032258,10.229032258064516,130.7,9.0,3.0,248.7,0.5934144595561918,5.0,16.0,10,8.851283772783841,0.7358952069274469,0.0,0.0,0.0,0.0,0.0,0.0,0.0,0.0,0.0,0.0,1.6978494623655909,-0.9075268817204307,11.166666666666657,-0.6666666666666665,-1.0,-7.433333333333337,-0.022092412173688403,-0.666666666666667,1.3333333333333335,2.3333333333333335,0.0,1.4333333333333358,0.0,3.0,6.033333333333333,4.0,0.0,0.0,0.0,0.768333333333338,-0.5122222222222224,91.43333333333334,1.666666666666666,1.6666666666666665,-30.99999999999997,-0.08372352857279014,3.333333333333334,3.666666666666666,-2.333333333333332,-2.333333333333332,-17.533333333333346,-2.333333333333332,-3.0,-24.499999999999986,-3.333333333333332,0.0,0.0,0.0,-0.7854838709677452,0.4677419354838701,-209.93333333333334,-1.666666666666666,-1.333333333333333,26.299999999999983,0.062290085647189075,-3.333333333333334,-2.666666666666668
2019-11,익산시,3425.2002710028983,417545.35000000003,26,0,0,0.0,0,0.0,0,11,0,22.3,8.93,13.686666666666667,70.4,5,0.0,30,0.0,190.6,6,0,0.617028164454516,0,0,0.0,0.0,0,0.0,0,11,0,22.3,8.93,13.686666666666667,70.4,5,0.0,190.6,0.617028164454516,6,0,0.0,0.0,0.0,0.0,0.0,0.0,0.0,0.0,0.0,0.0,16.14677419354839,12.325806451612904,76.39999999999999,3.0,0.0,219.6,0.6268912360833571,4.0,2.0,5.0,0.0,4.700000000000003,0.0,10.0,16.0,8.0,0.0,0.0,0.0,22.635,9.856666666666667,232.9,10.0,4.0,147.3,0.3950120675784393,14.0,14.0,11,8.138915222272347,0.44683744818976656,0.0,0.0,0.0,0.0,0.0,0.0,0.0,1.666666666666666,0.0,7.633333333333335,0.3088888888888892,0.8244444444444436,13.000000000000007,0.666666666666667,-1.0,5.033333333333303,0.01597770761866979,-1.666666666666667,0.0,0.0,0.0,0.0,0.0,0.0,0.0,0.0,0.0,0.0,0.0,1.6978494623655909,-0.9075268817204307,11.166666666666657,-0.6666666666666665,-1.0,-7.433333333333337,-0.022092412173688403,-0.666666666666667,1.3333333333333335,2.3333333333333335,0.0,1.4333333333333358,0.0,3.0,6.033333333333333,4.0,0.0,0.0,0.0,0.768333333333338,-0.5122222222222224,91.43333333333334,1.666666666666666,1.6666666666666665,-30.99999999999997,-0.08372352857279014,3.333333333333334,3.666666666666666
2019-12,익산시,3855.949892492439,414631.30000000005,26,0,0,0.0,0,0.0,0,22,6,90.89999999999999,3.1274193548387097,10.983870967741936,26.6,6,0.0,31,0.0,170.6,8,0,0.5634081902245707,0,0,0.0,0.0,0,0.0,0,22,6,90.89999999999999,3.1274193548387097,10.983870967741936,26.6,6,0.0,170.6,0.5634081902245707,8,0,0.0,0.0,0.0,0.0,0.0,0.0,0.0,11.0,0.0,22.3,8.93,13.686666666666667,70.4,5.0,0.0,190.6,0.617028164454516,6.0,0.0,0.0,0.0,0.0,0.0,0.0,0.0,0.0,0.0,0.0,0.0,16.14677419354839,12.325806451612904,76.39999999999999,3.0,0.0,219.6,0.6268912360833571,4.0,2.0,12,8.257372660960433,0.2165999162406287,0.0,0.0,0.0,0.0,0.0,0.0,0.0,-3.666666666666668,-5.0,-34.93333333333334,1.396236559139785,0.14086021505376323,5.166666666666668,2.0,0.0,-3.26666666666668,-0.010969100152479538,1.0,0.0,0.0,0.0,0.0,0.0,0.0,0.0,0.0,1.666666666666666,0.0,7.633333333333335,0.3088888888888892,0.8244444444444436,13.000000000000007,0.666666666666667,-1.0,5.033333333333303,0.01597770761866979,-1.666666666666667,0.0,0.0,0.0,0.0,0.0,0.0,0.0,0.0,0.0,0.0,0.0,1.6978494623655909,-0.9075268817204307,11.166666666666657,-0.6666666666666665,-1.0,-7.433333333333337,-0.022092412173688403,-0.666666666666667,1.3333333333333335
2020-01,익산시,5588.437806665557,365449.42,24,0,0,0.0,0,0.0,0,25,6,89.0,2.9548387096774196,10.103225806451613,71.30000000000001,4,3.0,31,0.0,148.7,9,0,0.4781350482315112,0,0,0.0,0.0,0,0.0,0,25,6,89.0,2.9548387096774196,10.103225806451613,71.30000000000001,4,3.0,148.7,0.4781350482315112,9,0,0.0,0.0,0.0,0.0,0.0,0.0,0.0,22.0,6.0,90.89999999999999,3.1274193548387097,10.983870967741936,26.6,6.0,0.0,170.6,0.5634081902245707,8.0,0.0,0.0,0.0,0.0,0.0,0.0,0.0,0.0,11.0,0.0,22.3,8.93,13.686666666666667,70.4,5.0,0.0,190.6,0.617028164454516,6.0,0.0,1,8.628455064957363,0.3445062872860305,0.0,0.0,0.0,0.0,0.0,0.0,0.0,-2.25,-11.5,-94.225,3.0036290322580648,-0.8975806451612893,43.80000000000001,1.0,2.25,-26.55000000000001,-0.08490327196300052,2.0,0.0,0.0,0.0,0.0,0.0,0.0,0.0,0.0,-3.666666666666668,-5.0,-34.93333333333334,1.396236559139785,0.14086021505376323,5.166666666666668,2.0,0.0,-3.26666666666668,-0.010969100152479538,1.0,0.0,0.0,0.0,0.0,0.0,0.0,0.0,0.0,1.666666666666666,0.0,7.633333333333335,0.3088888888888892,0.8244444444444436,13.000000000000007,0.666666666666667,-1.0,5.033333333333303,0.01597770761866979,-1.666666666666667,0.0
2020-02,익산시,1945.8039711289603,437541.57000000007,25,0,0,0.0,0,0.0,0,20,8,100.29999999999998,3.286206896551724,11.855172413793104,63.2,9,3.0,29,0.0,195.8,7,0,0.6207989854153457,0,0,0.0,0.0,0,0.0,0,20,8,100.29999999999998,3.286206896551724,11.855172413793104,63.2,9,3.0,195.8,0.6207989854153457,7,0,0.0,0.0,0.0,0.0,0.0,0.0,0.0,25.0,6.0,89.0,2.9548387096774196,10.103225806451613,71.30000000000001,4.0,3.0,148.7,0.4781350482315112,9.0,0.0,0.0,0.0,0.0,0.0,0.0,0.0,0.0,22.0,6.0,90.89999999999999,3.1274193548387097,10.983870967741936,26.6,6.0,0.0,170.6,0.5634081902245707,8.0,0.0,2,7.573430523411359,-0.1625522935875967,0.0,0.0,0.0,0.0,0.0,0.0,0.0,-3.25,-3.5,-30.37500000000003,1.2601908866995069,-0.5979064039408861,26.775,4.5,2.25,6.725000000000023,0.00593375220442427,1.75,0.0,0.0,0.0,0.0,0.0,0.0,0.0,0.0,-2.25,-11.5,-94.225,3.0036290322580648,-0.8975806451612893,43.80000000000001,1.0,2.25,-26.55000000000001,-0.08490327196300052,2.0,0.0,0.0,0.0,0.0,0.0,0.0,0.0,0.0,-3.666666666666668,-5.0,-34.93333333333334,1.396236559139785,0.14086021505376323,5.166666666666668,2.0,0.0,-3.26666666666668,-0.010969100152479538,1.0,0.0
2020-03,익산시,2129.474284288004,531752.2999999999,26,0,0,0.0,0,0.0,0,15,1,35.0,7.283870967741936,14.49032258064516,15.9,4,0.0,31,0.0,252.5,5,0,0.6793112725316115,0,0,0.0,0.0,0,0.0,0,15,1,35.0,7.283870967741936,14.49032258064516,15.9,4,0.0,252.5,0.6793112725316115,5,0,0.0,0.0,0.0,0.0,0.0,0.0,0.0,20.0,8.0,100.29999999999998,3.286206896551724,11.855172413793104,63.2,9.0,3.0,195.8,0.6207989854153457,7.0,0.0,0.0,0.0,0.0,0.0,0.0,0.0,0.0,25.0,6.0,89.0,2.9548387096774196,10.103225806451613,71.30000000000001,4.0,3.0,148.7,0.4781350482315112,9.0,0.0,3,7.663630413351402,0.0033161802439103383,0.0,0.0,0.0,0.0,0.0,0.0,0.0,0.3333333333333339,-0.33333333333333326,1.8999999999999986,-0.24946236559139834,0.638709677419353,-28.199999999999996,-1.666666666666667,0.0,29.06666666666669,0.07738571596296828,-1.666666666666667,0.0,0.0,0.0,0.0,0.0,0.0,0.0,0.0,-4.333333333333332,-3.666666666666666,-41.900000000000006,1.7735426929392444,-0.5072660098522164,19.6,4.333333333333333,2.0,7.900000000000006,0.011470477746139074,1.666666666666667,0.0,0.0,0.0,0.0,0.0,0.0,0.0,0.0,-3.0,-11.333333333333332,-86.93333333333331,2.8784946236559144,-0.8193548387096765,45.2,2.0,2.0,-26.566666666666663,-0.08510277623329532,2.0,0.0
2020-04,익산시,1833.3384108044356,591138.7,26,0,0,0.0,0,0.0,0,7,0,8.799999999999999,9.9,15.700000000000001,22.0,2,0.0,30,0.0,283.1,2,0,0.7190754381508764,0,0,0.0,0.0,0,0.0,0,7,0,8.799999999999999,9.9,15.700000000000001,22.0,2,0.0,283.1,0.7190754381508764,2,0,0.0,0.0,0.0,0.0,0.0,0.0,0.0,15.0,1.0,35.0,7.283870967741936,14.49032258064516,15.9,4.0,0.0,252.5,0.6793112725316115,5.0,0.0,0.0,0.0,0.0,0.0,0.0,0.0,0.0,20.0,8.0,100.29999999999998,3.286206896551724,11.855172413793104,63.2,9.0,3.0,195.8,0.6207989854153457,7.0,0.0,4,7.51389385207831,-0.16283220042015412,0.0,0.0,0.0,0.0,0.0,0.0,0.0,2.666666666666667,0.0,1.0666666666666655,-1.7522222222222208,1.3555555555555578,-53.93333333333334,-4.333333333333333,-3.6666666666666665,47.400000000000006,0.12004242298261103,-3.666666666666667,0.0,0.0,0.0,0.0,0.0,0.0,0.0,0.0,0.3333333333333339,-0.33333333333333326,1.8999999999999986,-0.24946236559139834,0.638709677419353,-28.199999999999996,-1.666666666666667,0.0,29.06666666666669,0.07738571596296828,-1.666666666666667,0.0,0.0,0.0,0.0,0.0,0.0,0.0,0.0,-4.333333333333332,-3.666666666666666,-41.900000000000006,1.7735426929392444,-0.5072660098522164,19.6,4.333333333333333,2.0,7.900000000000006,0.011470477746139074,1.666666666666667,0.0
2020-05,익산시,2384.8749383837685,552979.3,26,0,0,0.0,0,0.0,0,0,0,0.0,18.356451612903225,12.151612903225807,87.1,9,3.0,31,0.0,211.7,8,2,0.4846611721611721,0,0,0.0,0.0,0,0.0,0,0,0,0.0,18.356451612903225,12.151612903225807,87.1,9,3.0,211.7,0.4846611721611721,8,2,0.0,0.0,0.0,0.0,0.0,0.0,0.0,7.0,0.0,8.799999999999999,9.9,15.700000000000001,22.0,2.0,0.0,283.1,0.7190754381508764,2.0,0.0,0.0,0.0,0.0,0.0,0.0,0.0,0.0,15.0,1.0,35.0,7.283870967741936,14.49032258064516,15.9,4.0,0.0,252.5,0.6793112725316115,5.0,0.0,5,7.776901965211223,-0.06909163950280117,-2.0,0.0,-2.0,0.0,-0.6666666666666666,-2.0333333333333328,-0.6666666666666666,0.0,0.0,0.0,0.07473118279569846,-1.349462365591398,-7.900000000000006,1.666666666666667,2.0,-25.099999999999994,-0.057828162594402155,1.333333333333333,0.0,0.0,0.0,0.0,0.0,0.0,0.0,0.0,2.666666666666667,0.0,1.0666666666666655,-1.7522222222222208,1.3555555555555578,-53.93333333333334,-4.333333333333333,-3.6666666666666665,47.400000000000006,0.12004242298261103,-3.666666666666667,0.0,0.0,0.0,0.0,0.0,0.0,0.0,0.0,0.3333333333333339,-0.33333333333333326,1.8999999999999986,-0.24946236559139834,0.638709677419353,-28.199999999999996,-1.666666666666667,0.0,29.06666666666669,0.07738571596296828,-1.666666666666667,0.0
2020-06,익산시,3508.9061966007143,456525.3,26,13,4,24.700000000000003,9,7.800000000000001,9,0,0,0.0,23.855,10.136666666666667,249.1,10,5.0,30,11.0,194.0,9,14,0.44383436284603067,13,4,24.700000000000003,11.0,9,7.800000000000001,9,0,0,0.0,23.855,10.136666666666667,249.1,10,5.0,194.0,0.44383436284603067,9,14,0.0,0.0,0.0,0.0,0.0,0.0,0.0,0.0,0.0,0.0,18.356451612903225,12.151612903225807,87.1,9.0,3.0,211.7,0.4846611721611721,8.0,2.0,0.0,0.0,0.0,0.0,0.0,0.0,0.0,7.0,0.0,8.799999999999999,9.9,15.700000000000001,22.0,2.0,0.0,283.1,0.7190754381508764,2.0,0.0,6,8.163059642994702,0.35002569946180095,3.666666666666666,2.0,11.166666666666664,6.333333333333333,3.666666666666667,2.666666666666668,5.0,0.0,0.0,0.0,0.82793650793651,-0.8246031746031743,93.39999999999998,2.666666666666667,2.3333333333333335,-24.599999999999994,-0.056280027453671944,2.666666666666667,2.666666666666666,-2.0,0.0,-2.0,0.0,-0.6666666666666666,-2.0333333333333328,-0.6666666666666666,0.0,0.0,0.0,0.07473118279569846,-1.349462365591398,-7.900000000000006,1.666666666666667,2.0,-25.099999999999994,-0.057828162594402155,1.333333333333333,0.0,0.0,0.0,0.0,0.0,0.0,0.0,0.0,2.666666666666667,0.0,1.0666666666666655,-1.7522222222222208,1.3555555555555578,-53.93333333333334,-4.333333333333333,-3.6666666666666665,47.400000000000006,0.12004242298261103,-3.666666666666667,0.0
2020-07,익산시,5135.095145640874,448524.5,27,7,1,8.500000000000004,16,31.3,12,0,0,0.0,24.14032258064516,7.325806451612903,469.1,18,13.0,31,3.0,109.1,17,19,0.2454995499549955,7,1,8.500000000000004,3.0,16,31.3,12,0,0,0.0,24.14032258064516,7.325806451612903,469.1,18,13.0,109.1,0.2454995499549955,17,19,13.0,4.0,24.700000000000003,11.0,9.0,7.800000000000001,9.0,0.0,0.0,0.0,23.855,10.136666666666667,249.1,10.0,5.0,194.0,0.44383436284603067,9.0,14.0,0.0,0.0,0.0,0.0,0.0,0.0,0.0,0.0,0.0,0.0,18.356451612903225,12.151612903225807,87.1,9.0,3.0,211.7,0.4846611721611721,8.0,2.0,7,8.543853651040246,0.32703420796234894,-10.666666666666668,-8.666666666666666,-48.06666666666666,-10.666666666666666,-4.333333333333332,-29.866666666666664,-7.666666666666668,0.0,0.0,0.0,-2.057545420837968,-1.7067111605487595,245.46666666666667,7.666666666666666,7.333333333333333,-82.76666666666668,-0.18610392714295076,6.0,0.0,3.666666666666666,2.0,11.166666666666664,6.333333333333333,3.666666666666667,2.666666666666668,5.0,0.0,0.0,0.0,0.82793650793651,-0.8246031746031743,93.39999999999998,2.666666666666667,2.3333333333333335,-24.599999999999994,-0.056280027453671944,2.666666666666667,2.666666666666666,-2.0,0.0,-2.0,0.0,-0.6666666666666666,-2.0333333333333328,-0.6666666666666666,0.0,0.0,0.0,0.07473118279569846,-1.349462365591398,-7.900000000000006,1.666666666666667,2.0,-25.099999999999994,-0.057828162594402155,1.333333333333333,0.0
2020-08,익산시,8684.549252507704,426047.2,26,28,18,96.8,31,121.8,29,0,0,0.0,28.333870967741937,8.809677419354838,496.2,13,7.0,31,28.0,173.0,12,26,0.4134799235181645,28,18,96.8,28.0,31,121.8,29,0,0,0.0,28.333870967741937,8.809677419354838,496.2,13,7.0,173.0,0.4134799235181645,12,26,7.0,1.0,8.500000000000004,3.0,16.0,31.3,12.0,0.0,0.0,0.0,24.14032258064516,7.325806451612903,469.1,18.0,13.0,109.1,0.2454995499549955,17.0,19.0,13.0,4.0,24.700000000000003,11.0,9.0,7.800000000000001,9.0,0.0,0.0,0.0,23.855,10.136666666666667,249.1,10.0,5.0,194.0,0.44383436284603067,9.0,14.0,8,9.06930077778983,0.2747599451192606,2.666666666666668,-0.33333333333333215,-9.73333333333332,3.666666666666668,4.0,18.5,2.666666666666668,0.0,0.0,0.0,0.2532258064516135,-0.9516129032258078,155.56666666666666,2.333333333333334,2.666666666666667,-49.400000000000006,-0.1176444503908382,3.666666666666666,7.333333333333332,-10.666666666666668,-8.666666666666666,-48.06666666666666,-10.666666666666666,-4.333333333333332,-29.866666666666664,-7.666666666666668,0.0,0.0,0.0,-2.057545420837968,-1.7067111605487595,245.46666666666667,7.666666666666666,7.333333333333333,-82.76666666666668,-0.18610392714295076,6.0,0.0,3.666666666666666,2.0,11.166666666666664,6.333333333333333,3.666666666666667,2.666666666666668,5.0,0.0,0.0,0.0,0.82793650793651,-0.8246031746031743,93.39999999999998,2.666666666666667,2.3333333333333335,-24.599999999999994,-0.056280027453671944,2.666666666666667,2.666666666666666
2020-09,익산시,5214.925179582699,525064.5,26,1,0,1.8000000000000007,6,7.0000000000000036,2,0,0,0.0,21.59333333333333,10.006666666666666,126.5,10,3.0,30,0.0,185.5,8,11,0.4987899973111052,1,0,1.8000000000000007,0.0,6,7.0000000000000036,2,0,0,0.0,21.59333333333333,10.006666666666666,126.5,10,3.0,185.5,0.4987899973111052,8,11,28.0,18.0,96.8,28.0,31.0,121.8,29.0,0.0,0.0,0.0,28.333870967741937,8.809677419354838,496.2,13.0,7.0,173.0,0.4134799235181645,12.0,26.0,7.0,1.0,8.500000000000004,3.0,16.0,31.3,12.0,0.0,0.0,0.0,24.14032258064516,7.325806451612903,469.1,18.0,13.0,109.1,0.2454995499549955,17.0,19.0,9,8.559280020176189,-0.29649547159372425,-1.6666666666666665,0.0,-1.4666666666666663,0.0,-1.0,-2.9666666666666632,-2.0,0.0,0.0,0.0,-0.27333333333333343,-0.3622222222222238,-14.966666666666669,1.666666666666666,0.6666666666666665,7.200000000000017,0.020054401159875723,-2.666666666666666,0.6666666666666661,2.666666666666668,-0.33333333333333215,-9.73333333333332,3.666666666666668,4.0,18.5,2.666666666666668,0.0,0.0,0.0,0.2532258064516135,-0.9516129032258078,155.56666666666666,2.333333333333334,2.666666666666667,-49.400000000000006,-0.1176444503908382,3.666666666666666,7.333333333333332,-10.666666666666668,-8.666666666666666,-48.06666666666666,-10.666666666666666,-4.333333333333332,-29.866666666666664,-7.666666666666668,0.0,0.0,0.0,-2.057545420837968,-1.7067111605487595,245.46666666666667,7.666666666666666,7.333333333333333,-82.76666666666668,-0.18610392714295076,6.0,0.0
2020-10,익산시,1794.9552642142698,572563.7,24,0,0,0.0,0,0.0,0,0,0,0.0,14.075806451612904,13.983870967741936,3.4,1,0.0,31,0.0,226.4,5,0,0.6481534497566561,0,0,0.0,0.0,0,0.0,0,0,0,0.0,14.075806451612904,13.983870967741936,3.4,1,0.0,226.4,0.6481534497566561,5,0,1.0,0.0,1.8000000000000007,0.0,6.0,7.0000000000000036,2.0,0.0,0.0,0.0,21.59333333333333,10.006666666666666,126.5,10.0,3.0,185.5,0.4987899973111052,8.0,11.0,28.0,18.0,96.8,28.0,31.0,121.8,29.0,0.0,0.0,0.0,28.333870967741937,8.809677419354838,496.2,13.0,7.0,173.0,0.4134799235181645,12.0,26.0,10,7.492735378168506,-0.622653187687888,0.0,0.0,0.0,0.0,0.0,0.0,0.0,0.0,0.0,0.0,-0.3731182795698942,0.7505376344086017,-61.833333333333336,-2.6666666666666665,-1.0,-0.6333333333333258,-0.0008301985003893453,0.33333333333333304,-0.6666666666666666,-1.6666666666666665,0.0,-1.4666666666666663,0.0,-1.0,-2.9666666666666632,-2.0,0.0,0.0,0.0,-0.27333333333333343,-0.3622222222222238,-14.966666666666669,1.666666666666666,0.6666666666666665,7.200000000000017,0.020054401159875723,-2.666666666666666,0.6666666666666661,2.666666666666668,-0.33333333333333215,-9.73333333333332,3.666666666666668,4.0,18.5,2.666666666666668,0.0,0.0,0.0,0.2532258064516135,-0.9516129032258078,155.56666666666666,2.333333333333334,2.666666666666667,-49.400000000000006,-0.1176444503908382,3.666666666666666,7.333333333333332
2020-11,익산시,1815.762266774879,492735.3,25,0,0,0.0,0,0.0,0,7,0,10.1,8.7,12.006666666666666,66.0,5,3.0,30,0.0,179.8,9,0,0.5828200972447326,0,0,0.0,0.0,0,0.0,0,7,0,10.1,8.7,12.006666666666666,66.0,5,3.0,179.8,0.5828200972447326,9,0,0.0,0.0,0.0,0.0,0.0,0.0,0.0,0.0,0.0,0.0,14.075806451612904,13.983870967741936,3.4,1.0,0.0,226.4,0.6481534497566561,5.0,0.0,1.0,0.0,1.8000000000000007,0.0,6.0,7.0000000000000036,2.0,0.0,0.0,0.0,21.59333333333333,10.006666666666666,126.5,10.0,3.0,185.5,0.4987899973111052,8.0,11.0,11,7.504260640225473,-0.18781713385710752,0.0,0.0,0.0,0.0,0.0,0.0,0.0,-2.333333333333334,0.0,-4.566666666666666,0.07888888888888879,-0.8555555555555578,8.600000000000001,0.666666666666667,2.0,-5.76666666666668,-0.018230359591113632,1.333333333333333,0.0,0.0,0.0,0.0,0.0,0.0,0.0,0.0,0.0,0.0,0.0,-0.3731182795698942,0.7505376344086017,-61.833333333333336,-2.6666666666666665,-1.0,-0.6333333333333258,-0.0008301985003893453,0.33333333333333304,-0.6666666666666666,-1.6666666666666665,0.0,-1.4666666666666663,0.0,-1.0,-2.9666666666666632,-2.0,0.0,0.0,0.0,-0.27333333333333343,-0.3622222222222238,-14.966666666666669,1.666666666666666,0.6666666666666665,7.200000000000017,0.020054401159875723,-2.666666666666666,0.6666666666666661
2020-12,익산시,3514.419950468861,382042.5,27,0,0,0.0,0,0.0,0,29,13,142.79999999999998,0.9790322580645161,11.022580645161291,6.8,2,0.0,31,0.0,165.7,6,0,0.5477685950413222,0,0,0.0,0.0,0,0.0,0,29,13,142.79999999999998,0.9790322580645161,11.022580645161291,6.8,2,0.0,165.7,0.5477685950413222,6,0,0.0,0.0,0.0,0.0,0.0,0.0,0.0,7.0,0.0,10.1,8.7,12.006666666666666,66.0,5.0,3.0,179.8,0.5828200972447326,9.0,0.0,0.0,0.0,0.0,0.0,0.0,0.0,0.0,0.0,0.0,0.0,14.075806451612904,13.983870967741936,3.4,1.0,0.0,226.4,0.6481534497566561,5.0,0.0,12,8.16462976942353,0.12385702470372628,0.0,0.0,0.0,0.0,0.0,0.0,0.0,3.333333333333332,2.0,16.966666666666654,-0.7521505376344086,0.1795698924731184,-14.633333333333333,-2.0,0.0,-8.166666666666686,-0.02660869533572796,-1.0,0.0,0.0,0.0,0.0,0.0,0.0,0.0,0.0,-2.333333333333334,0.0,-4.566666666666666,0.07888888888888879,-0.8555555555555578,8.600000000000001,0.666666666666667,2.0,-5.76666666666668,-0.018230359591113632,1.333333333333333,0.0,0.0,0.0,0.0,0.0,0.0,0.0,0.0,0.0,0.0,0.0,-0.3731182795698942,0.7505376344086017,-61.833333333333336,-2.6666666666666665,-1.0,-0.6333333333333258,-0.0008301985003893453,0.33333333333333304,-0.6666666666666666
2021-01,익산시,4909.4336028159205,327622.9,25,0,0,0.0,0,0.0,0,25,18,205.1,-0.4241935483870968,11.235483870967741,31.7,6,0.0,31,0.0,175.2,7,0,0.5624398073836275,0,0,0.0,0.0,0,0.0,0,25,18,205.1,-0.4241935483870968,11.235483870967741,31.7,6,0.0,175.2,0.5624398073836275,7,0,0.0,0.0,0.0,0.0,0.0,0.0,0.0,29.0,13.0,142.79999999999998,0.9790322580645161,11.022580645161291,6.8,2.0,0.0,165.7,0.5477685950413222,6.0,0.0,0.0,0.0,0.0,0.0,0.0,0.0,0.0,7.0,0.0,10.1,8.7,12.006666666666666,66.0,5.0,3.0,179.8,0.5828200972447326,9.0,0.0,1,8.498913858292598,0.21496508062126551,0.0,0.0,0.0,0.0,0.0,0.0,0.0,-2.25,0.5,21.875,-0.3754032258064516,0.23467741935483843,4.199999999999996,3.0,-0.75,-0.05000000000001137,-0.0005985128108841886,0.0,0.0,0.0,0.0,0.0,0.0,0.0,0.0,0.0,3.333333333333332,2.0,16.966666666666654,-0.7521505376344086,0.1795698924731184,-14.633333333333333,-2.0,0.0,-8.166666666666686,-0.02660869533572796,-1.0,0.0,0.0,0.0,0.0,0.0,0.0,0.0,0.0,-2.333333333333334,0.0,-4.566666666666666,0.07888888888888879,-0.8555555555555578,8.600000000000001,0.666666666666667,2.0,-5.76666666666668,-0.018230359591113632,1.333333333333333,0.0
2021-02,익산시,2827.56998200143,400142.9,22,0,0,0.0,0,0.0,0,20,11,96.10000000000001,3.566071428571429,12.725,14.9,4,0.0,28,0.0,192.6,5,0,0.6314754098360655,0,0,0.0,0.0,0,0.0,0,20,11,96.10000000000001,3.566071428571429,12.725,14.9,4,0.0,192.6,0.6314754098360655,5,0,0.0,0.0,0.0,0.0,0.0,0.0,0.0,25.0,18.0,205.1,-0.4241935483870968,11.235483870967741,31.7,6.0,0.0,175.2,0.5624398073836275,7.0,0.0,0.0,0.0,0.0,0.0,0.0,0.0,0.0,29.0,13.0,142.79999999999998,0.9790322580645161,11.022580645161291,6.8,2.0,0.0,165.7,0.5477685950413222,6.0,0.0,2,7.947172958170788,0.21119014117183266,0.0,0.0,0.0,0.0,0.0,0.0,0.0,-3.25,-0.5,-34.575,1.540055418719212,0.27192118226600925,-21.525000000000006,-0.5,-0.75,3.5250000000000057,0.01661017662514408,-0.25,0.0,0.0,0.0,0.0,0.0,0.0,0.0,0.0,-2.25,0.5,21.875,-0.3754032258064516,0.23467741935483843,4.199999999999996,3.0,-0.75,-0.05000000000001137,-0.0005985128108841886,0.0,0.0,0.0,0.0,0.0,0.0,0.0,0.0,0.0,3.333333333333332,2.0,16.966666666666654,-0.7521505376344086,0.1795698924731184,-14.633333333333333,-2.0,0.0,-8.166666666666686,-0.02660869533572796,-1.0,0.0
2018-01,남원시,4415.133374984258,264427.9,26,0,0,0.0,0,0.0,0,29,20,221.0,-2.5258064516129033,9.993548387096775,41.0,7,4.0,31,0.0,174.5,8,0,0.5584,0,0,0.0,0.0,0,0.0,0,29,20,221.0,-2.5258064516129033,9.993548387096775,41.0,7,4.0,174.5,0.5584,8,0,,,,,,,,,,,,,,,,,,,,,,,,,,,,,,,,,,,,,,,1,8.39279332209122,0.004372371149248266,0.0,0.0,0.0,0.0,0.0,0.0,0.0,2.5,3.0,42.650000000000006,-2.124916573971079,-0.9008064516129028,2.2250000000000014,0.75,2.25,9.125,0.02909201820535179,-1.75,0.0,,,,,,,,,,,,,,,,,,,,,,,,,,,,,,,,,,,,,,
2018-02,남원시,3373.388093841901,260470.0,22,0,0,0.0,0,0.0,0,27,18,193.29999999999998,-0.5428571428571428,13.032142857142858,20.7,2,0.0,28,0.0,180.3,3,0,0.5905666557484441,0,0,0.0,0.0,0,0.0,0,27,18,193.29999999999998,-0.5428571428571428,13.032142857142858,20.7,2,0.0,180.3,0.5905666557484441,3,0,0.0,0.0,0.0,0.0,0.0,0.0,0.0,29.0,20.0,221.0,-2.5258064516129033,9.993548387096775,41.0,7.0,4.0,174.5,0.5584,8.0,0.0,,,,,,,,,,,,,,,,,,,,2,8.12367288739393,0.2913502585675811,0.0,0.0,0.0,0.0,0.0,0.0,0.0,4.25,6.75,73.99999999999999,-2.5214285714285714,0.9054187192118235,-19.625000000000004,-2.5,-0.75,4.625,0.020266637439471324,-3.25,0.0,0.0,0.0,0.0,0.0,0.0,0.0,0.0,2.5,3.0,42.650000000000006,-2.124916573971079,-0.9008064516129028,2.2250000000000014,0.75,2.25,9.125,0.02909201820535179,-1.75,0.0,,,,,,,,,,,,,,,,,,,
2018-03,남원시,2425.8215635228958,424469.0,27,0,0,0.0,0,0.0,0,9,1,20.700000000000003,8.387096774193548,13.25806451612903,102.7,9,0.0,31,0.0,208.5,8,0,0.5616918103448276,0,0,0.0,0.0,0,0.0,0,9,1,20.700000000000003,8.387096774193548,13.25806451612903,102.7,9,0.0,208.5,0.5616918103448276,8,0,0.0,0.0,0.0,0.0,0.0,0.0,0.0,27.0,18.0,193.29999999999998,-0.5428571428571428,13.032142857142858,20.7,2.0,0.0,180.3,0.5905666557484441,3.0,0.0,0.0,0.0,0.0,0.0,0.0,0.0,0.0,29.0,20.0,221.0,-2.5258064516129033,9.993548387096775,41.0,7.0,4.0,174.5,0.5584,8.0,0.0,3,7.793925535077128,0.07959361683077759,0.0,0.0,0.0,0.0,0.0,0.0,0.0,-3.333333333333334,0.33333333333333337,-5.9999999999999964,0.8290322580645162,-0.5075268817204304,46.49999999999999,2.0,0.0,-7.366666666666674,-0.019829329103993043,0.666666666666667,0.0,0.0,0.0,0.0,0.0,0.0,0.0,0.0,3.666666666666668,6.333333333333334,65.99999999999999,-2.1107142857142858,1.0119868637110017,-21.86666666666667,-2.333333333333333,-1.0,6.599999999999994,0.028117361661311402,-3.0,0.0,0.0,0.0,0.0,0.0,0.0,0.0,0.0,2.333333333333332,3.666666666666668,54.56666666666666,-2.27193177604746,-0.7602150537634387,0.6666666666666643,1.333333333333333,1.6666666666666665,11.666666666666657,0.03718935760713571,-1.333333333333334,0.0
2018-04,남원시,2720.157659253184,428004.0,25,1,0,0.1999999999999993,0,0.0,0,1,0,0.7,13.373333333333333,13.496666666666664,158.2,9,6.0,30,0.0,214.7,8,0,0.5465885947046842,1,0,0.1999999999999993,0.0,0,0.0,0,1,0,0.7,13.373333333333333,13.496666666666664,158.2,9,6.0,214.7,0.5465885947046842,8,0,0.0,0.0,0.0,0.0,0.0,0.0,0.0,9.0,1.0,20.700000000000003,8.387096774193548,13.25806451612903,102.7,9.0,0.0,208.5,0.5616918103448276,8.0,0.0,0.0,0.0,0.0,0.0,0.0,0.0,0.0,27.0,18.0,193.29999999999998,-0.5428571428571428,13.032142857142858,20.7,2.0,0.0,180.3,0.5905666557484441,3.0,0.0,4,7.908445120570985,0.145229527167948,0.6666666666666667,0.0,0.13333333333333286,0.0,0.0,0.0,0.0,-3.0,0.0,-5.533333333333334,1.618888888888888,-0.34777777777777885,60.09999999999998,2.333333333333333,3.0,-7.26666666666668,-0.01844933032376883,-0.3333333333333339,0.0,0.0,0.0,0.0,0.0,0.0,0.0,0.0,-3.333333333333334,0.33333333333333337,-5.9999999999999964,0.8290322580645162,-0.5075268817204304,46.49999999999999,2.0,0.0,-7.366666666666674,-0.019829329103993043,0.666666666666667,0.0,0.0,0.0,0.0,0.0,0.0,0.0,0.0,3.666666666666668,6.333333333333334,65.99999999999999,-2.1107142857142858,1.0119868637110017,-21.86666666666667,-2.333333333333333,-1.0,6.599999999999994,0.028117361661311402,-3.0,0.0
2018-05,남원시,2522.453516330427,440380.4,27,1,0,0.6999999999999993,2,5.0,0,0,0,0.0,18.5258064516129,11.590322580645166,90.39999999999999,8,0.0,31,0.0,206.7,7,0,0.47517241379310343,1,0,0.6999999999999993,0.0,2,5.0,0,0,0,0.0,18.5258064516129,11.590322580645166,90.39999999999999,8,0.0,206.7,0.47517241379310343,7,0,1.0,0.0,0.1999999999999993,0.0,0.0,0.0,0.0,1.0,0.0,0.7,13.373333333333333,13.496666666666664,158.2,9.0,6.0,214.7,0.5465885947046842,8.0,0.0,0.0,0.0,0.0,0.0,0.0,0.0,0.0,9.0,1.0,20.700000000000003,8.387096774193548,13.25806451612903,102.7,9.0,0.0,208.5,0.5616918103448276,8.0,0.0,5,7.832987324438718,0.032747384817502834,-0.33333333333333326,0.0,-0.1999999999999993,0.0,1.3333333333333335,3.333333333333333,0.0,0.0,0.0,0.0,0.24623655913978482,-1.4043010752688119,18.566666666666663,1.666666666666667,-1.3333333333333333,-29.066666666666663,-0.06659457690805665,0.666666666666667,-1.0,0.6666666666666667,0.0,0.13333333333333286,0.0,0.0,0.0,0.0,-3.0,0.0,-5.533333333333334,1.618888888888888,-0.34777777777777885,60.09999999999998,2.333333333333333,3.0,-7.26666666666668,-0.01844933032376883,-0.3333333333333339,0.0,0.0,0.0,0.0,0.0,0.0,0.0,0.0,-3.333333333333334,0.33333333333333337,-5.9999999999999964,0.8290322580645162,-0.5075268817204304,46.49999999999999,2.0,0.0,-7.366666666666674,-0.019829329103993043,0.666666666666667,0.0
2018-06,남원시,2009.1198026310233,473656.0,26,11,2,17.599999999999994,5,5.600000000000001,1,0,0,0.0,22.7,11.266666666666664,225.5,7,3.0,30,7.0,215.0,7,3,0.49357208448117534,11,2,17.599999999999994,7.0,5,5.600000000000001,1,0,0,0.0,22.7,11.266666666666664,225.5,7,3.0,215.0,0.49357208448117534,7,3,1.0,0.0,0.6999999999999993,0.0,2.0,5.0,0.0,0.0,0.0,0.0,18.5258064516129,11.590322580645166,90.39999999999999,8.0,0.0,206.7,0.47517241379310343,7.0,0.0,1.0,0.0,0.1999999999999993,0.0,0.0,0.0,0.0,1.0,0.0,0.7,13.373333333333333,13.496666666666664,158.2,9.0,6.0,214.7,0.5465885947046842,8.0,0.0,6,7.605451996004119,-0.2539657704520826,0.6666666666666661,0.6666666666666667,1.666666666666666,0.0,-0.33333333333333304,0.8000000000000016,-1.3333333333333335,0.0,0.0,0.0,0.13555555555555543,0.4599999999999973,5.0,-2.666666666666666,-0.6666666666666665,5.933333333333309,0.013583456595668286,-1.333333333333334,-1.666666666666667,-0.33333333333333326,0.0,-0.1999999999999993,0.0,1.3333333333333335,3.333333333333333,0.0,0.0,0.0,0.0,0.24623655913978482,-1.4043010752688119,18.566666666666663,1.666666666666667,-1.3333333333333333,-29.066666666666663,-0.06659457690805665,0.666666666666667,-1.0,0.6666666666666667,0.0,0.13333333333333286,0.0,0.0,0.0,0.0,-3.0,0.0,-5.533333333333334,1.618888888888888,-0.34777777777777885,60.09999999999998,2.333333333333333,3.0,-7.26666666666668,-0.01844933032376883,-0.3333333333333339,0.0
2018-07,남원시,3508.869323254168,454164.6,26,22,20,107.30000000000001,28,98.19999999999999,23,0,0,0.0,27.39032258064516,9.412903225806451,100.0,5,0.0,31,21.0,244.8,7,5,0.5525959367945824,22,20,107.30000000000001,21.0,28,98.19999999999999,23,0,0,0.0,27.39032258064516,9.412903225806451,100.0,5,0.0,244.8,0.5525959367945824,7,5,11.0,2.0,17.599999999999994,7.0,5.0,5.600000000000001,1.0,0.0,0.0,0.0,22.7,11.266666666666664,225.5,7.0,3.0,215.0,0.49357208448117534,7.0,3.0,1.0,0.0,0.6999999999999993,0.0,2.0,5.0,0.0,0.0,0.0,0.0,18.5258064516129,11.590322580645166,90.39999999999999,8.0,0.0,206.7,0.47517241379310343,7.0,0.0,7,8.16304913443784,-0.1372686023621057,8.666666666666666,13.0,63.20000000000001,12.0,7.0,39.633333333333326,8.0,0.0,0.0,0.0,2.280645161290323,1.4225806451612906,-238.16666666666669,-6.333333333333334,-8.333333333333334,86.96666666666667,0.19629421383507756,-6.0,-5.666666666666666,0.6666666666666661,0.6666666666666667,1.666666666666666,0.0,-0.33333333333333304,0.8000000000000016,-1.3333333333333335,0.0,0.0,0.0,0.13555555555555543,0.4599999999999973,5.0,-2.666666666666666,-0.6666666666666665,5.933333333333309,0.013583456595668286,-1.333333333333334,-1.666666666666667,-0.33333333333333326,0.0,-0.1999999999999993,0.0,1.3333333333333335,3.333333333333333,0.0,0.0,0.0,0.0,0.24623655913978482,-1.4043010752688119,18.566666666666663,1.666666666666667,-1.3333333333333333,-29.066666666666663,-0.06659457690805665,0.666666666666667,-1.0
2018-08,남원시,5369.090345040085,455987.6,27,23,16,103.19999999999999,30,96.0,26,0,0,0.0,27.348387096774193,9.619354838709677,437.0,8,0.0,31,21.0,234.0,7,7,0.5600765916706558,23,16,103.19999999999999,21.0,30,96.0,26,0,0,0.0,27.348387096774193,9.619354838709677,437.0,8,0.0,234.0,0.5600765916706558,7,7,22.0,20.0,107.30000000000001,21.0,28.0,98.19999999999999,23.0,0.0,0.0,0.0,27.39032258064516,9.412903225806451,100.0,5.0,0.0,244.8,0.5525959367945824,7.0,5.0,11.0,2.0,17.599999999999994,7.0,5.0,5.600000000000001,1.0,0.0,0.0,0.0,22.7,11.266666666666664,225.5,7.0,3.0,215.0,0.49357208448117534,7.0,3.0,8,8.588413777444355,-0.17188647549926905,0.0,4.0,27.966666666666654,-0.6666666666666679,1.3333333333333321,0.6666666666666714,0.6666666666666679,0.0,0.0,0.0,0.5086021505376337,0.7870967741935466,28.933333333333337,-2.666666666666666,-5.333333333333333,36.099999999999994,0.0863608472300243,-2.0,-5.0,8.666666666666666,13.0,63.20000000000001,12.0,7.0,39.633333333333326,8.0,0.0,0.0,0.0,2.280645161290323,1.4225806451612906,-238.16666666666669,-6.333333333333334,-8.333333333333334,86.96666666666667,0.19629421383507756,-6.0,-5.666666666666666,0.6666666666666661,0.6666666666666667,1.666666666666666,0.0,-0.33333333333333304,0.8000000000000016,-1.3333333333333335,0.0,0.0,0.0,0.13555555555555543,0.4599999999999973,5.0,-2.666666666666666,-0.6666666666666665,5.933333333333309,0.013583456595668286,-1.333333333333334,-1.666666666666667
2018-09,남원시,11147.176361583033,274233.0,23,0,0,0.0,5,5.899999999999999,0,0,0,0.0,20.69,9.586666666666668,91.3,7,3.0,30,0.0,159.9,10,4,0.42949234488315874,0,0,0.0,0.0,5,5.899999999999999,0,0,0,0.0,20.69,9.586666666666668,91.3,7,3.0,159.9,0.42949234488315874,10,4,23.0,16.0,103.19999999999999,21.0,30.0,96.0,26.0,0.0,0.0,0.0,27.348387096774193,9.619354838709677,437.0,8.0,0.0,234.0,0.5600765916706558,7.0,7.0,22.0,20.0,107.30000000000001,21.0,28.0,98.19999999999999,23.0,0.0,0.0,0.0,27.39032258064516,9.412903225806451,100.0,5.0,0.0,244.8,0.5525959367945824,7.0,5.0,9,9.318941503703691,0.3527468903165758,-2.0,0.0,-1.599999999999999,0.0,-0.33333333333333304,-2.799999999999999,-2.0,0.0,0.0,0.0,-0.37999999999999545,0.2944444444444443,-68.00000000000001,-2.333333333333334,-1.333333333333333,8.100000000000023,0.021643664901833004,-0.6666666666666661,-4.333333333333334,0.0,4.0,27.966666666666654,-0.6666666666666679,1.3333333333333321,0.6666666666666714,0.6666666666666679,0.0,0.0,0.0,0.5086021505376337,0.7870967741935466,28.933333333333337,-2.666666666666666,-5.333333333333333,36.099999999999994,0.0863608472300243,-2.0,-5.0,8.666666666666666,13.0,63.20000000000001,12.0,7.0,39.633333333333326,8.0,0.0,0.0,0.0,2.280645161290323,1.4225806451612906,-238.16666666666669,-6.333333333333334,-8.333333333333334,86.96666666666667,0.19629421383507756,-6.0,-5.666666666666666
2018-10,남원시,3837.0935840579627,379918.8,27,0,0,0.0,0,0.0,0,0,0,0.0,12.451612903225806,12.703225806451611,90.2,6,3.0,31,0.0,223.1,5,0,0.6368826719954325,0,0,0.0,0.0,0,0.0,0,0,0,0.0,12.451612903225806,12.703225806451611,90.2,6,3.0,223.1,0.6368826719954325,5,0,0.0,0.0,0.0,0.0,5.0,5.899999999999999,0.0,0.0,0.0,0.0,20.69,9.586666666666668,91.3,7.0,3.0,159.9,0.42949234488315874,10.0,4.0,23.0,16.0,103.19999999999999,21.0,30.0,96.0,26.0,0.0,0.0,0.0,27.348387096774193,9.619354838709677,437.0,8.0,0.0,234.0,0.5600765916706558,7.0,7.0,10,8.252470479852564,-0.021180703706811244,0.0,0.0,0.0,0.0,0.0,0.0,0.0,0.0,0.0,0.0,-1.6032258064516132,0.6580645161290306,-4.466666666666669,1.666666666666667,1.0,2.23333333333332,0.006350929104501302,-0.666666666666667,-0.6666666666666666,-2.0,0.0,-1.599999999999999,0.0,-0.33333333333333304,-2.799999999999999,-2.0,0.0,0.0,0.0,-0.37999999999999545,0.2944444444444443,-68.00000000000001,-2.333333333333334,-1.333333333333333,8.100000000000023,0.021643664901833004,-0.6666666666666661,-4.333333333333334,0.0,4.0,27.966666666666654,-0.6666666666666679,1.3333333333333321,0.6666666666666714,0.6666666666666679,0.0,0.0,0.0,0.5086021505376337,0.7870967741935466,28.933333333333337,-2.666666666666666,-5.333333333333333,36.099999999999994,0.0863608472300243,-2.0,-5.0
2018-11,남원시,1837.6901424303278,345081.0,26,0,0,0.0,0,0.0,0,11,0,12.999999999999998,7.42,13.506666666666666,38.1,6,0.0,30,0.0,184.0,8,0,0.5935483870967742,0,0,0.0,0.0,0,0.0,0,11,0,12.999999999999998,7.42,13.506666666666666,38.1,6,0.0,184.0,0.5935483870967742,8,0,0.0,0.0,0.0,0.0,0.0,0.0,0.0,0.0,0.0,0.0,12.451612903225806,12.703225806451611,90.2,6.0,3.0,223.1,0.6368826719954325,5.0,0.0,0.0,0.0,0.0,0.0,5.0,5.899999999999999,0.0,0.0,0.0,0.0,20.69,9.586666666666668,91.3,7.0,3.0,159.9,0.42949234488315874,10.0,4.0,11,7.51626470460707,-0.2630459733146857,0.0,0.0,0.0,0.0,0.0,0.0,0.0,1.0,-0.3333333333333333,-2.4666666666666703,-0.6344444444444441,0.3622222222222202,5.533333333333331,1.666666666666667,-1.0,4.133333333333326,0.013217920279986362,0.33333333333333304,0.0,0.0,0.0,0.0,0.0,0.0,0.0,0.0,0.0,0.0,0.0,-1.6032258064516132,0.6580645161290306,-4.466666666666669,1.666666666666667,1.0,2.23333333333332,0.006350929104501302,-0.666666666666667,-0.6666666666666666,-2.0,0.0,-1.599999999999999,0.0,-0.33333333333333304,-2.799999999999999,-2.0,0.0,0.0,0.0,-0.37999999999999545,0.2944444444444443,-68.00000000000001,-2.333333333333334,-1.333333333333333,8.100000000000023,0.021643664901833004,-0.6666666666666661,-4.333333333333334
2018-12,남원시,2375.6778727044984,322533.0,26,0,0,0.0,0,0.0,0,25,14,140.20000000000002,1.0258064516129033,10.748387096774197,36.6,6,0.0,31,0.0,172.6,8,0,0.5664588119461764,0,0,0.0,0.0,0,0.0,0,25,14,140.20000000000002,1.0258064516129033,10.748387096774197,36.6,6,0.0,172.6,0.5664588119461764,8,0,0.0,0.0,0.0,0.0,0.0,0.0,0.0,11.0,0.0,12.999999999999998,7.42,13.506666666666666,38.1,6.0,0.0,184.0,0.5935483870967742,8.0,0.0,0.0,0.0,0.0,0.0,0.0,0.0,0.0,0.0,0.0,0.0,12.451612903225806,12.703225806451611,90.2,6.0,3.0,223.1,0.6368826719954325,5.0,0.0,12,7.773038095830282,-0.32050684175978006,0.0,0.0,0.0,0.0,0.0,0.0,0.0,-1.0,2.333333333333334,9.599999999999994,0.007971820541342378,-0.2526881720430083,8.333333333333336,1.0,-1.0,1.533333333333303,0.005152469192877707,0.0,0.0,0.0,0.0,0.0,0.0,0.0,0.0,0.0,1.0,-0.3333333333333333,-2.4666666666666703,-0.6344444444444441,0.3622222222222202,5.533333333333331,1.666666666666667,-1.0,4.133333333333326,0.013217920279986362,0.33333333333333304,0.0,0.0,0.0,0.0,0.0,0.0,0.0,0.0,0.0,0.0,0.0,-1.6032258064516132,0.6580645161290306,-4.466666666666669,1.666666666666667,1.0,2.23333333333332,0.006350929104501302,-0.666666666666667,-0.6666666666666666
2019-01,남원시,2592.191081113903,321967.0,26,0,0,0.0,0,0.0,0,31,21,191.0,-0.5806451612903226,12.580645161290319,20.2,3,0.0,31,0.0,206.4,3,0,0.6606914212548016,0,0,0.0,0.0,0,0.0,0,31,21,191.0,-0.5806451612903226,12.580645161290319,20.2,3,0.0,206.4,0.6606914212548016,3,0,0.0,0.0,0.0,0.0,0.0,0.0,0.0,25.0,14.0,140.20000000000002,1.0258064516129033,10.748387096774197,36.6,6.0,0.0,172.6,0.5664588119461764,8.0,0.0,0.0,0.0,0.0,0.0,0.0,0.0,0.0,11.0,0.0,12.999999999999998,7.42,13.506666666666666,38.1,6.0,0.0,184.0,0.5935483870967742,8.0,0.0,1,7.8602587743205605,-0.5281621766214117,0.0,0.0,0.0,0.0,0.0,0.0,0.0,4.5,4.0,12.650000000000006,-0.17975528364849835,1.686290322580641,-18.575,-3.25,-1.75,41.025000000000006,0.1313834394601534,-6.75,0.0,0.0,0.0,0.0,0.0,0.0,0.0,0.0,-1.0,2.333333333333334,9.599999999999994,0.007971820541342378,-0.2526881720430083,8.333333333333336,1.0,-1.0,1.533333333333303,0.005152469192877707,0.0,0.0,0.0,0.0,0.0,0.0,0.0,0.0,0.0,1.0,-0.3333333333333333,-2.4666666666666703,-0.6344444444444441,0.3622222222222202,5.533333333333331,1.666666666666667,-1.0,4.133333333333326,0.013217920279986362,0.33333333333333304,0.0
2019-02,남원시,1811.9156750119928,296014.0,23,0,0,0.0,0,0.0,0,24,9,99.0,2.0214285714285714,11.521428571428572,44.8,3,0.0,28,0.0,171.0,7,0,0.5602883355176933,0,0,0.0,0.0,0,0.0,0,24,9,99.0,2.0214285714285714,11.521428571428572,44.8,3,0.0,171.0,0.5602883355176933,7,0,0.0,0.0,0.0,0.0,0.0,0.0,0.0,31.0,21.0,191.0,-0.5806451612903226,12.580645161290319,20.2,3.0,0.0,206.4,0.6606914212548016,3.0,0.0,0.0,0.0,0.0,0.0,0.0,0.0,0.0,25.0,14.0,140.20000000000002,1.0258064516129033,10.748387096774197,36.6,6.0,0.0,172.6,0.5664588119461764,8.0,0.0,2,7.502139948550948,-0.3301826802754011,0.0,0.0,0.0,0.0,0.0,0.0,0.0,1.25,-2.25,-20.299999999999997,0.042857142857142705,-0.6052955665024626,4.474999999999994,-1.5,-0.75,-4.675000000000011,-0.010011682791279508,0.75,0.0,0.0,0.0,0.0,0.0,0.0,0.0,0.0,4.5,4.0,12.650000000000006,-0.17975528364849835,1.686290322580641,-18.575,-3.25,-1.75,41.025000000000006,0.1313834394601534,-6.75,0.0,0.0,0.0,0.0,0.0,0.0,0.0,0.0,-1.0,2.333333333333334,9.599999999999994,0.007971820541342378,-0.2526881720430083,8.333333333333336,1.0,-1.0,1.533333333333303,0.005152469192877707,0.0,0.0
2019-03,남원시,2077.169510773798,454111.0,26,0,0,0.0,0,0.0,0,15,0,32.0,6.958064516129032,14.029032258064513,27.8,6,0.0,31,0.0,208.2,7,0,0.5613372876786196,0,0,0.0,0.0,0,0.0,0,15,0,32.0,6.958064516129032,14.029032258064513,27.8,6,0.0,208.2,0.5613372876786196,7,0,0.0,0.0,0.0,0.0,0.0,0.0,0.0,24.0,9.0,99.0,2.0214285714285714,11.521428571428572,44.8,3.0,0.0,171.0,0.5602883355176933,7.0,0.0,0.0,0.0,0.0,0.0,0.0,0.0,0.0,31.0,21.0,191.0,-0.5806451612903226,12.580645161290319,20.2,3.0,0.0,206.4,0.6606914212548016,3.0,0.0,3,7.638761433821712,-0.07557048442463898,0.0,0.0,0.0,0.0,0.0,0.0,0.0,2.666666666666666,-0.6666666666666666,5.300000000000001,-0.5999999999999996,0.2634408602150522,-28.40000000000001,-1.0,0.0,-7.666666666666686,-0.0201838517702011,-0.33333333333333304,0.0,0.0,0.0,0.0,0.0,0.0,0.0,0.0,0.6666666666666679,-2.666666666666666,-28.299999999999997,0.4535714285714283,-0.49872742200328446,2.233333333333327,-1.333333333333333,-1.0,-2.700000000000017,-0.0021609585694394307,1.0,0.0,0.0,0.0,0.0,0.0,0.0,0.0,0.0,4.333333333333332,4.666666666666668,24.566666666666663,-0.3267704857248795,1.826881720430105,-20.133333333333336,-2.666666666666667,-2.3333333333333335,43.56666666666666,0.13948077886193733,-6.333333333333334,0.0
2019-04,남원시,2363.873587983772,470547.0,26,0,0,0.0,0,0.0,0,5,0,11.100000000000001,11.976666666666667,13.026666666666667,80.5,7,0.0,30,0.0,186.6,11,0,0.4754140127388535,0,0,0.0,0.0,0,0.0,0,5,0,11.100000000000001,11.976666666666667,13.026666666666667,80.5,7,0.0,186.6,0.4754140127388535,11,0,0.0,0.0,0.0,0.0,0.0,0.0,0.0,15.0,0.0,32.0,6.958064516129032,14.029032258064513,27.8,6.0,0.0,208.2,0.5613372876786196,7.0,0.0,0.0,0.0,0.0,0.0,0.0,0.0,0.0,24.0,9.0,99.0,2.0214285714285714,11.521428571428572,44.8,3.0,0.0,171.0,0.5602883355176933,7.0,0.0,4,7.768056903316085,0.004841309913047986,-0.3333333333333333,0.0,-0.06666666666666643,0.0,0.0,0.0,0.0,1.0,0.0,4.866666666666667,0.22222222222222143,-0.8177777777777759,-17.60000000000001,0.33333333333333304,-3.0,-35.366666666666674,-0.0896239122895996,2.666666666666666,0.0,0.0,0.0,0.0,0.0,0.0,0.0,0.0,2.666666666666666,-0.6666666666666666,5.300000000000001,-0.5999999999999996,0.2634408602150522,-28.40000000000001,-1.0,0.0,-7.666666666666686,-0.0201838517702011,-0.33333333333333304,0.0,0.0,0.0,0.0,0.0,0.0,0.0,0.0,0.6666666666666679,-2.666666666666666,-28.299999999999997,0.4535714285714283,-0.49872742200328446,2.233333333333327,-1.333333333333333,-1.0,-2.700000000000017,-0.0021609585694394307,1.0,0.0
2019-05,남원시,2968.4617961791287,438434.0,27,3,0,1.9999999999999964,0,0.0,0,0,0,0.0,18.019354838709678,15.80322580645161,51.699999999999996,5,4.0,31,0.0,287.1,3,0,0.66,3,0,1.9999999999999964,0.0,0,0.0,0,0,0,0.0,18.019354838709678,15.80322580645161,51.699999999999996,5,4.0,287.1,0.66,3,0,0.0,0.0,0.0,0.0,0.0,0.0,0.0,5.0,0.0,11.100000000000001,11.976666666666667,13.026666666666667,80.5,7.0,0.0,186.6,0.4754140127388535,11.0,0.0,0.0,0.0,0.0,0.0,0.0,0.0,0.0,15.0,0.0,32.0,6.958064516129032,14.029032258064513,27.8,6.0,0.0,208.2,0.5613372876786196,7.0,0.0,5,7.995799183888695,0.19555924426748028,1.6666666666666667,0.0,1.0999999999999979,0.0,-0.6666666666666666,-1.6666666666666667,0.0,0.0,0.0,0.0,-0.2602150537634387,2.8086021505376326,-20.133333333333333,-1.333333333333333,2.666666666666667,51.33333333333337,0.11823300929883995,-3.333333333333333,-1.0,-0.3333333333333333,0.0,-0.06666666666666643,0.0,0.0,0.0,0.0,1.0,0.0,4.866666666666667,0.22222222222222143,-0.8177777777777759,-17.60000000000001,0.33333333333333304,-3.0,-35.366666666666674,-0.0896239122895996,2.666666666666666,0.0,0.0,0.0,0.0,0.0,0.0,0.0,0.0,2.666666666666666,-0.6666666666666666,5.300000000000001,-0.5999999999999996,0.2634408602150522,-28.40000000000001,-1.0,0.0,-7.666666666666686,-0.0201838517702011,-0.33333333333333304,0.0
2019-06,남원시,2527.165362244765,442166.5,25,7,0,7.799999999999997,4,3.599999999999998,1,0,0,0.0,21.706666666666667,10.71,217.5,10,3.0,30,3.0,214.0,9,2,0.49138920780711826,7,0,7.799999999999997,3.0,4,3.599999999999998,1,0,0,0.0,21.706666666666667,10.71,217.5,10,3.0,214.0,0.49138920780711826,9,2,3.0,0.0,1.9999999999999964,0.0,0.0,0.0,0.0,0.0,0.0,0.0,18.019354838709678,15.80322580645161,51.699999999999996,5.0,4.0,287.1,0.66,3.0,0.0,0.0,0.0,0.0,0.0,0.0,0.0,0.0,5.0,0.0,11.100000000000001,11.976666666666667,13.026666666666667,80.5,7.0,0.0,186.6,0.4754140127388535,11.0,0.0,6,7.834853543412927,-0.024564223043274325,-3.333333333333334,-1.3333333333333333,-8.133333333333331,-4.0,-1.333333333333333,-1.200000000000002,-1.3333333333333335,0.0,0.0,0.0,-0.8577777777777769,-0.09666666666666579,-3.0,0.3333333333333339,-0.6666666666666665,4.933333333333309,0.011400579921611198,0.6666666666666661,-2.666666666666667,1.6666666666666667,0.0,1.0999999999999979,0.0,-0.6666666666666666,-1.6666666666666667,0.0,0.0,0.0,0.0,-0.2602150537634387,2.8086021505376326,-20.133333333333333,-1.333333333333333,2.666666666666667,51.33333333333337,0.11823300929883995,-3.333333333333333,-1.0,-0.3333333333333333,0.0,-0.06666666666666643,0.0,0.0,0.0,0.0,1.0,0.0,4.866666666666667,0.22222222222222143,-0.8177777777777759,-17.60000000000001,0.33333333333333304,-3.0,-35.366666666666674,-0.0896239122895996,2.666666666666666,0.0
2019-07,남원시,3407.0262402230505,472898.0,27,12,1,21.7,18,47.9,13,0,0,0.0,24.73548387096774,7.951612903225805,345.6,12,10.0,31,6.0,143.9,12,14,0.324757391108102,12,1,21.7,6.0,18,47.9,13,0,0,0.0,24.73548387096774,7.951612903225805,345.6,12,10.0,143.9,0.324757391108102,12,14,7.0,0.0,7.799999999999997,3.0,4.0,3.599999999999998,1.0,0.0,0.0,0.0,21.706666666666667,10.71,217.5,10.0,3.0,214.0,0.49138920780711826,9.0,2.0,3.0,0.0,1.9999999999999964,0.0,0.0,0.0,0.0,0.0,0.0,0.0,18.019354838709678,15.80322580645161,51.699999999999996,5.0,4.0,287.1,0.66,3.0,0.0,7,8.133595119487207,-0.16672261731273785,-1.333333333333334,-6.0,-22.400000000000002,-3.0,-3.0,-10.666666666666664,-2.0,0.0,0.0,0.0,-0.3741935483870975,-0.03870967741935516,7.433333333333337,0.6666666666666661,1.666666666666666,-13.933333333333337,-0.031544331851402874,-1.0,3.333333333333334,-3.333333333333334,-1.3333333333333333,-8.133333333333331,-4.0,-1.333333333333333,-1.200000000000002,-1.3333333333333335,0.0,0.0,0.0,-0.8577777777777769,-0.09666666666666579,-3.0,0.3333333333333339,-0.6666666666666665,4.933333333333309,0.011400579921611198,0.6666666666666661,-2.666666666666667,1.6666666666666667,0.0,1.0999999999999979,0.0,-0.6666666666666666,-1.6666666666666667,0.0,0.0,0.0,0.0,-0.2602150537634387,2.8086021505376326,-20.133333333333333,-1.333333333333333,2.666666666666667,51.33333333333337,0.11823300929883995,-3.333333333333333,-1.0
2019-08,남원시,4992.535496440998,480949.39999999997,27,21,12,59.500000000000014,25,74.1,21,0,0,0.0,26.016129032258064,9.051612903225807,130.20000000000002,9,3.0,31,20.0,196.1,8,9,0.4690265486725663,21,12,59.500000000000014,20.0,25,74.1,21,0,0,0.0,26.016129032258064,9.051612903225807,130.20000000000002,9,3.0,196.1,0.4690265486725663,8,9,12.0,1.0,21.7,6.0,18.0,47.9,13.0,0.0,0.0,0.0,24.73548387096774,7.951612903225805,345.6,12.0,10.0,143.9,0.324757391108102,12.0,14.0,7.0,0.0,7.799999999999997,3.0,4.0,3.599999999999998,1.0,0.0,0.0,0.0,21.706666666666667,10.71,217.5,10.0,3.0,214.0,0.49138920780711826,9.0,2.0,8,8.515699175217824,-0.2446010777258003,-2.0,0.0,-15.73333333333332,-1.6666666666666679,-3.666666666666668,-21.233333333333334,-4.333333333333332,0.0,0.0,0.0,-0.8236559139784951,0.21935483870967687,-277.8666666666667,-1.666666666666666,-2.333333333333333,-1.8000000000000114,-0.004689195768065202,-1.0,-3.0,-1.333333333333334,-6.0,-22.400000000000002,-3.0,-3.0,-10.666666666666664,-2.0,0.0,0.0,0.0,-0.3741935483870975,-0.03870967741935516,7.433333333333337,0.6666666666666661,1.666666666666666,-13.933333333333337,-0.031544331851402874,-1.0,3.333333333333334,-3.333333333333334,-1.3333333333333333,-8.133333333333331,-4.0,-1.333333333333333,-1.200000000000002,-1.3333333333333335,0.0,0.0,0.0,-0.8577777777777769,-0.09666666666666579,-3.0,0.3333333333333339,-0.6666666666666665,4.933333333333309,0.011400579921611198,0.6666666666666661,-2.666666666666667
2019-09,남원시,6607.325491199454,374402.9,24,5,0,3.3999999999999986,9,14.199999999999996,4,0,0,0.0,22.06,9.133333333333335,170.0,9,0.0,30,0.0,145.0,13,12,0.3891572732152442,5,0,3.3999999999999986,0.0,9,14.199999999999996,4,0,0,0.0,22.06,9.133333333333335,170.0,9,0.0,145.0,0.3891572732152442,13,12,21.0,12.0,59.500000000000014,20.0,25.0,74.1,21.0,0.0,0.0,0.0,26.016129032258064,9.051612903225807,130.20000000000002,9.0,3.0,196.1,0.4690265486725663,8.0,9.0,12.0,1.0,21.7,6.0,18.0,47.9,13.0,0.0,0.0,0.0,24.73548387096774,7.951612903225805,345.6,12.0,10.0,143.9,0.324757391108102,12.0,14.0,9,8.795934235414496,-0.17026037797261928,3.0,0.0,1.7999999999999996,0.0,3.666666666666667,5.499999999999998,2.0,0.0,0.0,0.0,0.990000000000002,-0.15888888888888886,10.699999999999989,-0.3333333333333339,-4.333333333333333,-6.799999999999983,-0.018691406766081553,2.333333333333334,3.666666666666666,-2.0,0.0,-15.73333333333332,-1.6666666666666679,-3.666666666666668,-21.233333333333334,-4.333333333333332,0.0,0.0,0.0,-0.8236559139784951,0.21935483870967687,-277.8666666666667,-1.666666666666666,-2.333333333333333,-1.8000000000000114,-0.004689195768065202,-1.0,-3.0,-1.333333333333334,-6.0,-22.400000000000002,-3.0,-3.0,-10.666666666666664,-2.0,0.0,0.0,0.0,-0.3741935483870975,-0.03870967741935516,7.433333333333337,0.6666666666666661,1.666666666666666,-13.933333333333337,-0.031544331851402874,-1.0,3.333333333333334
2019-10,남원시,7424.39211627561,354034.7,27,0,0,0.0,0,0.0,0,0,0,0.0,15.85483870967742,10.87741935483871,181.9,4,3.0,31,0.0,208.7,7,1,0.5950955232392358,0,0,0.0,0.0,0,0.0,0,0,0,0.0,15.85483870967742,10.87741935483871,181.9,4,3.0,208.7,0.5950955232392358,7,1,5.0,0.0,3.3999999999999986,0.0,9.0,14.199999999999996,4.0,0.0,0.0,0.0,22.06,9.133333333333335,170.0,9.0,0.0,145.0,0.3891572732152442,13.0,12.0,21.0,12.0,59.500000000000014,20.0,25.0,74.1,21.0,0.0,0.0,0.0,26.016129032258064,9.051612903225807,130.20000000000002,9.0,3.0,196.1,0.4690265486725663,8.0,9.0,10,8.91252609045751,0.6388749068981348,0.0,0.0,0.0,0.0,0.0,0.0,0.0,0.0,0.0,0.0,1.8000000000000007,-1.1677419354838712,87.23333333333333,-0.33333333333333304,1.0,-12.166666666666686,-0.03543621965169541,1.333333333333333,0.33333333333333337,3.0,0.0,1.7999999999999996,0.0,3.666666666666667,5.499999999999998,2.0,0.0,0.0,0.0,0.990000000000002,-0.15888888888888886,10.699999999999989,-0.3333333333333339,-4.333333333333333,-6.799999999999983,-0.018691406766081553,2.333333333333334,3.666666666666666,-2.0,0.0,-15.73333333333332,-1.6666666666666679,-3.666666666666668,-21.233333333333334,-4.333333333333332,0.0,0.0,0.0,-0.8236559139784951,0.21935483870967687,-277.8666666666667,-1.666666666666666,-2.333333333333333,-1.8000000000000114,-0.004689195768065202,-1.0,-3.0
2019-11,남원시,3422.5937553701324,375991.7,26,0,0,0.0,0,0.0,0,9,1,22.1,8.553333333333335,13.94,26.5,2,0.0,30,0.0,180.9,6,0,0.5829842088301643,0,0,0.0,0.0,0,0.0,0,9,1,22.1,8.553333333333335,13.94,26.5,2,0.0,180.9,0.5829842088301643,6,0,0.0,0.0,0.0,0.0,0.0,0.0,0.0,0.0,0.0,0.0,15.85483870967742,10.87741935483871,181.9,4.0,3.0,208.7,0.5950955232392358,7.0,1.0,5.0,0.0,3.3999999999999986,0.0,9.0,14.199999999999996,4.0,0.0,0.0,0.0,22.06,9.133333333333335,170.0,9.0,0.0,145.0,0.3891572732152442,13.0,12.0,11,8.138153950613589,0.3588432726918329,0.0,0.0,0.0,0.0,0.0,0.0,0.0,-1.0,0.6666666666666667,6.633333333333333,0.4988888888888905,0.7955555555555538,-6.06666666666667,-2.333333333333333,-1.0,1.0333333333333314,0.0026537420133765366,-1.666666666666667,0.0,0.0,0.0,0.0,0.0,0.0,0.0,0.0,0.0,0.0,0.0,1.8000000000000007,-1.1677419354838712,87.23333333333333,-0.33333333333333304,1.0,-12.166666666666686,-0.03543621965169541,1.333333333333333,0.33333333333333337,3.0,0.0,1.7999999999999996,0.0,3.666666666666667,5.499999999999998,2.0,0.0,0.0,0.0,0.990000000000002,-0.15888888888888886,10.699999999999989,-0.3333333333333339,-4.333333333333333,-6.799999999999983,-0.018691406766081553,2.333333333333334,3.666666666666666
2019-12,남원시,4006.544521125163,317607.0,26,0,0,0.0,0,0.0,0,23,6,97.60000000000002,2.079310344827586,10.870967741935484,36.1,4,0.0,31,0.0,167.5,10,0,0.5493604460478845,0,0,0.0,0.0,0,0.0,0,23,6,97.60000000000002,2.079310344827586,10.870967741935484,36.1,4,0.0,167.5,0.5493604460478845,10,0,0.0,0.0,0.0,0.0,0.0,0.0,0.0,9.0,1.0,22.1,8.553333333333335,13.94,26.5,2.0,0.0,180.9,0.5829842088301643,6.0,0.0,0.0,0.0,0.0,0.0,0.0,0.0,0.0,0.0,0.0,0.0,15.85483870967742,10.87741935483871,181.9,4.0,3.0,208.7,0.5950955232392358,7.0,1.0,12,8.295684433380313,0.20213949579025048,0.0,0.0,0.0,0.0,0.0,0.0,0.0,-3.0,-5.666666666666666,-33.0,1.0614757137560251,-0.13010752688172111,7.833333333333336,-1.0,-1.0,-3.5666666666666913,-0.011945896705414238,2.0,0.0,0.0,0.0,0.0,0.0,0.0,0.0,0.0,-1.0,0.6666666666666667,6.633333333333333,0.4988888888888905,0.7955555555555538,-6.06666666666667,-2.333333333333333,-1.0,1.0333333333333314,0.0026537420133765366,-1.666666666666667,0.0,0.0,0.0,0.0,0.0,0.0,0.0,0.0,0.0,0.0,0.0,1.8000000000000007,-1.1677419354838712,87.23333333333333,-0.33333333333333304,1.0,-12.166666666666686,-0.03543621965169541,1.333333333333333,0.33333333333333337
2020-01,남원시,5858.888715497132,290769.3,24,0,0,0.0,0,0.0,0,20,8,87.3,2.3448275862068964,9.687096774193549,59.8,7,3.0,31,0.0,107.6,17,0,0.3445405059237912,0,0,0.0,0.0,0,0.0,0,20,8,87.3,2.3448275862068964,9.687096774193549,59.8,7,3.0,107.6,0.3445405059237912,17,0,0.0,0.0,0.0,0.0,0.0,0.0,0.0,23.0,6.0,97.60000000000002,2.079310344827586,10.870967741935484,36.1,4.0,0.0,167.5,0.5493604460478845,10.0,0.0,0.0,0.0,0.0,0.0,0.0,0.0,0.0,9.0,1.0,22.1,8.553333333333335,13.94,26.5,2.0,0.0,180.9,0.5829842088301643,6.0,0.0,1,8.675715225593647,0.2872942746516749,0.0,0.0,0.0,0.0,0.0,0.0,0.0,-6.5,-9.0,-91.05,2.7457174638487207,-1.2072580645161288,21.025,0.75,1.25,-57.775000000000006,-0.184767475870857,7.25,0.0,0.0,0.0,0.0,0.0,0.0,0.0,0.0,-3.0,-5.666666666666666,-33.0,1.0614757137560251,-0.13010752688172111,7.833333333333336,-1.0,-1.0,-3.5666666666666913,-0.011945896705414238,2.0,0.0,0.0,0.0,0.0,0.0,0.0,0.0,0.0,-1.0,0.6666666666666667,6.633333333333333,0.4988888888888905,0.7955555555555538,-6.06666666666667,-2.333333333333333,-1.0,1.0333333333333314,0.0026537420133765366,-1.666666666666667,0.0
2020-02,남원시,2053.943394853575,330715.0,25,0,0,0.0,0,0.0,0,19,8,89.6,3.225,11.506896551724138,62.2,8,3.0,29,0.0,169.79999999999998,8,0,0.5364928909952607,0,0,0.0,0.0,0,0.0,0,19,8,89.6,3.225,11.506896551724138,62.2,8,3.0,169.79999999999998,0.5364928909952607,8,0,0.0,0.0,0.0,0.0,0.0,0.0,0.0,20.0,8.0,87.3,2.3448275862068964,9.687096774193549,59.8,7.0,3.0,107.6,0.3445405059237912,17.0,0.0,0.0,0.0,0.0,0.0,0.0,0.0,0.0,23.0,6.0,97.60000000000002,2.079310344827586,10.870967741935484,36.1,4.0,0.0,167.5,0.5493604460478845,10.0,0.0,2,7.627516831614884,-0.2048057972114652,0.0,0.0,0.0,0.0,0.0,0.0,0.0,-3.75,-3.25,-29.700000000000003,1.2464285714285714,-0.6198275862068972,21.875,3.5,2.25,-5.875000000000028,-0.03380712731371216,1.75,0.0,0.0,0.0,0.0,0.0,0.0,0.0,0.0,-6.5,-9.0,-91.05,2.7457174638487207,-1.2072580645161288,21.025,0.75,1.25,-57.775000000000006,-0.184767475870857,7.25,0.0,0.0,0.0,0.0,0.0,0.0,0.0,0.0,-3.0,-5.666666666666666,-33.0,1.0614757137560251,-0.13010752688172111,7.833333333333336,-1.0,-1.0,-3.5666666666666913,-0.011945896705414238,2.0,0.0
2020-03,남원시,2231.2311244015773,426120.0,26,0,0,0.0,0,0.0,0,13,1,27.4,7.329032258064516,14.009677419354839,38.1,6,0.0,31,0.0,230.9,7,0,0.6215343203230148,0,0,0.0,0.0,0,0.0,0,13,1,27.4,7.329032258064516,14.009677419354839,38.1,6,0.0,230.9,0.6215343203230148,7,0,0.0,0.0,0.0,0.0,0.0,0.0,0.0,19.0,8.0,89.6,3.225,11.506896551724138,62.2,8.0,3.0,169.79999999999998,0.5364928909952607,8.0,0.0,0.0,0.0,0.0,0.0,0.0,0.0,0.0,20.0,8.0,87.3,2.3448275862068964,9.687096774193549,59.8,7.0,3.0,107.6,0.3445405059237912,17.0,0.0,3,7.710308785840212,-0.0040231324061386076,0.0,0.0,0.0,0.0,0.0,0.0,0.0,0.6666666666666661,0.33333333333333337,0.6999999999999993,-0.22903225806451566,0.24408602150537817,-18.10000000000001,-1.0,0.0,15.033333333333331,0.04001318087419414,-0.33333333333333304,0.0,0.0,0.0,0.0,0.0,0.0,0.0,0.0,-4.333333333333332,-3.666666666666666,-37.7,1.657142857142857,-0.513259441707719,19.633333333333333,3.666666666666667,2.0,-3.900000000000034,-0.025956403091872082,2.0,0.0,0.0,0.0,0.0,0.0,0.0,0.0,0.0,-6.666666666666668,-8.333333333333332,-79.13333333333334,2.5987022617723397,-1.0666666666666647,19.46666666666666,1.333333333333333,0.6666666666666665,-55.23333333333335,-0.1766701364690731,7.666666666666666,0.0
2020-04,남원시,2024.6350808667773,441151.5,26,0,0,0.0,0,0.0,0,6,0,6.9,9.913333333333332,15.009999999999998,55.6,4,3.0,30,0.0,264.6,6,0,0.6731111676418214,0,0,0.0,0.0,0,0.0,0,6,0,6.9,9.913333333333332,15.009999999999998,55.6,4,3.0,264.6,0.6731111676418214,6,0,0.0,0.0,0.0,0.0,0.0,0.0,0.0,13.0,1.0,27.4,7.329032258064516,14.009677419354839,38.1,6.0,0.0,230.9,0.6215343203230148,7.0,0.0,0.0,0.0,0.0,0.0,0.0,0.0,0.0,19.0,8.0,89.6,3.225,11.506896551724138,62.2,8.0,3.0,169.79999999999998,0.5364928909952607,8.0,0.0,4,7.613144756322042,-0.1500708370809951,-0.3333333333333333,0.0,-0.06666666666666643,0.0,0.0,0.0,0.0,2.0,0.0,0.6666666666666661,-1.841111111111113,1.1655555555555548,-42.50000000000001,-2.666666666666667,0.0,42.633333333333354,0.10807324261336837,-2.333333333333334,0.0,0.0,0.0,0.0,0.0,0.0,0.0,0.0,0.6666666666666661,0.33333333333333337,0.6999999999999993,-0.22903225806451566,0.24408602150537817,-18.10000000000001,-1.0,0.0,15.033333333333331,0.04001318087419414,-0.33333333333333304,0.0,0.0,0.0,0.0,0.0,0.0,0.0,0.0,-4.333333333333332,-3.666666666666666,-37.7,1.657142857142857,-0.513259441707719,19.633333333333333,3.666666666666667,2.0,-3.900000000000034,-0.025956403091872082,2.0,0.0
2020-05,남원시,1942.892868185121,444487.0,26,0,0,0.0,0,0.0,0,0,0,0.0,18.293548387096774,11.590322580645157,73.4,6,0.0,31,0.0,213.5,9,3,0.4901285583103765,0,0,0.0,0.0,0,0.0,0,0,0,0.0,18.293548387096774,11.590322580645157,73.4,6,0.0,213.5,0.4901285583103765,9,3,0.0,0.0,0.0,0.0,0.0,0.0,0.0,6.0,0.0,6.9,9.913333333333332,15.009999999999998,55.6,4.0,3.0,264.6,0.6731111676418214,6.0,0.0,0.0,0.0,0.0,0.0,0.0,0.0,0.0,13.0,1.0,27.4,7.329032258064516,14.009677419354839,38.1,6.0,0.0,230.9,0.6215343203230148,7.0,0.0,5,7.571933310536232,-0.22830662908498311,-1.3333333333333333,0.0,-0.8999999999999986,0.0,-0.6666666666666666,-1.6666666666666667,0.0,0.0,0.0,0.0,0.013978494623657411,-1.4043010752688208,1.566666666666677,-0.33333333333333304,-1.3333333333333333,-22.26666666666665,-0.051638432390783584,2.666666666666667,2.0,-0.3333333333333333,0.0,-0.06666666666666643,0.0,0.0,0.0,0.0,2.0,0.0,0.6666666666666661,-1.841111111111113,1.1655555555555548,-42.50000000000001,-2.666666666666667,0.0,42.633333333333354,0.10807324261336837,-2.333333333333334,0.0,0.0,0.0,0.0,0.0,0.0,0.0,0.0,0.6666666666666661,0.33333333333333337,0.6999999999999993,-0.22903225806451566,0.24408602150537817,-18.10000000000001,-1.0,0.0,15.033333333333331,0.04001318087419414,-0.33333333333333304,0.0
2020-06,남원시,3421.888121247924,427430.0,26,13,2,22.399999999999995,7,5.199999999999999,5,0,0,0.0,23.28666666666667,10.443333333333333,218.5,12,5.0,30,11.0,198.2,9,9,0.4550045913682277,13,2,22.399999999999995,11.0,7,5.199999999999999,5,0,0,0.0,23.28666666666667,10.443333333333333,218.5,12,5.0,198.2,0.4550045913682277,9,9,0.0,0.0,0.0,0.0,0.0,0.0,0.0,0.0,0.0,0.0,18.293548387096774,11.590322580645157,73.4,6.0,0.0,213.5,0.4901285583103765,9.0,3.0,0.0,0.0,0.0,0.0,0.0,0.0,0.0,6.0,0.0,6.9,9.913333333333332,15.009999999999998,55.6,4.0,3.0,264.6,0.6731111676418214,6.0,0.0,6,8.137947759951556,0.2785299934953551,2.666666666666666,0.6666666666666667,6.466666666666667,4.0,1.666666666666667,0.39999999999999947,2.6666666666666665,0.0,0.0,0.0,0.722222222222225,-0.3633333333333333,-2.0,2.333333333333334,1.3333333333333335,-10.866666666666703,-0.024984036517279373,0.6666666666666661,4.333333333333333,-1.3333333333333333,0.0,-0.8999999999999986,0.0,-0.6666666666666666,-1.6666666666666667,0.0,0.0,0.0,0.0,0.013978494623657411,-1.4043010752688208,1.566666666666677,-0.33333333333333304,-1.3333333333333333,-22.26666666666665,-0.051638432390783584,2.666666666666667,2.0,-0.3333333333333333,0.0,-0.06666666666666643,0.0,0.0,0.0,0.0,2.0,0.0,0.6666666666666661,-1.841111111111113,1.1655555555555548,-42.50000000000001,-2.666666666666667,0.0,42.633333333333354,0.10807324261336837,-2.333333333333334,0.0
2020-07,남원시,5455.114873732084,407154.1,27,6,0,3.3000000000000043,17,29.6,9,0,0,0.0,23.203225806451613,6.606451612903226,568.9,17,15.0,31,0.0,84.8,20,13,0.19155184097583014,6,0,3.3000000000000043,0.0,17,29.6,9,0,0,0.0,23.203225806451613,6.606451612903226,568.9,17,15.0,84.8,0.19155184097583014,20,13,13.0,2.0,22.399999999999995,11.0,7.0,5.199999999999999,5.0,0.0,0.0,0.0,23.28666666666667,10.443333333333333,218.5,12.0,5.0,198.2,0.4550045913682277,9.0,9.0,0.0,0.0,0.0,0.0,0.0,0.0,0.0,0.0,0.0,0.0,18.293548387096774,11.590322580645157,73.4,6.0,0.0,213.5,0.4901285583103765,9.0,3.0,7,8.604308956474792,0.3039912196748471,-7.333333333333334,-7.0,-40.8,-9.0,-4.0,-28.96666666666666,-6.0,0.0,0.0,0.0,-1.9064516129032256,-1.3838709677419345,230.7333333333333,5.666666666666666,6.666666666666666,-73.03333333333335,-0.1647498819836747,7.0,2.333333333333334,2.666666666666666,0.6666666666666667,6.466666666666667,4.0,1.666666666666667,0.39999999999999947,2.6666666666666665,0.0,0.0,0.0,0.722222222222225,-0.3633333333333333,-2.0,2.333333333333334,1.3333333333333335,-10.866666666666703,-0.024984036517279373,0.6666666666666661,4.333333333333333,-1.3333333333333333,0.0,-0.8999999999999986,0.0,-0.6666666666666666,-1.6666666666666667,0.0,0.0,0.0,0.0,0.013978494623657411,-1.4043010752688208,1.566666666666677,-0.33333333333333304,-1.3333333333333333,-22.26666666666665,-0.051638432390783584,2.666666666666667,2.0
2020-08,남원시,9670.040785451543,342804.7,26,25,8,63.0,31,115.9,29,0,0,0.0,27.154838709677417,7.825806451612904,657.0,15,13.0,31,24.0,163.6,12,20,0.3920440929786724,25,8,63.0,24.0,31,115.9,29,0,0,0.0,27.154838709677417,7.825806451612904,657.0,15,13.0,163.6,0.3920440929786724,12,20,6.0,0.0,3.3000000000000043,0.0,17.0,29.6,9.0,0.0,0.0,0.0,23.203225806451613,6.606451612903226,568.9,17.0,15.0,84.8,0.19155184097583014,20.0,13.0,13.0,2.0,22.399999999999995,11.0,7.0,5.199999999999999,5.0,0.0,0.0,0.0,23.28666666666667,10.443333333333333,218.5,12.0,5.0,198.2,0.4550045913682277,9.0,9.0,8,9.176787806168699,0.4164875532250747,2.0,-4.0,-12.233333333333334,2.333333333333332,2.333333333333332,20.566666666666677,3.666666666666668,0.0,0.0,0.0,0.3150537634408579,-1.006451612903227,248.93333333333334,4.333333333333334,7.666666666666667,-34.30000000000001,-0.08167165146195915,3.0,8.0,-7.333333333333334,-7.0,-40.8,-9.0,-4.0,-28.96666666666666,-6.0,0.0,0.0,0.0,-1.9064516129032256,-1.3838709677419345,230.7333333333333,5.666666666666666,6.666666666666666,-73.03333333333335,-0.1647498819836747,7.0,2.333333333333334,2.666666666666666,0.6666666666666667,6.466666666666667,4.0,1.666666666666667,0.39999999999999947,2.6666666666666665,0.0,0.0,0.0,0.722222222222225,-0.3633333333333333,-2.0,2.333333333333334,1.3333333333333335,-10.866666666666703,-0.024984036517279373,0.6666666666666661,4.333333333333333
2020-09,남원시,6527.03526161189,360998.5,27,1,0,1.3999999999999986,2,6.0,2,0,0,0.0,20.459999999999997,9.156666666666666,216.60000000000002,12,10.0,30,0.0,150.5,9,9,0.4048964218455744,1,0,1.3999999999999986,0.0,2,6.0,2,0,0,0.0,20.459999999999997,9.156666666666666,216.60000000000002,12,10.0,150.5,0.4048964218455744,9,9,25.0,8.0,63.0,24.0,31.0,115.9,29.0,0.0,0.0,0.0,27.154838709677417,7.825806451612904,657.0,15.0,13.0,163.6,0.3920440929786724,12.0,20.0,6.0,0.0,3.3000000000000043,0.0,17.0,29.6,9.0,0.0,0.0,0.0,23.203225806451613,6.606451612903226,568.9,17.0,15.0,84.8,0.19155184097583014,20.0,13.0,9,8.78370810104316,-0.18248651234395474,-1.0,0.0,-0.2000000000000004,0.0,-3.333333333333333,-2.6999999999999975,0.0,0.0,0.0,0.0,-0.6099999999999994,-0.1355555555555572,57.30000000000001,2.666666666666666,5.666666666666667,-1.299999999999983,-0.00295225813575134,-1.666666666666666,0.6666666666666661,2.0,-4.0,-12.233333333333334,2.333333333333332,2.333333333333332,20.566666666666677,3.666666666666668,0.0,0.0,0.0,0.3150537634408579,-1.006451612903227,248.93333333333334,4.333333333333334,7.666666666666667,-34.30000000000001,-0.08167165146195915,3.0,8.0,-7.333333333333334,-7.0,-40.8,-9.0,-4.0,-28.96666666666666,-6.0,0.0,0.0,0.0,-1.9064516129032256,-1.3838709677419345,230.7333333333333,5.666666666666666,6.666666666666666,-73.03333333333335,-0.1647498819836747,7.0,2.333333333333334
2020-10,남원시,2113.196439425593,416917.0,24,0,0,0.0,0,0.0,0,0,0,0.0,13.858064516129033,12.554838709677417,11.9,3,0.0,31,0.0,230.8,5,1,0.6596170334381253,0,0,0.0,0.0,0,0.0,0,0,0,0.0,13.858064516129033,12.554838709677417,11.9,3,0.0,230.8,0.6596170334381253,5,1,1.0,0.0,1.3999999999999986,0.0,2.0,6.0,2.0,0.0,0.0,0.0,20.459999999999997,9.156666666666666,216.60000000000002,12.0,10.0,150.5,0.4048964218455744,9.0,9.0,25.0,8.0,63.0,24.0,31.0,115.9,29.0,0.0,0.0,0.0,27.154838709677417,7.825806451612904,657.0,15.0,13.0,163.6,0.3920440929786724,12.0,20.0,10,7.655956980368049,-0.6176942031913262,0.0,0.0,0.0,0.0,0.0,0.0,0.0,0.0,0.0,0.0,-0.19677419354838577,0.509677419354837,-82.76666666666667,-1.333333333333333,-2.0,9.933333333333337,0.02908529054719411,-0.666666666666667,0.33333333333333337,-1.0,0.0,-0.2000000000000004,0.0,-3.333333333333333,-2.6999999999999975,0.0,0.0,0.0,0.0,-0.6099999999999994,-0.1355555555555572,57.30000000000001,2.666666666666666,5.666666666666667,-1.299999999999983,-0.00295225813575134,-1.666666666666666,0.6666666666666661,2.0,-4.0,-12.233333333333334,2.333333333333332,2.333333333333332,20.566666666666677,3.666666666666668,0.0,0.0,0.0,0.3150537634408579,-1.006451612903227,248.93333333333334,4.333333333333334,7.666666666666667,-34.30000000000001,-0.08167165146195915,3.0,8.0
2020-11,남원시,2172.2382760188757,362625.19999999995,25,0,0,0.0,0,0.0,0,10,0,11.3,8.19,11.98666666666667,33.1,5,3.0,30,0.0,174.7,9,0,0.5644588045234249,0,0,0.0,0.0,0,0.0,0,10,0,11.3,8.19,11.98666666666667,33.1,5,3.0,174.7,0.5644588045234249,9,0,0.0,0.0,0.0,0.0,0.0,0.0,0.0,0.0,0.0,0.0,13.858064516129033,12.554838709677417,11.9,3.0,0.0,230.8,0.6596170334381253,5.0,1.0,1.0,0.0,1.3999999999999986,0.0,2.0,6.0,2.0,0.0,0.0,0.0,20.459999999999997,9.156666666666666,216.60000000000002,12.0,10.0,150.5,0.4048964218455744,9.0,9.0,11,7.683513378544606,-0.09579729937714987,0.0,0.0,0.0,0.0,0.0,0.0,0.0,0.0,-0.3333333333333333,-4.166666666666668,0.13555555555555543,-1.1577777777777758,0.5333333333333314,0.666666666666667,2.0,-5.166666666666686,-0.015871662293362898,1.333333333333333,0.0,0.0,0.0,0.0,0.0,0.0,0.0,0.0,0.0,0.0,0.0,-0.19677419354838577,0.509677419354837,-82.76666666666667,-1.333333333333333,-2.0,9.933333333333337,0.02908529054719411,-0.666666666666667,0.33333333333333337,-1.0,0.0,-0.2000000000000004,0.0,-3.333333333333333,-2.6999999999999975,0.0,0.0,0.0,0.0,-0.6099999999999994,-0.1355555555555572,57.30000000000001,2.666666666666666,5.666666666666667,-1.299999999999983,-0.00295225813575134,-1.666666666666666,0.6666666666666661
2020-12,남원시,3684.581698623177,281445.0,27,0,0,0.0,0,0.0,0,30,15,154.0,-0.051612903225806465,11.383870967741935,12.1,5,3.0,31,0.0,173.1,6,0,0.5680997702658351,0,0,0.0,0.0,0,0.0,0,30,15,154.0,-0.051612903225806465,11.383870967741935,12.1,5,3.0,173.1,0.5680997702658351,6,0,0.0,0.0,0.0,0.0,0.0,0.0,0.0,10.0,0.0,11.3,8.19,11.98666666666667,33.1,5.0,3.0,174.7,0.5644588045234249,9.0,0.0,0.0,0.0,0.0,0.0,0.0,0.0,0.0,0.0,0.0,0.0,13.858064516129033,12.554838709677417,11.9,3.0,0.0,230.8,0.6596170334381253,5.0,1.0,12,8.211912283559588,0.11836734596952603,0.0,0.0,0.0,0.0,0.0,0.0,0.0,4.0,3.333333333333334,23.399999999999977,-1.0694475342973673,0.3827956989247294,-16.166666666666664,0.0,2.0,2.033333333333303,0.006793427512536421,-2.0,0.0,0.0,0.0,0.0,0.0,0.0,0.0,0.0,0.0,-0.3333333333333333,-4.166666666666668,0.13555555555555543,-1.1577777777777758,0.5333333333333314,0.666666666666667,2.0,-5.166666666666686,-0.015871662293362898,1.333333333333333,0.0,0.0,0.0,0.0,0.0,0.0,0.0,0.0,0.0,0.0,0.0,-0.19677419354838577,0.509677419354837,-82.76666666666667,-1.333333333333333,-2.0,9.933333333333337,0.02908529054719411,-0.666666666666667,0.33333333333333337
2021-01,남원시,5568.697601334765,210823.5,25,0,0,0.0,0,0.0,0,26,19,214.1,-0.8419354838709677,11.316129032258065,34.1,8,0.0,31,0.0,173.0,11,0,0.5536,0,0,0.0,0.0,0,0.0,0,26,19,214.1,-0.8419354838709677,11.316129032258065,34.1,8,0.0,173.0,0.5536,11,0,0.0,0.0,0.0,0.0,0.0,0.0,0.0,30.0,15.0,154.0,-0.051612903225806465,11.383870967741935,12.1,5.0,3.0,173.1,0.5680997702658351,6.0,0.0,0.0,0.0,0.0,0.0,0.0,0.0,0.0,10.0,0.0,11.3,8.19,11.98666666666667,33.1,5.0,3.0,174.7,0.5644588045234249,9.0,0.0,1,8.624916481762464,0.23649553082049124,0.0,0.0,0.0,0.0,0.0,0.0,0.0,-0.5,2.0,35.75,-0.44104560622914346,0.4217741935483872,-4.674999999999997,1.75,-1.75,7.625,0.024292018205351762,1.25,0.0,0.0,0.0,0.0,0.0,0.0,0.0,0.0,4.0,3.333333333333334,23.399999999999977,-1.0694475342973673,0.3827956989247294,-16.166666666666664,0.0,2.0,2.033333333333303,0.006793427512536421,-2.0,0.0,0.0,0.0,0.0,0.0,0.0,0.0,0.0,0.0,-0.3333333333333333,-4.166666666666668,0.13555555555555543,-1.1577777777777758,0.5333333333333314,0.666666666666667,2.0,-5.166666666666686,-0.015871662293362898,1.333333333333333,0.0
2021-02,남원시,3216.216178574236,267183.0,23,0,0,0.0,0,0.0,0,21,10,95.3,3.210714285714286,12.446428571428571,33.6,5,0.0,28,0.0,181.6,7,0,0.593852190974493,0,0,0.0,0.0,0,0.0,0,21,10,95.3,3.210714285714286,12.446428571428571,33.6,5,0.0,181.6,0.593852190974493,7,0,0.0,0.0,0.0,0.0,0.0,0.0,0.0,26.0,19.0,214.1,-0.8419354838709677,11.316129032258065,34.1,8.0,0.0,173.0,0.5536,11.0,0.0,0.0,0.0,0.0,0.0,0.0,0.0,0.0,30.0,15.0,154.0,-0.051612903225806465,11.383870967741935,12.1,5.0,3.0,173.1,0.5680997702658351,6.0,0.0,2,8.075960847745632,0.2436382189192834,0.0,0.0,0.0,0.0,0.0,0.0,0.0,-1.75,-1.25,-24.0,1.2321428571428572,0.3197044334975363,-6.725000000000001,0.5,-0.75,5.924999999999983,0.023552172665520232,0.75,0.0,0.0,0.0,0.0,0.0,0.0,0.0,0.0,-0.5,2.0,35.75,-0.44104560622914346,0.4217741935483872,-4.674999999999997,1.75,-1.75,7.625,0.024292018205351762,1.25,0.0,0.0,0.0,0.0,0.0,0.0,0.0,0.0,4.0,3.333333333333334,23.399999999999977,-1.0694475342973673,0.3827956989247294,-16.166666666666664,0.0,2.0,2.033333333333303,0.006793427512536421,-2.0,0.0
2018-01,완주군,3158.765730511396,160433.5,26,0,0,0.0,0,0.0,0,30,23,240.79999999999998,-2.393548387096774,10.612903225806452,17.0,6,3.0,31,0.0,178.3,8,0,0.5722079589216945,0,0,0.0,0.0,0,0.0,0,30,23,240.79999999999998,-2.393548387096774,10.612903225806452,17.0,6,3.0,178.3,0.5722079589216945,8,0,,,,,,,,,,,,,,,,,,,,,,,,,,,,,,,,,,,,,,,1,8.057936638669869,-0.026457597774012243,0.0,0.0,0.0,0.0,0.0,0.0,0.0,2.5,4.25,50.07499999999999,-2.3782258064516126,-1.0290322580645164,-19.525,0.75,1.5,10.125,0.03236140425166234,0.25,0.0,,,,,,,,,,,,,,,,,,,,,,,,,,,,,,,,,,,,,,
2018-02,완주군,2494.829315097695,166999.0,22,0,0,0.0,0,0.0,0,27,21,222.4,-0.8910714285714286,13.996428571428572,25.0,3,0.0,28,0.0,197.3,2,0,0.6470974089865531,0,0,0.0,0.0,0,0.0,0,27,21,222.4,-0.8910714285714286,13.996428571428572,25.0,3,0.0,197.3,0.6470974089865531,2,0,0.0,0.0,0.0,0.0,0.0,0.0,0.0,30.0,23.0,240.79999999999998,-2.393548387096774,10.612903225806452,17.0,6.0,3.0,178.3,0.5722079589216945,8.0,0.0,,,,,,,,,,,,,,,,,,,,2,7.821975595063008,0.3002994069154168,0.0,0.0,0.0,0.0,0.0,0.0,0.0,3.75,6.75,81.54999999999998,-2.8786176108374386,0.7855603448275872,-18.450000000000003,-1.5,-0.75,12.425000000000011,0.04614738315525391,-2.75,0.0,0.0,0.0,0.0,0.0,0.0,0.0,0.0,2.5,4.25,50.07499999999999,-2.3782258064516126,-1.0290322580645164,-19.525,0.75,1.5,10.125,0.03236140425166234,0.25,0.0,,,,,,,,,,,,,,,,,,,
2018-03,완주군,2015.086531014897,200710.0,27,0,0,0.0,0,0.0,0,14,1,26.3,8.180645161290322,14.2,96.5,9,0.0,31,0.0,209.4,8,0,0.5642683912691997,0,0,0.0,0.0,0,0.0,0,14,1,26.3,8.180645161290322,14.2,96.5,9,0.0,209.4,0.5642683912691997,8,0,0.0,0.0,0.0,0.0,0.0,0.0,0.0,27.0,21.0,222.4,-0.8910714285714286,13.996428571428572,25.0,3.0,0.0,197.3,0.6470974089865531,2.0,0.0,0.0,0.0,0.0,0.0,0.0,0.0,0.0,30.0,23.0,240.79999999999998,-2.393548387096774,10.612903225806452,17.0,6.0,3.0,178.3,0.5722079589216945,8.0,0.0,3,7.608417416890451,0.049888535763764175,0.0,0.0,0.0,0.0,0.0,0.0,0.0,-3.0,-0.6666666666666667,-14.099999999999998,0.8064516129032251,-0.6537634408602155,46.666666666666664,2.333333333333333,-1.0,-11.333333333333343,-0.030274105527238526,1.666666666666667,0.0,0.0,0.0,0.0,0.0,0.0,0.0,0.0,2.666666666666668,6.0,70.0,-2.338752052545156,1.0033661740558308,-27.766666666666673,-1.333333333333333,-1.0,13.366666666666703,0.050832892238136806,-2.666666666666667,0.0,0.0,0.0,0.0,0.0,0.0,0.0,0.0,1.6666666666666679,4.333333333333332,55.46666666666664,-2.389247311827957,-0.8516129032258046,-22.266666666666666,1.333333333333333,1.0,12.133333333333354,0.038702789033344454,0.0,0.0
2018-04,완주군,2119.733097059459,194386.0,25,0,0,0.0,0,0.0,0,2,0,2.4,13.048333333333334,14.596666666666666,129.0,9,7.0,30,0.0,219.79999999999998,8,1,0.5592875318066157,0,0,0.0,0.0,0,0.0,0,2,0,2.4,13.048333333333334,14.596666666666666,129.0,9,7.0,219.79999999999998,0.5592875318066157,8,1,0.0,0.0,0.0,0.0,0.0,0.0,0.0,14.0,1.0,26.3,8.180645161290322,14.2,96.5,9.0,0.0,209.4,0.5642683912691997,8.0,0.0,0.0,0.0,0.0,0.0,0.0,0.0,0.0,27.0,21.0,222.4,-0.8910714285714286,13.996428571428572,25.0,3.0,0.0,197.3,0.6470974089865531,2.0,0.0,4,7.659045462126826,0.11659016896852314,0.0,0.0,0.0,0.0,0.0,0.0,0.0,-4.666666666666667,-0.3333333333333333,-8.433333333333334,1.5966666666666658,-0.28222222222222193,35.0,2.333333333333333,2.333333333333333,-10.433333333333366,-0.02604306036048587,1.666666666666667,0.6666666666666667,0.0,0.0,0.0,0.0,0.0,0.0,0.0,-3.0,-0.6666666666666667,-14.099999999999998,0.8064516129032251,-0.6537634408602155,46.666666666666664,2.333333333333333,-1.0,-11.333333333333343,-0.030274105527238526,1.666666666666667,0.0,0.0,0.0,0.0,0.0,0.0,0.0,0.0,2.666666666666668,6.0,70.0,-2.338752052545156,1.0033661740558308,-27.766666666666673,-1.333333333333333,-1.0,13.366666666666703,0.050832892238136806,-2.666666666666667,0.0
2018-05,완주군,1763.62196910474,187990.0,27,3,0,0.5,2,3.5,1,0,0,0.0,18.401612903225807,13.306451612903224,146.0,10,0.0,31,0.0,204.9,7,4,0.469954128440367,3,0,0.5,0.0,2,3.5,1,0,0,0.0,18.401612903225807,13.306451612903224,146.0,10,0.0,204.9,0.469954128440367,7,4,0.0,0.0,0.0,0.0,0.0,0.0,0.0,2.0,0.0,2.4,13.048333333333334,14.596666666666666,129.0,9.0,7.0,219.79999999999998,0.5592875318066157,8.0,1.0,0.0,0.0,0.0,0.0,0.0,0.0,0.0,14.0,1.0,26.3,8.180645161290322,14.2,96.5,9.0,0.0,209.4,0.5642683912691997,8.0,0.0,5,7.475124910371913,-0.03755438042942405,0.6666666666666665,0.0,-1.9666666666666672,-1.0,1.3333333333333335,2.333333333333333,0.6666666666666667,0.0,0.0,0.0,0.336021505376344,-0.990322580645163,33.233333333333334,1.666666666666666,-2.3333333333333335,-32.23333333333332,-0.07391988079648493,0.33333333333333304,2.333333333333333,0.0,0.0,0.0,0.0,0.0,0.0,0.0,-4.666666666666667,-0.3333333333333333,-8.433333333333334,1.5966666666666658,-0.28222222222222193,35.0,2.333333333333333,2.333333333333333,-10.433333333333366,-0.02604306036048587,1.666666666666667,0.6666666666666667,0.0,0.0,0.0,0.0,0.0,0.0,0.0,-3.0,-0.6666666666666667,-14.099999999999998,0.8064516129032251,-0.6537634408602155,46.666666666666664,2.333333333333333,-1.0,-11.333333333333343,-0.030274105527238526,1.666666666666667,0.0
2018-06,완주군,1353.8587516352395,161750.0,26,14,1,21.799999999999997,3,5.0000000000000036,4,0,0,0.0,23.14,13.046666666666669,214.0,7,4.0,30,7.0,206.4,5,14,0.4725274725274725,14,1,21.799999999999997,7.0,3,5.0000000000000036,4,0,0,0.0,23.14,13.046666666666669,214.0,7,4.0,206.4,0.4725274725274725,5,14,3.0,0.0,0.5,0.0,2.0,3.5,1.0,0.0,0.0,0.0,18.401612903225807,13.306451612903224,146.0,10.0,0.0,204.9,0.469954128440367,7.0,4.0,0.0,0.0,0.0,0.0,0.0,0.0,0.0,2.0,0.0,2.4,13.048333333333334,14.596666666666666,129.0,9.0,7.0,219.79999999999998,0.5592875318066157,8.0,1.0,6,7.210714128706534,-0.2672664145074144,4.0,-0.33333333333333326,6.333333333333329,0.33333333333333304,0.0,2.433333333333336,1.0,0.0,0.0,0.0,0.44833333333333414,1.1366666666666667,20.56666666666669,-1.666666666666666,1.0,9.900000000000006,0.022659945480619892,-2.666666666666667,2.333333333333334,0.6666666666666665,0.0,-1.9666666666666672,-1.0,1.3333333333333335,2.333333333333333,0.6666666666666667,0.0,0.0,0.0,0.336021505376344,-0.990322580645163,33.233333333333334,1.666666666666666,-2.3333333333333335,-32.23333333333332,-0.07391988079648493,0.33333333333333304,2.333333333333333,0.0,0.0,0.0,0.0,0.0,0.0,0.0,-4.666666666666667,-0.3333333333333333,-8.433333333333334,1.5966666666666658,-0.28222222222222193,35.0,2.333333333333333,2.333333333333333,-10.433333333333366,-0.02604306036048587,1.666666666666667,0.6666666666666667
2018-07,완주군,2967.60331449974,144175.0,26,26,21,112.9,27,69.3,25,0,0,0.0,27.620967741935484,11.01612903225806,287.5,6,0.0,31,25.0,256.6,5,19,0.5775376997524195,26,21,112.9,25.0,27,69.3,25,0,0,0.0,27.620967741935484,11.01612903225806,287.5,6,0.0,256.6,0.5775376997524195,5,19,14.0,1.0,21.799999999999997,7.0,3.0,5.0000000000000036,4.0,0.0,0.0,0.0,23.14,13.046666666666669,214.0,7.0,4.0,206.4,0.4725274725274725,5.0,14.0,3.0,0.0,0.5,0.0,2.0,3.5,1.0,0.0,0.0,0.0,18.401612903225807,13.306451612903224,146.0,10.0,0.0,204.9,0.469954128440367,7.0,4.0,7,7.995509941210468,0.0723943275424519,11.333333333333334,14.0,66.63333333333333,13.333333333333334,7.333333333333332,23.83333333333333,8.333333333333332,0.0,0.0,0.0,2.1999999999999993,1.9440860215053721,-84.69999999999999,-5.666666666666666,-5.666666666666667,93.80000000000004,0.21107347707432417,-7.333333333333334,1.3333333333333321,4.0,-0.33333333333333326,6.333333333333329,0.33333333333333304,0.0,2.433333333333336,1.0,0.0,0.0,0.0,0.44833333333333414,1.1366666666666667,20.56666666666669,-1.666666666666666,1.0,9.900000000000006,0.022659945480619892,-2.666666666666667,2.333333333333334,0.6666666666666665,0.0,-1.9666666666666672,-1.0,1.3333333333333335,2.333333333333333,0.6666666666666667,0.0,0.0,0.0,0.336021505376344,-0.990322580645163,33.233333333333334,1.666666666666666,-2.3333333333333335,-32.23333333333332,-0.07391988079648493,0.33333333333333304,2.333333333333333
2018-08,완주군,4538.198994134565,141507.0,27,25,22,141.0,28,85.0,25,0,0,0.0,28.238709677419354,11.354838709677422,432.5,10,6.0,31,23.0,225.2,8,16,0.5382409177820268,25,22,141.0,23.0,28,85.0,25,0,0,0.0,28.238709677419354,11.354838709677422,432.5,10,6.0,225.2,0.5382409177820268,8,16,26.0,21.0,112.9,25.0,27.0,69.3,25.0,0.0,0.0,0.0,27.620967741935484,11.01612903225806,287.5,6.0,0.0,256.6,0.5775376997524195,5.0,19.0,14.0,1.0,21.799999999999997,7.0,3.0,5.0000000000000036,4.0,0.0,0.0,0.0,23.14,13.046666666666669,214.0,7.0,4.0,206.4,0.4725274725274725,5.0,14.0,8,8.420285515003005,-0.05587063163120476,0.6666666666666679,9.333333333333334,54.39999999999999,0.33333333333333215,0.6666666666666679,6.1000000000000085,0.0,0.0,0.0,0.0,0.9682795698924735,1.5215053763440878,74.5666666666666,-0.6666666666666661,1.666666666666667,23.53333333333333,0.05619204190442123,-0.6666666666666661,-2.666666666666668,11.333333333333334,14.0,66.63333333333333,13.333333333333334,7.333333333333332,23.83333333333333,8.333333333333332,0.0,0.0,0.0,2.1999999999999993,1.9440860215053721,-84.69999999999999,-5.666666666666666,-5.666666666666667,93.80000000000004,0.21107347707432417,-7.333333333333334,1.3333333333333321,4.0,-0.33333333333333326,6.333333333333329,0.33333333333333304,0.0,2.433333333333336,1.0,0.0,0.0,0.0,0.44833333333333414,1.1366666666666667,20.56666666666669,-1.666666666666666,1.0,9.900000000000006,0.022659945480619892,-2.666666666666667,2.333333333333334
2018-09,완주군,9027.736805925519,118180.4,22,2,0,3.1999999999999993,3,4.100000000000001,2,0,0,0.0,21.47666666666667,11.679999999999998,115.0,5,0.0,30,0.0,180.29999999999998,12,10,0.4838969404186795,2,0,3.1999999999999993,0.0,3,4.100000000000001,2,0,0,0.0,21.47666666666667,11.679999999999998,115.0,5,0.0,180.29999999999998,0.4838969404186795,12,10,25.0,22.0,141.0,23.0,28.0,85.0,25.0,0.0,0.0,0.0,28.238709677419354,11.354838709677422,432.5,10.0,6.0,225.2,0.5382409177820268,8.0,16.0,26.0,21.0,112.9,25.0,27.0,69.3,25.0,0.0,0.0,0.0,27.620967741935484,11.01612903225806,287.5,6.0,0.0,256.6,0.5775376997524195,5.0,19.0,9,9.108056984424907,0.40223402282629905,0.33333333333333326,0.0,1.1333333333333329,0.0,-2.0,-2.9333333333333327,-0.6666666666666665,0.0,0.0,0.0,-0.13999999999999346,1.2288888888888874,-64.93333333333331,-3.666666666666666,-2.3333333333333335,13.833333333333314,0.03706366815791018,0.6666666666666661,-2.333333333333334,0.6666666666666679,9.333333333333334,54.39999999999999,0.33333333333333215,0.6666666666666679,6.1000000000000085,0.0,0.0,0.0,0.0,0.9682795698924735,1.5215053763440878,74.5666666666666,-0.6666666666666661,1.666666666666667,23.53333333333333,0.05619204190442123,-0.6666666666666661,-2.666666666666668,11.333333333333334,14.0,66.63333333333333,13.333333333333334,7.333333333333332,23.83333333333333,8.333333333333332,0.0,0.0,0.0,2.1999999999999993,1.9440860215053721,-84.69999999999999,-5.666666666666666,-5.666666666666667,93.80000000000004,0.21107347707432417,-7.333333333333334,1.3333333333333321
2018-10,완주군,2245.2251956316068,182859.0,27,0,0,0.0,0,0.0,0,0,0,0.0,13.53709677419355,13.138709677419357,117.5,7,0.0,31,0.0,221.0,6,0,0.6310679611650486,0,0,0.0,0.0,0,0.0,0,0,0,0.0,13.53709677419355,13.138709677419357,117.5,7,0.0,221.0,0.6310679611650486,6,0,2.0,0.0,3.1999999999999993,0.0,3.0,4.100000000000001,2.0,0.0,0.0,0.0,21.47666666666667,11.679999999999998,115.0,5.0,0.0,180.29999999999998,0.4838969404186795,12.0,10.0,25.0,22.0,141.0,23.0,28.0,85.0,25.0,0.0,0.0,0.0,28.238709677419354,11.354838709677422,432.5,10.0,6.0,225.2,0.5382409177820268,8.0,16.0,10,7.716561105003834,-0.13959177306679482,0.0,0.0,0.0,0.0,0.0,0.0,0.0,0.0,0.0,0.0,-1.0494623655913973,0.13333333333333464,51.43333333333334,3.0,0.0,4.2666666666666515,0.011682286606754855,0.33333333333333304,-1.3333333333333333,0.33333333333333326,0.0,1.1333333333333329,0.0,-2.0,-2.9333333333333327,-0.6666666666666665,0.0,0.0,0.0,-0.13999999999999346,1.2288888888888874,-64.93333333333331,-3.666666666666666,-2.3333333333333335,13.833333333333314,0.03706366815791018,0.6666666666666661,-2.333333333333334,0.6666666666666679,9.333333333333334,54.39999999999999,0.33333333333333215,0.6666666666666679,6.1000000000000085,0.0,0.0,0.0,0.0,0.9682795698924735,1.5215053763440878,74.5666666666666,-0.6666666666666661,1.666666666666667,23.53333333333333,0.05619204190442123,-0.6666666666666661,-2.666666666666668
2018-11,완주군,1337.3760331632243,124626.0,26,0,0,0.0,0,0.0,0,10,0,12.600000000000001,8.455,13.690000000000001,42.0,3,0.0,30,0.0,187.4,7,0,0.6064724919093851,0,0,0.0,0.0,0,0.0,0,10,0,12.600000000000001,8.455,13.690000000000001,42.0,3,0.0,187.4,0.6064724919093851,7,0,0.0,0.0,0.0,0.0,0.0,0.0,0.0,0.0,0.0,0.0,13.53709677419355,13.138709677419357,117.5,7.0,0.0,221.0,0.6310679611650486,6.0,0.0,2.0,0.0,3.1999999999999993,0.0,3.0,4.100000000000001,2.0,0.0,0.0,0.0,21.47666666666667,11.679999999999998,115.0,5.0,0.0,180.29999999999998,0.4838969404186795,12.0,10.0,11,7.198464788989157,-0.18414092125757442,0.0,0.0,0.0,0.0,0.0,0.0,0.0,-0.6666666666666661,0.0,-4.233333333333331,-0.42666666666666586,0.13111111111111384,-13.766666666666673,-1.666666666666667,-1.0,3.5333333333333314,0.011436300463405269,-0.33333333333333304,0.0,0.0,0.0,0.0,0.0,0.0,0.0,0.0,0.0,0.0,0.0,-1.0494623655913973,0.13333333333333464,51.43333333333334,3.0,0.0,4.2666666666666515,0.011682286606754855,0.33333333333333304,-1.3333333333333333,0.33333333333333326,0.0,1.1333333333333329,0.0,-2.0,-2.9333333333333327,-0.6666666666666665,0.0,0.0,0.0,-0.13999999999999346,1.2288888888888874,-64.93333333333331,-3.666666666666666,-2.3333333333333335,13.833333333333314,0.03706366815791018,0.6666666666666661,-2.333333333333334
2018-12,완주군,1538.134977110021,125994.0,26,0,0,0.0,0,0.0,0,27,15,154.00000000000003,1.2838709677419353,11.69032258064516,34.5,4,0.0,31,0.0,175.0,8,0,0.5769864820309923,0,0,0.0,0.0,0,0.0,0,27,15,154.00000000000003,1.2838709677419353,11.69032258064516,34.5,4,0.0,175.0,0.5769864820309923,8,0,0.0,0.0,0.0,0.0,0.0,0.0,0.0,10.0,0.0,12.600000000000001,8.455,13.690000000000001,42.0,3.0,0.0,187.4,0.6064724919093851,7.0,0.0,0.0,0.0,0.0,0.0,0.0,0.0,0.0,0.0,0.0,0.0,13.53709677419355,13.138709677419357,117.5,7.0,0.0,221.0,0.6310679611650486,6.0,0.0,12,7.338325907664728,-0.3190464644410085,0.0,0.0,0.0,0.0,0.0,0.0,0.0,0.6666666666666679,3.666666666666666,24.866666666666674,-0.7026881720430109,-0.0010752688172068758,11.366666666666664,0.3333333333333335,0.0,1.200000000000017,0.003960278309727894,0.0,0.0,0.0,0.0,0.0,0.0,0.0,0.0,0.0,-0.6666666666666661,0.0,-4.233333333333331,-0.42666666666666586,0.13111111111111384,-13.766666666666673,-1.666666666666667,-1.0,3.5333333333333314,0.011436300463405269,-0.33333333333333304,0.0,0.0,0.0,0.0,0.0,0.0,0.0,0.0,0.0,0.0,0.0,-1.0494623655913973,0.13333333333333464,51.43333333333334,3.0,0.0,4.2666666666666515,0.011682286606754855,0.33333333333333304,-1.3333333333333333
2019-01,완주군,1801.9389543551936,173207.0,26,0,0,0.0,0,0.0,0,30,27,225.3,-0.7516129032258064,13.012903225806452,6.0,2,0.0,31,0.0,198.0,4,0,0.6356340288924559,0,0,0.0,0.0,0,0.0,0,30,27,225.3,-0.7516129032258064,13.012903225806452,6.0,2,0.0,198.0,0.6356340288924559,4,0,0.0,0.0,0.0,0.0,0.0,0.0,0.0,27.0,15.0,154.00000000000003,1.2838709677419353,11.69032258064516,34.5,4.0,0.0,175.0,0.5769864820309923,8.0,0.0,0.0,0.0,0.0,0.0,0.0,0.0,0.0,10.0,0.0,12.600000000000001,8.455,13.690000000000001,42.0,3.0,0.0,187.4,0.6064724919093851,7.0,0.0,1,7.496618560988018,-0.5877756754558634,0.0,0.0,0.0,0.0,0.0,0.0,0.0,2.5,8.25,34.57500000000002,-0.7362903225806451,1.370967741935484,-30.525,-3.25,-1.5,29.82499999999999,0.09578747422242373,-3.75,0.0,0.0,0.0,0.0,0.0,0.0,0.0,0.0,0.6666666666666679,3.666666666666666,24.866666666666674,-0.7026881720430109,-0.0010752688172068758,11.366666666666664,0.3333333333333335,0.0,1.200000000000017,0.003960278309727894,0.0,0.0,0.0,0.0,0.0,0.0,0.0,0.0,0.0,-0.6666666666666661,0.0,-4.233333333333331,-0.42666666666666586,0.13111111111111384,-13.766666666666673,-1.666666666666667,-1.0,3.5333333333333314,0.011436300463405269,-0.33333333333333304,0.0
2019-02,완주군,1358.9961446674356,145596.0,23,0,0,0.0,0,0.0,0,26,14,135.4,1.6892857142857145,12.700000000000001,52.0,2,0.0,28,0.0,169.2,5,0,0.5551181102362204,0,0,0.0,0.0,0,0.0,0,26,14,135.4,1.6892857142857145,12.700000000000001,52.0,2,0.0,169.2,0.5551181102362204,5,0,0.0,0.0,0.0,0.0,0.0,0.0,0.0,30.0,27.0,225.3,-0.7516129032258064,13.012903225806452,6.0,2.0,0.0,198.0,0.6356340288924559,4.0,0.0,0.0,0.0,0.0,0.0,0.0,0.0,0.0,27.0,15.0,154.00000000000003,1.2838709677419353,11.69032258064516,34.5,4.0,0.0,175.0,0.5769864820309923,8.0,0.0,2,7.214501577257815,-0.30717461088977593,0.0,0.0,0.0,0.0,0.0,0.0,0.0,2.75,-0.25,-5.450000000000017,-0.2982604679802954,-0.5108682266009836,8.549999999999997,-2.5,-0.75,-15.675000000000011,-0.04583191559507882,0.25,0.0,0.0,0.0,0.0,0.0,0.0,0.0,0.0,2.5,8.25,34.57500000000002,-0.7362903225806451,1.370967741935484,-30.525,-3.25,-1.5,29.82499999999999,0.09578747422242373,-3.75,0.0,0.0,0.0,0.0,0.0,0.0,0.0,0.0,0.6666666666666679,3.666666666666666,24.866666666666674,-0.7026881720430109,-0.0010752688172068758,11.366666666666664,0.3333333333333335,0.0,1.200000000000017,0.003960278309727894,0.0,0.0
2019-03,완주군,1912.722055676195,168546.0,26,0,0,0.0,0,0.0,0,19,2,57.8,6.551612903225807,15.109677419354838,25.0,7,3.0,31,0.0,206.8,5,0,0.5577130528586839,0,0,0.0,0.0,0,0.0,0,19,2,57.8,6.551612903225807,15.109677419354838,25.0,7,3.0,206.8,0.5577130528586839,5,0,0.0,0.0,0.0,0.0,0.0,0.0,0.0,26.0,14.0,135.4,1.6892857142857145,12.700000000000001,52.0,2.0,0.0,169.2,0.5551181102362204,5.0,0.0,0.0,0.0,0.0,0.0,0.0,0.0,0.0,30.0,27.0,225.3,-0.7516129032258064,13.012903225806452,6.0,2.0,0.0,198.0,0.6356340288924559,4.0,0.0,3,7.55628266650384,-0.0022462146228470203,0.0,0.0,0.0,0.0,0.0,0.0,0.0,2.0,0.33333333333333326,17.4,-0.82258064516129,0.2559139784946236,-24.833333333333336,0.33333333333333304,2.0,-13.933333333333337,-0.036829443937754336,-1.333333333333333,0.0,0.0,0.0,0.0,0.0,0.0,0.0,0.0,1.6666666666666679,-1.0,-17.0,0.24160509031198685,-0.29306239737274,-0.7666666666666728,-2.333333333333333,-1.0,-14.73333333333332,-0.04114640651219592,0.33333333333333304,0.0,0.0,0.0,0.0,0.0,0.0,0.0,0.0,1.6666666666666679,8.333333333333332,39.96666666666667,-0.7473118279569891,1.5483870967741957,-33.266666666666666,-2.666666666666667,-2.0,31.833333333333343,0.10212885900410584,-4.0,0.0
2019-04,완주군,2092.3252680985483,175387.0,26,0,0,0.0,0,0.0,0,8,1,18.0,11.398333333333333,13.983333333333333,130.0,8,4.0,30,0.0,189.3,8,0,0.4818019852379741,0,0,0.0,0.0,0,0.0,0,8,1,18.0,11.398333333333333,13.983333333333333,130.0,8,4.0,189.3,0.4818019852379741,8,0,0.0,0.0,0.0,0.0,0.0,0.0,0.0,19.0,2.0,57.8,6.551612903225807,15.109677419354838,25.0,7.0,3.0,206.8,0.5577130528586839,5.0,0.0,0.0,0.0,0.0,0.0,0.0,0.0,0.0,26.0,14.0,135.4,1.6892857142857145,12.700000000000001,52.0,2.0,0.0,169.2,0.5551181102362204,5.0,0.0,4,7.646031294981429,0.10357600182312687,0.0,0.0,0.0,0.0,0.0,0.0,0.0,1.333333333333333,0.6666666666666667,7.166666666666666,-0.053333333333334565,-0.8955555555555552,36.0,1.333333333333333,-0.666666666666667,-40.93333333333334,-0.10352860692912752,1.666666666666667,-0.3333333333333333,0.0,0.0,0.0,0.0,0.0,0.0,0.0,2.0,0.33333333333333326,17.4,-0.82258064516129,0.2559139784946236,-24.833333333333336,0.33333333333333304,2.0,-13.933333333333337,-0.036829443937754336,-1.333333333333333,0.0,0.0,0.0,0.0,0.0,0.0,0.0,0.0,1.6666666666666679,-1.0,-17.0,0.24160509031198685,-0.29306239737274,-0.7666666666666728,-2.333333333333333,-1.0,-14.73333333333332,-0.04114640651219592,0.33333333333333304,0.0
2019-05,완주군,2390.2301537178423,159467.5,27,4,0,6.900000000000002,0,0.0,0,0,0,0.0,17.9,17.032258064516128,91.8,5,4.0,31,3.0,292.6,3,1,0.6714089031665902,4,0,6.900000000000002,3.0,0,0.0,0,0,0,0.0,17.9,17.032258064516128,91.8,5,4.0,292.6,0.6714089031665902,3,1,0.0,0.0,0.0,0.0,0.0,0.0,0.0,8.0,1.0,18.0,11.398333333333333,13.983333333333333,130.0,8.0,4.0,189.3,0.4818019852379741,8.0,0.0,0.0,0.0,0.0,0.0,0.0,0.0,0.0,19.0,2.0,57.8,6.551612903225807,15.109677419354838,25.0,7.0,3.0,206.8,0.5577130528586839,5.0,0.0,5,7.779144938915853,0.266465648114516,1.6666666666666665,0.0,4.433333333333335,2.0,-0.6666666666666666,-1.1666666666666667,-0.3333333333333333,0.0,0.0,0.0,-0.16559139784946453,2.735483870967741,-20.96666666666667,-3.333333333333334,1.6666666666666665,55.4666666666667,0.12753489392973827,-3.666666666666667,-0.6666666666666667,0.0,0.0,0.0,0.0,0.0,0.0,0.0,1.333333333333333,0.6666666666666667,7.166666666666666,-0.053333333333334565,-0.8955555555555552,36.0,1.333333333333333,-0.666666666666667,-40.93333333333334,-0.10352860692912752,1.666666666666667,-0.3333333333333333,0.0,0.0,0.0,0.0,0.0,0.0,0.0,2.0,0.33333333333333326,17.4,-0.82258064516129,0.2559139784946236,-24.833333333333336,0.33333333333333304,2.0,-13.933333333333337,-0.036829443937754336,-1.333333333333333,0.0
2019-06,완주군,1709.3712176431688,157262.0,25,5,0,5.800000000000001,3,1.1999999999999993,0,0,0,0.0,21.836666666666666,11.846666666666668,86.0,8,0.0,30,3.0,205.5,9,17,0.47057476528509273,5,0,5.800000000000001,3.0,3,1.1999999999999993,0,0,0,0.0,21.836666666666666,11.846666666666668,86.0,8,0.0,205.5,0.47057476528509273,9,17,4.0,0.0,6.900000000000002,3.0,0.0,0.0,0.0,0.0,0.0,0.0,17.9,17.032258064516128,91.8,5.0,4.0,292.6,0.6714089031665902,3.0,1.0,0.0,0.0,0.0,0.0,0.0,0.0,0.0,8.0,1.0,18.0,11.398333333333333,13.983333333333333,130.0,8.0,4.0,189.3,0.4818019852379741,8.0,0.0,6,7.443880872894578,-0.03409967031937011,-5.0,-1.3333333333333333,-9.666666666666668,-3.666666666666667,0.0,-1.3666666666666685,-3.0,0.0,0.0,0.0,-0.8550000000000004,-0.06333333333333435,-107.43333333333331,-0.6666666666666661,-3.0,9.0,0.02070723823824011,1.333333333333333,5.333333333333334,1.6666666666666665,0.0,4.433333333333335,2.0,-0.6666666666666666,-1.1666666666666667,-0.3333333333333333,0.0,0.0,0.0,-0.16559139784946453,2.735483870967741,-20.96666666666667,-3.333333333333334,1.6666666666666665,55.4666666666667,0.12753489392973827,-3.666666666666667,-0.6666666666666667,0.0,0.0,0.0,0.0,0.0,0.0,0.0,1.333333333333333,0.6666666666666667,7.166666666666666,-0.053333333333334565,-0.8955555555555552,36.0,1.333333333333333,-0.666666666666667,-40.93333333333334,-0.10352860692912752,1.666666666666667,-0.3333333333333333
2019-07,완주군,2233.5420067139607,170987.0,27,14,0,21.7,16,47.2,17,0,0,0.0,25.106451612903225,8.825806451612905,174.0,9,4.0,31,10.0,148.7,12,23,0.3346084608460846,14,0,21.7,10.0,16,47.2,17,0,0,0.0,25.106451612903225,8.825806451612905,174.0,9,4.0,148.7,0.3346084608460846,12,23,5.0,0.0,5.800000000000001,3.0,3.0,1.1999999999999993,0.0,0.0,0.0,0.0,21.836666666666666,11.846666666666668,86.0,8.0,0.0,205.5,0.47057476528509273,9.0,17.0,4.0,0.0,6.900000000000002,3.0,0.0,0.0,0.0,0.0,0.0,0.0,17.9,17.032258064516128,91.8,5.0,4.0,292.6,0.6714089031665902,3.0,1.0,7,7.711343948188163,-0.21177166547985316,-0.6666666666666661,-7.0,-24.566666666666674,-1.666666666666666,-3.666666666666668,1.7333333333333343,0.33333333333333215,0.0,0.0,0.0,-0.3145161290322598,-0.24623655913978304,-198.2,-2.666666666666666,-1.666666666666667,-14.099999999999994,-0.031855761832010776,-0.3333333333333339,5.333333333333332,-5.0,-1.3333333333333333,-9.666666666666668,-3.666666666666667,0.0,-1.3666666666666685,-3.0,0.0,0.0,0.0,-0.8550000000000004,-0.06333333333333435,-107.43333333333331,-0.6666666666666661,-3.0,9.0,0.02070723823824011,1.333333333333333,5.333333333333334,1.6666666666666665,0.0,4.433333333333335,2.0,-0.6666666666666666,-1.1666666666666667,-0.3333333333333333,0.0,0.0,0.0,-0.16559139784946453,2.735483870967741,-20.96666666666667,-3.333333333333334,1.6666666666666665,55.4666666666667,0.12753489392973827,-3.666666666666667,-0.6666666666666667
2019-08,완주군,3440.2066171686583,191570.0,27,21,10,57.40000000000001,23,58.2,21,0,0,0.0,26.269354838709678,9.570967741935483,136.4,8,0.0,31,20.0,206.1,6,28,0.49235547061634016,21,10,57.40000000000001,20.0,23,58.2,21,0,0,0.0,26.269354838709678,9.570967741935483,136.4,8,0.0,206.1,0.49235547061634016,6,28,14.0,0.0,21.7,10.0,16.0,47.2,17.0,0.0,0.0,0.0,25.106451612903225,8.825806451612905,174.0,9.0,4.0,148.7,0.3346084608460846,12.0,23.0,5.0,0.0,5.800000000000001,3.0,3.0,1.1999999999999993,0.0,0.0,0.0,0.0,21.836666666666666,11.846666666666668,86.0,8.0,0.0,205.5,0.47057476528509273,9.0,17.0,8,8.14328681169415,-0.3328693349400602,-3.333333333333332,-2.666666666666666,-29.199999999999996,-2.666666666666668,-4.333333333333332,-20.69999999999999,-4.0,0.0,0.0,0.0,-1.0010752688172033,-0.26236559139785065,-221.5333333333334,-2.666666666666666,-4.333333333333333,4.433333333333337,0.010306594738734631,-2.666666666666666,9.333333333333332,-0.6666666666666661,-7.0,-24.566666666666674,-1.666666666666666,-3.666666666666668,1.7333333333333343,0.33333333333333215,0.0,0.0,0.0,-0.3145161290322598,-0.24623655913978304,-198.2,-2.666666666666666,-1.666666666666667,-14.099999999999994,-0.031855761832010776,-0.3333333333333339,5.333333333333332,-5.0,-1.3333333333333333,-9.666666666666668,-3.666666666666667,0.0,-1.3666666666666685,-3.0,0.0,0.0,0.0,-0.8550000000000004,-0.06333333333333435,-107.43333333333331,-0.6666666666666661,-3.0,9.0,0.02070723823824011,1.333333333333333,5.333333333333334
2019-09,완주군,5450.208140857946,159707.0,23,2,0,1.5,9,10.600000000000001,4,0,0,0.0,22.105,9.816666666666666,216.4,10,3.0,30,0.0,148.4,14,21,0.39785522788203753,2,0,1.5,0.0,9,10.600000000000001,4,0,0,0.0,22.105,9.816666666666666,216.4,10,3.0,148.4,0.39785522788203753,14,21,21.0,10.0,57.40000000000001,20.0,23.0,58.2,21.0,0.0,0.0,0.0,26.269354838709678,9.570967741935483,136.4,8.0,0.0,206.1,0.49235547061634016,6.0,28.0,14.0,0.0,21.7,10.0,16.0,47.2,17.0,0.0,0.0,0.0,25.106451612903225,8.825806451612905,174.0,9.0,4.0,148.7,0.3346084608460846,12.0,23.0,9,8.603409077911142,-0.10241388368746662,0.33333333333333326,0.0,-0.5666666666666664,0.0,4.0,3.5666666666666673,1.3333333333333335,0.0,0.0,0.0,0.48833333333333684,-0.6344444444444441,36.4666666666667,1.333333333333334,0.6666666666666665,-18.066666666666663,-0.048978044378731767,2.666666666666666,8.666666666666666,-3.333333333333332,-2.666666666666666,-29.199999999999996,-2.666666666666668,-4.333333333333332,-20.69999999999999,-4.0,0.0,0.0,0.0,-1.0010752688172033,-0.26236559139785065,-221.5333333333334,-2.666666666666666,-4.333333333333333,4.433333333333337,0.010306594738734631,-2.666666666666666,9.333333333333332,-0.6666666666666661,-7.0,-24.566666666666674,-1.666666666666666,-3.666666666666668,1.7333333333333343,0.33333333333333215,0.0,0.0,0.0,-0.3145161290322598,-0.24623655913978304,-198.2,-2.666666666666666,-1.666666666666667,-14.099999999999994,-0.031855761832010776,-0.3333333333333339,5.333333333333332
2019-10,완주군,5604.808004643209,180694.0,27,0,0,0.0,0,0.0,0,0,0,0.0,16.156451612903226,11.906451612903224,76.2,3,0.0,31,0.0,202.4,6,3,0.5777904653154439,0,0,0.0,0.0,0,0.0,0,0,0,0.0,16.156451612903226,11.906451612903224,76.2,3,0.0,202.4,0.5777904653154439,6,3,2.0,0.0,1.5,0.0,9.0,10.600000000000001,4.0,0.0,0.0,0.0,22.105,9.816666666666666,216.4,10.0,3.0,148.4,0.39785522788203753,14.0,21.0,21.0,10.0,57.40000000000001,20.0,23.0,58.2,21.0,0.0,0.0,0.0,26.269354838709678,9.570967741935483,136.4,8.0,0.0,206.1,0.49235547061634016,6.0,28.0,10,8.631380080618625,0.7752272025479963,0.0,0.0,0.0,0.0,0.0,0.0,0.0,0.0,0.0,0.0,1.5698924731182782,-1.098924731182798,10.13333333333334,-1.0,0.0,-14.333333333333343,-0.04159520924284987,0.33333333333333304,1.6666666666666667,0.33333333333333326,0.0,-0.5666666666666664,0.0,4.0,3.5666666666666673,1.3333333333333335,0.0,0.0,0.0,0.48833333333333684,-0.6344444444444441,36.4666666666667,1.333333333333334,0.6666666666666665,-18.066666666666663,-0.048978044378731767,2.666666666666666,8.666666666666666,-3.333333333333332,-2.666666666666666,-29.199999999999996,-2.666666666666668,-4.333333333333332,-20.69999999999999,-4.0,0.0,0.0,0.0,-1.0010752688172033,-0.26236559139785065,-221.5333333333334,-2.666666666666666,-4.333333333333333,4.433333333333337,0.010306594738734631,-2.666666666666666,9.333333333333332
2019-11,완주군,2149.3205900458747,172710.3,26,0,0,0.0,0,0.0,0,12,0,24.8,9.396666666666667,14.07333333333333,60.900000000000006,6,0.0,30,0.0,184.4,6,0,0.5965706890973794,0,0,0.0,0.0,0,0.0,0,12,0,24.8,9.396666666666667,14.07333333333333,60.900000000000006,6,0.0,184.4,0.5965706890973794,6,0,0.0,0.0,0.0,0.0,0.0,0.0,0.0,0.0,0.0,0.0,16.156451612903226,11.906451612903224,76.2,3.0,0.0,202.4,0.5777904653154439,6.0,3.0,2.0,0.0,1.5,0.0,9.0,10.600000000000001,4.0,0.0,0.0,0.0,22.105,9.816666666666666,216.4,10.0,3.0,148.4,0.39785522788203753,14.0,21.0,11,7.672907066551899,0.29030135630516707,0.0,0.0,0.0,0.0,0.0,0.0,0.0,1.333333333333334,0.0,7.966666666666669,0.5150000000000006,0.5144444444444431,5.133333333333333,1.333333333333333,-1.0,0.5333333333333314,0.001534497651399569,-1.333333333333333,0.0,0.0,0.0,0.0,0.0,0.0,0.0,0.0,0.0,0.0,0.0,1.5698924731182782,-1.098924731182798,10.13333333333334,-1.0,0.0,-14.333333333333343,-0.04159520924284987,0.33333333333333304,1.6666666666666667,0.33333333333333326,0.0,-0.5666666666666664,0.0,4.0,3.5666666666666673,1.3333333333333335,0.0,0.0,0.0,0.48833333333333684,-0.6344444444444441,36.4666666666667,1.333333333333334,0.6666666666666665,-18.066666666666663,-0.048978044378731767,2.666666666666666,8.666666666666666
2019-12,완주군,2505.1365632435213,182493.0,26,0,0,0.0,0,0.0,0,25,5,93.19999999999999,3.2048387096774196,11.738709677419356,26.2,5,0.0,31,0.0,167.9,8,0,0.5537598944591029,0,0,0.0,0.0,0,0.0,0,25,5,93.19999999999999,3.2048387096774196,11.738709677419356,26.2,5,0.0,167.9,0.5537598944591029,8,0,0.0,0.0,0.0,0.0,0.0,0.0,0.0,12.0,0.0,24.8,9.396666666666667,14.07333333333333,60.900000000000006,6.0,0.0,184.4,0.5965706890973794,6.0,0.0,0.0,0.0,0.0,0.0,0.0,0.0,0.0,0.0,0.0,0.0,16.156451612903226,11.906451612903224,76.2,3.0,0.0,202.4,0.5777904653154439,6.0,3.0,12,7.826098528297886,0.16872615619215026,0.0,0.0,0.0,0.0,0.0,0.0,0.0,-1.3333333333333321,-6.333333333333334,-35.933333333333366,1.2182795698924733,0.04731182795698885,3.066666666666663,1.3333333333333335,0.0,-5.899999999999977,-0.01926630926216155,0.0,0.0,0.0,0.0,0.0,0.0,0.0,0.0,0.0,1.333333333333334,0.0,7.966666666666669,0.5150000000000006,0.5144444444444431,5.133333333333333,1.333333333333333,-1.0,0.5333333333333314,0.001534497651399569,-1.333333333333333,0.0,0.0,0.0,0.0,0.0,0.0,0.0,0.0,0.0,0.0,0.0,1.5698924731182782,-1.098924731182798,10.13333333333334,-1.0,0.0,-14.333333333333343,-0.04159520924284987,0.33333333333333304,1.6666666666666667
2020-01,완주군,4675.82313209265,176838.0,24,0,0,0.0,0,0.0,0,25,6,89.89999999999999,3.1322580645161286,10.76774193548387,94.8,6,3.0,31,0.0,122.2,12,0,0.39267352185089976,0,0,0.0,0.0,0,0.0,0,25,6,89.89999999999999,3.1322580645161286,10.76774193548387,94.8,6,3.0,122.2,0.39267352185089976,12,0,0.0,0.0,0.0,0.0,0.0,0.0,0.0,25.0,5.0,93.19999999999999,3.2048387096774196,11.738709677419356,26.2,5.0,0.0,167.9,0.5537598944591029,8.0,0.0,0.0,0.0,0.0,0.0,0.0,0.0,0.0,12.0,0.0,24.8,9.396666666666667,14.07333333333333,60.900000000000006,6.0,0.0,184.4,0.5965706890973794,6.0,0.0,1,8.450160497259963,0.3657662608160823,0.0,0.0,0.0,0.0,0.0,0.0,0.0,-2.5,-12.75,-100.825,3.14758064516129,-0.8741935483870975,58.275,0.75,1.5,-45.97500000000001,-0.1471730328191324,4.25,0.0,0.0,0.0,0.0,0.0,0.0,0.0,0.0,-1.3333333333333321,-6.333333333333334,-35.933333333333366,1.2182795698924733,0.04731182795698885,3.066666666666663,1.3333333333333335,0.0,-5.899999999999977,-0.01926630926216155,0.0,0.0,0.0,0.0,0.0,0.0,0.0,0.0,0.0,1.333333333333334,0.0,7.966666666666669,0.5150000000000006,0.5144444444444431,5.133333333333333,1.333333333333333,-1.0,0.5333333333333314,0.001534497651399569,-1.333333333333333,0.0
2020-02,완주군,1437.2746231365174,182387.0,25,0,0,0.0,0,0.0,0,20,10,99.4,3.5448275862068965,12.28275862068965,81.30000000000001,8,3.0,29,0.0,185.3,7,0,0.5865780310224755,0,0,0.0,0.0,0,0.0,0,20,10,99.4,3.5448275862068965,12.28275862068965,81.30000000000001,8,3.0,185.3,0.5865780310224755,7,0,0.0,0.0,0.0,0.0,0.0,0.0,0.0,25.0,6.0,89.89999999999999,3.1322580645161286,10.76774193548387,94.8,6.0,3.0,122.2,0.39267352185089976,12.0,0.0,0.0,0.0,0.0,0.0,0.0,0.0,0.0,25.0,5.0,93.19999999999999,3.2048387096774196,11.738709677419356,26.2,5.0,0.0,167.9,0.5537598944591029,8.0,0.0,2,7.270503976474593,-0.25117221167299775,0.0,0.0,0.0,0.0,0.0,0.0,0.0,-3.25,-4.25,-41.45000000000002,1.5572814039408867,-0.9281096059113345,37.85000000000001,3.5,2.25,0.42500000000001137,-0.014371994808823674,2.25,0.0,0.0,0.0,0.0,0.0,0.0,0.0,0.0,-2.5,-12.75,-100.825,3.14758064516129,-0.8741935483870975,58.275,0.75,1.5,-45.97500000000001,-0.1471730328191324,4.25,0.0,0.0,0.0,0.0,0.0,0.0,0.0,0.0,-1.3333333333333321,-6.333333333333334,-35.933333333333366,1.2182795698924733,0.04731182795698885,3.066666666666663,1.3333333333333335,0.0,-5.899999999999977,-0.01926630926216155,0.0,0.0
2020-03,완주군,1827.8333085728032,182939.0,26,0,0,0.0,0,0.0,0,18,2,37.1,7.390322580645161,15.251612903225805,28.0,4,0.0,31,0.0,246.0,6,0,0.6616460462614309,0,0,0.0,0.0,0,0.0,0,18,2,37.1,7.390322580645161,15.251612903225805,28.0,4,0.0,246.0,0.6616460462614309,6,0,0.0,0.0,0.0,0.0,0.0,0.0,0.0,20.0,10.0,99.4,3.5448275862068965,12.28275862068965,81.30000000000001,8.0,3.0,185.3,0.5865780310224755,7.0,0.0,0.0,0.0,0.0,0.0,0.0,0.0,0.0,25.0,6.0,89.89999999999999,3.1322580645161286,10.76774193548387,94.8,6.0,3.0,122.2,0.39267352185089976,12.0,0.0,3,7.510886559985771,-0.047642321140916266,0.0,0.0,0.0,0.0,0.0,0.0,0.0,1.0,0.33333333333333326,-3.299999999999997,0.016129032258064058,0.39784946236559016,-21.833333333333336,-2.666666666666667,-1.0,25.26666666666665,0.06710354946499264,-0.33333333333333304,0.0,0.0,0.0,0.0,0.0,0.0,0.0,0.0,-4.333333333333332,-5.0,-53.0,2.097146962233169,-0.7103037766830909,28.53333333333334,3.666666666666667,2.0,1.3666666666667027,-0.009686485725940774,2.333333333333333,0.0,0.0,0.0,0.0,0.0,0.0,0.0,0.0,-3.333333333333332,-12.666666666666668,-95.43333333333335,3.136559139784946,-0.6967741935483858,55.53333333333333,1.333333333333333,1.0,-43.966666666666654,-0.1408316480374503,4.0,0.0
2020-04,완주군,1513.6649712653034,190397.0,26,0,0,0.0,0,0.0,0,10,0,12.100000000000001,9.908333333333333,16.056666666666665,23.0,3,3.0,30,0.0,281.6,3,0,0.714902259456715,0,0,0.0,0.0,0,0.0,0,10,0,12.100000000000001,9.908333333333333,16.056666666666665,23.0,3,3.0,281.6,0.714902259456715,3,0,0.0,0.0,0.0,0.0,0.0,0.0,0.0,18.0,2.0,37.1,7.390322580645161,15.251612903225805,28.0,4.0,0.0,246.0,0.6616460462614309,6.0,0.0,0.0,0.0,0.0,0.0,0.0,0.0,0.0,20.0,10.0,99.4,3.5448275862068965,12.28275862068965,81.30000000000001,8.0,3.0,185.3,0.5865780310224755,7.0,0.0,4,7.322289122366653,-0.22016617079164913,0.0,0.0,0.0,0.0,0.0,0.0,0.0,3.333333333333333,-0.3333333333333333,1.2666666666666675,-1.5433333333333348,1.1777777777777771,-71.0,-3.666666666666667,-1.666666666666667,51.366666666666674,0.12957166728961345,-3.333333333333333,-0.3333333333333333,0.0,0.0,0.0,0.0,0.0,0.0,0.0,1.0,0.33333333333333326,-3.299999999999997,0.016129032258064058,0.39784946236559016,-21.833333333333336,-2.666666666666667,-1.0,25.26666666666665,0.06710354946499264,-0.33333333333333304,0.0,0.0,0.0,0.0,0.0,0.0,0.0,0.0,-4.333333333333332,-5.0,-53.0,2.097146962233169,-0.7103037766830909,28.53333333333334,3.666666666666667,2.0,1.3666666666667027,-0.009686485725940774,2.333333333333333,0.0
2020-05,완주군,1456.465695046954,171551.0,26,0,0,0.0,0,0.0,0,0,0,0.0,17.89516129032258,12.551612903225807,100.5,10,3.0,31,0.0,213.9,10,0,0.49025899610359847,0,0,0.0,0.0,0,0.0,0,0,0,0.0,17.89516129032258,12.551612903225807,100.5,10,3.0,213.9,0.49025899610359847,10,0,0.0,0.0,0.0,0.0,0.0,0.0,0.0,10.0,0.0,12.100000000000001,9.908333333333333,16.056666666666665,23.0,3.0,3.0,281.6,0.714902259456715,3.0,0.0,0.0,0.0,0.0,0.0,0.0,0.0,0.0,18.0,2.0,37.1,7.390322580645161,15.251612903225805,28.0,4.0,0.0,246.0,0.6616460462614309,6.0,0.0,5,7.283768023116245,-0.22891126768509196,-2.3333333333333335,0.0,-2.4666666666666672,-1.0,-0.6666666666666666,-1.1666666666666667,-0.3333333333333333,0.0,0.0,0.0,-0.17043010752688303,-1.7451612903225797,-12.266666666666666,1.666666666666666,0.6666666666666665,-23.23333333333332,-0.05361501313325345,3.333333333333333,-1.6666666666666667,0.0,0.0,0.0,0.0,0.0,0.0,0.0,3.333333333333333,-0.3333333333333333,1.2666666666666675,-1.5433333333333348,1.1777777777777771,-71.0,-3.666666666666667,-1.666666666666667,51.366666666666674,0.12957166728961345,-3.333333333333333,-0.3333333333333333,0.0,0.0,0.0,0.0,0.0,0.0,0.0,1.0,0.33333333333333326,-3.299999999999997,0.016129032258064058,0.39784946236559016,-21.833333333333336,-2.666666666666667,-1.0,25.26666666666665,0.06710354946499264,-0.33333333333333304,0.0
2020-06,완주군,2390.712285764566,176155.5,26,11,3,18.800000000000004,3,1.5,5,0,0,0.0,23.098333333333336,10.836666666666666,280.29999999999995,11,5.0,30,10.0,177.6,9,4,0.4065003433279927,11,3,18.800000000000004,10.0,3,1.5,5,0,0,0.0,23.098333333333336,10.836666666666666,280.29999999999995,11,5.0,177.6,0.4065003433279927,9,4,0.0,0.0,0.0,0.0,0.0,0.0,0.0,0.0,0.0,0.0,17.89516129032258,12.551612903225807,100.5,10.0,3.0,213.9,0.49025899610359847,10.0,0.0,0.0,0.0,0.0,0.0,0.0,0.0,0.0,10.0,0.0,12.100000000000001,9.908333333333333,16.056666666666665,23.0,3.0,3.0,281.6,0.714902259456715,3.0,0.0,6,7.779346628040733,0.3013660848267845,1.0,1.6666666666666667,3.3333333333333357,3.333333333333333,0.0,-1.0666666666666678,2.0,0.0,0.0,0.0,0.40666666666666984,-1.073333333333336,86.86666666666665,2.333333333333334,2.0,-18.900000000000006,-0.04336718371885995,1.333333333333333,-7.666666666666666,-2.3333333333333335,0.0,-2.4666666666666672,-1.0,-0.6666666666666666,-1.1666666666666667,-0.3333333333333333,0.0,0.0,0.0,-0.17043010752688303,-1.7451612903225797,-12.266666666666666,1.666666666666666,0.6666666666666665,-23.23333333333332,-0.05361501313325345,3.333333333333333,-1.6666666666666667,0.0,0.0,0.0,0.0,0.0,0.0,0.0,3.333333333333333,-0.3333333333333333,1.2666666666666675,-1.5433333333333348,1.1777777777777771,-71.0,-3.666666666666667,-1.666666666666667,51.366666666666674,0.12957166728961345,-3.333333333333333,-0.3333333333333333
2020-07,완주군,3173.190893492528,170734.5,27,4,0,4.199999999999996,16,19.9,8,0,0,0.0,23.53548387096774,7.374193548387097,655.1,20,13.0,31,0.0,83.1,20,11,0.18724650743578186,4,0,4.199999999999996,0.0,16,19.9,8,0,0,0.0,23.53548387096774,7.374193548387097,655.1,20,13.0,83.1,0.18724650743578186,20,11,11.0,3.0,18.800000000000004,10.0,3.0,1.5,5.0,0.0,0.0,0.0,23.098333333333336,10.836666666666666,280.29999999999995,11.0,5.0,177.6,0.4065003433279927,9.0,4.0,0.0,0.0,0.0,0.0,0.0,0.0,0.0,0.0,0.0,0.0,17.89516129032258,12.551612903225807,100.5,10.0,3.0,213.9,0.49025899610359847,10.0,0.0,7,8.062492951605417,0.13937733793740126,-10.666666666666666,-7.0,-42.06666666666668,-11.666666666666666,-3.666666666666668,-25.56666666666667,-8.666666666666668,0.0,0.0,0.0,-1.885483870967743,-1.6978494623655918,282.90000000000003,8.333333333333334,7.333333333333333,-79.69999999999999,-0.1792177152423135,7.666666666666666,-6.666666666666668,1.0,1.6666666666666667,3.3333333333333357,3.333333333333333,0.0,-1.0666666666666678,2.0,0.0,0.0,0.0,0.40666666666666984,-1.073333333333336,86.86666666666665,2.333333333333334,2.0,-18.900000000000006,-0.04336718371885995,1.333333333333333,-7.666666666666666,-2.3333333333333335,0.0,-2.4666666666666672,-1.0,-0.6666666666666666,-1.1666666666666667,-0.3333333333333333,0.0,0.0,0.0,-0.17043010752688303,-1.7451612903225797,-12.266666666666666,1.666666666666666,0.6666666666666665,-23.23333333333332,-0.05361501313325345,3.333333333333333,-1.6666666666666667
2020-08,완주군,7079.057902430866,155459.0,26,27,6,61.39999999999999,31,93.5,29,0,0,0.0,27.30322580645161,8.574193548387099,504.90000000000003,14,7.0,31,25.0,173.7,12,12,0.4155502392344497,27,6,61.39999999999999,25.0,31,93.5,29,0,0,0.0,27.30322580645161,8.574193548387099,504.90000000000003,14,7.0,173.7,0.4155502392344497,12,12,4.0,0.0,4.199999999999996,0.0,16.0,19.9,8.0,0.0,0.0,0.0,23.53548387096774,7.374193548387097,655.1,20.0,13.0,83.1,0.18724650743578186,20.0,11.0,11.0,3.0,18.800000000000004,10.0,3.0,1.5,5.0,0.0,0.0,0.0,23.098333333333336,10.836666666666666,280.29999999999995,11.0,5.0,177.6,0.4065003433279927,9.0,4.0,8,8.864896113205473,0.3887399665712632,2.666666666666668,-6.666666666666666,-25.200000000000017,2.333333333333332,3.666666666666668,14.600000000000009,4.0,0.0,0.0,0.0,0.03279569892472978,-1.2591397849462354,146.96666666666664,3.333333333333334,2.666666666666667,-27.96666666666667,-0.0664986366431558,3.333333333333334,-6.666666666666668,-10.666666666666666,-7.0,-42.06666666666668,-11.666666666666666,-3.666666666666668,-25.56666666666667,-8.666666666666668,0.0,0.0,0.0,-1.885483870967743,-1.6978494623655918,282.90000000000003,8.333333333333334,7.333333333333333,-79.69999999999999,-0.1792177152423135,7.666666666666666,-6.666666666666668,1.0,1.6666666666666667,3.3333333333333357,3.333333333333333,0.0,-1.0666666666666678,2.0,0.0,0.0,0.0,0.40666666666666984,-1.073333333333336,86.86666666666665,2.333333333333334,2.0,-18.900000000000006,-0.04336718371885995,1.333333333333333,-7.666666666666666
2020-09,완주군,4473.841982943571,168265.0,26,1,0,1.5,3,6.399999999999999,2,0,0,0.0,21.26833333333333,9.856666666666666,208.4,11,4.0,30,0.0,170.7,8,6,0.4587476484815909,1,0,1.5,0.0,3,6.399999999999999,2,0,0,0.0,21.26833333333333,9.856666666666666,208.4,11,4.0,170.7,0.4587476484815909,8,6,27.0,6.0,61.39999999999999,25.0,31.0,93.5,29.0,0.0,0.0,0.0,27.30322580645161,8.574193548387099,504.90000000000003,14.0,7.0,173.7,0.4155502392344497,12.0,12.0,4.0,0.0,4.199999999999996,0.0,16.0,19.9,8.0,0.0,0.0,0.0,23.53548387096774,7.374193548387097,655.1,20.0,13.0,83.1,0.18724650743578186,20.0,11.0,9,8.406002822459776,-0.29982013913883243,-0.6666666666666667,0.0,-0.5666666666666664,0.0,-2.0,-0.6333333333333355,-0.6666666666666665,0.0,0.0,0.0,-0.3483333333333327,-0.594444444444445,28.466666666666697,2.333333333333334,1.6666666666666665,4.23333333333332,0.011914376220821588,-3.333333333333334,-6.333333333333334,2.666666666666668,-6.666666666666666,-25.200000000000017,2.333333333333332,3.666666666666668,14.600000000000009,4.0,0.0,0.0,0.0,0.03279569892472978,-1.2591397849462354,146.96666666666664,3.333333333333334,2.666666666666667,-27.96666666666667,-0.0664986366431558,3.333333333333334,-6.666666666666668,-10.666666666666666,-7.0,-42.06666666666668,-11.666666666666666,-3.666666666666668,-25.56666666666667,-8.666666666666668,0.0,0.0,0.0,-1.885483870967743,-1.6978494623655918,282.90000000000003,8.333333333333334,7.333333333333333,-79.69999999999999,-0.1792177152423135,7.666666666666666,-6.666666666666668
2020-10,완주군,1367.1963315175394,156589.0,25,0,0,0.0,0,0.0,0,0,0,0.0,14.066129032258065,13.970967741935484,4.5,2,0.0,31,0.0,226.8,5,1,0.6492985971943888,0,0,0.0,0.0,0,0.0,0,0,0,0.0,14.066129032258065,13.970967741935484,4.5,2,0.0,226.8,0.6492985971943888,5,1,1.0,0.0,1.5,0.0,3.0,6.399999999999999,2.0,0.0,0.0,0.0,21.26833333333333,9.856666666666666,208.4,11.0,4.0,170.7,0.4587476484815909,8.0,6.0,27.0,6.0,61.39999999999999,25.0,31.0,93.5,29.0,0.0,0.0,0.0,27.30322580645161,8.574193548387099,504.90000000000003,14.0,7.0,173.7,0.4155502392344497,12.0,12.0,10,7.220517448589428,-0.6356354294812006,0.0,0.0,0.0,0.0,0.0,0.0,0.0,0.0,0.0,0.0,-0.5204301075268827,0.9655913978494617,-61.56666666666666,-2.0,0.0,10.066666666666663,0.02991292263609502,-0.666666666666667,-0.33333333333333326,-0.6666666666666667,0.0,-0.5666666666666664,0.0,-2.0,-0.6333333333333355,-0.6666666666666665,0.0,0.0,0.0,-0.3483333333333327,-0.594444444444445,28.466666666666697,2.333333333333334,1.6666666666666665,4.23333333333332,0.011914376220821588,-3.333333333333334,-6.333333333333334,2.666666666666668,-6.666666666666666,-25.200000000000017,2.333333333333332,3.666666666666668,14.600000000000009,4.0,0.0,0.0,0.0,0.03279569892472978,-1.2591397849462354,146.96666666666664,3.333333333333334,2.666666666666667,-27.96666666666667,-0.0664986366431558,3.333333333333334,-6.666666666666668
2020-11,완주군,1445.8393185349285,135420.0,25,0,0,0.0,0,0.0,0,10,0,13.100000000000001,8.793333333333333,12.913333333333332,64.4,5,3.0,30,0.0,179.79999999999998,9,0,0.5820653933311751,0,0,0.0,0.0,0,0.0,0,10,0,13.100000000000001,8.793333333333333,12.913333333333332,64.4,5,3.0,179.79999999999998,0.5820653933311751,9,0,0.0,0.0,0.0,0.0,0.0,0.0,0.0,0.0,0.0,0.0,14.066129032258065,13.970967741935484,4.5,2.0,0.0,226.8,0.6492985971943888,5.0,1.0,1.0,0.0,1.5,0.0,3.0,6.399999999999999,2.0,0.0,0.0,0.0,21.26833333333333,9.856666666666666,208.4,11.0,4.0,170.7,0.4587476484815909,8.0,6.0,11,7.276445275199136,-0.10616043504759531,0.0,0.0,0.0,0.0,0.0,0.0,0.0,-0.6666666666666661,0.0,-3.7333333333333307,-0.08833333333333293,-0.6455555555555552,8.633333333333333,0.33333333333333304,2.0,-4.066666666666691,-0.012970798114804727,1.666666666666667,0.0,0.0,0.0,0.0,0.0,0.0,0.0,0.0,0.0,0.0,0.0,-0.5204301075268827,0.9655913978494617,-61.56666666666666,-2.0,0.0,10.066666666666663,0.02991292263609502,-0.666666666666667,-0.33333333333333326,-0.6666666666666667,0.0,-0.5666666666666664,0.0,-2.0,-0.6333333333333355,-0.6666666666666665,0.0,0.0,0.0,-0.3483333333333327,-0.594444444444445,28.466666666666697,2.333333333333334,1.6666666666666665,4.23333333333332,0.011914376220821588,-3.333333333333334,-6.333333333333334
2020-12,완주군,2459.4491481968735,142142.0,27,0,0,0.0,0,0.0,0,27,14,140.20000000000002,1.4709677419354839,11.64516129032258,8.7,2,0.0,31,0.0,178.5,8,0,0.588332234673698,0,0,0.0,0.0,0,0.0,0,27,14,140.20000000000002,1.4709677419354839,11.64516129032258,8.7,2,0.0,178.5,0.588332234673698,8,0,0.0,0.0,0.0,0.0,0.0,0.0,0.0,10.0,0.0,13.100000000000001,8.793333333333333,12.913333333333332,64.4,5.0,3.0,179.79999999999998,0.5820653933311751,9.0,0.0,0.0,0.0,0.0,0.0,0.0,0.0,0.0,0.0,0.0,0.0,14.066129032258065,13.970967741935484,4.5,2.0,0.0,226.8,0.6492985971943888,5.0,1.0,12,7.807692680354593,0.15032030824885734,0.0,0.0,0.0,0.0,0.0,0.0,0.0,0.6666666666666679,2.666666666666666,11.066666666666663,-0.5155913978494624,-0.0462365591397873,-14.433333333333337,-1.6666666666666665,0.0,4.700000000000017,0.015306030952433547,0.0,0.0,0.0,0.0,0.0,0.0,0.0,0.0,0.0,-0.6666666666666661,0.0,-3.7333333333333307,-0.08833333333333293,-0.6455555555555552,8.633333333333333,0.33333333333333304,2.0,-4.066666666666691,-0.012970798114804727,1.666666666666667,0.0,0.0,0.0,0.0,0.0,0.0,0.0,0.0,0.0,0.0,0.0,-0.5204301075268827,0.9655913978494617,-61.56666666666666,-2.0,0.0,10.066666666666663,0.02991292263609502,-0.666666666666667,-0.33333333333333326
2021-01,완주군,4158.298473780507,157955.0,25,0,0,0.0,0,0.0,0,25,19,206.9,-0.04838709677419352,12.174193548387098,28.3,7,0.0,31,0.0,174.2,7,0,0.5588707090150786,0,0,0.0,0.0,0,0.0,0,25,19,206.9,-0.04838709677419352,12.174193548387098,28.3,7,0.0,174.2,0.5588707090150786,7,0,0.0,0.0,0.0,0.0,0.0,0.0,0.0,27.0,14.0,140.20000000000002,1.4709677419354839,11.64516129032258,8.7,2.0,0.0,178.5,0.588332234673698,8.0,0.0,0.0,0.0,0.0,0.0,0.0,0.0,0.0,10.0,0.0,13.100000000000001,8.793333333333333,12.913333333333332,64.4,5.0,3.0,179.79999999999998,0.5820653933311751,9.0,0.0,1,8.332861248857675,0.2484670124137942,0.0,0.0,0.0,0.0,0.0,0.0,0.0,-2.5,0.25,16.17500000000001,-0.033064516129032176,0.5322580645161299,-8.224999999999998,1.75,-1.5,6.024999999999977,0.01902415434504645,-0.75,0.0,0.0,0.0,0.0,0.0,0.0,0.0,0.0,0.6666666666666679,2.666666666666666,11.066666666666663,-0.5155913978494624,-0.0462365591397873,-14.433333333333337,-1.6666666666666665,0.0,4.700000000000017,0.015306030952433547,0.0,0.0,0.0,0.0,0.0,0.0,0.0,0.0,0.0,-0.6666666666666661,0.0,-3.7333333333333307,-0.08833333333333293,-0.6455555555555552,8.633333333333333,0.33333333333333304,2.0,-4.066666666666691,-0.012970798114804727,1.666666666666667,0.0
2021-02,완주군,2391.613696225872,170291.0,22,0,0,0.0,0,0.0,0,20,12,106.20000000000002,3.607142857142857,13.864285714285714,15.5,5,0.0,28,0.0,187.7,5,0,0.6150065530799476,0,0,0.0,0.0,0,0.0,0,20,12,106.20000000000002,3.607142857142857,13.864285714285714,15.5,5,0.0,187.7,0.6150065530799476,5,0,0.0,0.0,0.0,0.0,0.0,0.0,0.0,25.0,19.0,206.9,-0.04838709677419352,12.174193548387098,28.3,7.0,0.0,174.2,0.5588707090150786,7.0,0.0,0.0,0.0,0.0,0.0,0.0,0.0,0.0,27.0,14.0,140.20000000000002,1.4709677419354839,11.64516129032258,8.7,2.0,0.0,178.5,0.588332234673698,8.0,0.0,2,7.779723603794947,0.258047415647356,0.0,0.0,0.0,0.0,0.0,0.0,0.0,-3.25,-2.25,-34.650000000000006,1.6195966748768473,0.6534174876847292,-27.950000000000003,0.5,-0.75,2.8249999999999886,0.014056527248648365,0.25,0.0,0.0,0.0,0.0,0.0,0.0,0.0,0.0,-2.5,0.25,16.17500000000001,-0.033064516129032176,0.5322580645161299,-8.224999999999998,1.75,-1.5,6.024999999999977,0.01902415434504645,-0.75,0.0,0.0,0.0,0.0,0.0,0.0,0.0,0.0,0.6666666666666679,2.666666666666666,11.066666666666663,-0.5155913978494624,-0.0462365591397873,-14.433333333333337,-1.6666666666666665,0.0,4.700000000000017,0.015306030952433547,0.0,0.0
2018-01,장수군,3707.1228440866316,17638.0,26,0,0,0.0,0,0.0,0,31,23,289.4,-3.8800000000000003,10.94516129032258,33.1,6,3.0,31,0.0,162.8,9,0,0.5217948717948718,0,0,0.0,0.0,0,0.0,0,31,23,289.4,-3.8800000000000003,10.94516129032258,33.1,6,3.0,162.8,0.5217948717948718,9,0,,,,,,,,,,,,,,,,,,,,,,,,,,,,,,,,,,,,,,,1,8.218011341011874,-0.0798140987032685,0.0,0.0,0.0,0.0,0.0,0.0,0.0,2.5,1.0,45.54999999999998,-1.7890322580645166,-0.693548387096774,-15.399999999999999,0.0,1.5,4.450000000000017,0.01395039779091356,-1.0,0.0,,,,,,,,,,,,,,,,,,,,,,,,,,,,,,,,,,,,,,
2018-02,장수군,3235.4064141667864,13934.0,21,0,0,0.0,0,0.0,0,28,23,242.20000000000002,-2.4071428571428575,12.892857142857148,21.7,2,0.0,28,0.0,173.8,5,0,0.5696492953130121,0,0,0.0,0.0,0,0.0,0,28,23,242.20000000000002,-2.4071428571428575,12.892857142857148,21.7,2,0.0,173.8,0.5696492953130121,5,0,0.0,0.0,0.0,0.0,0.0,0.0,0.0,31.0,23.0,289.4,-3.8800000000000003,10.94516129032258,33.1,6.0,3.0,162.8,0.5217948717948718,9.0,0.0,,,,,,,,,,,,,,,,,,,,2,8.08190982938939,0.19955054804203165,0.0,0.0,0.0,0.0,0.0,0.0,0.0,3.5,6.5,77.475,-2.78128078817734,0.3082204433497573,-20.725000000000005,-2.25,-0.75,-0.5749999999999886,0.0031555126598770133,-1.0,0.0,0.0,0.0,0.0,0.0,0.0,0.0,0.0,2.5,1.0,45.54999999999998,-1.7890322580645166,-0.693548387096774,-15.399999999999999,0.0,1.5,4.450000000000017,0.01395039779091356,-1.0,0.0,,,,,,,,,,,,,,,,,,,
2018-03,장수군,2605.7017605972196,23308.0,27,0,0,0.0,0,0.0,0,22,1,52.800000000000004,6.441935483870967,14.319354838709678,122.7,9,0.0,31,0.0,198.2,9,0,0.533800161594398,0,0,0.0,0.0,0,0.0,0,22,1,52.800000000000004,6.441935483870967,14.319354838709678,122.7,9,0.0,198.2,0.533800161594398,9,0,0.0,0.0,0.0,0.0,0.0,0.0,0.0,28.0,23.0,242.20000000000002,-2.4071428571428575,12.892857142857148,21.7,2.0,0.0,173.8,0.5696492953130121,5.0,0.0,0.0,0.0,0.0,0.0,0.0,0.0,0.0,31.0,23.0,289.4,-3.8800000000000003,10.94516129032258,33.1,6.0,3.0,162.8,0.5217948717948718,9.0,0.0,3,7.8654573077731085,0.014953874403676792,0.0,0.0,0.0,0.0,0.0,0.0,0.0,0.33333333333333215,-2.0,-8.733333333333334,0.5483870967741931,0.25806451612903203,50.900000000000006,1.333333333333333,-1.0,-9.566666666666663,-0.02580607831492865,2.333333333333333,0.0,0.0,0.0,0.0,0.0,0.0,0.0,0.0,2.666666666666668,5.333333333333332,66.86666666666665,-2.291707717569787,0.35857963875205634,-22.166666666666675,-2.0,-1.0,2.0999999999999943,0.0134074213891201,-1.0,0.0,0.0,0.0,0.0,0.0,0.0,0.0,0.0,2.333333333333332,1.0,62.49999999999997,-2.044731182795699,-0.4247311827956981,-19.566666666666663,0.33333333333333304,1.0,4.000000000000028,0.012350205185300611,-1.333333333333334,0.0
2018-04,장수군,2839.27402857017,45397.0,25,0,0,0.0,0,0.0,0,3,0,6.1000000000000005,11.706666666666667,14.386666666666667,170.5,11,8.0,30,0.0,213.1,8,0,0.5421012465021623,0,0,0.0,0.0,0,0.0,0,3,0,6.1000000000000005,11.706666666666667,14.386666666666667,170.5,11,8.0,213.1,0.5421012465021623,8,0,0.0,0.0,0.0,0.0,0.0,0.0,0.0,22.0,1.0,52.800000000000004,6.441935483870967,14.319354838709678,122.7,9.0,0.0,198.2,0.533800161594398,9.0,0.0,0.0,0.0,0.0,0.0,0.0,0.0,0.0,28.0,23.0,242.20000000000002,-2.4071428571428575,12.892857142857148,21.7,2.0,0.0,173.8,0.5696492953130121,5.0,0.0,4,7.951303674735036,0.1024512578489194,0.0,0.0,0.0,0.0,0.0,0.0,0.0,-5.0,-1.0,-13.099999999999998,1.637777777777778,0.1211111111111105,68.76666666666667,4.333333333333333,4.333333333333334,0.09999999999999432,0.0003236459015342197,-0.3333333333333339,0.0,0.0,0.0,0.0,0.0,0.0,0.0,0.0,0.33333333333333215,-2.0,-8.733333333333334,0.5483870967741931,0.25806451612903203,50.900000000000006,1.333333333333333,-1.0,-9.566666666666663,-0.02580607831492865,2.333333333333333,0.0,0.0,0.0,0.0,0.0,0.0,0.0,0.0,2.666666666666668,5.333333333333332,66.86666666666665,-2.291707717569787,0.35857963875205634,-22.166666666666675,-2.0,-1.0,2.0999999999999943,0.0134074213891201,-1.0,0.0
2018-05,장수군,2653.9367514018513,105753.0,27,0,0,0.0,1,2.0,0,0,0,0.0,16.91290322580645,11.929032258064515,116.3,9,0.0,31,0.0,201.3,7,0,0.46190913262964667,0,0,0.0,0.0,1,2.0,0,0,0,0.0,16.91290322580645,11.929032258064515,116.3,9,0.0,201.3,0.46190913262964667,7,0,0.0,0.0,0.0,0.0,0.0,0.0,0.0,3.0,0.0,6.1000000000000005,11.706666666666667,14.386666666666667,170.5,11.0,8.0,213.1,0.5421012465021623,8.0,0.0,0.0,0.0,0.0,0.0,0.0,0.0,0.0,22.0,1.0,52.800000000000004,6.441935483870967,14.319354838709678,122.7,9.0,0.0,198.2,0.533800161594398,9.0,0.0,5,7.883799383184612,0.047997939220135066,0.0,0.0,0.0,0.0,0.6666666666666667,1.3333333333333335,0.0,0.0,0.0,0.0,0.347311827956986,-1.4645161290322584,25.96666666666667,2.0,-1.3333333333333333,-27.400000000000006,-0.06295412877380041,1.333333333333333,0.0,0.0,0.0,0.0,0.0,0.0,0.0,0.0,-5.0,-1.0,-13.099999999999998,1.637777777777778,0.1211111111111105,68.76666666666667,4.333333333333333,4.333333333333334,0.09999999999999432,0.0003236459015342197,-0.3333333333333339,0.0,0.0,0.0,0.0,0.0,0.0,0.0,0.0,0.33333333333333215,-2.0,-8.733333333333334,0.5483870967741931,0.25806451612903203,50.900000000000006,1.333333333333333,-1.0,-9.566666666666663,-0.02580607831492865,2.333333333333333,0.0
2018-06,장수군,1906.4559242485648,135707.0,26,3,0,4.199999999999999,2,2.3000000000000007,0,0,0,0.0,20.743333333333332,12.149999999999999,182.2,8,5.0,30,0.0,199.0,6,2,0.4560036663611366,3,0,4.199999999999999,0.0,2,2.3000000000000007,0,0,0,0.0,20.743333333333332,12.149999999999999,182.2,8,5.0,199.0,0.4560036663611366,6,2,0.0,0.0,0.0,0.0,1.0,2.0,0.0,0.0,0.0,0.0,16.91290322580645,11.929032258064515,116.3,9.0,0.0,201.3,0.46190913262964667,7.0,0.0,0.0,0.0,0.0,0.0,0.0,0.0,0.0,3.0,0.0,6.1000000000000005,11.706666666666667,14.386666666666667,170.5,11.0,8.0,213.1,0.5421012465021623,8.0,0.0,6,7.553001260356664,-0.2431110047577123,-1.0,0.0,0.7666666666666644,-2.0,0.6666666666666667,1.4333333333333336,0.0,0.0,0.0,0.0,0.03888888888888786,0.9066666666666645,-5.166666666666686,-1.333333333333334,0.666666666666667,8.666666666666657,0.019921457911794893,-1.666666666666667,-4.333333333333333,0.0,0.0,0.0,0.0,0.6666666666666667,1.3333333333333335,0.0,0.0,0.0,0.0,0.347311827956986,-1.4645161290322584,25.96666666666667,2.0,-1.3333333333333333,-27.400000000000006,-0.06295412877380041,1.333333333333333,0.0,0.0,0.0,0.0,0.0,0.0,0.0,0.0,-5.0,-1.0,-13.099999999999998,1.637777777777778,0.1211111111111105,68.76666666666667,4.333333333333333,4.333333333333334,0.09999999999999432,0.0003236459015342197,-0.3333333333333339,0.0
2018-07,장수군,3682.015790755172,138326.0,26,21,13,71.29999999999998,22,31.2,21,0,0,0.0,25.396774193548385,10.583870967741934,104.5,5,3.0,31,21.0,205.0,8,3,0.46223224351747466,21,13,71.29999999999998,21.0,22,31.2,21,0,0,0.0,25.396774193548385,10.583870967741934,104.5,5,3.0,205.0,0.46223224351747466,8,3,3.0,0.0,4.199999999999999,0.0,2.0,2.3000000000000007,0.0,0.0,0.0,0.0,20.743333333333332,12.149999999999999,182.2,8.0,5.0,199.0,0.4560036663611366,6.0,2.0,0.0,0.0,0.0,0.0,1.0,2.0,0.0,0.0,0.0,0.0,16.91290322580645,11.929032258064515,116.3,9.0,0.0,201.3,0.46190913262964667,7.0,0.0,7,8.211215650419126,-0.05271874042086466,12.0,8.666666666666668,46.099999999999994,13.0,7.666666666666666,5.866666666666667,11.0,0.0,0.0,0.0,2.0548387096774157,2.0817204301075254,-224.86666666666667,-7.0,-6.0,72.4,0.16322326495799966,-6.333333333333334,-6.333333333333334,-1.0,0.0,0.7666666666666644,-2.0,0.6666666666666667,1.4333333333333336,0.0,0.0,0.0,0.0,0.03888888888888786,0.9066666666666645,-5.166666666666686,-1.333333333333334,0.666666666666667,8.666666666666657,0.019921457911794893,-1.666666666666667,-4.333333333333333,0.0,0.0,0.0,0.0,0.6666666666666667,1.3333333333333335,0.0,0.0,0.0,0.0,0.347311827956986,-1.4645161290322584,25.96666666666667,2.0,-1.3333333333333333,-27.400000000000006,-0.06295412877380041,1.333333333333333,0.0
2018-08,장수군,5227.313097331436,150556.7,27,21,12,69.3,21,30.500000000000007,21,0,0,0.0,25.425806451612903,10.822580645161292,565.5,9,3.0,31,19.0,191.6,9,2,0.4580444656944776,21,12,69.3,19.0,21,30.500000000000007,21,0,0,0.0,25.425806451612903,10.822580645161292,565.5,9,3.0,191.6,0.4580444656944776,9,2,21.0,13.0,71.29999999999998,21.0,22.0,31.2,21.0,0.0,0.0,0.0,25.396774193548385,10.583870967741934,104.5,5.0,3.0,205.0,0.46223224351747466,8.0,3.0,3.0,0.0,4.199999999999999,0.0,2.0,2.3000000000000007,0.0,0.0,0.0,0.0,20.743333333333332,12.149999999999999,182.2,8.0,5.0,199.0,0.4560036663611366,6.0,2.0,8,8.561652676925002,-0.09200953313104421,4.333333333333332,6.0,30.066666666666663,6.333333333333334,0.0,-9.566666666666663,2.0,0.0,0.0,0.0,0.5053763440860237,1.286021505376345,139.73333333333335,-1.666666666666666,-3.0,28.03333333333333,0.06684204050390663,-2.333333333333334,-11.0,12.0,8.666666666666668,46.099999999999994,13.0,7.666666666666666,5.866666666666667,11.0,0.0,0.0,0.0,2.0548387096774157,2.0817204301075254,-224.86666666666667,-7.0,-6.0,72.4,0.16322326495799966,-6.333333333333334,-6.333333333333334,-1.0,0.0,0.7666666666666644,-2.0,0.6666666666666667,1.4333333333333336,0.0,0.0,0.0,0.0,0.03888888888888786,0.9066666666666645,-5.166666666666686,-1.333333333333334,0.666666666666667,8.666666666666657,0.019921457911794893,-1.666666666666667,-4.333333333333333
2018-09,장수군,10068.998609969902,117955.0,22,0,0,0.0,0,0.0,0,0,0,0.0,18.13,11.276666666666666,133.6,10,6.0,30,0.0,131.7,12,3,0.3536519871106337,0,0,0.0,0.0,0,0.0,0,0,0,0.0,18.13,11.276666666666666,133.6,10,6.0,131.7,0.3536519871106337,12,3,21.0,12.0,69.3,19.0,21.0,30.500000000000007,21.0,0.0,0.0,0.0,25.425806451612903,10.822580645161292,565.5,9.0,3.0,191.6,0.4580444656944776,9.0,2.0,21.0,13.0,71.29999999999998,21.0,22.0,31.2,21.0,0.0,0.0,0.0,25.396774193548385,10.583870967741934,104.5,5.0,3.0,205.0,0.46223224351747466,8.0,3.0,9,9.217216537865143,0.3492568205249533,0.0,0.0,0.0,0.0,-1.6666666666666667,-1.2333333333333343,-0.3333333333333333,0.0,0.0,0.0,-0.5322222222222237,0.7444444444444436,-80.03333333333333,-0.3333333333333339,0.666666666666667,9.799999999999997,0.026261789717945627,-1.666666666666666,-1.666666666666667,4.333333333333332,6.0,30.066666666666663,6.333333333333334,0.0,-9.566666666666663,2.0,0.0,0.0,0.0,0.5053763440860237,1.286021505376345,139.73333333333335,-1.666666666666666,-3.0,28.03333333333333,0.06684204050390663,-2.333333333333334,-11.0,12.0,8.666666666666668,46.099999999999994,13.0,7.666666666666666,5.866666666666667,11.0,0.0,0.0,0.0,2.0548387096774157,2.0817204301075254,-224.86666666666667,-7.0,-6.0,72.4,0.16322326495799966,-6.333333333333334,-6.333333333333334
2018-10,장수군,3191.3622550733094,152080.2,27,0,0,0.0,0,0.0,0,6,0,1.9000000000000001,10.22258064516129,13.732258064516127,143.5,9,7.0,31,0.0,189.7,6,0,0.5416904625928041,0,0,0.0,0.0,0,0.0,0,6,0,1.9000000000000001,10.22258064516129,13.732258064516127,143.5,9,7.0,189.7,0.5416904625928041,6,0,0.0,0.0,0.0,0.0,0.0,0.0,0.0,0.0,0.0,0.0,18.13,11.276666666666666,133.6,10.0,6.0,131.7,0.3536519871106337,12.0,3.0,21.0,12.0,69.3,19.0,21.0,30.500000000000007,21.0,0.0,0.0,0.0,25.425806451612903,10.822580645161292,565.5,9.0,3.0,191.6,0.4580444656944776,9.0,2.0,10,8.068203143831532,-0.06667206890188737,0.0,0.0,0.0,0.0,0.0,0.0,0.0,3.0,0.0,0.033333333333333215,-1.220430107526882,0.0935483870967726,50.366666666666674,3.666666666666667,3.6666666666666665,0.5666666666666629,0.001579493443328972,-1.0,0.0,0.0,0.0,0.0,0.0,-1.6666666666666667,-1.2333333333333343,-0.3333333333333333,0.0,0.0,0.0,-0.5322222222222237,0.7444444444444436,-80.03333333333333,-0.3333333333333339,0.666666666666667,9.799999999999997,0.026261789717945627,-1.666666666666666,-1.666666666666667,4.333333333333332,6.0,30.066666666666663,6.333333333333334,0.0,-9.566666666666663,2.0,0.0,0.0,0.0,0.5053763440860237,1.286021505376345,139.73333333333335,-1.666666666666666,-3.0,28.03333333333333,0.06684204050390663,-2.333333333333334,-11.0
2018-11,장수군,1741.5092827976596,94336.0,26,0,0,0.0,0,0.0,0,22,1,53.49999999999999,5.333333333333333,14.66,43.1,6,3.0,30,0.0,167.8,8,0,0.5419896640826873,0,0,0.0,0.0,0,0.0,0,22,1,53.49999999999999,5.333333333333333,14.66,43.1,6,3.0,167.8,0.5419896640826873,8,0,0.0,0.0,0.0,0.0,0.0,0.0,0.0,6.0,0.0,1.9000000000000001,10.22258064516129,13.732258064516127,143.5,9.0,7.0,189.7,0.5416904625928041,6.0,0.0,0.0,0.0,0.0,0.0,0.0,0.0,0.0,0.0,0.0,0.0,18.13,11.276666666666666,133.6,10.0,6.0,131.7,0.3536519871106337,12.0,3.0,11,7.462507420137907,-0.25852665402899877,0.0,0.0,0.0,0.0,0.0,0.0,0.0,3.0,-0.33333333333333326,6.199999999999989,-0.6233333333333331,0.3453256704980827,-5.066666666666663,2.0,2.0,6.433333333333337,0.020492658661987462,-1.333333333333334,0.0,0.0,0.0,0.0,0.0,0.0,0.0,0.0,3.0,0.0,0.033333333333333215,-1.220430107526882,0.0935483870967726,50.366666666666674,3.666666666666667,3.6666666666666665,0.5666666666666629,0.001579493443328972,-1.0,0.0,0.0,0.0,0.0,0.0,-1.6666666666666667,-1.2333333333333343,-0.3333333333333333,0.0,0.0,0.0,-0.5322222222222237,0.7444444444444436,-80.03333333333333,-0.3333333333333339,0.666666666666667,9.799999999999997,0.026261789717945627,-1.666666666666666,-1.666666666666667
2018-12,장수군,1970.8819842659016,41820.0,26,0,0,0.0,0,0.0,0,27,17,200.3,-0.764516129032258,11.709677419354836,28.3,6,0.0,31,0.0,160.7,10,0,0.5279237844940866,0,0,0.0,0.0,0,0.0,0,27,17,200.3,-0.764516129032258,11.709677419354836,28.3,6,0.0,160.7,0.5279237844940866,10,0,0.0,0.0,0.0,0.0,0.0,0.0,0.0,22.0,1.0,53.49999999999999,5.333333333333333,14.66,43.1,6.0,3.0,167.8,0.5419896640826873,8.0,0.0,0.0,0.0,0.0,0.0,0.0,0.0,0.0,6.0,0.0,1.9000000000000001,10.22258064516129,13.732258064516127,143.5,9.0,7.0,189.7,0.5416904625928041,6.0,0.0,12,7.586236429290012,-0.34637302991548236,0.0,0.0,0.0,0.0,0.0,0.0,0.0,-2.0,-0.6666666666666679,15.833333333333314,-0.1440860215053762,0.2870967741935466,1.533333333333335,0.33333333333333304,0.0,5.699999999999989,0.018560185567286447,-0.3333333333333339,0.0,0.0,0.0,0.0,0.0,0.0,0.0,0.0,3.0,-0.33333333333333326,6.199999999999989,-0.6233333333333331,0.3453256704980827,-5.066666666666663,2.0,2.0,6.433333333333337,0.020492658661987462,-1.333333333333334,0.0,0.0,0.0,0.0,0.0,0.0,0.0,0.0,3.0,0.0,0.033333333333333215,-1.220430107526882,0.0935483870967726,50.366666666666674,3.666666666666667,3.6666666666666665,0.5666666666666629,0.001579493443328972,-1.0,0.0
2019-01,장수군,2535.503099948347,19360.0,26,0,0,0.0,0,0.0,0,31,29,264.6,-2.2483870967741937,13.470967741935484,16.3,4,0.0,31,0.0,196.5,6,0,0.6306161745827984,0,0,0.0,0.0,0,0.0,0,31,29,264.6,-2.2483870967741937,13.470967741935484,16.3,4,0.0,196.5,0.6306161745827984,6,0,0.0,0.0,0.0,0.0,0.0,0.0,0.0,27.0,17.0,200.3,-0.764516129032258,11.709677419354836,28.3,6.0,0.0,160.7,0.5279237844940866,10.0,0.0,0.0,0.0,0.0,0.0,0.0,0.0,0.0,22.0,1.0,53.49999999999999,5.333333333333333,14.66,43.1,6.0,3.0,167.8,0.5419896640826873,8.0,0.0,1,7.838147357852487,-0.4596780818626547,0.0,0.0,0.0,0.0,0.0,0.0,0.0,2.5,7.0,20.75000000000003,-0.15741935483870995,1.8322580645161288,-32.2,-2.0,-1.5,38.150000000000006,0.12277170057884013,-4.0,0.0,0.0,0.0,0.0,0.0,0.0,0.0,0.0,-2.0,-0.6666666666666679,15.833333333333314,-0.1440860215053762,0.2870967741935466,1.533333333333335,0.33333333333333304,0.0,5.699999999999989,0.018560185567286447,-0.3333333333333339,0.0,0.0,0.0,0.0,0.0,0.0,0.0,0.0,3.0,-0.33333333333333326,6.199999999999989,-0.6233333333333331,0.3453256704980827,-5.066666666666663,2.0,2.0,6.433333333333337,0.020492658661987462,-1.333333333333334,0.0
2019-02,장수군,2148.9795068185012,14226.0,21,0,0,0.0,0,0.0,0,26,17,157.90000000000003,0.3642857142857143,12.689285714285713,44.6,2,0.0,28,0.0,169.6,7,0,0.5560655737704918,0,0,0.0,0.0,0,0.0,0,26,17,157.90000000000003,0.3642857142857143,12.689285714285713,44.6,2,0.0,169.6,0.5560655737704918,7,0,0.0,0.0,0.0,0.0,0.0,0.0,0.0,31.0,29.0,264.6,-2.2483870967741937,13.470967741935484,16.3,4.0,0.0,196.5,0.6306161745827984,6.0,0.0,0.0,0.0,0.0,0.0,0.0,0.0,0.0,27.0,17.0,200.3,-0.764516129032258,11.709677419354836,28.3,6.0,0.0,160.7,0.5279237844940866,10.0,0.0,2,7.672748360449298,-0.20961092089806055,0.0,0.0,0.0,0.0,0.0,0.0,0.0,1.5,0.5,-6.824999999999989,-0.009852216748768405,0.10464901477832278,2.174999999999997,-2.25,-0.75,-4.775000000000006,-0.010428208882643286,1.0,0.0,0.0,0.0,0.0,0.0,0.0,0.0,0.0,2.5,7.0,20.75000000000003,-0.15741935483870995,1.8322580645161288,-32.2,-2.0,-1.5,38.150000000000006,0.12277170057884013,-4.0,0.0,0.0,0.0,0.0,0.0,0.0,0.0,0.0,-2.0,-0.6666666666666679,15.833333333333314,-0.1440860215053762,0.2870967741935466,1.533333333333335,0.33333333333333304,0.0,5.699999999999989,0.018560185567286447,-0.3333333333333339,0.0
2019-03,장수군,2579.967495869665,21790.0,26,0,0,0.0,0,0.0,0,22,4,73.1,5.180645161290323,14.138709677419351,49.5,9,3.0,31,0.0,207.4,5,0,0.5593311758360302,0,0,0.0,0.0,0,0.0,0,22,4,73.1,5.180645161290323,14.138709677419351,49.5,9,3.0,207.4,0.5593311758360302,5,0,0.0,0.0,0.0,0.0,0.0,0.0,0.0,26.0,17.0,157.90000000000003,0.3642857142857143,12.689285714285713,44.6,2.0,0.0,169.6,0.5560655737704918,7.0,0.0,0.0,0.0,0.0,0.0,0.0,0.0,0.0,31.0,29.0,264.6,-2.2483870967741937,13.470967741935484,16.3,4.0,0.0,196.5,0.6306161745827984,6.0,0.0,3,7.855532079336172,0.005028645966739909,0.0,0.0,0.0,0.0,0.0,0.0,0.0,0.33333333333333215,1.0,11.566666666666656,-0.7129032258064516,0.07741935483870499,-22.299999999999997,1.333333333333333,2.0,-0.3666666666666458,-0.00027506407329647153,-1.666666666666667,0.0,0.0,0.0,0.0,0.0,0.0,0.0,0.0,0.6666666666666679,-0.6666666666666679,-17.433333333333337,0.479720853858785,0.15500821018062183,0.7333333333333272,-2.0,-1.0,-2.1000000000000227,-0.00017630015340019956,1.0,0.0,0.0,0.0,0.0,0.0,0.0,0.0,0.0,2.333333333333332,7.0,37.70000000000002,-0.41311827956989267,2.1010752688172047,-36.36666666666666,-1.666666666666667,-2.0,37.70000000000002,0.12117150797322718,-4.333333333333334,0.0
2019-04,장수군,2495.6625056052435,40587.0,26,0,0,0.0,0,0.0,0,8,2,23.799999999999997,10.28,13.563333333333334,89.0,6,0.0,30,0.0,172.6,12,0,0.4395212630506748,0,0,0.0,0.0,0,0.0,0,8,2,23.799999999999997,10.28,13.563333333333334,89.0,6,0.0,172.6,0.4395212630506748,12,0,0.0,0.0,0.0,0.0,0.0,0.0,0.0,22.0,4.0,73.1,5.180645161290323,14.138709677419351,49.5,9.0,3.0,207.4,0.5593311758360302,5.0,0.0,0.0,0.0,0.0,0.0,0.0,0.0,0.0,26.0,17.0,157.90000000000003,0.3642857142857143,12.689285714285713,44.6,2.0,0.0,169.6,0.5560655737704918,7.0,0.0,4,7.822309506246604,-0.026542910639512307,0.0,0.0,0.0,0.0,0.0,0.0,0.0,0.0,1.0,4.599999999999998,0.21111111111111036,-0.7022222222222219,-12.733333333333334,-0.666666666666667,-3.6666666666666665,-40.400000000000006,-0.10225633754995328,3.666666666666666,0.0,0.0,0.0,0.0,0.0,0.0,0.0,0.0,0.33333333333333215,1.0,11.566666666666656,-0.7129032258064516,0.07741935483870499,-22.299999999999997,1.333333333333333,2.0,-0.3666666666666458,-0.00027506407329647153,-1.666666666666667,0.0,0.0,0.0,0.0,0.0,0.0,0.0,0.0,0.6666666666666679,-0.6666666666666679,-17.433333333333337,0.479720853858785,0.15500821018062183,0.7333333333333272,-2.0,-1.0,-2.1000000000000227,-0.00017630015340019956,1.0,0.0
2019-05,장수군,2794.7322679827375,112081.1,27,0,0,0.0,0,0.0,0,0,0,0.0,16.27741935483871,16.348387096774193,73.3,6,4.0,31,0.0,273.7,3,0,0.6286173633440515,0,0,0.0,0.0,0,0.0,0,0,0,0.0,16.27741935483871,16.348387096774193,73.3,6,4.0,273.7,0.6286173633440515,3,0,0.0,0.0,0.0,0.0,0.0,0.0,0.0,8.0,2.0,23.799999999999997,10.28,13.563333333333334,89.0,6.0,0.0,172.6,0.4395212630506748,12.0,0.0,0.0,0.0,0.0,0.0,0.0,0.0,0.0,22.0,4.0,73.1,5.180645161290323,14.138709677419351,49.5,9.0,3.0,207.4,0.5593311758360302,5.0,0.0,5,7.935491591370575,0.09969014740609783,0.0,0.0,0.0,0.0,-0.3333333333333333,-0.6666666666666666,0.0,0.0,0.0,0.0,-0.2881720430107535,2.9548387096774196,-17.03333333333333,-1.0,2.666666666666667,44.99999999999997,0.10375410194060442,-2.666666666666667,0.0,0.0,0.0,0.0,0.0,0.0,0.0,0.0,0.0,1.0,4.599999999999998,0.21111111111111036,-0.7022222222222219,-12.733333333333334,-0.666666666666667,-3.6666666666666665,-40.400000000000006,-0.10225633754995328,3.666666666666666,0.0,0.0,0.0,0.0,0.0,0.0,0.0,0.0,0.33333333333333215,1.0,11.566666666666656,-0.7129032258064516,0.07741935483870499,-22.299999999999997,1.333333333333333,2.0,-0.3666666666666458,-0.00027506407329647153,-1.666666666666667,0.0
2019-06,장수군,2333.4947614473454,132629.0,25,3,0,1.1000000000000014,0,0.0,0,0,0,0.0,19.89333333333333,11.123333333333335,169.7,9,3.0,30,3.0,194.8,8,2,0.44637946837763526,3,0,1.1000000000000014,3.0,0,0.0,0,0,0,0.0,19.89333333333333,11.123333333333335,169.7,9,3.0,194.8,0.44637946837763526,8,2,0.0,0.0,0.0,0.0,0.0,0.0,0.0,0.0,0.0,0.0,16.27741935483871,16.348387096774193,73.3,6.0,4.0,273.7,0.6286173633440515,3.0,0.0,0.0,0.0,0.0,0.0,0.0,0.0,0.0,8.0,2.0,23.799999999999997,10.28,13.563333333333334,89.0,6.0,0.0,172.6,0.4395212630506748,12.0,0.0,6,7.755122320453708,-0.04098994466066852,-1.0,0.0,-2.3333333333333335,1.0,-1.3333333333333333,-0.8666666666666671,0.0,0.0,0.0,0.0,-0.8111111111111136,-0.11999999999999922,-17.666666666666686,-0.3333333333333339,-1.333333333333333,4.466666666666669,0.010297259928293556,0.33333333333333304,-4.333333333333333,0.0,0.0,0.0,0.0,-0.3333333333333333,-0.6666666666666666,0.0,0.0,0.0,0.0,-0.2881720430107535,2.9548387096774196,-17.03333333333333,-1.0,2.666666666666667,44.99999999999997,0.10375410194060442,-2.666666666666667,0.0,0.0,0.0,0.0,0.0,0.0,0.0,0.0,0.0,1.0,4.599999999999998,0.21111111111111036,-0.7022222222222219,-12.733333333333334,-0.666666666666667,-3.6666666666666665,-40.400000000000006,-0.10225633754995328,3.666666666666666,0.0
2019-07,장수군,3142.171365370207,158292.6,27,6,0,4.299999999999997,12,35.2,9,0,0,0.0,23.067741935483873,8.238709677419356,299.0,12,8.0,31,3.0,123.1,15,7,0.27756482525366405,6,0,4.299999999999997,3.0,12,35.2,9,0,0,0.0,23.067741935483873,8.238709677419356,299.0,12,8.0,123.1,0.27756482525366405,15,7,3.0,0.0,1.1000000000000014,3.0,0.0,0.0,0.0,0.0,0.0,0.0,19.89333333333333,11.123333333333335,169.7,9.0,3.0,194.8,0.44637946837763526,8.0,2.0,0.0,0.0,0.0,0.0,0.0,0.0,0.0,0.0,0.0,0.0,16.27741935483871,16.348387096774193,73.3,6.0,4.0,273.7,0.6286173633440515,3.0,0.0,7,8.052669357547973,-0.21126503329201718,-3.0,-4.333333333333333,-20.899999999999995,-5.0,-2.333333333333334,9.86666666666667,-1.0,0.0,0.0,0.0,-0.2741935483870961,-0.2634408602150522,-30.366666666666674,0.0,-1.0,-9.5,-0.021444153305810953,0.6666666666666661,-2.333333333333334,-1.0,0.0,-2.3333333333333335,1.0,-1.3333333333333333,-0.8666666666666671,0.0,0.0,0.0,0.0,-0.8111111111111136,-0.11999999999999922,-17.666666666666686,-0.3333333333333339,-1.333333333333333,4.466666666666669,0.010297259928293556,0.33333333333333304,-4.333333333333333,0.0,0.0,0.0,0.0,-0.3333333333333333,-0.6666666666666666,0.0,0.0,0.0,0.0,-0.2881720430107535,2.9548387096774196,-17.03333333333333,-1.0,2.666666666666667,44.99999999999997,0.10375410194060442,-2.666666666666667,0.0
2019-08,장수군,4440.736859708849,152477.9,27,13,5,31.299999999999997,15,25.9,14,0,0,0.0,24.04516129032258,10.154838709677419,88.4,8,3.0,31,10.0,167.9,9,9,0.4013865646665073,13,5,31.299999999999997,10.0,15,25.9,14,0,0,0.0,24.04516129032258,10.154838709677419,88.4,8,3.0,167.9,0.4013865646665073,9,9,6.0,0.0,4.299999999999997,3.0,12.0,35.2,9.0,0.0,0.0,0.0,23.067741935483873,8.238709677419356,299.0,12.0,8.0,123.1,0.27756482525366405,15.0,7.0,3.0,0.0,1.1000000000000014,3.0,0.0,0.0,0.0,0.0,0.0,0.0,19.89333333333333,11.123333333333335,169.7,9.0,3.0,194.8,0.44637946837763526,8.0,2.0,8,8.39857560105042,-0.25508660900562674,-3.666666666666668,-1.0,-7.933333333333337,-2.666666666666666,-6.0,-14.166666666666671,-5.0,0.0,0.0,0.0,-0.8752688172043008,0.6182795698924721,-337.3666666666667,-2.666666666666666,-3.0,4.333333333333343,0.010184139475936327,-2.333333333333334,-4.0,-3.0,-4.333333333333333,-20.899999999999995,-5.0,-2.333333333333334,9.86666666666667,-1.0,0.0,0.0,0.0,-0.2741935483870961,-0.2634408602150522,-30.366666666666674,0.0,-1.0,-9.5,-0.021444153305810953,0.6666666666666661,-2.333333333333334,-1.0,0.0,-2.3333333333333335,1.0,-1.3333333333333333,-0.8666666666666671,0.0,0.0,0.0,0.0,-0.8111111111111136,-0.11999999999999922,-17.666666666666686,-0.3333333333333339,-1.333333333333333,4.466666666666669,0.010297259928293556,0.33333333333333304,-4.333333333333333
2019-09,장수군,6262.9042229758015,120609.5,23,0,0,0.0,4,1.6000000000000014,1,0,0,0.0,20.053333333333335,10.516666666666667,239.1,11,6.0,30,0.0,118.3,15,7,0.3174134692782399,0,0,0.0,0.0,4,1.6000000000000014,1,0,0,0.0,20.053333333333335,10.516666666666667,239.1,11,6.0,118.3,0.3174134692782399,15,7,13.0,5.0,31.299999999999997,10.0,15.0,25.9,14.0,0.0,0.0,0.0,24.04516129032258,10.154838709677419,88.4,8.0,3.0,167.9,0.4013865646665073,9.0,9.0,6.0,0.0,4.299999999999997,3.0,12.0,35.2,9.0,0.0,0.0,0.0,23.067741935483873,8.238709677419356,299.0,12.0,8.0,123.1,0.27756482525366405,15.0,7.0,9,8.742399289893042,-0.12556042744714802,0.0,0.0,0.0,0.0,2.333333333333333,0.36666666666666714,0.6666666666666667,0.0,0.0,0.0,1.3911111111111119,-0.015555555555554434,25.46666666666667,0.6666666666666661,0.666666666666667,-3.5999999999999943,-0.009976728114448219,1.333333333333334,2.333333333333333,-3.666666666666668,-1.0,-7.933333333333337,-2.666666666666666,-6.0,-14.166666666666671,-5.0,0.0,0.0,0.0,-0.8752688172043008,0.6182795698924721,-337.3666666666667,-2.666666666666666,-3.0,4.333333333333343,0.010184139475936327,-2.333333333333334,-4.0,-3.0,-4.333333333333333,-20.899999999999995,-5.0,-2.333333333333334,9.86666666666667,-1.0,0.0,0.0,0.0,-0.2741935483870961,-0.2634408602150522,-30.366666666666674,0.0,-1.0,-9.5,-0.021444153305810953,0.6666666666666661,-2.333333333333334
2019-10,장수군,6763.010341179564,131209.5,27,0,0,0.0,0,0.0,0,1,0,1.3,13.041935483870969,12.719354838709679,127.4,5,3.0,31,0.0,171.3,10,0,0.4885909868796349,0,0,0.0,0.0,0,0.0,0,1,0,1.3,13.041935483870969,12.719354838709679,127.4,5,3.0,171.3,0.4885909868796349,10,0,0.0,0.0,0.0,0.0,4.0,1.6000000000000014,1.0,0.0,0.0,0.0,20.053333333333335,10.516666666666667,239.1,11.0,6.0,118.3,0.3174134692782399,15.0,7.0,13.0,5.0,31.299999999999997,10.0,15.0,25.9,14.0,0.0,0.0,0.0,24.04516129032258,10.154838709677419,88.4,8.0,3.0,167.9,0.4013865646665073,9.0,9.0,10,8.819223386655475,0.6843481739220554,0.0,0.0,0.0,0.0,0.0,0.0,0.0,-2.0,0.0,-0.5666666666666669,1.5989247311827963,-0.9193548387096762,34.26666666666668,-0.33333333333333304,-0.3333333333333335,-17.833333333333314,-0.05151998226984017,3.0,0.0,0.0,0.0,0.0,0.0,2.333333333333333,0.36666666666666714,0.6666666666666667,0.0,0.0,0.0,1.3911111111111119,-0.015555555555554434,25.46666666666667,0.6666666666666661,0.666666666666667,-3.5999999999999943,-0.009976728114448219,1.333333333333334,2.333333333333333,-3.666666666666668,-1.0,-7.933333333333337,-2.666666666666666,-6.0,-14.166666666666671,-5.0,0.0,0.0,0.0,-0.8752688172043008,0.6182795698924721,-337.3666666666667,-2.666666666666666,-3.0,4.333333333333343,0.010184139475936327,-2.333333333333334,-4.0
2019-11,장수군,3335.7850241231945,82016.5,26,0,0,0.0,0,0.0,0,17,2,47.900000000000006,6.3,15.120689655172415,28.0,2,0.0,30,0.0,151.6,10,0,0.48966408268733846,0,0,0.0,0.0,0,0.0,0,17,2,47.900000000000006,6.3,15.120689655172415,28.0,2,0.0,151.6,0.48966408268733846,10,0,0.0,0.0,0.0,0.0,0.0,0.0,0.0,1.0,0.0,1.3,13.041935483870969,12.719354838709679,127.4,5.0,3.0,171.3,0.4885909868796349,10.0,0.0,0.0,0.0,0.0,0.0,4.0,1.6000000000000014,1.0,0.0,0.0,0.0,20.053333333333335,10.516666666666667,239.1,11.0,6.0,118.3,0.3174134692782399,15.0,7.0,11,8.11246332019214,0.39142924602523355,0.0,0.0,0.0,0.0,0.0,0.0,0.0,-2.0,0.6666666666666667,0.6000000000000014,0.3433333333333337,0.8060153256704972,-20.166666666666664,-2.0,-1.0,-9.76666666666668,-0.03183292273336141,0.6666666666666661,0.0,0.0,0.0,0.0,0.0,0.0,0.0,0.0,-2.0,0.0,-0.5666666666666669,1.5989247311827963,-0.9193548387096762,34.26666666666668,-0.33333333333333304,-0.3333333333333335,-17.833333333333314,-0.05151998226984017,3.0,0.0,0.0,0.0,0.0,0.0,2.333333333333333,0.36666666666666714,0.6666666666666667,0.0,0.0,0.0,1.3911111111111119,-0.015555555555554434,25.46666666666667,0.6666666666666661,0.666666666666667,-3.5999999999999943,-0.009976728114448219,1.333333333333334,2.333333333333333
2019-12,장수군,3424.9856331171713,33771.0,26,0,0,0.0,0,0.0,0,29,13,141.9,0.6967741935483871,11.148387096774194,38.5,7,0.0,31,0.0,151.4,11,0,0.4973718791064389,0,0,0.0,0.0,0,0.0,0,29,13,141.9,0.6967741935483871,11.148387096774194,38.5,7,0.0,151.4,0.4973718791064389,11,0,0.0,0.0,0.0,0.0,0.0,0.0,0.0,17.0,2.0,47.900000000000006,6.3,15.120689655172415,28.0,2.0,0.0,151.6,0.48966408268733846,10.0,0.0,0.0,0.0,0.0,0.0,0.0,0.0,0.0,1.0,0.0,1.3,13.041935483870969,12.719354838709679,127.4,5.0,3.0,171.3,0.4885909868796349,10.0,0.0,12,8.138852555977213,0.20624309677171837,0.0,0.0,0.0,0.0,0.0,0.0,0.0,0.0,-4.666666666666668,-42.56666666666669,1.317204301075269,-0.2741935483870961,11.733333333333334,1.333333333333333,0.0,-3.5999999999999943,-0.01199171982036129,0.6666666666666661,0.0,0.0,0.0,0.0,0.0,0.0,0.0,0.0,-2.0,0.6666666666666667,0.6000000000000014,0.3433333333333337,0.8060153256704972,-20.166666666666664,-2.0,-1.0,-9.76666666666668,-0.03183292273336141,0.6666666666666661,0.0,0.0,0.0,0.0,0.0,0.0,0.0,0.0,-2.0,0.0,-0.5666666666666669,1.5989247311827963,-0.9193548387096762,34.26666666666668,-0.33333333333333304,-0.3333333333333335,-17.833333333333314,-0.05151998226984017,3.0,0.0
2020-01,장수군,5657.896803882481,21069.0,23,0,0,0.0,0,0.0,0,24,14,126.7,0.6225806451612903,9.693548387096774,108.6,7,3.0,31,0.0,117.1,16,0,0.3759229534510433,0,0,0.0,0.0,0,0.0,0,24,14,126.7,0.6225806451612903,9.693548387096774,108.6,7,3.0,117.1,0.3759229534510433,16,0,0.0,0.0,0.0,0.0,0.0,0.0,0.0,29.0,13.0,141.9,0.6967741935483871,11.148387096774194,38.5,7.0,0.0,151.4,0.4973718791064389,11.0,0.0,0.0,0.0,0.0,0.0,0.0,0.0,0.0,17.0,2.0,47.900000000000006,6.3,15.120689655172415,28.0,2.0,0.0,151.6,0.48966408268733846,10.0,0.0,1,8.640807512720716,0.34298207300557415,0.0,0.0,0.0,0.0,0.0,0.0,0.0,-4.5,-8.0,-117.14999999999999,2.713548387096774,-1.9451612903225808,60.099999999999994,1.0,1.5,-41.25,-0.13192152055291495,6.0,0.0,0.0,0.0,0.0,0.0,0.0,0.0,0.0,0.0,-4.666666666666668,-42.56666666666669,1.317204301075269,-0.2741935483870961,11.733333333333334,1.333333333333333,0.0,-3.5999999999999943,-0.01199171982036129,0.6666666666666661,0.0,0.0,0.0,0.0,0.0,0.0,0.0,0.0,-2.0,0.6666666666666667,0.6000000000000014,0.3433333333333337,0.8060153256704972,-20.166666666666664,-2.0,-1.0,-9.76666666666668,-0.03183292273336141,0.6666666666666661,0.0
2020-02,장수군,2425.7608701177514,22505.0,25,0,0,0.0,0,0.0,0,22,13,125.90000000000002,1.696551724137931,12.020689655172415,65.3,8,3.0,29,0.0,171.7,6,0,0.543010752688172,0,0,0.0,0.0,0,0.0,0,22,13,125.90000000000002,1.696551724137931,12.020689655172415,65.3,8,3.0,171.7,0.543010752688172,6,0,0.0,0.0,0.0,0.0,0.0,0.0,0.0,24.0,14.0,126.7,0.6225806451612903,9.693548387096774,108.6,7.0,3.0,117.1,0.3759229534510433,16.0,0.0,0.0,0.0,0.0,0.0,0.0,0.0,0.0,29.0,13.0,141.9,0.6967741935483871,11.148387096774194,38.5,7.0,0.0,151.4,0.4973718791064389,11.0,0.0,2,7.7939005150322345,-0.08845876631512439,0.0,0.0,0.0,0.0,0.0,0.0,0.0,-2.5,-3.5,-38.825,1.3224137931034483,-0.5639470443349754,22.874999999999993,3.75,2.25,-2.6750000000000114,-0.023483029964963098,0.0,0.0,0.0,0.0,0.0,0.0,0.0,0.0,0.0,-4.5,-8.0,-117.14999999999999,2.713548387096774,-1.9451612903225808,60.099999999999994,1.0,1.5,-41.25,-0.13192152055291495,6.0,0.0,0.0,0.0,0.0,0.0,0.0,0.0,0.0,0.0,-4.666666666666668,-42.56666666666669,1.317204301075269,-0.2741935483870961,11.733333333333334,1.333333333333333,0.0,-3.5999999999999943,-0.01199171982036129,0.6666666666666661,0.0
2020-03,장수군,2516.23977409404,33390.0,26,0,0,0.0,0,0.0,0,21,4,58.70000000000001,6.058064516129033,13.725806451612906,43.2,5,0.0,31,0.0,217.7,6,0,0.5856873822975518,0,0,0.0,0.0,0,0.0,0,21,4,58.70000000000001,6.058064516129033,13.725806451612906,43.2,5,0.0,217.7,0.5856873822975518,6,0,0.0,0.0,0.0,0.0,0.0,0.0,0.0,22.0,13.0,125.90000000000002,1.696551724137931,12.020689655172415,65.3,8.0,3.0,171.7,0.543010752688172,6.0,0.0,0.0,0.0,0.0,0.0,0.0,0.0,0.0,24.0,14.0,126.7,0.6225806451612903,9.693548387096774,108.6,7.0,3.0,117.1,0.3759229534510433,16.0,0.0,3,7.830520912999013,-0.019982520370418477,0.0,0.0,0.0,0.0,0.0,0.0,0.0,-0.6666666666666679,1.0,-2.8333333333333286,0.16451612903225854,-0.33548387096774057,-28.599999999999994,-2.666666666666667,-1.0,9.933333333333337,0.02608114238822512,-0.666666666666667,0.0,0.0,0.0,0.0,0.0,0.0,0.0,0.0,-3.333333333333332,-4.666666666666668,-49.43333333333335,1.8119868637110017,-0.5135878489326764,21.433333333333323,4.0,2.0,-2.842170943040401e-14,-0.013231121235720011,0.0,0.0,0.0,0.0,0.0,0.0,0.0,0.0,0.0,-4.666666666666668,-8.0,-100.2,2.4578494623655915,-1.6763440860215049,55.93333333333333,1.333333333333333,1.0,-41.69999999999999,-0.1335217131585279,5.666666666666666,0.0
2020-04,장수군,2375.454507353256,46782.0,26,0,0,0.0,0,0.0,0,13,1,27.7,8.22,14.846666666666668,45.7,3,3.0,30,0.0,253.3,5,0,0.6437102922490471,0,0,0.0,0.0,0,0.0,0,13,1,27.7,8.22,14.846666666666668,45.7,3,3.0,253.3,0.6437102922490471,5,0,0.0,0.0,0.0,0.0,0.0,0.0,0.0,21.0,4.0,58.70000000000001,6.058064516129033,13.725806451612906,43.2,5.0,0.0,217.7,0.5856873822975518,6.0,0.0,0.0,0.0,0.0,0.0,0.0,0.0,0.0,22.0,13.0,125.90000000000002,1.696551724137931,12.020689655172415,65.3,8.0,3.0,171.7,0.543010752688172,6.0,0.0,4,7.772944069676709,-0.07590834720940798,0.0,0.0,0.0,0.0,0.0,0.0,0.0,5.0,0.0,8.5,-1.8488888888888884,0.5811111111111114,-56.03333333333333,-3.666666666666667,-0.6666666666666665,40.30000000000001,0.101932691648419,-3.333333333333334,0.0,0.0,0.0,0.0,0.0,0.0,0.0,0.0,-0.6666666666666679,1.0,-2.8333333333333286,0.16451612903225854,-0.33548387096774057,-28.599999999999994,-2.666666666666667,-1.0,9.933333333333337,0.02608114238822512,-0.666666666666667,0.0,0.0,0.0,0.0,0.0,0.0,0.0,0.0,-3.333333333333332,-4.666666666666668,-49.43333333333335,1.8119868637110017,-0.5135878489326764,21.433333333333323,4.0,2.0,-2.842170943040401e-14,-0.013231121235720011,0.0,0.0
2020-05,장수군,2182.253543371922,85862.0,26,0,0,0.0,0,0.0,0,0,0,0.0,16.506451612903227,11.903225806451612,81.39999999999999,6,0.0,31,0.0,211.1,7,0,0.4840632882366429,0,0,0.0,0.0,0,0.0,0,0,0,0.0,16.506451612903227,11.903225806451612,81.39999999999999,6,0.0,211.1,0.4840632882366429,7,0,0.0,0.0,0.0,0.0,0.0,0.0,0.0,13.0,1.0,27.7,8.22,14.846666666666668,45.7,3.0,3.0,253.3,0.6437102922490471,5.0,0.0,0.0,0.0,0.0,0.0,0.0,0.0,0.0,21.0,4.0,58.70000000000001,6.058064516129033,13.725806451612906,43.2,5.0,0.0,217.7,0.5856873822975518,6.0,0.0,5,7.688113357338243,-0.14768808662623378,0.0,0.0,0.0,0.0,-0.3333333333333333,-0.6666666666666666,0.0,0.0,0.0,0.0,-0.05913978494623606,-1.4903225806451612,-8.933333333333337,-1.0,-1.3333333333333333,-17.600000000000023,-0.04079997316680417,1.333333333333333,0.0,0.0,0.0,0.0,0.0,0.0,0.0,0.0,5.0,0.0,8.5,-1.8488888888888884,0.5811111111111114,-56.03333333333333,-3.666666666666667,-0.6666666666666665,40.30000000000001,0.101932691648419,-3.333333333333334,0.0,0.0,0.0,0.0,0.0,0.0,0.0,0.0,-0.6666666666666679,1.0,-2.8333333333333286,0.16451612903225854,-0.33548387096774057,-28.599999999999994,-2.666666666666667,-1.0,9.933333333333337,0.02608114238822512,-0.666666666666667,0.0
2020-06,장수군,3229.92182950679,100221.0,26,6,0,5.0000000000000036,2,0.3000000000000007,0,0,0,0.0,21.476666666666667,10.456666666666667,210.20000000000002,11,5.0,30,3.0,177.2,9,15,0.40586349060925325,6,0,5.0000000000000036,3.0,2,0.3000000000000007,0,0,0,0.0,21.476666666666667,10.456666666666667,210.20000000000002,11,5.0,177.2,0.40586349060925325,9,15,0.0,0.0,0.0,0.0,0.0,0.0,0.0,0.0,0.0,0.0,16.506451612903227,11.903225806451612,81.39999999999999,6.0,0.0,211.1,0.4840632882366429,7.0,0.0,0.0,0.0,0.0,0.0,0.0,0.0,0.0,13.0,1.0,27.7,8.22,14.846666666666668,45.7,3.0,3.0,253.3,0.6437102922490471,5.0,0.0,6,8.080213214532757,0.28410094941837993,2.0,0.0,1.5666666666666687,1.0,0.6666666666666667,-0.5666666666666664,0.0,0.0,0.0,0.0,0.7722222222222221,-0.7866666666666671,22.833333333333343,1.666666666666666,0.666666666666667,-13.133333333333354,-0.03021871784008845,1.333333333333333,8.666666666666668,0.0,0.0,0.0,0.0,-0.3333333333333333,-0.6666666666666666,0.0,0.0,0.0,0.0,-0.05913978494623606,-1.4903225806451612,-8.933333333333337,-1.0,-1.3333333333333333,-17.600000000000023,-0.04079997316680417,1.333333333333333,0.0,0.0,0.0,0.0,0.0,0.0,0.0,0.0,5.0,0.0,8.5,-1.8488888888888884,0.5811111111111114,-56.03333333333333,-3.666666666666667,-0.6666666666666665,40.30000000000001,0.101932691648419,-3.333333333333334,0.0
2020-07,장수군,5053.91345910127,94544.5,27,0,0,0.0,9,9.600000000000001,0,0,0,0.0,21.561290322580643,6.683870967741934,584.6,19,16.0,31,0.0,69.7,20,18,0.15722986690728627,0,0,0.0,0.0,9,9.600000000000001,0,0,0,0.0,21.561290322580643,6.683870967741934,584.6,19,16.0,69.7,0.15722986690728627,20,18,6.0,0.0,5.0000000000000036,3.0,2.0,0.3000000000000007,0.0,0.0,0.0,0.0,21.476666666666667,10.456666666666667,210.20000000000002,11.0,5.0,177.2,0.40586349060925325,9.0,15.0,0.0,0.0,0.0,0.0,0.0,0.0,0.0,0.0,0.0,0.0,16.506451612903227,11.903225806451612,81.39999999999999,6.0,0.0,211.1,0.4840632882366429,7.0,0.0,7,8.527918164552874,0.2639837737128836,-9.0,-4.333333333333333,-25.199999999999992,-8.0,-5.333333333333334,-15.73333333333333,-10.0,0.0,0.0,0.0,-1.7806451612903267,-1.818279569892474,255.23333333333335,7.0,7.0,-62.89999999999999,-0.14177911165218873,5.666666666666666,8.666666666666666,2.0,0.0,1.5666666666666687,1.0,0.6666666666666667,-0.5666666666666664,0.0,0.0,0.0,0.0,0.7722222222222221,-0.7866666666666671,22.833333333333343,1.666666666666666,0.666666666666667,-13.133333333333354,-0.03021871784008845,1.333333333333333,8.666666666666668,0.0,0.0,0.0,0.0,-0.3333333333333333,-0.6666666666666666,0.0,0.0,0.0,0.0,-0.05913978494623606,-1.4903225806451612,-8.933333333333337,-1.0,-1.3333333333333333,-17.600000000000023,-0.04079997316680417,1.333333333333333,0.0
2020-08,장수군,8109.231249662597,102992.6,26,16,1,17.10000000000001,27,63.80000000000001,22,0,0,0.0,25.29032258064516,7.632258064516129,623.4,15,12.0,31,9.0,131.2,16,28,0.3141762452107279,16,1,17.10000000000001,9.0,27,63.80000000000001,22,0,0,0.0,25.29032258064516,7.632258064516129,623.4,15,12.0,131.2,0.3141762452107279,16,28,0.0,0.0,0.0,0.0,9.0,9.600000000000001,0.0,0.0,0.0,0.0,21.561290322580643,6.683870967741934,584.6,19.0,16.0,69.7,0.15722986690728627,20.0,18.0,6.0,0.0,5.0000000000000036,3.0,2.0,0.3000000000000007,0.0,0.0,0.0,0.0,21.476666666666667,10.456666666666667,210.20000000000002,11.0,5.0,177.2,0.40586349060925325,9.0,15.0,8,9.000758352192715,0.3470961421366692,-0.6666666666666679,-5.0,-22.133333333333326,-3.666666666666666,6.0,23.73333333333334,3.0,0.0,0.0,0.0,0.36989247311828066,-1.904301075268818,197.63333333333333,4.333333333333334,6.0,-32.366666666666674,-0.07702617997984307,4.666666666666666,15.0,-9.0,-4.333333333333333,-25.199999999999992,-8.0,-5.333333333333334,-15.73333333333333,-10.0,0.0,0.0,0.0,-1.7806451612903267,-1.818279569892474,255.23333333333335,7.0,7.0,-62.89999999999999,-0.14177911165218873,5.666666666666666,8.666666666666666,2.0,0.0,1.5666666666666687,1.0,0.6666666666666667,-0.5666666666666664,0.0,0.0,0.0,0.0,0.7722222222222221,-0.7866666666666671,22.833333333333343,1.666666666666666,0.666666666666667,-13.133333333333354,-0.03021871784008845,1.333333333333333,8.666666666666668
2020-09,장수군,5677.483253004571,109599.6,26,0,0,0.0,1,2.1000000000000014,0,0,0,0.0,17.803333333333335,9.803333333333333,268.2,10,4.0,30,0.0,115.7,14,4,0.3111051357891907,0,0,0.0,0.0,1,2.1000000000000014,0,0,0,0.0,17.803333333333335,9.803333333333333,268.2,10,4.0,115.7,0.3111051357891907,14,4,16.0,1.0,17.10000000000001,9.0,27.0,63.80000000000001,22.0,0.0,0.0,0.0,25.29032258064516,7.632258064516129,623.4,15.0,12.0,131.2,0.3141762452107279,16.0,28.0,0.0,0.0,0.0,0.0,9.0,9.600000000000001,0.0,0.0,0.0,0.0,21.561290322580643,6.683870967741934,584.6,19.0,16.0,69.7,0.15722986690728627,20.0,18.0,9,8.644263324262386,-0.22369639307780353,0.0,0.0,0.0,0.0,-0.6666666666666667,0.8666666666666671,-0.3333333333333333,0.0,0.0,0.0,-0.8588888888888881,-0.7288888888888891,54.56666666666666,-0.3333333333333339,-1.333333333333333,-6.199999999999989,-0.01628506160349741,0.3333333333333339,-0.666666666666667,-0.6666666666666679,-5.0,-22.133333333333326,-3.666666666666666,6.0,23.73333333333334,3.0,0.0,0.0,0.0,0.36989247311828066,-1.904301075268818,197.63333333333333,4.333333333333334,6.0,-32.366666666666674,-0.07702617997984307,4.666666666666666,15.0,-9.0,-4.333333333333333,-25.199999999999992,-8.0,-5.333333333333334,-15.73333333333333,-10.0,0.0,0.0,0.0,-1.7806451612903267,-1.818279569892474,255.23333333333335,7.0,7.0,-62.89999999999999,-0.14177911165218873,5.666666666666666,8.666666666666666
2020-10,장수군,1839.408088309605,116956.7,24,0,0,0.0,0,0.0,0,2,0,2.4000000000000004,11.064516129032258,14.464516129032257,8.5,2,0.0,31,0.0,206.4,5,0,0.5900514579759862,0,0,0.0,0.0,0,0.0,0,2,0,2.4000000000000004,11.064516129032258,14.464516129032257,8.5,2,0.0,206.4,0.5900514579759862,5,0,0.0,0.0,0.0,0.0,1.0,2.1000000000000014,0.0,0.0,0.0,0.0,17.803333333333335,9.803333333333333,268.2,10.0,4.0,115.7,0.3111051357891907,14.0,4.0,16.0,1.0,17.10000000000001,9.0,27.0,63.80000000000001,22.0,0.0,0.0,0.0,25.29032258064516,7.632258064516129,623.4,15.0,12.0,131.2,0.3141762452107279,16.0,28.0,10,7.517199107713254,-0.6176761050201653,0.0,0.0,0.0,0.0,0.0,0.0,0.0,-1.0,0.0,0.5333333333333334,-0.37849462365591435,0.8258064516129018,-84.63333333333333,-3.333333333333333,-3.3333333333333335,17.26666666666668,0.04994048882651114,-2.0,0.0,0.0,0.0,0.0,0.0,-0.6666666666666667,0.8666666666666671,-0.3333333333333333,0.0,0.0,0.0,-0.8588888888888881,-0.7288888888888891,54.56666666666666,-0.3333333333333339,-1.333333333333333,-6.199999999999989,-0.01628506160349741,0.3333333333333339,-0.666666666666667,-0.6666666666666679,-5.0,-22.133333333333326,-3.666666666666666,6.0,23.73333333333334,3.0,0.0,0.0,0.0,0.36989247311828066,-1.904301075268818,197.63333333333333,4.333333333333334,6.0,-32.366666666666674,-0.07702617997984307,4.666666666666666,15.0
2020-11,장수군,1974.6204510249197,79572.1,25,0,0,0.0,0,0.0,0,18,1,40.50000000000001,6.236666666666666,13.163333333333334,73.4,4,0.0,30,0.0,164.7,10,0,0.5328372694920737,0,0,0.0,0.0,0,0.0,0,18,1,40.50000000000001,6.236666666666666,13.163333333333334,73.4,4,0.0,164.7,0.5328372694920737,10,0,0.0,0.0,0.0,0.0,0.0,0.0,0.0,2.0,0.0,2.4000000000000004,11.064516129032258,14.464516129032257,8.5,2.0,0.0,206.4,0.5900514579759862,5.0,0.0,0.0,0.0,0.0,0.0,1.0,2.1000000000000014,0.0,0.0,0.0,0.0,17.803333333333335,9.803333333333333,268.2,10.0,4.0,115.7,0.3111051357891907,14.0,4.0,11,7.588131482170672,-0.1329025919962339,0.0,0.0,0.0,0.0,0.0,0.0,0.0,-1.0,-0.33333333333333326,-6.799999999999997,0.28000000000000025,-1.1513409961685834,25.23333333333334,0.0,-1.0,3.3333333333333144,0.011340264071373785,0.6666666666666661,0.0,0.0,0.0,0.0,0.0,0.0,0.0,0.0,-1.0,0.0,0.5333333333333334,-0.37849462365591435,0.8258064516129018,-84.63333333333333,-3.333333333333333,-3.3333333333333335,17.26666666666668,0.04994048882651114,-2.0,0.0,0.0,0.0,0.0,0.0,-0.6666666666666667,0.8666666666666671,-0.3333333333333333,0.0,0.0,0.0,-0.8588888888888881,-0.7288888888888891,54.56666666666666,-0.3333333333333339,-1.333333333333333,-6.199999999999989,-0.01628506160349741,0.3333333333333339,-0.666666666666667
2020-12,장수군,3205.871952287492,32863.5,27,0,0,0.0,0,0.0,0,31,23,211.20000000000002,-1.7935483870967743,11.409677419354841,13.5,4,0.0,31,0.0,152.9,10,0,0.502795133179875,0,0,0.0,0.0,0,0.0,0,31,23,211.20000000000002,-1.7935483870967743,11.409677419354841,13.5,4,0.0,152.9,0.502795133179875,10,0,0.0,0.0,0.0,0.0,0.0,0.0,0.0,18.0,1.0,40.50000000000001,6.236666666666666,13.163333333333334,73.4,4.0,0.0,164.7,0.5328372694920737,10.0,0.0,0.0,0.0,0.0,0.0,0.0,0.0,0.0,2.0,0.0,2.4000000000000004,11.064516129032258,14.464516129032257,8.5,2.0,0.0,206.4,0.5900514579759862,5.0,0.0,12,8.072739392349257,0.1401299331437631,0.0,0.0,0.0,0.0,0.0,0.0,0.0,2.0,5.333333333333332,26.73333333333332,-1.1731182795698927,-0.01290322580644876,-13.266666666666666,-1.666666666666667,0.0,-2.0999999999999943,-0.006568465746925156,-0.3333333333333339,0.0,0.0,0.0,0.0,0.0,0.0,0.0,0.0,-1.0,-0.33333333333333326,-6.799999999999997,0.28000000000000025,-1.1513409961685834,25.23333333333334,0.0,-1.0,3.3333333333333144,0.011340264071373785,0.6666666666666661,0.0,0.0,0.0,0.0,0.0,0.0,0.0,0.0,-1.0,0.0,0.5333333333333334,-0.37849462365591435,0.8258064516129018,-84.63333333333333,-3.333333333333333,-3.3333333333333335,17.26666666666668,0.04994048882651114,-2.0,0.0
2021-01,장수군,4887.008063582714,15759.0,25,0,0,0.0,0,0.0,0,28,22,294.7,-2.858064516129032,12.44516129032258,36.0,7,0.0,31,0.0,157.0,9,0,0.5030438961871194,0,0,0.0,0.0,0,0.0,0,28,22,294.7,-2.858064516129032,12.44516129032258,36.0,7,0.0,157.0,0.5030438961871194,9,0,0.0,0.0,0.0,0.0,0.0,0.0,0.0,31.0,23.0,211.20000000000002,-1.7935483870967743,11.409677419354841,13.5,4.0,0.0,152.9,0.502795133179875,10.0,0.0,0.0,0.0,0.0,0.0,0.0,0.0,0.0,18.0,1.0,40.50000000000001,6.236666666666666,13.163333333333334,73.4,4.0,0.0,164.7,0.5328372694920737,10.0,0.0,1,8.494335547275488,0.19651010756034637,0.0,0.0,0.0,0.0,0.0,0.0,0.0,-0.5,0.0,50.849999999999994,-0.7670967741935484,0.806451612903226,-12.5,1.0,-1.5,-1.3499999999999943,-0.004800577816838847,-1.0,0.0,0.0,0.0,0.0,0.0,0.0,0.0,0.0,2.0,5.333333333333332,26.73333333333332,-1.1731182795698927,-0.01290322580644876,-13.266666666666666,-1.666666666666667,0.0,-2.0999999999999943,-0.006568465746925156,-0.3333333333333339,0.0,0.0,0.0,0.0,0.0,0.0,0.0,0.0,-1.0,-0.33333333333333326,-6.799999999999997,0.28000000000000025,-1.1513409961685834,25.23333333333334,0.0,-1.0,3.3333333333333144,0.011340264071373785,0.6666666666666661,0.0
2021-02,장수군,2924.4988759260373,16603.0,21,0,0,0.0,0,0.0,0,22,13,132.9,1.842857142857143,12.735714285714284,38.1,5,0.0,28,0.0,182.4,6,0,0.5972495088408645,0,0,0.0,0.0,0,0.0,0,22,13,132.9,1.842857142857143,12.735714285714284,38.1,5,0.0,182.4,0.5972495088408645,6,0,0.0,0.0,0.0,0.0,0.0,0.0,0.0,28.0,22.0,294.7,-2.858064516129032,12.44516129032258,36.0,7.0,0.0,157.0,0.5030438961871194,9.0,0.0,0.0,0.0,0.0,0.0,0.0,0.0,0.0,31.0,23.0,211.20000000000002,-1.7935483870967743,11.409677419354841,13.5,4.0,0.0,152.9,0.502795133179875,10.0,0.0,2,7.980878420518513,0.09851913917115418,0.0,0.0,0.0,0.0,0.0,0.0,0.0,-2.5,-3.5,-31.825000000000017,1.4687192118226602,0.1510775862068936,-4.325000000000003,0.75,-0.75,8.025000000000006,0.03075572618772937,0.0,0.0,0.0,0.0,0.0,0.0,0.0,0.0,0.0,-0.5,0.0,50.849999999999994,-0.7670967741935484,0.806451612903226,-12.5,1.0,-1.5,-1.3499999999999943,-0.004800577816838847,-1.0,0.0,0.0,0.0,0.0,0.0,0.0,0.0,0.0,2.0,5.333333333333332,26.73333333333332,-1.1731182795698927,-0.01290322580644876,-13.266666666666666,-1.666666666666667,0.0,-2.0999999999999943,-0.006568465746925156,-0.3333333333333339,0.0
2018-01,전주시,3001.705818352966,55773.0,26,0,0,0.0,0,0.0,0,25,12,170.0,-1.5387096774193547,8.038709677419355,28.4,6,3.0,31,0.0,178.3,8,0,0.5722079589216945,0,0,0.0,0.0,0,0.0,0,25,12,170.0,-1.5387096774193547,8.038709677419355,28.4,6,3.0,178.3,0.5722079589216945,8,0,,,,,,,,,,,,,,,,,,,,,,,,,,,,,,,,,,,,,,,1,8.006936012172696,-0.013667473422804832,0.0,0.0,0.0,0.0,0.0,0.0,0.0,1.5,1.75,47.77499999999999,-2.2798387096774193,-0.7080645161290331,-8.375000000000007,0.25,1.5,10.125,0.03236140425166234,0.25,0.0,,,,,,,,,,,,,,,,,,,,,,,,,,,,,,,,,,,,,,
2018-02,전주시,2480.62289734528,48103.0,21,0,0,0.0,0,0.0,0,25,12,124.4,0.4107142857142857,10.50357142857143,21.5,1,0.0,28,0.0,197.3,2,0,0.6470974089865531,0,0,0.0,0.0,0,0.0,0,25,12,124.4,0.4107142857142857,10.50357142857143,21.5,1,0.0,197.3,0.6470974089865531,2,0,0.0,0.0,0.0,0.0,0.0,0.0,0.0,25.0,12.0,170.0,-1.5387096774193547,8.038709677419355,28.4,6.0,3.0,178.3,0.5722079589216945,8.0,0.0,,,,,,,,,,,,,,,,,,,,2,7.816264975905942,0.3262185387231158,0.0,0.0,0.0,0.0,0.0,0.0,0.0,5.5,6.0,49.17500000000001,-2.4819889162561575,0.3710283251231541,-13.549999999999997,-2.75,0.0,12.425000000000011,0.04614738315525391,-2.75,0.0,0.0,0.0,0.0,0.0,0.0,0.0,0.0,1.5,1.75,47.77499999999999,-2.2798387096774193,-0.7080645161290331,-8.375000000000007,0.25,1.5,10.125,0.03236140425166234,0.25,0.0,,,,,,,,,,,,,,,,,,,
2018-03,전주시,1964.4366849844923,56102.0,26,0,0,0.0,0,0.0,0,3,0,7.3999999999999995,9.04516129032258,11.683870967741939,98.0,8,0.0,31,0.0,209.4,8,0,0.5642683912691997,0,0,0.0,0.0,0,0.0,0,3,0,7.3999999999999995,9.04516129032258,11.683870967741939,98.0,8,0.0,209.4,0.5642683912691997,8,0,0.0,0.0,0.0,0.0,0.0,0.0,0.0,25.0,12.0,124.4,0.4107142857142857,10.50357142857143,21.5,1.0,0.0,197.3,0.6470974089865531,2.0,0.0,0.0,0.0,0.0,0.0,0.0,0.0,0.0,25.0,12.0,170.0,-1.5387096774193547,8.038709677419355,28.4,6.0,3.0,178.3,0.5722079589216945,8.0,0.0,3,7.5829608088962805,0.09633651705436108,0.0,0.0,0.0,0.0,0.0,0.0,0.0,-2.0,0.0,0.16666666666666607,0.6634408602150543,-0.05376344086021412,45.833333333333336,2.0,-1.0,-11.333333333333343,-0.030274105527238526,1.666666666666667,0.0,0.0,0.0,0.0,0.0,0.0,0.0,0.0,4.333333333333332,5.333333333333333,43.2,-2.0081280788177343,0.5447044334975377,-20.666666666666664,-2.3333333333333335,0.0,13.366666666666703,0.050832892238136806,-2.666666666666667,0.0,0.0,0.0,0.0,0.0,0.0,0.0,0.0,1.0,4.0,60.233333333333334,-2.3634408602150536,-0.4043010752688172,-11.06666666666667,0.666666666666667,1.0,12.133333333333354,0.038702789033344454,0.0,0.0
2018-04,전주시,2006.4456802834873,57992.0,25,0,0,0.0,0,0.0,0,1,0,0.0,14.016666666666667,11.553333333333331,98.7,9,7.0,30,0.0,219.79999999999998,8,1,0.5592875318066157,0,0,0.0,0.0,0,0.0,0,1,0,0.0,14.016666666666667,11.553333333333331,98.7,9,7.0,219.79999999999998,0.5592875318066157,8,1,0.0,0.0,0.0,0.0,0.0,0.0,0.0,3.0,0.0,7.3999999999999995,9.04516129032258,11.683870967741939,98.0,8.0,0.0,209.4,0.5642683912691997,8.0,0.0,0.0,0.0,0.0,0.0,0.0,0.0,0.0,25.0,12.0,124.4,0.4107142857142857,10.50357142857143,21.5,1.0,0.0,197.3,0.6470974089865531,2.0,0.0,4,7.6041201174658575,0.17750451537809564,0.0,0.0,0.0,0.0,0.0,0.0,0.0,0.6666666666666667,0.0,0.0,1.5088888888888903,-0.171111111111113,25.30000000000001,2.333333333333333,3.6666666666666665,-10.433333333333366,-0.02604306036048587,1.666666666666667,0.6666666666666667,0.0,0.0,0.0,0.0,0.0,0.0,0.0,-2.0,0.0,0.16666666666666607,0.6634408602150543,-0.05376344086021412,45.833333333333336,2.0,-1.0,-11.333333333333343,-0.030274105527238526,1.666666666666667,0.0,0.0,0.0,0.0,0.0,0.0,0.0,0.0,4.333333333333332,5.333333333333333,43.2,-2.0081280788177343,0.5447044334975377,-20.666666666666664,-2.3333333333333335,0.0,13.366666666666703,0.050832892238136806,-2.666666666666667,0.0
2018-05,전주시,1464.745606165245,65593.5,27,1,0,0.3000000000000007,2,7.399999999999999,2,0,0,0.0,18.91290322580645,10.858064516129033,122.10000000000001,10,0.0,31,0.0,204.9,7,4,0.469954128440367,1,0,0.3000000000000007,0.0,2,7.399999999999999,2,0,0,0.0,18.91290322580645,10.858064516129033,122.10000000000001,10,0.0,204.9,0.469954128440367,7,4,0.0,0.0,0.0,0.0,0.0,0.0,0.0,1.0,0.0,0.0,14.016666666666667,11.553333333333331,98.7,9.0,7.0,219.79999999999998,0.5592875318066157,8.0,1.0,0.0,0.0,0.0,0.0,0.0,0.0,0.0,3.0,0.0,7.3999999999999995,9.04516129032258,11.683870967741939,98.0,8.0,0.0,209.4,0.5642683912691997,8.0,0.0,5,7.2894368587038905,-0.046153096684458994,-0.33333333333333326,0.0,-1.099999999999999,0.0,1.3333333333333335,4.933333333333332,1.3333333333333335,0.0,0.0,0.0,0.1215053763440821,-0.6526881720430087,39.866666666666674,2.666666666666667,0.0,-32.23333333333332,-0.07391988079648493,0.33333333333333304,2.333333333333333,0.0,0.0,0.0,0.0,0.0,0.0,0.0,0.6666666666666667,0.0,0.0,1.5088888888888903,-0.171111111111113,25.30000000000001,2.333333333333333,3.6666666666666665,-10.433333333333366,-0.02604306036048587,1.666666666666667,0.6666666666666667,0.0,0.0,0.0,0.0,0.0,0.0,0.0,-2.0,0.0,0.16666666666666607,0.6634408602150543,-0.05376344086021412,45.833333333333336,2.0,-1.0,-11.333333333333343,-0.030274105527238526,1.666666666666667,0.0
2018-06,전주시,1427.9329274887743,50999.0,26,8,1,11.7,6,11.2,4,0,0,0.0,23.09333333333333,10.286666666666665,137.2,6,3.0,30,7.0,206.4,5,14,0.4725274725274725,8,1,11.7,7.0,6,11.2,4,0,0,0.0,23.09333333333333,10.286666666666665,137.2,6,3.0,206.4,0.4725274725274725,5,14,1.0,0.0,0.3000000000000007,0.0,2.0,7.399999999999999,2.0,0.0,0.0,0.0,18.91290322580645,10.858064516129033,122.10000000000001,10.0,0.0,204.9,0.469954128440367,7.0,4.0,0.0,0.0,0.0,0.0,0.0,0.0,0.0,1.0,0.0,0.0,14.016666666666667,11.553333333333331,98.7,9.0,7.0,219.79999999999998,0.5592875318066157,8.0,1.0,6,7.26398317225075,-0.21027743519300213,0.0,0.0,-0.1999999999999975,1.0,-1.333333333333333,2.533333333333333,0.6666666666666665,0.0,0.0,0.0,0.31555555555555515,0.6522222222222211,-0.7333333333333201,-1.666666666666667,0.3333333333333335,9.900000000000006,0.022659945480619892,-2.666666666666667,2.333333333333334,-0.33333333333333326,0.0,-1.099999999999999,0.0,1.3333333333333335,4.933333333333332,1.3333333333333335,0.0,0.0,0.0,0.1215053763440821,-0.6526881720430087,39.866666666666674,2.666666666666667,0.0,-32.23333333333332,-0.07391988079648493,0.33333333333333304,2.333333333333333,0.0,0.0,0.0,0.0,0.0,0.0,0.0,0.6666666666666667,0.0,0.0,1.5088888888888903,-0.171111111111113,25.30000000000001,2.333333333333333,3.6666666666666665,-10.433333333333366,-0.02604306036048587,1.666666666666667,0.6666666666666667
2018-07,전주시,2941.7473876381955,44864.0,26,24,19,100.59999999999998,30,123.1,25,0,0,0.0,27.84193548387097,8.751612903225803,169.1,5,0.0,31,22.0,256.6,5,19,0.5775376997524195,24,19,100.59999999999998,22.0,30,123.1,25,0,0,0.0,27.84193548387097,8.751612903225803,169.1,5,0.0,256.6,0.5775376997524195,5,19,8.0,1.0,11.7,7.0,6.0,11.2,4.0,0.0,0.0,0.0,23.09333333333333,10.286666666666665,137.2,6.0,3.0,206.4,0.4725274725274725,5.0,14.0,1.0,0.0,0.3000000000000007,0.0,2.0,7.399999999999999,2.0,0.0,0.0,0.0,18.91290322580645,10.858064516129033,122.10000000000001,10.0,0.0,204.9,0.469954128440367,7.0,4.0,7,7.986759033313796,0.04433251241578162,9.666666666666666,11.333333333333332,56.76666666666666,10.666666666666666,4.333333333333332,45.133333333333326,8.333333333333332,0.0,0.0,0.0,2.2096774193548363,1.1193548387096763,-160.9,-6.333333333333334,-6.0,93.80000000000004,0.21107347707432417,-7.333333333333334,1.3333333333333321,0.0,0.0,-0.1999999999999975,1.0,-1.333333333333333,2.533333333333333,0.6666666666666665,0.0,0.0,0.0,0.31555555555555515,0.6522222222222211,-0.7333333333333201,-1.666666666666667,0.3333333333333335,9.900000000000006,0.022659945480619892,-2.666666666666667,2.333333333333334,-0.33333333333333326,0.0,-1.099999999999999,0.0,1.3333333333333335,4.933333333333332,1.3333333333333335,0.0,0.0,0.0,0.1215053763440821,-0.6526881720430087,39.866666666666674,2.666666666666667,0.0,-32.23333333333332,-0.07391988079648493,0.33333333333333304,2.333333333333333
2018-08,전주시,4491.649653909413,40735.0,27,25,21,132.39999999999998,30,145.5,26,0,0,0.0,28.593548387096774,8.974193548387097,368.9,9,6.0,31,23.0,225.2,8,16,0.5382409177820268,25,21,132.39999999999998,23.0,30,145.5,26,0,0,0.0,28.593548387096774,8.974193548387097,368.9,9,6.0,225.2,0.5382409177820268,8,16,24.0,19.0,100.59999999999998,22.0,30.0,123.1,25.0,0.0,0.0,0.0,27.84193548387097,8.751612903225803,169.1,5.0,0.0,256.6,0.5775376997524195,5.0,19.0,8.0,1.0,11.7,7.0,6.0,11.2,4.0,0.0,0.0,0.0,23.09333333333333,10.286666666666665,137.2,6.0,3.0,206.4,0.4725274725274725,5.0,14.0,8,8.409975319475068,0.015269246356217181,0.6666666666666679,5.0,41.833333333333314,-0.33333333333333215,0.33333333333333215,15.100000000000023,0.0,0.0,0.0,0.0,0.8752688172043008,0.7870967741935484,49.53333333333336,-1.333333333333334,0.666666666666667,23.53333333333333,0.05619204190442123,-0.6666666666666661,-2.666666666666668,9.666666666666666,11.333333333333332,56.76666666666666,10.666666666666666,4.333333333333332,45.133333333333326,8.333333333333332,0.0,0.0,0.0,2.2096774193548363,1.1193548387096763,-160.9,-6.333333333333334,-6.0,93.80000000000004,0.21107347707432417,-7.333333333333334,1.3333333333333321,0.0,0.0,-0.1999999999999975,1.0,-1.333333333333333,2.533333333333333,0.6666666666666665,0.0,0.0,0.0,0.31555555555555515,0.6522222222222211,-0.7333333333333201,-1.666666666666667,0.3333333333333335,9.900000000000006,0.022659945480619892,-2.666666666666667,2.333333333333334
2018-09,전주시,8632.228764062556,27431.0,22,2,0,1.8999999999999986,8,10.599999999999998,2,0,0,0.0,21.71333333333333,8.94,101.8,6,0.0,30,0.0,180.29999999999998,12,10,0.4838969404186795,2,0,1.8999999999999986,0.0,8,10.599999999999998,2,0,0,0.0,21.71333333333333,8.94,101.8,6,0.0,180.29999999999998,0.4838969404186795,12,10,25.0,21.0,132.39999999999998,23.0,30.0,145.5,26.0,0.0,0.0,0.0,28.593548387096774,8.974193548387097,368.9,9.0,6.0,225.2,0.5382409177820268,8.0,16.0,24.0,19.0,100.59999999999998,22.0,30.0,123.1,25.0,0.0,0.0,0.0,27.84193548387097,8.751612903225803,169.1,5.0,0.0,256.6,0.5775376997524195,5.0,19.0,9,9.063258008447617,0.42212110829232863,0.33333333333333326,0.0,0.06666666666666532,0.0,-1.333333333333334,-3.733333333333336,-1.0,0.0,0.0,0.0,-0.2033333333333367,0.2355555555555533,-42.13333333333334,-1.666666666666667,-1.3333333333333333,13.833333333333314,0.03706366815791018,0.6666666666666661,-2.333333333333334,0.6666666666666679,5.0,41.833333333333314,-0.33333333333333215,0.33333333333333215,15.100000000000023,0.0,0.0,0.0,0.0,0.8752688172043008,0.7870967741935484,49.53333333333336,-1.333333333333334,0.666666666666667,23.53333333333333,0.05619204190442123,-0.6666666666666661,-2.666666666666668,9.666666666666666,11.333333333333332,56.76666666666666,10.666666666666666,4.333333333333332,45.133333333333326,8.333333333333332,0.0,0.0,0.0,2.2096774193548363,1.1193548387096763,-160.9,-6.333333333333334,-6.0,93.80000000000004,0.21107347707432417,-7.333333333333334,1.3333333333333321
2018-10,전주시,1859.0216726170233,52938.0,27,0,0,0.0,0,0.0,0,0,0,0.0,13.893548387096773,10.129032258064516,123.2,7,3.0,31,0.0,221.0,6,0,0.6310679611650486,0,0,0.0,0.0,0,0.0,0,0,0,0.0,13.893548387096773,10.129032258064516,123.2,7,3.0,221.0,0.6310679611650486,6,0,2.0,0.0,1.8999999999999986,0.0,8.0,10.599999999999998,2.0,0.0,0.0,0.0,21.71333333333333,8.94,101.8,6.0,0.0,180.29999999999998,0.4838969404186795,12.0,10.0,25.0,21.0,132.39999999999998,23.0,30.0,145.5,26.0,0.0,0.0,0.0,28.593548387096774,8.974193548387097,368.9,9.0,6.0,225.2,0.5382409177820268,8.0,16.0,10,7.52780564586598,-0.27566402170283677,0.0,0.0,0.0,0.0,0.0,0.0,0.0,0.0,0.0,0.0,-1.235483870967741,-0.12150537634408742,56.400000000000006,2.666666666666667,2.0,4.2666666666666515,0.011682286606754855,0.33333333333333304,-1.3333333333333333,0.33333333333333326,0.0,0.06666666666666532,0.0,-1.333333333333334,-3.733333333333336,-1.0,0.0,0.0,0.0,-0.2033333333333367,0.2355555555555533,-42.13333333333334,-1.666666666666667,-1.3333333333333333,13.833333333333314,0.03706366815791018,0.6666666666666661,-2.333333333333334,0.6666666666666679,5.0,41.833333333333314,-0.33333333333333215,0.33333333333333215,15.100000000000023,0.0,0.0,0.0,0.0,0.8752688172043008,0.7870967741935484,49.53333333333336,-1.333333333333334,0.666666666666667,23.53333333333333,0.05619204190442123,-0.6666666666666661,-2.666666666666668
2018-11,전주시,1047.0778276129715,52823.0,26,0,0,0.0,0,0.0,0,1,0,0.6,9.206666666666667,9.863333333333333,35.0,3,0.0,30,0.0,187.4,7,0,0.6064724919093851,0,0,0.0,0.0,0,0.0,0,1,0,0.6,9.206666666666667,9.863333333333333,35.0,3,0.0,187.4,0.6064724919093851,7,0,0.0,0.0,0.0,0.0,0.0,0.0,0.0,0.0,0.0,0.0,13.893548387096773,10.129032258064516,123.2,7.0,3.0,221.0,0.6310679611650486,6.0,0.0,2.0,0.0,1.8999999999999986,0.0,8.0,10.599999999999998,2.0,0.0,0.0,0.0,21.71333333333333,8.94,101.8,6.0,0.0,180.29999999999998,0.4838969404186795,12.0,10.0,11,6.953758542026696,-0.30045744584412937,0.0,0.0,0.0,0.0,0.0,0.0,0.0,-1.0,0.0,-0.8666666666666668,-0.33999999999999986,-0.2411111111111115,-15.166666666666664,-1.333333333333333,-1.0,3.5333333333333314,0.011436300463405269,-0.33333333333333304,0.0,0.0,0.0,0.0,0.0,0.0,0.0,0.0,0.0,0.0,0.0,-1.235483870967741,-0.12150537634408742,56.400000000000006,2.666666666666667,2.0,4.2666666666666515,0.011682286606754855,0.33333333333333304,-1.3333333333333333,0.33333333333333326,0.0,0.06666666666666532,0.0,-1.333333333333334,-3.733333333333336,-1.0,0.0,0.0,0.0,-0.2033333333333367,0.2355555555555533,-42.13333333333334,-1.666666666666667,-1.3333333333333333,13.833333333333314,0.03706366815791018,0.6666666666666661,-2.333333333333334
2018-12,전주시,1353.4287381059146,44602.0,26,0,0,0.0,0,0.0,0,20,10,99.60000000000001,1.9580645161290324,8.48709677419355,28.6,4,0.0,31,0.0,175.0,8,0,0.5769864820309923,0,0,0.0,0.0,0,0.0,0,20,10,99.60000000000001,1.9580645161290324,8.48709677419355,28.6,4,0.0,175.0,0.5769864820309923,8,0,0.0,0.0,0.0,0.0,0.0,0.0,0.0,1.0,0.0,0.6,9.206666666666667,9.863333333333333,35.0,3.0,0.0,187.4,0.6064724919093851,7.0,0.0,0.0,0.0,0.0,0.0,0.0,0.0,0.0,0.0,0.0,0.0,13.893548387096773,10.129032258064516,123.2,7.0,3.0,221.0,0.6310679611650486,6.0,0.0,12,7.210396457580308,-0.401945597972337,0.0,0.0,0.0,0.0,0.0,0.0,0.0,0.0,3.333333333333333,23.60000000000001,-0.6064516129032256,-0.27204301075268766,5.5000000000000036,-0.666666666666667,0.0,1.200000000000017,0.003960278309727894,0.0,0.0,0.0,0.0,0.0,0.0,0.0,0.0,0.0,-1.0,0.0,-0.8666666666666668,-0.33999999999999986,-0.2411111111111115,-15.166666666666664,-1.333333333333333,-1.0,3.5333333333333314,0.011436300463405269,-0.33333333333333304,0.0,0.0,0.0,0.0,0.0,0.0,0.0,0.0,0.0,0.0,0.0,-1.235483870967741,-0.12150537634408742,56.400000000000006,2.666666666666667,2.0,4.2666666666666515,0.011682286606754855,0.33333333333333304,-1.3333333333333333
2019-01,전주시,1684.642653631338,52549.5,26,0,0,0.0,0,0.0,0,30,11,117.70000000000002,0.5516129032258064,9.158064516129034,13.2,4,0.0,31,0.0,198.0,4,0,0.6356340288924559,0,0,0.0,0.0,0,0.0,0,30,11,117.70000000000002,0.5516129032258064,9.158064516129034,13.2,4,0.0,198.0,0.6356340288924559,4,0,0.0,0.0,0.0,0.0,0.0,0.0,0.0,20.0,10.0,99.60000000000001,1.9580645161290324,8.48709677419355,28.6,4.0,0.0,175.0,0.5769864820309923,8.0,0.0,0.0,0.0,0.0,0.0,0.0,0.0,0.0,1.0,0.0,0.6,9.206666666666667,9.863333333333333,35.0,3.0,0.0,187.4,0.6064724919093851,7.0,0.0,1,7.429308745299141,-0.5912947402963598,0.0,0.0,0.0,0.0,0.0,0.0,0.0,6.5,0.75,-4.5249999999999915,-0.18951612903225812,0.4112903225806459,-23.575000000000006,-1.75,-1.5,29.82499999999999,0.09578747422242373,-3.75,0.0,0.0,0.0,0.0,0.0,0.0,0.0,0.0,0.0,3.333333333333333,23.60000000000001,-0.6064516129032256,-0.27204301075268766,5.5000000000000036,-0.666666666666667,0.0,1.200000000000017,0.003960278309727894,0.0,0.0,0.0,0.0,0.0,0.0,0.0,0.0,0.0,-1.0,0.0,-0.8666666666666668,-0.33999999999999986,-0.2411111111111115,-15.166666666666664,-1.333333333333333,-1.0,3.5333333333333314,0.011436300463405269,-0.33333333333333304,0.0
2019-02,전주시,1357.0766169885114,40910.0,21,0,0,0.0,0,0.0,0,20,4,64.1,2.6285714285714286,9.717857142857143,39.1,2,0.0,28,0.0,169.2,5,0,0.5551181102362204,0,0,0.0,0.0,0,0.0,0,20,4,64.1,2.6285714285714286,9.717857142857143,39.1,2,0.0,169.2,0.5551181102362204,5,0,0.0,0.0,0.0,0.0,0.0,0.0,0.0,30.0,11.0,117.70000000000002,0.5516129032258064,9.158064516129034,13.2,4.0,0.0,198.0,0.6356340288924559,4.0,0.0,0.0,0.0,0.0,0.0,0.0,0.0,0.0,20.0,10.0,99.60000000000001,1.9580645161290324,8.48709677419355,28.6,4.0,0.0,175.0,0.5769864820309923,8.0,0.0,2,7.213088118807362,-0.27695831837546425,0.0,0.0,0.0,0.0,0.0,0.0,0.0,0.5,-2.0,-11.125,-0.2641317733990145,-0.4146859605911324,4.050000000000004,-1.75,0.0,-15.675000000000011,-0.04583191559507882,0.25,0.0,0.0,0.0,0.0,0.0,0.0,0.0,0.0,6.5,0.75,-4.5249999999999915,-0.18951612903225812,0.4112903225806459,-23.575000000000006,-1.75,-1.5,29.82499999999999,0.09578747422242373,-3.75,0.0,0.0,0.0,0.0,0.0,0.0,0.0,0.0,0.0,3.333333333333333,23.60000000000001,-0.6064516129032256,-0.27204301075268766,5.5000000000000036,-0.666666666666667,0.0,1.200000000000017,0.003960278309727894,0.0,0.0
2019-03,전주시,1836.107121075424,49878.0,26,0,0,0.0,0,0.0,0,6,0,7.300000000000001,7.745161290322581,11.712903225806452,33.1,6,3.0,31,0.0,206.8,5,0,0.5577130528586839,0,0,0.0,0.0,0,0.0,0,6,0,7.300000000000001,7.745161290322581,11.712903225806452,33.1,6,3.0,206.8,0.5577130528586839,5,0,0.0,0.0,0.0,0.0,0.0,0.0,0.0,20.0,4.0,64.1,2.6285714285714286,9.717857142857143,39.1,2.0,0.0,169.2,0.5551181102362204,5.0,0.0,0.0,0.0,0.0,0.0,0.0,0.0,0.0,30.0,11.0,117.70000000000002,0.5516129032258064,9.158064516129034,13.2,4.0,0.0,198.0,0.6356340288924559,4.0,0.0,3,7.515402914290766,0.028778622448846214,0.0,0.0,0.0,0.0,0.0,0.0,0.0,1.0,0.0,0.06666666666666732,-0.6365591397849455,-0.0247311827957013,-19.066666666666663,0.0,2.0,-13.933333333333337,-0.036829443937754336,-1.333333333333333,0.0,0.0,0.0,0.0,0.0,0.0,0.0,0.0,-0.6666666666666679,-2.666666666666667,-17.10000000000001,0.20972906403940872,-0.24100985221674875,-3.066666666666663,-1.3333333333333335,0.0,-14.73333333333332,-0.04114640651219592,0.33333333333333304,0.0,0.0,0.0,0.0,0.0,0.0,0.0,0.0,6.0,3.0,7.933333333333351,-0.27311827956989265,0.7150537634408618,-26.26666666666667,-1.333333333333333,-2.0,31.833333333333343,0.10212885900410584,-4.0,0.0
2019-04,전주시,1779.5930922397476,55475.0,26,0,0,0.0,0,0.0,0,0,0,0.0,12.603333333333333,11.1,98.5,7,0.0,30,0.0,189.3,8,0,0.4818019852379741,0,0,0.0,0.0,0,0.0,0,0,0,0.0,12.603333333333333,11.1,98.5,7,0.0,189.3,0.4818019852379741,8,0,0.0,0.0,0.0,0.0,0.0,0.0,0.0,6.0,0.0,7.300000000000001,7.745161290322581,11.712903225806452,33.1,6.0,3.0,206.8,0.5577130528586839,5.0,0.0,0.0,0.0,0.0,0.0,0.0,0.0,0.0,20.0,4.0,64.1,2.6285714285714286,9.717857142857143,39.1,2.0,0.0,169.2,0.5551181102362204,5.0,0.0,4,7.4841400172878885,0.05752441520012663,0.0,0.0,0.0,0.0,0.0,0.0,0.0,-0.3333333333333333,0.0,0.0,0.09555555555555628,-0.6244444444444444,25.10000000000001,0.33333333333333304,-3.3333333333333335,-40.93333333333334,-0.10352860692912752,1.666666666666667,-0.3333333333333333,0.0,0.0,0.0,0.0,0.0,0.0,0.0,1.0,0.0,0.06666666666666732,-0.6365591397849455,-0.0247311827957013,-19.066666666666663,0.0,2.0,-13.933333333333337,-0.036829443937754336,-1.333333333333333,0.0,0.0,0.0,0.0,0.0,0.0,0.0,0.0,-0.6666666666666679,-2.666666666666667,-17.10000000000001,0.20972906403940872,-0.24100985221674875,-3.066666666666663,-1.3333333333333335,0.0,-14.73333333333332,-0.04114640651219592,0.33333333333333304,0.0
2019-05,전주시,2132.138134022874,50739.1,27,3,0,3.8999999999999986,0,0.0,0,0,0,0.0,18.887096774193548,13.10967741935484,45.6,4,0.0,31,0.0,292.6,3,1,0.6714089031665902,3,0,3.8999999999999986,0.0,0,0.0,0,0,0,0.0,18.887096774193548,13.10967741935484,45.6,4,0.0,292.6,0.6714089031665902,3,1,0.0,0.0,0.0,0.0,0.0,0.0,0.0,0.0,0.0,0.0,12.603333333333333,11.1,98.5,7.0,0.0,189.3,0.4818019852379741,8.0,0.0,0.0,0.0,0.0,0.0,0.0,0.0,0.0,6.0,0.0,7.300000000000001,7.745161290322581,11.712903225806452,33.1,6.0,3.0,206.8,0.5577130528586839,5.0,0.0,5,7.664880574004384,0.32929061861603426,1.6666666666666667,0.0,2.499999999999999,0.0,-0.6666666666666666,-2.4666666666666663,-0.6666666666666666,0.0,0.0,0.0,0.09569892473118102,1.598924731182798,-36.63333333333333,-3.333333333333333,0.0,55.4666666666667,0.12753489392973827,-3.666666666666667,-0.6666666666666667,0.0,0.0,0.0,0.0,0.0,0.0,0.0,-0.3333333333333333,0.0,0.0,0.09555555555555628,-0.6244444444444444,25.10000000000001,0.33333333333333304,-3.3333333333333335,-40.93333333333334,-0.10352860692912752,1.666666666666667,-0.3333333333333333,0.0,0.0,0.0,0.0,0.0,0.0,0.0,1.0,0.0,0.06666666666666732,-0.6365591397849455,-0.0247311827957013,-19.066666666666663,0.0,2.0,-13.933333333333337,-0.036829443937754336,-1.333333333333333,0.0
2019-06,전주시,1583.47625179707,46325.4,25,4,0,3.6999999999999957,4,4.599999999999998,0,0,0,0.0,21.86,9.403333333333334,89.1,7,0.0,30,0.0,205.5,9,17,0.47057476528509273,4,0,3.6999999999999957,0.0,4,4.599999999999998,0,0,0,0.0,21.86,9.403333333333334,89.1,7,0.0,205.5,0.47057476528509273,9,17,3.0,0.0,3.8999999999999986,0.0,0.0,0.0,0.0,0.0,0.0,0.0,18.887096774193548,13.10967741935484,45.6,4.0,0.0,292.6,0.6714089031665902,3.0,1.0,0.0,0.0,0.0,0.0,0.0,0.0,0.0,0.0,0.0,0.0,12.603333333333333,11.1,98.5,7.0,0.0,189.3,0.4818019852379741,8.0,0.0,6,7.367377868579887,-0.1068827388638649,-4.0,-1.0,-8.200000000000001,-6.0,-3.333333333333333,-4.066666666666668,-3.3333333333333335,0.0,0.0,0.0,-0.9177777777777756,-0.23111111111110993,-48.833333333333314,-0.666666666666667,-2.6666666666666665,9.0,0.02070723823824011,1.333333333333333,5.333333333333334,1.6666666666666667,0.0,2.499999999999999,0.0,-0.6666666666666666,-2.4666666666666663,-0.6666666666666666,0.0,0.0,0.0,0.09569892473118102,1.598924731182798,-36.63333333333333,-3.333333333333333,0.0,55.4666666666667,0.12753489392973827,-3.666666666666667,-0.6666666666666667,0.0,0.0,0.0,0.0,0.0,0.0,0.0,-0.3333333333333333,0.0,0.0,0.09555555555555628,-0.6244444444444444,25.10000000000001,0.33333333333333304,-3.3333333333333335,-40.93333333333334,-0.10352860692912752,1.666666666666667,-0.3333333333333333
2019-07,전주시,2327.9680055826934,45856.0,27,14,4,28.1,26,75.2,18,0,0,0.0,25.57741935483871,7.580645161290321,176.20000000000002,11,3.0,31,12.0,148.7,12,23,0.3346084608460846,14,4,28.1,12.0,26,75.2,18,0,0,0.0,25.57741935483871,7.580645161290321,176.20000000000002,11,3.0,148.7,0.3346084608460846,12,23,4.0,0.0,3.6999999999999957,0.0,4.0,4.599999999999998,0.0,0.0,0.0,0.0,21.86,9.403333333333334,89.1,7.0,0.0,205.5,0.47057476528509273,9.0,17.0,3.0,0.0,3.8999999999999986,0.0,0.0,0.0,0.0,0.0,0.0,0.0,18.887096774193548,13.10967741935484,45.6,4.0,0.0,292.6,0.6714089031665902,3.0,1.0,7,7.752751065450485,-0.18967545544752973,-0.3333333333333339,-3.666666666666667,-15.73333333333332,0.6666666666666661,0.33333333333333215,-2.7666666666666657,1.3333333333333321,0.0,0.0,0.0,-0.05483870967742277,-0.051612903225805695,-153.79999999999998,-0.3333333333333339,-3.0,-14.099999999999994,-0.031855761832010776,-0.3333333333333339,5.333333333333332,-4.0,-1.0,-8.200000000000001,-6.0,-3.333333333333333,-4.066666666666668,-3.3333333333333335,0.0,0.0,0.0,-0.9177777777777756,-0.23111111111110993,-48.833333333333314,-0.666666666666667,-2.6666666666666665,9.0,0.02070723823824011,1.333333333333333,5.333333333333334,1.6666666666666667,0.0,2.499999999999999,0.0,-0.6666666666666666,-2.4666666666666663,-0.6666666666666666,0.0,0.0,0.0,0.09569892473118102,1.598924731182798,-36.63333333333333,-3.333333333333333,0.0,55.4666666666667,0.12753489392973827,-3.666666666666667,-0.6666666666666667
2019-08,전주시,3279.2241313659692,50660.0,27,21,13,65.5,28,103.6,23,0,0,0.0,26.838709677419356,8.148387096774194,117.7,10,3.0,31,20.0,206.1,6,28,0.49235547061634016,21,13,65.5,20.0,28,103.6,23,0,0,0.0,26.838709677419356,8.148387096774194,117.7,10,3.0,206.1,0.49235547061634016,6,28,14.0,4.0,28.1,12.0,26.0,75.2,18.0,0.0,0.0,0.0,25.57741935483871,7.580645161290321,176.20000000000002,11.0,3.0,148.7,0.3346084608460846,12.0,23.0,4.0,0.0,3.6999999999999957,0.0,4.0,4.599999999999998,0.0,0.0,0.0,0.0,21.86,9.403333333333334,89.1,7.0,0.0,205.5,0.47057476528509273,9.0,17.0,8,8.09536212808168,-0.29934394503717066,-3.333333333333332,-3.0,-25.066666666666663,-3.333333333333332,-1.6666666666666679,-26.799999999999983,-3.0,0.0,0.0,0.0,-0.8795698924731177,-0.03870967741935516,-201.66666666666663,-0.3333333333333339,-2.333333333333333,4.433333333333337,0.010306594738734631,-2.666666666666666,9.333333333333332,-0.3333333333333339,-3.666666666666667,-15.73333333333332,0.6666666666666661,0.33333333333333215,-2.7666666666666657,1.3333333333333321,0.0,0.0,0.0,-0.05483870967742277,-0.051612903225805695,-153.79999999999998,-0.3333333333333339,-3.0,-14.099999999999994,-0.031855761832010776,-0.3333333333333339,5.333333333333332,-4.0,-1.0,-8.200000000000001,-6.0,-3.333333333333333,-4.066666666666668,-3.3333333333333335,0.0,0.0,0.0,-0.9177777777777756,-0.23111111111110993,-48.833333333333314,-0.666666666666667,-2.6666666666666665,9.0,0.02070723823824011,1.333333333333333,5.333333333333334
2019-09,전주시,5322.834967397748,37114.0,23,2,0,1.8000000000000007,12,24.100000000000005,6,0,0,0.0,22.696666666666665,8.28,194.8,9,4.0,30,0.0,148.4,14,21,0.39785522788203753,2,0,1.8000000000000007,0.0,12,24.100000000000005,6,0,0,0.0,22.696666666666665,8.28,194.8,9,4.0,148.4,0.39785522788203753,14,21,21.0,13.0,65.5,20.0,28.0,103.6,23.0,0.0,0.0,0.0,26.838709677419356,8.148387096774194,117.7,10.0,3.0,206.1,0.49235547061634016,6.0,28.0,14.0,4.0,28.1,12.0,26.0,75.2,18.0,0.0,0.0,0.0,25.57741935483871,7.580645161290321,176.20000000000002,11.0,3.0,148.7,0.3346084608460846,12.0,23.0,9,8.579761329009576,-0.061375571145712016,0.33333333333333326,0.0,-0.03333333333333255,0.0,2.666666666666666,9.766666666666671,3.0,0.0,0.0,0.0,0.7799999999999976,-0.42444444444444684,50.866666666666674,1.333333333333333,2.666666666666667,-18.066666666666663,-0.048978044378731767,2.666666666666666,8.666666666666666,-3.333333333333332,-3.0,-25.066666666666663,-3.333333333333332,-1.6666666666666679,-26.799999999999983,-3.0,0.0,0.0,0.0,-0.8795698924731177,-0.03870967741935516,-201.66666666666663,-0.3333333333333339,-2.333333333333333,4.433333333333337,0.010306594738734631,-2.666666666666666,9.333333333333332,-0.3333333333333339,-3.666666666666667,-15.73333333333332,0.6666666666666661,0.33333333333333215,-2.7666666666666657,1.3333333333333321,0.0,0.0,0.0,-0.05483870967742277,-0.051612903225805695,-153.79999999999998,-0.3333333333333339,-3.0,-14.099999999999994,-0.031855761832010776,-0.3333333333333339,5.333333333333332
2019-10,전주시,5510.371015522797,40437.3,27,0,0,0.0,0,0.0,0,0,0,0.0,16.638709677419353,9.548387096774194,73.0,3,0.0,31,0.0,202.4,6,3,0.5777904653154439,0,0,0.0,0.0,0,0.0,0,0,0,0.0,16.638709677419353,9.548387096774194,73.0,3,0.0,202.4,0.5777904653154439,6,3,2.0,0.0,1.8000000000000007,0.0,12.0,24.100000000000005,6.0,0.0,0.0,0.0,22.696666666666665,8.28,194.8,9.0,4.0,148.4,0.39785522788203753,14.0,21.0,21.0,13.0,65.5,20.0,28.0,103.6,23.0,0.0,0.0,0.0,26.838709677419356,8.148387096774194,117.7,10.0,3.0,206.1,0.49235547061634016,6.0,28.0,10,8.614387234820681,0.810917567251864,0.0,0.0,0.0,0.0,0.0,0.0,0.0,0.0,0.0,0.0,1.5096774193548388,-0.7021505376344095,6.200000000000003,-1.333333333333333,-1.0,-14.333333333333343,-0.04159520924284987,0.33333333333333304,1.6666666666666667,0.33333333333333326,0.0,-0.03333333333333255,0.0,2.666666666666666,9.766666666666671,3.0,0.0,0.0,0.0,0.7799999999999976,-0.42444444444444684,50.866666666666674,1.333333333333333,2.666666666666667,-18.066666666666663,-0.048978044378731767,2.666666666666666,8.666666666666666,-3.333333333333332,-3.0,-25.066666666666663,-3.333333333333332,-1.6666666666666679,-26.799999999999983,-3.0,0.0,0.0,0.0,-0.8795698924731177,-0.03870967741935516,-201.66666666666663,-0.3333333333333339,-2.333333333333333,4.433333333333337,0.010306594738734631,-2.666666666666666,9.333333333333332
2019-11,전주시,1959.3519240831483,46327.0,26,0,0,0.0,0,0.0,0,5,0,3.8,9.836666666666668,10.853333333333333,56.99999999999999,5,0.0,30,0.0,184.4,6,0,0.5965706890973794,0,0,0.0,0.0,0,0.0,0,5,0,3.8,9.836666666666668,10.853333333333333,56.99999999999999,5,0.0,184.4,0.5965706890973794,6,0,0.0,0.0,0.0,0.0,0.0,0.0,0.0,0.0,0.0,0.0,16.638709677419353,9.548387096774194,73.0,3.0,0.0,202.4,0.5777904653154439,6.0,3.0,2.0,0.0,1.8000000000000007,0.0,12.0,24.100000000000005,6.0,0.0,0.0,0.0,22.696666666666665,8.28,194.8,9.0,4.0,148.4,0.39785522788203753,14.0,21.0,11,7.58036904656949,0.3261530586986643,0.0,0.0,0.0,0.0,0.0,0.0,0.0,3.0,0.0,2.333333333333333,0.2900000000000009,0.7488888888888887,6.833333333333329,0.666666666666667,-1.0,0.5333333333333314,0.001534497651399569,-1.333333333333333,0.0,0.0,0.0,0.0,0.0,0.0,0.0,0.0,0.0,0.0,0.0,1.5096774193548388,-0.7021505376344095,6.200000000000003,-1.333333333333333,-1.0,-14.333333333333343,-0.04159520924284987,0.33333333333333304,1.6666666666666667,0.33333333333333326,0.0,-0.03333333333333255,0.0,2.666666666666666,9.766666666666671,3.0,0.0,0.0,0.0,0.7799999999999976,-0.42444444444444684,50.866666666666674,1.333333333333333,2.666666666666667,-18.066666666666663,-0.048978044378731767,2.666666666666666,8.666666666666666
2019-12,전주시,2216.8868052059292,42029.0,26,0,0,0.0,0,0.0,0,17,3,43.5,4.04516129032258,8.9741935483871,31.6,7,0.0,31,0.0,167.9,8,0,0.5537598944591029,0,0,0.0,0.0,0,0.0,0,17,3,43.5,4.04516129032258,8.9741935483871,31.6,7,0.0,167.9,0.5537598944591029,8,0,0.0,0.0,0.0,0.0,0.0,0.0,0.0,5.0,0.0,3.8,9.836666666666668,10.853333333333333,56.99999999999999,5.0,0.0,184.4,0.5965706890973794,6.0,0.0,0.0,0.0,0.0,0.0,0.0,0.0,0.0,0.0,0.0,0.0,16.638709677419353,9.548387096774194,73.0,3.0,0.0,202.4,0.5777904653154439,6.0,3.0,12,7.703859150670033,0.09151709511738826,0.0,0.0,0.0,0.0,0.0,0.0,0.0,-3.0,-3.666666666666667,-32.5,1.4806451612903224,0.21505376344086358,8.500000000000004,2.333333333333333,0.0,-5.899999999999977,-0.01926630926216155,0.0,0.0,0.0,0.0,0.0,0.0,0.0,0.0,0.0,3.0,0.0,2.333333333333333,0.2900000000000009,0.7488888888888887,6.833333333333329,0.666666666666667,-1.0,0.5333333333333314,0.001534497651399569,-1.333333333333333,0.0,0.0,0.0,0.0,0.0,0.0,0.0,0.0,0.0,0.0,0.0,1.5096774193548388,-0.7021505376344095,6.200000000000003,-1.333333333333333,-1.0,-14.333333333333343,-0.04159520924284987,0.33333333333333304,1.6666666666666667
2020-01,전주시,4068.9304632979583,49752.0,23,0,0,0.0,0,0.0,0,17,1,41.599999999999994,3.4612903225806453,8.13225806451613,76.80000000000001,6,3.0,31,0.0,122.2,12,0,0.39267352185089976,0,0,0.0,0.0,0,0.0,0,17,1,41.599999999999994,3.4612903225806453,8.13225806451613,76.80000000000001,6,3.0,122.2,0.39267352185089976,12,0,0.0,0.0,0.0,0.0,0.0,0.0,0.0,17.0,3.0,43.5,4.04516129032258,8.9741935483871,31.6,7.0,0.0,167.9,0.5537598944591029,8.0,0.0,0.0,0.0,0.0,0.0,0.0,0.0,0.0,5.0,0.0,3.8,9.836666666666668,10.853333333333333,56.99999999999999,5.0,0.0,184.4,0.5965706890973794,6.0,0.0,1,8.311135458472021,0.29053197287652033,0.0,0.0,0.0,0.0,0.0,0.0,0.0,-6.5,-9.25,-80.62500000000001,2.7201612903225807,-0.6145161290322587,40.025000000000006,0.25,1.5,-45.97500000000001,-0.1471730328191324,4.25,0.0,0.0,0.0,0.0,0.0,0.0,0.0,0.0,-3.0,-3.666666666666667,-32.5,1.4806451612903224,0.21505376344086358,8.500000000000004,2.333333333333333,0.0,-5.899999999999977,-0.01926630926216155,0.0,0.0,0.0,0.0,0.0,0.0,0.0,0.0,0.0,3.0,0.0,2.333333333333333,0.2900000000000009,0.7488888888888887,6.833333333333329,0.666666666666667,-1.0,0.5333333333333314,0.001534497651399569,-1.333333333333333,0.0
2020-02,전주시,1332.1260576082555,46903.0,25,0,0,0.0,0,0.0,0,17,4,55.1,4.2172413793103445,9.655172413793103,65.9,7,0.0,29,0.0,185.3,7,0,0.5865780310224755,0,0,0.0,0.0,0,0.0,0,17,4,55.1,4.2172413793103445,9.655172413793103,65.9,7,0.0,185.3,0.5865780310224755,7,0,0.0,0.0,0.0,0.0,0.0,0.0,0.0,17.0,1.0,41.599999999999994,3.4612903225806453,8.13225806451613,76.80000000000001,6.0,3.0,122.2,0.39267352185089976,12.0,0.0,0.0,0.0,0.0,0.0,0.0,0.0,0.0,17.0,3.0,43.5,4.04516129032258,8.9741935483871,31.6,7.0,0.0,167.9,0.5537598944591029,8.0,0.0,2,7.194531484466492,-0.2955149527163341,0.0,0.0,0.0,0.0,0.0,0.0,0.0,-2.5,-2.0,-20.124999999999993,1.3245381773399014,-0.4773706896551726,30.85000000000001,3.25,0.0,0.42500000000001137,-0.014371994808823674,2.25,0.0,0.0,0.0,0.0,0.0,0.0,0.0,0.0,-6.5,-9.25,-80.62500000000001,2.7201612903225807,-0.6145161290322587,40.025000000000006,0.25,1.5,-45.97500000000001,-0.1471730328191324,4.25,0.0,0.0,0.0,0.0,0.0,0.0,0.0,0.0,-3.0,-3.666666666666667,-32.5,1.4806451612903224,0.21505376344086358,8.500000000000004,2.333333333333333,0.0,-5.899999999999977,-0.01926630926216155,0.0,0.0
2020-03,전주시,1574.2104946444997,50555.5,26,0,0,0.0,0,0.0,0,6,0,7.0,8.35483870967742,11.816129032258065,25.4,4,0.0,31,0.0,246.0,6,0,0.6616460462614309,0,0,0.0,0.0,0,0.0,0,6,0,7.0,8.35483870967742,11.816129032258065,25.4,4,0.0,246.0,0.6616460462614309,6,0,0.0,0.0,0.0,0.0,0.0,0.0,0.0,17.0,4.0,55.1,4.2172413793103445,9.655172413793103,65.9,7.0,0.0,185.3,0.5865780310224755,7.0,0.0,0.0,0.0,0.0,0.0,0.0,0.0,0.0,17.0,1.0,41.599999999999994,3.4612903225806453,8.13225806451613,76.80000000000001,6.0,3.0,122.2,0.39267352185089976,12.0,0.0,3,7.361509152338713,-0.1251151395032064,0.0,0.0,0.0,0.0,0.0,0.0,0.0,1.0,0.0,-0.2333333333333334,-0.02688172043010617,0.07849462365591187,-26.766666666666666,-2.0,-1.0,25.26666666666665,0.06710354946499264,-0.33333333333333304,0.0,0.0,0.0,0.0,0.0,0.0,0.0,0.0,-3.666666666666668,-2.666666666666667,-26.1,1.7983990147783246,-0.30369458128078897,23.73333333333334,3.6666666666666665,0.0,1.3666666666667027,-0.009686485725940774,2.333333333333333,0.0,0.0,0.0,0.0,0.0,0.0,0.0,0.0,-7.0,-7.0,-68.16666666666667,2.6365591397849464,-0.3107526881720428,37.33333333333334,0.666666666666667,1.0,-43.966666666666654,-0.1408316480374503,4.0,0.0
2020-04,전주시,1328.2089659154276,58281.5,26,0,0,0.0,0,0.0,0,0,0,0.0,10.903333333333334,12.52,23.0,4,3.0,30,0.0,281.6,3,0,0.714902259456715,0,0,0.0,0.0,0,0.0,0,0,0,0.0,10.903333333333334,12.52,23.0,4,3.0,281.6,0.714902259456715,3,0,0.0,0.0,0.0,0.0,0.0,0.0,0.0,6.0,0.0,7.0,8.35483870967742,11.816129032258065,25.4,4.0,0.0,246.0,0.6616460462614309,6.0,0.0,0.0,0.0,0.0,0.0,0.0,0.0,0.0,17.0,4.0,55.1,4.2172413793103445,9.655172413793103,65.9,7.0,0.0,185.3,0.5865780310224755,7.0,0.0,4,7.191586671509539,-0.23502893057822316,0.0,0.0,0.0,0.0,0.0,0.0,0.0,-0.3333333333333333,0.0,0.0,-1.604444444444443,0.7955555555555556,-50.39999999999999,-2.666666666666667,-0.3333333333333335,51.366666666666674,0.12957166728961345,-3.333333333333333,-0.3333333333333333,0.0,0.0,0.0,0.0,0.0,0.0,0.0,1.0,0.0,-0.2333333333333334,-0.02688172043010617,0.07849462365591187,-26.766666666666666,-2.0,-1.0,25.26666666666665,0.06710354946499264,-0.33333333333333304,0.0,0.0,0.0,0.0,0.0,0.0,0.0,0.0,-3.666666666666668,-2.666666666666667,-26.1,1.7983990147783246,-0.30369458128078897,23.73333333333334,3.6666666666666665,0.0,1.3666666666667027,-0.009686485725940774,2.333333333333333,0.0
2020-05,전주시,1155.6895218649956,55442.5,26,0,0,0.0,0,0.0,0,0,0,0.0,18.574193548387097,10.564516129032256,79.0,8,0.0,31,0.0,213.9,10,0,0.49025899610359847,0,0,0.0,0.0,0,0.0,0,0,0,0.0,18.574193548387097,10.564516129032256,79.0,8,0.0,213.9,0.49025899610359847,10,0,0.0,0.0,0.0,0.0,0.0,0.0,0.0,0.0,0.0,0.0,10.903333333333334,12.52,23.0,4.0,3.0,281.6,0.714902259456715,3.0,0.0,0.0,0.0,0.0,0.0,0.0,0.0,0.0,6.0,0.0,7.0,8.35483870967742,11.816129032258065,25.4,4.0,0.0,246.0,0.6616460462614309,6.0,0.0,5,7.052452433456774,-0.28313752193157526,-1.3333333333333333,0.0,-1.3999999999999997,0.0,-0.6666666666666666,-2.4666666666666663,-0.6666666666666666,0.0,0.0,0.0,-0.21720430107527022,-0.9462365591397859,-3.2333333333333343,0.666666666666667,0.0,-23.23333333333332,-0.05361501313325345,3.333333333333333,-1.6666666666666667,0.0,0.0,0.0,0.0,0.0,0.0,0.0,-0.3333333333333333,0.0,0.0,-1.604444444444443,0.7955555555555556,-50.39999999999999,-2.666666666666667,-0.3333333333333335,51.366666666666674,0.12957166728961345,-3.333333333333333,-0.3333333333333333,0.0,0.0,0.0,0.0,0.0,0.0,0.0,1.0,0.0,-0.2333333333333334,-0.02688172043010617,0.07849462365591187,-26.766666666666666,-2.0,-1.0,25.26666666666665,0.06710354946499264,-0.33333333333333304,0.0
2020-06,전주시,2419.753081484434,45162.0,26,12,2,20.299999999999997,12,10.2,6,0,0,0.0,23.38,9.213333333333333,187.5,10,5.0,30,11.0,177.6,9,4,0.4065003433279927,12,2,20.299999999999997,11.0,12,10.2,6,0,0,0.0,23.38,9.213333333333333,187.5,10,5.0,177.6,0.4065003433279927,9,4,0.0,0.0,0.0,0.0,0.0,0.0,0.0,0.0,0.0,0.0,18.574193548387097,10.564516129032256,79.0,8.0,0.0,213.9,0.49025899610359847,10.0,0.0,0.0,0.0,0.0,0.0,0.0,0.0,0.0,0.0,0.0,0.0,10.903333333333334,12.52,23.0,4.0,3.0,281.6,0.714902259456715,3.0,0.0,6,7.791420781500619,0.31716017405686703,4.0,1.0,8.4,5.0,4.666666666666667,1.5333333333333332,2.6666666666666665,0.0,0.0,0.0,0.602222222222224,-0.4211111111111112,49.56666666666669,2.333333333333333,2.3333333333333335,-18.900000000000006,-0.04336718371885995,1.333333333333333,-7.666666666666666,-1.3333333333333333,0.0,-1.3999999999999997,0.0,-0.6666666666666666,-2.4666666666666663,-0.6666666666666666,0.0,0.0,0.0,-0.21720430107527022,-0.9462365591397859,-3.2333333333333343,0.666666666666667,0.0,-23.23333333333332,-0.05361501313325345,3.333333333333333,-1.6666666666666667,0.0,0.0,0.0,0.0,0.0,0.0,0.0,-0.3333333333333333,0.0,0.0,-1.604444444444443,0.7955555555555556,-50.39999999999999,-2.666666666666667,-0.3333333333333335,51.366666666666674,0.12957166728961345,-3.333333333333333,-0.3333333333333333
2020-07,전주시,3254.420366344708,39239.0,27,5,0,2.799999999999997,21,35.6,7,0,0,0.0,23.47741935483871,6.564516129032257,644.7,18,15.0,31,0.0,83.1,20,11,0.18724650743578186,5,0,2.799999999999997,0.0,21,35.6,7,0,0,0.0,23.47741935483871,6.564516129032257,644.7,18,15.0,83.1,0.18724650743578186,20,11,12.0,2.0,20.299999999999997,11.0,12.0,10.2,6.0,0.0,0.0,0.0,23.38,9.213333333333333,187.5,10.0,5.0,177.6,0.4065003433279927,9.0,4.0,0.0,0.0,0.0,0.0,0.0,0.0,0.0,0.0,0.0,0.0,18.574193548387097,10.564516129032256,79.0,8.0,0.0,213.9,0.49025899610359847,10.0,0.0,7,8.087769463929764,0.145342943031749,-9.333333333333334,-7.666666666666667,-41.033333333333324,-11.333333333333334,-4.666666666666668,-42.36666666666667,-9.666666666666668,0.0,0.0,0.0,-2.154838709677424,-1.0677419354838698,314.70000000000005,6.666666666666666,9.0,-79.69999999999999,-0.1792177152423135,7.666666666666666,-6.666666666666668,4.0,1.0,8.4,5.0,4.666666666666667,1.5333333333333332,2.6666666666666665,0.0,0.0,0.0,0.602222222222224,-0.4211111111111112,49.56666666666669,2.333333333333333,2.3333333333333335,-18.900000000000006,-0.04336718371885995,1.333333333333333,-7.666666666666666,-1.3333333333333333,0.0,-1.3999999999999997,0.0,-0.6666666666666666,-2.4666666666666663,-0.6666666666666666,0.0,0.0,0.0,-0.21720430107527022,-0.9462365591397859,-3.2333333333333343,0.666666666666667,0.0,-23.23333333333332,-0.05361501313325345,3.333333333333333,-1.6666666666666667
2020-08,전주시,5876.876967392737,35639.3,26,27,14,73.8,31,142.09999999999997,29,0,0,0.0,27.72258064516129,7.438709677419355,471.5,12,7.0,31,27.0,173.7,12,12,0.4155502392344497,27,14,73.8,27.0,31,142.09999999999997,29,0,0,0.0,27.72258064516129,7.438709677419355,471.5,12,7.0,173.7,0.4155502392344497,12,12,5.0,0.0,2.799999999999997,0.0,21.0,35.6,7.0,0.0,0.0,0.0,23.47741935483871,6.564516129032257,644.7,18.0,15.0,83.1,0.18724650743578186,20.0,11.0,12.0,2.0,20.299999999999997,11.0,12.0,10.2,6.0,0.0,0.0,0.0,23.38,9.213333333333333,187.5,10.0,5.0,177.6,0.4065003433279927,9.0,4.0,8,8.678780771799804,0.2840746986809535,2.666666666666668,-2.0,-16.766666666666666,3.666666666666668,1.3333333333333321,11.699999999999989,3.0,0.0,0.0,0.0,0.004301075268816845,-0.7483870967741941,152.13333333333338,1.666666666666666,1.666666666666667,-27.96666666666667,-0.0664986366431558,3.333333333333334,-6.666666666666668,-9.333333333333334,-7.666666666666667,-41.033333333333324,-11.333333333333334,-4.666666666666668,-42.36666666666667,-9.666666666666668,0.0,0.0,0.0,-2.154838709677424,-1.0677419354838698,314.70000000000005,6.666666666666666,9.0,-79.69999999999999,-0.1792177152423135,7.666666666666666,-6.666666666666668,4.0,1.0,8.4,5.0,4.666666666666667,1.5333333333333332,2.6666666666666665,0.0,0.0,0.0,0.602222222222224,-0.4211111111111112,49.56666666666669,2.333333333333333,2.3333333333333335,-18.900000000000006,-0.04336718371885995,1.333333333333333,-7.666666666666666
2020-09,전주시,3945.738295856107,40891.5,26,1,0,1.8000000000000007,8,8.3,1,0,0,0.0,21.34,8.893333333333336,135.2,8,0.0,30,0.0,170.7,8,6,0.4587476484815909,1,0,1.8000000000000007,0.0,8,8.3,1,0,0,0.0,21.34,8.893333333333336,135.2,8,0.0,170.7,0.4587476484815909,8,6,27.0,14.0,73.8,27.0,31.0,142.09999999999997,29.0,0.0,0.0,0.0,27.72258064516129,7.438709677419355,471.5,12.0,7.0,173.7,0.4155502392344497,12.0,12.0,5.0,0.0,2.799999999999997,0.0,21.0,35.6,7.0,0.0,0.0,0.0,23.47741935483871,6.564516129032257,644.7,18.0,15.0,83.1,0.18724650743578186,20.0,11.0,9,8.280391363008672,-0.3607455371466166,-0.6666666666666667,0.0,-0.03333333333333255,0.0,-1.333333333333334,-6.033333333333333,-2.0,0.0,0.0,0.0,-0.576666666666668,0.18888888888889,-8.733333333333348,0.33333333333333304,-1.3333333333333333,4.23333333333332,0.011914376220821588,-3.333333333333334,-6.333333333333334,2.666666666666668,-2.0,-16.766666666666666,3.666666666666668,1.3333333333333321,11.699999999999989,3.0,0.0,0.0,0.0,0.004301075268816845,-0.7483870967741941,152.13333333333338,1.666666666666666,1.666666666666667,-27.96666666666667,-0.0664986366431558,3.333333333333334,-6.666666666666668,-9.333333333333334,-7.666666666666667,-41.033333333333324,-11.333333333333334,-4.666666666666668,-42.36666666666667,-9.666666666666668,0.0,0.0,0.0,-2.154838709677424,-1.0677419354838698,314.70000000000005,6.666666666666666,9.0,-79.69999999999999,-0.1792177152423135,7.666666666666666,-6.666666666666668
2020-10,전주시,1433.990106667691,39046.5,25,0,0,0.0,0,0.0,0,0,0,0.0,14.85483870967742,11.074193548387099,4.2,3,0.0,31,0.0,226.8,5,1,0.6492985971943888,0,0,0.0,0.0,0,0.0,0,0,0,0.0,14.85483870967742,11.074193548387099,4.2,3,0.0,226.8,0.6492985971943888,5,1,1.0,0.0,1.8000000000000007,0.0,8.0,8.3,1.0,0.0,0.0,0.0,21.34,8.893333333333336,135.2,8.0,0.0,170.7,0.4587476484815909,8.0,6.0,27.0,14.0,73.8,27.0,31.0,142.09999999999997,29.0,0.0,0.0,0.0,27.72258064516129,7.438709677419355,471.5,12.0,7.0,173.7,0.4155502392344497,12.0,12.0,10,7.268216122019791,-0.5352535455490255,0.0,0.0,0.0,0.0,0.0,0.0,0.0,0.0,0.0,0.0,-0.2741935483870943,0.8236559139784951,-62.599999999999994,-1.333333333333333,-1.0,10.066666666666663,0.02991292263609502,-0.666666666666667,-0.33333333333333326,-0.6666666666666667,0.0,-0.03333333333333255,0.0,-1.333333333333334,-6.033333333333333,-2.0,0.0,0.0,0.0,-0.576666666666668,0.18888888888889,-8.733333333333348,0.33333333333333304,-1.3333333333333333,4.23333333333332,0.011914376220821588,-3.333333333333334,-6.333333333333334,2.666666666666668,-2.0,-16.766666666666666,3.666666666666668,1.3333333333333321,11.699999999999989,3.0,0.0,0.0,0.0,0.004301075268816845,-0.7483870967741941,152.13333333333338,1.666666666666666,1.666666666666667,-27.96666666666667,-0.0664986366431558,3.333333333333334,-6.666666666666668
2020-11,전주시,1378.1818024957636,38946.0,25,0,0,0.0,0,0.0,0,0,0,0.0,9.596666666666666,9.596666666666666,58.5,5,3.0,30,0.0,179.79999999999998,9,0,0.5820653933311751,0,0,0.0,0.0,0,0.0,0,0,0,0.0,9.596666666666666,9.596666666666666,58.5,5,3.0,179.79999999999998,0.5820653933311751,9,0,0.0,0.0,0.0,0.0,0.0,0.0,0.0,0.0,0.0,0.0,14.85483870967742,11.074193548387099,4.2,3.0,0.0,226.8,0.6492985971943888,5.0,1.0,1.0,0.0,1.8000000000000007,0.0,8.0,8.3,1.0,0.0,0.0,0.0,21.34,8.893333333333336,135.2,8.0,0.0,170.7,0.4587476484815909,8.0,6.0,11,7.2285203750162905,-0.02569561285453492,0.0,0.0,0.0,0.0,0.0,0.0,0.0,-2.0,0.0,-1.4666666666666668,0.049999999999998934,-0.507777777777779,8.333333333333336,0.666666666666667,2.0,-4.066666666666691,-0.012970798114804727,1.666666666666667,0.0,0.0,0.0,0.0,0.0,0.0,0.0,0.0,0.0,0.0,0.0,-0.2741935483870943,0.8236559139784951,-62.599999999999994,-1.333333333333333,-1.0,10.066666666666663,0.02991292263609502,-0.666666666666667,-0.33333333333333326,-0.6666666666666667,0.0,-0.03333333333333255,0.0,-1.333333333333334,-6.033333333333333,-2.0,0.0,0.0,0.0,-0.576666666666668,0.18888888888889,-8.733333333333348,0.33333333333333304,-1.3333333333333333,4.23333333333332,0.011914376220821588,-3.333333333333334,-6.333333333333334
2020-12,전주시,2759.4055591857245,31832.0,27,0,0,0.0,0,0.0,0,23,7,84.9,1.6903225806451612,8.816129032258065,9.1,3,0.0,31,0.0,178.5,8,0,0.588332234673698,0,0,0.0,0.0,0,0.0,0,23,7,84.9,1.6903225806451612,8.816129032258065,9.1,3,0.0,178.5,0.588332234673698,8,0,0.0,0.0,0.0,0.0,0.0,0.0,0.0,0.0,0.0,0.0,9.596666666666666,9.596666666666666,58.5,5.0,3.0,179.79999999999998,0.5820653933311751,9.0,0.0,0.0,0.0,0.0,0.0,0.0,0.0,0.0,0.0,0.0,0.0,14.85483870967742,11.074193548387099,4.2,3.0,0.0,226.8,0.6492985971943888,5.0,1.0,12,7.922770558407595,0.3104285028549496,0.0,0.0,0.0,0.0,0.0,0.0,0.0,3.0,0.33333333333333304,8.900000000000006,-0.8741935483870968,0.05698924731182764,-13.999999999999998,-1.666666666666667,0.0,4.700000000000017,0.015306030952433547,0.0,0.0,0.0,0.0,0.0,0.0,0.0,0.0,0.0,-2.0,0.0,-1.4666666666666668,0.049999999999998934,-0.507777777777779,8.333333333333336,0.666666666666667,2.0,-4.066666666666691,-0.012970798114804727,1.666666666666667,0.0,0.0,0.0,0.0,0.0,0.0,0.0,0.0,0.0,0.0,0.0,-0.2741935483870943,0.8236559139784951,-62.599999999999994,-1.333333333333333,-1.0,10.066666666666663,0.02991292263609502,-0.666666666666667,-0.33333333333333326
2021-01,전주시,4167.342103972729,30508.0,25,0,0,0.0,0,0.0,0,22,17,159.60000000000002,0.4903225806451613,9.658064516129032,28.700000000000003,7,0.0,31,0.0,174.2,7,0,0.5588707090150786,0,0,0.0,0.0,0,0.0,0,22,17,159.60000000000002,0.4903225806451613,9.658064516129032,28.700000000000003,7,0.0,174.2,0.5588707090150786,7,0,0.0,0.0,0.0,0.0,0.0,0.0,0.0,23.0,7.0,84.9,1.6903225806451612,8.816129032258065,9.1,3.0,0.0,178.5,0.588332234673698,8.0,0.0,0.0,0.0,0.0,0.0,0.0,0.0,0.0,0.0,0.0,0.0,9.596666666666666,9.596666666666666,58.5,5.0,3.0,179.79999999999998,0.5820653933311751,9.0,0.0,1,8.33503372643815,0.3144302408426487,0.0,0.0,0.0,0.0,0.0,0.0,0.0,-1.5,6.75,37.375000000000014,-0.25080645161290316,0.9112903225806441,-8.075000000000003,1.25,-1.5,6.024999999999977,0.01902415434504645,-0.75,0.0,0.0,0.0,0.0,0.0,0.0,0.0,0.0,3.0,0.33333333333333304,8.900000000000006,-0.8741935483870968,0.05698924731182764,-13.999999999999998,-1.666666666666667,0.0,4.700000000000017,0.015306030952433547,0.0,0.0,0.0,0.0,0.0,0.0,0.0,0.0,0.0,-2.0,0.0,-1.4666666666666668,0.049999999999998934,-0.507777777777779,8.333333333333336,0.666666666666667,2.0,-4.066666666666691,-0.012970798114804727,1.666666666666667,0.0
2021-02,전주시,2289.986427217611,33978.0,22,0,0,0.0,0,0.0,0,16,4,57.300000000000004,4.314285714285714,10.653571428571425,13.7,5,0.0,28,0.0,187.7,5,0,0.6150065530799476,0,0,0.0,0.0,0,0.0,0,16,4,57.300000000000004,4.314285714285714,10.653571428571425,13.7,5,0.0,187.7,0.6150065530799476,5,0,0.0,0.0,0.0,0.0,0.0,0.0,0.0,22.0,17.0,159.60000000000002,0.4903225806451613,9.658064516129032,28.700000000000003,7.0,0.0,174.2,0.5588707090150786,7.0,0.0,0.0,0.0,0.0,0.0,0.0,0.0,0.0,23.0,7.0,84.9,1.6903225806451612,8.816129032258065,9.1,3.0,0.0,178.5,0.588332234673698,8.0,0.0,2,7.736301169551512,0.24625473236868523,0.0,0.0,0.0,0.0,0.0,0.0,0.0,-3.5,-2.0,-17.92499999999999,1.421582512315271,0.5210283251231491,-21.349999999999998,1.25,0.0,2.8249999999999886,0.014056527248648365,0.25,0.0,0.0,0.0,0.0,0.0,0.0,0.0,0.0,-1.5,6.75,37.375000000000014,-0.25080645161290316,0.9112903225806441,-8.075000000000003,1.25,-1.5,6.024999999999977,0.01902415434504645,-0.75,0.0,0.0,0.0,0.0,0.0,0.0,0.0,0.0,3.0,0.33333333333333304,8.900000000000006,-0.8741935483870968,0.05698924731182764,-13.999999999999998,-1.666666666666667,0.0,4.700000000000017,0.015306030952433547,0.0,0.0
2018-01,김제시,3365.0965055543797,18904.0,26,0,0,0.0,0,0.0,0,29,14,183.29999999999998,-1.6209677419354838,8.280645161290321,20.5,7,4.0,31,0.0,178.3,8,0,0.5722079589216945,0,0,0.0,0.0,0,0.0,0,29,14,183.29999999999998,-1.6209677419354838,8.280645161290321,20.5,7,4.0,178.3,0.5722079589216945,8,0,,,,,,,,,,,,,,,,,,,,,,,,,,,,,,,,,,,,,,,1,8.12121192088137,-0.003777689788186933,0.0,0.0,0.0,0.0,0.0,0.0,0.0,4.0,3.5,50.474999999999994,-2.1693548387096775,-0.4290322580645185,-6.125,2.75,2.25,10.125,0.03236140425166234,0.25,0.0,,,,,,,,,,,,,,,,,,,,,,,,,,,,,,,,,,,,,,
2018-02,김제시,2700.522557460706,19596.0,21,0,0,0.0,0,0.0,0,24,12,135.6,0.2964285714285714,10.028571428571428,27.0,1,0.0,28,0.0,197.3,2,0,0.6470974089865531,0,0,0.0,0.0,0,0.0,0,24,12,135.6,0.2964285714285714,10.028571428571428,27.0,1,0.0,197.3,0.6470974089865531,2,0,0.0,0.0,0.0,0.0,0.0,0.0,0.0,29.0,14.0,183.29999999999998,-1.6209677419354838,8.280645161290321,20.5,7.0,4.0,178.3,0.5722079589216945,8.0,0.0,,,,,,,,,,,,,,,,,,,,2,7.901200573066271,0.34356438063269756,0.0,0.0,0.0,0.0,0.0,0.0,0.0,3.0,5.5,52.25,-2.452509236453202,0.0920874384236452,0.0,-2.75,-0.75,12.425000000000011,0.04614738315525391,-2.75,0.0,0.0,0.0,0.0,0.0,0.0,0.0,0.0,4.0,3.5,50.474999999999994,-2.1693548387096775,-0.4290322580645185,-6.125,2.75,2.25,10.125,0.03236140425166234,0.25,0.0,,,,,,,,,,,,,,,,,,,
2018-03,김제시,2201.0237080481706,30392.0,26,0,0,0.0,0,0.0,0,7,1,12.2,8.575806451612904,11.170967741935483,90.0,8,0.0,31,0.0,209.4,8,0,0.5642683912691997,0,0,0.0,0.0,0,0.0,0,7,1,12.2,8.575806451612904,11.170967741935483,90.0,8,0.0,209.4,0.5642683912691997,8,0,0.0,0.0,0.0,0.0,0.0,0.0,0.0,24.0,12.0,135.6,0.2964285714285714,10.028571428571428,27.0,1.0,0.0,197.3,0.6470974089865531,2.0,0.0,0.0,0.0,0.0,0.0,0.0,0.0,0.0,29.0,14.0,183.29999999999998,-1.6209677419354838,8.280645161290321,20.5,7.0,4.0,178.3,0.5722079589216945,8.0,0.0,3,7.69667785295785,0.09808807723147872,0.0,0.0,0.0,0.0,0.0,0.0,0.0,-0.666666666666667,0.6666666666666667,2.0999999999999996,0.5193548387096776,-0.08387096774193736,44.0,2.333333333333333,0.0,-11.333333333333343,-0.030274105527238526,1.666666666666667,0.0,0.0,0.0,0.0,0.0,0.0,0.0,0.0,2.0,4.666666666666667,44.999999999999986,-1.9717980295566502,0.24540229885057485,-6.333333333333336,-2.3333333333333335,-1.0,13.366666666666703,0.050832892238136806,-2.666666666666667,0.0,0.0,0.0,0.0,0.0,0.0,0.0,0.0,3.333333333333332,5.666666666666666,63.966666666666654,-2.3758064516129034,-0.19247311827957247,-12.0,2.333333333333333,1.6666666666666665,12.133333333333354,0.038702789033344454,0.0,0.0
2018-04,김제시,2257.313954085901,28684.0,25,0,0,0.0,0,0.0,0,0,0,0.0,13.396666666666667,11.099999999999998,115.0,8,7.0,30,0.0,219.79999999999998,8,1,0.5592875318066157,0,0,0.0,0.0,0,0.0,0,0,0,0.0,13.396666666666667,11.099999999999998,115.0,8,7.0,219.79999999999998,0.5592875318066157,8,1,0.0,0.0,0.0,0.0,0.0,0.0,0.0,7.0,1.0,12.2,8.575806451612904,11.170967741935483,90.0,8.0,0.0,209.4,0.5642683912691997,8.0,0.0,0.0,0.0,0.0,0.0,0.0,0.0,0.0,24.0,12.0,135.6,0.2964285714285714,10.028571428571428,27.0,1.0,0.0,197.3,0.6470974089865531,2.0,0.0,4,7.721930869530006,0.11286208866638692,0.0,0.0,0.0,0.0,0.0,0.0,0.0,0.0,0.0,0.0,1.2444444444444454,-0.040000000000000924,37.33333333333333,2.0,3.6666666666666665,-10.433333333333366,-0.02604306036048587,1.666666666666667,0.6666666666666667,0.0,0.0,0.0,0.0,0.0,0.0,0.0,-0.666666666666667,0.6666666666666667,2.0999999999999996,0.5193548387096776,-0.08387096774193736,44.0,2.333333333333333,0.0,-11.333333333333343,-0.030274105527238526,1.666666666666667,0.0,0.0,0.0,0.0,0.0,0.0,0.0,0.0,2.0,4.666666666666667,44.999999999999986,-1.9717980295566502,0.24540229885057485,-6.333333333333336,-2.3333333333333335,-1.0,13.366666666666703,0.050832892238136806,-2.666666666666667,0.0
2018-05,김제시,1824.3963568679944,23908.0,26,0,0,0.0,2,6.699999999999999,2,0,0,0.0,18.537096774193547,10.43548387096774,135.5,8,0.0,31,0.0,204.9,7,4,0.469954128440367,0,0,0.0,0.0,2,6.699999999999999,2,0,0,0.0,18.537096774193547,10.43548387096774,135.5,8,0.0,204.9,0.469954128440367,7,4,0.0,0.0,0.0,0.0,0.0,0.0,0.0,0.0,0.0,0.0,13.396666666666667,11.099999999999998,115.0,8.0,7.0,219.79999999999998,0.5592875318066157,8.0,1.0,0.0,0.0,0.0,0.0,0.0,0.0,0.0,7.0,1.0,12.2,8.575806451612904,11.170967741935483,90.0,8.0,0.0,209.4,0.5642683912691997,8.0,0.0,5,7.509004447942323,-0.16322125494695605,-1.0,0.0,-0.33333333333333454,0.0,1.3333333333333335,4.466666666666667,1.3333333333333335,0.0,0.0,0.0,0.08440860215053902,-0.5150537634408625,39.16666666666667,1.333333333333333,-1.0,-32.23333333333332,-0.07391988079648493,0.33333333333333304,2.333333333333333,0.0,0.0,0.0,0.0,0.0,0.0,0.0,0.0,0.0,0.0,1.2444444444444454,-0.040000000000000924,37.33333333333333,2.0,3.6666666666666665,-10.433333333333366,-0.02604306036048587,1.666666666666667,0.6666666666666667,0.0,0.0,0.0,0.0,0.0,0.0,0.0,-0.666666666666667,0.6666666666666667,2.0999999999999996,0.5193548387096776,-0.08387096774193736,44.0,2.333333333333333,0.0,-11.333333333333343,-0.030274105527238526,1.666666666666667,0.0
2018-06,김제시,1511.6221921817923,21079.0,26,7,1,9.100000000000001,5,9.3,4,0,0,0.0,23.38,9.666666666666664,146.5,7,3.0,30,0.0,206.4,5,14,0.4725274725274725,7,1,9.100000000000001,0.0,5,9.3,4,0,0,0.0,23.38,9.666666666666664,146.5,7,3.0,206.4,0.4725274725274725,5,14,0.0,0.0,0.0,0.0,2.0,6.699999999999999,2.0,0.0,0.0,0.0,18.537096774193547,10.43548387096774,135.5,8.0,0.0,204.9,0.469954128440367,7.0,4.0,0.0,0.0,0.0,0.0,0.0,0.0,0.0,0.0,0.0,0.0,13.396666666666667,11.099999999999998,115.0,8.0,7.0,219.79999999999998,0.5592875318066157,8.0,1.0,6,7.320938652620405,-0.2007202109297781,2.0,0.0,1.5000000000000009,-2.0,-1.333333333333333,2.033333333333334,0.6666666666666665,0.0,0.0,0.0,0.41820987654320874,0.6877777777777769,7.333333333333343,-1.333333333333334,0.3333333333333335,9.900000000000006,0.022659945480619892,-2.666666666666667,2.333333333333334,-1.0,0.0,-0.33333333333333454,0.0,1.3333333333333335,4.466666666666667,1.3333333333333335,0.0,0.0,0.0,0.08440860215053902,-0.5150537634408625,39.16666666666667,1.333333333333333,-1.0,-32.23333333333332,-0.07391988079648493,0.33333333333333304,2.333333333333333,0.0,0.0,0.0,0.0,0.0,0.0,0.0,0.0,0.0,0.0,1.2444444444444454,-0.040000000000000924,37.33333333333333,2.0,3.6666666666666665,-10.433333333333366,-0.02604306036048587,1.666666666666667,0.6666666666666667
2018-07,김제시,3483.4631364924435,12704.0,26,24,14,82.1,29,116.69999999999999,25,0,0,0.0,27.864516129032257,8.316129032258065,179.5,5,0.0,31,22.0,256.6,5,19,0.5775376997524195,24,14,82.1,22.0,29,116.69999999999999,25,0,0,0.0,27.864516129032257,8.316129032258065,179.5,5,0.0,256.6,0.5775376997524195,5,19,7.0,1.0,9.100000000000001,0.0,5.0,9.3,4.0,0.0,0.0,0.0,23.38,9.666666666666664,146.5,7.0,3.0,206.4,0.4725274725274725,5.0,14.0,0.0,0.0,0.0,0.0,2.0,6.699999999999999,2.0,0.0,0.0,0.0,18.537096774193547,10.43548387096774,135.5,8.0,0.0,204.9,0.469954128440367,7.0,4.0,7,8.155782232095376,0.07495622512996825,10.333333333333334,8.666666666666668,46.166666666666664,10.333333333333334,5.666666666666668,47.43333333333332,8.0,0.0,0.0,0.0,2.058602150537631,0.7623655913978489,-105.66666666666669,-6.333333333333334,-5.666666666666667,93.80000000000004,0.21107347707432417,-7.333333333333334,1.3333333333333321,2.0,0.0,1.5000000000000009,-2.0,-1.333333333333333,2.033333333333334,0.6666666666666665,0.0,0.0,0.0,0.41820987654320874,0.6877777777777769,7.333333333333343,-1.333333333333334,0.3333333333333335,9.900000000000006,0.022659945480619892,-2.666666666666667,2.333333333333334,-1.0,0.0,-0.33333333333333454,0.0,1.3333333333333335,4.466666666666667,1.3333333333333335,0.0,0.0,0.0,0.08440860215053902,-0.5150537634408625,39.16666666666667,1.333333333333333,-1.0,-32.23333333333332,-0.07391988079648493,0.33333333333333304,2.333333333333333
2018-08,김제시,5668.368428641047,14364.0,27,25,20,117.1,30,133.70000000000002,27,0,0,0.0,28.72258064516129,8.858064516129032,325.5,8,3.0,31,23.0,225.2,8,16,0.5382409177820268,25,20,117.1,23.0,30,133.70000000000002,27,0,0,0.0,28.72258064516129,8.858064516129032,325.5,8,3.0,225.2,0.5382409177820268,8,16,24.0,14.0,82.1,22.0,29.0,116.69999999999999,25.0,0.0,0.0,0.0,27.864516129032257,8.316129032258065,179.5,5.0,0.0,256.6,0.5775376997524195,5.0,19.0,7.0,1.0,9.100000000000001,0.0,5.0,9.3,4.0,0.0,0.0,0.0,23.38,9.666666666666664,146.5,7.0,3.0,206.4,0.4725274725274725,5.0,14.0,8,8.642656600222596,-0.017453339571744664,1.0,6.666666666666666,39.266666666666666,0.6666666666666679,0.0,9.26666666666668,0.33333333333333215,0.0,0.0,0.0,0.7559139784946218,0.9075268817204298,29.5,-2.666666666666666,-0.6666666666666665,23.53333333333333,0.05619204190442123,-0.6666666666666661,-2.666666666666668,10.333333333333334,8.666666666666668,46.166666666666664,10.333333333333334,5.666666666666668,47.43333333333332,8.0,0.0,0.0,0.0,2.058602150537631,0.7623655913978489,-105.66666666666669,-6.333333333333334,-5.666666666666667,93.80000000000004,0.21107347707432417,-7.333333333333334,1.3333333333333321,2.0,0.0,1.5000000000000009,-2.0,-1.333333333333333,2.033333333333334,0.6666666666666665,0.0,0.0,0.0,0.41820987654320874,0.6877777777777769,7.333333333333343,-1.333333333333334,0.3333333333333335,9.900000000000006,0.022659945480619892,-2.666666666666667,2.333333333333334
2018-09,김제시,9334.4939376618,9657.0,22,2,0,1.1999999999999993,7,8.800000000000004,2,0,0,0.0,21.581666666666667,8.67,70.0,6,0.0,30,0.0,180.29999999999998,12,10,0.4838969404186795,2,0,1.1999999999999993,0.0,7,8.800000000000004,2,0,0,0.0,21.581666666666667,8.67,70.0,6,0.0,180.29999999999998,0.4838969404186795,12,10,25.0,20.0,117.1,23.0,30.0,133.70000000000002,27.0,0.0,0.0,0.0,28.72258064516129,8.858064516129032,325.5,8.0,3.0,225.2,0.5382409177820268,8.0,16.0,24.0,14.0,82.1,22.0,29.0,116.69999999999999,25.0,0.0,0.0,0.0,27.864516129032257,8.316129032258065,179.5,5.0,0.0,256.6,0.5775376997524195,5.0,19.0,9,9.141471843222117,0.3265450347227361,0.6666666666666667,0.0,-1.1102230246251565e-15,0.0,-0.666666666666667,-3.4666666666666615,-1.6666666666666665,0.0,0.0,0.0,-0.3299999999999983,0.21111111111111036,-85.66666666666666,-3.333333333333334,-3.6666666666666665,13.833333333333314,0.03706366815791018,0.6666666666666661,-2.333333333333334,1.0,6.666666666666666,39.266666666666666,0.6666666666666679,0.0,9.26666666666668,0.33333333333333215,0.0,0.0,0.0,0.7559139784946218,0.9075268817204298,29.5,-2.666666666666666,-0.6666666666666665,23.53333333333333,0.05619204190442123,-0.6666666666666661,-2.666666666666668,10.333333333333334,8.666666666666668,46.166666666666664,10.333333333333334,5.666666666666668,47.43333333333332,8.0,0.0,0.0,0.0,2.058602150537631,0.7623655913978489,-105.66666666666669,-6.333333333333334,-5.666666666666667,93.80000000000004,0.21107347707432417,-7.333333333333334,1.3333333333333321
2018-10,김제시,2968.1013470042085,14971.0,27,0,0,0.0,0,0.0,0,0,0,0.0,13.837096774193547,10.138709677419351,121.0,7,0.0,31,0.0,221.0,6,0,0.6310679611650486,0,0,0.0,0.0,0,0.0,0,0,0,0.0,13.837096774193547,10.138709677419351,121.0,7,0.0,221.0,0.6310679611650486,6,0,2.0,0.0,1.1999999999999993,0.0,7.0,8.800000000000004,2.0,0.0,0.0,0.0,21.581666666666667,8.67,70.0,6.0,0.0,180.29999999999998,0.4838969404186795,12.0,10.0,25.0,20.0,117.1,23.0,30.0,133.70000000000002,27.0,0.0,0.0,0.0,28.72258064516129,8.858064516129032,325.5,8.0,3.0,225.2,0.5382409177820268,8.0,16.0,10,7.995677750269051,-0.1079639969963111,0.0,0.0,0.0,0.0,0.0,0.0,0.0,0.0,0.0,0.0,-1.2435669262143136,-0.1640341119762745,50.16666666666667,3.0,0.0,4.2666666666666515,0.011682286606754855,0.33333333333333304,-1.3333333333333333,0.6666666666666667,0.0,-1.1102230246251565e-15,0.0,-0.666666666666667,-3.4666666666666615,-1.6666666666666665,0.0,0.0,0.0,-0.3299999999999983,0.21111111111111036,-85.66666666666666,-3.333333333333334,-3.6666666666666665,13.833333333333314,0.03706366815791018,0.6666666666666661,-2.333333333333334,1.0,6.666666666666666,39.266666666666666,0.6666666666666679,0.0,9.26666666666668,0.33333333333333215,0.0,0.0,0.0,0.7559139784946218,0.9075268817204298,29.5,-2.666666666666666,-0.6666666666666665,23.53333333333333,0.05619204190442123,-0.6666666666666661,-2.666666666666668
2018-11,김제시,1550.204485255995,12344.0,26,0,0,0.0,0,0.0,0,2,0,1.2,9.081666666666667,10.276666666666666,32.5,3,0.0,30,0.0,187.4,7,0,0.6064724919093851,0,0,0.0,0.0,0,0.0,0,2,0,1.2,9.081666666666667,10.276666666666666,32.5,3,0.0,187.4,0.6064724919093851,7,0,0.0,0.0,0.0,0.0,0.0,0.0,0.0,0.0,0.0,0.0,13.837096774193547,10.138709677419351,121.0,7.0,0.0,221.0,0.6310679611650486,6.0,0.0,2.0,0.0,1.1999999999999993,0.0,7.0,8.800000000000004,2.0,0.0,0.0,0.0,21.581666666666667,8.67,70.0,6.0,0.0,180.29999999999998,0.4838969404186795,12.0,10.0,11,7.346142127183437,-0.2504059771864613,0.0,0.0,0.0,0.0,0.0,0.0,0.0,-1.0,0.0,-2.033333333333333,-0.37055555555555664,-0.023333333333333428,-15.5,-1.0,-1.0,3.5333333333333314,0.011436300463405269,-0.33333333333333304,0.0,0.0,0.0,0.0,0.0,0.0,0.0,0.0,0.0,0.0,0.0,-1.2435669262143136,-0.1640341119762745,50.16666666666667,3.0,0.0,4.2666666666666515,0.011682286606754855,0.33333333333333304,-1.3333333333333333,0.6666666666666667,0.0,-1.1102230246251565e-15,0.0,-0.666666666666667,-3.4666666666666615,-1.6666666666666665,0.0,0.0,0.0,-0.3299999999999983,0.21111111111111036,-85.66666666666666,-3.333333333333334,-3.6666666666666665,13.833333333333314,0.03706366815791018,0.6666666666666661,-2.333333333333334
2018-12,김제시,1536.7374145426224,14124.0,24,0,0,0.0,0,0.0,0,23,10,106.1,1.7435483870967743,8.461290322580645,27.5,3,0.0,31,0.0,175.0,8,0,0.5769864820309923,0,0,0.0,0.0,0,0.0,0,23,10,106.1,1.7435483870967743,8.461290322580645,27.5,3,0.0,175.0,0.5769864820309923,8,0,0.0,0.0,0.0,0.0,0.0,0.0,0.0,2.0,0.0,1.2,9.081666666666667,10.276666666666666,32.5,3.0,0.0,187.4,0.6064724919093851,7.0,0.0,0.0,0.0,0.0,0.0,0.0,0.0,0.0,0.0,0.0,0.0,13.837096774193547,10.138709677419351,121.0,7.0,0.0,221.0,0.6310679611650486,6.0,0.0,12,7.337416886095293,-0.3543861919299838,0.0,0.0,0.0,0.0,0.0,0.0,0.0,0.6666666666666679,3.333333333333333,22.599999999999994,-0.706989247311828,-0.31720430107526987,8.833333333333332,-0.3333333333333335,0.0,1.200000000000017,0.003960278309727894,0.0,0.0,0.0,0.0,0.0,0.0,0.0,0.0,0.0,-1.0,0.0,-2.033333333333333,-0.37055555555555664,-0.023333333333333428,-15.5,-1.0,-1.0,3.5333333333333314,0.011436300463405269,-0.33333333333333304,0.0,0.0,0.0,0.0,0.0,0.0,0.0,0.0,0.0,0.0,0.0,-1.2435669262143136,-0.1640341119762745,50.16666666666667,3.0,0.0,4.2666666666666515,0.011682286606754855,0.33333333333333304,-1.3333333333333333
2019-01,김제시,1964.6195409666157,18332.0,26,0,0,0.0,0,0.0,0,29,9,124.3,0.532258064516129,9.01935483870968,7.0,2,0.0,31,0.0,198.0,4,0,0.6356340288924559,0,0,0.0,0.0,0,0.0,0,29,9,124.3,0.532258064516129,9.01935483870968,7.0,2,0.0,198.0,0.6356340288924559,4,0,0.0,0.0,0.0,0.0,0.0,0.0,0.0,23.0,10.0,106.1,1.7435483870967743,8.461290322580645,27.5,3.0,0.0,175.0,0.5769864820309923,8.0,0.0,0.0,0.0,0.0,0.0,0.0,0.0,0.0,2.0,0.0,1.2,9.081666666666667,10.276666666666666,32.5,3.0,0.0,187.4,0.6064724919093851,7.0,0.0,1,7.583053887728315,-0.5419357229412416,0.0,0.0,0.0,0.0,0.0,0.0,0.0,4.0,-1.5,-8.524999999999991,-0.016129032258064613,0.3096774193548395,-19.625,-2.25,-1.75,29.82499999999999,0.09578747422242373,-3.75,0.0,0.0,0.0,0.0,0.0,0.0,0.0,0.0,0.6666666666666679,3.333333333333333,22.599999999999994,-0.706989247311828,-0.31720430107526987,8.833333333333332,-0.3333333333333335,0.0,1.200000000000017,0.003960278309727894,0.0,0.0,0.0,0.0,0.0,0.0,0.0,0.0,0.0,-1.0,0.0,-2.033333333333333,-0.37055555555555664,-0.023333333333333428,-15.5,-1.0,-1.0,3.5333333333333314,0.011436300463405269,-0.33333333333333304,0.0
2019-02,김제시,1452.1353606737225,15496.0,19,0,0,0.0,0,0.0,0,24,5,75.80000000000001,2.439285714285714,9.707142857142856,30.0,2,0.0,28,0.0,169.2,5,0,0.5551181102362204,0,0,0.0,0.0,0,0.0,0,24,5,75.80000000000001,2.439285714285714,9.707142857142856,30.0,2,0.0,169.2,0.5551181102362204,5,0,0.0,0.0,0.0,0.0,0.0,0.0,0.0,29.0,9.0,124.3,0.532258064516129,9.01935483870968,7.0,2.0,0.0,198.0,0.6356340288924559,4.0,0.0,0.0,0.0,0.0,0.0,0.0,0.0,0.0,23.0,10.0,106.1,1.7435483870967743,8.461290322580645,27.5,3.0,0.0,175.0,0.5769864820309923,8.0,0.0,2,7.2807904146441835,-0.27684577778939,0.0,0.0,0.0,0.0,0.0,0.0,0.0,3.0,-1.5,-7.549999999999983,-0.30965209359605916,-0.22934113300492776,3.0,-1.75,-0.75,-15.675000000000011,-0.04583191559507882,0.25,0.0,0.0,0.0,0.0,0.0,0.0,0.0,0.0,4.0,-1.5,-8.524999999999991,-0.016129032258064613,0.3096774193548395,-19.625,-2.25,-1.75,29.82499999999999,0.09578747422242373,-3.75,0.0,0.0,0.0,0.0,0.0,0.0,0.0,0.0,0.6666666666666679,3.333333333333333,22.599999999999994,-0.706989247311828,-0.31720430107526987,8.833333333333332,-0.3333333333333335,0.0,1.200000000000017,0.003960278309727894,0.0,0.0
2019-03,김제시,1913.4684938024595,20492.0,26,0,0,0.0,0,0.0,0,8,0,8.6,7.559677419354839,11.25483870967742,25.5,5,0.0,31,0.0,206.8,5,0,0.5577130528586839,0,0,0.0,0.0,0,0.0,0,8,0,8.6,7.559677419354839,11.25483870967742,25.5,5,0.0,206.8,0.5577130528586839,5,0,0.0,0.0,0.0,0.0,0.0,0.0,0.0,24.0,5.0,75.80000000000001,2.439285714285714,9.707142857142856,30.0,2.0,0.0,169.2,0.5551181102362204,5.0,0.0,0.0,0.0,0.0,0.0,0.0,0.0,0.0,29.0,9.0,124.3,0.532258064516129,9.01935483870968,7.0,2.0,0.0,198.0,0.6356340288924559,4.0,0.0,3,7.556672839510689,-0.04191693621568238,0.0,0.0,0.0,0.0,0.0,0.0,0.0,0.33333333333333304,-0.3333333333333333,-1.5,-0.49677419354838737,0.0,-20.5,-0.666666666666667,0.0,-13.933333333333337,-0.036829443937754336,-1.333333333333333,0.0,0.0,0.0,0.0,0.0,0.0,0.0,0.0,2.0,-2.333333333333333,-14.799999999999997,0.17105911330049262,-0.0760262725779981,-3.3333333333333357,-1.3333333333333335,-1.0,-14.73333333333332,-0.04114640651219592,0.33333333333333304,0.0,0.0,0.0,0.0,0.0,0.0,0.0,0.0,3.333333333333332,0.6666666666666661,4.966666666666669,-0.2225806451612904,0.5462365591397855,-25.5,-2.666666666666667,-2.3333333333333335,31.833333333333343,0.10212885900410584,-4.0,0.0
2019-04,김제시,2036.0827896006851,25694.0,26,0,0,0.0,0,0.0,0,0,0,0.0,12.383333333333333,10.913333333333332,99.0,7,0.0,30,0.0,189.3,8,0,0.4818019852379741,0,0,0.0,0.0,0,0.0,0,0,0,0.0,12.383333333333333,10.913333333333332,99.0,7,0.0,189.3,0.4818019852379741,8,0,0.0,0.0,0.0,0.0,0.0,0.0,0.0,8.0,0.0,8.6,7.559677419354839,11.25483870967742,25.5,5.0,0.0,206.8,0.5577130528586839,5.0,0.0,0.0,0.0,0.0,0.0,0.0,0.0,0.0,24.0,5.0,75.80000000000001,2.439285714285714,9.707142857142856,30.0,2.0,0.0,169.2,0.5551181102362204,5.0,0.0,4,7.618783039712407,0.009714258848788404,0.0,0.0,0.0,0.0,0.0,0.0,0.0,0.0,0.0,0.0,0.2311111111111117,-0.22666666666666657,21.33333333333333,1.0,-3.3333333333333335,-40.93333333333334,-0.10352860692912752,1.666666666666667,-0.3333333333333333,0.0,0.0,0.0,0.0,0.0,0.0,0.0,0.33333333333333304,-0.3333333333333333,-1.5,-0.49677419354838737,0.0,-20.5,-0.666666666666667,0.0,-13.933333333333337,-0.036829443937754336,-1.333333333333333,0.0,0.0,0.0,0.0,0.0,0.0,0.0,0.0,2.0,-2.333333333333333,-14.799999999999997,0.17105911330049262,-0.0760262725779981,-3.3333333333333357,-1.3333333333333335,-1.0,-14.73333333333332,-0.04114640651219592,0.33333333333333304,0.0
2019-05,김제시,2947.9811027201144,22352.0,27,3,0,1.0000000000000036,0,0.0,0,0,0,0.0,18.54516129032258,12.303225806451616,51.0,4,0.0,31,0.0,292.6,3,1,0.6714089031665902,3,0,1.0000000000000036,0.0,0,0.0,0,0,0,0.0,18.54516129032258,12.303225806451616,51.0,4,0.0,292.6,0.6714089031665902,3,1,0.0,0.0,0.0,0.0,0.0,0.0,0.0,0.0,0.0,0.0,12.383333333333333,10.913333333333332,99.0,7.0,0.0,189.3,0.4818019852379741,8.0,0.0,0.0,0.0,0.0,0.0,0.0,0.0,0.0,8.0,0.0,8.6,7.559677419354839,11.25483870967742,25.5,5.0,0.0,206.8,0.5577130528586839,5.0,0.0,5,7.988875843085193,0.31665014019591364,2.0,0.0,0.666666666666669,0.0,-0.6666666666666666,-2.233333333333333,-0.6666666666666666,0.0,0.0,0.0,0.09247311827957105,1.3526881720430133,-45.33333333333333,-2.666666666666667,-1.0,55.4666666666667,0.12753489392973827,-3.666666666666667,-0.6666666666666667,0.0,0.0,0.0,0.0,0.0,0.0,0.0,0.0,0.0,0.0,0.2311111111111117,-0.22666666666666657,21.33333333333333,1.0,-3.3333333333333335,-40.93333333333334,-0.10352860692912752,1.666666666666667,-0.3333333333333333,0.0,0.0,0.0,0.0,0.0,0.0,0.0,0.33333333333333304,-0.3333333333333333,-1.5,-0.49677419354838737,0.0,-20.5,-0.666666666666667,0.0,-13.933333333333337,-0.036829443937754336,-1.333333333333333,0.0
2019-06,김제시,1791.3523548475996,18143.0,25,1,0,2.5,4,2.3999999999999986,1,0,0,0.0,21.901666666666664,9.069999999999999,84.5,7,0.0,30,0.0,205.5,9,17,0.47057476528509273,1,0,2.5,0.0,4,2.3999999999999986,1,0,0,0.0,21.901666666666664,9.069999999999999,84.5,7,0.0,205.5,0.47057476528509273,9,17,3.0,0.0,1.0000000000000036,0.0,0.0,0.0,0.0,0.0,0.0,0.0,18.54516129032258,12.303225806451616,51.0,4.0,0.0,292.6,0.6714089031665902,3.0,1.0,0.0,0.0,0.0,0.0,0.0,0.0,0.0,0.0,0.0,0.0,12.383333333333333,10.913333333333332,99.0,7.0,0.0,189.3,0.4818019852379741,8.0,0.0,6,7.490726119085635,-0.030932744464547746,-4.0,-1.0,-5.1000000000000005,-2.0,-2.333333333333333,-4.866666666666668,-2.3333333333333335,0.0,0.0,0.0,-1.0601234567901265,0.09111111111111114,-54.66666666666666,-1.333333333333334,-2.6666666666666665,9.0,0.02070723823824011,1.333333333333333,5.333333333333334,2.0,0.0,0.666666666666669,0.0,-0.6666666666666666,-2.233333333333333,-0.6666666666666666,0.0,0.0,0.0,0.09247311827957105,1.3526881720430133,-45.33333333333333,-2.666666666666667,-1.0,55.4666666666667,0.12753489392973827,-3.666666666666667,-0.6666666666666667,0.0,0.0,0.0,0.0,0.0,0.0,0.0,0.0,0.0,0.0,0.2311111111111117,-0.22666666666666657,21.33333333333333,1.0,-3.3333333333333335,-40.93333333333334,-0.10352860692912752,1.666666666666667,-0.3333333333333333
2019-07,김제시,2321.4996290716845,17591.0,27,14,2,23.699999999999992,22,63.599999999999994,19,0,0,0.0,25.73548387096774,7.722580645161291,187.5,10,4.0,31,13.0,148.7,12,23,0.3346084608460846,14,2,23.699999999999992,13.0,22,63.599999999999994,19,0,0,0.0,25.73548387096774,7.722580645161291,187.5,10,4.0,148.7,0.3346084608460846,12,23,1.0,0.0,2.5,0.0,4.0,2.3999999999999986,1.0,0.0,0.0,0.0,21.901666666666664,9.069999999999999,84.5,7.0,0.0,205.5,0.47057476528509273,9.0,17.0,3.0,0.0,1.0000000000000036,0.0,0.0,0.0,0.0,0.0,0.0,0.0,18.54516129032258,12.303225806451616,51.0,4.0,0.0,292.6,0.6714089031665902,3.0,1.0,7,7.749968647680375,-0.3308573592850328,0.3333333333333339,-3.333333333333333,-12.233333333333338,1.333333333333334,-1.3333333333333321,-5.666666666666671,2.0,0.0,0.0,0.0,-0.07043010752688517,0.16881720430107539,-97.66666666666669,-1.333333333333334,-1.666666666666667,-14.099999999999994,-0.031855761832010776,-0.3333333333333339,5.333333333333332,-4.0,-1.0,-5.1000000000000005,-2.0,-2.333333333333333,-4.866666666666668,-2.3333333333333335,0.0,0.0,0.0,-1.0601234567901265,0.09111111111111114,-54.66666666666666,-1.333333333333334,-2.6666666666666665,9.0,0.02070723823824011,1.333333333333333,5.333333333333334,2.0,0.0,0.666666666666669,0.0,-0.6666666666666666,-2.233333333333333,-0.6666666666666666,0.0,0.0,0.0,0.09247311827957105,1.3526881720430133,-45.33333333333333,-2.666666666666667,-1.0,55.4666666666667,0.12753489392973827,-3.666666666666667,-0.6666666666666667
2019-08,김제시,4137.912225206611,15488.0,27,21,9,56.4,29,98.30000000000001,24,0,0,0.0,27.112903225806452,7.9806451612903215,137.5,9,0.0,31,20.0,206.1,6,28,0.49235547061634016,21,9,56.4,20.0,29,98.30000000000001,24,0,0,0.0,27.112903225806452,7.9806451612903215,137.5,9,0.0,206.1,0.49235547061634016,6,28,14.0,2.0,23.699999999999992,13.0,22.0,63.599999999999994,19.0,0.0,0.0,0.0,25.73548387096774,7.722580645161291,187.5,10.0,4.0,148.7,0.3346084608460846,12.0,23.0,1.0,0.0,2.5,0.0,4.0,2.3999999999999986,1.0,0.0,0.0,0.0,21.901666666666664,9.069999999999999,84.5,7.0,0.0,205.5,0.47057476528509273,9.0,17.0,8,8.32794664619231,-0.3321632936020311,-3.0,-4.333333333333334,-21.43333333333333,-2.333333333333332,-1.0,-26.133333333333326,-2.666666666666668,0.0,0.0,0.0,-0.8537634408602166,0.030107526881719693,-158.5,-1.666666666666666,-3.6666666666666665,4.433333333333337,0.010306594738734631,-2.666666666666666,9.333333333333332,0.3333333333333339,-3.333333333333333,-12.233333333333338,1.333333333333334,-1.3333333333333321,-5.666666666666671,2.0,0.0,0.0,0.0,-0.07043010752688517,0.16881720430107539,-97.66666666666669,-1.333333333333334,-1.666666666666667,-14.099999999999994,-0.031855761832010776,-0.3333333333333339,5.333333333333332,-4.0,-1.0,-5.1000000000000005,-2.0,-2.333333333333333,-4.866666666666668,-2.3333333333333335,0.0,0.0,0.0,-1.0601234567901265,0.09111111111111114,-54.66666666666666,-1.333333333333334,-2.6666666666666665,9.0,0.02070723823824011,1.333333333333333,5.333333333333334
2019-09,김제시,6701.281472586522,10980.0,22,1,0,0.8000000000000007,12,20.799999999999997,8,0,0,0.0,22.63,8.046666666666669,232.0,12,8.0,30,0.0,148.4,14,21,0.39785522788203753,1,0,0.8000000000000007,0.0,12,20.799999999999997,8,0,0,0.0,22.63,8.046666666666669,232.0,12,8.0,148.4,0.39785522788203753,14,21,21.0,9.0,56.4,20.0,29.0,98.30000000000001,24.0,0.0,0.0,0.0,27.112903225806452,7.9806451612903215,137.5,9.0,0.0,206.1,0.49235547061634016,6.0,28.0,14.0,2.0,23.699999999999992,13.0,22.0,63.599999999999994,19.0,0.0,0.0,0.0,25.73548387096774,7.722580645161291,187.5,10.0,4.0,148.7,0.3346084608460846,12.0,23.0,9,8.810054051655476,-0.004872756843905535,-0.33333333333333326,0.0,-0.3999999999999997,0.0,4.333333333333333,8.533333333333331,4.333333333333334,0.0,0.0,0.0,0.7183333333333337,-0.41222222222222094,76.33333333333334,2.666666666666666,4.333333333333334,-18.066666666666663,-0.048978044378731767,2.666666666666666,8.666666666666666,-3.0,-4.333333333333334,-21.43333333333333,-2.333333333333332,-1.0,-26.133333333333326,-2.666666666666668,0.0,0.0,0.0,-0.8537634408602166,0.030107526881719693,-158.5,-1.666666666666666,-3.6666666666666665,4.433333333333337,0.010306594738734631,-2.666666666666666,9.333333333333332,0.3333333333333339,-3.333333333333333,-12.233333333333338,1.333333333333334,-1.3333333333333321,-5.666666666666671,2.0,0.0,0.0,0.0,-0.07043010752688517,0.16881720430107539,-97.66666666666669,-1.333333333333334,-1.666666666666667,-14.099999999999994,-0.031855761832010776,-0.3333333333333339,5.333333333333332
2019-10,김제시,6999.845567546483,13074.7,27,0,0,0.0,0,0.0,0,0,0,0.0,16.47586206896552,9.627586206896554,87.5,3,0.0,29,0.0,202.4,6,3,0.5777904653154439,0,0,0.0,0.0,0,0.0,0,0,0,0.0,16.47586206896552,9.627586206896554,87.5,3,0.0,202.4,0.5777904653154439,6,3,1.0,0.0,0.8000000000000007,0.0,12.0,20.799999999999997,8.0,0.0,0.0,0.0,22.63,8.046666666666669,232.0,12.0,8.0,148.4,0.39785522788203753,14.0,21.0,21.0,9.0,56.4,20.0,29.0,98.30000000000001,24.0,0.0,0.0,0.0,27.112903225806452,7.9806451612903215,137.5,9.0,0.0,206.1,0.49235547061634016,6.0,28.0,10,8.853643366015012,0.7500016187496499,0.0,0.0,0.0,0.0,0.0,0.0,0.0,0.0,0.0,0.0,1.3951983685576579,-0.6751575824990717,16.66666666666667,-1.0,0.0,-14.333333333333343,-0.04159520924284987,0.33333333333333304,1.6666666666666667,-0.33333333333333326,0.0,-0.3999999999999997,0.0,4.333333333333333,8.533333333333331,4.333333333333334,0.0,0.0,0.0,0.7183333333333337,-0.41222222222222094,76.33333333333334,2.666666666666666,4.333333333333334,-18.066666666666663,-0.048978044378731767,2.666666666666666,8.666666666666666,-3.0,-4.333333333333334,-21.43333333333333,-2.333333333333332,-1.0,-26.133333333333326,-2.666666666666668,0.0,0.0,0.0,-0.8537634408602166,0.030107526881719693,-158.5,-1.666666666666666,-3.6666666666666665,4.433333333333337,0.010306594738734631,-2.666666666666666,9.333333333333332
2019-11,김제시,2899.027893561786,15408.0,26,0,0,0.0,0,0.0,0,5,0,8.2,9.695,11.063333333333333,55.5,4,0.0,30,0.0,184.4,6,0,0.5965706890973794,0,0,0.0,0.0,0,0.0,0,5,0,8.2,9.695,11.063333333333333,55.5,4,0.0,184.4,0.5965706890973794,6,0,0.0,0.0,0.0,0.0,0.0,0.0,0.0,0.0,0.0,0.0,16.47586206896552,9.627586206896554,87.5,3.0,0.0,202.4,0.5777904653154439,6.0,3.0,1.0,0.0,0.8000000000000007,0.0,12.0,20.799999999999997,8.0,0.0,0.0,0.0,22.63,8.046666666666669,232.0,12.0,8.0,148.4,0.39785522788203753,14.0,21.0,11,7.972130750662806,0.3755826462929077,0.0,0.0,0.0,0.0,0.0,0.0,0.0,2.0,0.0,4.966666666666667,0.24277777777777665,0.7633333333333336,7.5,0.0,-1.0,0.5333333333333314,0.001534497651399569,-1.333333333333333,0.0,0.0,0.0,0.0,0.0,0.0,0.0,0.0,0.0,0.0,0.0,1.3951983685576579,-0.6751575824990717,16.66666666666667,-1.0,0.0,-14.333333333333343,-0.04159520924284987,0.33333333333333304,1.6666666666666667,-0.33333333333333326,0.0,-0.3999999999999997,0.0,4.333333333333333,8.533333333333331,4.333333333333334,0.0,0.0,0.0,0.7183333333333337,-0.41222222222222094,76.33333333333334,2.666666666666666,4.333333333333334,-18.066666666666663,-0.048978044378731767,2.666666666666666,8.666666666666666
2019-12,김제시,2317.258009490539,17175.0,24,0,0,0.0,0,0.0,0,20,3,51.9,3.796774193548387,8.799999999999999,26.5,6,0.0,31,0.0,167.9,8,0,0.5537598944591029,0,0,0.0,0.0,0,0.0,0,20,3,51.9,3.796774193548387,8.799999999999999,26.5,6,0.0,167.9,0.5537598944591029,8,0,0.0,0.0,0.0,0.0,0.0,0.0,0.0,5.0,0.0,8.2,9.695,11.063333333333333,55.5,4.0,0.0,184.4,0.5965706890973794,6.0,0.0,0.0,0.0,0.0,0.0,0.0,0.0,0.0,0.0,0.0,0.0,16.47586206896552,9.627586206896554,87.5,3.0,0.0,202.4,0.5777904653154439,6.0,3.0,12,7.748139873213681,0.056336795188403954,0.0,0.0,0.0,0.0,0.0,0.0,0.0,-2.333333333333332,-3.666666666666667,-31.6,1.346236559139785,0.021505376344084226,7.833333333333332,2.6666666666666665,0.0,-5.899999999999977,-0.01926630926216155,0.0,0.0,0.0,0.0,0.0,0.0,0.0,0.0,0.0,2.0,0.0,4.966666666666667,0.24277777777777665,0.7633333333333336,7.5,0.0,-1.0,0.5333333333333314,0.001534497651399569,-1.333333333333333,0.0,0.0,0.0,0.0,0.0,0.0,0.0,0.0,0.0,0.0,0.0,1.3951983685576579,-0.6751575824990717,16.66666666666667,-1.0,0.0,-14.333333333333343,-0.04159520924284987,0.33333333333333304,1.6666666666666667
2020-01,김제시,4192.091419721407,19096.0,23,0,0,0.0,0,0.0,0,19,2,50.4,3.353225806451613,8.119354838709677,70.0,5,3.0,31,0.0,122.2,12,0,0.39267352185089976,0,0,0.0,0.0,0,0.0,0,19,2,50.4,3.353225806451613,8.119354838709677,70.0,5,3.0,122.2,0.39267352185089976,12,0,0.0,0.0,0.0,0.0,0.0,0.0,0.0,20.0,3.0,51.9,3.796774193548387,8.799999999999999,26.5,6.0,0.0,167.9,0.5537598944591029,8.0,0.0,0.0,0.0,0.0,0.0,0.0,0.0,0.0,5.0,0.0,8.2,9.695,11.063333333333333,55.5,4.0,0.0,184.4,0.5965706890973794,6.0,0.0,1,8.340955033902732,0.21596542323317536,0.0,0.0,0.0,0.0,0.0,0.0,0.0,-6.0,-8.5,-82.42499999999998,2.8048387096774197,-0.5903225806451626,43.375,0.75,1.25,-45.97500000000001,-0.1471730328191324,4.25,0.0,0.0,0.0,0.0,0.0,0.0,0.0,0.0,-2.333333333333332,-3.666666666666667,-31.6,1.346236559139785,0.021505376344084226,7.833333333333332,2.6666666666666665,0.0,-5.899999999999977,-0.01926630926216155,0.0,0.0,0.0,0.0,0.0,0.0,0.0,0.0,0.0,2.0,0.0,4.966666666666667,0.24277777777777665,0.7633333333333336,7.5,0.0,-1.0,0.5333333333333314,0.001534497651399569,-1.333333333333333,0.0
2020-02,김제시,1353.6921734509726,19948.0,25,0,0,0.0,0,0.0,0,18,5,60.4,4.068965517241379,9.613793103448275,43.0,7,3.0,29,0.0,185.3,7,0,0.5865780310224755,0,0,0.0,0.0,0,0.0,0,18,5,60.4,4.068965517241379,9.613793103448275,43.0,7,3.0,185.3,0.5865780310224755,7,0,0.0,0.0,0.0,0.0,0.0,0.0,0.0,19.0,2.0,50.4,3.353225806451613,8.119354838709677,70.0,5.0,3.0,122.2,0.39267352185089976,12.0,0.0,0.0,0.0,0.0,0.0,0.0,0.0,0.0,20.0,3.0,51.9,3.796774193548387,8.799999999999999,26.5,6.0,0.0,167.9,0.5537598944591029,8.0,0.0,2,7.210591081577164,-0.3470451108564099,0.0,0.0,0.0,0.0,0.0,0.0,0.0,-3.0,-1.5,-22.949999999999996,1.3200277093596058,-0.3226908866995082,16.0,3.25,2.25,0.42500000000001137,-0.014371994808823674,2.25,0.0,0.0,0.0,0.0,0.0,0.0,0.0,0.0,-6.0,-8.5,-82.42499999999998,2.8048387096774197,-0.5903225806451626,43.375,0.75,1.25,-45.97500000000001,-0.1471730328191324,4.25,0.0,0.0,0.0,0.0,0.0,0.0,0.0,0.0,-2.333333333333332,-3.666666666666667,-31.6,1.346236559139785,0.021505376344084226,7.833333333333332,2.6666666666666665,0.0,-5.899999999999977,-0.01926630926216155,0.0,0.0
2020-03,김제시,1886.386993180016,25220.0,26,0,0,0.0,0,0.0,0,8,0,9.5,8.033870967741937,11.338709677419354,22.5,4,0.0,31,0.0,246.0,6,0,0.6616460462614309,0,0,0.0,0.0,0,0.0,0,8,0,9.5,8.033870967741937,11.338709677419354,22.5,4,0.0,246.0,0.6616460462614309,6,0,0.0,0.0,0.0,0.0,0.0,0.0,0.0,18.0,5.0,60.4,4.068965517241379,9.613793103448275,43.0,7.0,3.0,185.3,0.5865780310224755,7.0,0.0,0.0,0.0,0.0,0.0,0.0,0.0,0.0,19.0,2.0,50.4,3.353225806451613,8.119354838709677,70.0,5.0,3.0,122.2,0.39267352185089976,12.0,0.0,3,7.5424186347105735,-0.05617114101579812,0.0,0.0,0.0,0.0,0.0,0.0,0.0,0.33333333333333304,-0.3333333333333333,-0.5999999999999996,-0.022580645161289326,0.08387096774193381,-23.5,-1.666666666666667,0.0,25.26666666666665,0.06710354946499264,-0.33333333333333304,0.0,0.0,0.0,0.0,0.0,0.0,0.0,0.0,-4.0,-2.333333333333333,-30.20000000000001,1.8007389162561576,-0.16937602627257853,9.666666666666664,3.6666666666666665,2.0,1.3666666666667027,-0.009686485725940774,2.333333333333333,0.0,0.0,0.0,0.0,0.0,0.0,0.0,0.0,-6.666666666666668,-6.333333333333334,-68.93333333333334,2.5983870967741938,-0.3537634408602166,37.5,0.33333333333333304,0.6666666666666665,-43.966666666666654,-0.1408316480374503,4.0,0.0
2020-04,김제시,1783.7843634852536,22259.5,25,0,0,0.0,0,0.0,0,0,0,0.0,10.676666666666668,11.406666666666666,19.0,3,3.0,30,0.0,281.6,3,0,0.714902259456715,0,0,0.0,0.0,0,0.0,0,0,0,0.0,10.676666666666668,11.406666666666666,19.0,3,3.0,281.6,0.714902259456715,3,0,0.0,0.0,0.0,0.0,0.0,0.0,0.0,8.0,0.0,9.5,8.033870967741937,11.338709677419354,22.5,4.0,0.0,246.0,0.6616460462614309,6.0,0.0,0.0,0.0,0.0,0.0,0.0,0.0,0.0,18.0,5.0,60.4,4.068965517241379,9.613793103448275,43.0,7.0,3.0,185.3,0.5865780310224755,7.0,0.0,4,7.486492433348443,-0.12257634751517621,0.0,0.0,0.0,0.0,0.0,0.0,0.0,0.0,0.0,0.0,-1.4755555555555535,0.2666666666666675,-58.66666666666667,-3.0,-0.3333333333333335,51.366666666666674,0.12957166728961345,-3.333333333333333,-0.3333333333333333,0.0,0.0,0.0,0.0,0.0,0.0,0.0,0.33333333333333304,-0.3333333333333333,-0.5999999999999996,-0.022580645161289326,0.08387096774193381,-23.5,-1.666666666666667,0.0,25.26666666666665,0.06710354946499264,-0.33333333333333304,0.0,0.0,0.0,0.0,0.0,0.0,0.0,0.0,-4.0,-2.333333333333333,-30.20000000000001,1.8007389162561576,-0.16937602627257853,9.666666666666664,3.6666666666666665,2.0,1.3666666666667027,-0.009686485725940774,2.333333333333333,0.0
2020-05,김제시,1842.349277830412,21110.0,22,0,0,0.0,0,0.0,0,0,0,0.0,18.2758064516129,10.11290322580645,102.5,8,3.0,31,0.0,213.9,10,0,0.49025899610359847,0,0,0.0,0.0,0,0.0,0,0,0,0.0,18.2758064516129,10.11290322580645,102.5,8,3.0,213.9,0.49025899610359847,10,0,0.0,0.0,0.0,0.0,0.0,0.0,0.0,0.0,0.0,0.0,10.676666666666668,11.406666666666666,19.0,3.0,3.0,281.6,0.714902259456715,3.0,0.0,0.0,0.0,0.0,0.0,0.0,0.0,0.0,8.0,0.0,9.5,8.033870967741937,11.338709677419354,22.5,4.0,0.0,246.0,0.6616460462614309,6.0,0.0,5,7.518796817640321,-0.15342888524895848,-1.0,0.0,-0.33333333333333454,0.0,-0.6666666666666666,-2.233333333333333,-0.6666666666666666,0.0,0.0,0.0,-0.17688172043010653,-0.8376344086021525,6.166666666666671,1.333333333333333,2.0,-23.23333333333332,-0.05361501313325345,3.333333333333333,-1.6666666666666667,0.0,0.0,0.0,0.0,0.0,0.0,0.0,0.0,0.0,0.0,-1.4755555555555535,0.2666666666666675,-58.66666666666667,-3.0,-0.3333333333333335,51.366666666666674,0.12957166728961345,-3.333333333333333,-0.3333333333333333,0.0,0.0,0.0,0.0,0.0,0.0,0.0,0.33333333333333304,-0.3333333333333333,-0.5999999999999996,-0.022580645161289326,0.08387096774193381,-23.5,-1.666666666666667,0.0,25.26666666666665,0.06710354946499264,-0.33333333333333304,0.0
2020-06,김제시,2329.2737878525695,14447.5,21,7,2,11.2,10,10.100000000000001,5,0,0,0.0,23.6037037037037,8.200000000000001,186.5,11,5.0,27,6.0,177.6,9,4,0.4065003433279927,7,2,11.2,6.0,10,10.100000000000001,5,0,0,0.0,23.6037037037037,8.200000000000001,186.5,11,5.0,177.6,0.4065003433279927,9,4,0.0,0.0,0.0,0.0,0.0,0.0,0.0,0.0,0.0,0.0,18.2758064516129,10.11290322580645,102.5,8.0,3.0,213.9,0.49025899610359847,10.0,0.0,0.0,0.0,0.0,0.0,0.0,0.0,0.0,0.0,0.0,0.0,10.676666666666668,11.406666666666666,19.0,3.0,3.0,281.6,0.714902259456715,3.0,0.0,6,7.75331181894451,0.23165295539432673,2.0,1.0,3.5999999999999988,4.0,3.666666666666667,2.833333333333335,1.6666666666666665,0.0,0.0,0.0,0.6419135802469107,-0.7788888888888863,47.33333333333334,2.666666666666666,2.3333333333333335,-18.900000000000006,-0.04336718371885995,1.333333333333333,-7.666666666666666,-1.0,0.0,-0.33333333333333454,0.0,-0.6666666666666666,-2.233333333333333,-0.6666666666666666,0.0,0.0,0.0,-0.17688172043010653,-0.8376344086021525,6.166666666666671,1.333333333333333,2.0,-23.23333333333332,-0.05361501313325345,3.333333333333333,-1.6666666666666667,0.0,0.0,0.0,0.0,0.0,0.0,0.0,0.0,0.0,0.0,-1.4755555555555535,0.2666666666666675,-58.66666666666667,-3.0,-0.3333333333333335,51.366666666666674,0.12957166728961345,-3.333333333333333,-0.3333333333333333
2020-07,김제시,4174.405120898277,9752.0,22,3,0,2.0000000000000036,19,27.500000000000007,7,0,0,0.0,23.817741935483873,6.62258064516129,488.5,19,13.0,31,0.0,83.1,20,11,0.18724650743578186,3,0,2.0000000000000036,0.0,19,27.500000000000007,7,0,0,0.0,23.817741935483873,6.62258064516129,488.5,19,13.0,83.1,0.18724650743578186,20,11,7.0,2.0,11.2,6.0,10.0,10.100000000000001,5.0,0.0,0.0,0.0,23.6037037037037,8.200000000000001,186.5,11.0,5.0,177.6,0.4065003433279927,9.0,4.0,0.0,0.0,0.0,0.0,0.0,0.0,0.0,0.0,0.0,0.0,18.2758064516129,10.11290322580645,102.5,8.0,3.0,213.9,0.49025899610359847,10.0,0.0,7,8.336727141120472,0.25590113415506366,-10.666666666666666,-5.333333333333333,-33.93333333333332,-11.666666666666666,-4.333333333333332,-41.76666666666666,-10.0,0.0,0.0,0.0,-1.9881720430107528,-0.931182795698926,203.33333333333331,7.666666666666666,7.333333333333333,-79.69999999999999,-0.1792177152423135,7.666666666666666,-6.666666666666668,2.0,1.0,3.5999999999999988,4.0,3.666666666666667,2.833333333333335,1.6666666666666665,0.0,0.0,0.0,0.6419135802469107,-0.7788888888888863,47.33333333333334,2.666666666666666,2.3333333333333335,-18.900000000000006,-0.04336718371885995,1.333333333333333,-7.666666666666666,-1.0,0.0,-0.33333333333333454,0.0,-0.6666666666666666,-2.233333333333333,-0.6666666666666666,0.0,0.0,0.0,-0.17688172043010653,-0.8376344086021525,6.166666666666671,1.333333333333333,2.0,-23.23333333333332,-0.05361501313325345,3.333333333333333,-1.6666666666666667
2020-08,김제시,8182.2837115041075,11196.0,25,26,11,60.00000000000001,31,141.29999999999998,29,0,0,0.0,28.06451612903226,7.012903225806451,425.0,15,8.0,31,24.0,173.7,12,12,0.4155502392344497,26,11,60.00000000000001,24.0,31,141.29999999999998,29,0,0,0.0,28.06451612903226,7.012903225806451,425.0,15,8.0,173.7,0.4155502392344497,12,12,3.0,0.0,2.0000000000000036,0.0,19.0,27.500000000000007,7.0,0.0,0.0,0.0,23.817741935483873,6.62258064516129,488.5,19.0,13.0,83.1,0.18724650743578186,20.0,11.0,7.0,2.0,11.2,6.0,10.0,10.100000000000001,5.0,0.0,0.0,0.0,23.6037037037037,8.200000000000001,186.5,11.0,5.0,177.6,0.4065003433279927,9.0,4.0,8,9.009726572968122,0.3496166331737811,2.0,-2.333333333333334,-17.83333333333332,1.6666666666666679,1.0,16.866666666666646,2.333333333333332,0.0,0.0,0.0,0.09784946236559122,-0.9376344086021504,129.0,4.333333333333334,4.333333333333334,-27.96666666666667,-0.0664986366431558,3.333333333333334,-6.666666666666668,-10.666666666666666,-5.333333333333333,-33.93333333333332,-11.666666666666666,-4.333333333333332,-41.76666666666666,-10.0,0.0,0.0,0.0,-1.9881720430107528,-0.931182795698926,203.33333333333331,7.666666666666666,7.333333333333333,-79.69999999999999,-0.1792177152423135,7.666666666666666,-6.666666666666668,2.0,1.0,3.5999999999999988,4.0,3.666666666666667,2.833333333333335,1.6666666666666665,0.0,0.0,0.0,0.6419135802469107,-0.7788888888888863,47.33333333333334,2.666666666666666,2.3333333333333335,-18.900000000000006,-0.04336718371885995,1.333333333333333,-7.666666666666666
2020-09,김제시,4881.727980916031,14148.0,25,1,0,1.6000000000000014,4,7.199999999999999,1,0,0,0.0,21.523333333333333,8.66,165.0,10,3.0,30,0.0,170.7,8,6,0.4587476484815909,1,0,1.6000000000000014,0.0,4,7.199999999999999,1,0,0,0.0,21.523333333333333,8.66,165.0,10,3.0,170.7,0.4587476484815909,8,6,26.0,11.0,60.00000000000001,24.0,31.0,141.29999999999998,29.0,0.0,0.0,0.0,28.06451612903226,7.012903225806451,425.0,15.0,8.0,173.7,0.4155502392344497,12.0,12.0,3.0,0.0,2.0000000000000036,0.0,19.0,27.500000000000007,7.0,0.0,0.0,0.0,23.817741935483873,6.62258064516129,488.5,19.0,13.0,83.1,0.18724650743578186,20.0,11.0,9,8.493254530620554,-0.321672277878827,-0.33333333333333326,0.0,0.400000000000001,0.0,-3.666666666666667,-5.066666666666666,-2.6666666666666665,0.0,0.0,0.0,-0.38833333333333186,0.20111111111111057,9.333333333333343,0.6666666666666661,-0.6666666666666665,4.23333333333332,0.011914376220821588,-3.333333333333334,-6.333333333333334,2.0,-2.333333333333334,-17.83333333333332,1.6666666666666679,1.0,16.866666666666646,2.333333333333332,0.0,0.0,0.0,0.09784946236559122,-0.9376344086021504,129.0,4.333333333333334,4.333333333333334,-27.96666666666667,-0.0664986366431558,3.333333333333334,-6.666666666666668,-10.666666666666666,-5.333333333333333,-33.93333333333332,-11.666666666666666,-4.333333333333332,-41.76666666666666,-10.0,0.0,0.0,0.0,-1.9881720430107528,-0.931182795698926,203.33333333333331,7.666666666666666,7.333333333333333,-79.69999999999999,-0.1792177152423135,7.666666666666666,-6.666666666666668
2020-10,김제시,1739.9368970922676,12312.0,21,0,0,0.0,0,0.0,0,0,0,0.0,14.929032258064517,11.141935483870968,4.0,2,0.0,31,0.0,226.8,5,1,0.6492985971943888,0,0,0.0,0.0,0,0.0,0,0,0,0.0,14.929032258064517,11.141935483870968,4.0,2,0.0,226.8,0.6492985971943888,5,1,1.0,0.0,1.6000000000000014,0.0,4.0,7.199999999999999,1.0,0.0,0.0,0.0,21.523333333333333,8.66,165.0,10.0,3.0,170.7,0.4587476484815909,8.0,6.0,26.0,11.0,60.00000000000001,24.0,31.0,141.29999999999998,29.0,0.0,0.0,0.0,28.06451612903226,7.012903225806451,425.0,15.0,8.0,173.7,0.4155502392344497,12.0,12.0,10,7.46160412551202,-0.6420376217533423,0.0,0.0,0.0,0.0,0.0,0.0,0.0,0.0,0.0,0.0,-0.15163144234334425,0.8391916944753426,-66.83333333333333,-2.0,0.0,10.066666666666663,0.02991292263609502,-0.666666666666667,-0.33333333333333326,-0.33333333333333326,0.0,0.400000000000001,0.0,-3.666666666666667,-5.066666666666666,-2.6666666666666665,0.0,0.0,0.0,-0.38833333333333186,0.20111111111111057,9.333333333333343,0.6666666666666661,-0.6666666666666665,4.23333333333332,0.011914376220821588,-3.333333333333334,-6.333333333333334,2.0,-2.333333333333334,-17.83333333333332,1.6666666666666679,1.0,16.866666666666646,2.333333333333332,0.0,0.0,0.0,0.09784946236559122,-0.9376344086021504,129.0,4.333333333333334,4.333333333333334,-27.96666666666667,-0.0664986366431558,3.333333333333334,-6.666666666666668
2020-11,김제시,1757.0146658743631,11780.0,24,0,0,0.0,0,0.0,0,2,0,0.3,9.580000000000002,9.56,56.0,5,3.0,30,0.0,179.79999999999998,9,0,0.5820653933311751,0,0,0.0,0.0,0,0.0,0,2,0,0.3,9.580000000000002,9.56,56.0,5,3.0,179.79999999999998,0.5820653933311751,9,0,0.0,0.0,0.0,0.0,0.0,0.0,0.0,0.0,0.0,0.0,14.929032258064517,11.141935483870968,4.0,2.0,0.0,226.8,0.6492985971943888,5.0,1.0,1.0,0.0,1.6000000000000014,0.0,4.0,7.199999999999999,1.0,0.0,0.0,0.0,21.523333333333333,8.66,165.0,10.0,3.0,170.7,0.4587476484815909,8.0,6.0,11,7.4713714352634515,-0.12517666910644643,0.0,0.0,0.0,0.0,0.0,0.0,0.0,-1.0,0.0,-2.933333333333333,0.1277777777777782,-0.7399999999999984,8.0,1.0,2.0,-4.066666666666691,-0.012970798114804727,1.666666666666667,0.0,0.0,0.0,0.0,0.0,0.0,0.0,0.0,0.0,0.0,0.0,-0.15163144234334425,0.8391916944753426,-66.83333333333333,-2.0,0.0,10.066666666666663,0.02991292263609502,-0.666666666666667,-0.33333333333333326,-0.33333333333333326,0.0,0.400000000000001,0.0,-3.666666666666667,-5.066666666666666,-2.6666666666666665,0.0,0.0,0.0,-0.38833333333333186,0.20111111111111057,9.333333333333343,0.6666666666666661,-0.6666666666666665,4.23333333333332,0.011914376220821588,-3.333333333333334,-6.333333333333334
2020-12,김제시,2950.8616008258773,10171.0,24,0,0,0.0,0,0.0,0,24,7,92.50000000000001,1.8112903225806452,9.074193548387097,2.0,1,0.0,31,0.0,178.5,8,0,0.588332234673698,0,0,0.0,0.0,0,0.0,0,24,7,92.50000000000001,1.8112903225806452,9.074193548387097,2.0,1,0.0,178.5,0.588332234673698,8,0,0.0,0.0,0.0,0.0,0.0,0.0,0.0,2.0,0.0,0.3,9.580000000000002,9.56,56.0,5.0,3.0,179.79999999999998,0.5820653933311751,9.0,0.0,0.0,0.0,0.0,0.0,0.0,0.0,0.0,0.0,0.0,0.0,14.929032258064517,11.141935483870968,4.0,2.0,0.0,226.8,0.6492985971943888,5.0,1.0,12,7.989852474766856,0.29804939674157893,0.0,0.0,0.0,0.0,0.0,0.0,0.0,1.6666666666666679,0.33333333333333304,9.000000000000014,-0.6392473118279571,0.2956989247311821,-16.666666666666668,-2.3333333333333335,0.0,4.700000000000017,0.015306030952433547,0.0,0.0,0.0,0.0,0.0,0.0,0.0,0.0,0.0,-1.0,0.0,-2.933333333333333,0.1277777777777782,-0.7399999999999984,8.0,1.0,2.0,-4.066666666666691,-0.012970798114804727,1.666666666666667,0.0,0.0,0.0,0.0,0.0,0.0,0.0,0.0,0.0,0.0,0.0,-0.15163144234334425,0.8391916944753426,-66.83333333333333,-2.0,0.0,10.066666666666663,0.02991292263609502,-0.666666666666667,-0.33333333333333326
2021-01,김제시,4697.273909496328,11436.0,25,0,0,0.0,0,0.0,0,23,17,173.29999999999998,-0.07096774193548376,9.419354838709678,9.0,3,0.0,31,0.0,174.2,7,0,0.5588707090150786,0,0,0.0,0.0,0,0.0,0,23,17,173.29999999999998,-0.07096774193548376,9.419354838709678,9.0,3,0.0,174.2,0.5588707090150786,7,0,0.0,0.0,0.0,0.0,0.0,0.0,0.0,24.0,7.0,92.50000000000001,1.8112903225806452,9.074193548387097,2.0,1.0,0.0,178.5,0.588332234673698,8.0,0.0,0.0,0.0,0.0,0.0,0.0,0.0,0.0,2.0,0.0,0.3,9.580000000000002,9.56,56.0,5.0,3.0,179.79999999999998,0.5820653933311751,9.0,0.0,1,8.454737600165808,0.3297479894962514,0.0,0.0,0.0,0.0,0.0,0.0,0.0,-2.0,6.5,40.474999999999994,-0.6193548387096773,0.7096774193548381,-17.625,-1.25,-1.75,6.024999999999977,0.01902415434504645,-0.75,0.0,0.0,0.0,0.0,0.0,0.0,0.0,0.0,1.6666666666666679,0.33333333333333304,9.000000000000014,-0.6392473118279571,0.2956989247311821,-16.666666666666668,-2.3333333333333335,0.0,4.700000000000017,0.015306030952433547,0.0,0.0,0.0,0.0,0.0,0.0,0.0,0.0,0.0,-1.0,0.0,-2.933333333333333,0.1277777777777782,-0.7399999999999984,8.0,1.0,2.0,-4.066666666666691,-0.012970798114804727,1.666666666666667,0.0
2021-02,김제시,2535.0349437490686,13422.0,21,0,0,0.0,0,0.0,0,18,4,61.6,4.191071428571428,10.396428571428572,8.0,5,0.0,28,0.0,187.7,5,0,0.6150065530799476,0,0,0.0,0.0,0,0.0,0,18,4,61.6,4.191071428571428,10.396428571428572,8.0,5,0.0,187.7,0.6150065530799476,5,0,0.0,0.0,0.0,0.0,0.0,0.0,0.0,23.0,17.0,173.29999999999998,-0.07096774193548376,9.419354838709678,9.0,3.0,0.0,174.2,0.5588707090150786,7.0,0.0,0.0,0.0,0.0,0.0,0.0,0.0,0.0,24.0,7.0,92.50000000000001,1.8112903225806452,9.074193548387097,2.0,1.0,0.0,178.5,0.588332234673698,8.0,0.0,2,7.837962700446676,0.2803265080131023,0.0,0.0,0.0,0.0,0.0,0.0,0.0,-3.0,-2.5,-21.749999999999993,1.442133620689655,0.45994458128078897,-19.0,1.25,-0.75,2.8249999999999886,0.014056527248648365,0.25,0.0,0.0,0.0,0.0,0.0,0.0,0.0,0.0,-2.0,6.5,40.474999999999994,-0.6193548387096773,0.7096774193548381,-17.625,-1.25,-1.75,6.024999999999977,0.01902415434504645,-0.75,0.0,0.0,0.0,0.0,0.0,0.0,0.0,0.0,1.6666666666666679,0.33333333333333304,9.000000000000014,-0.6392473118279571,0.2956989247311821,-16.666666666666668,-2.3333333333333335,0.0,4.700000000000017,0.015306030952433547,0.0,0.0
2018-01,순창군,3704.1151306125275,14432.0,26,0,0,0.0,0,0.0,0,29,20,221.00000000000003,-2.425806451612903,10.296774193548387,31.5,7,4.0,31,0.0,183.3,7,0,0.5863723608445297,0,0,0.0,0.0,0,0.0,0,29,20,221.00000000000003,-2.425806451612903,10.296774193548387,31.5,7,4.0,183.3,0.5863723608445297,7,0,,,,,,,,,,,,,,,,,,,,,,,,,,,,,,,,,,,,,,,1,8.217199678061771,0.010999827792923966,0.0,0.0,0.0,0.0,0.0,0.0,0.0,1.75,3.25,41.85000000000002,-2.0032258064516126,-0.7516129032258068,-9.849999999999994,1.0,2.25,21.30000000000001,0.0680952772369311,-1.75,0.0,,,,,,,,,,,,,,,,,,,,,,,,,,,,,,,,,,,,,,
2018-02,순창군,3072.1502358623334,15632.0,21,0,0,0.0,0,0.0,0,27,17,196.00000000000003,-0.6962962962962964,12.732142857142858,21.1,3,0.0,28,0.0,193.9,1,0,0.6344895287958114,0,0,0.0,0.0,0,0.0,0,27,17,196.00000000000003,-0.6962962962962964,12.732142857142858,21.1,3,0.0,193.9,0.6344895287958114,1,0,0.0,0.0,0.0,0.0,0.0,0.0,0.0,29.0,20.0,221.00000000000003,-2.425806451612903,10.296774193548387,31.5,7.0,4.0,183.3,0.5863723608445297,7.0,0.0,,,,,,,,,,,,,,,,,,,,2,8.03013299797486,0.356156709727113,0.0,0.0,0.0,0.0,0.0,0.0,0.0,3.75,6.5,75.92500000000001,-2.6345067049808426,0.6590517241379317,-21.25,-2.25,-1.5,17.525000000000006,0.06219323503221519,-5.5,0.0,0.0,0.0,0.0,0.0,0.0,0.0,0.0,1.75,3.25,41.85000000000002,-2.0032258064516126,-0.7516129032258068,-9.849999999999994,1.0,2.25,21.30000000000001,0.0680952772369311,-1.75,0.0,,,,,,,,,,,,,,,,,,,
2018-03,순창군,2135.918570076223,16268.0,27,0,0,0.0,0,0.0,0,10,0,20.1,8.251612903225807,13.483870967741934,103.7,8,0.0,31,0.0,214.3,7,0,0.5774723794125572,0,0,0.0,0.0,0,0.0,0,10,0,20.1,8.251612903225807,13.483870967741934,103.7,8,0.0,214.3,0.5774723794125572,7,0,0.0,0.0,0.0,0.0,0.0,0.0,0.0,27.0,17.0,196.00000000000003,-0.6962962962962964,12.732142857142858,21.1,3.0,0.0,193.9,0.6344895287958114,1.0,0.0,0.0,0.0,0.0,0.0,0.0,0.0,0.0,29.0,20.0,221.00000000000003,-2.425806451612903,10.296774193548387,31.5,7.0,4.0,183.3,0.5863723608445297,7.0,0.0,3,7.666652076729909,0.08035356131779459,0.0,0.0,0.0,0.0,0.0,0.0,0.0,-3.666666666666666,-0.3333333333333333,-9.666666666666668,0.8720430107526882,-0.2537634408602152,43.63333333333334,1.666666666666667,0.0,-6.76666666666668,-0.017954602798070485,0.33333333333333304,0.0,0.0,0.0,0.0,0.0,0.0,0.0,0.0,2.666666666666668,6.0,65.10000000000002,-2.1531958888280727,0.7120689655172434,-20.099999999999994,-1.666666666666667,-1.0,14.733333333333348,0.05455403006937698,-4.333333333333333,0.0,0.0,0.0,0.0,0.0,0.0,0.0,0.0,1.3333333333333321,4.333333333333334,55.50000000000003,-2.1655913978494623,-0.5161290322580641,-9.299999999999997,1.666666666666667,1.6666666666666665,18.599999999999994,0.05939125416466151,-1.333333333333334,0.0
2018-04,순창군,2065.4543319985946,14235.0,25,0,0,0.0,0,0.0,0,1,0,0.6,13.246666666666666,13.696666666666665,181.7,8,6.0,30,0.0,225.1,8,0,0.5730651731160896,0,0,0.0,0.0,0,0.0,0,1,0,0.6,13.246666666666666,13.696666666666665,181.7,8,6.0,225.1,0.5730651731160896,8,0,0.0,0.0,0.0,0.0,0.0,0.0,0.0,10.0,0.0,20.1,8.251612903225807,13.483870967741934,103.7,8.0,0.0,214.3,0.5774723794125572,7.0,0.0,0.0,0.0,0.0,0.0,0.0,0.0,0.0,27.0,17.0,196.00000000000003,-0.6962962962962964,12.732142857142858,21.1,3.0,0.0,193.9,0.6344895287958114,1.0,0.0,4,7.633105496690961,0.1069264483938861,0.0,0.0,0.0,0.0,0.0,0.0,0.0,-3.666666666666667,0.0,-7.000000000000001,1.7244444444444458,-0.04444444444444429,73.59999999999998,1.666666666666667,4.0,0.9333333333333371,0.0023852512248935254,0.666666666666667,0.0,0.0,0.0,0.0,0.0,0.0,0.0,0.0,-3.666666666666666,-0.3333333333333333,-9.666666666666668,0.8720430107526882,-0.2537634408602152,43.63333333333334,1.666666666666667,0.0,-6.76666666666668,-0.017954602798070485,0.33333333333333304,0.0,0.0,0.0,0.0,0.0,0.0,0.0,0.0,2.666666666666668,6.0,65.10000000000002,-2.1531958888280727,0.7120689655172434,-20.099999999999994,-1.666666666666667,-1.0,14.733333333333348,0.05455403006937698,-4.333333333333333,0.0
2018-05,순창군,1962.0083701063004,15428.0,27,1,0,0.5,2,4.099999999999998,0,0,0,0.0,18.103225806451615,11.87741935483871,106.8,9,0.0,31,0.0,226.1,7,4,0.519889629799954,1,0,0.5,0.0,2,4.099999999999998,0,0,0,0.0,18.103225806451615,11.87741935483871,106.8,9,0.0,226.1,0.519889629799954,7,4,0.0,0.0,0.0,0.0,0.0,0.0,0.0,1.0,0.0,0.6,13.246666666666666,13.696666666666665,181.7,8.0,6.0,225.1,0.5730651731160896,8.0,0.0,0.0,0.0,0.0,0.0,0.0,0.0,0.0,10.0,0.0,20.1,8.251612903225807,13.483870967741934,103.7,8.0,0.0,214.3,0.5774723794125572,7.0,0.0,5,7.5817239062254345,0.05877439576297405,-0.6666666666666667,0.0,-0.16666666666666663,0.0,1.3333333333333335,2.7333333333333316,0.0,0.0,0.0,0.0,0.2559139784946254,-1.286021505376345,11.766666666666652,2.0,0.0,-13.733333333333348,-0.03149595295654761,0.33333333333333304,2.333333333333333,0.0,0.0,0.0,0.0,0.0,0.0,0.0,-3.666666666666667,0.0,-7.000000000000001,1.7244444444444458,-0.04444444444444429,73.59999999999998,1.666666666666667,4.0,0.9333333333333371,0.0023852512248935254,0.666666666666667,0.0,0.0,0.0,0.0,0.0,0.0,0.0,0.0,-3.666666666666666,-0.3333333333333333,-9.666666666666668,0.8720430107526882,-0.2537634408602152,43.63333333333334,1.666666666666667,0.0,-6.76666666666668,-0.017954602798070485,0.33333333333333304,0.0
2018-06,순창군,1579.6651711361187,16706.0,26,11,3,20.399999999999995,5,7.0000000000000036,2,0,0,0.0,22.526666666666664,11.909999999999997,224.7,7,5.0,30,7.0,248.1,5,4,0.5700827205882353,11,3,20.399999999999995,7.0,5,7.0000000000000036,2,0,0,0.0,22.526666666666664,11.909999999999997,224.7,7,5.0,248.1,0.5700827205882353,5,4,1.0,0.0,0.5,0.0,2.0,4.099999999999998,0.0,0.0,0.0,0.0,18.103225806451615,11.87741935483871,106.8,9.0,0.0,226.1,0.519889629799954,7.0,4.0,0.0,0.0,0.0,0.0,0.0,0.0,0.0,1.0,0.0,0.6,13.246666666666666,13.696666666666665,181.7,8.0,6.0,225.1,0.5730651731160896,8.0,0.0,6,7.364968186560975,-0.24688709408636988,0.3333333333333339,1.6666666666666667,3.8999999999999986,-0.33333333333333304,0.666666666666667,2.233333333333335,0.0,0.0,0.0,0.0,0.2177777777777763,0.7433333333333323,34.833333333333314,-1.666666666666666,0.666666666666667,34.19999999999999,0.07865381464439669,-2.333333333333333,-1.333333333333333,-0.6666666666666667,0.0,-0.16666666666666663,0.0,1.3333333333333335,2.7333333333333316,0.0,0.0,0.0,0.0,0.2559139784946254,-1.286021505376345,11.766666666666652,2.0,0.0,-13.733333333333348,-0.03149595295654761,0.33333333333333304,2.333333333333333,0.0,0.0,0.0,0.0,0.0,0.0,0.0,-3.666666666666667,0.0,-7.000000000000001,1.7244444444444458,-0.04444444444444429,73.59999999999998,1.666666666666667,4.0,0.9333333333333371,0.0023852512248935254,0.666666666666667,0.0
2018-07,순창군,3535.0136155331998,12425.0,26,22,19,108.80000000000001,28,82.9,24,0,0,0.0,27.312903225806455,10.261290322580647,103.6,4,0.0,31,21.0,275.7,6,4,0.6224881463084218,22,19,108.80000000000001,21.0,28,82.9,24,0,0,0.0,27.312903225806455,10.261290322580647,103.6,4,0.0,275.7,0.6224881463084218,6,4,11.0,3.0,20.399999999999995,7.0,5.0,7.0000000000000036,2.0,0.0,0.0,0.0,22.526666666666664,11.909999999999997,224.7,7.0,5.0,248.1,0.5700827205882353,5.0,4.0,1.0,0.0,0.5,0.0,2.0,4.099999999999998,0.0,0.0,0.0,0.0,18.103225806451615,11.87741935483871,106.8,9.0,0.0,226.1,0.519889629799954,7.0,4.0,7,8.170472429959238,0.08328346172372925,8.333333333333334,11.666666666666668,63.566666666666684,10.333333333333334,8.0,30.699999999999996,10.0,0.0,0.0,0.0,2.372043010752691,1.8096774193548413,-229.26666666666668,-8.0,-7.666666666666667,107.36666666666665,0.24246140153312368,-7.333333333333334,-7.333333333333334,0.3333333333333339,1.6666666666666667,3.8999999999999986,-0.33333333333333304,0.666666666666667,2.233333333333335,0.0,0.0,0.0,0.0,0.2177777777777763,0.7433333333333323,34.833333333333314,-1.666666666666666,0.666666666666667,34.19999999999999,0.07865381464439669,-2.333333333333333,-1.333333333333333,-0.6666666666666667,0.0,-0.16666666666666663,0.0,1.3333333333333335,2.7333333333333316,0.0,0.0,0.0,0.0,0.2559139784946254,-1.286021505376345,11.766666666666652,2.0,0.0,-13.733333333333348,-0.03149595295654761,0.33333333333333304,2.333333333333333
2018-08,순창군,5301.286883989502,8572.5,27,24,18,110.1,29,90.19999999999999,26,0,0,0.0,27.37741935483871,10.187096774193547,427.3,8,0.0,31,22.0,242.7,6,10,0.5810390232224084,24,18,110.1,22.0,29,90.19999999999999,26,0,0,0.0,27.37741935483871,10.187096774193547,427.3,8,0.0,242.7,0.5810390232224084,6,10,22.0,19.0,108.80000000000001,21.0,28.0,82.9,24.0,0.0,0.0,0.0,27.312903225806455,10.261290322580647,103.6,4.0,0.0,275.7,0.6224881463084218,6.0,4.0,11.0,3.0,20.399999999999995,7.0,5.0,7.0000000000000036,2.0,0.0,0.0,0.0,22.526666666666664,11.909999999999997,224.7,7.0,5.0,248.1,0.5700827205882353,5.0,4.0,8,8.575704878366954,-0.013513925865186849,0.6666666666666679,4.333333333333334,28.933333333333323,0.6666666666666679,1.0,-0.9333333333333371,1.0,0.0,0.0,0.0,0.5784946236559136,0.9365591397849471,-27.166666666666686,-2.666666666666666,-3.6666666666666665,49.93333333333334,0.11956395901147171,-3.333333333333334,-4.666666666666666,8.333333333333334,11.666666666666668,63.566666666666684,10.333333333333334,8.0,30.699999999999996,10.0,0.0,0.0,0.0,2.372043010752691,1.8096774193548413,-229.26666666666668,-8.0,-7.666666666666667,107.36666666666665,0.24246140153312368,-7.333333333333334,-7.333333333333334,0.3333333333333339,1.6666666666666667,3.8999999999999986,-0.33333333333333304,0.666666666666667,2.233333333333335,0.0,0.0,0.0,0.0,0.2177777777777763,0.7433333333333323,34.833333333333314,-1.666666666666666,0.666666666666667,34.19999999999999,0.07865381464439669,-2.333333333333333,-1.333333333333333
2018-09,순창군,8158.44923251714,5105.0,22,0,0,0.0,5,4.0,1,0,0,0.0,20.157142857142855,10.206666666666669,120.1,9,3.0,30,0.0,168.1,10,9,0.45151759333870534,0,0,0.0,0.0,5,4.0,1,0,0,0.0,20.157142857142855,10.206666666666669,120.1,9,3.0,168.1,0.45151759333870534,10,9,24.0,18.0,110.1,22.0,29.0,90.19999999999999,26.0,0.0,0.0,0.0,27.37741935483871,10.187096774193547,427.3,8.0,0.0,242.7,0.5810390232224084,6.0,10.0,22.0,19.0,108.80000000000001,21.0,28.0,82.9,24.0,0.0,0.0,0.0,27.312903225806455,10.261290322580647,103.6,4.0,0.0,275.7,0.6224881463084218,6.0,4.0,9,9.006809384862642,0.38559903143784346,-2.0,0.0,-2.0,-1.0,-1.333333333333333,-3.133333333333333,-0.6666666666666667,0.0,0.0,0.0,-0.5652380952380938,0.3866666666666685,-34.06666666666666,-1.333333333333334,-1.0,17.099999999999994,0.04593665928145285,-1.0,-2.666666666666666,0.6666666666666679,4.333333333333334,28.933333333333323,0.6666666666666679,1.0,-0.9333333333333371,1.0,0.0,0.0,0.0,0.5784946236559136,0.9365591397849471,-27.166666666666686,-2.666666666666666,-3.6666666666666665,49.93333333333334,0.11956395901147171,-3.333333333333334,-4.666666666666666,8.333333333333334,11.666666666666668,63.566666666666684,10.333333333333334,8.0,30.699999999999996,10.0,0.0,0.0,0.0,2.372043010752691,1.8096774193548413,-229.26666666666668,-8.0,-7.666666666666667,107.36666666666665,0.24246140153312368,-7.333333333333334,-7.333333333333334
2018-10,순창군,2722.6038622280157,9973.0,27,0,0,0.0,0,0.0,0,0,0,0.0,12.096774193548388,12.97741935483871,125.5,9,7.0,31,0.0,211.0,5,0,0.6019971469329529,0,0,0.0,0.0,0,0.0,0,0,0,0.0,12.096774193548388,12.97741935483871,125.5,9,7.0,211.0,0.6019971469329529,5,0,0.0,0.0,0.0,0.0,5.0,4.0,1.0,0.0,0.0,0.0,20.157142857142855,10.206666666666669,120.1,9.0,3.0,168.1,0.45151759333870534,10.0,9.0,24.0,18.0,110.1,22.0,29.0,90.19999999999999,26.0,0.0,0.0,0.0,27.37741935483871,10.187096774193547,427.3,8.0,0.0,242.7,0.5810390232224084,6.0,10.0,10,7.90934400365814,-0.040703718349753615,0.0,0.0,0.0,0.0,0.0,0.0,0.0,0.0,0.0,0.0,-1.5860215053763422,0.6000000000000014,21.16666666666667,3.666666666666667,3.6666666666666665,1.7333333333333485,0.004713008448877565,-0.33333333333333304,-1.0,-2.0,0.0,-2.0,-1.0,-1.333333333333333,-3.133333333333333,-0.6666666666666667,0.0,0.0,0.0,-0.5652380952380938,0.3866666666666685,-34.06666666666666,-1.333333333333334,-1.0,17.099999999999994,0.04593665928145285,-1.0,-2.666666666666666,0.6666666666666679,4.333333333333334,28.933333333333323,0.6666666666666679,1.0,-0.9333333333333371,1.0,0.0,0.0,0.0,0.5784946236559136,0.9365591397849471,-27.166666666666686,-2.666666666666666,-3.6666666666666665,49.93333333333334,0.11956395901147171,-3.333333333333334,-4.666666666666666
2018-11,순창군,1361.6712145187603,9808.0,26,0,0,0.0,0,0.0,0,14,0,18.0,7.126666666666667,13.873333333333331,51.0,6,0.0,30,0.0,165.1,8,0,0.5324089003547242,0,0,0.0,0.0,0,0.0,0,14,0,18.0,7.126666666666667,13.873333333333331,51.0,6,0.0,165.1,0.5324089003547242,8,0,0.0,0.0,0.0,0.0,0.0,0.0,0.0,0.0,0.0,0.0,12.096774193548388,12.97741935483871,125.5,9.0,7.0,211.0,0.6019971469329529,5.0,0.0,0.0,0.0,0.0,0.0,5.0,4.0,1.0,0.0,0.0,0.0,20.157142857142855,10.206666666666669,120.1,9.0,3.0,168.1,0.45151759333870534,10.0,9.0,11,7.216468058536274,-0.2175838899819782,0.0,0.0,0.0,0.0,0.0,0.0,0.0,3.0,-0.3333333333333333,0.7666666666666693,-0.8228352490421456,0.552222222222218,8.899999999999999,1.333333333333333,-1.0,-1.9000000000000057,-0.00628683114927564,0.0,0.0,0.0,0.0,0.0,0.0,0.0,0.0,0.0,0.0,0.0,0.0,-1.5860215053763422,0.6000000000000014,21.16666666666667,3.666666666666667,3.6666666666666665,1.7333333333333485,0.004713008448877565,-0.33333333333333304,-1.0,-2.0,0.0,-2.0,-1.0,-1.333333333333333,-3.133333333333333,-0.6666666666666667,0.0,0.0,0.0,-0.5652380952380938,0.3866666666666685,-34.06666666666666,-1.333333333333334,-1.0,17.099999999999994,0.04593665928145285,-1.0,-2.666666666666666
2018-12,순창군,1510.646210334029,13412.0,26,0,0,0.0,0,0.0,0,26,14,141.10000000000002,0.9806451612903225,10.854838709677418,26.3,4,0.0,31,0.0,170.0,7,0,0.5575598556903902,0,0,0.0,0.0,0,0.0,0,26,14,141.10000000000002,0.9806451612903225,10.854838709677418,26.3,4,0.0,170.0,0.5575598556903902,7,0,0.0,0.0,0.0,0.0,0.0,0.0,0.0,14.0,0.0,18.0,7.126666666666667,13.873333333333331,51.0,6.0,0.0,165.1,0.5324089003547242,8.0,0.0,0.0,0.0,0.0,0.0,0.0,0.0,0.0,0.0,0.0,0.0,12.096774193548388,12.97741935483871,125.5,9.0,7.0,211.0,0.6019971469329529,5.0,0.0,12,7.320292792126428,-0.46736130533129483,0.0,0.0,0.0,0.0,0.0,0.0,0.0,0.0,3.0,14.966666666666683,-0.17549923195084471,0.0,2.2333333333333343,0.0,-1.0,16.900000000000006,0.05531556218708189,-2.333333333333334,0.0,0.0,0.0,0.0,0.0,0.0,0.0,0.0,3.0,-0.3333333333333333,0.7666666666666693,-0.8228352490421456,0.552222222222218,8.899999999999999,1.333333333333333,-1.0,-1.9000000000000057,-0.00628683114927564,0.0,0.0,0.0,0.0,0.0,0.0,0.0,0.0,0.0,0.0,0.0,0.0,-1.5860215053763422,0.6000000000000014,21.16666666666667,3.666666666666667,3.6666666666666665,1.7333333333333485,0.004713008448877565,-0.33333333333333304,-1.0
2019-01,순창군,2008.4735462472936,16628.0,26,0,0,0.0,0,0.0,0,30,20,188.0,-0.6322580645161291,12.358064516129033,10.0,3,0.0,31,0.0,203.7,3,0,0.6516314779270632,0,0,0.0,0.0,0,0.0,0,30,20,188.0,-0.6322580645161291,12.358064516129033,10.0,3,0.0,203.7,0.6516314779270632,3,0,0.0,0.0,0.0,0.0,0.0,0.0,0.0,26.0,14.0,141.10000000000002,0.9806451612903225,10.854838709677418,26.3,4.0,0.0,170.0,0.5575598556903902,7.0,0.0,0.0,0.0,0.0,0.0,0.0,0.0,0.0,14.0,0.0,18.0,7.126666666666667,13.873333333333331,51.0,6.0,0.0,165.1,0.5324089003547242,8.0,0.0,1,7.6051302828125715,-0.6010695674562756,0.0,0.0,0.0,0.0,0.0,0.0,0.0,2.75,3.25,8.849999999999994,-0.20967741935483875,1.3096774193548395,-31.349999999999994,-3.0,-1.75,41.69999999999999,0.1333543943194646,-5.75,0.0,0.0,0.0,0.0,0.0,0.0,0.0,0.0,0.0,3.0,14.966666666666683,-0.17549923195084471,0.0,2.2333333333333343,0.0,-1.0,16.900000000000006,0.05531556218708189,-2.333333333333334,0.0,0.0,0.0,0.0,0.0,0.0,0.0,0.0,3.0,-0.3333333333333333,0.7666666666666693,-0.8228352490421456,0.552222222222218,8.899999999999999,1.333333333333333,-1.0,-1.9000000000000057,-0.00628683114927564,0.0,0.0
2019-02,순창군,1454.0719450964787,15081.0,21,0,0,0.0,0,0.0,0,26,8,105.0,1.842857142857143,11.714285714285712,39.6,3,0.0,28,0.0,169.9,7,0,0.5565018015067147,0,0,0.0,0.0,0,0.0,0,26,8,105.0,1.842857142857143,11.714285714285712,39.6,3,0.0,169.9,0.5565018015067147,7,0,0.0,0.0,0.0,0.0,0.0,0.0,0.0,30.0,20.0,188.0,-0.6322580645161291,12.358064516129033,10.0,3.0,0.0,203.7,0.6516314779270632,3.0,0.0,0.0,0.0,0.0,0.0,0.0,0.0,0.0,26.0,14.0,141.10000000000002,0.9806451612903225,10.854838709677418,26.3,4.0,0.0,170.0,0.5575598556903902,7.0,0.0,2,7.282123137678463,-0.3918531505692844,0.0,0.0,0.0,0.0,0.0,0.0,0.0,2.75,-2.5,-15.075000000000017,-0.09535326582740344,-0.35880541871921423,-2.75,-2.25,-1.5,-6.474999999999994,-0.015794492256881565,0.5,0.0,0.0,0.0,0.0,0.0,0.0,0.0,0.0,2.75,3.25,8.849999999999994,-0.20967741935483875,1.3096774193548395,-31.349999999999994,-3.0,-1.75,41.69999999999999,0.1333543943194646,-5.75,0.0,0.0,0.0,0.0,0.0,0.0,0.0,0.0,0.0,3.0,14.966666666666683,-0.17549923195084471,0.0,2.2333333333333343,0.0,-1.0,16.900000000000006,0.05531556218708189,-2.333333333333334,0.0
2019-03,순창군,1858.9677438356164,16790.0,26,0,0,0.0,0,0.0,0,17,0,41.4,6.764516129032257,14.145161290322584,38.3,6,0.0,31,0.0,221.1,6,0,0.5962783171521036,0,0,0.0,0.0,0,0.0,0,17,0,41.4,6.764516129032257,14.145161290322584,38.3,6,0.0,221.1,0.5962783171521036,6,0,0.0,0.0,0.0,0.0,0.0,0.0,0.0,26.0,8.0,105.0,1.842857142857143,11.714285714285712,39.6,3.0,0.0,169.9,0.5565018015067147,7.0,0.0,0.0,0.0,0.0,0.0,0.0,0.0,0.0,30.0,20.0,188.0,-0.6322580645161291,12.358064516129033,10.0,3.0,0.0,203.7,0.6516314779270632,3.0,0.0,3,7.527776636218361,-0.05852187919375318,0.0,0.0,0.0,0.0,0.0,0.0,0.0,3.333333333333334,-0.3333333333333333,11.63333333333333,-0.6150537634408613,0.4075268817204343,-21.766666666666666,-0.33333333333333304,0.0,0.03333333333330302,0.0008513349414758231,-0.666666666666667,0.0,0.0,0.0,0.0,0.0,0.0,0.0,0.0,1.6666666666666679,-3.0,-25.900000000000006,0.3859575503253665,-0.3057881773399025,-1.5999999999999943,-1.666666666666667,-1.0,-9.266666666666652,-0.023433697219719773,1.666666666666667,0.0,0.0,0.0,0.0,0.0,0.0,0.0,0.0,2.333333333333332,4.333333333333334,22.5,-0.3720430107526882,1.5451612903225822,-30.799999999999997,-2.333333333333333,-2.3333333333333335,38.99999999999997,0.12465037124719502,-5.333333333333334,0.0
2019-04,순창군,1989.9743405509644,18150.0,26,0,0,0.0,0,0.0,0,6,0,13.200000000000001,11.686666666666667,12.943333333333332,87.4,7,0.0,30,0.0,185.5,9,0,0.47273190621814476,0,0,0.0,0.0,0,0.0,0,6,0,13.200000000000001,11.686666666666667,12.943333333333332,87.4,7,0.0,185.5,0.47273190621814476,9,0,0.0,0.0,0.0,0.0,0.0,0.0,0.0,17.0,0.0,41.4,6.764516129032257,14.145161290322584,38.3,6.0,0.0,221.1,0.5962783171521036,6.0,0.0,0.0,0.0,0.0,0.0,0.0,0.0,0.0,26.0,8.0,105.0,1.842857142857143,11.714285714285712,39.6,3.0,0.0,169.9,0.5565018015067147,7.0,0.0,4,7.595877023439912,0.06969797514283727,0.0,0.0,0.0,0.0,0.0,0.0,0.0,1.333333333333333,0.0,5.6000000000000005,0.16444444444444706,-0.7977777777777781,-20.700000000000003,0.666666666666667,-2.0,-38.66666666666666,-0.09794801567305134,1.666666666666667,0.0,0.0,0.0,0.0,0.0,0.0,0.0,0.0,3.333333333333334,-0.3333333333333333,11.63333333333333,-0.6150537634408613,0.4075268817204343,-21.766666666666666,-0.33333333333333304,0.0,0.03333333333330302,0.0008513349414758231,-0.666666666666667,0.0,0.0,0.0,0.0,0.0,0.0,0.0,0.0,1.6666666666666679,-3.0,-25.900000000000006,0.3859575503253665,-0.3057881773399025,-1.5999999999999943,-1.666666666666667,-1.0,-9.266666666666652,-0.023433697219719773,1.666666666666667,0.0
2019-05,순창군,2300.6419581316304,19418.0,27,4,0,1.5,0,0.0,0,0,0,0.0,17.603225806451615,16.006451612903227,84.7,6,0.0,31,0.0,285.6,3,0,0.6570048309178744,4,0,1.5,0.0,0,0.0,0,0,0,0.0,17.603225806451615,16.006451612903227,84.7,6,0.0,285.6,0.6570048309178744,3,0,0.0,0.0,0.0,0.0,0.0,0.0,0.0,6.0,0.0,13.200000000000001,11.686666666666667,12.943333333333332,87.4,7.0,0.0,185.5,0.47273190621814476,9.0,0.0,0.0,0.0,0.0,0.0,0.0,0.0,0.0,17.0,0.0,41.4,6.764516129032257,14.145161290322584,38.3,6.0,0.0,221.1,0.5962783171521036,6.0,0.0,5,7.740943475203812,0.21799396474135158,2.333333333333333,0.0,0.8333333333333334,0.0,-0.6666666666666666,-1.366666666666666,0.0,0.0,0.0,0.0,-0.24408602150537462,2.8430107526881727,-10.333333333333343,-1.0,0.0,45.76666666666668,0.1056192481613728,-3.666666666666667,-1.6666666666666667,0.0,0.0,0.0,0.0,0.0,0.0,0.0,1.333333333333333,0.0,5.6000000000000005,0.16444444444444706,-0.7977777777777781,-20.700000000000003,0.666666666666667,-2.0,-38.66666666666666,-0.09794801567305134,1.666666666666667,0.0,0.0,0.0,0.0,0.0,0.0,0.0,0.0,3.333333333333334,-0.3333333333333333,11.63333333333333,-0.6150537634408613,0.4075268817204343,-21.766666666666666,-0.33333333333333304,0.0,0.03333333333330302,0.0008513349414758231,-0.666666666666667,0.0
2019-06,순창군,1934.566796498009,17076.0,25,7,0,8.199999999999996,4,1.9000000000000021,0,0,0,0.0,21.34,11.156666666666666,164.6,9,3.0,30,3.0,211.8,8,4,0.4865609924190214,7,0,8.199999999999996,3.0,4,1.9000000000000021,0,0,0,0.0,21.34,11.156666666666666,164.6,9,3.0,211.8,0.4865609924190214,8,4,4.0,0.0,1.5,0.0,0.0,0.0,0.0,0.0,0.0,0.0,17.603225806451615,16.006451612903227,84.7,6.0,0.0,285.6,0.6570048309178744,3.0,0.0,0.0,0.0,0.0,0.0,0.0,0.0,0.0,6.0,0.0,13.200000000000001,11.686666666666667,12.943333333333332,87.4,7.0,0.0,185.5,0.47273190621814476,9.0,0.0,6,7.567638702620704,-0.04421657802664036,-3.666666666666666,-1.3333333333333333,-8.3,-4.333333333333333,-0.33333333333333304,-2.8666666666666663,-2.0,0.0,0.0,0.0,-0.9688888888888876,-0.00999999999999801,-25.26666666666668,0.3333333333333339,-1.333333333333333,-2.0999999999999943,-0.004867913524817191,0.666666666666667,-1.333333333333333,2.333333333333333,0.0,0.8333333333333334,0.0,-0.6666666666666666,-1.366666666666666,0.0,0.0,0.0,0.0,-0.24408602150537462,2.8430107526881727,-10.333333333333343,-1.0,0.0,45.76666666666668,0.1056192481613728,-3.666666666666667,-1.6666666666666667,0.0,0.0,0.0,0.0,0.0,0.0,0.0,1.333333333333333,0.0,5.6000000000000005,0.16444444444444706,-0.7977777777777781,-20.700000000000003,0.666666666666667,-2.0,-38.66666666666666,-0.09794801567305134,1.666666666666667,0.0
2019-07,순창군,2406.845385723297,19024.0,27,12,3,22.99999999999999,16,47.20000000000001,12,0,0,0.0,24.57741935483871,8.429032258064515,334.5,14,8.0,31,7.0,162.8,12,16,0.367411419544121,12,3,22.99999999999999,7.0,16,47.20000000000001,12,0,0,0.0,24.57741935483871,8.429032258064515,334.5,14,8.0,162.8,0.367411419544121,12,16,7.0,0.0,8.199999999999996,3.0,4.0,1.9000000000000021,0.0,0.0,0.0,0.0,21.34,11.156666666666666,164.6,9.0,3.0,211.8,0.4865609924190214,8.0,4.0,4.0,0.0,1.5,0.0,0.0,0.0,0.0,0.0,0.0,0.0,17.603225806451615,16.006451612903227,84.7,6.0,0.0,285.6,0.6570048309178744,3.0,0.0,7,7.786072200457455,-0.30111676777805396,-1.666666666666666,-4.333333333333333,-22.233333333333338,-3.666666666666666,-4.0,-5.0,-2.0,0.0,0.0,0.0,-0.3634408602150536,-0.022580645161291102,1.6333333333333258,2.0,0.33333333333333304,-5.533333333333331,-0.012615325231177088,-1.333333333333334,4.666666666666666,-3.666666666666666,-1.3333333333333333,-8.3,-4.333333333333333,-0.33333333333333304,-2.8666666666666663,-2.0,0.0,0.0,0.0,-0.9688888888888876,-0.00999999999999801,-25.26666666666668,0.3333333333333339,-1.333333333333333,-2.0999999999999943,-0.004867913524817191,0.666666666666667,-1.333333333333333,2.333333333333333,0.0,0.8333333333333334,0.0,-0.6666666666666666,-1.366666666666666,0.0,0.0,0.0,0.0,-0.24408602150537462,2.8430107526881727,-10.333333333333343,-1.0,0.0,45.76666666666668,0.1056192481613728,-3.666666666666667,-1.6666666666666667
2019-08,순창군,4090.8392617248523,15682.5,27,20,13,67.9,24,63.69999999999999,20,0,0,0.0,25.858064516129033,9.651612903225805,114.1,10,3.0,31,17.0,198.5,8,14,0.4747668022004305,20,13,67.9,17.0,24,63.69999999999999,20,0,0,0.0,25.858064516129033,9.651612903225805,114.1,10,3.0,198.5,0.4747668022004305,8,14,12.0,3.0,22.99999999999999,7.0,16.0,47.20000000000001,12.0,0.0,0.0,0.0,24.57741935483871,8.429032258064515,334.5,14.0,8.0,162.8,0.367411419544121,12.0,16.0,7.0,0.0,8.199999999999996,3.0,4.0,1.9000000000000021,0.0,0.0,0.0,0.0,21.34,11.156666666666666,164.6,9.0,3.0,211.8,0.4865609924190214,8.0,4.0,8,8.316505426452256,-0.27271337777988514,-3.333333333333332,-0.6666666666666661,-13.266666666666666,-4.333333333333332,-4.0,-27.433333333333337,-5.0,0.0,0.0,0.0,-0.9408602150537639,0.40107526881720545,-340.3666666666667,-0.6666666666666661,-0.6666666666666665,5.7333333333333485,0.01329173798949379,-1.333333333333334,-0.6666666666666661,-1.666666666666666,-4.333333333333333,-22.233333333333338,-3.666666666666666,-4.0,-5.0,-2.0,0.0,0.0,0.0,-0.3634408602150536,-0.022580645161291102,1.6333333333333258,2.0,0.33333333333333304,-5.533333333333331,-0.012615325231177088,-1.333333333333334,4.666666666666666,-3.666666666666666,-1.3333333333333333,-8.3,-4.333333333333333,-0.33333333333333304,-2.8666666666666663,-2.0,0.0,0.0,0.0,-0.9688888888888876,-0.00999999999999801,-25.26666666666668,0.3333333333333339,-1.333333333333333,-2.0999999999999943,-0.004867913524817191,0.666666666666667,-1.333333333333333
2019-09,순창군,4876.392208157227,9464.0,22,5,0,3.6000000000000014,10,11.799999999999997,2,0,0,0.0,21.68,9.773333333333333,174.2,11,6.0,30,3.0,145.7,13,15,0.3909310437349074,5,0,3.6000000000000014,3.0,10,11.799999999999997,2,0,0,0.0,21.68,9.773333333333333,174.2,11,6.0,145.7,0.3909310437349074,13,15,20.0,13.0,67.9,17.0,24.0,63.69999999999999,20.0,0.0,0.0,0.0,25.858064516129033,9.651612903225805,114.1,10.0,3.0,198.5,0.4747668022004305,8.0,14.0,12.0,3.0,22.99999999999999,7.0,16.0,47.20000000000001,12.0,0.0,0.0,0.0,24.57741935483871,8.429032258064515,334.5,14.0,8.0,162.8,0.367411419544121,12.0,16.0,9,8.492160923821867,-0.1290494296029312,3.0,0.0,1.6000000000000014,2.0,3.666666666666667,4.666666666666664,0.33333333333333326,0.0,0.0,0.0,0.9576190476190511,-0.046666666666666856,20.03333333333333,0.6666666666666661,2.0,-5.300000000000011,-0.014649890322345094,2.0,3.333333333333334,-3.333333333333332,-0.6666666666666661,-13.266666666666666,-4.333333333333332,-4.0,-27.433333333333337,-5.0,0.0,0.0,0.0,-0.9408602150537639,0.40107526881720545,-340.3666666666667,-0.6666666666666661,-0.6666666666666665,5.7333333333333485,0.01329173798949379,-1.333333333333334,-0.6666666666666661,-1.666666666666666,-4.333333333333333,-22.233333333333338,-3.666666666666666,-4.0,-5.0,-2.0,0.0,0.0,0.0,-0.3634408602150536,-0.022580645161291102,1.6333333333333258,2.0,0.33333333333333304,-5.533333333333331,-0.012615325231177088,-1.333333333333334,4.666666666666666
2019-10,순창군,5696.043433307024,8869.0,27,0,0,0.0,0,0.0,0,0,0,0.0,15.187096774193549,11.738709677419353,178.1,4,3.0,31,0.0,204.9,6,2,0.5844266970907016,0,0,0.0,0.0,0,0.0,0,0,0,0.0,15.187096774193549,11.738709677419353,178.1,4,3.0,204.9,0.5844266970907016,6,2,5.0,0.0,3.6000000000000014,3.0,10.0,11.799999999999997,2.0,0.0,0.0,0.0,21.68,9.773333333333333,174.2,11.0,6.0,145.7,0.3909310437349074,13.0,15.0,20.0,13.0,67.9,17.0,24.0,63.69999999999999,20.0,0.0,0.0,0.0,25.858064516129033,9.651612903225805,114.1,10.0,3.0,198.5,0.4747668022004305,8.0,14.0,10,8.647527078292203,0.6974793562843091,0.0,0.0,0.0,0.0,0.0,0.0,0.0,0.0,0.0,0.0,1.5043010752688186,-0.6387096774193566,73.76666666666667,-1.333333333333333,-0.3333333333333335,-4.366666666666646,-0.012857441393373747,0.666666666666667,1.0,3.0,0.0,1.6000000000000014,2.0,3.666666666666667,4.666666666666664,0.33333333333333326,0.0,0.0,0.0,0.9576190476190511,-0.046666666666666856,20.03333333333333,0.6666666666666661,2.0,-5.300000000000011,-0.014649890322345094,2.0,3.333333333333334,-3.333333333333332,-0.6666666666666661,-13.266666666666666,-4.333333333333332,-4.0,-27.433333333333337,-5.0,0.0,0.0,0.0,-0.9408602150537639,0.40107526881720545,-340.3666666666667,-0.6666666666666661,-0.6666666666666665,5.7333333333333485,0.01329173798949379,-1.333333333333334,-0.6666666666666661
2019-11,순창군,2384.919669563675,11276.0,26,0,0,0.0,0,0.0,0,11,1,26.999999999999993,8.155172413793103,14.270000000000003,27.3,3,0.0,30,0.0,174.3,7,0,0.5617144698678698,0,0,0.0,0.0,0,0.0,0,11,1,26.999999999999993,8.155172413793103,14.270000000000003,27.3,3,0.0,174.3,0.5617144698678698,7,0,0.0,0.0,0.0,0.0,0.0,0.0,0.0,0.0,0.0,0.0,15.187096774193549,11.738709677419353,178.1,4.0,3.0,204.9,0.5844266970907016,6.0,2.0,5.0,0.0,3.6000000000000014,3.0,10.0,11.799999999999997,2.0,0.0,0.0,0.0,21.68,9.773333333333333,174.2,11.0,6.0,145.7,0.3909310437349074,13.0,15.0,11,7.776920721230542,0.342868772712289,0.0,0.0,0.0,0.0,0.0,0.0,0.0,0.0,0.6666666666666667,9.766666666666662,0.20567049808429072,0.9488888888888898,-14.8,-1.666666666666667,-1.0,7.300000000000011,0.023018738363869917,-1.0,0.0,0.0,0.0,0.0,0.0,0.0,0.0,0.0,0.0,0.0,0.0,1.5043010752688186,-0.6387096774193566,73.76666666666667,-1.333333333333333,-0.3333333333333335,-4.366666666666646,-0.012857441393373747,0.666666666666667,1.0,3.0,0.0,1.6000000000000014,2.0,3.666666666666667,4.666666666666664,0.33333333333333326,0.0,0.0,0.0,0.9576190476190511,-0.046666666666666856,20.03333333333333,0.6666666666666661,2.0,-5.300000000000011,-0.014649890322345094,2.0,3.333333333333334
2019-12,순창군,2959.5647002137516,11228.0,26,0,0,0.0,0,0.0,0,22,6,92.3,2.207142857142857,10.600000000000001,31.400000000000002,3,0.0,31,0.0,132.6,12,0,0.43489668743850435,0,0,0.0,0.0,0,0.0,0,22,6,92.3,2.207142857142857,10.600000000000001,31.400000000000002,3,0.0,132.6,0.43489668743850435,12,0,0.0,0.0,0.0,0.0,0.0,0.0,0.0,11.0,1.0,26.999999999999993,8.155172413793103,14.270000000000003,27.3,3.0,0.0,174.3,0.5617144698678698,7.0,0.0,0.0,0.0,0.0,0.0,0.0,0.0,0.0,0.0,0.0,0.0,15.187096774193549,11.738709677419353,178.1,4.0,3.0,204.9,0.5844266970907016,6.0,2.0,12,7.992797475765018,0.20514337830729534,0.0,0.0,0.0,0.0,0.0,0.0,0.0,-4.0,-5.0,-33.83333333333334,1.0509984639016896,-0.25483870967741673,7.333333333333336,-1.0,-1.0,-20.5,-0.067347606064804,2.666666666666666,0.0,0.0,0.0,0.0,0.0,0.0,0.0,0.0,0.0,0.6666666666666667,9.766666666666662,0.20567049808429072,0.9488888888888898,-14.8,-1.666666666666667,-1.0,7.300000000000011,0.023018738363869917,-1.0,0.0,0.0,0.0,0.0,0.0,0.0,0.0,0.0,0.0,0.0,0.0,1.5043010752688186,-0.6387096774193566,73.76666666666667,-1.333333333333333,-0.3333333333333335,-4.366666666666646,-0.012857441393373747,0.666666666666667,1.0
2020-01,순창군,4683.434907361874,13828.0,23,0,0,0.0,0,0.0,0,24,7,87.5,2.2774193548387096,9.783870967741935,80.89999999999999,6,3.0,31,0.0,107.10000000000001,15,0,0.34293948126801155,0,0,0.0,0.0,0,0.0,0,24,7,87.5,2.2774193548387096,9.783870967741935,80.89999999999999,6,3.0,107.10000000000001,0.34293948126801155,15,0,0.0,0.0,0.0,0.0,0.0,0.0,0.0,22.0,6.0,92.3,2.207142857142857,10.600000000000001,31.400000000000002,3.0,0.0,132.6,0.43489668743850435,12.0,0.0,0.0,0.0,0.0,0.0,0.0,0.0,0.0,11.0,1.0,26.999999999999993,8.155172413793103,14.270000000000003,27.3,3.0,0.0,174.3,0.5617144698678698,7.0,0.0,1,8.451787074263263,0.24558722399441635,0.0,0.0,0.0,0.0,0.0,0.0,0.0,-3.25,-9.75,-91.65,2.7,-1.264516129032259,39.55,0.0,1.25,-54.89999999999999,-0.17533760233958706,6.25,0.0,0.0,0.0,0.0,0.0,0.0,0.0,0.0,-4.0,-5.0,-33.83333333333334,1.0509984639016896,-0.25483870967741673,7.333333333333336,-1.0,-1.0,-20.5,-0.067347606064804,2.666666666666666,0.0,0.0,0.0,0.0,0.0,0.0,0.0,0.0,0.0,0.6666666666666667,9.766666666666662,0.20567049808429072,0.9488888888888898,-14.8,-1.666666666666667,-1.0,7.300000000000011,0.023018738363869917,-1.0,0.0
2020-02,순창군,1577.7137675903614,16600.0,25,0,0,0.0,0,0.0,0,20,8,91.7,3.2241379310344827,11.613793103448275,62.9,8,3.0,29,0.0,173.7,8,0,0.5488151658767773,0,0,0.0,0.0,0,0.0,0,20,8,91.7,3.2241379310344827,11.613793103448275,62.9,8,3.0,173.7,0.5488151658767773,8,0,0.0,0.0,0.0,0.0,0.0,0.0,0.0,24.0,7.0,87.5,2.2774193548387096,9.783870967741935,80.89999999999999,6.0,3.0,107.10000000000001,0.34293948126801155,15.0,0.0,0.0,0.0,0.0,0.0,0.0,0.0,0.0,22.0,6.0,92.3,2.207142857142857,10.600000000000001,31.400000000000002,3.0,0.0,132.6,0.43489668743850435,12.0,0.0,2,7.363732095593059,-0.3102441926546877,0.0,0.0,0.0,0.0,0.0,0.0,0.0,-3.25,-2.5,-28.375000000000014,1.2859275223499362,-0.4592980295566509,20.549999999999997,2.75,1.5,-2.6750000000000114,-0.023481127886818998,1.5,0.0,0.0,0.0,0.0,0.0,0.0,0.0,0.0,-3.25,-9.75,-91.65,2.7,-1.264516129032259,39.55,0.0,1.25,-54.89999999999999,-0.17533760233958706,6.25,0.0,0.0,0.0,0.0,0.0,0.0,0.0,0.0,-4.0,-5.0,-33.83333333333334,1.0509984639016896,-0.25483870967741673,7.333333333333336,-1.0,-1.0,-20.5,-0.067347606064804,2.666666666666666,0.0
2020-03,순창군,1928.4403247246491,21064.0,26,0,0,0.0,0,0.0,0,14,1,27.800000000000004,7.122580645161291,13.583870967741934,38.2,5,0.0,31,0.0,227.8,7,0,0.6125302500672224,0,0,0.0,0.0,0,0.0,0,14,1,27.800000000000004,7.122580645161291,13.583870967741934,38.2,5,0.0,227.8,0.6125302500672224,7,0,0.0,0.0,0.0,0.0,0.0,0.0,0.0,20.0,8.0,91.7,3.2241379310344827,11.613793103448275,62.9,8.0,3.0,173.7,0.5488151658767773,8.0,0.0,0.0,0.0,0.0,0.0,0.0,0.0,0.0,24.0,7.0,87.5,2.2774193548387096,9.783870967741935,80.89999999999999,6.0,3.0,107.10000000000001,0.34293948126801155,15.0,0.0,3,7.564466833288074,-0.02183168212404052,0.0,0.0,0.0,0.0,0.0,0.0,0.0,0.3333333333333339,0.6666666666666667,-1.966666666666665,-0.2569892473118278,-0.15376344086021554,-21.86666666666666,-1.333333333333333,0.0,6.73333333333332,0.01710326785659466,0.33333333333333304,0.0,0.0,0.0,0.0,0.0,0.0,0.0,0.0,-4.333333333333332,-3.0,-39.2,1.7672383385027062,-0.40628078817733915,21.700000000000003,3.333333333333333,2.0,-5.466666666666669,-0.031120332849657206,2.666666666666667,0.0,0.0,0.0,0.0,0.0,0.0,0.0,0.0,-3.666666666666668,-8.666666666666666,-78.0,2.5376344086021505,-1.0290322580645164,40.099999999999994,0.666666666666667,0.6666666666666665,-57.60000000000001,-0.18404162541185665,6.666666666666666,0.0
2020-04,순창군,1555.5035907555932,23690.0,26,0,0,0.0,0,0.0,0,7,0,9.0,9.633333333333333,14.583333333333334,55.2,4,0.0,30,0.0,261.9,5,0,0.6662426863393538,0,0,0.0,0.0,0,0.0,0,7,0,9.0,9.633333333333333,14.583333333333334,55.2,4,0.0,261.9,0.6662426863393538,5,0,0.0,0.0,0.0,0.0,0.0,0.0,0.0,14.0,1.0,27.800000000000004,7.122580645161291,13.583870967741934,38.2,5.0,0.0,227.8,0.6125302500672224,7.0,0.0,0.0,0.0,0.0,0.0,0.0,0.0,0.0,20.0,8.0,91.7,3.2241379310344827,11.613793103448275,62.9,8.0,3.0,173.7,0.5488151658767773,8.0,0.0,4,7.349554624760352,-0.17662442353672247,0.0,0.0,0.0,0.0,0.0,0.0,0.0,2.333333333333333,0.0,1.3999999999999995,-1.8888888888888875,0.8422222222222242,-52.900000000000006,-2.333333333333333,-2.0,37.73333333333332,0.0955627644481577,-2.333333333333333,0.0,0.0,0.0,0.0,0.0,0.0,0.0,0.0,0.3333333333333339,0.6666666666666667,-1.966666666666665,-0.2569892473118278,-0.15376344086021554,-21.86666666666666,-1.333333333333333,0.0,6.73333333333332,0.01710326785659466,0.33333333333333304,0.0,0.0,0.0,0.0,0.0,0.0,0.0,0.0,-4.333333333333332,-3.0,-39.2,1.7672383385027062,-0.40628078817733915,21.700000000000003,3.333333333333333,2.0,-5.466666666666669,-0.031120332849657206,2.666666666666667,0.0
2020-05,순창군,1402.7377615184125,23788.0,26,0,0,0.0,0,0.0,0,0,0,0.0,17.835483870967742,11.606451612903228,93.6,6,0.0,31,0.0,207.8,10,1,0.47726228755167666,0,0,0.0,0.0,0,0.0,0,0,0,0.0,17.835483870967742,11.606451612903228,93.6,6,0.0,207.8,0.47726228755167666,10,1,0.0,0.0,0.0,0.0,0.0,0.0,0.0,7.0,0.0,9.0,9.633333333333333,14.583333333333334,55.2,4.0,0.0,261.9,0.6662426863393538,5.0,0.0,0.0,0.0,0.0,0.0,0.0,0.0,0.0,14.0,1.0,27.800000000000004,7.122580645161291,13.583870967741934,38.2,5.0,0.0,227.8,0.6125302500672224,7.0,0.0,5,7.246181149958135,-0.27676836050432563,-1.6666666666666667,0.0,-0.6666666666666666,0.0,-0.6666666666666666,-1.366666666666666,0.0,0.0,0.0,0.0,-0.011827956989247213,-1.5569892473118259,-1.4333333333333513,-1.0,0.0,-32.03333333333333,-0.07412329520482497,3.333333333333333,-0.6666666666666667,0.0,0.0,0.0,0.0,0.0,0.0,0.0,2.333333333333333,0.0,1.3999999999999995,-1.8888888888888875,0.8422222222222242,-52.900000000000006,-2.333333333333333,-2.0,37.73333333333332,0.0955627644481577,-2.333333333333333,0.0,0.0,0.0,0.0,0.0,0.0,0.0,0.0,0.3333333333333339,0.6666666666666667,-1.966666666666665,-0.2569892473118278,-0.15376344086021554,-21.86666666666666,-1.333333333333333,0.0,6.73333333333332,0.01710326785659466,0.33333333333333304,0.0
2020-06,순창군,2705.275278808941,25322.0,26,14,1,20.900000000000002,4,5.399999999999999,4,0,0,0.0,23.06,10.433333333333332,180.3,10,5.0,30,12.0,181.8,9,8,0.41764300482425915,14,1,20.900000000000002,12.0,4,5.399999999999999,4,0,0,0.0,23.06,10.433333333333332,180.3,10,5.0,181.8,0.41764300482425915,9,8,0.0,0.0,0.0,0.0,0.0,0.0,0.0,0.0,0.0,0.0,17.835483870967742,11.606451612903228,93.6,6.0,0.0,207.8,0.47726228755167666,10.0,1.0,0.0,0.0,0.0,0.0,0.0,0.0,0.0,7.0,0.0,9.0,9.633333333333333,14.583333333333334,55.2,4.0,0.0,261.9,0.6662426863393538,5.0,0.0,6,7.902958952760356,0.29110367211301114,3.333333333333334,-0.33333333333333326,4.400000000000006,4.666666666666667,-0.33333333333333304,0.6333333333333302,2.0,0.0,0.0,0.0,0.7511111111111113,-0.7333333333333325,-9.566666666666663,1.333333333333334,0.666666666666667,-32.099999999999994,-0.07378590111957944,1.666666666666667,2.666666666666667,-1.6666666666666667,0.0,-0.6666666666666666,0.0,-0.6666666666666666,-1.366666666666666,0.0,0.0,0.0,0.0,-0.011827956989247213,-1.5569892473118259,-1.4333333333333513,-1.0,0.0,-32.03333333333333,-0.07412329520482497,3.333333333333333,-0.6666666666666667,0.0,0.0,0.0,0.0,0.0,0.0,0.0,2.333333333333333,0.0,1.3999999999999995,-1.8888888888888875,0.8422222222222242,-52.900000000000006,-2.333333333333333,-2.0,37.73333333333332,0.0955627644481577,-2.333333333333333,0.0
2020-07,순창군,4044.132217301815,16033.0,27,7,0,3.8999999999999986,16,26.499999999999993,6,0,0,0.0,22.932258064516127,6.664516129032258,560.5,18,15.0,31,4.0,66.5,22,14,0.1501806684733514,7,0,3.8999999999999986,4.0,16,26.499999999999993,6,0,0,0.0,22.932258064516127,6.664516129032258,560.5,18,15.0,66.5,0.1501806684733514,22,14,14.0,1.0,20.900000000000002,12.0,4.0,5.399999999999999,4.0,0.0,0.0,0.0,23.06,10.433333333333332,180.3,10.0,5.0,181.8,0.41764300482425915,9.0,8.0,0.0,0.0,0.0,0.0,0.0,0.0,0.0,0.0,0.0,0.0,17.835483870967742,11.606451612903228,93.6,6.0,0.0,207.8,0.47726228755167666,10.0,1.0,7,8.305022274289833,0.21783330605432383,-6.666666666666666,-7.333333333333333,-41.33333333333333,-6.666666666666666,-4.0,-25.700000000000017,-8.0,0.0,0.0,0.0,-2.0086021505376372,-1.7870967741935484,227.63333333333333,6.0,7.333333333333333,-101.83333333333334,-0.22984607630194667,8.666666666666666,2.666666666666666,3.333333333333334,-0.33333333333333326,4.400000000000006,4.666666666666667,-0.33333333333333304,0.6333333333333302,2.0,0.0,0.0,0.0,0.7511111111111113,-0.7333333333333325,-9.566666666666663,1.333333333333334,0.666666666666667,-32.099999999999994,-0.07378590111957944,1.666666666666667,2.666666666666667,-1.6666666666666667,0.0,-0.6666666666666666,0.0,-0.6666666666666666,-1.366666666666666,0.0,0.0,0.0,0.0,-0.011827956989247213,-1.5569892473118259,-1.4333333333333513,-1.0,0.0,-32.03333333333333,-0.07412329520482497,3.333333333333333,-0.6666666666666667
2020-08,순창군,7154.137272685757,10948.5,26,26,10,65.49999999999999,31,119.5,29,0,0,0.0,27.161290322580644,7.91290322580645,822.0,14,8.0,31,25.0,137.1,14,20,0.32861936720997126,26,10,65.49999999999999,25.0,31,119.5,29,0,0,0.0,27.161290322580644,7.91290322580645,822.0,14,8.0,137.1,0.32861936720997126,14,20,7.0,0.0,3.8999999999999986,4.0,16.0,26.499999999999993,6.0,0.0,0.0,0.0,22.932258064516127,6.664516129032258,560.5,18.0,15.0,66.5,0.1501806684733514,22.0,14.0,14.0,1.0,20.900000000000002,12.0,4.0,5.399999999999999,4.0,0.0,0.0,0.0,23.06,10.433333333333332,180.3,10.0,5.0,181.8,0.41764300482425915,9.0,8.0,8,8.875446107877218,0.2862273036450773,2.666666666666668,-3.666666666666666,-15.666666666666686,3.666666666666668,3.0,28.366666666666674,4.0,0.0,0.0,0.0,0.36236559139784674,-1.3376344086021499,367.5333333333333,3.333333333333334,4.333333333333334,-55.66666666666666,-0.13285569700096544,4.666666666666666,5.333333333333334,-6.666666666666666,-7.333333333333333,-41.33333333333333,-6.666666666666666,-4.0,-25.700000000000017,-8.0,0.0,0.0,0.0,-2.0086021505376372,-1.7870967741935484,227.63333333333333,6.0,7.333333333333333,-101.83333333333334,-0.22984607630194667,8.666666666666666,2.666666666666666,3.333333333333334,-0.33333333333333326,4.400000000000006,4.666666666666667,-0.33333333333333304,0.6333333333333302,2.0,0.0,0.0,0.0,0.7511111111111113,-0.7333333333333325,-9.566666666666663,1.333333333333334,0.666666666666667,-32.099999999999994,-0.07378590111957944,1.666666666666667,2.666666666666667
2020-09,순창군,4292.655214533515,16142.0,25,1,0,2.3999999999999986,4,5.600000000000001,2,0,0,0.0,20.33,9.479999999999999,168.2,11,3.0,30,0.0,139.2,10,11,0.37429416509814467,1,0,2.3999999999999986,0.0,4,5.600000000000001,2,0,0,0.0,20.33,9.479999999999999,168.2,11,3.0,139.2,0.37429416509814467,10,11,26.0,10.0,65.49999999999999,25.0,31.0,119.5,29.0,0.0,0.0,0.0,27.161290322580644,7.91290322580645,822.0,14.0,8.0,137.1,0.32861936720997126,14.0,20.0,7.0,0.0,3.8999999999999986,4.0,16.0,26.499999999999993,6.0,0.0,0.0,0.0,22.932258064516127,6.664516129032258,560.5,18.0,15.0,66.5,0.1501806684733514,22.0,14.0,9,8.364660751589883,-0.2565496018349158,-1.0,0.0,0.3999999999999986,-1.0,-2.333333333333333,-1.5333333333333314,0.33333333333333326,0.0,0.0,0.0,-0.3923809523809503,-0.34000000000000163,14.033333333333331,0.6666666666666661,-1.0,-11.800000000000011,-0.031286768959107814,-1.0,-0.6666666666666661,2.666666666666668,-3.666666666666666,-15.666666666666686,3.666666666666668,3.0,28.366666666666674,4.0,0.0,0.0,0.0,0.36236559139784674,-1.3376344086021499,367.5333333333333,3.333333333333334,4.333333333333334,-55.66666666666666,-0.13285569700096544,4.666666666666666,5.333333333333334,-6.666666666666666,-7.333333333333333,-41.33333333333333,-6.666666666666666,-4.0,-25.700000000000017,-8.0,0.0,0.0,0.0,-2.0086021505376372,-1.7870967741935484,227.63333333333333,6.0,7.333333333333333,-101.83333333333334,-0.22984607630194667,8.666666666666666,2.666666666666666
2020-10,순창군,1470.3740218961875,17994.0,24,0,0,0.0,0,0.0,0,0,0,0.0,13.764516129032257,12.416129032258066,9.4,3,0.0,31,0.0,211.9,5,1,0.6054285714285714,0,0,0.0,0.0,0,0.0,0,0,0,0.0,13.764516129032257,12.416129032258066,9.4,3,0.0,211.9,0.6054285714285714,5,1,1.0,0.0,2.3999999999999986,0.0,4.0,5.600000000000001,2.0,0.0,0.0,0.0,20.33,9.479999999999999,168.2,11.0,3.0,139.2,0.37429416509814467,10.0,11.0,26.0,10.0,65.49999999999999,25.0,31.0,119.5,29.0,0.0,0.0,0.0,27.161290322580644,7.91290322580645,822.0,14.0,8.0,137.1,0.32861936720997126,14.0,20.0,10,7.293272084073337,-0.6567756379345573,0.0,0.0,0.0,0.0,0.0,0.0,0.0,0.0,0.0,0.0,0.08172043010752716,0.038709677419356936,-94.93333333333332,-2.333333333333333,-3.3333333333333335,2.633333333333354,0.008144432944496072,-0.33333333333333304,0.0,-1.0,0.0,0.3999999999999986,-1.0,-2.333333333333333,-1.5333333333333314,0.33333333333333326,0.0,0.0,0.0,-0.3923809523809503,-0.34000000000000163,14.033333333333331,0.6666666666666661,-1.0,-11.800000000000011,-0.031286768959107814,-1.0,-0.6666666666666661,2.666666666666668,-3.666666666666666,-15.666666666666686,3.666666666666668,3.0,28.366666666666674,4.0,0.0,0.0,0.0,0.36236559139784674,-1.3376344086021499,367.5333333333333,3.333333333333334,4.333333333333334,-55.66666666666666,-0.13285569700096544,4.666666666666666,5.333333333333334
2020-11,순창군,1493.33487004434,15336.0,25,0,0,0.0,0,0.0,0,8,0,6.7,8.566666666666666,11.82,47.99999999999999,5,3.0,30,0.0,161.6,9,0,0.5219638242894056,0,0,0.0,0.0,0,0.0,0,8,0,6.7,8.566666666666666,11.82,47.99999999999999,5,3.0,161.6,0.5219638242894056,9,0,0.0,0.0,0.0,0.0,0.0,0.0,0.0,0.0,0.0,0.0,13.764516129032257,12.416129032258066,9.4,3.0,0.0,211.9,0.6054285714285714,5.0,1.0,1.0,0.0,2.3999999999999986,0.0,4.0,5.600000000000001,2.0,0.0,0.0,0.0,20.33,9.479999999999999,168.2,11.0,3.0,139.2,0.37429416509814467,10.0,11.0,11,7.308767065787941,-0.1252848827303117,0.0,0.0,0.0,0.0,0.0,0.0,0.0,-3.0,-0.3333333333333333,-10.533333333333331,0.617164750957854,-1.501111111111113,5.8999999999999915,0.33333333333333304,2.0,-5.400000000000006,-0.016731907214594277,1.0,0.0,0.0,0.0,0.0,0.0,0.0,0.0,0.0,0.0,0.0,0.0,0.08172043010752716,0.038709677419356936,-94.93333333333332,-2.333333333333333,-3.3333333333333335,2.633333333333354,0.008144432944496072,-0.33333333333333304,0.0,-1.0,0.0,0.3999999999999986,-1.0,-2.333333333333333,-1.5333333333333314,0.33333333333333326,0.0,0.0,0.0,-0.3923809523809503,-0.34000000000000163,14.033333333333331,0.6666666666666661,-1.0,-11.800000000000011,-0.031286768959107814,-1.0,-0.6666666666666661
2020-12,순창군,3133.3939479137302,14188.0,27,0,0,0.0,0,0.0,0,30,13,145.0,0.2806451612903226,11.109677419354838,14.5,5,3.0,31,0.0,156.7,9,0,0.5142763373810304,0,0,0.0,0.0,0,0.0,0,30,13,145.0,0.2806451612903226,11.109677419354838,14.5,5,3.0,156.7,0.5142763373810304,9,0,0.0,0.0,0.0,0.0,0.0,0.0,0.0,8.0,0.0,6.7,8.566666666666666,11.82,47.99999999999999,5.0,3.0,161.6,0.5219638242894056,9.0,0.0,0.0,0.0,0.0,0.0,0.0,0.0,0.0,0.0,0.0,0.0,13.764516129032257,12.416129032258066,9.4,3.0,0.0,211.9,0.6054285714285714,5.0,1.0,12,8.049872024481722,0.2622179270239995,0.0,0.0,0.0,0.0,0.0,0.0,0.0,4.0,2.0,18.86666666666666,-0.8754992319508447,0.2548387096774203,-9.566666666666666,1.0,2.0,3.5999999999999943,0.012032043877722054,-0.3333333333333339,0.0,0.0,0.0,0.0,0.0,0.0,0.0,0.0,-3.0,-0.3333333333333333,-10.533333333333331,0.617164750957854,-1.501111111111113,5.8999999999999915,0.33333333333333304,2.0,-5.400000000000006,-0.016731907214594277,1.0,0.0,0.0,0.0,0.0,0.0,0.0,0.0,0.0,0.0,0.0,0.0,0.08172043010752716,0.038709677419356936,-94.93333333333332,-2.333333333333333,-3.3333333333333335,2.633333333333354,0.008144432944496072,-0.33333333333333304,0.0
2021-01,순창군,5170.281247560182,15370.0,25,0,0,0.0,0,0.0,0,26,20,220.1,-0.9096774193548387,11.75483870967742,43.0,8,0.0,31,0.0,153.9,10,0,0.4921650143907899,0,0,0.0,0.0,0,0.0,0,26,20,220.1,-0.9096774193548387,11.75483870967742,43.0,8,0.0,153.9,0.4921650143907899,10,0,0.0,0.0,0.0,0.0,0.0,0.0,0.0,30.0,13.0,145.0,0.2806451612903226,11.109677419354838,14.5,5.0,3.0,156.7,0.5142763373810304,9.0,0.0,0.0,0.0,0.0,0.0,0.0,0.0,0.0,8.0,0.0,6.7,8.566666666666666,11.82,47.99999999999999,5.0,3.0,161.6,0.5219638242894056,9.0,0.0,1,8.550682365937782,0.3444825156689344,0.0,0.0,0.0,0.0,0.0,0.0,0.0,-1.25,3.25,40.94999999999999,-0.48709677419354835,0.7064516129032263,1.6500000000000057,2.0,-1.75,-8.099999999999994,-0.026112069216808698,1.25,0.0,0.0,0.0,0.0,0.0,0.0,0.0,0.0,4.0,2.0,18.86666666666666,-0.8754992319508447,0.2548387096774203,-9.566666666666666,1.0,2.0,3.5999999999999943,0.012032043877722054,-0.3333333333333339,0.0,0.0,0.0,0.0,0.0,0.0,0.0,0.0,-3.0,-0.3333333333333333,-10.533333333333331,0.617164750957854,-1.501111111111113,5.8999999999999915,0.33333333333333304,2.0,-5.400000000000006,-0.016731907214594277,1.0,0.0
2021-02,순창군,3040.924687731076,20556.0,22,0,0,0.0,0,0.0,0,20,9,87.60000000000001,3.382142857142857,12.232142857142856,45.8,7,3.0,28,0.0,168.0,10,0,0.5493786788750817,0,0,0.0,0.0,0,0.0,0,20,9,87.60000000000001,3.382142857142857,12.232142857142856,45.8,7,3.0,168.0,0.5493786788750817,10,0,0.0,0.0,0.0,0.0,0.0,0.0,0.0,26.0,20.0,220.1,-0.9096774193548387,11.75483870967742,43.0,8.0,0.0,153.9,0.4921650143907899,10.0,0.0,0.0,0.0,0.0,0.0,0.0,0.0,0.0,30.0,13.0,145.0,0.2806451612903226,11.109677419354838,14.5,5.0,3.0,156.7,0.5142763373810304,9.0,0.0,2,8.019916921744606,0.3459406334968591,0.0,0.0,0.0,0.0,0.0,0.0,0.0,-3.25,-1.5,-32.47500000000001,1.4439324484583107,0.1590517241379299,3.4499999999999957,1.75,1.5,-8.375,-0.022917614888514515,3.5,0.0,0.0,0.0,0.0,0.0,0.0,0.0,0.0,-1.25,3.25,40.94999999999999,-0.48709677419354835,0.7064516129032263,1.6500000000000057,2.0,-1.75,-8.099999999999994,-0.026112069216808698,1.25,0.0,0.0,0.0,0.0,0.0,0.0,0.0,0.0,4.0,2.0,18.86666666666666,-0.8754992319508447,0.2548387096774203,-9.566666666666666,1.0,2.0,3.5999999999999943,0.012032043877722054,-0.3333333333333339,0.0
2018-01,진안군,3615.6058239095314,619.0,7,0,0,0.0,0,0.0,0,31,24,293.0,-4.237096774193549,10.429032258064515,38.0,6,3.0,31,0.0,153.6,9,0,0.4923076923076923,0,0,0.0,0.0,0,0.0,0,31,24,293.0,-4.237096774193549,10.429032258064515,38.0,6,3.0,153.6,0.4923076923076923,9,0,,,,,,,,,,,,,,,,,,,,,,,,,,,,,,,,,,,,,,,1,8.19301470669559,0.020572186954211702,0.0,0.0,0.0,0.0,0.0,0.0,0.0,2.5,2.5,49.650000000000034,-2.1548387096774198,-0.7451612903225833,-8.375,-0.25,1.5,12.525000000000006,0.039991278405438424,-1.5,0.0,,,,,,,,,,,,,,,,,,,,,,,,,,,,,,,,,,,,,,
2018-02,진안군,2503.3227958860757,632.0,6,0,0,0.0,0,0.0,0,28,22,256.2,-2.6303571428571426,13.039285714285715,25.5,2,0.0,28,0.0,166.5,7,0,0.5457227138643067,0,0,0.0,0.0,0,0.0,0,28,22,256.2,-2.6303571428571426,13.039285714285715,25.5,2,0.0,166.5,0.5457227138643067,7,0,0.0,0.0,0.0,0.0,0.0,0.0,0.0,31.0,24.0,293.0,-4.237096774193549,10.429032258064515,38.0,6.0,3.0,153.6,0.4923076923076923,9.0,0.0,,,,,,,,,,,,,,,,,,,,2,7.825374246714797,0.32576749747781886,0.0,0.0,0.0,0.0,0.0,0.0,0.0,3.5,6.25,85.875,-3.033066502463054,0.7466133004926103,-16.25,-2.75,-0.75,-2.25,-0.002531345790717343,0.0,0.0,0.0,0.0,0.0,0.0,0.0,0.0,0.0,2.5,2.5,49.650000000000034,-2.1548387096774198,-0.7451612903225833,-8.375,-0.25,1.5,12.525000000000006,0.039991278405438424,-1.5,0.0,,,,,,,,,,,,,,,,,,,
2018-03,진안군,2076.358506688963,1196.0,13,0,0,0.0,0,0.0,0,21,2,53.10000000000001,6.612903225806452,13.670967741935481,115.0,9,0.0,31,0.0,194.8,10,0,0.5247844827586208,0,0,0.0,0.0,0,0.0,0,21,2,53.10000000000001,6.612903225806452,13.670967741935481,115.0,9,0.0,194.8,0.5247844827586208,10,0,0.0,0.0,0.0,0.0,0.0,0.0,0.0,28.0,22.0,256.2,-2.6303571428571426,13.039285714285715,25.5,2.0,0.0,166.5,0.5457227138643067,7.0,0.0,0.0,0.0,0.0,0.0,0.0,0.0,0.0,31.0,24.0,293.0,-4.237096774193549,10.429032258064515,38.0,6.0,3.0,153.6,0.4923076923076923,9.0,0.0,3,7.638370920459706,-0.10175712134651427,0.0,0.0,0.0,0.0,0.0,0.0,0.0,-2.333333333333332,-2.0,-9.36666666666666,0.7924731182795703,-0.24301075268817485,49.5,1.666666666666667,-1.0,-8.26666666666668,-0.022249258507953784,1.333333333333334,0.0,0.0,0.0,0.0,0.0,0.0,0.0,0.0,2.666666666666668,5.333333333333332,73.69999999999999,-2.480993431855501,0.8121510673234802,-22.166666666666664,-2.333333333333333,-1.0,1.1666666666666572,0.010025538852370675,-0.33333333333333304,0.0,0.0,0.0,0.0,0.0,0.0,0.0,0.0,2.333333333333332,2.333333333333332,64.96666666666667,-2.4467741935483875,-0.4290322580645185,-14.0,0.33333333333333304,1.0,11.833333333333314,0.03767583166946337,-1.333333333333334,0.0
2018-04,진안군,2796.243847780127,1892.0,17,0,0,0.0,0,0.0,0,3,0,6.3,11.486666666666668,14.099999999999998,136.5,9,7.0,30,0.0,202.4,8,0,0.5148817094886797,0,0,0.0,0.0,0,0.0,0,3,0,6.3,11.486666666666668,14.099999999999998,136.5,9,7.0,202.4,0.5148817094886797,8,0,0.0,0.0,0.0,0.0,0.0,0.0,0.0,21.0,2.0,53.10000000000001,6.612903225806452,13.670967741935481,115.0,9.0,0.0,194.8,0.5247844827586208,10.0,0.0,0.0,0.0,0.0,0.0,0.0,0.0,0.0,28.0,22.0,256.2,-2.6303571428571426,13.039285714285715,25.5,2.0,0.0,166.5,0.5457227138643067,7.0,0.0,4,7.936032312633882,0.16394744971441266,0.0,0.0,0.0,0.0,0.0,0.0,0.0,-5.666666666666666,-1.0,-13.100000000000001,1.5311111111111124,0.07111111111111157,48.0,2.333333333333333,3.3333333333333335,-13.933333333333337,-0.035424206502638333,0.0,0.0,0.0,0.0,0.0,0.0,0.0,0.0,0.0,-2.333333333333332,-2.0,-9.36666666666666,0.7924731182795703,-0.24301075268817485,49.5,1.666666666666667,-1.0,-8.26666666666668,-0.022249258507953784,1.333333333333334,0.0,0.0,0.0,0.0,0.0,0.0,0.0,0.0,2.666666666666668,5.333333333333332,73.69999999999999,-2.480993431855501,0.8121510673234802,-22.166666666666664,-2.333333333333333,-1.0,1.1666666666666572,0.010025538852370675,-0.33333333333333304,0.0
2018-05,진안군,3409.264299408284,1690.0,16,0,0,0.0,2,3.3000000000000007,0,0,0,0.0,16.65967741935484,11.93225806451613,113.5,9,0.0,31,0.0,193.7,8,2,0.4445719531787927,0,0,0.0,0.0,2,3.3000000000000007,0,0,0,0.0,16.65967741935484,11.93225806451613,113.5,9,0.0,193.7,0.4445719531787927,8,2,0.0,0.0,0.0,0.0,0.0,0.0,0.0,3.0,0.0,6.3,11.486666666666668,14.099999999999998,136.5,9.0,7.0,202.4,0.5148817094886797,8.0,0.0,0.0,0.0,0.0,0.0,0.0,0.0,0.0,21.0,2.0,53.10000000000001,6.612903225806452,13.670967741935481,115.0,9.0,0.0,194.8,0.5247844827586208,10.0,0.0,5,8.13425179902651,0.17735709621355955,0.0,0.0,0.0,0.0,1.3333333333333335,2.2,0.0,-0.3333333333333333,0.0,0.0,0.2892473118279568,-1.3247311827956985,34.0,1.666666666666667,0.0,-34.93333333333334,-0.08021306995808208,1.666666666666667,1.0,0.0,0.0,0.0,0.0,0.0,0.0,0.0,-5.666666666666666,-1.0,-13.100000000000001,1.5311111111111124,0.07111111111111157,48.0,2.333333333333333,3.3333333333333335,-13.933333333333337,-0.035424206502638333,0.0,0.0,0.0,0.0,0.0,0.0,0.0,0.0,0.0,-2.333333333333332,-2.0,-9.36666666666666,0.7924731182795703,-0.24301075268817485,49.5,1.666666666666667,-1.0,-8.26666666666668,-0.022249258507953784,1.333333333333334,0.0
2018-06,진안군,2302.7975505502945,1953.5,26,4,0,4.899999999999999,2,1.1999999999999993,0,0,0,0.0,21.225,12.196666666666667,182.0,8,5.0,30,0.0,199.9,6,4,0.4580659945004583,4,0,4.899999999999999,0.0,2,1.1999999999999993,0,0,0,0.0,21.225,12.196666666666667,182.0,8,5.0,199.9,0.4580659945004583,6,4,0.0,0.0,0.0,0.0,2.0,3.3000000000000007,0.0,0.0,0.0,0.0,16.65967741935484,11.93225806451613,113.5,9.0,0.0,193.7,0.4445719531787927,8.0,2.0,0.0,0.0,0.0,0.0,0.0,0.0,0.0,3.0,0.0,6.3,11.486666666666668,14.099999999999998,136.5,9.0,7.0,202.4,0.5148817094886797,8.0,0.0,6,7.741879989117875,-0.110597522655147,0.3333333333333335,0.0,1.2999999999999985,-1.0,0.33333333333333326,0.7333333333333332,-0.3333333333333333,0.0,0.0,0.0,0.11111111111111072,0.9200000000000017,29.166666666666657,-1.666666666666666,0.666666666666667,12.199999999999989,0.027922355440252955,-1.666666666666667,-2.666666666666667,0.0,0.0,0.0,0.0,1.3333333333333335,2.2,0.0,-0.3333333333333333,0.0,0.0,0.2892473118279568,-1.3247311827956985,34.0,1.666666666666667,0.0,-34.93333333333334,-0.08021306995808208,1.666666666666667,1.0,0.0,0.0,0.0,0.0,0.0,0.0,0.0,-5.666666666666666,-1.0,-13.100000000000001,1.5311111111111124,0.07111111111111157,48.0,2.333333333333333,3.3333333333333335,-13.933333333333337,-0.035424206502638333,0.0,0.0
2018-07,진안군,3125.991766083062,14736.0,26,21,13,69.00000000000001,24,41.900000000000006,21,0,0,0.0,25.95483870967742,10.077419354838709,105.0,6,0.0,31,21.0,222.5,7,3,0.5018042399639152,21,13,69.00000000000001,21.0,24,41.900000000000006,21,0,0,0.0,25.95483870967742,10.077419354838709,105.0,6,0.0,222.5,0.5018042399639152,7,3,4.0,0.0,4.899999999999999,0.0,2.0,1.1999999999999993,0.0,0.0,0.0,0.0,21.225,12.196666666666667,182.0,8.0,5.0,199.9,0.4580659945004583,6.0,4.0,0.0,0.0,0.0,0.0,2.0,3.3000000000000007,0.0,0.0,0.0,0.0,16.65967741935484,11.93225806451613,113.5,9.0,0.0,193.7,0.4445719531787927,8.0,2.0,7,8.047506876967416,-0.11287302110371122,11.0,8.666666666666668,42.66666666666667,12.333333333333334,9.333333333333334,14.36666666666667,10.333333333333334,0.0,0.0,0.0,2.0462365591397855,1.6795698924731184,-225.33333333333331,-7.0,-8.0,79.86666666666667,0.18008531966166536,-7.0,-9.0,0.3333333333333335,0.0,1.2999999999999985,-1.0,0.33333333333333326,0.7333333333333332,-0.3333333333333333,0.0,0.0,0.0,0.11111111111111072,0.9200000000000017,29.166666666666657,-1.666666666666666,0.666666666666667,12.199999999999989,0.027922355440252955,-1.666666666666667,-2.666666666666667,0.0,0.0,0.0,0.0,1.3333333333333335,2.2,0.0,-0.3333333333333333,0.0,0.0,0.2892473118279568,-1.3247311827956985,34.0,1.666666666666667,0.0,-34.93333333333334,-0.08021306995808208,1.666666666666667,1.0
2018-08,진안군,4879.0189808842415,13627.5,27,22,15,79.9,23,46.199999999999996,22,0,0,0.0,26.22258064516129,10.451612903225806,482.5,9,5.0,31,21.0,214.3,8,5,0.5124342419894787,22,15,79.9,21.0,23,46.199999999999996,22,0,0,0.0,26.22258064516129,10.451612903225806,482.5,9,5.0,214.3,0.5124342419894787,8,5,21.0,13.0,69.00000000000001,21.0,24.0,41.900000000000006,21.0,0.0,0.0,0.0,25.95483870967742,10.077419354838709,105.0,6.0,0.0,222.5,0.5018042399639152,7.0,3.0,4.0,0.0,4.899999999999999,0.0,2.0,1.1999999999999993,0.0,0.0,0.0,0.0,21.225,12.196666666666667,182.0,8.0,5.0,199.9,0.4580659945004583,6.0,4.0,8,8.492699450130926,-0.11530666148229152,3.666666666666668,8.0,36.0,4.666666666666668,0.6666666666666679,-4.733333333333334,0.6666666666666679,0.0,0.0,0.0,0.6096774193548384,1.0989247311827945,43.833333333333314,-1.666666666666666,-1.666666666666667,33.96666666666667,0.08105904997884911,-0.6666666666666661,-10.333333333333334,11.0,8.666666666666668,42.66666666666667,12.333333333333334,9.333333333333334,14.36666666666667,10.333333333333334,0.0,0.0,0.0,2.0462365591397855,1.6795698924731184,-225.33333333333331,-7.0,-8.0,79.86666666666667,0.18008531966166536,-7.0,-9.0,0.3333333333333335,0.0,1.2999999999999985,-1.0,0.33333333333333326,0.7333333333333332,-0.3333333333333333,0.0,0.0,0.0,0.11111111111111072,0.9200000000000017,29.166666666666657,-1.666666666666666,0.666666666666667,12.199999999999989,0.027922355440252955,-1.666666666666667,-2.666666666666667
2018-09,진안군,10533.753773078584,9949.7,22,0,0,0.0,0,0.0,0,0,0,0.0,19.046666666666667,10.573333333333334,148.5,9,3.0,30,0.0,149.5,12,5,0.40155788342734355,0,0,0.0,0.0,0,0.0,0,0,0,0.0,19.046666666666667,10.573333333333334,148.5,9,3.0,149.5,0.40155788342734355,12,5,22.0,15.0,79.9,21.0,23.0,46.199999999999996,22.0,0.0,0.0,0.0,26.22258064516129,10.451612903225806,482.5,9.0,5.0,214.3,0.5124342419894787,8.0,5.0,21.0,13.0,69.00000000000001,21.0,24.0,41.900000000000006,21.0,0.0,0.0,0.0,25.95483870967742,10.077419354838709,105.0,6.0,0.0,222.5,0.5018042399639152,7.0,3.0,9,9.262340025275993,0.42947948304270334,-0.6666666666666666,0.0,-0.6666666666666666,0.0,-1.6666666666666667,-1.7000000000000004,-0.6666666666666666,0.0,0.0,0.0,-0.4385748792270512,0.7352173913043476,-28.833333333333343,-0.6666666666666661,-2.333333333333333,13.333333333333343,0.03573717415181982,0.0,-2.666666666666667,3.666666666666668,8.0,36.0,4.666666666666668,0.6666666666666679,-4.733333333333334,0.6666666666666679,0.0,0.0,0.0,0.6096774193548384,1.0989247311827945,43.833333333333314,-1.666666666666666,-1.666666666666667,33.96666666666667,0.08105904997884911,-0.6666666666666661,-10.333333333333334,11.0,8.666666666666668,42.66666666666667,12.333333333333334,9.333333333333334,14.36666666666667,10.333333333333334,0.0,0.0,0.0,2.0462365591397855,1.6795698924731184,-225.33333333333331,-7.0,-8.0,79.86666666666667,0.18008531966166536,-7.0,-9.0
2018-10,진안군,3835.1279023832703,11811.5,27,0,0,0.0,0,0.0,0,2,0,1.5,10.783870967741937,12.909677419354837,142.0,9,4.0,31,0.0,198.9,6,0,0.5679611650485438,0,0,0.0,0.0,0,0.0,0,2,0,1.5,10.783870967741937,12.909677419354837,142.0,9,4.0,198.9,0.5679611650485438,6,0,0.0,0.0,0.0,0.0,0.0,0.0,0.0,0.0,0.0,0.0,19.046666666666667,10.573333333333334,148.5,9.0,3.0,149.5,0.40155788342734355,12.0,5.0,22.0,15.0,79.9,21.0,23.0,46.199999999999996,22.0,0.0,0.0,0.0,26.22258064516129,10.451612903225806,482.5,9.0,5.0,214.3,0.5124342419894787,8.0,5.0,10,8.251958064583745,-0.023930421957420123,0.0,0.0,0.0,0.0,0.0,0.0,0.0,0.33333333333333326,0.0,-0.16666666666666674,-1.3908602150537615,0.05053763440860237,53.16666666666667,4.0,2.666666666666667,-1.3000000000000114,-0.0037334007203191355,-0.33333333333333304,-0.6666666666666666,-0.6666666666666666,0.0,-0.6666666666666666,0.0,-1.6666666666666667,-1.7000000000000004,-0.6666666666666666,0.0,0.0,0.0,-0.4385748792270512,0.7352173913043476,-28.833333333333343,-0.6666666666666661,-2.333333333333333,13.333333333333343,0.03573717415181982,0.0,-2.666666666666667,3.666666666666668,8.0,36.0,4.666666666666668,0.6666666666666679,-4.733333333333334,0.6666666666666679,0.0,0.0,0.0,0.6096774193548384,1.0989247311827945,43.833333333333314,-1.666666666666666,-1.666666666666667,33.96666666666667,0.08105904997884911,-0.6666666666666661,-10.333333333333334
2018-11,진안군,1908.0336681929507,4695.5,24,0,0,0.0,0,0.0,0,21,1,46.9,6.26896551724138,13.758620689655173,41.0,5,3.0,30,0.0,159.1,9,0,0.5138888888888888,0,0,0.0,0.0,0,0.0,0,21,1,46.9,6.26896551724138,13.758620689655173,41.0,5,3.0,159.1,0.5138888888888888,9,0,0.0,0.0,0.0,0.0,0.0,0.0,0.0,2.0,0.0,1.5,10.783870967741937,12.909677419354837,142.0,9.0,4.0,198.9,0.5679611650485438,6.0,0.0,0.0,0.0,0.0,0.0,0.0,0.0,0.0,0.0,0.0,0.0,19.046666666666667,10.573333333333334,148.5,9.0,3.0,149.5,0.40155788342734355,12.0,5.0,11,7.55382849765598,-0.20046749023443322,0.0,0.0,0.0,0.0,0.0,0.0,0.0,2.666666666666668,0.0,4.0,-0.4979118773946354,0.30685823754789254,-17.5,-0.33333333333333304,1.0,4.7666666666666515,0.015343022090538672,0.6666666666666661,0.0,0.0,0.0,0.0,0.0,0.0,0.0,0.0,0.33333333333333326,0.0,-0.16666666666666674,-1.3908602150537615,0.05053763440860237,53.16666666666667,4.0,2.666666666666667,-1.3000000000000114,-0.0037334007203191355,-0.33333333333333304,-0.6666666666666666,-0.6666666666666666,0.0,-0.6666666666666666,0.0,-1.6666666666666667,-1.7000000000000004,-0.6666666666666666,0.0,0.0,0.0,-0.4385748792270512,0.7352173913043476,-28.833333333333343,-0.6666666666666661,-2.333333333333333,13.333333333333343,0.03573717415181982,0.0,-2.666666666666667
2018-12,진안군,1839.7436338383839,1980.0,19,0,0,0.0,0,0.0,0,29,16,199.00000000000003,-0.5935483870967743,10.974193548387097,33.0,6,0.0,31,0.0,150.4,10,0,0.49376231122783976,0,0,0.0,0.0,0,0.0,0,29,16,199.00000000000003,-0.5935483870967743,10.974193548387097,33.0,6,0.0,150.4,0.49376231122783976,10,0,0.0,0.0,0.0,0.0,0.0,0.0,0.0,21.0,1.0,46.9,6.26896551724138,13.758620689655173,41.0,5.0,3.0,159.1,0.5138888888888888,9.0,0.0,0.0,0.0,0.0,0.0,0.0,0.0,0.0,2.0,0.0,1.5,10.783870967741937,12.909677419354837,142.0,9.0,4.0,198.9,0.5679611650485438,6.0,0.0,12,7.517381511460123,-0.24633868308829232,0.0,0.0,0.0,0.0,0.0,0.0,0.0,-0.6666666666666679,-1.6666666666666679,11.199999999999989,-0.32903225806451625,-0.3096774193548377,8.5,1.0,0.0,11.0,0.03601541445409201,-1.0,0.0,0.0,0.0,0.0,0.0,0.0,0.0,0.0,2.666666666666668,0.0,4.0,-0.4979118773946354,0.30685823754789254,-17.5,-0.33333333333333304,1.0,4.7666666666666515,0.015343022090538672,0.6666666666666661,0.0,0.0,0.0,0.0,0.0,0.0,0.0,0.0,0.33333333333333326,0.0,-0.16666666666666674,-1.3908602150537615,0.05053763440860237,53.16666666666667,4.0,2.666666666666667,-1.3000000000000114,-0.0037334007203191355,-0.33333333333333304,-0.6666666666666666
2019-01,진안군,2371.2264150943397,424.0,17,0,0,0.0,0,0.0,0,31,29,267.0,-2.3193548387096774,12.587096774193549,18.0,4,0.0,31,0.0,176.5,5,0,0.5660679923027582,0,0,0.0,0.0,0,0.0,0,31,29,267.0,-2.3193548387096774,12.587096774193549,18.0,4,0.0,176.5,0.5660679923027582,5,0,0.0,0.0,0.0,0.0,0.0,0.0,0.0,29.0,16.0,199.00000000000003,-0.5935483870967743,10.974193548387097,33.0,6.0,0.0,150.4,0.49376231122783976,10.0,0.0,0.0,0.0,0.0,0.0,0.0,0.0,0.0,21.0,1.0,46.9,6.26896551724138,13.758620689655173,41.0,5.0,3.0,159.1,0.5138888888888888,9.0,0.0,1,7.771162575008654,-0.40127994473272466,0.0,0.0,0.0,0.0,0.0,0.0,0.0,2.5,7.5,23.650000000000034,-0.23709677419354858,1.412903225806451,-28.375,-2.25,-1.5,35.42500000000001,0.11375157840050432,-5.5,0.0,0.0,0.0,0.0,0.0,0.0,0.0,0.0,-0.6666666666666679,-1.6666666666666679,11.199999999999989,-0.32903225806451625,-0.3096774193548377,8.5,1.0,0.0,11.0,0.03601541445409201,-1.0,0.0,0.0,0.0,0.0,0.0,0.0,0.0,0.0,2.666666666666668,0.0,4.0,-0.4979118773946354,0.30685823754789254,-17.5,-0.33333333333333304,1.0,4.7666666666666515,0.015343022090538672,0.6666666666666661,0.0
2019-02,진안군,1160.4166666666667,48.0,5,0,0,0.0,0,0.0,0,26,15,162.1,0.3357142857142858,12.121428571428575,43.0,2,0.0,28,0.0,167.8,7,0,0.5499836119305146,0,0,0.0,0.0,0,0.0,0,26,15,162.1,0.3357142857142858,12.121428571428575,43.0,2,0.0,167.8,0.5499836119305146,7,0,0.0,0.0,0.0,0.0,0.0,0.0,0.0,31.0,29.0,267.0,-2.3193548387096774,12.587096774193549,18.0,4.0,0.0,176.5,0.5660679923027582,5.0,0.0,0.0,0.0,0.0,0.0,0.0,0.0,0.0,29.0,16.0,199.00000000000003,-0.5935483870967743,10.974193548387097,33.0,6.0,0.0,150.4,0.49376231122783976,10.0,0.0,2,7.0565344150074845,-0.44307233422949377,0.0,0.0,0.0,0.0,0.0,0.0,0.0,1.5,-0.75,-8.224999999999994,-0.06699507389162568,-0.17124384236452883,1.25,-2.75,-0.75,-0.9499999999999886,0.0017295522754905424,0.0,0.0,0.0,0.0,0.0,0.0,0.0,0.0,0.0,2.5,7.5,23.650000000000034,-0.23709677419354858,1.412903225806451,-28.375,-2.25,-1.5,35.42500000000001,0.11375157840050432,-5.5,0.0,0.0,0.0,0.0,0.0,0.0,0.0,0.0,-0.6666666666666679,-1.6666666666666679,11.199999999999989,-0.32903225806451625,-0.3096774193548377,8.5,1.0,0.0,11.0,0.03601541445409201,-1.0,0.0
2019-03,진안군,2286.7324561403507,456.0,11,0,0,0.0,0,0.0,0,24,6,75.49999999999999,5.067741935483871,14.058064516129033,38.0,8,3.0,31,0.0,196.2,9,0,0.529126213592233,0,0,0.0,0.0,0,0.0,0,24,6,75.49999999999999,5.067741935483871,14.058064516129033,38.0,8,3.0,196.2,0.529126213592233,9,0,0.0,0.0,0.0,0.0,0.0,0.0,0.0,26.0,15.0,162.1,0.3357142857142858,12.121428571428575,43.0,2.0,0.0,167.8,0.5499836119305146,7.0,0.0,0.0,0.0,0.0,0.0,0.0,0.0,0.0,31.0,29.0,267.0,-2.3193548387096774,12.587096774193549,18.0,4.0,0.0,176.5,0.5660679923027582,5.0,0.0,3,7.734879202544805,-0.00524883926141495,0.0,0.0,0.0,0.0,0.0,0.0,0.0,0.6666666666666679,2.0,13.033333333333317,-0.752688172043011,0.14408602150537675,-27.5,0.666666666666667,2.0,-6.866666666666703,-0.01790752767434156,0.3333333333333339,0.0,0.0,0.0,0.0,0.0,0.0,0.0,0.0,0.6666666666666679,-1.6666666666666679,-20.400000000000006,0.48507799671592766,-0.10570607553365896,-4.666666666666664,-2.333333333333333,-1.0,2.4666666666666686,0.01428643691857856,-0.33333333333333304,0.0,0.0,0.0,0.0,0.0,0.0,0.0,0.0,2.333333333333332,7.333333333333332,38.96666666666667,-0.5290322580645161,1.7290322580645157,-34.0,-1.666666666666667,-2.0,34.73333333333332,0.11143613166452926,-5.333333333333334,0.0
2019-04,진안군,2208.5985452674895,1458.0,18,0,0,0.0,0,0.0,0,8,3,26.400000000000002,10.251666666666667,13.096666666666666,92.0,7,0.0,30,0.0,177.6,11,0,0.452253628724217,0,0,0.0,0.0,0,0.0,0,8,3,26.400000000000002,10.251666666666667,13.096666666666666,92.0,7,0.0,177.6,0.452253628724217,11,0,0.0,0.0,0.0,0.0,0.0,0.0,0.0,24.0,6.0,75.49999999999999,5.067741935483871,14.058064516129033,38.0,8.0,3.0,196.2,0.529126213592233,9.0,0.0,0.0,0.0,0.0,0.0,0.0,0.0,0.0,26.0,15.0,162.1,0.3357142857142858,12.121428571428575,43.0,2.0,0.0,167.8,0.5499836119305146,7.0,0.0,4,7.700113450945554,-0.07197141197391588,0.0,0.0,0.0,0.0,0.0,0.0,0.0,-0.6666666666666661,2.0,7.0,0.2961111111111112,-0.9322222222222205,3.5,0.33333333333333304,-3.6666666666666665,-38.73333333333335,-0.09805228726710108,3.0,0.0,0.0,0.0,0.0,0.0,0.0,0.0,0.0,0.6666666666666679,2.0,13.033333333333317,-0.752688172043011,0.14408602150537675,-27.5,0.666666666666667,2.0,-6.866666666666703,-0.01790752767434156,0.3333333333333339,0.0,0.0,0.0,0.0,0.0,0.0,0.0,0.0,0.6666666666666679,-1.6666666666666679,-20.400000000000006,0.48507799671592766,-0.10570607553365896,-4.666666666666664,-2.333333333333333,-1.0,2.4666666666666686,0.01428643691857856,-0.33333333333333304,0.0
2019-05,진안군,2776.7637358260017,4092.0,27,0,0,0.0,0,0.0,0,1,0,0.0,15.746774193548386,16.016129032258064,60.0,5,0.0,31,0.0,279.7,3,0,0.6423977951309141,0,0,0.0,0.0,0,0.0,0,1,0,0.0,15.746774193548386,16.016129032258064,60.0,5,0.0,279.7,0.6423977951309141,3,0,0.0,0.0,0.0,0.0,0.0,0.0,0.0,8.0,3.0,26.400000000000002,10.251666666666667,13.096666666666666,92.0,7.0,0.0,177.6,0.452253628724217,11.0,0.0,0.0,0.0,0.0,0.0,0.0,0.0,0.0,24.0,6.0,75.49999999999999,5.067741935483871,14.058064516129033,38.0,8.0,3.0,196.2,0.529126213592233,9.0,0.0,5,7.9290414047626445,-0.027853298050305675,0.0,0.0,0.0,0.0,-0.6666666666666666,-1.1000000000000003,0.0,0.6666666666666667,0.0,0.0,-0.6236559139784958,2.7591397849462354,-19.5,-2.333333333333333,0.0,51.06666666666666,0.1176127719940393,-3.333333333333333,-1.0,0.0,0.0,0.0,0.0,0.0,0.0,0.0,-0.6666666666666661,2.0,7.0,0.2961111111111112,-0.9322222222222205,3.5,0.33333333333333304,-3.6666666666666665,-38.73333333333335,-0.09805228726710108,3.0,0.0,0.0,0.0,0.0,0.0,0.0,0.0,0.0,0.6666666666666679,2.0,13.033333333333317,-0.752688172043011,0.14408602150537675,-27.5,0.666666666666667,2.0,-6.866666666666703,-0.01790752767434156,0.3333333333333339,0.0
2019-06,진안군,2072.082886745522,5588.3,25,1,0,0.3000000000000007,1,0.0,1,0,0,0.0,20.291666666666668,11.069999999999999,99.0,8,0.0,30,0.0,192.2,8,4,0.44052257620903046,1,0,0.3000000000000007,0.0,1,0.0,1,0,0,0.0,20.291666666666668,11.069999999999999,99.0,8,0.0,192.2,0.44052257620903046,8,4,0.0,0.0,0.0,0.0,0.0,0.0,0.0,1.0,0.0,0.0,15.746774193548386,16.016129032258064,60.0,5.0,0.0,279.7,0.6423977951309141,3.0,0.0,0.0,0.0,0.0,0.0,0.0,0.0,0.0,8.0,3.0,26.400000000000002,10.251666666666667,13.096666666666666,92.0,7.0,0.0,177.6,0.452253628724217,11.0,0.0,6,7.636309605834826,-0.21616790593819601,-2.6666666666666665,0.0,-3.2999999999999994,-1.0,-0.6666666666666667,-0.4666666666666662,0.6666666666666667,0.0,0.0,0.0,-0.8222222222222229,-0.206666666666667,-53.83333333333334,-1.666666666666666,-4.333333333333333,4.499999999999972,0.010378937148825096,0.33333333333333304,-2.666666666666667,0.0,0.0,0.0,0.0,-0.6666666666666666,-1.1000000000000003,0.0,0.6666666666666667,0.0,0.0,-0.6236559139784958,2.7591397849462354,-19.5,-2.333333333333333,0.0,51.06666666666666,0.1176127719940393,-3.333333333333333,-1.0,0.0,0.0,0.0,0.0,0.0,0.0,0.0,-0.6666666666666661,2.0,7.0,0.2961111111111112,-0.9322222222222205,3.5,0.33333333333333304,-3.6666666666666665,-38.73333333333335,-0.09805228726710108,3.0,0.0
2019-07,진안군,2749.743212782886,12191.3,27,9,0,10.0,11,31.599999999999994,10,0,0,0.0,23.61935483870968,8.483870967741936,252.0,12,8.0,31,5.0,130.79999999999998,14,13,0.2949932341001353,9,0,10.0,5.0,11,31.599999999999994,10,0,0,0.0,23.61935483870968,8.483870967741936,252.0,12,8.0,130.79999999999998,0.2949932341001353,14,13,1.0,0.0,0.3000000000000007,0.0,1.0,0.0,1.0,0.0,0.0,0.0,20.291666666666668,11.069999999999999,99.0,8.0,0.0,192.2,0.44052257620903046,8.0,4.0,0.0,0.0,0.0,0.0,0.0,0.0,0.0,1.0,0.0,0.0,15.746774193548386,16.016129032258064,60.0,5.0,0.0,279.7,0.6423977951309141,3.0,0.0,7,7.919262809130838,-0.24111708894028983,-1.0,-4.333333333333333,-16.33333333333334,-3.666666666666666,-3.666666666666666,4.066666666666659,-0.6666666666666661,0.0,0.0,0.0,-0.2892473118279568,0.08602150537634579,-78.33333333333331,-1.0,0.0,-11.833333333333343,-0.026725686202114574,0.0,1.0,-2.6666666666666665,0.0,-3.2999999999999994,-1.0,-0.6666666666666667,-0.4666666666666662,0.6666666666666667,0.0,0.0,0.0,-0.8222222222222229,-0.206666666666667,-53.83333333333334,-1.666666666666666,-4.333333333333333,4.499999999999972,0.010378937148825096,0.33333333333333304,-2.666666666666667,0.0,0.0,0.0,0.0,-0.6666666666666666,-1.1000000000000003,0.0,0.6666666666666667,0.0,0.0,-0.6236559139784958,2.7591397849462354,-19.5,-2.333333333333333,0.0,51.06666666666666,0.1176127719940393,-3.333333333333333,-1.0
2019-08,진안군,4362.274751925673,24303.2,27,15,6,29.7,16,34.4,14,0,0,0.0,24.516129032258064,9.974193548387097,131.5,9,3.0,31,13.0,179.8,7,13,0.42983504661726035,15,6,29.7,13.0,16,34.4,14,0,0,0.0,24.516129032258064,9.974193548387097,131.5,9,3.0,179.8,0.42983504661726035,7,13,9.0,0.0,10.0,5.0,11.0,31.599999999999994,10.0,0.0,0.0,0.0,23.61935483870968,8.483870967741936,252.0,12.0,8.0,130.79999999999998,0.2949932341001353,14.0,13.0,1.0,0.0,0.3000000000000007,0.0,1.0,0.0,1.0,0.0,0.0,0.0,20.291666666666668,11.069999999999999,99.0,8.0,0.0,192.2,0.44052257620903046,8.0,4.0,8,8.380748932381257,-0.22725717923196065,-3.333333333333332,-1.0,-14.200000000000006,-3.333333333333332,-6.333333333333332,-16.53333333333333,-7.333333333333332,0.0,0.0,0.0,-1.096774193548388,0.6215053763440856,-307.1666666666667,-1.666666666666666,-3.666666666666667,-0.5333333333333314,-0.0015401453933692744,-1.666666666666666,-2.333333333333334,-1.0,-4.333333333333333,-16.33333333333334,-3.666666666666666,-3.666666666666666,4.066666666666659,-0.6666666666666661,0.0,0.0,0.0,-0.2892473118279568,0.08602150537634579,-78.33333333333331,-1.0,0.0,-11.833333333333343,-0.026725686202114574,0.0,1.0,-2.6666666666666665,0.0,-3.2999999999999994,-1.0,-0.6666666666666667,-0.4666666666666662,0.6666666666666667,0.0,0.0,0.0,-0.8222222222222229,-0.206666666666667,-53.83333333333334,-1.666666666666666,-4.333333333333333,4.499999999999972,0.010378937148825096,0.33333333333333304,-2.666666666666667
2019-09,진안군,5468.16017721446,17357.5,23,2,0,2.0,3,2.1000000000000014,1,0,0,0.0,20.417391304347827,9.504347826086956,169.5,9,6.0,23,0.0,122.4,14,10,0.3285024154589372,2,0,2.0,0.0,3,2.1000000000000014,1,0,0,0.0,20.417391304347827,9.504347826086956,169.5,9,6.0,122.4,0.3285024154589372,14,10,15.0,6.0,29.7,13.0,16.0,34.4,14.0,0.0,0.0,0.0,24.516129032258064,9.974193548387097,131.5,9.0,3.0,179.8,0.42983504661726035,7.0,13.0,9.0,0.0,10.0,5.0,11.0,31.599999999999994,10.0,0.0,0.0,0.0,23.61935483870968,8.483870967741936,252.0,12.0,8.0,130.79999999999998,0.2949932341001353,14.0,13.0,9,8.606697490979982,-0.22616305125330705,1.3333333333333335,0.0,1.3333333333333335,0.0,1.3333333333333333,0.400000000000001,0.33333333333333337,0.0,0.0,0.0,0.9321497584541092,-0.33376811594203026,-7.833333333333343,-0.6666666666666661,0.666666666666667,-13.766666666666652,-0.03731829381658652,2.0,2.333333333333333,-3.333333333333332,-1.0,-14.200000000000006,-3.333333333333332,-6.333333333333332,-16.53333333333333,-7.333333333333332,0.0,0.0,0.0,-1.096774193548388,0.6215053763440856,-307.1666666666667,-1.666666666666666,-3.666666666666667,-0.5333333333333314,-0.0015401453933692744,-1.666666666666666,-2.333333333333334,-1.0,-4.333333333333333,-16.33333333333334,-3.666666666666666,-3.666666666666666,4.066666666666659,-0.6666666666666661,0.0,0.0,0.0,-0.2892473118279568,0.08602150537634579,-78.33333333333331,-1.0,0.0,-11.833333333333343,-0.026725686202114574,0.0,1.0
2019-10,진안군,7551.185237869823,11830.0,27,0,0,0.0,0,0.0,0,1,0,1.0,13.920967741935485,11.570967741935481,118.0,3,0.0,31,0.0,188.0,7,2,0.536376604850214,0,0,0.0,0.0,0,0.0,0,1,0,1.0,13.920967741935485,11.570967741935481,118.0,3,0.0,188.0,0.536376604850214,7,2,2.0,0.0,2.0,0.0,3.0,2.1000000000000014,1.0,0.0,0.0,0.0,20.417391304347827,9.504347826086956,169.5,9.0,6.0,122.4,0.3285024154589372,14.0,10.0,15.0,6.0,29.7,13.0,16.0,34.4,14.0,0.0,0.0,0.0,24.516129032258064,9.974193548387097,131.5,9.0,3.0,179.8,0.42983504661726035,7.0,13.0,10,8.929459815070512,0.6535713285293472,0.0,0.0,0.0,0.0,0.0,0.0,0.0,-0.6666666666666667,0.0,-0.6666666666666667,1.7462365591397866,-1.2881720430107535,29.16666666666667,-2.0,-1.3333333333333333,-12.200000000000017,-0.035317960918648916,0.666666666666667,1.3333333333333335,1.3333333333333335,0.0,1.3333333333333335,0.0,1.3333333333333333,0.400000000000001,0.33333333333333337,0.0,0.0,0.0,0.9321497584541092,-0.33376811594203026,-7.833333333333343,-0.6666666666666661,0.666666666666667,-13.766666666666652,-0.03731829381658652,2.0,2.333333333333333,-3.333333333333332,-1.0,-14.200000000000006,-3.333333333333332,-6.333333333333332,-16.53333333333333,-7.333333333333332,0.0,0.0,0.0,-1.096774193548388,0.6215053763440856,-307.1666666666667,-1.666666666666666,-3.666666666666667,-0.5333333333333314,-0.0015401453933692744,-1.666666666666666,-2.333333333333334
2019-11,진안군,3305.8826784861917,2933.0,20,0,0,0.0,0,0.0,0,16,2,41.2,7.33,13.946666666666667,44.5,6,0.0,30,0.0,151.7,7,0,0.4898288666451404,0,0,0.0,0.0,0,0.0,0,16,2,41.2,7.33,13.946666666666667,44.5,6,0.0,151.7,0.4898288666451404,7,0,0.0,0.0,0.0,0.0,0.0,0.0,0.0,1.0,0.0,1.0,13.920967741935485,11.570967741935481,118.0,3.0,0.0,188.0,0.536376604850214,7.0,2.0,2.0,0.0,2.0,0.0,3.0,2.1000000000000014,1.0,0.0,0.0,0.0,20.417391304347827,9.504347826086956,169.5,9.0,6.0,122.4,0.3285024154589372,14.0,10.0,11,8.103458790300031,0.3491628024096185,0.0,0.0,0.0,0.0,0.0,0.0,0.0,-2.333333333333332,1.0,-1.6999999999999957,0.5631226053639846,0.49490421455938716,-14.0,0.666666666666667,-2.0,-2.633333333333354,-0.008717000153209753,-1.333333333333334,0.0,0.0,0.0,0.0,0.0,0.0,0.0,0.0,-0.6666666666666667,0.0,-0.6666666666666667,1.7462365591397866,-1.2881720430107535,29.16666666666667,-2.0,-1.3333333333333333,-12.200000000000017,-0.035317960918648916,0.666666666666667,1.3333333333333335,1.3333333333333335,0.0,1.3333333333333335,0.0,1.3333333333333333,0.400000000000001,0.33333333333333337,0.0,0.0,0.0,0.9321497584541092,-0.33376811594203026,-7.833333333333343,-0.6666666666666661,0.666666666666667,-13.766666666666652,-0.03731829381658652,2.0,2.333333333333333
2019-12,진안군,2696.137275862069,1508.0,12,0,0,0.0,0,0.0,0,29,14,151.20000000000005,0.9741935483870968,11.470967741935487,28.0,6,0.0,31,0.0,133.1,12,0,0.43682310469314073,0,0,0.0,0.0,0,0.0,0,29,14,151.20000000000005,0.9741935483870968,11.470967741935487,28.0,6,0.0,133.1,0.43682310469314073,12,0,0.0,0.0,0.0,0.0,0.0,0.0,0.0,16.0,2.0,41.2,7.33,13.946666666666667,44.5,6.0,0.0,151.7,0.4898288666451404,7.0,0.0,0.0,0.0,0.0,0.0,0.0,0.0,0.0,1.0,0.0,1.0,13.920967741935485,11.570967741935481,118.0,3.0,0.0,188.0,0.536376604850214,7.0,2.0,12,7.899575389082368,0.13585519453395278,0.0,0.0,0.0,0.0,0.0,0.0,0.0,-0.6666666666666679,-3.666666666666668,-36.599999999999994,1.238709677419355,0.1870967741935523,3.5,1.0,0.0,-6.300000000000011,-0.020923792080607018,1.0,0.0,0.0,0.0,0.0,0.0,0.0,0.0,0.0,-2.333333333333332,1.0,-1.6999999999999957,0.5631226053639846,0.49490421455938716,-14.0,0.666666666666667,-2.0,-2.633333333333354,-0.008717000153209753,-1.333333333333334,0.0,0.0,0.0,0.0,0.0,0.0,0.0,0.0,-0.6666666666666667,0.0,-0.6666666666666667,1.7462365591397866,-1.2881720430107535,29.16666666666667,-2.0,-1.3333333333333333,-12.200000000000017,-0.035317960918648916,0.666666666666667,1.3333333333333335
2020-01,진안군,4378.965201822004,1427.0,12,0,0,0.0,0,0.0,0,24,12,124.09999999999998,1.185483870967742,9.558064516129035,100.0,7,3.0,31,0.0,95.2,17,0,0.3055198973042362,0,0,0.0,0.0,0,0.0,0,24,12,124.09999999999998,1.185483870967742,9.558064516129035,100.0,7,3.0,95.2,0.3055198973042362,17,0,0.0,0.0,0.0,0.0,0.0,0.0,0.0,29.0,14.0,151.20000000000005,0.9741935483870968,11.470967741935487,28.0,6.0,0.0,133.1,0.43682310469314073,12.0,0.0,0.0,0.0,0.0,0.0,0.0,0.0,0.0,16.0,2.0,41.2,7.33,13.946666666666667,44.5,6.0,0.0,151.7,0.4898288666451404,7.0,0.0,1,8.384567720166034,0.212125200424655,0.0,0.0,0.0,0.0,0.0,0.0,0.0,-4.5,-9.5,-119.24999999999999,3.267741935483871,-1.6161290322580637,53.625,0.75,1.5,-45.874999999999986,-0.14679651659801768,6.5,0.0,0.0,0.0,0.0,0.0,0.0,0.0,0.0,-0.6666666666666679,-3.666666666666668,-36.599999999999994,1.238709677419355,0.1870967741935523,3.5,1.0,0.0,-6.300000000000011,-0.020923792080607018,1.0,0.0,0.0,0.0,0.0,0.0,0.0,0.0,0.0,-2.333333333333332,1.0,-1.6999999999999957,0.5631226053639846,0.49490421455938716,-14.0,0.666666666666667,-2.0,-2.633333333333354,-0.008717000153209753,-1.333333333333334,0.0
2020-02,진안군,1826.2096774193549,744.0,12,0,0,0.0,0,0.0,0,22,13,129.20000000000002,1.8465517241379312,11.520689655172413,74.5,9,3.0,29,0.0,161.7,8,0,0.5113851992409867,0,0,0.0,0.0,0,0.0,0,22,13,129.20000000000002,1.8465517241379312,11.520689655172413,74.5,9,3.0,161.7,0.5113851992409867,8,0,0.0,0.0,0.0,0.0,0.0,0.0,0.0,24.0,12.0,124.09999999999998,1.185483870967742,9.558064516129035,100.0,7.0,3.0,95.2,0.3055198973042362,17.0,0.0,0.0,0.0,0.0,0.0,0.0,0.0,0.0,29.0,14.0,151.20000000000005,0.9741935483870968,11.470967741935487,28.0,6.0,0.0,133.1,0.43682310469314073,12.0,0.0,2,7.509997883379323,0.010391134142344605,0.0,0.0,0.0,0.0,0.0,0.0,0.0,-2.5,-2.75,-41.12499999999997,1.4438423645320198,-0.7719827586206911,32.75,4.25,2.25,-7.050000000000011,-0.03686886041403736,1.0,0.0,0.0,0.0,0.0,0.0,0.0,0.0,0.0,-4.5,-9.5,-119.24999999999999,3.267741935483871,-1.6161290322580637,53.625,0.75,1.5,-45.874999999999986,-0.14679651659801768,6.5,0.0,0.0,0.0,0.0,0.0,0.0,0.0,0.0,-0.6666666666666679,-3.666666666666668,-36.599999999999994,1.238709677419355,0.1870967741935523,3.5,1.0,0.0,-6.300000000000011,-0.020923792080607018,1.0,0.0
2020-03,진안군,2558.391455813953,860.0,12,0,0,0.0,0,0.0,0,25,4,58.800000000000004,5.780645161290322,14.012903225806452,43.5,5,0.0,31,0.0,218.2,7,0,0.5871905274488697,0,0,0.0,0.0,0,0.0,0,25,4,58.800000000000004,5.780645161290322,14.012903225806452,43.5,5,0.0,218.2,0.5871905274488697,7,0,0.0,0.0,0.0,0.0,0.0,0.0,0.0,22.0,13.0,129.20000000000002,1.8465517241379312,11.520689655172413,74.5,9.0,3.0,161.7,0.5113851992409867,8.0,0.0,0.0,0.0,0.0,0.0,0.0,0.0,0.0,24.0,12.0,124.09999999999998,1.185483870967742,9.558064516129035,100.0,7.0,3.0,95.2,0.3055198973042362,17.0,0.0,3,7.847134002414151,0.107005960607931,0.0,0.0,0.0,0.0,0.0,0.0,0.0,1.6666666666666679,0.0,-3.6666666666666643,-0.03978494623655937,0.09892473118279632,-22.0,-2.333333333333333,-1.0,15.133333333333297,0.04015678618229512,-1.666666666666666,0.0,0.0,0.0,0.0,0.0,0.0,0.0,0.0,-3.333333333333332,-3.666666666666668,-53.29999999999998,1.9959154351395731,-0.7064449917898212,26.833333333333336,4.666666666666667,2.0,-3.633333333333354,-0.024311975770949346,0.666666666666667,0.0,0.0,0.0,0.0,0.0,0.0,0.0,0.0,-4.666666666666668,-9.666666666666668,-103.93333333333335,2.975806451612903,-1.299999999999999,48.0,1.333333333333333,1.0,-46.56666666666668,-0.14911196333399274,6.666666666666666,0.0
2020-04,진안군,2164.8553497997327,2247.0,25,0,0,0.0,0,0.0,0,15,0,25.499999999999996,8.128333333333334,14.889999999999999,37.0,4,4.0,30,0.0,269.0,5,0,0.6837824097610575,0,0,0.0,0.0,0,0.0,0,15,0,25.499999999999996,8.128333333333334,14.889999999999999,37.0,4,4.0,269.0,0.6837824097610575,5,0,0.0,0.0,0.0,0.0,0.0,0.0,0.0,25.0,4.0,58.800000000000004,5.780645161290322,14.012903225806452,43.5,5.0,0.0,218.2,0.5871905274488697,7.0,0.0,0.0,0.0,0.0,0.0,0.0,0.0,0.0,22.0,13.0,129.20000000000002,1.8465517241379312,11.520689655172413,74.5,9.0,3.0,161.7,0.5113851992409867,8.0,0.0,4,7.680108825178973,-0.09197603774049679,0.0,0.0,0.0,0.0,0.0,0.0,0.0,6.333333333333334,-1.0,6.099999999999994,-1.8272222222222219,0.8611111111111125,-51.5,-2.666666666666667,0.3333333333333335,52.66666666666666,0.13347649376973947,-3.0,0.0,0.0,0.0,0.0,0.0,0.0,0.0,0.0,1.6666666666666679,0.0,-3.6666666666666643,-0.03978494623655937,0.09892473118279632,-22.0,-2.333333333333333,-1.0,15.133333333333297,0.04015678618229512,-1.666666666666666,0.0,0.0,0.0,0.0,0.0,0.0,0.0,0.0,-3.333333333333332,-3.666666666666668,-53.29999999999998,1.9959154351395731,-0.7064449917898212,26.833333333333336,4.666666666666667,2.0,-3.633333333333354,-0.024311975770949346,0.666666666666667,0.0
2020-05,진안군,2458.7070581745234,3988.0,26,0,0,0.0,0,0.0,0,0,0,0.0,16.70483870967742,11.82258064516129,65.0,8,0.0,31,0.0,212.5,8,1,0.4873853211009174,0,0,0.0,0.0,0,0.0,0,0,0,0.0,16.70483870967742,11.82258064516129,65.0,8,0.0,212.5,0.4873853211009174,8,1,0.0,0.0,0.0,0.0,0.0,0.0,0.0,15.0,0.0,25.499999999999996,8.128333333333334,14.889999999999999,37.0,4.0,4.0,269.0,0.6837824097610575,5.0,0.0,0.0,0.0,0.0,0.0,0.0,0.0,0.0,25.0,4.0,58.800000000000004,5.780645161290322,14.012903225806452,43.5,5.0,0.0,218.2,0.5871905274488697,7.0,0.0,5,7.807390904649697,-0.149503798163253,0.0,0.0,0.0,0.0,-0.6666666666666666,-1.1000000000000003,0.0,-0.3333333333333333,0.0,0.0,0.334408602150539,-1.4344086021505387,-14.5,0.666666666666667,0.0,-16.133333333333326,-0.03739970203595738,1.666666666666667,0.0,0.0,0.0,0.0,0.0,0.0,0.0,0.0,6.333333333333334,-1.0,6.099999999999994,-1.8272222222222219,0.8611111111111125,-51.5,-2.666666666666667,0.3333333333333335,52.66666666666666,0.13347649376973947,-3.0,0.0,0.0,0.0,0.0,0.0,0.0,0.0,0.0,1.6666666666666679,0.0,-3.6666666666666643,-0.03978494623655937,0.09892473118279632,-22.0,-2.333333333333333,-1.0,15.133333333333297,0.04015678618229512,-1.666666666666666,0.0
2020-06,진안군,3566.153847488348,3862.0,26,6,0,5.600000000000001,2,0.1999999999999993,0,0,0,0.0,21.825,10.563333333333333,177.5,13,8.0,30,3.0,171.0,9,12,0.3918423464711274,6,0,5.600000000000001,3.0,2,0.1999999999999993,0,0,0,0.0,21.825,10.563333333333333,177.5,13,8.0,171.0,0.3918423464711274,9,12,0.0,0.0,0.0,0.0,0.0,0.0,0.0,0.0,0.0,0.0,16.70483870967742,11.82258064516129,65.0,8.0,0.0,212.5,0.4873853211009174,8.0,1.0,0.0,0.0,0.0,0.0,0.0,0.0,0.0,15.0,0.0,25.499999999999996,8.128333333333334,14.889999999999999,37.0,4.0,4.0,269.0,0.6837824097610575,5.0,0.0,6,8.179242940366365,0.326765428593343,2.3333333333333335,0.0,2.0000000000000013,2.0,0.33333333333333326,-0.2666666666666669,-0.3333333333333333,0.0,0.0,0.0,0.7111111111111086,-0.7133333333333329,24.666666666666657,3.333333333333334,3.666666666666667,-16.700000000000017,-0.03830129258907794,1.333333333333333,5.333333333333333,0.0,0.0,0.0,0.0,-0.6666666666666666,-1.1000000000000003,0.0,-0.3333333333333333,0.0,0.0,0.334408602150539,-1.4344086021505387,-14.5,0.666666666666667,0.0,-16.133333333333326,-0.03739970203595738,1.666666666666667,0.0,0.0,0.0,0.0,0.0,0.0,0.0,0.0,6.333333333333334,-1.0,6.099999999999994,-1.8272222222222219,0.8611111111111125,-51.5,-2.666666666666667,0.3333333333333335,52.66666666666666,0.13347649376973947,-3.0,0.0
2020-07,진안군,4985.903990666062,11035.0,27,0,0,0.0,9,9.100000000000005,1,0,0,0.0,22.151612903225807,6.632258064516129,634.0,21,16.0,31,0.0,74.6,21,20,0.16835928684269916,0,0,0.0,0.0,9,9.100000000000005,1,0,0,0.0,22.151612903225807,6.632258064516129,634.0,21,16.0,74.6,0.16835928684269916,21,20,6.0,0.0,5.600000000000001,3.0,2.0,0.1999999999999993,0.0,0.0,0.0,0.0,21.825,10.563333333333333,177.5,13.0,8.0,171.0,0.3918423464711274,9.0,12.0,0.0,0.0,0.0,0.0,0.0,0.0,0.0,0.0,0.0,0.0,16.70483870967742,11.82258064516129,65.0,8.0,0.0,212.5,0.4873853211009174,8.0,1.0,7,8.514370008115128,0.35399011004400016,-10.0,-4.333333333333333,-26.33333333333334,-8.666666666666666,-5.666666666666666,-18.43333333333333,-9.666666666666666,0.0,0.0,0.0,-1.7569892473118287,-1.7655913978494615,303.6666666666667,8.0,8.0,-68.03333333333333,-0.1533596334595507,7.0,8.0,2.3333333333333335,0.0,2.0000000000000013,2.0,0.33333333333333326,-0.2666666666666669,-0.3333333333333333,0.0,0.0,0.0,0.7111111111111086,-0.7133333333333329,24.666666666666657,3.333333333333334,3.666666666666667,-16.700000000000017,-0.03830129258907794,1.333333333333333,5.333333333333333,0.0,0.0,0.0,0.0,-0.6666666666666666,-1.1000000000000003,0.0,-0.3333333333333333,0.0,0.0,0.334408602150539,-1.4344086021505387,-14.5,0.666666666666667,0.0,-16.133333333333326,-0.03739970203595738,1.666666666666667,0.0
2020-08,진안군,7712.286244190115,18567.5,26,18,0,22.1,28,72.19999999999999,28,0,0,0.0,26.1,7.6322580645161295,702.0,14,12.0,31,15.0,146.9,11,28,0.35185628742514974,18,0,22.1,15.0,28,72.19999999999999,28,0,0,0.0,26.1,7.6322580645161295,702.0,14,12.0,146.9,0.35185628742514974,11,28,0.0,0.0,0.0,0.0,9.0,9.100000000000005,1.0,0.0,0.0,0.0,22.151612903225807,6.632258064516129,634.0,21.0,16.0,74.6,0.16835928684269916,21.0,20.0,6.0,0.0,5.600000000000001,3.0,2.0,0.1999999999999993,0.0,0.0,0.0,0.0,21.825,10.563333333333333,177.5,13.0,8.0,171.0,0.3918423464711274,9.0,12.0,8,8.95056995232747,0.34256384071425217,-0.33333333333333215,-7.0,-21.800000000000004,-1.3333333333333321,5.666666666666668,21.26666666666666,6.666666666666668,0.0,0.0,0.0,0.48709677419354946,-1.720430107526882,263.3333333333333,3.333333333333334,5.333333333333333,-33.43333333333334,-0.07951890458547989,2.333333333333334,12.666666666666666,-10.0,-4.333333333333333,-26.33333333333334,-8.666666666666666,-5.666666666666666,-18.43333333333333,-9.666666666666666,0.0,0.0,0.0,-1.7569892473118287,-1.7655913978494615,303.6666666666667,8.0,8.0,-68.03333333333333,-0.1533596334595507,7.0,8.0,2.3333333333333335,0.0,2.0000000000000013,2.0,0.33333333333333326,-0.2666666666666669,-0.3333333333333333,0.0,0.0,0.0,0.7111111111111086,-0.7133333333333329,24.666666666666657,3.333333333333334,3.666666666666667,-16.700000000000017,-0.03830129258907794,1.333333333333333,5.333333333333333
2020-09,진안군,5594.52718483871,18600.0,26,0,0,0.0,2,3.0,1,0,0,0.0,18.991666666666667,9.436666666666667,214.0,11,7.0,30,0.0,136.6,10,8,0.36740182894029044,0,0,0.0,0.0,2,3.0,1,0,0,0.0,18.991666666666667,9.436666666666667,214.0,11,7.0,136.6,0.36740182894029044,10,8,18.0,0.0,22.1,15.0,28.0,72.19999999999999,28.0,0.0,0.0,0.0,26.1,7.6322580645161295,702.0,14.0,12.0,146.9,0.35185628742514974,11.0,28.0,0.0,0.0,0.0,0.0,9.0,9.100000000000005,1.0,0.0,0.0,0.0,22.151612903225807,6.632258064516129,634.0,21.0,16.0,74.6,0.16835928684269916,21.0,20.0,9,8.62954411044389,-0.20331643178939984,-0.6666666666666666,0.0,-0.6666666666666666,0.0,0.33333333333333326,1.2999999999999996,0.33333333333333337,0.0,0.0,0.0,-0.4935748792270509,-0.4014492753623191,36.66666666666666,1.333333333333334,1.666666666666667,0.4333333333333371,0.0015811196647667058,-2.0,0.33333333333333304,-0.33333333333333215,-7.0,-21.800000000000004,-1.3333333333333321,5.666666666666668,21.26666666666666,6.666666666666668,0.0,0.0,0.0,0.48709677419354946,-1.720430107526882,263.3333333333333,3.333333333333334,5.333333333333333,-33.43333333333334,-0.07951890458547989,2.333333333333334,12.666666666666666,-10.0,-4.333333333333333,-26.33333333333334,-8.666666666666666,-5.666666666666666,-18.43333333333333,-9.666666666666666,0.0,0.0,0.0,-1.7569892473118287,-1.7655913978494615,303.6666666666667,8.0,8.0,-68.03333333333333,-0.1533596334595507,7.0,8.0
2020-10,진안군,2092.7778555858313,15414.0,23,0,0,0.0,0,0.0,0,2,0,2.5,11.819354838709677,14.096774193548383,6.5,3,0.0,31,0.0,213.7,6,0,0.6107459274078308,0,0,0.0,0.0,0,0.0,0,2,0,2.5,11.819354838709677,14.096774193548383,6.5,3,0.0,213.7,0.6107459274078308,6,0,0.0,0.0,0.0,0.0,2.0,3.0,1.0,0.0,0.0,0.0,18.991666666666667,9.436666666666667,214.0,11.0,7.0,136.6,0.36740182894029044,10.0,8.0,18.0,0.0,22.1,15.0,28.0,72.19999999999999,28.0,0.0,0.0,0.0,26.1,7.6322580645161295,702.0,14.0,12.0,146.9,0.35185628742514974,11.0,28.0,10,7.64624757996924,-0.6296409065719244,0.0,0.0,0.0,0.0,0.0,0.0,0.0,0.33333333333333326,0.0,0.8333333333333333,-0.3553763440860216,1.2376344086021476,-82.33333333333333,-2.0,-1.3333333333333333,13.499999999999972,0.03905136163896794,-0.33333333333333304,-0.6666666666666666,-0.6666666666666666,0.0,-0.6666666666666666,0.0,0.33333333333333326,1.2999999999999996,0.33333333333333337,0.0,0.0,0.0,-0.4935748792270509,-0.4014492753623191,36.66666666666666,1.333333333333334,1.666666666666667,0.4333333333333371,0.0015811196647667058,-2.0,0.33333333333333304,-0.33333333333333215,-7.0,-21.800000000000004,-1.3333333333333321,5.666666666666668,21.26666666666666,6.666666666666668,0.0,0.0,0.0,0.48709677419354946,-1.720430107526882,263.3333333333333,3.333333333333334,5.333333333333333,-33.43333333333334,-0.07951890458547989,2.333333333333334,12.666666666666666
2020-11,진안군,2009.4185401904167,6407.0,25,0,0,0.0,0,0.0,0,18,0,40.6,6.701666666666667,12.65,90.0,5,3.0,30,0.0,152.2,9,0,0.4919198448610213,0,0,0.0,0.0,0,0.0,0,18,0,40.6,6.701666666666667,12.65,90.0,5,3.0,152.2,0.4919198448610213,9,0,0.0,0.0,0.0,0.0,0.0,0.0,0.0,2.0,0.0,2.5,11.819354838709677,14.096774193548383,6.5,3.0,0.0,213.7,0.6107459274078308,6.0,0.0,0.0,0.0,0.0,0.0,2.0,3.0,1.0,0.0,0.0,0.0,18.991666666666667,9.436666666666667,214.0,11.0,7.0,136.6,0.36740182894029044,10.0,8.0,11,7.605600675715227,-0.14869531217518617,0.0,0.0,0.0,0.0,0.0,0.0,0.0,-0.33333333333333215,-1.0,-2.299999999999997,-0.06521072796934835,-0.8017624521072797,31.5,-0.33333333333333304,1.0,-2.133333333333354,-0.006626021937328863,0.6666666666666661,0.0,0.0,0.0,0.0,0.0,0.0,0.0,0.0,0.33333333333333326,0.0,0.8333333333333333,-0.3553763440860216,1.2376344086021476,-82.33333333333333,-2.0,-1.3333333333333333,13.499999999999972,0.03905136163896794,-0.33333333333333304,-0.6666666666666666,-0.6666666666666666,0.0,-0.6666666666666666,0.0,0.33333333333333326,1.2999999999999996,0.33333333333333337,0.0,0.0,0.0,-0.4935748792270509,-0.4014492753623191,36.66666666666666,1.333333333333334,1.666666666666667,0.4333333333333371,0.0015811196647667058,-2.0,0.33333333333333304
2020-12,진안군,2628.5921642992425,2112.0,27,0,0,0.0,0,0.0,0,31,23,213.20000000000002,-1.1741935483870967,11.406451612903224,12.5,3,0.0,31,0.0,134.7,11,0,0.44265527440026287,0,0,0.0,0.0,0,0.0,0,31,23,213.20000000000002,-1.1741935483870967,11.406451612903224,12.5,3,0.0,134.7,0.44265527440026287,11,0,0.0,0.0,0.0,0.0,0.0,0.0,0.0,18.0,0.0,40.6,6.701666666666667,12.65,90.0,5.0,3.0,152.2,0.4919198448610213,9.0,0.0,0.0,0.0,0.0,0.0,0.0,0.0,0.0,2.0,0.0,2.5,11.819354838709677,14.096774193548383,6.5,3.0,0.0,213.7,0.6107459274078308,6.0,0.0,12,7.874203683102752,0.11048348855433687,0.0,0.0,0.0,0.0,0.0,0.0,0.0,1.3333333333333321,5.333333333333332,25.399999999999977,-0.9096774193548387,0.12258064516128897,-12.0,-2.0,0.0,-4.700000000000017,-0.015091622373484881,0.0,0.0,0.0,0.0,0.0,0.0,0.0,0.0,0.0,-0.33333333333333215,-1.0,-2.299999999999997,-0.06521072796934835,-0.8017624521072797,31.5,-0.33333333333333304,1.0,-2.133333333333354,-0.006626021937328863,0.6666666666666661,0.0,0.0,0.0,0.0,0.0,0.0,0.0,0.0,0.33333333333333326,0.0,0.8333333333333333,-0.3553763440860216,1.2376344086021476,-82.33333333333333,-2.0,-1.3333333333333333,13.499999999999972,0.03905136163896794,-0.33333333333333304,-0.6666666666666666
2021-01,진안군,4192.385057471264,696.0,18,0,0,0.0,0,0.0,0,28,21,289.29999999999995,-2.958064516129032,12.12258064516129,29.5,8,0.0,31,0.0,139.0,11,0,0.4453700736943287,0,0,0.0,0.0,0,0.0,0,28,21,289.29999999999995,-2.958064516129032,12.12258064516129,29.5,8,0.0,139.0,0.4453700736943287,11,0,0.0,0.0,0.0,0.0,0.0,0.0,0.0,31.0,23.0,213.20000000000002,-1.1741935483870967,11.406451612903224,12.5,3.0,0.0,134.7,0.44265527440026287,11.0,0.0,0.0,0.0,0.0,0.0,0.0,0.0,0.0,18.0,0.0,40.6,6.701666666666667,12.65,90.0,5.0,3.0,152.2,0.4919198448610213,9.0,0.0,1,8.341025077095239,0.16858255735385974,0.0,0.0,0.0,0.0,0.0,0.0,0.0,-0.5,-0.5,45.94999999999999,-0.8758064516129034,0.9483870967741925,-16.875,1.75,-1.5,-2.0749999999999886,-0.006946340207925172,0.5,0.0,0.0,0.0,0.0,0.0,0.0,0.0,0.0,1.3333333333333321,5.333333333333332,25.399999999999977,-0.9096774193548387,0.12258064516128897,-12.0,-2.0,0.0,-4.700000000000017,-0.015091622373484881,0.0,0.0,0.0,0.0,0.0,0.0,0.0,0.0,0.0,-0.33333333333333215,-1.0,-2.299999999999997,-0.06521072796934835,-0.8017624521072797,31.5,-0.33333333333333304,1.0,-2.133333333333354,-0.006626021937328863,0.6666666666666661,0.0
2021-02,진안군,2011.2676056338028,852.0,14,0,0,0.0,0,0.0,0,22,13,133.8,2.0589285714285714,12.489285714285712,24.0,6,0.0,28,0.0,179.0,6,0,0.5859247135842881,0,0,0.0,0.0,0,0.0,0,22,13,133.8,2.0589285714285714,12.489285714285712,24.0,6,0.0,179.0,0.5859247135842881,6,0,0.0,0.0,0.0,0.0,0.0,0.0,0.0,28.0,21.0,289.29999999999995,-2.958064516129032,12.12258064516129,29.5,8.0,0.0,139.0,0.4453700736943287,11.0,0.0,0.0,0.0,0.0,0.0,0.0,0.0,0.0,31.0,23.0,213.20000000000002,-1.1741935483870967,11.406451612903224,12.5,3.0,0.0,134.7,0.44265527440026287,11.0,0.0,2,7.606520451846306,0.10691370260932764,0.0,0.0,0.0,0.0,0.0,0.0,0.0,-2.5,-2.75,-36.52499999999998,1.65621921182266,0.19661330049260783,-17.75,1.25,-0.75,10.25,0.03767065392926405,-1.0,0.0,0.0,0.0,0.0,0.0,0.0,0.0,0.0,-0.5,-0.5,45.94999999999999,-0.8758064516129034,0.9483870967741925,-16.875,1.75,-1.5,-2.0749999999999886,-0.006946340207925172,0.5,0.0,0.0,0.0,0.0,0.0,0.0,0.0,0.0,1.3333333333333321,5.333333333333332,25.399999999999977,-0.9096774193548387,0.12258064516128897,-12.0,-2.0,0.0,-4.700000000000017,-0.015091622373484881,0.0,0.0
2018-01,고창군,4444.454656862745,3264.0,24,0,0,0.0,0,0.0,0,28,16,183.50000000000003,-1.5838709677419356,8.861290322580645,44.0,6,4.0,31,0.0,159.4,11,0,0.509916826615483,0,0,0.0,0.0,0,0.0,0,28,16,183.50000000000003,-1.5838709677419356,8.861290322580645,44.0,6,4.0,159.4,0.509916826615483,11,0,,,,,,,,,,,,,,,,,,,,,,,,,,,,,,,,,,,,,,,1,8.399412453551331,0.07375482302381897,0.0,0.0,0.0,0.0,0.0,0.0,0.0,3.25,4.25,50.75000000000003,-2.1161290322580646,-0.21854838709677438,3.1000000000000014,-1.0,1.5,4.0,0.012826849138591001,0.5,0.0,,,,,,,,,,,,,,,,,,,,,,,,,,,,,,,,,,,,,,
2018-02,고창군,3924.771897810219,3288.0,21,0,0,0.0,0,0.0,0,25,13,147.1,-0.11071428571428564,10.239285714285714,48.1,6,0.0,28,0.0,163.9,4,0,0.5366732154551409,0,0,0.0,0.0,0,0.0,0,25,13,147.1,-0.11071428571428564,10.239285714285714,48.1,6,0.0,163.9,0.5366732154551409,4,0,0.0,0.0,0.0,0.0,0.0,0.0,0.0,28.0,16.0,183.50000000000003,-1.5838709677419356,8.861290322580645,44.0,6.0,4.0,159.4,0.509916826615483,11.0,0.0,,,,,,,,,,,,,,,,,,,,2,8.275063513320168,0.40844499676776014,0.0,0.0,0.0,0.0,0.0,0.0,0.0,2.75,6.5,54.95,-2.5580824667031563,-0.19510810071154872,9.550000000000004,-0.25,-2.0,-1.7249999999999943,-0.00026012797371410823,-2.5,0.0,0.0,0.0,0.0,0.0,0.0,0.0,0.0,3.25,4.25,50.75000000000003,-2.1161290322580646,-0.21854838709677438,3.1000000000000014,-1.0,1.5,4.0,0.012826849138591001,0.5,0.0,,,,,,,,,,,,,,,,,,,
2018-03,고창군,3047.3014093529787,6244.0,25,0,0,0.0,0,0.0,0,9,0,15.099999999999998,8.283870967741937,11.883870967741935,77.6,9,4.0,31,0.0,199.4,9,0,0.537176724137931,0,0,0.0,0.0,0,0.0,0,9,0,15.099999999999998,8.283870967741937,11.883870967741935,77.6,9,4.0,199.4,0.537176724137931,9,0,0.0,0.0,0.0,0.0,0.0,0.0,0.0,25.0,13.0,147.1,-0.11071428571428564,10.239285714285714,48.1,6.0,0.0,163.9,0.5366732154551409,4.0,0.0,0.0,0.0,0.0,0.0,0.0,0.0,0.0,28.0,16.0,183.50000000000003,-1.5838709677419356,8.861290322580645,44.0,6.0,4.0,159.4,0.509916826615483,11.0,0.0,3,8.022011694130523,0.1351370168457251,0.0,0.0,0.0,0.0,0.0,0.0,0.0,-2.333333333333334,-0.3333333333333333,-6.366666666666671,0.78494623655914,-0.4096774193548409,31.633333333333333,2.333333333333333,1.6666666666666665,-19.533333333333303,-0.05242527404547004,2.0,0.0,0.0,0.0,0.0,0.0,0.0,0.0,0.0,1.3333333333333321,6.333333333333333,47.3,-2.0985632183908045,-0.08805418719211922,7.700000000000003,0.666666666666667,-1.0,-5.033333333333331,-0.009519138678470873,-1.333333333333333,0.0,0.0,0.0,0.0,0.0,0.0,0.0,0.0,3.0,6.0,64.03333333333335,-2.281720430107527,0.0010752688172033231,4.866666666666667,0.666666666666667,1.6666666666666665,-0.5,-0.0017515991577531365,1.0,0.0
2018-04,고창군,2280.5101695838193,5142.0,18,0,0,0.0,0,0.0,0,1,0,0.0,13.193333333333333,12.270000000000001,102.0,8,6.0,30,0.0,214.29999999999998,7,1,0.5455702647657841,0,0,0.0,0.0,0,0.0,0,1,0,0.0,13.193333333333333,12.270000000000001,102.0,8,6.0,214.29999999999998,0.5455702647657841,7,1,0.0,0.0,0.0,0.0,0.0,0.0,0.0,9.0,0.0,15.099999999999998,8.283870967741937,11.883870967741935,77.6,9.0,4.0,199.4,0.537176724137931,9.0,0.0,0.0,0.0,0.0,0.0,0.0,0.0,0.0,25.0,13.0,147.1,-0.11071428571428564,10.239285714285714,48.1,6.0,0.0,163.9,0.5366732154551409,4.0,0.0,4,7.732154455507661,0.09192493872960217,0.0,0.0,0.0,0.0,0.0,0.0,0.0,-1.6666666666666665,0.0,-3.5666666666666664,1.6844444444444449,0.15444444444444727,30.33333333333333,1.666666666666667,4.0,-13.599999999999994,-0.03463255403107679,0.666666666666667,0.6666666666666667,0.0,0.0,0.0,0.0,0.0,0.0,0.0,-2.333333333333334,-0.3333333333333333,-6.366666666666671,0.78494623655914,-0.4096774193548409,31.633333333333333,2.333333333333333,1.6666666666666665,-19.533333333333303,-0.05242527404547004,2.0,0.0,0.0,0.0,0.0,0.0,0.0,0.0,0.0,1.3333333333333321,6.333333333333333,47.3,-2.0985632183908045,-0.08805418719211922,7.700000000000003,0.666666666666667,-1.0,-5.033333333333331,-0.009519138678470873,-1.333333333333333,0.0
2018-05,고창군,1752.983725135624,4424.0,17,0,0,0.0,2,4.5,0,0,0,0.0,17.916129032258063,10.790322580645158,64.2,7,0.0,31,0.0,193.6,10,5,0.44515980685214995,0,0,0.0,0.0,2,4.5,0,0,0,0.0,17.916129032258063,10.790322580645158,64.2,7,0.0,193.6,0.44515980685214995,10,5,0.0,0.0,0.0,0.0,0.0,0.0,0.0,1.0,0.0,0.0,13.193333333333333,12.270000000000001,102.0,8.0,6.0,214.29999999999998,0.5455702647657841,7.0,1.0,0.0,0.0,0.0,0.0,0.0,0.0,0.0,9.0,0.0,15.099999999999998,8.283870967741937,11.883870967741935,77.6,9.0,4.0,199.4,0.537176724137931,9.0,0.0,5,7.469074600871078,-0.02444015026633295,-0.3333333333333333,0.0,0.0,0.0,1.0,3.0,0.0,0.0,0.0,0.0,0.1786379928315398,-0.8516129032258082,-9.933333333333323,0.666666666666667,-1.0,-35.50000000000003,-0.08153455767688922,2.0,2.6666666666666665,0.0,0.0,0.0,0.0,0.0,0.0,0.0,-1.6666666666666665,0.0,-3.5666666666666664,1.6844444444444449,0.15444444444444727,30.33333333333333,1.666666666666667,4.0,-13.599999999999994,-0.03463255403107679,0.666666666666667,0.6666666666666667,0.0,0.0,0.0,0.0,0.0,0.0,0.0,-2.333333333333334,-0.3333333333333333,-6.366666666666671,0.78494623655914,-0.4096774193548409,31.633333333333333,2.333333333333333,1.6666666666666665,-19.533333333333303,-0.05242527404547004,2.0,0.0
2018-06,고창군,1711.4029258043338,6092.0,24,4,1,5.299999999999997,5,10.3,2,0,0,0.0,22.117241379310343,9.67,168.4,4,0.0,30,0.0,208.7,6,20,0.47988043228328353,4,1,5.299999999999997,0.0,5,10.3,2,0,0,0.0,22.117241379310343,9.67,168.4,4,0.0,208.7,0.47988043228328353,6,20,0.0,0.0,0.0,0.0,2.0,4.5,0.0,0.0,0.0,0.0,17.916129032258063,10.790322580645158,64.2,7.0,0.0,193.6,0.44515980685214995,10.0,5.0,0.0,0.0,0.0,0.0,0.0,0.0,0.0,1.0,0.0,0.0,13.193333333333333,12.270000000000001,102.0,8.0,6.0,214.29999999999998,0.5455702647657841,7.0,1.0,6,7.4450687375795095,0.1397033473837883,0.3333333333333335,0.33333333333333337,-0.13333333333333375,-1.0,-0.33333333333333304,3.6000000000000005,1.0,0.0,0.0,0.0,0.35038314176244967,0.3000000000000007,42.733333333333334,-2.333333333333333,-1.6666666666666667,14.666666666666657,0.03378285288851118,-1.666666666666667,5.333333333333334,-0.3333333333333333,0.0,0.0,0.0,1.0,3.0,0.0,0.0,0.0,0.0,0.1786379928315398,-0.8516129032258082,-9.933333333333323,0.666666666666667,-1.0,-35.50000000000003,-0.08153455767688922,2.0,2.6666666666666665,0.0,0.0,0.0,0.0,0.0,0.0,0.0,-1.6666666666666665,0.0,-3.5666666666666664,1.6844444444444449,0.15444444444444727,30.33333333333333,1.666666666666667,4.0,-13.599999999999994,-0.03463255403107679,0.666666666666667,0.6666666666666667
2018-07,고창군,2694.9924492630385,3528.0,20,24,14,80.50000000000001,30,97.10000000000001,24,0,0,0.0,26.990322580645163,9.038709677419357,183.7,5,0.0,31,22.0,268.1,6,16,0.6054652213188799,24,14,80.50000000000001,22.0,30,97.10000000000001,24,0,0,0.0,26.990322580645163,9.038709677419357,183.7,5,0.0,268.1,0.6054652213188799,6,16,4.0,1.0,5.299999999999997,0.0,5.0,10.3,2.0,0.0,0.0,0.0,22.117241379310343,9.67,168.4,4.0,0.0,208.7,0.47988043228328353,6.0,20.0,0.0,0.0,0.0,0.0,2.0,4.5,0.0,0.0,0.0,0.0,17.916129032258063,10.790322580645158,64.2,7.0,0.0,193.6,0.44515980685214995,10.0,5.0,7,7.899150681581488,-0.3102003826068467,11.0,9.333333333333332,47.300000000000004,10.666666666666666,8.666666666666668,34.7,9.333333333333334,0.0,0.0,0.0,2.077419354838714,1.4505376344086036,-76.56666666666666,-5.666666666666666,-7.0,98.93333333333337,0.2234447842678085,-7.0,-3.666666666666668,0.3333333333333335,0.33333333333333337,-0.13333333333333375,-1.0,-0.33333333333333304,3.6000000000000005,1.0,0.0,0.0,0.0,0.35038314176244967,0.3000000000000007,42.733333333333334,-2.333333333333333,-1.6666666666666667,14.666666666666657,0.03378285288851118,-1.666666666666667,5.333333333333334,-0.3333333333333333,0.0,0.0,0.0,1.0,3.0,0.0,0.0,0.0,0.0,0.1786379928315398,-0.8516129032258082,-9.933333333333323,0.666666666666667,-1.0,-35.50000000000003,-0.08153455767688922,2.0,2.6666666666666665
2018-08,고창군,5099.955902777778,3024.0,16,26,18,99.09999999999997,31,120.79999999999998,27,0,0,0.0,27.82903225806452,8.790322580645162,269.6,10,8.0,31,26.0,231.79999999999998,8,9,0.5552095808383233,26,18,99.09999999999997,26.0,31,120.79999999999998,27,0,0,0.0,27.82903225806452,8.790322580645162,269.6,10,8.0,231.79999999999998,0.5552095808383233,8,9,24.0,14.0,80.50000000000001,22.0,30.0,97.10000000000001,24.0,0.0,0.0,0.0,26.990322580645163,9.038709677419357,183.7,5.0,0.0,268.1,0.6054652213188799,6.0,16.0,4.0,1.0,5.299999999999997,0.0,5.0,10.3,2.0,0.0,0.0,0.0,22.117241379310343,9.67,168.4,4.0,0.0,208.7,0.47988043228328353,6.0,20.0,8,8.536987172160874,-0.14293246287543937,2.0,6.666666666666666,31.09999999999998,3.666666666666668,2.0,9.033333333333331,1.3333333333333321,0.0,0.0,0.0,0.7667383512544816,0.6483870967741936,-20.633333333333326,0.3333333333333339,2.666666666666667,26.833333333333314,0.06441131123422655,0.0,-9.666666666666668,11.0,9.333333333333332,47.300000000000004,10.666666666666666,8.666666666666668,34.7,9.333333333333334,0.0,0.0,0.0,2.077419354838714,1.4505376344086036,-76.56666666666666,-5.666666666666666,-7.0,98.93333333333337,0.2234447842678085,-7.0,-3.666666666666668,0.3333333333333335,0.33333333333333337,-0.13333333333333375,-1.0,-0.33333333333333304,3.6000000000000005,1.0,0.0,0.0,0.0,0.35038314176244967,0.3000000000000007,42.733333333333334,-2.333333333333333,-1.6666666666666667,14.666666666666657,0.03378285288851118,-1.666666666666667,5.333333333333334
2018-09,고창군,10151.251842337377,3628.0,19,1,0,0.10000000000000142,7,6.800000000000004,1,0,0,0.0,20.896666666666665,9.580000000000002,118.10000000000001,9,4.0,30,0.0,176.6,11,9,0.47434864356701584,1,0,0.10000000000000142,0.0,7,6.800000000000004,1,0,0,0.0,20.896666666666665,9.580000000000002,118.10000000000001,9,4.0,176.6,0.47434864356701584,11,9,26.0,18.0,99.09999999999997,26.0,31.0,120.79999999999998,27.0,0.0,0.0,0.0,27.82903225806452,8.790322580645162,269.6,10.0,8.0,231.79999999999998,0.5552095808383233,8.0,9.0,24.0,14.0,80.50000000000001,22.0,30.0,97.10000000000001,24.0,0.0,0.0,0.0,26.990322580645163,9.038709677419357,183.7,5.0,0.0,268.1,0.6054652213188799,6.0,16.0,9,9.225352311085325,0.41033395451350607,0.0,0.0,-0.75,0.0,1.0,-1.799999999999999,0.0,0.0,0.0,0.0,0.11166666666666458,0.41999999999999993,-54.89999999999999,-0.5,0.5,10.700000000000017,0.028403807928248315,1.0,-3.5,0.0,5.5,21.34999999999998,1.0,0.0,-7.349999999999994,-2.0,0.0,0.0,0.0,0.23225806451613096,0.8161290322580648,-46.35000000000002,0.0,0.0,28.94999999999999,0.06919155935492383,0.0,-7.0,11.0,7.0,40.00000000000001,11.0,6.5,33.45,8.5,0.0,0.0,0.0,2.004838709677422,1.4209677419354856,-135.25,-6.0,-7.0,96.85000000000002,0.21866481404927046,-7.0,-3.0
2018-10,고창군,3162.7801113445375,5236.0,23,0,0,0.0,0,0.0,0,0,0,0.0,13.312903225806451,11.319354838709678,150.6,8,0.0,31,0.0,229.8,5,0,0.6554478037649744,0,0,0.0,0.0,0,0.0,0,0,0,0.0,13.312903225806451,11.319354838709678,150.6,8,0.0,229.8,0.6554478037649744,5,0,1.0,0.0,0.10000000000000142,0.0,7.0,6.800000000000004,1.0,0.0,0.0,0.0,20.896666666666665,9.580000000000002,118.10000000000001,9.0,4.0,176.6,0.47434864356701584,11.0,9.0,26.0,18.0,99.09999999999997,26.0,31.0,120.79999999999998,27.0,0.0,0.0,0.0,27.82903225806452,8.790322580645162,269.6,10.0,8.0,231.79999999999998,0.5552095808383233,8.0,9.0,10,8.059206701870608,-0.07117146233411731,0.0,0.0,0.0,0.0,0.0,0.0,0.0,0.0,0.0,0.0,-1.0193548387096794,-0.035483870967743414,57.06666666666668,3.0,-1.0,11.900000000000006,0.02682542244083541,-0.666666666666667,-1.3333333333333333,-6.333333333333333,-3.0,-16.633333333333333,-5.666666666666667,-5.333333333333334,-25.26666666666666,-6.0,0.0,0.0,0.0,-1.6244444444444461,0.6475268817204309,-76.83333333333336,-0.3333333333333339,1.6666666666666665,-3.7333333333333485,0.010265831192673658,1.666666666666666,-7.333333333333332,4.333333333333332,9.666666666666666,41.06666666666664,5.333333333333332,4.666666666666668,15.399999999999991,3.333333333333332,0.0,0.0,0.0,1.1752688172043015,0.9645161290322593,11.333333333333314,0.0,0.33333333333333304,41.566666666666634,0.10704406764472513,-1.666666666666666,-8.666666666666668
2018-11,고창군,1518.2506822314049,2420.0,13,0,0,0.0,0,0.0,0,3,0,2.0,8.41,11.973333333333334,43.4,5,0.0,30,0.0,197.3,7,0,0.6360412637008382,0,0,0.0,0.0,0,0.0,0,3,0,2.0,8.41,11.973333333333334,43.4,5,0.0,197.3,0.6360412637008382,7,0,0.0,0.0,0.0,0.0,0.0,0.0,0.0,0.0,0.0,0.0,13.312903225806451,11.319354838709678,150.6,8.0,0.0,229.8,0.6554478037649744,5.0,0.0,1.0,0.0,0.10000000000000142,0.0,7.0,6.800000000000004,1.0,0.0,0.0,0.0,20.896666666666665,9.580000000000002,118.10000000000001,9.0,4.0,176.6,0.47434864356701584,11.0,9.0,11,7.325314084131382,-0.2288066721326274,0.0,0.0,0.0,0.0,0.0,0.0,0.0,-0.6666666666666665,0.0,-1.6999999999999997,-0.5117624521072806,0.5677777777777777,-5.366666666666674,0.33333333333333304,-1.0,20.900000000000006,0.06712018735948755,-1.0,0.0,0.0,0.0,0.0,0.0,0.0,0.0,0.0,0.0,0.0,0.0,-1.0193548387096794,-0.035483870967743414,57.06666666666668,3.0,-1.0,11.900000000000006,0.02682542244083541,-0.666666666666667,-1.3333333333333333,-6.333333333333333,-3.0,-16.633333333333333,-5.666666666666667,-5.333333333333334,-25.26666666666666,-6.0,0.0,0.0,0.0,-1.6244444444444461,0.6475268817204309,-76.83333333333336,-0.3333333333333339,1.6666666666666665,-3.7333333333333485,0.010265831192673658,1.666666666666666,-7.333333333333332
2018-12,고창군,1443.1475903614457,3984.0,22,0,0,0.0,0,0.0,0,21,10,108.60000000000001,1.929032258064516,8.783870967741937,47.199999999999996,8,3.0,31,0.0,151.4,12,0,0.4965562479501476,0,0,0.0,0.0,0,0.0,0,21,10,108.60000000000001,1.929032258064516,8.783870967741937,47.199999999999996,8,3.0,151.4,0.4965562479501476,12,0,0.0,0.0,0.0,0.0,0.0,0.0,0.0,3.0,0.0,2.0,8.41,11.973333333333334,43.4,5.0,0.0,197.3,0.6360412637008382,7.0,0.0,0.0,0.0,0.0,0.0,0.0,0.0,0.0,0.0,0.0,0.0,13.312903225806451,11.319354838709678,150.6,8.0,0.0,229.8,0.6554478037649744,5.0,0.0,12,7.2745818337663675,-0.5603152981386961,0.0,0.0,0.0,0.0,0.0,0.0,0.0,-1.6666666666666679,3.333333333333333,18.66666666666667,-0.4333333333333329,-0.5763440860215052,11.099999999999994,1.333333333333333,1.0,0.8666666666666742,0.002733890021312191,1.0,0.0,0.0,0.0,0.0,0.0,0.0,0.0,0.0,-0.6666666666666665,0.0,-1.6999999999999997,-0.5117624521072806,0.5677777777777777,-5.366666666666674,0.33333333333333304,-1.0,20.900000000000006,0.06712018735948755,-1.0,0.0,0.0,0.0,0.0,0.0,0.0,0.0,0.0,0.0,0.0,0.0,-1.0193548387096794,-0.035483870967743414,57.06666666666668,3.0,-1.0,11.900000000000006,0.02682542244083541,-0.666666666666667,-1.3333333333333333
2019-01,고창군,2110.193392425463,4964.0,24,0,0,0.0,0,0.0,0,30,11,122.89999999999999,0.3838709677419355,9.33225806451613,15.399999999999999,3,0.0,31,0.0,194.9,5,0,0.62368,0,0,0.0,0.0,0,0.0,0,30,11,122.89999999999999,0.3838709677419355,9.33225806451613,15.399999999999999,3,0.0,194.9,0.62368,5,0,0.0,0.0,0.0,0.0,0.0,0.0,0.0,21.0,10.0,108.60000000000001,1.929032258064516,8.783870967741937,47.199999999999996,8.0,3.0,151.4,0.4965562479501476,12.0,0.0,0.0,0.0,0.0,0.0,0.0,0.0,0.0,3.0,0.0,2.0,8.41,11.973333333333334,43.4,5.0,0.0,197.3,0.6360412637008382,7.0,0.0,1,7.654534877447977,-0.6711227530795352,0.0,0.0,0.0,0.0,0.0,0.0,0.0,5.25,-0.75,-9.850000000000009,-0.14838709677419348,0.25241935483871103,-25.5,-4.0,-2.5,39.5,0.12659002252310803,-5.5,0.0,0.0,0.0,0.0,0.0,0.0,0.0,0.0,-1.6666666666666679,3.333333333333333,18.66666666666667,-0.4333333333333329,-0.5763440860215052,11.099999999999994,1.333333333333333,1.0,0.8666666666666742,0.002733890021312191,1.0,0.0,0.0,0.0,0.0,0.0,0.0,0.0,0.0,-0.6666666666666665,0.0,-1.6999999999999997,-0.5117624521072806,0.5677777777777777,-5.366666666666674,0.33333333333333304,-1.0,20.900000000000006,0.06712018735948755,-1.0,0.0
2019-02,고창군,1682.1158690176323,3176.0,15,0,0,0.0,0,0.0,0,26,4,86.5,2.0535714285714284,10.439285714285715,31.5,2,0.0,28,0.0,161.1,7,0,0.5276776940714052,0,0,0.0,0.0,0,0.0,0,26,4,86.5,2.0535714285714284,10.439285714285715,31.5,2,0.0,161.1,0.5276776940714052,7,0,0.0,0.0,0.0,0.0,0.0,0.0,0.0,30.0,11.0,122.89999999999999,0.3838709677419355,9.33225806451613,15.399999999999999,3.0,0.0,194.9,0.62368,5.0,0.0,0.0,0.0,0.0,0.0,0.0,0.0,0.0,21.0,10.0,108.60000000000001,1.929032258064516,8.783870967741937,47.199999999999996,8.0,3.0,151.4,0.4965562479501476,12.0,0.0,2,7.4278077258045005,-0.4388107907479073,0.0,0.0,0.0,0.0,0.0,0.0,0.0,3.75,-2.5,-5.6499999999999915,-0.39379675241744216,0.0048918992884523504,-7.049999999999997,-4.25,-2.0,-4.525000000000006,-0.009255649357449824,0.5,0.0,0.0,0.0,0.0,0.0,0.0,0.0,0.0,5.25,-0.75,-9.850000000000009,-0.14838709677419348,0.25241935483871103,-25.5,-4.0,-2.5,39.5,0.12659002252310803,-5.5,0.0,0.0,0.0,0.0,0.0,0.0,0.0,0.0,-1.6666666666666679,3.333333333333333,18.66666666666667,-0.4333333333333329,-0.5763440860215052,11.099999999999994,1.333333333333333,1.0,0.8666666666666742,0.002733890021312191,1.0,0.0
2019-03,고창군,2313.2101300479126,5844.0,24,0,0,0.0,0,0.0,0,14,0,29.400000000000002,6.787096774193548,12.603225806451615,17.4,6,3.0,31,0.0,214.2,6,0,0.577514154758695,0,0,0.0,0.0,0,0.0,0,14,0,29.400000000000002,6.787096774193548,12.603225806451615,17.4,6,3.0,214.2,0.577514154758695,6,0,0.0,0.0,0.0,0.0,0.0,0.0,0.0,26.0,4.0,86.5,2.0535714285714284,10.439285714285715,31.5,2.0,0.0,161.1,0.5276776940714052,7.0,0.0,0.0,0.0,0.0,0.0,0.0,0.0,0.0,30.0,11.0,122.89999999999999,0.3838709677419355,9.33225806451613,15.399999999999999,3.0,0.0,194.9,0.62368,5.0,0.0,3,7.746391505510127,-0.14048317177467062,0.0,0.0,0.0,0.0,0.0,0.0,0.0,2.666666666666666,-0.3333333333333333,7.933333333333334,-0.7118279569892483,0.3096774193548395,-28.566666666666663,-0.666666666666667,0.6666666666666665,-4.73333333333332,-0.012087843424706035,-1.0,0.0,0.0,0.0,0.0,0.0,0.0,0.0,0.0,2.333333333333332,-2.666666666666667,-13.299999999999997,0.06572249589490964,0.11194581280788185,-8.899999999999999,-3.333333333333333,-1.0,-7.833333333333343,-0.01851466006220659,1.666666666666667,0.0,0.0,0.0,0.0,0.0,0.0,0.0,0.0,5.0,1.0,3.4333333333333087,-0.3139784946236558,0.47204301075268873,-23.733333333333334,-2.333333333333333,-2.3333333333333335,35.0,0.11201157422676389,-5.0,0.0
2019-04,고창군,2396.5394295302012,4768.0,19,0,0,0.0,0,0.0,0,5,0,8.6,11.543333333333333,11.803333333333333,79.1,7,0.0,30,0.0,181.2,10,0,0.46189140963548303,0,0,0.0,0.0,0,0.0,0,5,0,8.6,11.543333333333333,11.803333333333333,79.1,7,0.0,181.2,0.46189140963548303,10,0,0.0,0.0,0.0,0.0,0.0,0.0,0.0,14.0,0.0,29.400000000000002,6.787096774193548,12.603225806451615,17.4,6.0,3.0,214.2,0.577514154758695,6.0,0.0,0.0,0.0,0.0,0.0,0.0,0.0,0.0,26.0,4.0,86.5,2.0535714285714284,10.439285714285715,31.5,2.0,0.0,161.1,0.5276776940714052,7.0,0.0,4,7.781781071429162,0.14155155465110258,0.0,0.0,0.0,0.0,0.0,0.0,0.0,2.3333333333333335,0.0,5.033333333333333,0.0344444444444445,-0.3122222222222213,7.433333333333323,0.666666666666667,-2.0,-46.69999999999999,-0.11831140916137783,3.666666666666667,-0.3333333333333333,0.0,0.0,0.0,0.0,0.0,0.0,0.0,2.666666666666666,-0.3333333333333333,7.933333333333334,-0.7118279569892483,0.3096774193548395,-28.566666666666663,-0.666666666666667,0.6666666666666665,-4.73333333333332,-0.012087843424706035,-1.0,0.0,0.0,0.0,0.0,0.0,0.0,0.0,0.0,2.333333333333332,-2.666666666666667,-13.299999999999997,0.06572249589490964,0.11194581280788185,-8.899999999999999,-3.333333333333333,-1.0,-7.833333333333343,-0.01851466006220659,1.666666666666667,0.0
2019-05,고창군,2127.610333692142,3716.0,17,1,0,0.0,1,0.0,0,0,0,0.0,17.686666666666667,13.8258064516129,57.89999999999999,4,0.0,31,0.0,288.8,3,0,0.6642134314627415,1,0,0.0,0.0,1,0.0,0,0,0,0.0,17.686666666666667,13.8258064516129,57.89999999999999,4,0.0,288.8,0.6642134314627415,3,0,0.0,0.0,0.0,0.0,0.0,0.0,0.0,5.0,0.0,8.6,11.543333333333333,11.803333333333333,79.1,7.0,0.0,181.2,0.46189140963548303,10.0,0.0,0.0,0.0,0.0,0.0,0.0,0.0,0.0,14.0,0.0,29.400000000000002,6.787096774193548,12.603225806451615,17.4,6.0,3.0,214.2,0.577514154758695,6.0,0.0,5,7.662754719827669,0.16923996869025792,0.6666666666666667,0.0,0.0,0.0,0.0,-1.5,0.0,0.0,0.0,0.0,-0.05082437275985541,2.1838709677419335,-16.233333333333334,-2.333333333333333,-1.0,59.69999999999999,0.1375190669337023,-5.0,-2.3333333333333335,0.0,0.0,0.0,0.0,0.0,0.0,0.0,2.3333333333333335,0.0,5.033333333333333,0.0344444444444445,-0.3122222222222213,7.433333333333323,0.666666666666667,-2.0,-46.69999999999999,-0.11831140916137783,3.666666666666667,-0.3333333333333333,0.0,0.0,0.0,0.0,0.0,0.0,0.0,2.666666666666666,-0.3333333333333333,7.933333333333334,-0.7118279569892483,0.3096774193548395,-28.566666666666663,-0.666666666666667,0.6666666666666665,-4.73333333333332,-0.012087843424706035,-1.0,0.0
2019-06,고창군,1384.6153846153845,364.0,2,1,0,1.3999999999999986,3,2.0,0,0,0,0.0,20.803333333333335,9.399999999999999,72.2,5,0.0,30,0.0,207.0,7,9,0.4759714876983215,1,0,1.3999999999999986,0.0,3,2.0,0,0,0,0.0,20.803333333333335,9.399999999999999,72.2,5,0.0,207.0,0.4759714876983215,7,9,1.0,0.0,0.0,0.0,1.0,0.0,0.0,0.0,0.0,0.0,17.686666666666667,13.8258064516129,57.89999999999999,4.0,0.0,288.8,0.6642134314627415,3.0,0.0,0.0,0.0,0.0,0.0,0.0,0.0,0.0,5.0,0.0,8.6,11.543333333333333,11.803333333333333,79.1,7.0,0.0,181.2,0.46189140963548303,10.0,0.0,6,7.233177679416765,-0.07218771077895614,-2.6666666666666665,-0.6666666666666666,-4.033333333333332,-1.0,-2.333333333333333,-4.7,-1.0,0.0,0.0,0.0,-0.9635249042145588,0.02999999999999936,-53.46666666666667,-1.333333333333333,-1.6666666666666667,12.966666666666669,0.029873908303549135,-0.666666666666667,-5.666666666666666,0.6666666666666667,0.0,0.0,0.0,0.0,-1.5,0.0,0.0,0.0,0.0,-0.05082437275985541,2.1838709677419335,-16.233333333333334,-2.333333333333333,-1.0,59.69999999999999,0.1375190669337023,-5.0,-2.3333333333333335,0.0,0.0,0.0,0.0,0.0,0.0,0.0,2.3333333333333335,0.0,5.033333333333333,0.0344444444444445,-0.3122222222222213,7.433333333333323,0.666666666666667,-2.0,-46.69999999999999,-0.11831140916137783,3.666666666666667,-0.3333333333333333
2019-07,고창군,3253.301886792453,3816.0,15,13,0,18.600000000000005,17,59.89999999999999,13,0,0,0.0,24.76774193548387,7.529032258064516,142.9,10,7.0,31,12.0,165.0,13,21,0.3724604966139955,13,0,18.600000000000005,12.0,17,59.89999999999999,13,0,0,0.0,24.76774193548387,7.529032258064516,142.9,10,7.0,165.0,0.3724604966139955,13,21,1.0,0.0,1.3999999999999986,0.0,3.0,2.0,0.0,0.0,0.0,0.0,20.803333333333335,9.399999999999999,72.2,5.0,0.0,207.0,0.4759714876983215,7.0,9.0,1.0,0.0,0.0,0.0,1.0,0.0,0.0,0.0,0.0,0.0,17.686666666666667,13.8258064516129,57.89999999999999,4.0,0.0,288.8,0.6642134314627415,3.0,0.0,7,8.08742572474737,-0.12192533944096517,0.0,-4.666666666666667,-14.600000000000005,0.6666666666666661,-4.333333333333332,-2.500000000000014,-1.666666666666666,0.0,0.0,0.0,-0.14516129032258007,-0.05913978494623695,-117.36666666666665,-0.6666666666666661,0.0,-4.166666666666657,-0.00955994043707592,0.0,1.3333333333333321,-2.6666666666666665,-0.6666666666666666,-4.033333333333332,-1.0,-2.333333333333333,-4.7,-1.0,0.0,0.0,0.0,-0.9635249042145588,0.02999999999999936,-53.46666666666667,-1.333333333333333,-1.6666666666666667,12.966666666666669,0.029873908303549135,-0.666666666666667,-5.666666666666666,0.6666666666666667,0.0,0.0,0.0,0.0,-1.5,0.0,0.0,0.0,0.0,-0.05082437275985541,2.1838709677419335,-16.233333333333334,-2.333333333333333,-1.0,59.69999999999999,0.1375190669337023,-5.0,-2.3333333333333335
2019-08,고창군,6286.744966442953,3576.0,16,20,9,48.5,25,78.99999999999997,19,0,0,0.0,25.993333333333332,8.477419354838709,238.8,9,0.0,31,17.0,209.2,8,24,0.5003587658454914,20,9,48.5,17.0,25,78.99999999999997,19,0,0,0.0,25.993333333333332,8.477419354838709,238.8,9,0.0,209.2,0.5003587658454914,8,24,13.0,0.0,18.600000000000005,12.0,17.0,59.89999999999999,13.0,0.0,0.0,0.0,24.76774193548387,7.529032258064516,142.9,10.0,7.0,165.0,0.3724604966139955,13.0,21.0,1.0,0.0,1.3999999999999986,0.0,3.0,2.0,0.0,0.0,0.0,0.0,20.803333333333335,9.399999999999999,72.2,5.0,0.0,207.0,0.4759714876983215,7.0,9.0,8,8.746198722337263,0.06627908730095022,-4.0,-2.333333333333334,-19.499999999999986,-5.333333333333332,-4.0,-32.76666666666668,-6.666666666666668,0.0,0.0,0.0,-1.068960573476705,0.33548387096774057,-51.43333333333334,-0.6666666666666661,-5.333333333333333,4.23333333333332,0.009560496241394711,0.0,5.333333333333332,0.0,-4.666666666666667,-14.600000000000005,0.6666666666666661,-4.333333333333332,-2.500000000000014,-1.666666666666666,0.0,0.0,0.0,-0.14516129032258007,-0.05913978494623695,-117.36666666666665,-0.6666666666666661,0.0,-4.166666666666657,-0.00955994043707592,0.0,1.3333333333333321,-2.6666666666666665,-0.6666666666666666,-4.033333333333332,-1.0,-2.333333333333333,-4.7,-1.0,0.0,0.0,0.0,-0.9635249042145588,0.02999999999999936,-53.46666666666667,-1.333333333333333,-1.6666666666666667,12.966666666666669,0.029873908303549135,-0.666666666666667,-5.666666666666666
2019-10,고창군,6908.679401993356,2408.0,16,0,0,0.0,0,0.0,0,0,0,0.0,15.661290322580646,10.861290322580647,119.8,4,3.0,31,0.0,211.0,7,2,0.6016538351867693,0,0,0.0,0.0,0,0.0,0,0,0,0.0,15.661290322580646,10.861290322580647,119.8,4,3.0,211.0,0.6016538351867693,7,2,20.0,9.0,48.5,17.0,25.0,78.99999999999997,19.0,0.0,0.0,0.0,25.993333333333332,8.477419354838709,238.8,9.0,0.0,209.2,0.5003587658454914,8.0,24.0,13.0,0.0,18.600000000000005,12.0,17.0,59.89999999999999,13.0,0.0,0.0,0.0,24.76774193548387,7.529032258064516,142.9,10.0,7.0,165.0,0.3724604966139955,13.0,21.0,10,8.840533784458513,0.7101556202537882,0.0,0.0,0.0,0.0,0.0,0.0,0.0,0.0,0.0,0.0,1.3290322580645153,-0.49354838709677473,26.26666666666668,-1.0,2.0,-6.900000000000006,-0.026968546137369653,1.333333333333333,0.6666666666666667,12.666666666666668,6.0,31.766666666666666,11.333333333333332,12.666666666666666,46.93333333333331,12.0,0.0,0.0,0.0,3.4722222222222214,-0.455053763440862,43.866666666666646,-0.3333333333333339,-2.3333333333333335,28.866666666666646,0.03627595347114926,-1.333333333333334,7.666666666666668,-8.666666666666668,-8.333333333333334,-39.43333333333332,-8.666666666666668,-9.333333333333332,-45.5,-10.666666666666668,0.0,0.0,0.0,-1.8860215053763483,-0.2967741935483863,-115.3666666666667,0.0,-0.666666666666667,-25.23333333333335,-0.07570501657960266,3.333333333333334,3.333333333333332
2019-11,고창군,2473.7898789878986,3636.0,21,0,0,0.0,0,0.0,0,6,0,7.6,9.396666666666667,12.056666666666667,44.599999999999994,4,0.0,30,0.0,179.3,7,0,0.5778279084756687,0,0,0.0,0.0,0,0.0,0,6,0,7.6,9.396666666666667,12.056666666666667,44.599999999999994,4,0.0,179.3,0.5778279084756687,7,0,0.0,0.0,0.0,0.0,0.0,0.0,0.0,0.0,0.0,0.0,15.661290322580646,10.861290322580647,119.8,4.0,3.0,211.0,0.6016538351867693,7.0,2.0,20.0,9.0,48.5,17.0,25.0,78.99999999999997,19.0,0.0,0.0,0.0,25.993333333333332,8.477419354838709,238.8,9.0,0.0,209.2,0.5003587658454914,8.0,24.0,11,7.813506617651069,0.25938586138705944,0.0,0.0,0.0,0.0,0.0,0.0,0.0,2.3333333333333335,0.0,3.9,0.4749042145593858,0.6511111111111099,-4.1666666666666785,-0.666666666666667,-1.0,2.9000000000000057,0.008906832134317977,-1.0,0.0,0.0,0.0,0.0,0.0,0.0,0.0,0.0,0.0,0.0,0.0,1.3290322580645153,-0.49354838709677473,26.26666666666668,-1.0,2.0,-6.900000000000006,-0.026968546137369653,1.333333333333333,0.6666666666666667,12.666666666666668,6.0,31.766666666666666,11.333333333333332,12.666666666666666,46.93333333333331,12.0,0.0,0.0,0.0,3.4722222222222214,-0.455053763440862,43.866666666666646,-0.3333333333333339,-2.3333333333333335,28.866666666666646,0.03627595347114926,-1.333333333333334,7.666666666666668
2019-12,고창군,2846.152041295167,4262.0,21,0,0,0.0,0,0.0,0,19,2,55.0,4.04516129032258,9.329032258064517,32.4,5,0.0,31,0.0,148.9,11,0,0.4883568383076418,0,0,0.0,0.0,0,0.0,0,19,2,55.0,4.04516129032258,9.329032258064517,32.4,5,0.0,148.9,0.4883568383076418,11,0,0.0,0.0,0.0,0.0,0.0,0.0,0.0,6.0,0.0,7.6,9.396666666666667,12.056666666666667,44.599999999999994,4.0,0.0,179.3,0.5778279084756687,7.0,0.0,0.0,0.0,0.0,0.0,0.0,0.0,0.0,0.0,0.0,0.0,15.661290322580646,10.861290322580647,119.8,4.0,3.0,211.0,0.6016538351867693,7.0,2.0,12,7.953723200025087,0.11882606812002372,0.0,0.0,0.0,0.0,0.0,0.0,0.0,-3.666666666666668,-4.666666666666667,-34.93333333333334,1.6827956989247315,-0.031182795698924792,-3.700000000000003,-1.666666666666667,-2.0,-1.6333333333333258,-0.005465519621193571,0.0,0.0,0.0,0.0,0.0,0.0,0.0,0.0,0.0,2.3333333333333335,0.0,3.9,0.4749042145593858,0.6511111111111099,-4.1666666666666785,-0.666666666666667,-1.0,2.9000000000000057,0.008906832134317977,-1.0,0.0,0.0,0.0,0.0,0.0,0.0,0.0,0.0,0.0,0.0,0.0,1.3290322580645153,-0.49354838709677473,26.26666666666668,-1.0,2.0,-6.900000000000006,-0.026968546137369653,1.333333333333333,0.6666666666666667
2020-01,고창군,5573.922936893204,3296.0,20,0,0,0.0,0,0.0,0,17,3,52.00000000000001,3.293548387096774,8.387096774193548,58.0,7,3.0,31,0.0,125.4,14,0,0.4014084507042254,0,0,0.0,0.0,0,0.0,0,17,3,52.00000000000001,3.293548387096774,8.387096774193548,58.0,7,3.0,125.4,0.4014084507042254,14,0,0.0,0.0,0.0,0.0,0.0,0.0,0.0,19.0,2.0,55.0,4.04516129032258,9.329032258064517,32.4,5.0,0.0,148.9,0.4883568383076418,11.0,0.0,0.0,0.0,0.0,0.0,0.0,0.0,0.0,6.0,0.0,7.6,9.396666666666667,12.056666666666667,44.599999999999994,4.0,0.0,179.3,0.5778279084756687,7.0,0.0,1,8.62585438248762,0.3001967519601081,0.0,0.0,0.0,0.0,0.0,0.0,0.0,-7.75,-8.75,-80.75,2.761290322580645,-0.6927419354838715,17.1,0.0,0.5,-30.0,-0.09568152677266661,3.5,0.0,0.0,0.0,0.0,0.0,0.0,0.0,0.0,-3.666666666666668,-4.666666666666667,-34.93333333333334,1.6827956989247315,-0.031182795698924792,-3.700000000000003,-1.666666666666667,-2.0,-1.6333333333333258,-0.005465519621193571,0.0,0.0,0.0,0.0,0.0,0.0,0.0,0.0,0.0,2.3333333333333335,0.0,3.9,0.4749042145593858,0.6511111111111099,-4.1666666666666785,-0.666666666666667,-1.0,2.9000000000000057,0.008906832134317977,-1.0,0.0
2020-02,고창군,1974.2083333333333,2400.0,14,0,0,0.0,0,0.0,0,20,3,65.8,4.020689655172413,10.303448275862069,41.6,8,3.0,29,0.0,181.8,5,0,0.5742261528742894,0,0,0.0,0.0,0,0.0,0,20,3,65.8,4.020689655172413,10.303448275862069,41.6,8,3.0,181.8,0.5742261528742894,5,0,0.0,0.0,0.0,0.0,0.0,0.0,0.0,17.0,3.0,52.00000000000001,3.293548387096774,8.387096774193548,58.0,7.0,3.0,125.4,0.4014084507042254,14.0,0.0,0.0,0.0,0.0,0.0,0.0,0.0,0.0,19.0,2.0,55.0,4.04516129032258,9.329032258064517,32.4,5.0,0.0,148.9,0.4883568383076418,11.0,0.0,2,7.587922753093982,-0.27869576345842617,0.0,0.0,0.0,0.0,0.0,0.0,0.0,-2.25,-3.5,-26.349999999999994,1.5733214741835426,-0.1309455391351939,3.0500000000000043,1.75,1.0,16.17500000000001,0.03729280944543434,-1.5,0.0,0.0,0.0,0.0,0.0,0.0,0.0,0.0,-7.75,-8.75,-80.75,2.761290322580645,-0.6927419354838715,17.1,0.0,0.5,-30.0,-0.09568152677266661,3.5,0.0,0.0,0.0,0.0,0.0,0.0,0.0,0.0,-3.666666666666668,-4.666666666666667,-34.93333333333334,1.6827956989247315,-0.031182795698924792,-3.700000000000003,-1.666666666666667,-2.0,-1.6333333333333258,-0.005465519621193571,0.0,0.0
2020-03,고창군,2676.3811188811187,5720.0,25,0,0,0.0,0,0.0,0,11,1,19.9,7.425806451612903,12.393548387096777,42.9,5,0.0,31,0.0,243.2,6,0,0.6541151156535772,0,0,0.0,0.0,0,0.0,0,11,1,19.9,7.425806451612903,12.393548387096777,42.9,5,0.0,243.2,0.6541151156535772,6,0,0.0,0.0,0.0,0.0,0.0,0.0,0.0,20.0,3.0,65.8,4.020689655172413,10.303448275862069,41.6,8.0,3.0,181.8,0.5742261528742894,5.0,0.0,0.0,0.0,0.0,0.0,0.0,0.0,0.0,17.0,3.0,52.00000000000001,3.293548387096774,8.387096774193548,58.0,7.0,3.0,125.4,0.4014084507042254,14.0,0.0,3,7.892220832213742,0.005346154928944635,0.0,0.0,0.0,0.0,0.0,0.0,0.0,-0.3333333333333339,0.6666666666666667,-1.56666666666667,-0.07311827956989347,0.10000000000000142,-3.066666666666663,-1.666666666666667,-2.3333333333333335,24.26666666666668,0.06451311747017607,-1.0,0.0,0.0,0.0,0.0,0.0,0.0,0.0,0.0,-3.666666666666668,-3.666666666666667,-34.0,2.0328407224958944,-0.02389162561576441,1.2000000000000028,2.666666666666667,2.0,12.866666666666674,0.028033798740677573,-0.33333333333333304,0.0,0.0,0.0,0.0,0.0,0.0,0.0,0.0,-8.0,-7.0,-67.46666666666667,2.595698924731183,-0.47311827956989383,18.866666666666667,1.666666666666667,0.6666666666666665,-34.5,-0.11025997506901075,4.0,0.0
2020-04,고창군,1647.0696584058942,5972.0,22,0,0,0.0,0,0.0,0,2,0,2.1,9.79,12.273333333333333,33.900000000000006,4,0.0,30,0.0,288.2,2,0,0.7331467819893156,0,0,0.0,0.0,0,0.0,0,2,0,2.1,9.79,12.273333333333333,33.900000000000006,4,0.0,288.2,0.7331467819893156,2,0,0.0,0.0,0.0,0.0,0.0,0.0,0.0,11.0,1.0,19.9,7.425806451612903,12.393548387096777,42.9,5.0,0.0,243.2,0.6541151156535772,6.0,0.0,0.0,0.0,0.0,0.0,0.0,0.0,0.0,20.0,3.0,65.8,4.020689655172413,10.303448275862069,41.6,8.0,3.0,181.8,0.5742261528742894,5.0,0.0,4,7.406753023397352,-0.23347649338070742,0.0,0.0,0.0,0.0,0.0,0.0,0.0,-0.6666666666666665,0.0,-1.4666666666666663,-1.7188888888888894,0.15777777777777935,-37.766666666666666,-2.333333333333333,-2.0,60.30000000000001,0.15294396319245473,-4.333333333333333,-0.3333333333333333,0.0,0.0,0.0,0.0,0.0,0.0,0.0,-0.3333333333333339,0.6666666666666667,-1.56666666666667,-0.07311827956989347,0.10000000000000142,-3.066666666666663,-1.666666666666667,-2.3333333333333335,24.26666666666668,0.06451311747017607,-1.0,0.0,0.0,0.0,0.0,0.0,0.0,0.0,0.0,-3.666666666666668,-3.666666666666667,-34.0,2.0328407224958944,-0.02389162561576441,1.2000000000000028,2.666666666666667,2.0,12.866666666666674,0.028033798740677573,-0.33333333333333304,0.0
2020-05,고창군,1554.1979949874687,4788.0,19,0,0,0.0,0,0.0,0,0,0,0.0,17.60967741935484,10.30967741935484,100.3,8,3.0,31,0.0,204.9,11,2,0.47070985527222603,0,0,0.0,0.0,0,0.0,0,0,0,0.0,17.60967741935484,10.30967741935484,100.3,8,3.0,204.9,0.47070985527222603,11,2,0.0,0.0,0.0,0.0,0.0,0.0,0.0,2.0,0.0,2.1,9.79,12.273333333333333,33.900000000000006,4.0,0.0,288.2,0.7331467819893156,2.0,0.0,0.0,0.0,0.0,0.0,0.0,0.0,0.0,11.0,1.0,19.9,7.425806451612903,12.393548387096777,42.9,5.0,0.0,243.2,0.6541151156535772,6.0,0.0,5,7.348714932713486,-0.14479981842392498,-0.3333333333333333,0.0,0.0,0.0,-1.0,-1.5,0.0,0.0,0.0,0.0,-0.1278136200716844,-1.332258064516127,26.16666666666667,1.666666666666667,2.0,-24.200000000000017,-0.05598450925681314,3.0,-0.3333333333333335,0.0,0.0,0.0,0.0,0.0,0.0,0.0,-0.6666666666666665,0.0,-1.4666666666666663,-1.7188888888888894,0.15777777777777935,-37.766666666666666,-2.333333333333333,-2.0,60.30000000000001,0.15294396319245473,-4.333333333333333,-0.3333333333333333,0.0,0.0,0.0,0.0,0.0,0.0,0.0,-0.3333333333333339,0.6666666666666667,-1.56666666666667,-0.07311827956989347,0.10000000000000142,-3.066666666666663,-1.666666666666667,-2.3333333333333335,24.26666666666668,0.06451311747017607,-1.0,0.0
2020-06,고창군,1391.0995458412099,2116.0,9,6,1,9.599999999999998,8,7.800000000000001,1,0,0,0.0,22.38,9.040000000000001,136.4,10,5.0,30,3.0,166.4,10,15,0.38244081820271203,6,1,9.599999999999998,3.0,8,7.800000000000001,1,0,0,0.0,22.38,9.040000000000001,136.4,10,5.0,166.4,0.38244081820271203,10,15,0.0,0.0,0.0,0.0,0.0,0.0,0.0,0.0,0.0,0.0,17.60967741935484,10.30967741935484,100.3,8.0,3.0,204.9,0.47070985527222603,11.0,2.0,0.0,0.0,0.0,0.0,0.0,0.0,0.0,2.0,0.0,2.1,9.79,12.273333333333333,33.900000000000006,4.0,0.0,288.2,0.7331467819893156,2.0,0.0,6,7.23784975359089,-0.06751563660483129,2.3333333333333335,0.33333333333333337,4.166666666666667,2.0,2.666666666666667,1.1000000000000005,0.0,0.0,0.0,0.0,0.6131417624521056,-0.3299999999999983,10.733333333333334,3.666666666666667,3.333333333333333,-27.633333333333326,-0.06365676119206032,2.333333333333333,0.3333333333333339,-0.3333333333333333,0.0,0.0,0.0,-1.0,-1.5,0.0,0.0,0.0,0.0,-0.1278136200716844,-1.332258064516127,26.16666666666667,1.666666666666667,2.0,-24.200000000000017,-0.05598450925681314,3.0,-0.3333333333333335,0.0,0.0,0.0,0.0,0.0,0.0,0.0,-0.6666666666666665,0.0,-1.4666666666666663,-1.7188888888888894,0.15777777777777935,-37.766666666666666,-2.333333333333333,-2.0,60.30000000000001,0.15294396319245473,-4.333333333333333,-0.3333333333333333
2020-07,고창군,5661.684751811595,552.0,5,2,0,0.5,17,30.20000000000001,7,0,0,0.0,22.980645161290322,6.196774193548386,454.2,17,14.0,31,0.0,74.4,20,22,0.168135593220339,2,0,0.5,0.0,17,30.20000000000001,7,0,0,0.0,22.980645161290322,6.196774193548386,454.2,17,14.0,74.4,0.168135593220339,20,22,6.0,1.0,9.599999999999998,3.0,8.0,7.800000000000001,1.0,0.0,0.0,0.0,22.38,9.040000000000001,136.4,10.0,5.0,166.4,0.38244081820271203,10.0,15.0,0.0,0.0,0.0,0.0,0.0,0.0,0.0,0.0,0.0,0.0,17.60967741935484,10.30967741935484,100.3,8.0,3.0,204.9,0.47070985527222603,11.0,2.0,7,8.641476786236149,0.4321257220478145,-11.0,-4.666666666666667,-32.70000000000001,-11.333333333333334,-4.333333333333332,-32.199999999999996,-7.666666666666666,0.0,0.0,0.0,-1.9322580645161267,-1.3913978494623676,193.93333333333334,6.333333333333334,7.0,-94.76666666666665,-0.21388484383073242,7.0,2.333333333333332,2.3333333333333335,0.33333333333333337,4.166666666666667,2.0,2.666666666666667,1.1000000000000005,0.0,0.0,0.0,0.0,0.6131417624521056,-0.3299999999999983,10.733333333333334,3.666666666666667,3.333333333333333,-27.633333333333326,-0.06365676119206032,2.333333333333333,0.3333333333333339,-0.3333333333333333,0.0,0.0,0.0,-1.0,-1.5,0.0,0.0,0.0,0.0,-0.1278136200716844,-1.332258064516127,26.16666666666667,1.666666666666667,2.0,-24.200000000000017,-0.05598450925681314,3.0,-0.3333333333333335
2020-08,고창군,6352.304952127659,940.0,9,26,7,56.400000000000006,31,135.5,31,0,0,0.0,27.364516129032257,7.158064516129032,362.3,10,8.0,31,24.0,173.9,8,23,0.41682646212847557,26,7,56.400000000000006,24.0,31,135.5,31,0,0,0.0,27.364516129032257,7.158064516129032,362.3,10,8.0,173.9,0.41682646212847557,8,23,2.0,0.0,0.5,0.0,17.0,30.20000000000001,7.0,0.0,0.0,0.0,22.980645161290322,6.196774193548386,454.2,17.0,14.0,74.4,0.168135593220339,20.0,22.0,6.0,1.0,9.599999999999998,3.0,8.0,7.800000000000001,1.0,0.0,0.0,0.0,22.38,9.040000000000001,136.4,10.0,5.0,166.4,0.38244081820271203,10.0,15.0,8,8.756573010610802,0.07665337557448915,2.0,-4.333333333333334,-11.59999999999998,1.6666666666666679,2.0,23.73333333333335,5.333333333333332,0.0,0.0,0.0,0.3022222222222197,-0.9838709677419359,72.06666666666666,0.3333333333333339,2.666666666666667,-31.066666666666663,-0.07397180747562115,0.0,4.333333333333332,-11.0,-4.666666666666667,-32.70000000000001,-11.333333333333334,-4.333333333333332,-32.199999999999996,-7.666666666666666,0.0,0.0,0.0,-1.9322580645161267,-1.3913978494623676,193.93333333333334,6.333333333333334,7.0,-94.76666666666665,-0.21388484383073242,7.0,2.333333333333332,2.3333333333333335,0.33333333333333337,4.166666666666667,2.0,2.666666666666667,1.1000000000000005,0.0,0.0,0.0,0.0,0.6131417624521056,-0.3299999999999983,10.733333333333334,3.666666666666667,3.333333333333333,-27.633333333333326,-0.06365676119206032,2.333333333333333,0.3333333333333339
2020-09,고창군,4467.947464980544,2056.0,15,1,0,1.6000000000000014,5,10.400000000000002,1,0,0,0.0,20.673333333333336,8.740000000000002,227.9,10,3.0,30,0.0,155.2,9,16,0.4175410277105192,1,0,1.6000000000000014,0.0,5,10.400000000000002,1,0,0,0.0,20.673333333333336,8.740000000000002,227.9,10,3.0,155.2,0.4175410277105192,9,16,26.0,7.0,56.400000000000006,24.0,31.0,135.5,31.0,0.0,0.0,0.0,27.364516129032257,7.158064516129032,362.3,10.0,8.0,173.9,0.41682646212847557,8.0,23.0,2.0,0.0,0.5,0.0,17.0,30.20000000000001,7.0,0.0,0.0,0.0,22.980645161290322,6.196774193548386,454.2,17.0,14.0,74.4,0.168135593220339,20.0,22.0,9,8.404684402058313,-0.41033395451350607,0.0,0.0,0.75,0.0,-1.0,1.799999999999999,0.0,0.0,0.0,0.0,-0.11166666666666458,-0.41999999999999993,54.900000000000006,0.5,-0.5,-10.699999999999989,-0.028403807928248315,-1.0,3.5,0.0,-5.5,-21.34999999999998,-1.0,0.0,7.350000000000023,2.0,0.0,0.0,0.0,-0.23225806451613096,-0.8161290322580648,46.349999999999966,0.0,0.0,-28.94999999999999,-0.06919155935492388,0.0,7.0,-11.0,-7.0,-40.00000000000001,-11.0,-6.5,-33.449999999999996,-8.5,0.0,0.0,0.0,-2.0048387096774185,-1.4209677419354856,135.25,6.0,7.0,-96.85,-0.21866481404927046,7.0,3.0
2020-10,고창군,1792.54917578125,2304.0,13,0,0,0.0,0,0.0,0,0,0,0.0,14.02258064516129,11.883870967741936,10.2,3,0.0,31,0.0,212.9,5,2,0.6287655050206733,0,0,0.0,0.0,0,0.0,0,0,0,0.0,14.02258064516129,11.883870967741936,10.2,3,0.0,212.9,0.6287655050206733,5,2,1.0,0.0,1.6000000000000014,0.0,5.0,10.400000000000002,1.0,0.0,0.0,0.0,20.673333333333336,8.740000000000002,227.9,10.0,3.0,155.2,0.4175410277105192,9.0,16.0,26.0,7.0,56.400000000000006,24.0,31.0,135.5,31.0,0.0,0.0,0.0,27.364516129032257,7.158064516129032,362.3,10.0,8.0,173.9,0.41682646212847557,8.0,23.0,10,7.491394006285052,-0.6389841579196727,0.0,0.0,0.0,0.0,0.0,0.0,0.0,0.0,0.0,0.0,-0.3096774193548413,0.5290322580645146,-83.33333333333331,-2.0,-1.0,-5.0,0.00014312369653435297,-0.666666666666667,0.6666666666666667,-6.333333333333333,-3.0,-15.133333333333333,-5.666666666666667,-7.333333333333334,-21.66666666666666,-6.0,0.0,0.0,0.0,-1.8477777777777753,-0.19247311827956892,32.96666666666664,0.6666666666666661,0.6666666666666665,-25.133333333333354,-0.04654178466382297,-0.3333333333333339,-0.33333333333333215,4.333333333333332,-1.333333333333334,-1.6333333333333186,3.333333333333332,4.666666666666668,30.10000000000001,7.333333333333332,0.0,0.0,0.0,0.7107526881720396,-0.6677419354838703,104.0333333333333,0.0,0.33333333333333304,-16.333333333333343,-0.03133905106512258,-1.666666666666666,5.333333333333332
2020-11,고창군,1851.111534321373,2564.0,16,0,0,0.0,0,0.0,0,2,0,1.5,8.958620689655174,10.186666666666666,58.300000000000004,5,3.0,30,0.0,152.6,10,0,0.49289405684754517,0,0,0.0,0.0,0,0.0,0,2,0,1.5,8.958620689655174,10.186666666666666,58.300000000000004,5,3.0,152.6,0.49289405684754517,10,0,0.0,0.0,0.0,0.0,0.0,0.0,0.0,0.0,0.0,0.0,14.02258064516129,11.883870967741936,10.2,3.0,0.0,212.9,0.6287655050206733,5.0,2.0,1.0,0.0,1.6000000000000014,0.0,5.0,10.400000000000002,1.0,0.0,0.0,0.0,20.673333333333336,8.740000000000002,227.9,10.0,3.0,155.2,0.4175410277105192,9.0,16.0,11,7.5235415670095795,-0.03057918925443026,0.0,0.0,0.0,0.0,0.0,0.0,0.0,-1.6666666666666665,0.0,-2.1999999999999997,0.03685823754789297,-1.2188888888888911,9.533333333333331,0.33333333333333304,2.0,-23.80000000000001,-0.07602701949380553,2.0,0.0,0.0,0.0,0.0,0.0,0.0,0.0,0.0,0.0,0.0,0.0,-0.3096774193548413,0.5290322580645146,-83.33333333333331,-2.0,-1.0,-5.0,0.00014312369653435297,-0.666666666666667,0.6666666666666667,-6.333333333333333,-3.0,-15.133333333333333,-5.666666666666667,-7.333333333333334,-21.66666666666666,-6.0,0.0,0.0,0.0,-1.8477777777777753,-0.19247311827956892,32.96666666666664,0.6666666666666661,0.6666666666666665,-25.133333333333354,-0.04654178466382297,-0.3333333333333339,-0.33333333333333215
2020-12,고창군,3929.9672123842593,3456.0,19,0,0,0.0,0,0.0,0,28,8,106.20000000000002,1.1129032258064515,9.96774193548387,28.700000000000003,7,3.0,31,0.0,151.3,10,0,0.4965539875287167,0,0,0.0,0.0,0,0.0,0,28,8,106.20000000000002,1.1129032258064515,9.96774193548387,28.700000000000003,7,3.0,151.3,0.4965539875287167,10,0,0.0,0.0,0.0,0.0,0.0,0.0,0.0,2.0,0.0,1.5,8.958620689655174,10.186666666666666,58.300000000000004,5.0,3.0,152.6,0.49289405684754517,10.0,0.0,0.0,0.0,0.0,0.0,0.0,0.0,0.0,0.0,0.0,0.0,14.02258064516129,11.883870967741936,10.2,3.0,0.0,212.9,0.6287655050206733,5.0,2.0,12,8.276386361923736,0.44148923001867235,0.0,0.0,0.0,0.0,0.0,0.0,0.0,5.333333333333332,1.333333333333333,16.26666666666668,-1.2494623655913975,0.6075268817204282,-7.399999999999999,0.33333333333333304,1.0,0.7666666666666799,0.0027316295998813245,-1.0,0.0,0.0,0.0,0.0,0.0,0.0,0.0,0.0,-1.6666666666666665,0.0,-2.1999999999999997,0.03685823754789297,-1.2188888888888911,9.533333333333331,0.33333333333333304,2.0,-23.80000000000001,-0.07602701949380553,2.0,0.0,0.0,0.0,0.0,0.0,0.0,0.0,0.0,0.0,0.0,0.0,-0.3096774193548413,0.5290322580645146,-83.33333333333331,-2.0,-1.0,-5.0,0.00014312369653435297,-0.666666666666667,0.6666666666666667
2021-01,고창군,5557.084107738647,4316.0,22,0,0,0.0,0,0.0,0,24,17,172.60000000000002,0.03548387096774192,9.738709677419356,46.2,12,3.0,31,0.0,141.9,12,0,0.45335463258785946,0,0,0.0,0.0,0,0.0,0,24,17,172.60000000000002,0.03548387096774192,9.738709677419356,46.2,12,3.0,141.9,0.45335463258785946,12,0,0.0,0.0,0.0,0.0,0.0,0.0,0.0,28.0,8.0,106.20000000000002,1.1129032258064515,9.96774193548387,28.700000000000003,7.0,3.0,151.3,0.4965539875287167,10.0,0.0,0.0,0.0,0.0,0.0,0.0,0.0,0.0,2.0,0.0,1.5,8.958620689655174,10.186666666666666,58.300000000000004,5.0,3.0,152.6,0.49289405684754517,10.0,0.0,1,8.622828808623119,0.29717117809560634,0.0,0.0,0.0,0.0,0.0,0.0,0.0,-0.75,5.25,39.85000000000002,-0.4967741935483871,0.6588709677419367,5.300000000000004,5.0,0.5,-13.5,-0.043735344889032524,1.5,0.0,0.0,0.0,0.0,0.0,0.0,0.0,0.0,5.333333333333332,1.333333333333333,16.26666666666668,-1.2494623655913975,0.6075268817204282,-7.399999999999999,0.33333333333333304,1.0,0.7666666666666799,0.0027316295998813245,-1.0,0.0,0.0,0.0,0.0,0.0,0.0,0.0,0.0,-1.6666666666666665,0.0,-2.1999999999999997,0.03685823754789297,-1.2188888888888911,9.533333333333331,0.33333333333333304,2.0,-23.80000000000001,-0.07602701949380553,2.0,0.0
2021-02,고창군,3553.4707254069353,5652.0,21,0,0,0.0,0,0.0,0,18,6,69.19999999999999,3.825925925925926,10.755555555555555,33.0,9,5.0,28,0.0,155.7,10,0,0.5091563113145846,0,0,0.0,0.0,0,0.0,0,18,6,69.19999999999999,3.825925925925926,10.755555555555555,33.0,9,5.0,155.7,0.5091563113145846,10,0,0.0,0.0,0.0,0.0,0.0,0.0,0.0,24.0,17.0,172.60000000000002,0.03548387096774192,9.738709677419356,46.2,12.0,3.0,141.9,0.45335463258785946,12.0,0.0,0.0,0.0,0.0,0.0,0.0,0.0,0.0,28.0,8.0,106.20000000000002,1.1129032258064515,9.96774193548387,28.700000000000003,7.0,3.0,151.3,0.4965539875287167,10.0,0.0,2,8.175680073990982,0.3090615574385742,0.0,0.0,0.0,0.0,0.0,0.0,0.0,-4.25,-0.5,-22.950000000000003,1.3785577449370554,0.32116174055829205,-5.549999999999997,2.75,3.0,-9.925000000000011,-0.027777032114270406,3.5,0.0,0.0,0.0,0.0,0.0,0.0,0.0,0.0,-0.75,5.25,39.85000000000002,-0.4967741935483871,0.6588709677419367,5.300000000000004,5.0,0.5,-13.5,-0.043735344889032524,1.5,0.0,0.0,0.0,0.0,0.0,0.0,0.0,0.0,5.333333333333332,1.333333333333333,16.26666666666668,-1.2494623655913975,0.6075268817204282,-7.399999999999999,0.33333333333333304,1.0,0.7666666666666799,0.0027316295998813245,-1.0,0.0
2018-01,정읍시,3178.4310865384614,5512.0,26,0,0,0.0,0,0.0,0,28,17,189.9,-2.1258064516129034,8.261290322580646,41.5,7,4.0,31,0.0,163.9,11,0,0.5248158821645853,0,0,0.0,0.0,0,0.0,0,28,17,189.9,-2.1258064516129034,8.261290322580646,41.5,7,4.0,163.9,0.5248158821645853,11,0,,,,,,,,,,,,,,,,,,,,,,,,,,,,,,,,,,,,,,,1,8.064142985014623,-0.14785138705962098,0.0,0.0,0.0,0.0,0.0,0.0,0.0,2.75,5.5,51.650000000000006,-2.1750000000000003,-0.4266129032258057,-2.075000000000003,0.5,1.5,11.375,0.03619268751314719,1.0,0.0,,,,,,,,,,,,,,,,,,,,,,,,,,,,,,,,,,,,,,
2018-02,정읍시,2256.454697585465,4183.0,22,0,0,0.0,0,0.0,0,23,14,152.60000000000002,-0.48571428571428565,10.214285714285714,41.400000000000006,6,0.0,28,0.0,177.5,2,0,0.5813953488372093,0,0,0.0,0.0,0,0.0,0,23,14,152.60000000000002,-0.48571428571428565,10.214285714285714,41.400000000000006,6,0.0,177.5,0.5813953488372093,2,0,0.0,0.0,0.0,0.0,0.0,0.0,0.0,28.0,17.0,189.9,-2.1258064516129034,8.261290322580646,41.5,7.0,4.0,163.9,0.5248158821645853,11.0,0.0,,,,,,,,,,,,,,,,,,,,2,7.721550142657574,0.1771376326837819,0.0,0.0,0.0,0.0,0.0,0.0,0.0,2.0,6.75,58.10000000000002,-2.6044950738916257,0.12352216748768363,-1.0749999999999957,0.0,-2.0,3.9000000000000057,0.017853914844815466,-3.75,0.0,0.0,0.0,0.0,0.0,0.0,0.0,0.0,2.75,5.5,51.650000000000006,-2.1750000000000003,-0.4266129032258057,-2.075000000000003,0.5,1.5,11.375,0.03619268751314719,1.0,0.0,,,,,,,,,,,,,,,,,,,
2018-03,정읍시,2691.60316996337,1365.0,25,0,0,0.0,0,0.0,0,13,0,16.7,8.248387096774193,12.248387096774193,100.6,8,0.0,31,0.0,203.5,8,0,0.548369711668014,0,0,0.0,0.0,0,0.0,0,13,0,16.7,8.248387096774193,12.248387096774193,100.6,8,0.0,203.5,0.548369711668014,8,0,0.0,0.0,0.0,0.0,0.0,0.0,0.0,23.0,14.0,152.60000000000002,-0.48571428571428565,10.214285714285714,41.400000000000006,6.0,0.0,177.5,0.5813953488372093,2.0,0.0,0.0,0.0,0.0,0.0,0.0,0.0,0.0,28.0,17.0,189.9,-2.1258064516129034,8.261290322580646,41.5,7.0,4.0,163.9,0.5248158821645853,11.0,0.0,3,7.8978922690380085,0.3265801401784554,0.0,0.0,0.0,0.0,0.0,0.0,0.0,1.0,0.0,-3.666666666666668,0.7623655913978498,-0.060215053763439386,45.86666666666667,2.333333333333333,0.0,-11.433333333333309,-0.03057545774610304,1.0,0.0,0.0,0.0,0.0,0.0,0.0,0.0,0.0,0.6666666666666679,6.333333333333333,49.766666666666694,-2.077422003284072,0.23612479474548387,-2.93333333333333,0.666666666666667,-1.0,3.5666666666666913,0.018331920207961927,-3.0,0.0,0.0,0.0,0.0,0.0,0.0,0.0,0.0,2.0,7.666666666666666,64.83333333333334,-2.3268817204301078,-0.21182795698924828,-2.4000000000000057,1.333333333333333,1.6666666666666665,9.800000000000011,0.030971622629334505,1.0,0.0
2018-04,정읍시,1714.1605763024436,1518.3,23,0,0,0.0,0,0.0,0,1,0,0.7,13.383333333333333,12.623333333333333,117.7,8,6.0,30,0.0,219.2,7,0,0.5579027742428099,0,0,0.0,0.0,0,0.0,0,1,0,0.7,13.383333333333333,12.623333333333333,117.7,8,6.0,219.2,0.5579027742428099,7,0,0.0,0.0,0.0,0.0,0.0,0.0,0.0,13.0,0.0,16.7,8.248387096774193,12.248387096774193,100.6,8.0,0.0,203.5,0.548369711668014,8.0,0.0,0.0,0.0,0.0,0.0,0.0,0.0,0.0,23.0,14.0,152.60000000000002,-0.48571428571428565,10.214285714285714,41.400000000000006,6.0,0.0,177.5,0.5813953488372093,2.0,0.0,4,7.446678779893494,0.23153196926291653,0.0,0.0,0.0,0.0,0.0,0.0,0.0,-1.3333333333333335,0.0,-0.6000000000000001,1.7655555555555562,0.3533333333333353,35.099999999999994,1.666666666666667,4.0,-2.433333333333337,-0.005876050459160509,0.0,-0.3333333333333333,0.0,0.0,0.0,0.0,0.0,0.0,0.0,1.0,0.0,-3.666666666666668,0.7623655913978498,-0.060215053763439386,45.86666666666667,2.333333333333333,0.0,-11.433333333333309,-0.03057545774610304,1.0,0.0,0.0,0.0,0.0,0.0,0.0,0.0,0.0,0.6666666666666679,6.333333333333333,49.766666666666694,-2.077422003284072,0.23612479474548387,-2.93333333333333,0.666666666666667,-1.0,3.5666666666666913,0.018331920207961927,-3.0,0.0
2018-05,정읍시,1013.6782416352718,2680.9,26,1,0,0.10000000000000142,2,6.300000000000001,2,0,0,0.0,18.112903225806452,11.570967741935483,85.9,7,0.0,31,0.0,201.0,7,6,0.46164446485989896,1,0,0.10000000000000142,0.0,2,6.300000000000001,2,0,0,0.0,18.112903225806452,11.570967741935483,85.9,7,0.0,201.0,0.46164446485989896,7,6,0.0,0.0,0.0,0.0,0.0,0.0,0.0,1.0,0.0,0.7,13.383333333333333,12.623333333333333,117.7,8.0,6.0,219.2,0.5579027742428099,7.0,0.0,0.0,0.0,0.0,0.0,0.0,0.0,0.0,13.0,0.0,16.7,8.248387096774193,12.248387096774193,100.6,8.0,0.0,203.5,0.548369711668014,8.0,0.0,5,6.921340817854226,-0.12923813973737008,-0.33333333333333326,0.0,-0.7666666666666657,0.0,1.3333333333333335,4.200000000000001,1.3333333333333335,0.0,0.0,0.0,0.22688172043010724,-0.5451612903225822,10.066666666666677,1.0,0.0,-11.200000000000017,-0.02564536848361426,0.33333333333333304,3.3333333333333335,0.0,0.0,0.0,0.0,0.0,0.0,0.0,-1.3333333333333335,0.0,-0.6000000000000001,1.7655555555555562,0.3533333333333353,35.099999999999994,1.666666666666667,4.0,-2.433333333333337,-0.005876050459160509,0.0,-0.3333333333333333,0.0,0.0,0.0,0.0,0.0,0.0,0.0,1.0,0.0,-3.666666666666668,0.7623655913978498,-0.060215053763439386,45.86666666666667,2.333333333333333,0.0,-11.433333333333309,-0.03057545774610304,1.0,0.0
2018-06,정읍시,887.3679213882958,1826.7,24,7,1,8.500000000000007,5,8.200000000000003,1,0,0,0.0,22.296666666666667,10.783333333333333,150.3,5,3.0,30,3.0,206.2,5,12,0.47293577981651375,7,1,8.500000000000007,3.0,5,8.200000000000003,1,0,0,0.0,22.296666666666667,10.783333333333333,150.3,5,3.0,206.2,0.47293577981651375,5,12,1.0,0.0,0.10000000000000142,0.0,2.0,6.300000000000001,2.0,0.0,0.0,0.0,18.112903225806452,11.570967741935483,85.9,7.0,0.0,201.0,0.46164446485989896,7.0,6.0,0.0,0.0,0.0,0.0,0.0,0.0,0.0,1.0,0.0,0.7,13.383333333333333,12.623333333333333,117.7,8.0,6.0,219.2,0.5579027742428099,7.0,0.0,6,6.788259689303697,-0.3139916830542715,2.0,0.0,0.933333333333338,1.0,0.666666666666667,3.6000000000000023,0.0,0.0,0.0,0.0,0.4200000000000017,0.5222222222222204,39.73333333333335,-1.666666666666667,0.3333333333333335,37.33333333333334,0.08559897165202857,-3.0,4.0,-0.33333333333333326,0.0,-0.7666666666666657,0.0,1.3333333333333335,4.200000000000001,1.3333333333333335,0.0,0.0,0.0,0.22688172043010724,-0.5451612903225822,10.066666666666677,1.0,0.0,-11.200000000000017,-0.02564536848361426,0.33333333333333304,3.3333333333333335,0.0,0.0,0.0,0.0,0.0,0.0,0.0,-1.3333333333333335,0.0,-0.6000000000000001,1.7655555555555562,0.3533333333333353,35.099999999999994,1.666666666666667,4.0,-2.433333333333337,-0.005876050459160509,0.0,-0.3333333333333333
2018-07,정읍시,2415.735294117647,340.0,16,24,17,91.19999999999999,29,90.09999999999998,24,0,0,0.0,27.03870967741935,9.558064516129033,145.8,4,0.0,31,22.0,257.1,6,24,0.5798376184032478,24,17,91.19999999999999,22.0,29,90.09999999999998,24,0,0,0.0,27.03870967741935,9.558064516129033,145.8,4,0.0,257.1,0.5798376184032478,6,24,7.0,1.0,8.500000000000007,3.0,5.0,8.200000000000003,1.0,0.0,0.0,0.0,22.296666666666667,10.783333333333333,150.3,5.0,3.0,206.2,0.47293577981651375,5.0,12.0,1.0,0.0,0.10000000000000142,0.0,2.0,6.300000000000001,2.0,0.0,0.0,0.0,18.112903225806452,11.570967741935483,85.9,7.0,0.0,201.0,0.46164446485989896,7.0,6.0,7,7.789758989359139,0.0892701081602798,10.666666666666666,10.666666666666668,52.49999999999999,10.666666666666666,8.0,33.266666666666644,10.0,0.0,0.0,0.0,2.122150537634404,1.4838709677419342,-144.33333333333337,-6.666666666666666,-6.0,112.16666666666669,0.25297561036159266,-8.0,8.0,2.0,0.0,0.933333333333338,1.0,0.666666666666667,3.6000000000000023,0.0,0.0,0.0,0.0,0.4200000000000017,0.5222222222222204,39.73333333333335,-1.666666666666667,0.3333333333333335,37.33333333333334,0.08559897165202857,-3.0,4.0,-0.33333333333333326,0.0,-0.7666666666666657,0.0,1.3333333333333335,4.200000000000001,1.3333333333333335,0.0,0.0,0.0,0.22688172043010724,-0.5451612903225822,10.066666666666677,1.0,0.0,-11.200000000000017,-0.02564536848361426,0.33333333333333304,3.3333333333333335
2018-08,정읍시,4932.470119521912,426.7,17,25,21,121.7,30,110.9,26,0,0,0.0,27.870967741935484,9.700000000000001,291.9,8,5.0,31,23.0,224.6,7,16,0.537063605930177,25,21,121.7,23.0,30,110.9,26,0,0,0.0,27.870967741935484,9.700000000000001,291.9,8,5.0,224.6,0.537063605930177,7,16,24.0,17.0,91.19999999999999,22.0,29.0,90.09999999999998,24.0,0.0,0.0,0.0,27.03870967741935,9.558064516129033,145.8,4.0,0.0,257.1,0.5798376184032478,6.0,24.0,7.0,1.0,8.500000000000007,3.0,5.0,8.200000000000003,1.0,0.0,0.0,0.0,22.296666666666667,10.783333333333333,150.3,5.0,3.0,206.2,0.47293577981651375,5.0,12.0,8,8.503595180001465,0.07270620630295532,0.6666666666666679,7.333333333333334,42.766666666666666,0.33333333333333215,1.6666666666666679,7.900000000000006,1.0,0.0,0.0,0.0,0.8494623655913998,0.973118279569892,-48.900000000000034,-2.333333333333334,-0.33333333333333304,69.56666666666666,0.16619721074743937,-2.333333333333334,3.666666666666666,10.666666666666666,10.666666666666668,52.49999999999999,10.666666666666666,8.0,33.266666666666644,10.0,0.0,0.0,0.0,2.122150537634404,1.4838709677419342,-144.33333333333337,-6.666666666666666,-6.0,112.16666666666669,0.25297561036159266,-8.0,8.0,2.0,0.0,0.933333333333338,1.0,0.666666666666667,3.6000000000000023,0.0,0.0,0.0,0.0,0.4200000000000017,0.5222222222222204,39.73333333333335,-1.666666666666667,0.3333333333333335,37.33333333333334,0.08559897165202857,-3.0,4.0
2018-09,정읍시,9030.508919202519,381.2,16,2,0,1.5999999999999979,5,5.5,1,0,0,0.0,20.66,9.57,103.5,7,0.0,30,0.0,175.4,12,20,0.47099892588614395,2,0,1.5999999999999979,0.0,5,5.5,1,0,0,0.0,20.66,9.57,103.5,7,0.0,175.4,0.47099892588614395,12,20,25.0,21.0,121.7,23.0,30.0,110.9,26.0,0.0,0.0,0.0,27.870967741935484,9.700000000000001,291.9,8.0,5.0,224.6,0.537063605930177,7.0,16.0,24.0,17.0,91.19999999999999,22.0,29.0,90.09999999999998,24.0,0.0,0.0,0.0,27.03870967741935,9.558064516129033,145.8,4.0,0.0,257.1,0.5798376184032478,6.0,24.0,9,9.108364003538611,0.41062168568448776,0.6666666666666667,0.0,0.6999999999999993,0.0,-2.0,-4.466666666666667,-0.33333333333333326,0.0,0.0,0.0,-0.240000000000002,0.6422222222222231,-101.76666666666665,-2.666666666666666,-3.6666666666666665,18.76666666666668,0.05029238750501919,1.333333333333334,7.0,0.6666666666666679,7.333333333333334,42.766666666666666,0.33333333333333215,1.6666666666666679,7.900000000000006,1.0,0.0,0.0,0.0,0.8494623655913998,0.973118279569892,-48.900000000000034,-2.333333333333334,-0.33333333333333304,69.56666666666666,0.16619721074743937,-2.333333333333334,3.666666666666666,10.666666666666666,10.666666666666668,52.49999999999999,10.666666666666666,8.0,33.266666666666644,10.0,0.0,0.0,0.0,2.122150537634404,1.4838709677419342,-144.33333333333337,-6.666666666666666,-6.0,112.16666666666669,0.25297561036159266,-8.0,8.0
2018-10,정읍시,2800.570652173913,920.0,25,0,0,0.0,0,0.0,0,0,0,0.0,12.941935483870967,10.525806451612901,152.29999999999998,8,6.0,31,0.0,217.7,5,1,0.6214673137310875,0,0,0.0,0.0,0,0.0,0,0,0,0.0,12.941935483870967,10.525806451612901,152.29999999999998,8,6.0,217.7,0.6214673137310875,5,1,2.0,0.0,1.5999999999999979,0.0,5.0,5.5,1.0,0.0,0.0,0.0,20.66,9.57,103.5,7.0,0.0,175.4,0.47099892588614395,12.0,20.0,25.0,21.0,121.7,23.0,30.0,110.9,26.0,0.0,0.0,0.0,27.870967741935484,9.700000000000001,291.9,8.0,5.0,224.6,0.537063605930177,7.0,16.0,10,7.937578479745836,0.02627449500816237,0.0,0.0,0.0,0.0,0.0,0.0,0.0,0.0,0.0,0.0,-1.1225806451612907,-0.24731182795698992,65.96666666666665,2.666666666666667,3.0,12.599999999999994,0.03583411051409635,-0.666666666666667,0.0,0.6666666666666667,0.0,0.6999999999999993,0.0,-2.0,-4.466666666666667,-0.33333333333333326,0.0,0.0,0.0,-0.240000000000002,0.6422222222222231,-101.76666666666665,-2.666666666666666,-3.6666666666666665,18.76666666666668,0.05029238750501919,1.333333333333334,7.0,0.6666666666666679,7.333333333333334,42.766666666666666,0.33333333333333215,1.6666666666666679,7.900000000000006,1.0,0.0,0.0,0.0,0.8494623655913998,0.973118279569892,-48.900000000000034,-2.333333333333334,-0.33333333333333304,69.56666666666666,0.16619721074743937,-2.333333333333334,3.666666666666666
2018-11,정읍시,1600.14389352518,1042.5,25,0,0,0.0,0,0.0,0,3,0,2.5,8.25,10.9,39.699999999999996,5,0.0,30,0.0,191.7,7,0,0.6191860465116278,0,0,0.0,0.0,0,0.0,0,3,0,2.5,8.25,10.9,39.699999999999996,5,0.0,191.7,0.6191860465116278,7,0,0.0,0.0,0.0,0.0,0.0,0.0,0.0,0.0,0.0,0.0,12.941935483870967,10.525806451612901,152.29999999999998,8.0,6.0,217.7,0.6214673137310875,5.0,1.0,2.0,0.0,1.5999999999999979,0.0,5.0,5.5,1.0,0.0,0.0,0.0,20.66,9.57,103.5,7.0,0.0,175.4,0.47099892588614395,12.0,20.0,11,7.377848837637339,0.039118815673350404,0.0,0.0,0.0,0.0,0.0,0.0,0.0,-1.333333333333333,0.0,-2.2,-0.47000000000000064,0.27777777777777857,-15.466666666666669,0.0,-1.0,14.133333333333297,0.04571855792418522,-0.33333333333333304,0.0,0.0,0.0,0.0,0.0,0.0,0.0,0.0,0.0,0.0,0.0,-1.1225806451612907,-0.24731182795698992,65.96666666666665,2.666666666666667,3.0,12.599999999999994,0.03583411051409635,-0.666666666666667,0.0,0.6666666666666667,0.0,0.6999999999999993,0.0,-2.0,-4.466666666666667,-0.33333333333333326,0.0,0.0,0.0,-0.240000000000002,0.6422222222222231,-101.76666666666665,-2.666666666666666,-3.6666666666666665,18.76666666666668,0.05029238750501919,1.333333333333334,7.0
2018-12,정읍시,2160.7951710843377,415.0,19,0,0,0.0,0,0.0,0,23,12,112.89999999999999,1.4548387096774194,8.545161290322582,34.4,5,0.0,31,0.0,153.7,10,0,0.5045961917268548,0,0,0.0,0.0,0,0.0,0,23,12,112.89999999999999,1.4548387096774194,8.545161290322582,34.4,5,0.0,153.7,0.5045961917268548,10,0,0.0,0.0,0.0,0.0,0.0,0.0,0.0,3.0,0.0,2.5,8.25,10.9,39.699999999999996,5.0,0.0,191.7,0.6191860465116278,7.0,0.0,0.0,0.0,0.0,0.0,0.0,0.0,0.0,0.0,0.0,0.0,12.941935483870967,10.525806451612901,152.29999999999998,8.0,6.0,217.7,0.6214673137310875,5.0,1.0,12,7.678231567694502,0.20269947603213723,0.0,0.0,0.0,0.0,0.0,0.0,0.0,0.6666666666666679,4.0,20.33333333333333,-0.531182795698925,-0.2430107526881713,0.5333333333333314,-0.33333333333333304,-1.0,1.0,0.003227576719097458,0.0,0.0,0.0,0.0,0.0,0.0,0.0,0.0,0.0,-1.333333333333333,0.0,-2.2,-0.47000000000000064,0.27777777777777857,-15.466666666666669,0.0,-1.0,14.133333333333297,0.04571855792418522,-0.33333333333333304,0.0,0.0,0.0,0.0,0.0,0.0,0.0,0.0,0.0,0.0,0.0,-1.1225806451612907,-0.24731182795698992,65.96666666666665,2.666666666666667,3.0,12.599999999999994,0.03583411051409635,-0.666666666666667,0.0
2019-01,정읍시,2783.7239583333335,384.0,19,0,0,0.0,0,0.0,0,30,10,130.4,0.016129032258064488,9.151612903225807,16.9,3,0.0,31,0.0,189.5,4,0,0.6075665277332479,0,0,0.0,0.0,0,0.0,0,30,10,130.4,0.016129032258064488,9.151612903225807,16.9,3,0.0,189.5,0.6075665277332479,4,0,0.0,0.0,0.0,0.0,0.0,0.0,0.0,23.0,12.0,112.89999999999999,1.4548387096774194,8.545161290322582,34.4,5.0,0.0,153.7,0.5045961917268548,10.0,0.0,0.0,0.0,0.0,0.0,0.0,0.0,0.0,3.0,0.0,2.5,8.25,10.9,39.699999999999996,5.0,0.0,191.7,0.6191860465116278,7.0,0.0,1,7.931544863640827,-0.2804495084334171,0.0,0.0,0.0,0.0,0.0,0.0,0.0,4.75,-1.5,-7.849999999999994,-0.033064516129032245,0.46370967741935587,-26.675000000000004,-3.5,-2.5,36.974999999999994,0.11894333308180982,-6.0,0.0,0.0,0.0,0.0,0.0,0.0,0.0,0.0,0.6666666666666679,4.0,20.33333333333333,-0.531182795698925,-0.2430107526881713,0.5333333333333314,-0.33333333333333304,-1.0,1.0,0.003227576719097458,0.0,0.0,0.0,0.0,0.0,0.0,0.0,0.0,0.0,-1.333333333333333,0.0,-2.2,-0.47000000000000064,0.27777777777777857,-15.466666666666669,0.0,-1.0,14.133333333333297,0.04571855792418522,-0.33333333333333304,0.0
2019-02,정읍시,1510.5138339920948,506.0,16,0,0,0.0,0,0.0,0,25,4,87.0,1.7642857142857142,9.885714285714286,33.5,2,0.0,28,0.0,164.5,7,0,0.5391674860701409,0,0,0.0,0.0,0,0.0,0,25,4,87.0,1.7642857142857142,9.885714285714286,33.5,2,0.0,164.5,0.5391674860701409,7,0,0.0,0.0,0.0,0.0,0.0,0.0,0.0,30.0,10.0,130.4,0.016129032258064488,9.151612903225807,16.9,3.0,0.0,189.5,0.6075665277332479,4.0,0.0,0.0,0.0,0.0,0.0,0.0,0.0,0.0,23.0,12.0,112.89999999999999,1.4548387096774194,8.545161290322582,34.4,5.0,0.0,153.7,0.5045961917268548,10.0,0.0,2,7.320205159336323,-0.2242073506374691,0.0,0.0,0.0,0.0,0.0,0.0,0.0,4.0,-3.25,-7.5,-0.3544950738916257,-0.20504926108374377,-8.975000000000001,-4.0,-2.0,-9.099999999999994,-0.024373947922253003,1.25,0.0,0.0,0.0,0.0,0.0,0.0,0.0,0.0,4.75,-1.5,-7.849999999999994,-0.033064516129032245,0.46370967741935587,-26.675000000000004,-3.5,-2.5,36.974999999999994,0.11894333308180982,-6.0,0.0,0.0,0.0,0.0,0.0,0.0,0.0,0.0,0.6666666666666679,4.0,20.33333333333333,-0.531182795698925,-0.2430107526881713,0.5333333333333314,-0.33333333333333304,-1.0,1.0,0.003227576719097458,0.0,0.0
2019-03,정읍시,1508.8741223671013,1994.0,25,0,0,0.0,0,0.0,0,11,0,23.5,6.858064516129032,12.309677419354836,24.5,5,0.0,31,0.0,209.9,6,0,0.5659207333513077,0,0,0.0,0.0,0,0.0,0,11,0,23.5,6.858064516129032,12.309677419354836,24.5,5,0.0,209.9,0.5659207333513077,6,0,0.0,0.0,0.0,0.0,0.0,0.0,0.0,25.0,4.0,87.0,1.7642857142857142,9.885714285714286,33.5,2.0,0.0,164.5,0.5391674860701409,7.0,0.0,0.0,0.0,0.0,0.0,0.0,0.0,0.0,30.0,10.0,130.4,0.016129032258064488,9.151612903225807,16.9,3.0,0.0,189.5,0.6075665277332479,4.0,0.0,3,7.319119037373936,-0.2521930914856174,0.0,0.0,0.0,0.0,0.0,0.0,0.0,-1.0,0.0,3.133333333333333,-0.6279569892473118,0.0010752688172033231,-30.233333333333327,-0.666666666666667,0.0,-5.033333333333303,-0.013024436062809341,-1.0,0.0,0.0,0.0,0.0,0.0,0.0,0.0,0.0,2.666666666666668,-3.666666666666667,-15.833333333333329,0.17257799671592777,-0.09244663382594354,-10.833333333333336,-3.333333333333333,-1.0,-9.433333333333309,-0.023895942559106542,2.0,0.0,0.0,0.0,0.0,0.0,0.0,0.0,0.0,4.0,0.6666666666666661,5.333333333333343,-0.18494623655913978,0.6784946236559133,-27.000000000000007,-2.666666666666667,-2.3333333333333335,35.400000000000006,0.11372226819799713,-6.0,0.0
2019-04,정읍시,1280.7608545249961,3110.5,26,0,0,0.0,0,0.0,0,4,0,2.3000000000000003,11.54,11.553333333333333,95.6,7,0.0,30,0.0,171.8,12,1,0.4373727087576375,0,0,0.0,0.0,0,0.0,0,4,0,2.3000000000000003,11.54,11.553333333333333,95.6,7,0.0,171.8,0.4373727087576375,12,1,0.0,0.0,0.0,0.0,0.0,0.0,0.0,11.0,0.0,23.5,6.858064516129032,12.309677419354836,24.5,5.0,0.0,209.9,0.5659207333513077,6.0,0.0,0.0,0.0,0.0,0.0,0.0,0.0,0.0,25.0,4.0,87.0,1.7642857142857142,9.885714285714286,33.5,2.0,0.0,164.5,0.5391674860701409,7.0,0.0,4,7.155209597915154,-0.05993721271542363,0.0,0.0,0.0,0.0,0.0,0.0,0.0,1.6666666666666665,0.0,1.0000000000000002,-0.0777777777777775,-0.716666666666665,12.999999999999986,0.666666666666667,-2.0,-49.833333333333314,-0.12640611594433288,5.0,0.6666666666666667,0.0,0.0,0.0,0.0,0.0,0.0,0.0,-1.0,0.0,3.133333333333333,-0.6279569892473118,0.0010752688172033231,-30.233333333333327,-0.666666666666667,0.0,-5.033333333333303,-0.013024436062809341,-1.0,0.0,0.0,0.0,0.0,0.0,0.0,0.0,0.0,2.666666666666668,-3.666666666666667,-15.833333333333329,0.17257799671592777,-0.09244663382594354,-10.833333333333336,-3.333333333333333,-1.0,-9.433333333333309,-0.023895942559106542,2.0,0.0
2019-05,정읍시,1545.189778597786,1897.0,26,3,0,2.5,0,0.0,0,0,0,0.0,17.835483870967742,14.151612903225807,55.5,4,0.0,31,0.0,247.5,3,2,0.5687040441176471,3,0,2.5,0.0,0,0.0,0,0,0,0.0,17.835483870967742,14.151612903225807,55.5,4,0.0,247.5,0.5687040441176471,3,2,0.0,0.0,0.0,0.0,0.0,0.0,0.0,4.0,0.0,2.3000000000000003,11.54,11.553333333333333,95.6,7.0,0.0,171.8,0.4373727087576375,12.0,1.0,0.0,0.0,0.0,0.0,0.0,0.0,0.0,11.0,0.0,23.5,6.858064516129032,12.309677419354836,24.5,5.0,0.0,209.9,0.5659207333513077,6.0,0.0,5,7.3429020158322365,0.2923230582406404,1.6666666666666667,0.0,1.6333333333333329,0.0,-0.6666666666666666,-2.1,-0.6666666666666666,0.0,0.0,0.0,-0.05053763440860237,2.0354838709677416,-20.33333333333333,-2.0,0.0,35.29999999999998,0.08141421077413385,-3.666666666666667,-0.6666666666666665,0.0,0.0,0.0,0.0,0.0,0.0,0.0,1.6666666666666665,0.0,1.0000000000000002,-0.0777777777777775,-0.716666666666665,12.999999999999986,0.666666666666667,-2.0,-49.833333333333314,-0.12640611594433288,5.0,0.6666666666666667,0.0,0.0,0.0,0.0,0.0,0.0,0.0,-1.0,0.0,3.133333333333333,-0.6279569892473118,0.0010752688172033231,-30.233333333333327,-0.666666666666667,0.0,-5.033333333333303,-0.013024436062809341,-1.0,0.0
2019-06,정읍시,1184.00209543713,1435.5,24,1,0,2.299999999999997,3,1.3000000000000007,0,0,0,0.0,20.816666666666666,10.273333333333337,71.8,5,0.0,30,0.0,159.29999999999998,10,6,0.3654507914659325,1,0,2.299999999999997,0.0,3,1.3000000000000007,0,0,0,0.0,20.816666666666666,10.273333333333337,71.8,5,0.0,159.29999999999998,0.3654507914659325,10,6,3.0,0.0,2.5,0.0,0.0,0.0,0.0,0.0,0.0,0.0,17.835483870967742,14.151612903225807,55.5,4.0,0.0,247.5,0.5687040441176471,3.0,2.0,0.0,0.0,0.0,0.0,0.0,0.0,0.0,4.0,0.0,2.3000000000000003,11.54,11.553333333333333,95.6,7.0,0.0,171.8,0.4373727087576375,12.0,1.0,6,7.076655585237258,-0.02559578712070998,-4.0,-1.0,-5.266666666666672,-2.0,-1.333333333333333,-3.3,-1.0,0.0,0.0,0.0,-1.0599999999999987,0.012222222222224133,-38.766666666666666,-1.666666666666667,-2.6666666666666665,-9.566666666666663,-0.02188601669855267,2.0,-2.0,1.6666666666666667,0.0,1.6333333333333329,0.0,-0.6666666666666666,-2.1,-0.6666666666666666,0.0,0.0,0.0,-0.05053763440860237,2.0354838709677416,-20.33333333333333,-2.0,0.0,35.29999999999998,0.08141421077413385,-3.666666666666667,-0.6666666666666665,0.0,0.0,0.0,0.0,0.0,0.0,0.0,1.6666666666666665,0.0,1.0000000000000002,-0.0777777777777775,-0.716666666666665,12.999999999999986,0.666666666666667,-2.0,-49.833333333333314,-0.12640611594433288,5.0,0.6666666666666667
2019-07,정읍시,1863.1953583801217,1674.2,27,13,2,23.4,18,56.5,14,0,0,0.0,24.770967741935483,8.022580645161291,258.8,10,3.0,31,12.0,113.9,14,10,0.2567628494138864,13,2,23.4,12.0,18,56.5,14,0,0,0.0,24.770967741935483,8.022580645161291,258.8,10,3.0,113.9,0.2567628494138864,14,10,1.0,0.0,2.299999999999997,0.0,3.0,1.3000000000000007,0.0,0.0,0.0,0.0,20.816666666666666,10.273333333333337,71.8,5.0,0.0,159.29999999999998,0.3654507914659325,10.0,6.0,3.0,0.0,2.5,0.0,0.0,0.0,0.0,0.0,0.0,0.0,17.835483870967742,14.151612903225807,55.5,4.0,0.0,247.5,0.5687040441176471,3.0,2.0,7,7.53004822735842,-0.17044065384043883,-0.3333333333333339,-4.333333333333333,-15.299999999999997,0.6666666666666661,-3.0,-0.3333333333333357,0.0,0.0,0.0,0.0,-0.14559139784946495,-0.05161290322580747,-31.33333333333337,-0.6666666666666661,-3.0,-31.03333333333333,-0.07009915862776872,0.0,-6.0,-4.0,-1.0,-5.266666666666672,-2.0,-1.333333333333333,-3.3,-1.0,0.0,0.0,0.0,-1.0599999999999987,0.012222222222224133,-38.766666666666666,-1.666666666666667,-2.6666666666666665,-9.566666666666663,-0.02188601669855267,2.0,-2.0,1.6666666666666667,0.0,1.6333333333333329,0.0,-0.6666666666666666,-2.1,-0.6666666666666666,0.0,0.0,0.0,-0.05053763440860237,2.0354838709677416,-20.33333333333333,-2.0,0.0,35.29999999999998,0.08141421077413385,-3.666666666666667,-0.6666666666666665
2019-08,정읍시,3310.4046969416127,1079.0,25,21,10,53.80000000000002,24,74.80000000000001,20,0,0,0.0,25.98709677419355,8.80967741935484,200.1,9,0.0,31,20.0,141.9,8,9,0.3393113342898135,21,10,53.80000000000002,20.0,24,74.80000000000001,20,0,0,0.0,25.98709677419355,8.80967741935484,200.1,9,0.0,141.9,0.3393113342898135,8,9,13.0,2.0,23.4,12.0,18.0,56.5,14.0,0.0,0.0,0.0,24.770967741935483,8.022580645161291,258.8,10.0,3.0,113.9,0.2567628494138864,14.0,10.0,1.0,0.0,2.299999999999997,0.0,3.0,1.3000000000000007,0.0,0.0,0.0,0.0,20.816666666666666,10.273333333333337,71.8,5.0,0.0,159.29999999999998,0.3654507914659325,10.0,6.0,8,8.104825725834404,-0.3260632478641057,-3.333333333333332,-3.666666666666666,-25.13333333333332,-2.666666666666668,-4.333333333333332,-28.19999999999999,-5.0,0.0,0.0,0.0,-1.0344086021505348,0.08279569892473049,-140.70000000000002,-1.333333333333334,-5.333333333333333,-13.133333333333326,-0.03155506089292409,-1.333333333333334,-3.333333333333334,-0.3333333333333339,-4.333333333333333,-15.299999999999997,0.6666666666666661,-3.0,-0.3333333333333357,0.0,0.0,0.0,0.0,-0.14559139784946495,-0.05161290322580747,-31.33333333333337,-0.6666666666666661,-3.0,-31.03333333333333,-0.07009915862776872,0.0,-6.0,-4.0,-1.0,-5.266666666666672,-2.0,-1.333333333333333,-3.3,-1.0,0.0,0.0,0.0,-1.0599999999999987,0.012222222222224133,-38.766666666666666,-1.666666666666667,-2.6666666666666665,-9.566666666666663,-0.02188601669855267,2.0,-2.0
2019-09,정읍시,5894.369158878505,214.0,16,1,0,0.1999999999999993,11,16.1,2,0,0,0.0,21.61,8.336666666666666,300.9,12,8.0,30,0.0,116.9,13,12,0.3135729613733906,1,0,0.1999999999999993,0.0,11,16.1,2,0,0,0.0,21.61,8.336666666666666,300.9,12,8.0,116.9,0.3135729613733906,13,12,21.0,10.0,53.80000000000002,20.0,24.0,74.80000000000001,20.0,0.0,0.0,0.0,25.98709677419355,8.80967741935484,200.1,9.0,0.0,141.9,0.3393113342898135,8.0,9.0,13.0,2.0,23.4,12.0,18.0,56.5,14.0,0.0,0.0,0.0,24.770967741935483,8.022580645161291,258.8,10.0,3.0,113.9,0.2567628494138864,14.0,10.0,9,8.68175279433229,-0.01598952352183325,-0.33333333333333326,0.0,-0.6999999999999993,0.0,4.0,6.133333333333335,0.6666666666666667,0.0,0.0,0.0,0.7099999999999973,-0.5911111111111111,95.63333333333333,2.333333333333334,4.333333333333334,-39.73333333333332,-0.10713357700773418,2.333333333333334,-1.0,-3.333333333333332,-3.666666666666666,-25.13333333333332,-2.666666666666668,-4.333333333333332,-28.19999999999999,-5.0,0.0,0.0,0.0,-1.0344086021505348,0.08279569892473049,-140.70000000000002,-1.333333333333334,-5.333333333333333,-13.133333333333326,-0.03155506089292409,-1.333333333333334,-3.333333333333334,-0.3333333333333339,-4.333333333333333,-15.299999999999997,0.6666666666666661,-3.0,-0.3333333333333357,0.0,0.0,0.0,0.0,-0.14559139784946495,-0.05161290322580747,-31.33333333333337,-0.6666666666666661,-3.0,-31.03333333333333,-0.07009915862776872,0.0,-6.0
2019-10,정읍시,4207.992633517495,1086.0,24,0,0,0.0,0,0.0,0,0,0,0.0,15.387096774193548,10.293548387096775,100.80000000000001,5,3.0,31,0.0,182.4,7,2,0.5203994293865906,0,0,0.0,0.0,0,0.0,0,0,0,0.0,15.387096774193548,10.293548387096775,100.80000000000001,5,3.0,182.4,0.5203994293865906,7,2,1.0,0.0,0.1999999999999993,0.0,11.0,16.1,2.0,0.0,0.0,0.0,21.61,8.336666666666666,300.9,12.0,8.0,116.9,0.3135729613733906,13.0,12.0,21.0,10.0,53.80000000000002,20.0,24.0,74.80000000000001,20.0,0.0,0.0,0.0,25.98709677419355,8.80967741935484,200.1,9.0,0.0,141.9,0.3393113342898135,8.0,9.0,10,8.344741003826064,0.43343701908839005,0.0,0.0,0.0,0.0,0.0,0.0,0.0,0.0,0.0,0.0,1.32258064516129,-0.47956989247311554,14.466666666666683,-0.33333333333333304,0.0,-22.69999999999999,-0.06523377383040063,1.333333333333333,1.0,-0.33333333333333326,0.0,-0.6999999999999993,0.0,4.0,6.133333333333335,0.6666666666666667,0.0,0.0,0.0,0.7099999999999973,-0.5911111111111111,95.63333333333333,2.333333333333334,4.333333333333334,-39.73333333333332,-0.10713357700773418,2.333333333333334,-1.0,-3.333333333333332,-3.666666666666666,-25.13333333333332,-2.666666666666668,-4.333333333333332,-28.19999999999999,-5.0,0.0,0.0,0.0,-1.0344086021505348,0.08279569892473049,-140.70000000000002,-1.333333333333334,-5.333333333333333,-13.133333333333326,-0.03155506089292409,-1.333333333333334,-3.333333333333334
2019-11,정읍시,2333.3510235026533,1319.0,24,0,0,0.0,0,0.0,0,6,0,10.2,9.020000000000001,11.309999999999999,56.0,4,0.0,30,0.0,175.8,6,0,0.5672797676669894,0,0,0.0,0.0,0,0.0,0,6,0,10.2,9.020000000000001,11.309999999999999,56.0,4,0.0,175.8,0.5672797676669894,6,0,0.0,0.0,0.0,0.0,0.0,0.0,0.0,0.0,0.0,0.0,15.387096774193548,10.293548387096775,100.80000000000001,5.0,3.0,182.4,0.5203994293865906,7.0,2.0,1.0,0.0,0.1999999999999993,0.0,11.0,16.1,2.0,0.0,0.0,0.0,21.61,8.336666666666666,300.9,12.0,8.0,116.9,0.3135729613733906,13.0,12.0,11,7.755060720841739,0.41633069887774976,0.0,0.0,0.0,0.0,0.0,0.0,0.0,1.666666666666667,0.0,5.499999999999999,0.3000000000000007,0.6877777777777769,0.8333333333333357,-1.0,-1.0,-1.76666666666668,-0.006187720920453166,-1.333333333333333,0.0,0.0,0.0,0.0,0.0,0.0,0.0,0.0,0.0,0.0,0.0,1.32258064516129,-0.47956989247311554,14.466666666666683,-0.33333333333333304,0.0,-22.69999999999999,-0.06523377383040063,1.333333333333333,1.0,-0.33333333333333326,0.0,-0.6999999999999993,0.0,4.0,6.133333333333335,0.6666666666666667,0.0,0.0,0.0,0.7099999999999973,-0.5911111111111111,95.63333333333333,2.333333333333334,4.333333333333334,-39.73333333333332,-0.10713357700773418,2.333333333333334,-1.0
2019-12,정읍시,2154.644128113879,562.0,18,0,0,0.0,0,0.0,0,18,3,62.800000000000004,3.435483870967742,8.899999999999999,32.3,5,0.0,31,0.0,150.2,10,0,0.49310571240971757,0,0,0.0,0.0,0,0.0,0,18,3,62.800000000000004,3.435483870967742,8.899999999999999,32.3,5,0.0,150.2,0.49310571240971757,10,0,0.0,0.0,0.0,0.0,0.0,0.0,0.0,6.0,0.0,10.2,9.020000000000001,11.309999999999999,56.0,4.0,0.0,175.8,0.5672797676669894,6.0,0.0,0.0,0.0,0.0,0.0,0.0,0.0,0.0,0.0,0.0,0.0,15.387096774193548,10.293548387096775,100.80000000000001,5.0,3.0,182.4,0.5203994293865906,7.0,2.0,12,7.675380851134925,0.19984875947255976,0.0,0.0,0.0,0.0,0.0,0.0,0.0,-4.333333333333332,-5.0,-29.76666666666666,1.4494623655913976,0.11182795698924508,-1.56666666666667,-0.33333333333333304,-1.0,-2.5,-0.008262902598039745,0.0,0.0,0.0,0.0,0.0,0.0,0.0,0.0,0.0,1.666666666666667,0.0,5.499999999999999,0.3000000000000007,0.6877777777777769,0.8333333333333357,-1.0,-1.0,-1.76666666666668,-0.006187720920453166,-1.333333333333333,0.0,0.0,0.0,0.0,0.0,0.0,0.0,0.0,0.0,0.0,0.0,1.32258064516129,-0.47956989247311554,14.466666666666683,-0.33333333333333304,0.0,-22.69999999999999,-0.06523377383040063,1.333333333333333,1.0
2020-01,정읍시,4514.739010989011,364.0,13,0,0,0.0,0,0.0,0,20,1,54.9,2.7129032258064516,8.006451612903227,73.30000000000001,7,3.0,31,0.0,108.9,15,0,0.34915036870791927,0,0,0.0,0.0,0,0.0,0,20,1,54.9,2.7129032258064516,8.006451612903227,73.30000000000001,7,3.0,108.9,0.34915036870791927,15,0,0.0,0.0,0.0,0.0,0.0,0.0,0.0,18.0,3.0,62.800000000000004,3.435483870967742,8.899999999999999,32.3,5.0,0.0,150.2,0.49310571240971757,10.0,0.0,0.0,0.0,0.0,0.0,0.0,0.0,0.0,6.0,0.0,10.2,9.020000000000001,11.309999999999999,56.0,4.0,0.0,175.8,0.5672797676669894,6.0,0.0,1,8.415102659305239,0.20310828723099483,0.0,0.0,0.0,0.0,0.0,0.0,0.0,-5.25,-10.5,-83.35,2.6637096774193547,-0.6814516129032242,29.72500000000001,0.5,0.5,-43.625,-0.13947282594351884,5.0,0.0,0.0,0.0,0.0,0.0,0.0,0.0,0.0,-4.333333333333332,-5.0,-29.76666666666666,1.4494623655913976,0.11182795698924508,-1.56666666666667,-0.33333333333333304,-1.0,-2.5,-0.008262902598039745,0.0,0.0,0.0,0.0,0.0,0.0,0.0,0.0,0.0,1.666666666666667,0.0,5.499999999999999,0.3000000000000007,0.6877777777777769,0.8333333333333357,-1.0,-1.0,-1.76666666666668,-0.006187720920453166,-1.333333333333333,0.0
2020-02,정읍시,1797.7066356228172,859.0,22,0,0,0.0,0,0.0,0,19,5,68.9,3.496551724137931,9.834482758620691,58.1,8,3.0,29,0.0,179.8,6,0,0.5686274509803922,0,0,0.0,0.0,0,0.0,0,19,5,68.9,3.496551724137931,9.834482758620691,58.1,8,3.0,179.8,0.5686274509803922,6,0,0.0,0.0,0.0,0.0,0.0,0.0,0.0,20.0,1.0,54.9,2.7129032258064516,8.006451612903227,73.30000000000001,7.0,3.0,108.9,0.34915036870791927,15.0,0.0,0.0,0.0,0.0,0.0,0.0,0.0,0.0,18.0,3.0,62.800000000000004,3.435483870967742,8.899999999999999,32.3,5.0,0.0,150.2,0.49310571240971757,10.0,0.0,2,7.494267040219178,-0.050145469754614425,0.0,0.0,0.0,0.0,0.0,0.0,0.0,-2.0,-2.25,-25.599999999999994,1.3777709359605912,-0.2562807881773388,15.625,2.0,1.0,6.200000000000017,0.005086016987998376,0.25,0.0,0.0,0.0,0.0,0.0,0.0,0.0,0.0,-5.25,-10.5,-83.35,2.6637096774193547,-0.6814516129032242,29.72500000000001,0.5,0.5,-43.625,-0.13947282594351884,5.0,0.0,0.0,0.0,0.0,0.0,0.0,0.0,0.0,-4.333333333333332,-5.0,-29.76666666666666,1.4494623655913976,0.11182795698924508,-1.56666666666667,-0.33333333333333304,-1.0,-2.5,-0.008262902598039745,0.0,0.0
2020-03,정읍시,1802.4913678618857,1882.5,25,0,0,0.0,0,0.0,0,12,0,20.900000000000002,7.351612903225806,12.367741935483869,39.1,4,0.0,31,0.0,231.4,7,0,0.6225450632230294,0,0,0.0,0.0,0,0.0,0,12,0,20.900000000000002,7.351612903225806,12.367741935483869,39.1,4,0.0,231.4,0.6225450632230294,7,0,0.0,0.0,0.0,0.0,0.0,0.0,0.0,19.0,5.0,68.9,3.496551724137931,9.834482758620691,58.1,8.0,3.0,179.8,0.5686274509803922,6.0,0.0,0.0,0.0,0.0,0.0,0.0,0.0,0.0,20.0,1.0,54.9,2.7129032258064516,8.006451612903227,73.30000000000001,7.0,3.0,108.9,0.34915036870791927,15.0,0.0,3,7.496925080166713,-0.07438704869283974,0.0,0.0,0.0,0.0,0.0,0.0,0.0,0.0,0.0,0.533333333333335,-0.13440860215053707,0.05913978494623606,-15.633333333333326,-1.666666666666667,0.0,16.466666666666697,0.04359989380891238,0.0,0.0,0.0,0.0,0.0,0.0,0.0,0.0,0.0,-3.333333333333332,-2.666666666666667,-33.93333333333332,1.9048440065681447,-0.14367816091953856,13.766666666666666,2.666666666666667,2.0,5.866666666666703,0.005564022351144837,1.0,0.0,0.0,0.0,0.0,0.0,0.0,0.0,0.0,-6.0,-8.333333333333334,-70.16666666666666,2.511827956989247,-0.4666666666666668,29.400000000000006,1.333333333333333,0.6666666666666665,-45.19999999999999,-0.14469389082733153,5.0,0.0
2020-04,정읍시,1145.4490861646234,2855.0,26,0,0,0.0,0,0.0,0,2,0,0.8999999999999999,9.93,12.633333333333331,34.5,4,0.0,30,0.0,273.9,2,0,0.6960609911054637,0,0,0.0,0.0,0,0.0,0,2,0,0.8999999999999999,9.93,12.633333333333331,34.5,4,0.0,273.9,0.6960609911054637,2,0,0.0,0.0,0.0,0.0,0.0,0.0,0.0,12.0,0.0,20.900000000000002,7.351612903225806,12.367741935483869,39.1,4.0,0.0,231.4,0.6225450632230294,7.0,0.0,0.0,0.0,0.0,0.0,0.0,0.0,0.0,19.0,5.0,68.9,3.496551724137931,9.834482758620691,58.1,8.0,3.0,179.8,0.5686274509803922,6.0,0.0,4,7.043552054083084,-0.1715947565474938,0.0,0.0,0.0,0.0,0.0,0.0,0.0,-0.3333333333333335,0.0,-0.40000000000000013,-1.687777777777777,0.3633333333333333,-48.10000000000001,-2.333333333333333,-2.0,52.26666666666665,0.13228216640349333,-5.0,-0.3333333333333333,0.0,0.0,0.0,0.0,0.0,0.0,0.0,0.0,0.0,0.533333333333335,-0.13440860215053707,0.05913978494623606,-15.633333333333326,-1.666666666666667,0.0,16.466666666666697,0.04359989380891238,0.0,0.0,0.0,0.0,0.0,0.0,0.0,0.0,0.0,-3.333333333333332,-2.666666666666667,-33.93333333333332,1.9048440065681447,-0.14367816091953856,13.766666666666666,2.666666666666667,2.0,5.866666666666703,0.005564022351144837,1.0,0.0
2020-05,정읍시,979.9426397539706,2568.8,26,0,0,0.0,0,0.0,0,0,0,0.0,17.70967741935484,10.625806451612904,86.10000000000001,7,0.0,31,0.0,188.1,10,0,0.4315209910529938,0,0,0.0,0.0,0,0.0,0,0,0,0.0,17.70967741935484,10.625806451612904,86.10000000000001,7,0.0,188.1,0.4315209910529938,10,0,0.0,0.0,0.0,0.0,0.0,0.0,0.0,2.0,0.0,0.8999999999999999,9.93,12.633333333333331,34.5,4.0,0.0,273.9,0.6960609911054637,2.0,0.0,0.0,0.0,0.0,0.0,0.0,0.0,0.0,12.0,0.0,20.900000000000002,7.351612903225806,12.367741935483869,39.1,4.0,0.0,231.4,0.6225450632230294,7.0,0.0,5,6.887494039088325,-0.16308491850327123,-1.3333333333333333,0.0,-0.8666666666666671,0.0,-0.6666666666666666,-2.1,-0.6666666666666666,0.0,0.0,0.0,-0.17634408602150486,-1.4903225806451612,10.26666666666668,1.0,0.0,-24.100000000000023,-0.05576884229051943,3.333333333333333,-2.6666666666666665,0.0,0.0,0.0,0.0,0.0,0.0,0.0,-0.3333333333333335,0.0,-0.40000000000000013,-1.687777777777777,0.3633333333333333,-48.10000000000001,-2.333333333333333,-2.0,52.26666666666665,0.13228216640349333,-5.0,-0.3333333333333333,0.0,0.0,0.0,0.0,0.0,0.0,0.0,0.0,0.0,0.533333333333335,-0.13440860215053707,0.05913978494623606,-15.633333333333326,-1.666666666666667,0.0,16.466666666666697,0.04359989380891238,0.0,0.0
2020-06,정읍시,1705.884191236053,1604.3,26,7,2,11.900000000000002,5,4.299999999999997,2,0,0,0.0,22.516666666666666,9.726666666666667,109.6,10,5.0,30,3.0,141.1,9,6,0.32362385321100917,7,2,11.900000000000002,3.0,5,4.299999999999997,2,0,0,0.0,22.516666666666666,9.726666666666667,109.6,10,5.0,141.1,0.32362385321100917,9,6,0.0,0.0,0.0,0.0,0.0,0.0,0.0,0.0,0.0,0.0,17.70967741935484,10.625806451612904,86.10000000000001,7.0,0.0,188.1,0.4315209910529938,10.0,0.0,0.0,0.0,0.0,0.0,0.0,0.0,0.0,2.0,0.0,0.8999999999999999,9.93,12.633333333333331,34.5,4.0,0.0,273.9,0.6960609911054637,2.0,0.0,6,7.441838842532949,0.3395874701749806,2.0,1.0,4.333333333333333,1.0,0.666666666666667,-0.3000000000000034,1.0,0.0,0.0,0.0,0.6400000000000006,-0.5344444444444463,-0.9666666666666686,3.333333333333333,2.3333333333333335,-27.76666666666665,-0.06371295495347601,1.0,-2.0,-1.3333333333333333,0.0,-0.8666666666666671,0.0,-0.6666666666666666,-2.1,-0.6666666666666666,0.0,0.0,0.0,-0.17634408602150486,-1.4903225806451612,10.26666666666668,1.0,0.0,-24.100000000000023,-0.05576884229051943,3.333333333333333,-2.6666666666666665,0.0,0.0,0.0,0.0,0.0,0.0,0.0,-0.3333333333333335,0.0,-0.40000000000000013,-1.687777777777777,0.3633333333333333,-48.10000000000001,-2.333333333333333,-2.0,52.26666666666665,0.13228216640349333,-5.0,-0.3333333333333333
2020-07,정읍시,2396.2479212999497,2787.8,27,3,0,1.5000000000000036,16,23.90000000000001,4,0,0,0.0,22.94,6.641935483870968,465.8,18,15.0,31,0.0,63.8,22,14,0.14398555630783116,3,0,1.5000000000000036,0.0,16,23.90000000000001,4,0,0,0.0,22.94,6.641935483870968,465.8,18,15.0,63.8,0.14398555630783116,22,14,7.0,2.0,11.900000000000002,3.0,5.0,4.299999999999997,2.0,0.0,0.0,0.0,22.516666666666666,9.726666666666667,109.6,10.0,5.0,141.1,0.32362385321100917,9.0,6.0,0.0,0.0,0.0,0.0,0.0,0.0,0.0,0.0,0.0,0.0,17.70967741935484,10.625806451612904,86.10000000000001,7.0,0.0,188.1,0.4315209910529938,10.0,0.0,7,7.781659426879019,0.08117054568015991,-10.333333333333334,-6.333333333333333,-37.19999999999999,-11.333333333333334,-5.0,-32.93333333333332,-10.0,0.0,0.0,0.0,-1.9765591397849462,-1.4322580645161302,175.66666666666663,7.333333333333334,9.0,-81.13333333333334,-0.18287645173382394,8.0,-2.0,2.0,1.0,4.333333333333333,1.0,0.666666666666667,-0.3000000000000034,1.0,0.0,0.0,0.0,0.6400000000000006,-0.5344444444444463,-0.9666666666666686,3.333333333333333,2.3333333333333335,-27.76666666666665,-0.06371295495347601,1.0,-2.0,-1.3333333333333333,0.0,-0.8666666666666671,0.0,-0.6666666666666666,-2.1,-0.6666666666666666,0.0,0.0,0.0,-0.17634408602150486,-1.4903225806451612,10.26666666666668,1.0,0.0,-24.100000000000023,-0.05576884229051943,3.333333333333333,-2.6666666666666665
2020-08,정읍시,5909.083458797125,3297.1,25,27,10,61.300000000000004,31,123.3,29,0,0,0.0,27.206451612903226,7.670967741935484,530.4,14,11.0,31,25.0,98.6,13,12,0.23622424532822234,27,10,61.300000000000004,25.0,31,123.3,29,0,0,0.0,27.206451612903226,7.670967741935484,530.4,14,11.0,98.6,0.23622424532822234,13,12,3.0,0.0,1.5000000000000036,0.0,16.0,23.90000000000001,4.0,0.0,0.0,0.0,22.94,6.641935483870968,465.8,18.0,15.0,63.8,0.14398555630783116,22.0,14.0,7.0,2.0,11.900000000000002,3.0,5.0,4.299999999999997,2.0,0.0,0.0,0.0,22.516666666666666,9.726666666666667,109.6,10.0,5.0,141.1,0.32362385321100917,9.0,6.0,8,8.68424601525966,0.25335704156115035,2.666666666666668,-3.666666666666666,-17.633333333333333,2.333333333333332,2.666666666666668,20.299999999999997,4.0,0.0,0.0,0.0,0.1849462365591421,-1.0559139784946252,189.59999999999997,3.666666666666666,5.666666666666667,-56.43333333333334,-0.13464214985451528,3.666666666666666,-0.3333333333333339,-10.333333333333334,-6.333333333333333,-37.19999999999999,-11.333333333333334,-5.0,-32.93333333333332,-10.0,0.0,0.0,0.0,-1.9765591397849462,-1.4322580645161302,175.66666666666663,7.333333333333334,9.0,-81.13333333333334,-0.18287645173382394,8.0,-2.0,2.0,1.0,4.333333333333333,1.0,0.666666666666667,-0.3000000000000034,1.0,0.0,0.0,0.0,0.6400000000000006,-0.5344444444444463,-0.9666666666666686,3.333333333333333,2.3333333333333335,-27.76666666666665,-0.06371295495347601,1.0,-2.0
2020-09,정읍시,4036.4067452380955,1680.0,26,1,0,0.8999999999999986,5,8.299999999999997,1,0,0,0.0,20.43,8.876666666666665,211.4,10,3.0,30,0.0,177.6,7,7,0.47754772788383976,1,0,0.8999999999999986,0.0,5,8.299999999999997,1,0,0,0.0,20.43,8.876666666666665,211.4,10,3.0,177.6,0.47754772788383976,7,7,27.0,10.0,61.300000000000004,25.0,31.0,123.3,29.0,0.0,0.0,0.0,27.206451612903226,7.670967741935484,530.4,14.0,11.0,98.6,0.23622424532822234,13.0,12.0,3.0,0.0,1.5000000000000036,0.0,16.0,23.90000000000001,4.0,0.0,0.0,0.0,22.94,6.641935483870968,465.8,18.0,15.0,63.8,0.14398555630783116,22.0,14.0,9,8.303110155691469,-0.3946321621626545,-0.33333333333333326,0.0,0.0,0.0,-2.0,-1.6666666666666696,-0.33333333333333326,0.0,0.0,0.0,-0.4700000000000024,-0.051111111111111995,6.133333333333354,0.3333333333333339,-0.6666666666666665,20.96666666666667,0.056841189502714995,-3.666666666666666,-6.0,2.666666666666668,-3.666666666666666,-17.633333333333333,2.333333333333332,2.666666666666668,20.299999999999997,4.0,0.0,0.0,0.0,0.1849462365591421,-1.0559139784946252,189.59999999999997,3.666666666666666,5.666666666666667,-56.43333333333334,-0.13464214985451528,3.666666666666666,-0.3333333333333339,-10.333333333333334,-6.333333333333333,-37.19999999999999,-11.333333333333334,-5.0,-32.93333333333332,-10.0,0.0,0.0,0.0,-1.9765591397849462,-1.4322580645161302,175.66666666666663,7.333333333333334,9.0,-81.13333333333334,-0.18287645173382394,8.0,-2.0
2020-10,정읍시,1722.6041588541666,1152.0,22,0,0,0.0,0,0.0,0,0,0,0.0,13.864516129032259,11.499999999999998,5.9,3,0.0,31,0.0,215.2,5,0,0.6150328665332953,0,0,0.0,0.0,0,0.0,0,0,0,0.0,13.864516129032259,11.499999999999998,5.9,3,0.0,215.2,0.6150328665332953,5,0,1.0,0.0,0.8999999999999986,0.0,5.0,8.299999999999997,1.0,0.0,0.0,0.0,20.43,8.876666666666665,211.4,10.0,3.0,177.6,0.47754772788383976,7.0,7.0,27.0,10.0,61.300000000000004,25.0,31.0,123.3,29.0,0.0,0.0,0.0,27.206451612903226,7.670967741935484,530.4,14.0,11.0,98.6,0.23622424532822234,13.0,12.0,10,7.451592470641121,-0.4597115140965524,0.0,0.0,0.0,0.0,0.0,0.0,0.0,0.0,0.0,0.0,-0.1999999999999993,0.7268817204301072,-80.43333333333332,-2.333333333333333,-3.0,10.099999999999994,0.02939966331630406,-0.666666666666667,-1.0,-0.33333333333333326,0.0,0.0,0.0,-2.0,-1.6666666666666696,-0.33333333333333326,0.0,0.0,0.0,-0.4700000000000024,-0.051111111111111995,6.133333333333354,0.3333333333333339,-0.6666666666666665,20.96666666666667,0.056841189502714995,-3.666666666666666,-6.0,2.666666666666668,-3.666666666666666,-17.633333333333333,2.333333333333332,2.666666666666668,20.299999999999997,4.0,0.0,0.0,0.0,0.1849462365591421,-1.0559139784946252,189.59999999999997,3.666666666666666,5.666666666666667,-56.43333333333334,-0.13464214985451528,3.666666666666666,-0.3333333333333339
2020-11,정읍시,975.822307073367,2734.2,25,0,0,0.0,0,0.0,0,4,0,1.4,8.889999999999999,9.656666666666666,69.8,6,3.0,30,0.0,165.2,9,0,0.5339366515837104,0,0,0.0,0.0,0,0.0,0,4,0,1.4,8.889999999999999,9.656666666666666,69.8,6,3.0,165.2,0.5339366515837104,9,0,0.0,0.0,0.0,0.0,0.0,0.0,0.0,0.0,0.0,0.0,13.864516129032259,11.499999999999998,5.9,3.0,0.0,215.2,0.6150328665332953,5.0,0.0,1.0,0.0,0.8999999999999986,0.0,5.0,8.299999999999997,1.0,0.0,0.0,0.0,20.43,8.876666666666665,211.4,10.0,3.0,177.6,0.47754772788383976,7.0,7.0,11,6.883280507412889,-0.45544951455110017,0.0,0.0,0.0,0.0,0.0,0.0,0.0,-0.33333333333333304,0.0,-3.3000000000000003,0.16999999999999815,-0.9655555555555555,14.633333333333333,1.0,2.0,-12.366666666666703,-0.03953083700373217,1.666666666666667,0.0,0.0,0.0,0.0,0.0,0.0,0.0,0.0,0.0,0.0,0.0,-0.1999999999999993,0.7268817204301072,-80.43333333333332,-2.333333333333333,-3.0,10.099999999999994,0.02939966331630406,-0.666666666666667,-1.0,-0.33333333333333326,0.0,0.0,0.0,-2.0,-1.6666666666666696,-0.33333333333333326,0.0,0.0,0.0,-0.4700000000000024,-0.051111111111111995,6.133333333333354,0.3333333333333339,-0.6666666666666665,20.96666666666667,0.056841189502714995,-3.666666666666666,-6.0
2020-12,정읍시,1179.662731871838,2075.5,24,0,0,0.0,0,0.0,0,26,9,102.0,1.067741935483871,8.919354838709678,34.9,6,3.0,31,0.0,154.2,10,0,0.5064039408866995,0,0,0.0,0.0,0,0.0,0,26,9,102.0,1.067741935483871,8.919354838709678,34.9,6,3.0,154.2,0.5064039408866995,10,0,0.0,0.0,0.0,0.0,0.0,0.0,0.0,4.0,0.0,1.4,8.889999999999999,9.656666666666666,69.8,6.0,3.0,165.2,0.5339366515837104,9.0,0.0,0.0,0.0,0.0,0.0,0.0,0.0,0.0,0.0,0.0,0.0,13.864516129032259,11.499999999999998,5.9,3.0,0.0,215.2,0.6150328665332953,5.0,0.0,12,7.072983856157666,-0.40254823550469876,0.0,0.0,0.0,0.0,0.0,0.0,0.0,3.666666666666668,1.0,9.433333333333337,-0.9182795698924733,0.13118279569892444,1.0333333333333314,0.666666666666667,2.0,1.5,0.005035325878942176,0.0,0.0,0.0,0.0,0.0,0.0,0.0,0.0,0.0,-0.33333333333333304,0.0,-3.3000000000000003,0.16999999999999815,-0.9655555555555555,14.633333333333333,1.0,2.0,-12.366666666666703,-0.03953083700373217,1.666666666666667,0.0,0.0,0.0,0.0,0.0,0.0,0.0,0.0,0.0,0.0,0.0,-0.1999999999999993,0.7268817204301072,-80.43333333333332,-2.333333333333333,-3.0,10.099999999999994,0.02939966331630406,-0.666666666666667,-1.0
2021-01,정읍시,4615.553064275037,669.0,17,0,0,0.0,0,0.0,0,23,18,177.8,-0.4064516129032258,9.332258064516129,42.6,9,3.0,31,0.0,147.8,10,0,0.47296000000000005,0,0,0.0,0.0,0,0.0,0,23,18,177.8,-0.4064516129032258,9.332258064516129,42.6,9,3.0,147.8,0.47296000000000005,10,0,0.0,0.0,0.0,0.0,0.0,0.0,0.0,26.0,9.0,102.0,1.067741935483871,8.919354838709678,34.9,6.0,3.0,154.2,0.5064039408866995,10.0,0.0,0.0,0.0,0.0,0.0,0.0,0.0,0.0,4.0,0.0,1.4,8.889999999999999,9.656666666666666,69.8,6.0,3.0,165.2,0.5339366515837104,9.0,0.0,1,8.437186980336284,0.22519260826203968,0.0,0.0,0.0,0.0,0.0,0.0,0.0,-2.25,6.5,39.55000000000001,-0.4556451612903225,0.6443548387096776,-0.9750000000000014,2.5,0.5,-4.724999999999994,-0.01566319465143806,0.0,0.0,0.0,0.0,0.0,0.0,0.0,0.0,0.0,3.666666666666668,1.0,9.433333333333337,-0.9182795698924733,0.13118279569892444,1.0333333333333314,0.666666666666667,2.0,1.5,0.005035325878942176,0.0,0.0,0.0,0.0,0.0,0.0,0.0,0.0,0.0,-0.33333333333333304,0.0,-3.3000000000000003,0.16999999999999815,-0.9655555555555555,14.633333333333333,1.0,2.0,-12.366666666666703,-0.03953083700373217,1.666666666666667,0.0
2021-02,정읍시,2083.1317672927166,2183.0,20,0,0,0.0,0,0.0,0,17,6,69.5,3.6999999999999997,10.428571428571427,36.9,8,5.0,28,0.0,172.6,8,0,0.564975450081833,0,0,0.0,0.0,0,0.0,0,17,6,69.5,3.6999999999999997,10.428571428571427,36.9,8,5.0,172.6,0.564975450081833,8,0,0.0,0.0,0.0,0.0,0.0,0.0,0.0,23.0,18.0,177.8,-0.4064516129032258,9.332258064516129,42.6,9.0,3.0,147.8,0.47296000000000005,10.0,0.0,0.0,0.0,0.0,0.0,0.0,0.0,0.0,26.0,9.0,102.0,1.067741935483871,8.919354838709678,34.9,6.0,3.0,154.2,0.5064039408866995,10.0,0.0,2,7.641627697682094,0.09721518770830162,0.0,0.0,0.0,0.0,0.0,0.0,0.0,-4.0,-1.25,-25.0,1.5812192118226598,0.33780788177339716,-5.575000000000003,2.0,3.0,-1.0,0.0014340160894391607,2.25,0.0,0.0,0.0,0.0,0.0,0.0,0.0,0.0,-2.25,6.5,39.55000000000001,-0.4556451612903225,0.6443548387096776,-0.9750000000000014,2.5,0.5,-4.724999999999994,-0.01566319465143806,0.0,0.0,0.0,0.0,0.0,0.0,0.0,0.0,0.0,3.666666666666668,1.0,9.433333333333337,-0.9182795698924733,0.13118279569892444,1.0333333333333314,0.666666666666667,2.0,1.5,0.005035325878942176,0.0,0.0
2018-01,부안군,3180.194805194805,308.0,7,0,0,0.0,0,0.0,0,27,14,178.19999999999996,-1.696774193548387,8.435483870967742,34.6,6,4.0,31,0.0,148.1,11,0,0.47483167681949345,0,0,0.0,0.0,0,0.0,0,27,14,178.19999999999996,-1.696774193548387,8.435483870967742,34.6,6,4.0,148.1,0.47483167681949345,11,0,,,,,,,,,,,,,,,,,,,,,,,,,,,,,,,,,,,,,,,1,8.064697733393158,-0.0895099035443323,0.0,0.0,0.0,0.0,0.0,0.0,0.0,1.75,3.5,48.37499999999997,-2.210483870967742,-0.5112903225806438,-4.174999999999997,0.75,2.25,1.549999999999983,0.0047133818150206785,0.5,0.0,,,,,,,,,,,,,,,,,,,,,,,,,,,,,,,,,,,,,,
2018-02,부안군,2250.919117647059,544.0,12,0,0,0.0,0,0.0,0,25,12,142.00000000000003,-0.2571428571428572,9.882142857142856,31.5,5,0.0,28,0.0,165.5,4,0,0.54280091833388,0,0,0.0,0.0,0,0.0,0,25,12,142.00000000000003,-0.2571428571428572,9.882142857142856,31.5,5,0.0,165.5,0.54280091833388,4,0,0.0,0.0,0.0,0.0,0.0,0.0,0.0,27.0,14.0,178.19999999999996,-1.696774193548387,8.435483870967742,34.6,6.0,4.0,148.1,0.47483167681949345,11.0,0.0,,,,,,,,,,,,,,,,,,,,2,7.719093908518417,0.11106766824820102,0.0,0.0,0.0,0.0,0.0,0.0,0.0,4.0,5.75,58.87500000000003,-2.737161330049261,0.0027401477832498244,-3.2250000000000014,-0.5,-1.75,-7.175000000000011,-0.017837697395537755,-1.75,0.0,0.0,0.0,0.0,0.0,0.0,0.0,0.0,1.75,3.5,48.37499999999997,-2.210483870967742,-0.5112903225806438,-4.174999999999997,0.75,2.25,1.549999999999983,0.0047133818150206785,0.5,0.0,,,,,,,,,,,,,,,,,,,
2018-03,부안군,2626.45966029724,1884.0,24,0,0,0.0,0,0.0,0,7,0,10.400000000000002,7.800000000000001,11.19677419354839,98.5,8,0.0,31,0.0,194.4,10,0,0.5238480194017785,0,0,0.0,0.0,0,0.0,0,7,0,10.400000000000002,7.800000000000001,11.19677419354839,98.5,8,0.0,194.4,0.5238480194017785,10,0,0.0,0.0,0.0,0.0,0.0,0.0,0.0,25.0,12.0,142.00000000000003,-0.2571428571428572,9.882142857142856,31.5,5.0,0.0,165.5,0.54280091833388,4.0,0.0,0.0,0.0,0.0,0.0,0.0,0.0,0.0,27.0,14.0,178.19999999999996,-1.696774193548387,8.435483870967742,34.6,6.0,4.0,148.1,0.47483167681949345,11.0,0.0,3,7.873392081546673,0.15422486154966464,0.0,0.0,0.0,0.0,0.0,0.0,0.0,-1.333333333333334,0.0,-1.8666666666666654,0.3204301075268816,-0.21075268817203963,48.166666666666664,2.333333333333333,0.0,-20.30000000000001,-0.0545318029498173,2.666666666666667,0.0,0.0,0.0,0.0,0.0,0.0,0.0,0.0,2.333333333333332,5.0,50.73333333333336,-2.1864532019704432,0.17270114942528636,-7.033333333333331,0.0,-1.0,-7.833333333333343,-0.018526136495570555,-1.333333333333333,0.0,0.0,0.0,0.0,0.0,0.0,0.0,0.0,1.3333333333333321,5.333333333333334,61.59999999999998,-2.3763440860215055,-0.29569892473118387,-6.233333333333334,1.0,1.6666666666666665,-2.3666666666666742,-0.007975622502709556,1.0,0.0
2018-04,부안군,2851.543541755889,1868.0,23,0,0,0.0,0,0.0,0,0,0,0.0,12.870000000000001,11.556666666666667,124.6,9,6.0,30,0.0,217.1,9,0,0.5524173027989822,0,0,0.0,0.0,0,0.0,0,0,0,0.0,12.870000000000001,11.556666666666667,124.6,9,6.0,217.1,0.5524173027989822,9,0,0.0,0.0,0.0,0.0,0.0,0.0,0.0,7.0,0.0,10.400000000000002,7.800000000000001,11.19677419354839,98.5,8.0,0.0,194.4,0.5238480194017785,10.0,0.0,0.0,0.0,0.0,0.0,0.0,0.0,0.0,25.0,12.0,142.00000000000003,-0.2571428571428572,9.882142857142856,31.5,5.0,0.0,165.5,0.54280091833388,4.0,0.0,4,7.955615720252373,0.15173896685217247,0.0,0.0,0.0,0.0,0.0,0.0,0.0,-0.3333333333333333,0.0,-0.3666666666666667,1.2244444444444458,0.242222222222221,40.83333333333333,1.666666666666667,1.666666666666667,-11.0,-0.027784449794437505,2.333333333333333,0.0,0.0,0.0,0.0,0.0,0.0,0.0,0.0,-1.333333333333334,0.0,-1.8666666666666654,0.3204301075268816,-0.21075268817203963,48.166666666666664,2.333333333333333,0.0,-20.30000000000001,-0.0545318029498173,2.666666666666667,0.0,0.0,0.0,0.0,0.0,0.0,0.0,0.0,2.333333333333332,5.0,50.73333333333336,-2.1864532019704432,0.17270114942528636,-7.033333333333331,0.0,-1.0,-7.833333333333343,-0.018526136495570555,-1.333333333333333,0.0
2018-05,부안군,1726.0,500.0,7,0,0,0.0,2,5.599999999999998,1,0,0,0.0,17.903225806451612,10.729032258064516,112.5,10,3.0,31,0.0,184.6,11,0,0.4236860224925407,0,0,0.0,0.0,2,5.599999999999998,1,0,0,0.0,17.903225806451612,10.729032258064516,112.5,10,3.0,184.6,0.4236860224925407,11,0,0.0,0.0,0.0,0.0,0.0,0.0,0.0,0.0,0.0,0.0,12.870000000000001,11.556666666666667,124.6,9.0,6.0,217.1,0.5524173027989822,9.0,0.0,0.0,0.0,0.0,0.0,0.0,0.0,0.0,7.0,0.0,10.400000000000002,7.800000000000001,11.19677419354839,98.5,8.0,0.0,194.4,0.5238480194017785,10.0,0.0,5,7.453561871643373,-0.3027501158282746,-0.6666666666666666,0.0,-0.36666666666666714,0.0,1.3333333333333335,3.7333333333333316,0.6666666666666667,0.0,0.0,0.0,0.08709677419354733,-0.37741935483871103,17.466666666666654,3.333333333333333,1.0,-44.93333333333334,-0.10300222426388683,3.333333333333333,-0.6666666666666666,0.0,0.0,0.0,0.0,0.0,0.0,0.0,-0.3333333333333333,0.0,-0.3666666666666667,1.2244444444444458,0.242222222222221,40.83333333333333,1.666666666666667,1.666666666666667,-11.0,-0.027784449794437505,2.333333333333333,0.0,0.0,0.0,0.0,0.0,0.0,0.0,0.0,-1.333333333333334,0.0,-1.8666666666666654,0.3204301075268816,-0.21075268817203963,48.166666666666664,2.333333333333333,0.0,-20.30000000000001,-0.0545318029498173,2.666666666666667,0.0
2018-06,부안군,2282.608695652174,644.0,12,6,1,8.100000000000001,5,8.3,2,0,0,0.0,22.373333333333335,9.496666666666668,105.0,6,3.0,30,4.0,204.4,4,6,0.46816307833256987,6,1,8.100000000000001,4.0,5,8.3,2,0,0,0.0,22.373333333333335,9.496666666666668,105.0,6,3.0,204.4,0.46816307833256987,4,6,0.0,0.0,0.0,0.0,2.0,5.599999999999998,1.0,0.0,0.0,0.0,17.903225806451612,10.729032258064516,112.5,10.0,3.0,184.6,0.4236860224925407,11.0,0.0,0.0,0.0,0.0,0.0,0.0,0.0,0.0,0.0,0.0,0.0,12.870000000000001,11.556666666666667,124.6,9.0,6.0,217.1,0.5524173027989822,9.0,0.0,6,7.733074232650566,-0.26325122101535925,0.5,0.5,-0.3999999999999968,0.5,-2.0,1.1500000000000004,0.5,0.0,0.0,0.0,0.0,0.6766666666666676,-26.30000000000001,-1.5,-1.0,9.099999999999994,0.02089170632909687,-3.0,-5.0,0.0,0.0,0.0,0.0,1.0,2.799999999999999,0.5,0.0,0.0,0.0,0.1435483870967751,0.4225806451612897,0.29999999999999716,2.0,1.5,-10.0,-0.022682435796370637,1.0,-1.0,0.0,0.0,0.0,0.0,0.0,0.0,0.0,0.0,0.0,0.0,1.2633333333333336,0.19333333333333336,51.2,2.5,1.5,-26.299999999999983,-0.06648512242515947,3.0,0.0
2018-07,부안군,5026.2430939226515,724.0,14,24,16,91.19999999999999,30,110.79999999999998,25,0,0,0.0,27.37741935483871,8.893548387096773,258.2,5,0.0,31,22.0,261.1,6,5,0.5883280757097792,24,16,91.19999999999999,22.0,30,110.79999999999998,25,0,0,0.0,27.37741935483871,8.893548387096773,258.2,5,0.0,261.1,0.5883280757097792,6,5,6.0,1.0,8.100000000000001,4.0,5.0,8.3,2.0,0.0,0.0,0.0,22.373333333333335,9.496666666666668,105.0,6.0,3.0,204.4,0.46816307833256987,4.0,6.0,0.0,0.0,0.0,0.0,2.0,5.599999999999998,1.0,0.0,0.0,0.0,17.903225806451612,10.729032258064516,112.5,10.0,3.0,184.6,0.4236860224925407,11.0,0.0,7,8.522428084208581,0.25094451912247706,10.333333333333334,9.333333333333332,51.033333333333324,10.333333333333334,6.666666666666668,43.16666666666666,10.666666666666666,0.0,0.0,0.0,2.133333333333333,1.2623655913978498,-72.9666666666667,-6.666666666666666,-5.666666666666667,86.96666666666667,0.1959451760768533,-6.666666666666666,-8.0,1.666666666666667,0.6666666666666667,2.066666666666669,1.6666666666666665,0.33333333333333304,3.533333333333334,1.0,0.0,0.0,0.0,1.4814336917562763,-0.6188172043010756,-2.7666666666666515,-0.33333333333333304,-0.6666666666666665,-25.599999999999994,-0.05912711090023215,-1.666666666666667,-1.333333333333333,0.0,0.0,0.0,0.0,1.3333333333333335,3.7333333333333316,0.6666666666666667,-0.3333333333333333,0.0,-0.3666666666666667,2.1556630824372753,0.11917562724014275,2.8666666666666742,1.666666666666666,0.6666666666666665,-10.966666666666697,-0.041493085477392,1.666666666666666,-0.6666666666666666
2018-08,부안군,6750.0,40.0,1,26,21,120.89999999999999,30,135.79999999999998,27,0,0,0.0,28.164516129032258,8.974193548387095,299.5,9,3.0,31,26.0,233.9,8,5,0.5593017694882831,26,21,120.89999999999999,26.0,30,135.79999999999998,27,0,0,0.0,28.164516129032258,8.974193548387095,299.5,9,3.0,233.9,0.5593017694882831,8,5,24.0,16.0,91.19999999999999,22.0,30.0,110.79999999999998,25.0,0.0,0.0,0.0,27.37741935483871,8.893548387096773,258.2,5.0,0.0,261.1,0.5883280757097792,6.0,5.0,6.0,1.0,8.100000000000001,4.0,5.0,8.3,2.0,0.0,0.0,0.0,22.373333333333335,9.496666666666668,105.0,6.0,3.0,204.4,0.46816307833256987,4.0,6.0,8,8.817297783866575,-0.07268649861500265,1.3333333333333321,8.333333333333334,40.89999999999999,2.666666666666668,0.6666666666666679,12.033333333333331,0.33333333333333215,0.0,0.0,0.0,0.7763440860215063,0.8354838709677406,16.666666666666686,-1.0,-0.3333333333333335,20.366666666666674,0.04862596237363104,-1.0,-8.333333333333334,10.333333333333334,9.333333333333332,51.033333333333324,10.333333333333334,6.666666666666668,43.16666666666666,10.666666666666666,0.0,0.0,0.0,2.133333333333333,1.2623655913978498,-72.9666666666667,-6.666666666666666,-5.666666666666667,86.96666666666667,0.1959451760768533,-6.666666666666666,-8.0,1.666666666666667,0.6666666666666667,2.066666666666669,1.6666666666666665,0.33333333333333304,3.533333333333334,1.0,0.0,0.0,0.0,1.4814336917562763,-0.6188172043010756,-2.7666666666666515,-0.33333333333333304,-0.6666666666666665,-25.599999999999994,-0.05912711090023215,-1.666666666666667,-1.333333333333333
2018-09,부안군,10113.475177304965,564.0,15,2,0,2.900000000000002,8,9.2,2,0,0,0.0,21.313333333333333,9.610000000000001,67.0,5,0.0,30,0.0,179.3,11,6,0.48121309715512617,2,0,2.900000000000002,0.0,8,9.2,2,0,0,0.0,21.313333333333333,9.610000000000001,67.0,5,0.0,179.3,0.48121309715512617,11,6,26.0,21.0,120.89999999999999,26.0,30.0,135.79999999999998,27.0,0.0,0.0,0.0,28.164516129032258,8.974193548387095,299.5,9.0,3.0,233.9,0.5593017694882831,8.0,5.0,24.0,16.0,91.19999999999999,22.0,30.0,110.79999999999998,25.0,0.0,0.0,0.0,27.37741935483871,8.893548387096773,258.2,5.0,0.0,261.1,0.5883280757097792,6.0,5.0,9,9.22162398957821,0.651133899458797,0.0,0.0,0.7000000000000011,0.0,-2.5,-5.8000000000000025,-0.5,0.0,0.0,0.0,-0.43333333333333357,0.5099999999999998,-88.0,-3.5,-4.0,9.650000000000006,0.02601427389945149,-0.5,-6.0,2.0,4.0,27.049999999999997,3.0,1.5,18.69999999999999,1.5,0.0,0.0,0.0,0.7032258064516128,0.20161290322580605,86.05000000000001,0.5,1.5,-0.3499999999999943,-0.0007028437453422409,1.0,-2.0,4.5,6.0,31.699999999999996,4.5,4.5,23.799999999999997,5.5,0.0,0.0,0.0,1.0451612903225822,0.4306451612903235,16.349999999999994,-3.5,-2.0,42.85000000000002,0.0965970182558808,-3.5,-4.0
2018-10,부안군,2894.2579505300355,1132.0,18,0,0,0.0,0,0.0,0,0,0,0.0,13.574193548387097,11.003225806451614,161.5,9,4.0,31,0.0,215.7,6,0,0.6161096829477292,0,0,0.0,0.0,0,0.0,0,0,0,0.0,13.574193548387097,11.003225806451614,161.5,9,4.0,215.7,0.6161096829477292,6,0,2.0,0.0,2.900000000000002,0.0,8.0,9.2,2.0,0.0,0.0,0.0,21.313333333333333,9.610000000000001,67.0,5.0,0.0,179.3,0.48121309715512617,11.0,6.0,26.0,21.0,120.89999999999999,26.0,30.0,135.79999999999998,27.0,0.0,0.0,0.0,28.164516129032258,8.974193548387095,299.5,9.0,3.0,233.9,0.5593017694882831,8.0,5.0,10,7.970484036090801,-0.36518694783292904,0.0,0.0,0.0,0.0,0.0,0.0,0.0,0.0,0.0,0.0,-1.2612903225806456,0.24677419354839003,37.45,1.5,0.5,7.050000000000011,0.020547710840664313,-1.0,-1.0,0.0,0.0,0.7000000000000011,0.0,-2.5,-5.8000000000000025,-0.5,0.0,0.0,0.0,-0.43333333333333357,0.5099999999999998,-88.0,-3.5,-4.0,9.650000000000006,0.02601427389945149,-0.5,-6.0,2.0,4.0,27.049999999999997,3.0,1.5,18.69999999999999,1.5,0.0,0.0,0.0,0.7032258064516128,0.20161290322580605,86.05000000000001,0.5,1.5,-0.3499999999999943,-0.0007028437453422409,1.0,-2.0
2018-11,부안군,1612.7450980392157,204.0,6,0,0,0.0,0,0.0,0,2,0,1.7000000000000002,8.68,11.353333333333333,39.7,3,0.0,30,0.0,186.3,8,0,0.6025226390685641,0,0,0.0,0.0,0,0.0,0,2,0,1.7000000000000002,8.68,11.353333333333333,39.7,3,0.0,186.3,0.6025226390685641,8,0,0.0,0.0,0.0,0.0,0.0,0.0,0.0,0.0,0.0,0.0,13.574193548387097,11.003225806451614,161.5,9.0,4.0,215.7,0.6161096829477292,6.0,0.0,2.0,0.0,2.900000000000002,0.0,8.0,9.2,2.0,0.0,0.0,0.0,21.313333333333333,9.610000000000001,67.0,5.0,0.0,179.3,0.48121309715512617,11.0,6.0,11,7.385693035903293,-0.18468005173302426,0.0,0.0,0.0,0.0,0.0,0.0,0.0,-1.5,0.0,-3.1000000000000005,-0.34666666666666757,0.11166666666666636,-7.950000000000003,-1.0,0.0,10.199999999999989,0.03342147452298083,0.5,0.0,0.0,0.0,0.0,0.0,0.0,0.0,0.0,0.0,0.0,0.0,-1.2612903225806456,0.24677419354839003,37.45,1.5,0.5,7.050000000000011,0.020547710840664313,-1.0,-1.0,0.0,0.0,0.7000000000000011,0.0,-2.5,-5.8000000000000025,-0.5,0.0,0.0,0.0,-0.43333333333333357,0.5099999999999998,-88.0,-3.5,-4.0,9.650000000000006,0.02601427389945149,-0.5,-6.0
2018-12,부안군,2222.222222222222,144.0,4,0,0,0.0,0,0.0,0,22,9,105.6,1.8096774193548388,9.21290322580645,26.4,3,0.0,31,0.0,157.8,9,0,0.5189082538638605,0,0,0.0,0.0,0,0.0,0,22,9,105.6,1.8096774193548388,9.21290322580645,26.4,3,0.0,157.8,0.5189082538638605,9,0,0.0,0.0,0.0,0.0,0.0,0.0,0.0,2.0,0.0,1.7000000000000002,8.68,11.353333333333333,39.7,3.0,0.0,186.3,0.6025226390685641,8.0,0.0,0.0,0.0,0.0,0.0,0.0,0.0,0.0,0.0,0.0,0.0,13.574193548387097,11.003225806451614,161.5,9.0,4.0,215.7,0.6161096829477292,6.0,0.0,12,7.706262975199909,-0.12062731738219412,0.0,0.0,0.0,0.0,0.0,0.0,0.0,0.0,2.666666666666667,25.799999999999997,-0.7150537634408602,0.05806451612903096,-3.033333333333335,-2.666666666666667,-1.0,10.800000000000011,0.03531138883533441,-1.666666666666666,0.0,-8.666666666666666,-1.3333333333333333,-17.433333333333334,-8.0,-10.333333333333334,-45.699999999999996,-9.666666666666666,-0.3333333333333335,0.0,-1.5000000000000004,-6.418422939068101,1.568566308243728,-132.60000000000002,-4.0,-2.3333333333333335,11.53333333333336,0.08578246441260662,-1.333333333333334,-8.666666666666666,-0.6666666666666666,0.0,-0.5,0.0,-6.333333333333333,-9.633333333333333,-1.3333333333333333,0.0,0.0,0.0,-4.005376344086024,1.8430107526881745,-91.13333333333333,-2.0,-2.666666666666667,47.96666666666667,0.1545061735460257,-5.0,-7.666666666666667
2019-01,부안군,1854.7297297297298,148.0,4,0,0,0.0,0,0.0,0,30,11,127.69999999999999,0.4129032258064516,9.683870967741935,8.8,3,0.0,31,0.0,193.2,4,0,0.6200256739409499,0,0,0.0,0.0,0,0.0,0,30,11,127.69999999999999,0.4129032258064516,9.683870967741935,8.8,3,0.0,193.2,0.6200256739409499,4,0,0.0,0.0,0.0,0.0,0.0,0.0,0.0,22.0,9.0,105.6,1.8096774193548388,9.21290322580645,26.4,3.0,0.0,157.8,0.5189082538638605,9.0,0.0,0.0,0.0,0.0,0.0,0.0,0.0,0.0,2.0,0.0,1.7000000000000002,8.68,11.353333333333333,39.7,3.0,0.0,186.3,0.6025226390685641,8.0,0.0,1,7.525494266167607,-0.6287133707698835,0.0,0.0,0.0,0.0,0.0,0.0,0.0,4.75,0.5,-2.125,-0.10080645161290319,0.7370967741935495,-29.974999999999998,-2.25,-1.75,46.64999999999998,0.1499073789364771,-6.5,0.0,0.0,0.0,0.0,0.0,0.0,0.0,0.0,0.0,2.666666666666667,25.799999999999997,-0.7150537634408602,0.05806451612903096,-3.033333333333335,-2.666666666666667,-1.0,10.800000000000011,0.03531138883533441,-1.666666666666666,0.0,-8.666666666666666,-1.3333333333333333,-17.433333333333334,-8.0,-10.333333333333334,-45.699999999999996,-9.666666666666666,-0.3333333333333335,0.0,-1.5000000000000004,-6.418422939068101,1.568566308243728,-132.60000000000002,-4.0,-2.3333333333333335,11.53333333333336,0.08578246441260662,-1.333333333333334,-8.666666666666666
2019-02,부안군,1776.1627906976744,516.0,12,0,0,0.0,0,0.0,0,25,4,73.39999999999999,2.107142857142857,9.539285714285715,25.1,2,0.0,28,0.0,171.1,6,0,0.5611675959330928,0,0,0.0,0.0,0,0.0,0,25,4,73.39999999999999,2.107142857142857,9.539285714285715,25.1,2,0.0,171.1,0.5611675959330928,6,0,0.0,0.0,0.0,0.0,0.0,0.0,0.0,30.0,11.0,127.69999999999999,0.4129032258064516,9.683870967741935,8.8,3.0,0.0,193.2,0.6200256739409499,4.0,0.0,0.0,0.0,0.0,0.0,0.0,0.0,0.0,22.0,9.0,105.6,1.8096774193548388,9.21290322580645,26.4,3.0,0.0,157.8,0.5189082538638605,9.0,0.0,2,7.482210580780334,-0.1258156594898816,0.0,0.0,0.0,0.0,0.0,0.0,0.0,4.0,-2.25,-9.725000000000009,-0.3728756157635469,-0.3401169950738918,-9.625,-3.5,-1.75,-1.575000000000017,0.000528980203675089,0.25,0.0,0.0,0.0,0.0,0.0,0.0,0.0,0.0,4.75,0.5,-2.125,-0.10080645161290319,0.7370967741935495,-29.974999999999998,-2.25,-1.75,46.64999999999998,0.1499073789364771,-6.5,0.0,0.0,0.0,0.0,0.0,0.0,0.0,0.0,0.0,2.666666666666667,25.799999999999997,-0.7150537634408602,0.05806451612903096,-3.033333333333335,-2.666666666666667,-1.0,10.800000000000011,0.03531138883533441,-1.666666666666666,0.0
2019-03,부안군,2196.440129449838,1236.0,20,0,0,0.0,0,0.0,0,10,0,14.500000000000002,6.993548387096775,11.825806451612904,30.400000000000002,5,0.0,31,0.0,221.8,6,0,0.5983274885352037,0,0,0.0,0.0,0,0.0,0,10,0,14.500000000000002,6.993548387096775,11.825806451612904,30.400000000000002,5,0.0,221.8,0.5983274885352037,6,0,0.0,0.0,0.0,0.0,0.0,0.0,0.0,25.0,4.0,73.39999999999999,2.107142857142857,9.539285714285715,25.1,2.0,0.0,171.1,0.5611675959330928,6.0,0.0,0.0,0.0,0.0,0.0,0.0,0.0,0.0,30.0,11.0,127.69999999999999,0.4129032258064516,9.683870967741935,8.8,3.0,0.0,193.2,0.6200256739409499,4.0,0.0,3,7.694593205794104,-0.024574014202904948,0.0,0.0,0.0,0.0,0.0,0.0,0.0,1.666666666666666,0.0,2.2333333333333343,-0.48602150537634436,0.4182795698924746,-19.933333333333334,-0.666666666666667,0.0,7.099999999999994,0.01994766618360788,-1.333333333333333,0.0,0.0,0.0,0.0,0.0,0.0,0.0,0.0,2.333333333333332,-3.0,-17.866666666666674,0.17783251231527109,-0.17015599343185528,-13.43333333333333,-3.0,-1.0,-2.2333333333333485,-0.0001594588963577115,0.666666666666667,0.0,0.0,0.0,0.0,0.0,0.0,0.0,0.0,4.333333333333332,2.333333333333334,11.100000000000009,-0.2666666666666668,0.9526881720430094,-32.03333333333333,-2.0,-2.3333333333333335,42.73333333333332,0.13721837461874686,-6.0,0.0
2019-04,부안군,2835.1749539594844,2172.0,24,0,0,0.0,0,0.0,0,1,0,1.1,11.723333333333333,11.216666666666669,104.5,9,4.0,30,0.0,197.5,8,0,0.5028004073319755,0,0,0.0,0.0,0,0.0,0,1,0,1.1,11.723333333333333,11.216666666666669,104.5,9,4.0,197.5,0.5028004073319755,8,0,0.0,0.0,0.0,0.0,0.0,0.0,0.0,10.0,0.0,14.500000000000002,6.993548387096775,11.825806451612904,30.400000000000002,5.0,0.0,221.8,0.5983274885352037,6.0,0.0,0.0,0.0,0.0,0.0,0.0,0.0,0.0,25.0,4.0,73.39999999999999,2.107142857142857,9.539285714285715,25.1,2.0,0.0,171.1,0.5611675959330928,6.0,0.0,4,7.949858926412757,0.14598217301255634,0.0,0.0,0.0,0.0,0.0,0.0,0.0,0.6666666666666667,0.0,0.7333333333333334,0.0777777777777775,-0.09777777777777708,20.733333333333334,1.666666666666667,-0.33333333333333304,-30.599999999999994,-0.07740134526144415,1.333333333333333,0.0,0.0,0.0,0.0,0.0,0.0,0.0,0.0,1.666666666666666,0.0,2.2333333333333343,-0.48602150537634436,0.4182795698924746,-19.933333333333334,-0.666666666666667,0.0,7.099999999999994,0.01994766618360788,-1.333333333333333,0.0,0.0,0.0,0.0,0.0,0.0,0.0,0.0,2.333333333333332,-3.0,-17.866666666666674,0.17783251231527109,-0.17015599343185528,-13.43333333333333,-3.0,-1.0,-2.2333333333333485,-0.0001594588963577115,0.666666666666667,0.0
2019-05,부안군,3708.0696202531644,1264.0,18,2,0,1.1000000000000014,0,0.0,0,0,0,0.0,17.929032258064513,12.706451612903226,60.699999999999996,4,3.0,31,0.0,299.4,3,0,0.68732782369146,2,0,1.1000000000000014,0.0,0,0.0,0,0,0,0.0,17.929032258064513,12.706451612903226,60.699999999999996,4,3.0,299.4,0.68732782369146,3,0,0.0,0.0,0.0,0.0,0.0,0.0,0.0,1.0,0.0,1.1,11.723333333333333,11.216666666666669,104.5,9.0,4.0,197.5,0.5028004073319755,8.0,0.0,0.0,0.0,0.0,0.0,0.0,0.0,0.0,10.0,0.0,14.500000000000002,6.993548387096775,11.825806451612904,30.400000000000002,5.0,0.0,221.8,0.5983274885352037,6.0,0.0,5,8.21826670219804,0.46195471472639227,1.3333333333333335,0.0,0.7333333333333343,0.0,-0.6666666666666666,-1.866666666666666,-0.3333333333333333,0.0,0.0,0.0,0.1129032258064484,1.5999999999999996,-34.33333333333335,-2.666666666666667,1.0,69.86666666666665,0.1606395769350324,-4.666666666666667,-0.6666666666666666,0.0,0.0,0.0,0.0,0.0,0.0,0.0,0.6666666666666667,0.0,0.7333333333333334,0.0777777777777775,-0.09777777777777708,20.733333333333334,1.666666666666667,-0.33333333333333304,-30.599999999999994,-0.07740134526144415,1.333333333333333,0.0,0.0,0.0,0.0,0.0,0.0,0.0,0.0,1.666666666666666,0.0,2.2333333333333343,-0.48602150537634436,0.4182795698924746,-19.933333333333334,-0.666666666666667,0.0,7.099999999999994,0.01994766618360788,-1.333333333333333,0.0
2019-07,부안군,2909.8101265822784,632.0,11,15,4,27.8,21,63.199999999999996,14,0,0,0.0,25.287096774193547,8.032258064516128,225.5,12,4.0,31,13.0,175.4,13,13,0.3951340391980176,15,4,27.8,13.0,21,63.199999999999996,14,0,0,0.0,25.287096774193547,8.032258064516128,225.5,12,4.0,175.4,0.3951340391980176,13,13,2.0,0.0,1.1000000000000014,0.0,0.0,0.0,0.0,0.0,0.0,0.0,17.929032258064513,12.706451612903226,60.699999999999996,4.0,3.0,299.4,0.68732782369146,3.0,0.0,0.0,0.0,0.0,0.0,0.0,0.0,0.0,1.0,0.0,1.1,11.723333333333333,11.216666666666669,104.5,9.0,4.0,197.5,0.5028004073319755,8.0,0.0,7,7.975843109439601,-0.2956404556465033,1.333333333333334,-2.666666666666667,-12.366666666666664,1.333333333333334,-2.333333333333332,-4.43333333333333,-0.3333333333333339,0.0,0.0,0.0,0.04301075268816845,0.40107526881720457,-105.66666666666669,0.3333333333333339,-1.666666666666667,1.2666666666666515,0.002751139565091709,0.3333333333333339,0.0,-2.333333333333333,-0.3333333333333333,-4.933333333333331,-2.3333333333333335,-4.666666666666667,-4.766666666666667,-1.0,0.0,0.0,0.0,-2.9628673835125454,2.590967741935483,-47.066666666666656,-2.333333333333333,-0.6666666666666665,69.39999999999998,0.16003763445865793,-2.666666666666667,-7.333333333333333,0.0,0.0,0.0,0.0,-0.6666666666666666,-1.866666666666666,-0.3333333333333333,0.6666666666666667,0.0,0.7333333333333334,-4.024229390681004,0.6068100358422956,-5.133333333333326,0.6666666666666661,1.6666666666666665,1.9333333333333087,0.03762129936204278,-1.333333333333334,-0.6666666666666666
2019-08,부안군,9206.73076923077,208.0,6,22,13,66.80000000000001,27,98.39999999999999,24,0,0,0.0,26.758064516129032,8.570967741935483,127.4,8,0.0,31,20.0,234.6,6,9,0.5607074569789675,22,13,66.80000000000001,20.0,27,98.39999999999999,24,0,0,0.0,26.758064516129032,8.570967741935483,127.4,8,0.0,234.6,0.5607074569789675,6,9,15.0,4.0,27.8,13.0,21.0,63.199999999999996,14.0,0.0,0.0,0.0,25.287096774193547,8.032258064516128,225.5,12.0,4.0,175.4,0.3951340391980176,13.0,13.0,2.0,0.0,1.1000000000000014,0.0,0.0,0.0,0.0,0.0,0.0,0.0,17.929032258064513,12.706451612903226,60.699999999999996,4.0,3.0,299.4,0.68732782369146,3.0,0.0,8,9.127690100895565,0.2377058184139873,-2.666666666666668,0.3333333333333339,-13.199999999999989,-3.333333333333332,-2.333333333333332,-25.36666666666666,-2.666666666666668,0.0,0.0,0.0,-0.6301075268817193,0.43225806451612847,-155.4333333333333,-2.0,-3.3333333333333335,21.066666666666663,0.05003164986431541,-3.0,-4.333333333333334,1.333333333333334,-2.666666666666667,-12.366666666666664,1.333333333333334,-2.333333333333332,-4.43333333333333,-0.3333333333333339,0.0,0.0,0.0,0.04301075268816845,0.40107526881720457,-105.66666666666669,0.3333333333333339,-1.666666666666667,1.2666666666666515,0.002751139565091709,0.3333333333333339,0.0,-2.333333333333333,-0.3333333333333333,-4.933333333333331,-2.3333333333333335,-4.666666666666667,-4.766666666666667,-1.0,0.0,0.0,0.0,-2.9628673835125454,2.590967741935483,-47.066666666666656,-2.333333333333333,-0.6666666666666665,69.39999999999998,0.16003763445865793,-2.666666666666667,-7.333333333333333
2019-09,부안군,2750.0,16.0,1,2,0,1.5,13,20.800000000000004,3,0,0,0.0,22.18,8.59,243.0,12,8.0,30,0.0,160.0,12,18,0.4291845493562232,2,0,1.5,0.0,13,20.800000000000004,3,0,0,0.0,22.18,8.59,243.0,12,8.0,160.0,0.4291845493562232,12,18,22.0,13.0,66.80000000000001,20.0,27.0,98.39999999999999,24.0,0.0,0.0,0.0,26.758064516129032,8.570967741935483,127.4,8.0,0.0,234.6,0.5607074569789675,6.0,9.0,15.0,4.0,27.8,13.0,21.0,63.199999999999996,14.0,0.0,0.0,0.0,25.287096774193547,8.032258064516128,225.5,12.0,4.0,175.4,0.3951340391980176,13.0,13.0,9,7.919356190660617,-0.651133899458797,0.0,0.0,-0.7000000000000011,0.0,2.5,5.8000000000000025,0.5,0.0,0.0,0.0,0.43333333333333357,-0.5100000000000016,88.0,3.5,4.0,-9.650000000000006,-0.02601427389945149,0.5,6.0,-2.0,-4.0,-27.049999999999983,-3.0,-1.5,-18.700000000000003,-1.5,0.0,0.0,0.0,-0.7032258064516128,-0.20161290322580605,-86.04999999999998,-0.5,-1.5,0.3499999999999943,0.0007028437453421299,-1.0,2.0,-4.5,-6.0,-31.699999999999992,-4.5,-4.5,-23.79999999999999,-5.5,0.0,0.0,0.0,-1.0451612903225822,-0.4306451612903217,-16.349999999999994,3.5,2.0,-42.849999999999994,-0.0965970182558808,3.5,4.0
2019-10,부안군,6008.064516129032,124.0,4,0,0,0.0,0,0.0,0,0,0,0.0,16.096774193548388,10.509677419354835,86.6,6,3.0,31,0.0,201.6,8,2,0.5750142612664004,0,0,0.0,0.0,0,0.0,0,0,0,0.0,16.096774193548388,10.509677419354835,86.6,6,3.0,201.6,0.5750142612664004,8,2,2.0,0.0,1.5,0.0,13.0,20.800000000000004,3.0,0.0,0.0,0.0,22.18,8.59,243.0,12.0,8.0,160.0,0.4291845493562232,12.0,18.0,22.0,13.0,66.80000000000001,20.0,27.0,98.39999999999999,24.0,0.0,0.0,0.0,26.758064516129032,8.570967741935483,127.4,8.0,0.0,234.6,0.5607074569789675,6.0,9.0,10,8.70085793175666,0.36518694783292993,0.0,0.0,0.0,0.0,0.0,0.0,0.0,0.0,0.0,0.0,1.2612903225806456,-0.24677419354838825,-37.45,-1.5,-0.5,-7.049999999999983,-0.020547710840664424,1.0,1.0,0.0,0.0,-0.7000000000000011,0.0,2.5,5.8000000000000025,0.5,0.0,0.0,0.0,0.43333333333333357,-0.5100000000000016,88.0,3.5,4.0,-9.650000000000006,-0.02601427389945149,0.5,6.0,-2.0,-4.0,-27.049999999999983,-3.0,-1.5,-18.700000000000003,-1.5,0.0,0.0,0.0,-0.7032258064516128,-0.20161290322580605,-86.04999999999998,-0.5,-1.5,0.3499999999999943,0.0007028437453421299,-1.0,2.0
2019-11,부안군,2333.3333333333335,120.0,3,0,0,0.0,0,0.0,0,5,0,7.9,9.373333333333333,11.129999999999999,55.6,5,0.0,30,0.0,165.9,7,0,0.5356796900226025,0,0,0.0,0.0,0,0.0,0,5,0,7.9,9.373333333333333,11.129999999999999,55.6,5,0.0,165.9,0.5356796900226025,7,0,0.0,0.0,0.0,0.0,0.0,0.0,0.0,0.0,0.0,0.0,16.096774193548388,10.509677419354835,86.6,6.0,3.0,201.6,0.5750142612664004,8.0,2.0,2.0,0.0,1.5,0.0,13.0,20.800000000000004,3.0,0.0,0.0,0.0,22.18,8.59,243.0,12.0,8.0,160.0,0.4291845493562232,12.0,18.0,11,7.755053139369341,0.18468005173302426,0.0,0.0,0.0,0.0,0.0,0.0,0.0,1.5,0.0,3.0999999999999996,0.3466666666666658,-0.11166666666666814,7.949999999999996,1.0,0.0,-10.200000000000017,-0.03342147452298072,-0.5,0.0,0.0,0.0,0.0,0.0,0.0,0.0,0.0,0.0,0.0,0.0,1.2612903225806456,-0.24677419354838825,-37.45,-1.5,-0.5,-7.049999999999983,-0.020547710840664424,1.0,1.0,0.0,0.0,-0.7000000000000011,0.0,2.5,5.8000000000000025,0.5,0.0,0.0,0.0,0.43333333333333357,-0.5100000000000016,88.0,3.5,4.0,-9.650000000000006,-0.02601427389945149,0.5,6.0
2019-12,부안군,2745.098039215686,204.0,6,0,0,0.0,0,0.0,0,18,3,47.7,3.954838709677419,8.883870967741935,30.9,8,3.0,31,0.0,143.1,11,0,0.4707236842105263,0,0,0.0,0.0,0,0.0,0,18,3,47.7,3.954838709677419,8.883870967741935,30.9,8,3.0,143.1,0.4707236842105263,11,0,0.0,0.0,0.0,0.0,0.0,0.0,0.0,5.0,0.0,7.9,9.373333333333333,11.129999999999999,55.6,5.0,0.0,165.9,0.5356796900226025,7.0,0.0,0.0,0.0,0.0,0.0,0.0,0.0,0.0,0.0,0.0,0.0,16.096774193548388,10.509677419354835,86.6,6.0,3.0,201.6,0.5750142612664004,8.0,2.0,12,7.917572068867115,0.09068177628501228,0.0,0.0,0.0,0.0,0.0,0.0,0.0,-4.0,-3.333333333333333,-32.099999999999994,1.43010752688172,-0.27096774193548434,1.466666666666665,2.333333333333333,2.0,-3.9000000000000057,-0.012873180817999819,0.3333333333333339,0.0,-8.666666666666666,-1.3333333333333333,-17.433333333333334,-8.0,-10.333333333333334,-45.699999999999996,-9.666666666666666,2.6666666666666665,0.0,4.699999999999999,-5.725089605734768,1.3452329749103935,-116.70000000000005,-2.0,-2.3333333333333335,-8.866666666666646,0.018939515366645066,-2.333333333333334,-8.666666666666666,-0.6666666666666666,0.0,-0.5,0.0,-6.333333333333333,-9.633333333333333,-1.3333333333333333,0.0,0.0,0.0,-1.4827956989247326,1.3494623655913962,-166.03333333333333,-5.0,-3.666666666666667,33.866666666666674,0.11341075186469696,-3.0,-5.666666666666667
2020-01,부안군,5581.586826347306,668.0,15,0,0,0.0,0,0.0,0,20,1,43.900000000000006,3.3225806451612905,8.074193548387097,79.1,6,3.0,31,0.0,110.1,15,0,0.3535645472061657,0,0,0.0,0.0,0,0.0,0,20,1,43.900000000000006,3.3225806451612905,8.074193548387097,79.1,6,3.0,110.1,0.3535645472061657,15,0,0.0,0.0,0.0,0.0,0.0,0.0,0.0,18.0,3.0,47.7,3.954838709677419,8.883870967741935,30.9,8.0,3.0,143.1,0.4707236842105263,11.0,0.0,0.0,0.0,0.0,0.0,0.0,0.0,0.0,5.0,0.0,7.9,9.373333333333333,11.129999999999999,55.6,5.0,0.0,165.9,0.5356796900226025,7.0,0.0,1,8.627228392429341,0.4730207554918504,0.0,0.0,0.0,0.0,0.0,0.0,0.0,-5.25,-9.5,-85.92499999999998,2.8088709677419357,-0.872580645161289,40.324999999999996,0.75,1.25,-36.45000000000002,-0.11655374779830707,4.5,0.0,0.0,0.0,0.0,0.0,0.0,0.0,0.0,-4.0,-3.333333333333333,-32.099999999999994,1.43010752688172,-0.27096774193548434,1.466666666666665,2.333333333333333,2.0,-3.9000000000000057,-0.012873180817999819,0.3333333333333339,0.0,-8.666666666666666,-1.3333333333333333,-17.433333333333334,-8.0,-10.333333333333334,-45.699999999999996,-9.666666666666666,2.6666666666666665,0.0,4.699999999999999,-5.725089605734768,1.3452329749103935,-116.70000000000005,-2.0,-2.3333333333333335,-8.866666666666646,0.018939515366645066,-2.333333333333334,-8.666666666666666
2020-02,부안군,1804.3766578249338,1508.0,22,0,0,0.0,0,0.0,0,18,5,58.400000000000006,3.9379310344827587,9.706896551724139,59.0,8,3.0,29,0.0,183.4,6,0,0.5800126502213789,0,0,0.0,0.0,0,0.0,0,18,5,58.400000000000006,3.9379310344827587,9.706896551724139,59.0,8,3.0,183.4,0.5800126502213789,6,0,0.0,0.0,0.0,0.0,0.0,0.0,0.0,20.0,1.0,43.900000000000006,3.3225806451612905,8.074193548387097,79.1,6.0,3.0,110.1,0.3535645472061657,15.0,0.0,0.0,0.0,0.0,0.0,0.0,0.0,0.0,18.0,3.0,47.7,3.954838709677419,8.883870967741935,30.9,8.0,3.0,143.1,0.4707236842105263,11.0,0.0,2,7.497970469197482,-0.11005577107273368,0.0,0.0,0.0,0.0,0.0,0.0,0.0,-3.0,-1.25,-24.724999999999994,1.4579125615763546,-0.17250615763546762,24.275,2.5,1.25,10.724999999999994,0.01937403449196118,0.25,0.0,0.0,0.0,0.0,0.0,0.0,0.0,0.0,-5.25,-9.5,-85.92499999999998,2.8088709677419357,-0.872580645161289,40.324999999999996,0.75,1.25,-36.45000000000002,-0.11655374779830707,4.5,0.0,0.0,0.0,0.0,0.0,0.0,0.0,0.0,-4.0,-3.333333333333333,-32.099999999999994,1.43010752688172,-0.27096774193548434,1.466666666666665,2.333333333333333,2.0,-3.9000000000000057,-0.012873180817999819,0.3333333333333339,0.0
2020-03,부안군,1977.3569785464097,2284.0,25,0,0,0.0,0,0.0,0,8,0,11.900000000000002,7.645161290322581,11.199999999999998,22.1,4,0.0,31,0.0,227.9,6,0,0.6129639591178052,0,0,0.0,0.0,0,0.0,0,8,0,11.900000000000002,7.645161290322581,11.199999999999998,22.1,4,0.0,227.9,0.6129639591178052,6,0,0.0,0.0,0.0,0.0,0.0,0.0,0.0,18.0,5.0,58.400000000000006,3.9379310344827587,9.706896551724139,59.0,8.0,3.0,183.4,0.5800126502213789,6.0,0.0,0.0,0.0,0.0,0.0,0.0,0.0,0.0,20.0,1.0,43.900000000000006,3.3225806451612905,8.074193548387097,79.1,6.0,3.0,110.1,0.3535645472061657,15.0,0.0,3,7.58951637265025,-0.1296508473467588,0.0,0.0,0.0,0.0,0.0,0.0,0.0,-0.3333333333333339,0.0,-0.36666666666666536,0.16559139784946186,-0.20752688172043143,-28.233333333333334,-1.666666666666667,0.0,13.199999999999989,0.03458413676620942,-1.333333333333333,0.0,0.0,0.0,0.0,0.0,0.0,0.0,0.0,-4.666666666666668,-2.0,-32.86666666666666,2.0086206896551726,-0.002545155993431081,20.46666666666667,3.0,2.0,10.066666666666663,0.018685595391928378,0.666666666666667,0.0,0.0,0.0,0.0,0.0,0.0,0.0,0.0,-5.666666666666668,-7.666666666666666,-72.69999999999997,2.643010752688172,-0.6569892473118291,38.26666666666666,1.0,0.6666666666666665,-40.366666666666674,-0.1292427521160373,5.0,0.0
2020-04,부안군,1819.20635,2100.0,24,0,0,0.0,0,0.0,0,0,0,0.0,10.343333333333334,11.17,22.2,4,3.0,30,0.0,269.7,3,0,0.6853875476493011,0,0,0.0,0.0,0,0.0,0,0,0,0.0,10.343333333333334,11.17,22.2,4,3.0,269.7,0.6853875476493011,3,0,0.0,0.0,0.0,0.0,0.0,0.0,0.0,8.0,0.0,11.900000000000002,7.645161290322581,11.199999999999998,22.1,4.0,0.0,227.9,0.6129639591178052,6.0,0.0,0.0,0.0,0.0,0.0,0.0,0.0,0.0,18.0,5.0,58.400000000000006,3.9379310344827587,9.706896551724139,59.0,8.0,3.0,183.4,0.5800126502213789,6.0,0.0,4,7.506155613535475,-0.29772113986472615,0.0,0.0,0.0,0.0,0.0,0.0,0.0,-0.3333333333333333,0.0,-0.3666666666666667,-1.3022222222222215,-0.1444444444444457,-61.56666666666666,-3.333333333333333,-1.333333333333333,41.599999999999994,0.10518579505588144,-3.666666666666667,0.0,0.0,0.0,0.0,0.0,0.0,0.0,0.0,-0.3333333333333339,0.0,-0.36666666666666536,0.16559139784946186,-0.20752688172043143,-28.233333333333334,-1.666666666666667,0.0,13.199999999999989,0.03458413676620942,-1.333333333333333,0.0,0.0,0.0,0.0,0.0,0.0,0.0,0.0,-4.666666666666668,-2.0,-32.86666666666666,2.0086206896551726,-0.002545155993431081,20.46666666666667,3.0,2.0,10.066666666666663,0.018685595391928378,0.666666666666667,0.0
2020-05,부안군,1992.4242424242425,132.0,3,0,0,0.0,0,0.0,0,0,0,0.0,17.616129032258065,9.883870967741936,111.9,6,0.0,31,0.0,204.6,9,2,0.469050894085282,0,0,0.0,0.0,0,0.0,0,0,0,0.0,17.616129032258065,9.883870967741936,111.9,6,0.0,204.6,0.469050894085282,9,2,0.0,0.0,0.0,0.0,0.0,0.0,0.0,0.0,0.0,0.0,10.343333333333334,11.17,22.2,4.0,3.0,269.7,0.6853875476493011,3.0,0.0,0.0,0.0,0.0,0.0,0.0,0.0,0.0,8.0,0.0,11.900000000000002,7.645161290322581,11.199999999999998,22.1,4.0,0.0,227.9,0.6129639591178052,6.0,0.0,5,7.597107388573531,-0.15920459889811678,-0.6666666666666666,0.0,-0.36666666666666714,0.0,-0.6666666666666666,-1.866666666666666,-0.3333333333333333,0.0,0.0,0.0,-0.1999999999999993,-1.2225806451612904,16.86666666666666,-0.666666666666667,-2.0,-24.933333333333337,-0.05763735267114556,1.333333333333333,1.3333333333333335,0.0,0.0,0.0,0.0,0.0,0.0,0.0,-0.3333333333333333,0.0,-0.3666666666666667,-1.3022222222222215,-0.1444444444444457,-61.56666666666666,-3.333333333333333,-1.333333333333333,41.599999999999994,0.10518579505588144,-3.666666666666667,0.0,0.0,0.0,0.0,0.0,0.0,0.0,0.0,-0.3333333333333339,0.0,-0.36666666666666536,0.16559139784946186,-0.20752688172043143,-28.233333333333334,-1.666666666666667,0.0,13.199999999999989,0.03458413676620942,-1.333333333333333,0.0
2020-06,부안군,3864.4578313253014,332.0,5,5,0,8.899999999999995,9,6.0,1,0,0,0.0,22.373333333333335,8.143333333333334,157.6,9,5.0,30,3.0,186.20000000000002,10,16,0.4263796656743761,5,0,8.899999999999995,3.0,9,6.0,1,0,0,0.0,22.373333333333335,8.143333333333334,157.6,9,5.0,186.20000000000002,0.4263796656743761,10,16,0.0,0.0,0.0,0.0,0.0,0.0,0.0,0.0,0.0,0.0,17.616129032258065,9.883870967741936,111.9,6.0,0.0,204.6,0.469050894085282,9.0,2.0,0.0,0.0,0.0,0.0,0.0,0.0,0.0,0.0,0.0,0.0,10.343333333333334,11.17,22.2,4.0,3.0,269.7,0.6853875476493011,3.0,0.0,6,8.259576674681284,0.26325122101535925,-0.5,-0.5,0.3999999999999968,-0.5,2.0,-1.1500000000000004,-0.5,0.0,0.0,0.0,0.0,-0.6766666666666659,26.299999999999983,1.5,1.0,-9.099999999999994,-0.020891706329096926,3.0,5.0,0.0,0.0,0.0,0.0,-1.0,-2.799999999999999,-0.5,0.0,0.0,0.0,-0.14354838709677153,-0.4225806451612897,-0.29999999999999716,-2.0,-1.5,10.0,0.022682435796370637,-1.0,1.0,0.0,0.0,0.0,0.0,0.0,0.0,0.0,0.0,0.0,0.0,-1.2633333333333336,-0.19333333333333336,-51.19999999999999,-2.5,-1.5,26.30000000000001,0.06648512242515947,-3.0,0.0
2020-07,부안군,4089.5061728395062,648.0,15,2,0,1.5,19,28.9,4,0,0,0.0,23.067741935483873,5.96774193548387,509.8,18,13.0,31,0.0,85.9,19,21,0.19368658399098085,2,0,1.5,0.0,19,28.9,4,0,0,0.0,23.067741935483873,5.96774193548387,509.8,18,13.0,85.9,0.19368658399098085,19,21,5.0,0.0,8.899999999999995,3.0,9.0,6.0,1.0,0.0,0.0,0.0,22.373333333333335,8.143333333333334,157.6,9.0,5.0,186.20000000000002,0.4263796656743761,10.0,16.0,0.0,0.0,0.0,0.0,0.0,0.0,0.0,0.0,0.0,0.0,17.616129032258065,9.883870967741936,111.9,6.0,0.0,204.6,0.469050894085282,9.0,2.0,7,8.31617950161013,0.04469593652402537,-11.666666666666666,-6.666666666666667,-38.666666666666664,-11.666666666666666,-4.333333333333332,-38.73333333333333,-10.333333333333334,0.0,0.0,0.0,-2.176344086021505,-1.6634408602150534,178.63333333333333,6.333333333333334,7.333333333333333,-88.23333333333335,-0.19869631564194504,6.333333333333334,8.0,0.666666666666667,-0.3333333333333333,2.8666666666666627,0.6666666666666665,4.333333333333333,1.2333333333333334,0.0,0.0,0.0,0.0,1.4814336917562763,-1.972150537634409,49.83333333333334,2.666666666666667,1.3333333333333335,-43.79999999999998,-0.10091052355842595,4.333333333333333,8.666666666666668,0.0,0.0,0.0,0.0,-0.6666666666666666,-1.866666666666666,-0.3333333333333333,-0.3333333333333333,0.0,-0.3666666666666667,1.8685663082437287,-0.7259856630824366,2.26666666666668,-2.333333333333334,-2.3333333333333335,9.033333333333303,0.003871786115349274,-0.3333333333333339,1.3333333333333335
2020-08,부안군,6154.661016949152,236.0,3,26,4,52.3,31,137.1,29,0,0,0.0,27.241935483870968,6.870967741935484,421.6,13,7.0,31,24.0,172.1,13,26,0.41201819487670577,26,4,52.3,24.0,31,137.1,29,0,0,0.0,27.241935483870968,6.870967741935484,421.6,13,7.0,172.1,0.41201819487670577,13,26,2.0,0.0,1.5,0.0,19.0,28.9,4.0,0.0,0.0,0.0,23.067741935483873,5.96774193548387,509.8,18.0,13.0,85.9,0.19368658399098085,19.0,21.0,5.0,0.0,8.899999999999995,3.0,9.0,6.0,1.0,0.0,0.0,0.0,22.373333333333335,8.143333333333334,157.6,9.0,5.0,186.20000000000002,0.4263796656743761,10.0,16.0,8,8.724964962682593,-0.16501931979898465,1.3333333333333321,-8.666666666666666,-27.700000000000003,0.6666666666666679,1.6666666666666679,13.333333333333343,2.333333333333332,0.0,0.0,0.0,-0.1462365591397834,-1.2677419354838708,138.7666666666667,3.0,3.6666666666666665,-41.43333333333334,-0.09865761223794633,4.0,12.666666666666666,-11.666666666666666,-6.666666666666667,-38.666666666666664,-11.666666666666666,-4.333333333333332,-38.73333333333333,-10.333333333333334,0.0,0.0,0.0,-2.176344086021505,-1.6634408602150534,178.63333333333333,6.333333333333334,7.333333333333333,-88.23333333333335,-0.19869631564194504,6.333333333333334,8.0,0.666666666666667,-0.3333333333333333,2.8666666666666627,0.6666666666666665,4.333333333333333,1.2333333333333334,0.0,0.0,0.0,0.0,1.4814336917562763,-1.972150537634409,49.83333333333334,2.666666666666667,1.3333333333333335,-43.79999999999998,-0.10091052355842595,4.333333333333333,8.666666666666668
2020-12,부안군,2583.3333333333335,60.0,2,0,0,0.0,0,0.0,0,26,7,86.1,1.8096774193548388,9.367741935483872,31.0,6,0.0,31,0.0,140.1,12,0,0.4611586570111915,0,0,0.0,0.0,0,0.0,0,26,7,86.1,1.8096774193548388,9.367741935483872,31.0,6,0.0,140.1,0.4611586570111915,12,0,26.0,4.0,52.3,24.0,31.0,137.1,29.0,0.0,0.0,0.0,27.241935483870968,6.870967741935484,421.6,13.0,7.0,172.1,0.41201819487670577,13.0,26.0,2.0,0.0,1.5,0.0,19.0,28.9,4.0,0.0,0.0,0.0,23.067741935483873,5.96774193548387,509.8,18.0,13.0,85.9,0.19368658399098085,19.0,21.0,12,7.856835833679283,0.029945541097180062,0.0,0.0,0.0,0.0,0.0,0.0,0.0,4.0,0.666666666666667,6.299999999999997,-0.7150537634408602,0.21290322580645338,1.5666666666666664,0.33333333333333304,-1.0,-6.900000000000006,-0.022438208017334593,1.333333333333334,0.0,17.333333333333336,2.666666666666667,34.86666666666666,16.0,20.666666666666664,91.4,19.333333333333336,-2.3333333333333335,0.0,-3.2000000000000006,12.143512544802867,-2.9137992831541215,249.29999999999998,6.0,4.666666666666666,-2.666666666666657,-0.10472197977925168,3.666666666666666,17.333333333333336,1.3333333333333335,0.0,1.0,0.0,12.666666666666668,19.266666666666666,2.666666666666667,0.0,0.0,0.0,5.488172043010753,-3.192473118279569,257.1666666666667,7.0,6.333333333333333,-81.83333333333331,-0.26791692541072265,8.0,13.333333333333332
2021-01,부안군,4444.444444444444,72.0,2,0,0,0.0,0,0.0,0,24,16,169.49999999999997,0.01612903225806463,9.593548387096773,32.6,6,0.0,31,0.0,134.8,12,0,0.43205128205128207,0,0,0.0,0.0,0,0.0,0,24,16,169.49999999999997,0.01612903225806463,9.593548387096773,32.6,6,0.0,134.8,0.43205128205128207,12,0,0.0,0.0,0.0,0.0,0.0,0.0,0.0,26.0,7.0,86.1,1.8096774193548388,9.367741935483872,31.0,6.0,0.0,140.1,0.4611586570111915,12.0,0.0,26.0,4.0,52.3,24.0,31.0,137.1,29.0,0.0,0.0,0.0,27.241935483870968,6.870967741935484,421.6,13.0,7.0,172.1,0.41201819487670577,13.0,26.0,1,8.399410155759854,0.24520251882236366,0.0,0.0,0.0,0.0,0.0,0.0,0.0,-1.25,5.5,39.67499999999998,-0.4975806451612902,0.6467741935483868,-6.174999999999997,0.75,-1.75,-11.75,-0.038067012953190704,1.5,0.0,0.0,0.0,0.0,0.0,0.0,0.0,0.0,4.0,0.666666666666667,6.299999999999997,-0.7150537634408602,0.21290322580645338,1.5666666666666664,0.33333333333333304,-1.0,-6.900000000000006,-0.022438208017334593,1.333333333333334,0.0,17.333333333333336,2.666666666666667,34.86666666666666,16.0,20.666666666666664,91.4,19.333333333333336,-2.3333333333333335,0.0,-3.2000000000000006,12.143512544802867,-2.9137992831541215,249.29999999999998,6.0,4.666666666666666,-2.666666666666657,-0.10472197977925168,3.666666666666666,17.333333333333336
2021-02,부안군,2282.051282051282,468.0,9,0,0,0.0,0,0.0,0,16,4,58.7,4.132142857142857,10.389285714285714,23.299999999999997,7,4.0,28,0.0,170.7,7,0,0.5585732984293192,0,0,0.0,0.0,0,0.0,0,16,4,58.7,4.132142857142857,10.389285714285714,23.299999999999997,7,4.0,170.7,0.5585732984293192,7,0,0.0,0.0,0.0,0.0,0.0,0.0,0.0,24.0,16.0,169.49999999999997,0.01612903225806463,9.593548387096773,32.6,6.0,0.0,134.8,0.43205128205128207,12.0,0.0,0.0,0.0,0.0,0.0,0.0,0.0,0.0,26.0,7.0,86.1,1.8096774193548388,9.367741935483872,31.0,6.0,0.0,140.1,0.4611586570111915,12.0,0.0,2,7.73283000258463,0.12480376231441426,0.0,0.0,0.0,0.0,0.0,0.0,0.0,-5.0,-2.25,-24.424999999999997,1.652124384236453,0.5098830049261078,-11.425000000000004,1.5,2.25,-1.9750000000000227,-0.0020653173000985126,1.25,0.0,0.0,0.0,0.0,0.0,0.0,0.0,0.0,-1.25,5.5,39.67499999999998,-0.4975806451612902,0.6467741935483868,-6.174999999999997,0.75,-1.75,-11.75,-0.038067012953190704,1.5,0.0,0.0,0.0,0.0,0.0,0.0,0.0,0.0,4.0,0.666666666666667,6.299999999999997,-0.7150537634408602,0.21290322580645338,1.5666666666666664,0.33333333333333304,-1.0,-6.900000000000006,-0.022438208017334593,1.333333333333334,0.0
2018-05,무주군,1597.8260869565217,92.0,7,4,0,2.5000000000000036,1,2.8000000000000007,1,0,0,0.0,17.551612903225806,14.14838709677419,96.5,8,0.0,31,0.0,201.3,7,0,0.46190913262964667,4,0,2.5000000000000036,0.0,1,2.8000000000000007,1,0,0,0.0,17.551612903225806,14.14838709677419,96.5,8,0.0,201.3,0.46190913262964667,7,0,,,,,,,,,,,,,,,,,,,,,,,,,,,,,,,,,,,,,,,5,7.376399288711833,0.11637629163894125,1.0,-0.3333333333333333,-0.7333333333333294,-1.0,0.6666666666666667,1.8666666666666671,0.6666666666666667,0.0,0.0,0.0,-0.15322580645161565,-1.3021505376344091,30.16666666666667,2.0,0.0,-27.400000000000006,-0.06295412877380041,1.333333333333333,0.0,,,,,,,,,,,,,,,,,,,,,,,,,,,,,,,,,,,,,,
2018-06,무주군,1159.0551181102362,254.0,11,13,2,19.7,2,1.2000000000000028,1,0,0,0.0,21.86,14.066666666666666,122.0,7,5.0,30,7.0,199.0,6,2,0.4560036663611366,13,2,19.7,7.0,2,1.2000000000000028,1,0,0,0.0,21.86,14.066666666666666,122.0,7,5.0,199.0,0.4560036663611366,6,2,4.0,0.0,2.5000000000000036,0.0,1.0,2.8000000000000007,1.0,0.0,0.0,0.0,17.551612903225806,14.14838709677419,96.5,8.0,0.0,201.3,0.46190913262964667,7.0,0.0,,,,,,,,,,,,,,,,,,,,6,7.055360398818322,-0.5897640656718268,0.6666666666666661,-1.0,-1.9333333333333371,-0.666666666666667,-0.3333333333333335,-0.09999999999999787,-3.0,0.0,0.0,0.0,-0.443888888888889,1.0077777777777737,-9.5,-1.333333333333334,1.6666666666666665,8.666666666666657,0.019921457911794893,-1.666666666666667,-4.333333333333333,1.0,-0.3333333333333333,-0.7333333333333294,-1.0,0.6666666666666667,1.8666666666666671,0.6666666666666667,0.0,0.0,0.0,-0.15322580645161565,-1.3021505376344091,30.16666666666667,2.0,0.0,-27.400000000000006,-0.06295412877380041,1.333333333333333,0.0,,,,,,,,,,,,,,,,,,,
2018-07,무주군,1570.7602339181287,684.0,20,23,21,120.10000000000002,24,45.7,24,0,0,0.0,26.76774193548387,11.683870967741935,134.5,5,0.0,31,22.0,205.0,8,3,0.46223224351747466,23,21,120.10000000000002,22.0,24,45.7,24,0,0,0.0,26.76774193548387,11.683870967741935,134.5,5,0.0,205.0,0.46223224351747466,8,3,13.0,2.0,19.7,7.0,2.0,1.2000000000000028,1.0,0.0,0.0,0.0,21.86,14.066666666666666,122.0,7.0,5.0,199.0,0.4560036663611366,6.0,2.0,4.0,0.0,2.5000000000000036,0.0,1.0,2.8000000000000007,1.0,0.0,0.0,0.0,17.551612903225806,14.14838709677419,96.5,8.0,0.0,201.3,0.46190913262964667,7.0,0.0,7,7.359315006568615,-0.4557190486574383,8.666666666666666,12.666666666666666,69.36666666666667,11.0,7.0,13.366666666666667,9.0,0.0,0.0,0.0,1.8913978494623649,1.9462365591397859,-186.66666666666669,-7.0,-6.333333333333333,72.4,0.16322326495799966,-6.333333333333334,-6.333333333333334,0.6666666666666661,-1.0,-1.9333333333333371,-0.666666666666667,-0.3333333333333335,-0.09999999999999787,-3.0,0.0,0.0,0.0,-0.443888888888889,1.0077777777777737,-9.5,-1.333333333333334,1.6666666666666665,8.666666666666657,0.019921457911794893,-1.666666666666667,-4.333333333333333,1.0,-0.3333333333333333,-0.7333333333333294,-1.0,0.6666666666666667,1.8666666666666671,0.6666666666666667,0.0,0.0,0.0,-0.15322580645161565,-1.3021505376344091,30.16666666666667,2.0,0.0,-27.400000000000006,-0.06295412877380041,1.333333333333333,0.0
2018-08,무주군,3582.6506024096384,830.0,21,24,21,130.1,22,42.5,26,0,0,0.0,27.11774193548387,12.551612903225804,355.0,7,3.0,31,22.0,191.6,9,2,0.4580444656944776,24,21,130.1,22.0,22,42.5,26,0,0,0.0,27.11774193548387,12.551612903225804,355.0,7,3.0,191.6,0.4580444656944776,9,2,23.0,21.0,120.10000000000002,22.0,24.0,45.7,24.0,0.0,0.0,0.0,26.76774193548387,11.683870967741935,134.5,5.0,0.0,205.0,0.46223224351747466,8.0,3.0,13.0,2.0,19.7,7.0,2.0,1.2000000000000028,1.0,0.0,0.0,0.0,21.86,14.066666666666666,122.0,7.0,5.0,199.0,0.4560036663611366,6.0,2.0,8,8.183858197174535,-0.23892051619320753,0.33333333333333215,6.666666666666666,43.13333333333334,-0.33333333333333215,-1.6666666666666679,-13.733333333333327,1.0,0.0,0.0,0.0,0.38494623655913784,1.8064516129032242,43.0,-3.333333333333334,-2.0,28.03333333333333,0.06684204050390663,-2.333333333333334,-11.0,8.666666666666666,12.666666666666666,69.36666666666667,11.0,7.0,13.366666666666667,9.0,0.0,0.0,0.0,1.8913978494623649,1.9462365591397859,-186.66666666666669,-7.0,-6.333333333333333,72.4,0.16322326495799966,-6.333333333333334,-6.333333333333334,0.6666666666666661,-1.0,-1.9333333333333371,-0.666666666666667,-0.3333333333333335,-0.09999999999999787,-3.0,0.0,0.0,0.0,-0.443888888888889,1.0077777777777737,-9.5,-1.333333333333334,1.6666666666666665,8.666666666666657,0.019921457911794893,-1.666666666666667,-4.333333333333333
2018-09,무주군,4527.717391304348,368.0,13,0,0,0.0,0,0.0,0,0,0,0.0,19.279999999999998,12.026666666666664,81.0,7,3.0,30,0.0,131.7,12,3,0.3536519871106337,0,0,0.0,0.0,0,0.0,0,0,0,0.0,19.279999999999998,12.026666666666664,81.0,7,3.0,131.7,0.3536519871106337,12,3,24.0,21.0,130.1,22.0,22.0,42.5,26.0,0.0,0.0,0.0,27.11774193548387,12.551612903225804,355.0,7.0,3.0,191.6,0.4580444656944776,9.0,2.0,23.0,21.0,120.10000000000002,22.0,24.0,45.7,24.0,0.0,0.0,0.0,26.76774193548387,11.683870967741935,134.5,5.0,0.0,205.0,0.46223224351747466,8.0,3.0,9,8.417973204354015,0.010424032463589583,-2.0,0.0,-1.4666666666666661,0.0,-3.3333333333333335,-3.5,-2.0,0.0,0.0,0.0,-0.8738888888888923,1.2588888888888885,-94.33333333333334,-1.666666666666666,-0.3333333333333335,9.799999999999997,0.026261789717945627,-1.666666666666666,-1.666666666666667,0.33333333333333215,6.666666666666666,43.13333333333334,-0.33333333333333215,-1.6666666666666679,-13.733333333333327,1.0,0.0,0.0,0.0,0.38494623655913784,1.8064516129032242,43.0,-3.333333333333334,-2.0,28.03333333333333,0.06684204050390663,-2.333333333333334,-11.0,8.666666666666666,12.666666666666666,69.36666666666667,11.0,7.0,13.366666666666667,9.0,0.0,0.0,0.0,1.8913978494623649,1.9462365591397859,-186.66666666666669,-7.0,-6.333333333333333,72.4,0.16322326495799966,-6.333333333333334,-6.333333333333334
2018-10,무주군,2252.9761904761904,336.0,13,0,0,0.0,0,0.0,0,2,0,1.9,11.28225806451613,13.906451612903227,181.5,8,0.0,31,0.0,189.7,6,0,0.5416904625928041,0,0,0.0,0.0,0,0.0,0,2,0,1.9,11.28225806451613,13.906451612903227,181.5,8,0.0,189.7,0.5416904625928041,6,0,0.0,0.0,0.0,0.0,0.0,0.0,0.0,0.0,0.0,0.0,19.279999999999998,12.026666666666664,81.0,7.0,3.0,131.7,0.3536519871106337,12.0,3.0,24.0,21.0,130.1,22.0,22.0,42.5,26.0,0.0,0.0,0.0,27.11774193548387,12.551612903225804,355.0,7.0,3.0,191.6,0.4580444656944776,9.0,2.0,10,7.720007372456381,-0.4176138538764267,0.0,0.0,0.0,0.0,0.0,0.0,0.0,0.33333333333333326,0.0,1.2333333333333334,-1.67741935483871,0.49677419354839003,88.83333333333333,3.0,0.0,0.5666666666666629,0.001579493443328972,-1.0,0.0,-2.0,0.0,-1.4666666666666661,0.0,-3.3333333333333335,-3.5,-2.0,0.0,0.0,0.0,-0.8738888888888923,1.2588888888888885,-94.33333333333334,-1.666666666666666,-0.3333333333333335,9.799999999999997,0.026261789717945627,-1.666666666666666,-1.666666666666667,0.33333333333333215,6.666666666666666,43.13333333333334,-0.33333333333333215,-1.6666666666666679,-13.733333333333327,1.0,0.0,0.0,0.0,0.38494623655913784,1.8064516129032242,43.0,-3.333333333333334,-2.0,28.03333333333333,0.06684204050390663,-2.333333333333334,-11.0
2019-05,무주군,2504.0,100.0,5,4,1,6.799999999999997,0,0.0,0,0,0,0.0,17.470967741935485,18.18064516129032,32.5,2,0.0,31,3.0,273.7,3,0,0.6286173633440515,4,1,6.799999999999997,3.0,0,0.0,0,0,0,0.0,17.470967741935485,18.18064516129032,32.5,2,0.0,273.7,0.6286173633440515,3,0,0.0,0.0,0.0,0.0,0.0,0.0,0.0,2.0,0.0,1.9,11.28225806451613,13.906451612903227,181.5,8.0,0.0,189.7,0.5416904625928041,6.0,0.0,0.0,0.0,0.0,0.0,0.0,0.0,0.0,0.0,0.0,0.0,19.279999999999998,12.026666666666664,81.0,7.0,3.0,131.7,0.3536519871106337,12.0,3.0,5,7.825644732219989,0.5656217351470971,1.0,0.6666666666666667,3.566666666666664,2.0,-0.3333333333333333,-0.9333333333333336,-0.3333333333333333,0.0,0.0,0.0,-0.23387096774193594,2.7301075268817225,-33.83333333333333,-4.0,0.0,44.99999999999997,0.10375410194060442,-2.666666666666667,0.0,0.0,0.0,0.0,0.0,0.0,0.0,0.0,-5.5,0.0,-8.999999999999998,0.8019623655913986,-1.4584408602150543,79.0,2.0,-1.5,-31.80000000000001,-0.05100991482812156,0.5,0.0,0.0,0.0,0.0,0.0,0.0,0.0,0.0,-11.0,-1.5,-27.4,6.135967741935483,-1.84956989247312,29.75,1.5,1.5,-43.0,-0.11601769759345903,3.0,1.5
2019-06,무주군,2745.6521739130435,184.0,8,9,1,13.999999999999996,3,1.8999999999999986,1,0,0,0.0,21.733333333333334,12.933333333333337,88.0,7,0.0,30,3.0,194.8,8,2,0.44637946837763526,9,1,13.999999999999996,3.0,3,1.8999999999999986,1,0,0,0.0,21.733333333333334,12.933333333333337,88.0,7,0.0,194.8,0.44637946837763526,8,2,4.0,1.0,6.799999999999997,3.0,0.0,0.0,0.0,0.0,0.0,0.0,17.470967741935485,18.18064516129032,32.5,2.0,0.0,273.7,0.6286173633440515,3.0,0.0,0.0,0.0,0.0,0.0,0.0,0.0,0.0,2.0,0.0,1.9,11.28225806451613,13.906451612903227,181.5,8.0,0.0,189.7,0.5416904625928041,6.0,0.0,6,7.917773911849488,0.27264944735933927,-3.333333333333334,-2.0,-7.63333333333334,-4.666666666666667,0.6666666666666665,0.5999999999999979,-3.0,0.0,0.0,0.0,-0.5705555555555542,-0.12555555555555564,-43.5,-1.333333333333334,-3.3333333333333335,4.466666666666669,0.010297259928293556,0.33333333333333304,-4.333333333333333,1.0,0.6666666666666667,3.566666666666664,2.0,-0.3333333333333333,-0.9333333333333336,-0.3333333333333333,0.0,0.0,0.0,-0.23387096774193594,2.7301075268817225,-33.83333333333333,-4.0,0.0,44.99999999999997,0.10375410194060442,-2.666666666666667,0.0,0.0,0.0,0.0,0.0,0.0,0.0,0.0,-5.5,0.0,-8.999999999999998,0.8019623655913986,-1.4584408602150543,79.0,2.0,-1.5,-31.80000000000001,-0.05100991482812156,0.5,0.0
2019-07,무주군,2158.3034647550776,837.0,18,13,4,26.799999999999997,16,36.599999999999994,14,0,0,0.0,24.729032258064517,9.832258064516129,209.0,11,4.0,31,11.0,123.1,15,7,0.27756482525366405,13,4,26.799999999999997,11.0,16,36.599999999999994,14,0,0,0.0,24.729032258064517,9.832258064516129,209.0,11,4.0,123.1,0.27756482525366405,15,7,9.0,1.0,13.999999999999996,3.0,3.0,1.8999999999999986,1.0,0.0,0.0,0.0,21.733333333333334,12.933333333333337,88.0,7.0,0.0,194.8,0.44637946837763526,8.0,2.0,4.0,1.0,6.799999999999997,3.0,0.0,0.0,0.0,0.0,0.0,0.0,17.470967741935485,18.18064516129032,32.5,2.0,0.0,273.7,0.6286173633440515,3.0,0.0,7,7.6770777590803565,-0.13795629614569638,-1.333333333333334,-4.333333333333334,-23.933333333333344,0.0,-1.0,4.266666666666659,-1.0,0.0,0.0,0.0,-0.14731182795698672,0.09462365591397948,-112.16666666666669,-1.0,-2.333333333333333,-9.5,-0.021444153305810953,0.6666666666666661,-2.333333333333334,-3.333333333333334,-2.0,-7.63333333333334,-4.666666666666667,0.6666666666666665,0.5999999999999979,-3.0,0.0,0.0,0.0,-0.5705555555555542,-0.12555555555555564,-43.5,-1.333333333333334,-3.3333333333333335,4.466666666666669,0.010297259928293556,0.33333333333333304,-4.333333333333333,1.0,0.6666666666666667,3.566666666666664,2.0,-0.3333333333333333,-0.9333333333333336,-0.3333333333333333,0.0,0.0,0.0,-0.23387096774193594,2.7301075268817225,-33.83333333333333,-4.0,0.0,44.99999999999997,0.10375410194060442,-2.666666666666667,0.0
2019-08,무주군,3215.113185086551,1502.0,25,21,12,62.9,18,44.1,21,0,0,0.0,25.870967741935484,10.561290322580648,149.0,10,0.0,31,20.0,167.9,9,9,0.4013865646665073,21,12,62.9,20.0,18,44.1,21,0,0,0.0,25.870967741935484,10.561290322580648,149.0,10,0.0,167.9,0.4013865646665073,9,9,13.0,4.0,26.799999999999997,11.0,16.0,36.599999999999994,14.0,0.0,0.0,0.0,24.729032258064517,9.832258064516129,209.0,11.0,4.0,123.1,0.27756482525366405,15.0,7.0,9.0,1.0,13.999999999999996,3.0,3.0,1.8999999999999986,1.0,0.0,0.0,0.0,21.733333333333334,12.933333333333337,88.0,7.0,0.0,194.8,0.44637946837763526,8.0,2.0,8,8.075617841366663,-0.3471608720010799,-2.666666666666668,-2.333333333333334,-24.066666666666656,-2.333333333333332,-5.666666666666668,-12.133333333333326,-4.0,0.0,0.0,0.0,-0.8618279569892486,-0.18387096774193168,-163.0,-0.3333333333333339,-5.0,4.333333333333343,0.010184139475936327,-2.333333333333334,-4.0,-1.333333333333334,-4.333333333333334,-23.933333333333344,0.0,-1.0,4.266666666666659,-1.0,0.0,0.0,0.0,-0.14731182795698672,0.09462365591397948,-112.16666666666669,-1.0,-2.333333333333333,-9.5,-0.021444153305810953,0.6666666666666661,-2.333333333333334,-3.333333333333334,-2.0,-7.63333333333334,-4.666666666666667,0.6666666666666665,0.5999999999999979,-3.0,0.0,0.0,0.0,-0.5705555555555542,-0.12555555555555564,-43.5,-1.333333333333334,-3.3333333333333335,4.466666666666669,0.010297259928293556,0.33333333333333304,-4.333333333333333
2019-09,무주군,3781.6326530612246,392.0,16,5,0,4.0,8,7.0,5,0,0,0.0,21.416666666666668,10.219999999999999,222.5,10,7.0,30,0.0,118.3,15,7,0.3174134692782399,5,0,4.0,0.0,8,7.0,5,0,0,0.0,21.416666666666668,10.219999999999999,222.5,10,7.0,118.3,0.3174134692782399,15,7,21.0,12.0,62.9,20.0,18.0,44.1,21.0,0.0,0.0,0.0,25.870967741935484,10.561290322580648,149.0,10.0,0.0,167.9,0.4013865646665073,9.0,9.0,13.0,4.0,26.799999999999997,11.0,16.0,36.599999999999994,14.0,0.0,0.0,0.0,24.729032258064517,9.832258064516129,209.0,11.0,4.0,123.1,0.27756482525366405,15.0,7.0,9,8.237911114162825,-0.16963805772759954,3.0,0.0,2.533333333333334,0.0,4.666666666666666,3.5,3.0,0.0,0.0,0.0,1.262777777777778,-0.5477777777777764,47.16666666666666,1.333333333333334,3.6666666666666665,-3.5999999999999943,-0.009976728114448219,1.333333333333334,2.333333333333333,-2.666666666666668,-2.333333333333334,-24.066666666666656,-2.333333333333332,-5.666666666666668,-12.133333333333326,-4.0,0.0,0.0,0.0,-0.8618279569892486,-0.18387096774193168,-163.0,-0.3333333333333339,-5.0,4.333333333333343,0.010184139475936327,-2.333333333333334,-4.0,-1.333333333333334,-4.333333333333334,-23.933333333333344,0.0,-1.0,4.266666666666659,-1.0,0.0,0.0,0.0,-0.14731182795698672,0.09462365591397948,-112.16666666666669,-1.0,-2.333333333333333,-9.5,-0.021444153305810953,0.6666666666666661,-2.333333333333334
2019-10,무주군,5431.675392670157,764.0,24,0,0,0.0,0,0.0,0,1,0,0.0,14.787096774193548,12.587096774193549,92.0,4,0.0,31,0.0,171.3,10,0,0.4885909868796349,0,0,0.0,0.0,0,0.0,0,1,0,0.0,14.787096774193548,12.587096774193549,92.0,4,0.0,171.3,0.4885909868796349,10,0,5.0,0.0,4.0,0.0,8.0,7.0,5.0,0.0,0.0,0.0,21.416666666666668,10.219999999999999,222.5,10.0,7.0,118.3,0.3174134692782399,15.0,7.0,21.0,12.0,62.9,20.0,18.0,44.1,21.0,0.0,0.0,0.0,25.870967741935484,10.561290322580648,149.0,10.0,0.0,167.9,0.4013865646665073,9.0,9.0,10,8.600002909107967,0.4623816827751597,0.0,0.0,0.0,0.0,0.0,0.0,0.0,-0.6666666666666667,0.0,-0.6666666666666666,1.8274193548387085,-0.8225806451612883,-0.6666666666666714,-1.0,0.0,-17.833333333333314,-0.05151998226984017,3.0,0.0,3.0,0.0,2.533333333333334,0.0,4.666666666666666,3.5,3.0,0.0,0.0,0.0,1.262777777777778,-0.5477777777777764,47.16666666666666,1.333333333333334,3.6666666666666665,-3.5999999999999943,-0.009976728114448219,1.333333333333334,2.333333333333333,-2.666666666666668,-2.333333333333334,-24.066666666666656,-2.333333333333332,-5.666666666666668,-12.133333333333326,-4.0,0.0,0.0,0.0,-0.8618279569892486,-0.18387096774193168,-163.0,-0.3333333333333339,-5.0,4.333333333333343,0.010184139475936327,-2.333333333333334,-4.0
2019-11,무주군,2663.7648809523807,672.0,17,0,0,0.0,0,0.0,0,16,3,50.1,7.825,15.616666666666665,31.0,5,0.0,30,0.0,151.6,10,0,0.48966408268733846,0,0,0.0,0.0,0,0.0,0,16,3,50.1,7.825,15.616666666666665,31.0,5,0.0,151.6,0.48966408268733846,10,0,0.0,0.0,0.0,0.0,0.0,0.0,0.0,1.0,0.0,0.0,14.787096774193548,12.587096774193549,92.0,4.0,0.0,171.3,0.4885909868796349,10.0,0.0,5.0,0.0,4.0,0.0,8.0,7.0,5.0,0.0,0.0,0.0,21.416666666666668,10.219999999999999,222.5,10.0,7.0,118.3,0.3174134692782399,15.0,7.0,11,7.8874957698645645,-0.20421944246661639,0.0,0.0,0.0,0.0,0.0,0.0,0.0,1.0,1.5,10.0,0.21666666666666679,1.593333333333332,-10.0,0.0,-1.5,-6.549999999999983,-0.021586593402367626,0.0,0.0,0.0,0.0,0.0,0.0,0.0,0.0,0.0,-0.5,0.0,-0.05,0.9887096774193544,-0.574193548387095,43.75,0.5,0.0,-17.55000000000001,-0.05073023554817563,2.5,0.0,2.0,0.0,1.8000000000000007,0.0,3.0,1.75,2.0,0.0,0.0,0.0,0.8258333333333319,0.081666666666667,0.0,0.5,3.5,1.2999999999999972,0.0031541667445246224,0.5,1.5
2020-03,무주군,1250.0,96.0,3,0,0,0.0,0,0.0,0,22,3,54.8,7.008064516129032,15.725806451612906,21.5,4,0.0,31,0.0,217.7,6,0,0.5856873822975518,0,0,0.0,0.0,0,0.0,0,22,3,54.8,7.008064516129032,15.725806451612906,21.5,4,0.0,217.7,0.5856873822975518,6,0,0.0,0.0,0.0,0.0,0.0,0.0,0.0,16.0,3.0,50.1,7.825,15.616666666666665,31.0,5.0,0.0,151.6,0.48966408268733846,10.0,0.0,0.0,0.0,0.0,0.0,0.0,0.0,0.0,1.0,0.0,0.0,14.787096774193548,12.587096774193549,92.0,4.0,0.0,171.3,0.4885909868796349,10.0,0.0,3,7.1308988302963465,0.0,0.0,0.0,0.0,0.0,0.0,0.0,0.0,0.0,0.0,0.0,0.0,0.0,0.0,0.0,0.0,0.0,0.0,0.0,0.0,0.0,0.0,0.0,0.0,0.0,0.0,0.0,0.0,0.0,0.0,0.0,0.0,0.0,0.0,0.0,0.0,0.0,0.0,0.0,0.0,0.0,0.0,0.0,0.0,0.0,0.0,0.0,0.0,0.0,0.0,0.0,0.0,0.0,0.0,0.0,0.0,0.0,0.0
2020-04,무주군,1194.8019801980197,404.0,9,0,0,0.0,0,0.0,0,13,0,19.9,9.678333333333335,16.823333333333334,23.5,4,3.0,30,0.0,253.3,5,0,0.6437102922490471,0,0,0.0,0.0,0,0.0,0,13,0,19.9,9.678333333333335,16.823333333333334,23.5,4,3.0,253.3,0.6437102922490471,5,0,0.0,0.0,0.0,0.0,0.0,0.0,0.0,22.0,3.0,54.8,7.008064516129032,15.725806451612906,21.5,4.0,0.0,217.7,0.5856873822975518,6.0,0.0,0.0,0.0,0.0,0.0,0.0,0.0,0.0,16.0,3.0,50.1,7.825,15.616666666666665,31.0,5.0,0.0,151.6,0.48966408268733846,10.0,0.0,4,7.085735743687434,0.0,0.0,0.0,0.0,0.0,0.0,0.0,0.0,0.0,0.0,0.0,0.0,0.0,0.0,0.0,0.0,0.0,0.0,0.0,0.0,0.0,0.0,0.0,0.0,0.0,0.0,0.0,0.0,0.0,0.0,0.0,0.0,0.0,0.0,0.0,0.0,0.0,0.0,0.0,0.0,0.0,0.0,0.0,0.0,0.0,0.0,0.0,0.0,0.0,0.0,0.0,0.0,0.0,0.0,0.0,0.0,0.0,0.0
2020-05,무주군,719.1176470588235,340.0,4,1,0,0.3999999999999986,0,0.0,0,0,0,0.0,18.09193548387097,14.02258064516129,70.0,8,0.0,31,0.0,211.1,7,0,0.4840632882366429,1,0,0.3999999999999986,0.0,0,0.0,0,0,0,0.0,18.09193548387097,14.02258064516129,70.0,8,0.0,211.1,0.4840632882366429,7,0,0.0,0.0,0.0,0.0,0.0,0.0,0.0,13.0,0.0,19.9,9.678333333333335,16.823333333333334,23.5,4.0,3.0,253.3,0.6437102922490471,5.0,0.0,0.0,0.0,0.0,0.0,0.0,0.0,0.0,22.0,3.0,54.8,7.008064516129032,15.725806451612906,21.5,4.0,0.0,217.7,0.5856873822975518,6.0,0.0,5,6.578024970286856,-0.6819980267860357,-2.0,-0.3333333333333333,-2.8333333333333344,-1.0,-0.3333333333333333,-0.9333333333333336,-0.3333333333333333,0.0,0.0,0.0,0.38709677419354804,-1.4279569892473098,3.6666666666666714,2.0,0.0,-17.600000000000023,-0.04079997316680417,1.333333333333333,0.0,0.0,0.0,0.0,0.0,0.0,0.0,0.0,5.5,0.0,9.0,-0.8019623655913968,1.4584408602150525,-79.0,-2.0,1.5,31.80000000000001,0.05100991482812145,-0.5,0.0,0.0,0.0,0.0,0.0,0.0,0.0,0.0,11.0,1.5,27.4,-6.135967741935483,1.8495698924731219,-29.75,-1.5,-1.5,43.0,0.11601769759345903,-3.0,-1.5
2020-06,무주군,2870.4930338645418,1004.0,8,15,6,31.200000000000006,2,0.8000000000000007,10,0,0,0.0,23.31833333333333,12.17666666666667,184.5,11,5.0,30,13.0,177.2,9,15,0.40586349060925325,15,6,31.200000000000006,13.0,2,0.8000000000000007,10,0,0,0.0,23.31833333333333,12.17666666666667,184.5,11,5.0,177.2,0.40586349060925325,9,15,1.0,0.0,0.3999999999999986,0.0,0.0,0.0,0.0,0.0,0.0,0.0,18.09193548387097,14.02258064516129,70.0,8.0,0.0,211.1,0.4840632882366429,7.0,0.0,0.0,0.0,0.0,0.0,0.0,0.0,0.0,13.0,0.0,19.9,9.678333333333335,16.823333333333334,23.5,4.0,3.0,253.3,0.6437102922490471,5.0,0.0,6,7.962239082802636,0.31711461831248755,2.666666666666666,3.0,9.56666666666667,5.333333333333333,-0.3333333333333335,-0.5,6.0,0.0,0.0,0.0,1.0144444444444431,-0.8822222222222234,53.0,2.666666666666666,1.6666666666666665,-13.133333333333354,-0.03021871784008845,1.333333333333333,8.666666666666668,-2.0,-0.3333333333333333,-2.8333333333333344,-1.0,-0.3333333333333333,-0.9333333333333336,-0.3333333333333333,0.0,0.0,0.0,0.38709677419354804,-1.4279569892473098,3.6666666666666714,2.0,0.0,-17.600000000000023,-0.04079997316680417,1.333333333333333,0.0,0.0,0.0,0.0,0.0,0.0,0.0,0.0,5.5,0.0,9.0,-0.8019623655913968,1.4584408602150525,-79.0,-2.0,1.5,31.80000000000001,0.05100991482812145,-0.5,0.0
2020-07,무주군,4485.967184801381,2316.0,26,7,0,5.300000000000001,11,14.7,7,0,0,0.0,23.13225806451613,7.696774193548387,620.0,20,15.0,31,0.0,69.7,20,18,0.15722986690728627,7,0,5.300000000000001,0.0,11,14.7,7,0,0,0.0,23.13225806451613,7.696774193548387,620.0,20,15.0,69.7,0.15722986690728627,20,18,15.0,6.0,31.200000000000006,13.0,2.0,0.8000000000000007,10.0,0.0,0.0,0.0,23.31833333333333,12.17666666666667,184.5,11.0,5.0,177.2,0.40586349060925325,9.0,15.0,1.0,0.0,0.3999999999999986,0.0,0.0,0.0,0.0,0.0,0.0,0.0,18.09193548387097,14.02258064516129,70.0,8.0,0.0,211.1,0.4840632882366429,7.0,0.0,7,8.408709400029187,0.5936753448031338,-7.333333333333334,-8.333333333333334,-45.43333333333334,-11.0,-6.0,-17.633333333333336,-8.0,0.0,0.0,0.0,-1.7440860215053746,-2.0408602150537627,298.8333333333333,8.0,8.666666666666668,-62.89999999999999,-0.14177911165218873,5.666666666666666,8.666666666666666,2.666666666666666,3.0,9.56666666666667,5.333333333333333,-0.3333333333333335,-0.5,6.0,0.0,0.0,0.0,1.0144444444444431,-0.8822222222222234,53.0,2.666666666666666,1.6666666666666665,-13.133333333333354,-0.03021871784008845,1.333333333333333,8.666666666666668,-2.0,-0.3333333333333333,-2.8333333333333344,-1.0,-0.3333333333333333,-0.9333333333333336,-0.3333333333333333,0.0,0.0,0.0,0.38709677419354804,-1.4279569892473098,3.6666666666666714,2.0,0.0,-17.600000000000023,-0.04079997316680417,1.333333333333333,0.0
2020-08,무주군,8175.197067262217,1903.0,24,26,10,67.89999999999998,31,82.1,28,0,0,0.0,27.20967741935484,9.122580645161289,432.0,14,12.0,31,25.0,131.2,16,28,0.3141762452107279,26,10,67.89999999999998,25.0,31,82.1,28,0,0,0.0,27.20967741935484,9.122580645161289,432.0,14,12.0,131.2,0.3141762452107279,16,28,7.0,0.0,5.300000000000001,0.0,11.0,14.7,7.0,0.0,0.0,0.0,23.13225806451613,7.696774193548387,620.0,20.0,15.0,69.7,0.15722986690728627,20.0,18.0,15.0,6.0,31.200000000000006,13.0,2.0,0.8000000000000007,10.0,0.0,0.0,0.0,23.31833333333333,12.17666666666667,184.5,11.0,5.0,177.2,0.40586349060925325,9.0,15.0,8,9.008860101562028,0.5860813881942857,2.333333333333332,-4.333333333333334,-19.066666666666677,2.666666666666668,7.333333333333332,25.866666666666667,3.0,0.0,0.0,0.0,0.47688172043010724,-1.6225806451612907,120.0,3.666666666666666,7.0,-32.366666666666674,-0.07702617997984307,4.666666666666666,15.0,-7.333333333333334,-8.333333333333334,-45.43333333333334,-11.0,-6.0,-17.633333333333336,-8.0,0.0,0.0,0.0,-1.7440860215053746,-2.0408602150537627,298.8333333333333,8.0,8.666666666666668,-62.89999999999999,-0.14177911165218873,5.666666666666666,8.666666666666666,2.666666666666666,3.0,9.56666666666667,5.333333333333333,-0.3333333333333335,-0.5,6.0,0.0,0.0,0.0,1.0144444444444431,-0.8822222222222234,53.0,2.666666666666666,1.6666666666666665,-13.133333333333354,-0.03021871784008845,1.333333333333333,8.666666666666668
2020-09,무주군,5254.095765052356,1528.0,24,1,0,0.3999999999999986,2,3.5,1,0,0,0.0,19.765,10.056666666666665,222.5,9,0.0,30,0.0,115.7,14,4,0.3111051357891907,1,0,0.3999999999999986,0.0,2,3.5,1,0,0,0.0,19.765,10.056666666666665,222.5,9,0.0,115.7,0.3111051357891907,14,4,26.0,10.0,67.89999999999998,25.0,31.0,82.1,28.0,0.0,0.0,0.0,27.20967741935484,9.122580645161289,432.0,14.0,12.0,131.2,0.3141762452107279,16.0,28.0,7.0,0.0,5.300000000000001,0.0,11.0,14.7,7.0,0.0,0.0,0.0,23.13225806451613,7.696774193548387,620.0,20.0,15.0,69.7,0.15722986690728627,20.0,18.0,9,8.566763197154433,0.15921402526400819,-1.0,0.0,-1.0666666666666675,0.0,-1.3333333333333335,0.0,-1.0,0.0,0.0,0.0,-0.3888888888888893,-0.7111111111111104,47.16666666666666,0.3333333333333339,-3.3333333333333335,-6.199999999999989,-0.01628506160349741,0.3333333333333339,-0.666666666666667,2.333333333333332,-4.333333333333334,-19.066666666666677,2.666666666666668,7.333333333333332,25.866666666666667,3.0,0.0,0.0,0.0,0.47688172043010724,-1.6225806451612907,120.0,3.666666666666666,7.0,-32.366666666666674,-0.07702617997984307,4.666666666666666,15.0,-7.333333333333334,-8.333333333333334,-45.43333333333334,-11.0,-6.0,-17.633333333333336,-8.0,0.0,0.0,0.0,-1.7440860215053746,-2.0408602150537627,298.8333333333333,8.0,8.666666666666668,-62.89999999999999,-0.14177911165218873,5.666666666666666,8.666666666666666
2020-10,무주군,3271.0077519379847,645.0,19,0,0,0.0,0,0.0,0,2,0,0.1,12.80967741935484,13.73548387096774,4.5,3,0.0,31,0.0,206.4,5,0,0.5900514579759862,0,0,0.0,0.0,0,0.0,0,2,0,0.1,12.80967741935484,13.73548387096774,4.5,3,0.0,206.4,0.5900514579759862,5,0,1.0,0.0,0.3999999999999986,0.0,2.0,3.5,1.0,0.0,0.0,0.0,19.765,10.056666666666665,222.5,9.0,0.0,115.7,0.3111051357891907,14.0,4.0,26.0,10.0,67.89999999999998,25.0,31.0,82.1,28.0,0.0,0.0,0.0,27.20967741935484,9.122580645161289,432.0,14.0,12.0,131.2,0.3141762452107279,16.0,28.0,10,8.092853397434073,-0.04476782889873476,0.0,0.0,0.0,0.0,0.0,0.0,0.0,0.33333333333333326,0.0,-0.5666666666666667,-0.15000000000000036,0.3258064516129018,-88.16666666666667,-2.0,0.0,17.26666666666668,0.04994048882651114,-2.0,0.0,-1.0,0.0,-1.0666666666666675,0.0,-1.3333333333333335,0.0,-1.0,0.0,0.0,0.0,-0.3888888888888893,-0.7111111111111104,47.16666666666666,0.3333333333333339,-3.3333333333333335,-6.199999999999989,-0.01628506160349741,0.3333333333333339,-0.666666666666667,2.333333333333332,-4.333333333333334,-19.066666666666677,2.666666666666668,7.333333333333332,25.866666666666667,3.0,0.0,0.0,0.0,0.47688172043010724,-1.6225806451612907,120.0,3.666666666666666,7.0,-32.366666666666674,-0.07702617997984307,4.666666666666666,15.0
2020-11,무주군,4007.5471698113206,424.0,12,0,0,0.0,0,0.0,0,14,0,30.1,7.391666666666667,12.43,51.0,5,3.0,30,0.0,164.7,10,0,0.5328372694920737,0,0,0.0,0.0,0,0.0,0,14,0,30.1,7.391666666666667,12.43,51.0,5,3.0,164.7,0.5328372694920737,10,0,0.0,0.0,0.0,0.0,0.0,0.0,0.0,2.0,0.0,0.1,12.80967741935484,13.73548387096774,4.5,3.0,0.0,206.4,0.5900514579759862,5.0,0.0,1.0,0.0,0.3999999999999986,0.0,2.0,3.5,1.0,0.0,0.0,0.0,19.765,10.056666666666665,222.5,9.0,0.0,115.7,0.3111051357891907,14.0,4.0,11,8.295934654797799,0.20421944246661816,0.0,0.0,0.0,0.0,0.0,0.0,0.0,-1.0,-1.5,-10.0,-0.21666666666666679,-1.5933333333333337,10.0,0.0,1.5,6.550000000000011,0.02158659340236757,0.0,0.0,0.0,0.0,0.0,0.0,0.0,0.0,0.0,0.5,0.0,0.05,-0.9887096774193544,0.574193548387095,-43.75,-0.5,0.0,17.549999999999983,0.050730235548175684,-2.5,0.0,-2.0,0.0,-1.8000000000000007,0.0,-3.0,-1.75,-2.0,0.0,0.0,0.0,-0.8258333333333354,-0.081666666666667,0.0,-0.5,-3.5,-1.2999999999999972,-0.003154166744524567,-0.5,-1.5
2020-12,무주군,2540.5405405405404,148.0,3,0,0,0.0,0,0.0,0,30,20,201.3,-0.6596774193548387,11.661290322580646,4.5,2,0.0,31,0.0,152.9,10,0,0.502795133179875,0,0,0.0,0.0,0,0.0,0,30,20,201.3,-0.6596774193548387,11.661290322580646,4.5,2,0.0,152.9,0.502795133179875,10,0,0.0,0.0,0.0,0.0,0.0,0.0,0.0,14.0,0.0,30.1,7.391666666666667,12.43,51.0,5.0,3.0,164.7,0.5328372694920737,10.0,0.0,0.0,0.0,0.0,0.0,0.0,0.0,0.0,2.0,0.0,0.1,12.80967741935484,13.73548387096774,4.5,3.0,0.0,206.4,0.5900514579759862,5.0,0.0,12,7.840132148607917,0.0,0.0,0.0,0.0,0.0,0.0,0.0,0.0,0.0,0.0,0.0,0.0,0.0,0.0,0.0,0.0,0.0,0.0,0.0,0.0,0.0,0.0,0.0,0.0,0.0,0.0,0.0,0.0,0.0,0.0,0.0,0.0,0.0,0.0,0.0,0.0,0.0,0.0,0.0,0.0,0.0,0.0,0.0,0.0,0.0,0.0,0.0,0.0,0.0,0.0,0.0,0.0,0.0,0.0,0.0,0.0,0.0,0.0
2018-03,군산시,525.0,4.0,1,0,0,0.0,0,0.0,0,7,1,11.5,7.816129032258065,11.009677419354839,96.3,8,0.0,31,0.0,197.79999999999998,9,0,0.5331536388140161,0,0,0.0,0.0,0,0.0,0,7,1,11.5,7.816129032258065,11.009677419354839,96.3,8,0.0,197.79999999999998,0.5331536388140161,9,0,,,,,,,,,,,,,,,,,,,,,,,,,,,,,,,,,,,,,,,3,6.263398262591624,0.0,0.0,0.0,0.0,0.0,0.0,0.0,0.0,0.0,0.0,0.0,0.0,0.0,0.0,0.0,0.0,0.0,0.0,0.0,0.0,,,,,,,,,,,,,,,,,,,,,,,,,,,,,,,,,,,,,,
2018-05,군산시,1200.0,140.0,1,0,0,0.0,2,3.599999999999998,0,0,0,0.0,17.725806451612904,9.406451612903227,139.6,9,0.0,31,0.0,203.8,9,4,0.4668957617411226,0,0,0.0,0.0,2,3.599999999999998,0,0,0,0.0,17.725806451612904,9.406451612903227,139.6,9,0.0,203.8,0.4668957617411226,9,4,0.0,0.0,0.0,0.0,0.0,0.0,0.0,7.0,1.0,11.5,7.816129032258065,11.009677419354839,96.3,8.0,0.0,197.79999999999998,0.5331536388140161,9.0,0.0,,,,,,,,,,,,,,,,,,,,5,7.090076835776092,0.581575404902841,-0.5,0.0,0.0,0.0,1.0,1.799999999999999,0.0,0.0,0.0,0.0,0.12258064516129252,-1.0354838709677434,47.650000000000006,2.5,0.0,-45.54999999999998,-0.10450765431165276,3.0,2.0,0.0,0.0,0.0,0.0,0.0,0.0,0.0,3.0,0.5,5.55,-1.866935483870968,0.39317204301075215,8.75,0.5,-1.5,-0.5000000000000284,0.013714952197646513,1.0,0.0,,,,,,,,,,,,,,,,,,,
2018-08,군산시,575.0,80.0,1,25,16,92.6,29,129.5,25,0,0,0.0,27.693548387096776,8.083870967741934,495.9,9,3.0,31,23.0,245.5,8,14,0.5864787386526517,25,16,92.6,23.0,29,129.5,25,0,0,0.0,27.693548387096776,8.083870967741934,495.9,9,3.0,245.5,0.5864787386526517,8,14,0.0,0.0,0.0,0.0,2.0,3.599999999999998,0.0,0.0,0.0,0.0,17.725806451612904,9.406451612903227,139.6,9.0,0.0,203.8,0.4668957617411226,9.0,4.0,0.0,0.0,0.0,0.0,0.0,0.0,0.0,7.0,1.0,11.5,7.816129032258065,11.009677419354839,96.3,8.0,0.0,197.79999999999998,0.5331536388140161,9.0,0.0,8,6.354370040797351,0.06988097118757963,2.5,3.5,21.700000000000003,2.5,0.5,15.950000000000003,2.0,0.0,0.0,0.0,0.612903225806452,0.14032258064516068,195.7,1.5,1.5,-1.5999999999999943,-0.003467860451770055,1.5,-1.0,-0.5,0.0,0.0,0.0,1.0,1.799999999999999,0.0,0.0,0.0,0.0,0.12258064516129252,-1.0354838709677434,47.650000000000006,2.5,0.0,-45.54999999999998,-0.10450765431165276,3.0,2.0,0.0,0.0,0.0,0.0,0.0,0.0,0.0,3.0,0.5,5.55,-1.866935483870968,0.39317204301075215,8.75,0.5,-1.5,-0.5000000000000284,0.013714952197646513,1.0,0.0
2018-09,군산시,1125.0,60.0,1,2,0,0.9000000000000021,7,6.199999999999999,2,0,0,0.0,21.19,8.203333333333335,77.5,6,0.0,30,0.0,202.1,10,6,0.5424047235641438,2,0,0.9000000000000021,0.0,7,6.199999999999999,2,0,0,0.0,21.19,8.203333333333335,77.5,6,0.0,202.1,0.5424047235641438,10,6,25.0,16.0,92.6,23.0,29.0,129.5,25.0,0.0,0.0,0.0,27.693548387096776,8.083870967741934,495.9,9.0,3.0,245.5,0.5864787386526517,8.0,14.0,0.0,0.0,0.0,0.0,2.0,3.599999999999998,0.0,0.0,0.0,0.0,17.725806451612904,9.406451612903227,139.6,9.0,0.0,203.8,0.4668957617411226,9.0,4.0,9,7.025538314638521,0.6842144495083708,0.33333333333333326,0.0,-0.09999999999999787,0.0,-0.33333333333333304,-4.999999999999998,0.0,0.0,0.0,0.0,-0.21888888888889113,0.2755555555555551,-67.06666666666666,-2.333333333333334,-1.0,23.80000000000001,0.06366912741291436,-0.6666666666666661,-4.333333333333334,10.0,7.666666666666666,45.333333333333336,9.333333333333334,10.0,53.8,9.666666666666666,0.0,0.0,0.0,6.221394141638861,-0.7084946236559144,289.0,3.0,2.0,-13.599999999999966,-0.04651080680058828,3.0,4.0,-0.3333333333333333,0.0,0.0,0.0,1.3333333333333335,2.3999999999999986,0.0,-6.0,-1.0,-15.700000000000001,4.732258064516129,-0.4440860215053757,67.2,2.666666666666667,0.0,-19.299999999999983,-0.10184257903558458,2.333333333333333,2.666666666666667
2019-04,군산시,768.3526011560693,692.0,7,0,0,0.0,0,0.0,0,1,0,0.4,11.55,10.223333333333333,78.8,7,3.0,30,0.0,198.8,7,0,0.505723734418723,0,0,0.0,0.0,0,0.0,0,1,0,0.4,11.55,10.223333333333333,78.8,7,3.0,198.8,0.505723734418723,7,0,2.0,0.0,0.9000000000000021,0.0,7.0,6.199999999999999,2.0,0.0,0.0,0.0,21.19,8.203333333333335,77.5,6.0,0.0,202.1,0.5424047235641438,10.0,6.0,25.0,16.0,92.6,23.0,29.0,129.5,25.0,0.0,0.0,0.0,27.693548387096776,8.083870967741934,495.9,9.0,3.0,245.5,0.5864787386526517,8.0,14.0,4,6.64424874387476,-0.07727767565941157,0.0,0.0,0.0,0.0,0.0,0.0,0.0,0.5,0.0,0.2,0.6474137931034498,-0.13333333333333286,29.25,2.0,1.5,-42.150000000000006,-0.10667585186607675,2.5,0.0,1.0,0.0,0.45000000000000107,0.0,3.5,3.0999999999999996,1.0,-9.0,-1.5,-23.55,8.707903225806453,-0.23220430107526902,22.099999999999994,0.0,0.0,15.75,-0.010501733330213425,1.0,3.0,11.5,8.0,45.849999999999994,11.5,9.5,54.849999999999994,11.0,0.0,0.0,0.0,2.8301075268817186,0.17860215053763273,155.35000000000002,0.0,1.5,49.099999999999994,0.09573333553710617,-3.0,0.0
2019-05,군산시,375.0,104.0,1,1,0,0.0,0,0.0,0,0,0,0.0,17.480645161290322,11.477419354838712,44.3,4,0.0,31,0.0,294.9,3,0,0.6759110703644281,1,0,0.0,0.0,0,0.0,0,0,0,0.0,17.480645161290322,11.477419354838712,44.3,4,0.0,294.9,0.6759110703644281,3,0,0.0,0.0,0.0,0.0,0.0,0.0,0.0,1.0,0.0,0.4,11.55,10.223333333333333,78.8,7.0,3.0,198.8,0.505723734418723,7.0,0.0,2.0,0.0,0.9000000000000021,0.0,7.0,6.199999999999999,2.0,0.0,0.0,0.0,21.19,8.203333333333335,77.5,6.0,0.0,202.1,0.5424047235641438,10.0,6.0,5,5.926926025970411,-0.5815754049028401,0.5,0.0,0.0,0.0,-1.0,-1.799999999999999,0.0,0.0,0.0,0.0,-0.12258064516128897,1.0354838709677416,-47.64999999999999,-2.5,0.0,45.54999999999998,0.10450765431165276,-3.0,-2.0,0.0,0.0,0.0,0.0,0.0,0.0,0.0,-3.0,-0.5,-5.55,1.866935483870968,-0.3931720430107539,-8.75,-0.5,1.5,0.5,-0.013714952197646624,-1.0,0.0,0.0,0.0,0.0,0.0,0.0,0.0,0.0,0.0,0.0,0.0,0.0,0.0,0.0,0.0,0.0,0.0,0.0,0.0,0.0
2019-08,군산시,500.0,60.0,1,20,9,49.19999999999998,28,97.6,21,0,0,0.0,26.467741935483872,7.8032258064516125,104.5,6,0.0,31,18.0,248.7,5,16,0.5934144595561918,20,9,49.19999999999998,18.0,28,97.6,21,0,0,0.0,26.467741935483872,7.8032258064516125,104.5,6,0.0,248.7,0.5934144595561918,5,16,1.0,0.0,0.0,0.0,0.0,0.0,0.0,0.0,0.0,0.0,17.480645161290322,11.477419354838712,44.3,4.0,0.0,294.9,0.6759110703644281,3.0,0.0,0.0,0.0,0.0,0.0,0.0,0.0,0.0,1.0,0.0,0.4,11.55,10.223333333333333,78.8,7.0,3.0,198.8,0.505723734418723,7.0,0.0,8,6.214608098422191,-0.06988097118757963,-2.5,-3.5,-21.70000000000001,-2.5,-0.5,-15.950000000000003,-2.0,0.0,0.0,0.0,-0.612903225806452,-0.14032258064516068,-195.7,-1.5,-1.5,1.5999999999999943,0.003467860451770055,-1.5,1.0,0.5,0.0,0.0,0.0,-1.0,-1.799999999999999,0.0,0.0,0.0,0.0,-0.12258064516128897,1.0354838709677416,-47.64999999999999,-2.5,0.0,45.54999999999998,0.10450765431165276,-3.0,-2.0,0.0,0.0,0.0,0.0,0.0,0.0,0.0,-3.0,-0.5,-5.55,1.866935483870968,-0.3931720430107539,-8.75,-0.5,1.5,0.5,-0.013714952197646624,-1.0,0.0
2019-09,군산시,325.0,60.0,1,2,0,0.8999999999999986,10,19.8,3,0,0,0.0,22.033333333333335,7.726666666666668,185.2,9,0.0,30,0.0,147.3,14,14,0.3950120675784393,2,0,0.8999999999999986,0.0,10,19.8,3,0,0,0.0,22.033333333333335,7.726666666666668,185.2,9,0.0,147.3,0.3950120675784393,14,14,20.0,9.0,49.19999999999998,18.0,28.0,97.6,21.0,0.0,0.0,0.0,26.467741935483872,7.8032258064516125,104.5,6.0,0.0,248.7,0.5934144595561918,5.0,16.0,1.0,0.0,0.0,0.0,0.0,0.0,0.0,0.0,0.0,0.0,17.480645161290322,11.477419354838712,44.3,4.0,0.0,294.9,0.6759110703644281,3.0,0.0,9,5.783825182329737,-0.5574986828004125,0.33333333333333326,0.0,-0.10000000000000142,0.0,2.666666666666667,8.600000000000003,1.0,0.0,0.0,0.0,0.6244444444444426,-0.20111111111111146,40.633333333333326,0.6666666666666661,-1.0,-30.99999999999997,-0.08372352857279014,3.333333333333334,3.666666666666666,5.0,0.6666666666666661,1.933333333333323,4.333333333333334,9.0,21.89999999999999,5.666666666666666,0.0,0.0,0.0,4.995587690025957,-0.9891397849462358,-102.39999999999998,0.0,-1.0,-10.399999999999977,-0.03957508589704817,0.0,6.0,0.6666666666666667,0.0,0.0,0.0,-0.6666666666666666,-1.1999999999999993,0.0,-6.0,-1.0,-15.700000000000001,4.487096774193548,1.6268817204301094,-28.099999999999994,-2.333333333333333,0.0,71.79999999999998,0.10717272958772095,-3.666666666666667,-1.3333333333333333
2019-12,군산시,2500.0,92.0,1,0,0,0.0,0,0.0,0,18,3,47.1,3.774193548387097,8.667741935483871,33.300000000000004,6,0.0,31,0.0,170.6,8,0,0.5634081902245707,0,0,0.0,0.0,0,0.0,0,18,3,47.1,3.774193548387097,8.667741935483871,33.300000000000004,6,0.0,170.6,0.5634081902245707,8,0,2.0,0.0,0.8999999999999986,0.0,10.0,19.8,3.0,0.0,0.0,0.0,22.033333333333335,7.726666666666668,185.2,9.0,0.0,147.3,0.3950120675784393,14.0,14.0,20.0,9.0,49.19999999999998,18.0,28.0,97.6,21.0,0.0,0.0,0.0,26.467741935483872,7.8032258064516125,104.5,6.0,0.0,248.7,0.5934144595561918,5.0,16.0,12,7.824046010856292,0.0,0.0,0.0,0.0,0.0,0.0,0.0,0.0,0.0,0.0,0.0,0.0,0.0,0.0,0.0,0.0,0.0,0.0,0.0,0.0,0.0,0.0,0.0,0.0,0.0,0.0,0.0,0.0,0.0,0.0,0.0,0.0,0.0,0.0,0.0,0.0,0.0,0.0,0.0,0.0,0.0,0.0,0.0,0.0,0.0,0.0,0.0,0.0,0.0,0.0,0.0,0.0,0.0,0.0,0.0,0.0,0.0,0.0
2020-04,군산시,896.7741935483871,496.0,6,0,0,0.0,0,0.0,0,0,0,0.0,10.255172413793103,10.49,20.299999999999997,3,0.0,30,0.0,283.1,2,0,0.7190754381508764,0,0,0.0,0.0,0,0.0,0,0,0,0.0,10.255172413793103,10.49,20.299999999999997,3,0.0,283.1,0.7190754381508764,2,0,0.0,0.0,0.0,0.0,0.0,0.0,0.0,18.0,3.0,47.1,3.774193548387097,8.667741935483871,33.300000000000004,6.0,0.0,170.6,0.5634081902245707,8.0,0.0,2.0,0.0,0.8999999999999986,0.0,10.0,19.8,3.0,0.0,0.0,0.0,22.033333333333335,7.726666666666668,185.2,9.0,0.0,147.3,0.3950120675784393,14.0,14.0,4,6.798804095193582,0.07727767565941068,0.0,0.0,0.0,0.0,0.0,0.0,0.0,-0.5,0.0,-0.2,-0.647413793103448,0.13333333333333464,-29.25,-2.0,-1.5,42.150000000000006,0.10667585186607664,-2.5,0.0,-1.0,0.0,-0.45000000000000107,0.0,-3.5,-3.0999999999999996,-1.0,9.0,1.5,23.55,-8.70790322580645,0.23220430107526724,-22.1,0.0,0.0,-15.75,0.010501733330213425,-1.0,-3.0,-11.5,-8.0,-45.85,-11.5,-9.5,-54.85000000000001,-11.0,0.0,0.0,0.0,-2.830107526881722,-0.17860215053763273,-155.34999999999997,0.0,-1.5,-49.099999999999994,-0.09573333553710617,3.0,0.0
2020-09,군산시,500.0,2.0,1,1,0,1.1999999999999993,5,7.599999999999998,1,0,0,0.0,21.003333333333334,7.853333333333334,171.0,10,3.0,30,0.0,185.5,8,11,0.4987899973111052,1,0,1.1999999999999993,0.0,5,7.599999999999998,1,0,0,0.0,21.003333333333334,7.853333333333334,171.0,10,3.0,185.5,0.4987899973111052,8,11,0.0,0.0,0.0,0.0,0.0,0.0,0.0,0.0,0.0,0.0,10.255172413793103,10.49,20.299999999999997,3.0,0.0,283.1,0.7190754381508764,2.0,0.0,0.0,0.0,0.0,0.0,0.0,0.0,0.0,18.0,3.0,47.1,3.774193548387097,8.667741935483871,33.300000000000004,6.0,0.0,170.6,0.5634081902245707,8.0,0.0,9,6.214608098422191,-0.12671576670795837,-0.6666666666666667,0.0,0.1999999999999993,0.0,-2.333333333333333,-3.5999999999999996,-1.0,0.0,0.0,0.0,-0.40555555555555856,-0.07444444444444542,26.433333333333337,1.666666666666666,2.0,7.200000000000017,0.020054401159875723,-2.666666666666666,0.6666666666666661,-15.0,-8.333333333333334,-47.26666666666666,-13.666666666666666,-19.0,-75.7,-15.333333333333334,0.0,0.0,0.0,-11.216981831664812,1.697634408602152,-186.59999999999997,-3.0,-1.0,24.000000000000057,0.08608589269763645,-3.0,-10.0,-0.3333333333333333,0.0,0.0,0.0,-0.6666666666666666,-1.1999999999999993,0.0,12.0,2.0,31.4,-9.219354838709677,-1.182795698924732,-39.09999999999999,-0.33333333333333304,0.0,-52.5,-0.005330150552136481,1.333333333333333,-1.3333333333333333
2020-10,군산시,1152.914798206278,892.0,10,0,0,0.0,0,0.0,0,0,0,0.0,14.496774193548386,10.409677419354841,4.1000000000000005,1,0.0,31,0.0,226.4,5,0,0.6481534497566561,0,0,0.0,0.0,0,0.0,0,0,0,0.0,14.496774193548386,10.409677419354841,4.1000000000000005,1,0.0,226.4,0.6481534497566561,5,0,1.0,0.0,1.1999999999999993,0.0,5.0,7.599999999999998,1.0,0.0,0.0,0.0,21.003333333333334,7.853333333333334,171.0,10.0,3.0,185.5,0.4987899973111052,8.0,11.0,0.0,0.0,0.0,0.0,0.0,0.0,0.0,0.0,0.0,0.0,10.255172413793103,10.49,20.299999999999997,3.0,0.0,283.1,0.7190754381508764,2.0,0.0,10,7.050048621793862,0.0,0.0,0.0,0.0,0.0,0.0,0.0,0.0,0.0,0.0,0.0,0.0,0.0,0.0,0.0,0.0,0.0,0.0,0.0,0.0,0.0,0.0,0.0,0.0,0.0,0.0,0.0,0.0,0.0,0.0,0.0,0.0,0.0,0.0,0.0,0.0,0.0,0.0,0.0,0.0,0.0,0.0,0.0,0.0,0.0,0.0,0.0,0.0,0.0,0.0,0.0,0.0,0.0,0.0,0.0,0.0,0.0,0.0
2018-02,임실군,1048.076923076923,52.0,2,0,0,0.0,0,0.0,0,28,24,241.70000000000002,-1.8107142857142855,14.260714285714286,19.6,2,0.0,28,0.0,166.5,7,0,0.5457227138643067,0,0,0.0,0.0,0,0.0,0,28,24,241.70000000000002,-1.8107142857142855,14.260714285714286,19.6,2,0.0,166.5,0.5457227138643067,7,0,,,,,,,,,,,,,,,,,,,,,,,,,,,,,,,,,,,,,,,2,6.954712262069908,0.20181596351325126,0.0,0.0,0.0,0.0,0.0,0.0,0.0,1.5,4.5,49.400000000000006,-1.3339285714285714,0.821428571428573,-5.649999999999999,0.0,0.0,-0.6500000000000057,-0.0021304490331038872,0.0,0.0,,,,,,,,,,,,,,,,,,,,,,,,,,,,,,,,,,,,,,
2018-03,임실군,1500.0,28.0,1,0,0,0.0,0,0.0,0,18,1,40.300000000000004,7.303225806451613,14.658064516129034,95.1,9,0.0,31,0.0,194.8,10,0,0.5247844827586208,0,0,0.0,0.0,0,0.0,0,18,1,40.300000000000004,7.303225806451613,14.658064516129034,95.1,9,0.0,194.8,0.5247844827586208,10,0,0.0,0.0,0.0,0.0,0.0,0.0,0.0,28.0,24.0,241.70000000000002,-1.8107142857142855,14.260714285714286,19.6,2.0,0.0,166.5,0.5457227138643067,7.0,0.0,,,,,,,,,,,,,,,,,,,,3,7.313220387090301,0.0,0.0,0.0,0.0,0.0,0.0,0.0,0.0,0.0,0.0,0.0,0.0,0.0,0.0,0.0,0.0,0.0,0.0,0.0,0.0,0.0,0.0,0.0,0.0,0.0,0.0,0.0,0.0,0.0,0.0,0.0,0.0,0.0,0.0,0.0,0.0,0.0,0.0,0.0,,,,,,,,,,,,,,,,,,,
2018-06,임실군,1400.0,40.0,1,12,2,15.400000000000002,2,3.1000000000000014,0,0,0,0.0,21.759999999999998,12.800000000000002,181.4,6,5.0,30,7.0,199.9,6,4,0.4580659945004583,12,2,15.400000000000002,7.0,2,3.1000000000000014,0,0,0,0.0,21.759999999999998,12.800000000000002,181.4,6,5.0,199.9,0.4580659945004583,6,4,0.0,0.0,0.0,0.0,0.0,0.0,0.0,18.0,1.0,40.300000000000004,7.303225806451613,14.658064516129034,95.1,9.0,0.0,194.8,0.5247844827586208,10.0,0.0,0.0,0.0,0.0,0.0,0.0,0.0,0.0,28.0,24.0,241.70000000000002,-1.8107142857142855,14.260714285714286,19.6,2.0,0.0,166.5,0.5457227138643067,7.0,0.0,6,7.24422751560335,-0.07003080105053883,3.666666666666666,1.3333333333333335,4.433333333333334,1.666666666666667,-0.6666666666666665,1.2999999999999996,0.0,0.0,0.0,0.0,0.28222222222222015,1.1555555555555568,30.133333333333326,-3.0,-1.333333333333333,12.199999999999989,0.027922355440252955,-1.666666666666667,-2.666666666666667,-1.0,0.0,-0.43333333333333357,0.0,0.0,0.0,0.0,8.666666666666666,0.6666666666666667,21.200000000000003,-3.699605734767027,-0.9964874551971317,28.666666666666657,3.333333333333333,0.0,-53.03333333333333,-0.09220374645824336,4.0,0.0,0.0,0.0,0.0,0.0,0.0,0.0,0.0,10.333333333333332,15.333333333333334,140.13333333333333,-7.178253968253967,-0.2950793650793653,-29.233333333333334,-3.0,-1.3333333333333333,1.2333333333333485,0.04978764411975206,-1.333333333333334,0.0
2018-08,임실군,2136.9565217391305,92.0,1,24,16,105.89999999999999,26,67.69999999999999,24,0,0,0.0,26.67096774193548,10.677419354838712,415.6,10,6.0,31,22.0,214.3,8,5,0.5124342419894787,24,16,105.89999999999999,22.0,26,67.69999999999999,24,0,0,0.0,26.67096774193548,10.677419354838712,415.6,10,6.0,214.3,0.5124342419894787,8,5,12.0,2.0,15.400000000000002,7.0,2.0,3.1000000000000014,0.0,0.0,0.0,0.0,21.759999999999998,12.800000000000002,181.4,6.0,5.0,199.9,0.4580659945004583,6.0,4.0,0.0,0.0,0.0,0.0,0.0,0.0,0.0,18.0,1.0,40.300000000000004,7.303225806451613,14.658064516129034,95.1,9.0,0.0,194.8,0.5247844827586208,10.0,0.0,8,7.667137909646163,-0.3565729025654605,3.0,7.666666666666666,43.93333333333333,4.666666666666668,0.33333333333333215,0.0999999999999801,2.666666666666668,0.0,0.0,0.0,0.8150537634408579,1.3698924731182824,19.400000000000034,-1.666666666666666,-1.333333333333333,33.96666666666667,0.08105904997884911,-0.6666666666666661,-10.333333333333334,4.333333333333333,1.0,3.733333333333336,2.666666666666667,-7.666666666666666,-15.566666666666666,-3.6666666666666665,0.0,0.0,0.0,-0.860000000000003,3.5043010752688186,-136.96666666666667,-5.333333333333334,-4.666666666666666,64.80000000000001,0.15092648935269404,-7.666666666666666,-8.333333333333334,-4.333333333333333,0.0,-5.833333333333335,-3.0,-2.0,-0.766666666666668,0.0,12.0,0.6666666666666667,26.866666666666667,-9.35562724014337,2.3942652329749112,-27.400000000000006,-1.0,-4.666666666666667,8.800000000000011,0.07240134761236122,1.0,-5.333333333333333
2018-09,임실군,16686.486486486483,148.0,2,0,0,0.0,3,0.6000000000000014,0,0,0,0.0,19.45,11.350000000000001,142.9,8,0.0,30,0.0,149.5,12,5,0.40155788342734355,0,0,0.0,0.0,3,0.6000000000000014,0,0,0,0.0,19.45,11.350000000000001,142.9,8,0.0,149.5,0.40155788342734355,12,5,24.0,16.0,105.89999999999999,22.0,26.0,67.69999999999999,24.0,0.0,0.0,0.0,26.67096774193548,10.677419354838712,415.6,10.0,6.0,214.3,0.5124342419894787,8.0,5.0,12.0,2.0,15.400000000000002,7.0,2.0,3.1000000000000014,0.0,0.0,0.0,0.0,21.759999999999998,12.800000000000002,181.4,6.0,5.0,199.9,0.4580659945004583,6.0,4.0,9,9.722354478405972,0.0,0.0,0.0,0.0,0.0,0.0,0.0,0.0,0.0,0.0,0.0,0.0,0.0,0.0,0.0,0.0,0.0,0.0,0.0,0.0,0.0,0.0,0.0,0.0,0.0,0.0,0.0,0.0,0.0,0.0,0.0,0.0,0.0,0.0,0.0,0.0,0.0,0.0,0.0,0.0,0.0,0.0,0.0,0.0,0.0,0.0,0.0,0.0,0.0,0.0,0.0,0.0,0.0,0.0,0.0,0.0,0.0,0.0
2018-10,임실군,3421.6666666666665,300.0,4,0,0,0.0,0,0.0,0,1,0,0.0,11.196774193548388,13.967741935483874,117.4,8,4.0,31,0.0,198.9,6,0,0.5679611650485438,0,0,0.0,0.0,0,0.0,0,1,0,0.0,11.196774193548388,13.967741935483874,117.4,8,4.0,198.9,0.5679611650485438,6,0,0.0,0.0,0.0,0.0,3.0,0.6000000000000014,0.0,0.0,0.0,0.0,19.45,11.350000000000001,142.9,8.0,0.0,149.5,0.40155788342734355,12.0,5.0,24.0,16.0,105.89999999999999,22.0,26.0,67.69999999999999,24.0,0.0,0.0,0.0,26.67096774193548,10.677419354838712,415.6,10.0,6.0,214.3,0.5124342419894787,8.0,5.0,10,8.137883040784924,0.0657577365673383,0.0,0.0,0.0,0.0,0.0,0.0,0.0,0.5,0.0,0.0,-0.5322580645161299,0.20161290322580783,54.900000000000006,3.0,2.0,-7.400000000000006,-0.021392381179643594,0.0,0.0,-9.5,0.0,-13.250000000000002,-6.0,-14.0,-41.800000000000004,-12.5,0.0,0.0,0.0,-3.139516129032259,2.002419354838711,-244.24999999999997,-4.0,-6.5,1.3000000000000114,0.024850798001096908,0.5,-11.5,12.0,8.0,52.949999999999996,11.0,6.5,26.15,11.5,0.0,0.0,0.0,2.2693548387096776,2.2370967741935495,-49.5,-4.0,-5.0,69.85000000000002,0.17203747757338977,-6.5,-7.5
2018-11,임실군,1340.2777777777778,72.0,2,0,0,0.0,0,0.0,0,21,1,39.400000000000006,6.373333333333333,14.770000000000001,42.5,6,3.0,30,0.0,159.1,9,0,0.5138888888888888,0,0,0.0,0.0,0,0.0,0,21,1,39.400000000000006,6.373333333333333,14.770000000000001,42.5,6,3.0,159.1,0.5138888888888888,9,0,0.0,0.0,0.0,0.0,0.0,0.0,0.0,1.0,0.0,0.0,11.196774193548388,13.967741935483874,117.4,8.0,4.0,198.9,0.5679611650485438,6.0,0.0,0.0,0.0,0.0,0.0,3.0,0.6000000000000014,0.0,0.0,0.0,0.0,19.45,11.350000000000001,142.9,8.0,0.0,149.5,0.40155788342734355,12.0,5.0,11,7.200632168311022,-0.4331800105778294,0.0,0.0,0.0,0.0,0.0,0.0,0.0,2.5,-0.5,-0.8499999999999943,-0.3333333333333339,-0.05333333333333279,0.14999999999999858,0.5,1.5,3.700000000000017,0.012030011121874185,1.0,0.0,-10.0,-4.5,-26.749999999999993,-9.0,-10.0,-25.450000000000006,-7.5,0.5,0.0,0.0,-6.985483870967743,2.0338709677419384,-12.099999999999994,-0.5,0.5,9.549999999999983,0.06906305921564171,-0.5,-6.5,-5.5,-0.5,-9.799999999999999,-3.0,-5.5,-18.45,-5.0,0.0,0.0,0.0,-2.258870967741938,1.2330645161290334,-58.099999999999994,-1.0,-4.0,9.350000000000023,0.053282324663604164,-1.0,-4.0
2018-12,임실군,1250.0,32.0,1,0,0,0.0,0,0.0,0,29,17,182.9,-0.13870967741935486,11.567741935483872,27.4,5,0.0,31,0.0,150.4,10,0,0.49376231122783976,0,0,0.0,0.0,0,0.0,0,29,17,182.9,-0.13870967741935486,11.567741935483872,27.4,5,0.0,150.4,0.49376231122783976,10,0,0.0,0.0,0.0,0.0,0.0,0.0,0.0,21.0,1.0,39.400000000000006,6.373333333333333,14.770000000000001,42.5,6.0,3.0,159.1,0.5138888888888888,9.0,0.0,0.0,0.0,0.0,0.0,0.0,0.0,0.0,1.0,0.0,0.0,11.196774193548388,13.967741935483874,117.4,8.0,4.0,198.9,0.5679611650485438,6.0,0.0,12,7.1308988302963465,0.0,0.0,0.0,0.0,0.0,0.0,0.0,0.0,0.0,0.0,0.0,0.0,0.0,0.0,0.0,0.0,0.0,0.0,0.0,0.0,0.0,0.0,0.0,0.0,0.0,0.0,0.0,0.0,0.0,0.0,0.0,0.0,0.0,0.0,0.0,0.0,0.0,0.0,0.0,0.0,0.0,0.0,0.0,0.0,0.0,0.0,0.0,0.0,0.0,0.0,0.0,0.0,0.0,0.0,0.0,0.0,0.0,0.0
2019-02,임실군,700.0,60.0,1,0,0,0.0,0,0.0,0,25,15,142.89999999999998,0.8571428571428571,12.617857142857142,30.9,2,0.0,28,0.0,167.8,7,0,0.5499836119305146,0,0,0.0,0.0,0,0.0,0,25,15,142.89999999999998,0.8571428571428571,12.617857142857142,30.9,2,0.0,167.8,0.5499836119305146,7,0,0.0,0.0,0.0,0.0,0.0,0.0,0.0,29.0,17.0,182.9,-0.13870967741935486,11.567741935483872,27.4,5.0,0.0,150.4,0.49376231122783976,10.0,0.0,0.0,0.0,0.0,0.0,0.0,0.0,0.0,21.0,1.0,39.400000000000006,6.373333333333333,14.770000000000001,42.5,6.0,3.0,159.1,0.5138888888888888,9.0,0.0,2,6.551080335043404,-0.20181596351325215,0.0,0.0,0.0,0.0,0.0,0.0,0.0,-1.5,-4.5,-49.400000000000034,1.3339285714285714,-0.8214285714285712,5.649999999999999,0.0,0.0,0.6500000000000057,0.0021304490331039982,0.0,0.0,0.0,0.0,0.0,0.0,0.0,0.0,0.0,0.0,0.0,0.0,0.0,0.0,0.0,0.0,0.0,0.0,0.0,0.0,0.0,0.0,0.0,0.0,0.0,0.0,0.0,0.0,0.0,0.0,0.0,0.0,0.0,0.0,0.0,0.0,0.0,0.0,0.0,0.0
2019-04,임실군,2482.954545454546,88.0,2,0,0,0.0,0,0.0,0,9,0,21.900000000000002,10.873333333333333,14.529999999999998,84.7,8,4.0,30,0.0,177.6,11,0,0.452253628724217,0,0,0.0,0.0,0,0.0,0,9,0,21.900000000000002,10.873333333333333,14.529999999999998,84.7,8,4.0,177.6,0.452253628724217,11,0,0.0,0.0,0.0,0.0,0.0,0.0,0.0,25.0,15.0,142.89999999999998,0.8571428571428571,12.617857142857142,30.9,2.0,0.0,167.8,0.5499836119305146,7.0,0.0,0.0,0.0,0.0,0.0,0.0,0.0,0.0,29.0,17.0,182.9,-0.13870967741935486,11.567741935483872,27.4,5.0,0.0,150.4,0.49376231122783976,10.0,0.0,4,7.817204479039575,0.0633449304039031,0.0,0.0,0.0,0.0,0.0,0.0,0.0,-0.5,0.0,2.4499999999999993,1.0050000000000008,-0.17166666666666863,22.1,2.5,2.0,-45.70000000000002,-0.1157643905184203,3.0,0.0,0.0,0.0,0.0,0.0,0.0,0.0,0.0,4.5,6.5,50.89999999999999,-3.091428571428571,-1.1294047619047607,-5.649999999999999,-1.5,0.0,8.050000000000011,0.03007737264268706,0.0,0.0,-10.0,-4.5,-26.749999999999993,-9.0,-10.0,-25.450000000000006,-7.5,14.5,8.5,91.45,-12.653225806451612,0.8338709677419356,-57.1,-2.0,-1.5,-14.700000000000017,0.0319636323052897,1.5,-6.5
2019-05,임실군,1111.842105263158,76.0,2,3,0,1.3000000000000007,0,0.0,0,0,0,0.0,16.84193548387097,17.432258064516127,63.7,5,0.0,31,0.0,279.7,3,0,0.6423977951309141,3,0,1.3000000000000007,0.0,0,0.0,0,0,0,0.0,16.84193548387097,17.432258064516127,63.7,5,0.0,279.7,0.6423977951309141,3,0,0.0,0.0,0.0,0.0,0.0,0.0,0.0,9.0,0.0,21.900000000000002,10.873333333333333,14.529999999999998,84.7,8.0,4.0,177.6,0.452253628724217,11.0,0.0,0.0,0.0,0.0,0.0,0.0,0.0,0.0,25.0,15.0,142.89999999999998,0.8571428571428571,12.617857142857142,30.9,2.0,0.0,167.8,0.5499836119305146,7.0,0.0,5,7.013773473058934,0.0,0.0,0.0,0.0,0.0,0.0,0.0,0.0,0.0,0.0,0.0,0.0,0.0,0.0,0.0,0.0,0.0,0.0,0.0,0.0,0.0,0.0,0.0,0.0,0.0,0.0,0.0,0.0,0.0,0.0,0.0,0.0,0.0,0.0,0.0,0.0,0.0,0.0,0.0,0.0,0.0,0.0,0.0,0.0,0.0,0.0,0.0,0.0,0.0,0.0,0.0,0.0,0.0,0.0,0.0,0.0,0.0,0.0
2019-06,임실군,1381.8471082802546,314.0,8,5,0,8.600000000000001,3,1.2000000000000028,0,0,0,0.0,20.8,11.833333333333334,98.5,9,6.0,30,3.0,192.2,8,4,0.44052257620903046,5,0,8.600000000000001,3.0,3,1.2000000000000028,0,0,0,0.0,20.8,11.833333333333334,98.5,9,6.0,192.2,0.44052257620903046,8,4,3.0,0.0,1.3000000000000007,0.0,0.0,0.0,0.0,0.0,0.0,0.0,16.84193548387097,17.432258064516127,63.7,5.0,0.0,279.7,0.6423977951309141,3.0,0.0,0.0,0.0,0.0,0.0,0.0,0.0,0.0,9.0,0.0,21.900000000000002,10.873333333333333,14.529999999999998,84.7,8.0,4.0,177.6,0.452253628724217,11.0,0.0,6,7.23117636744076,-0.0830819492131285,-3.333333333333334,-0.6666666666666666,-2.366666666666667,-2.333333333333333,0.3333333333333335,-0.599999999999999,0.0,0.0,0.0,0.0,-0.6777777777777771,0.18888888888888822,-52.76666666666668,0.0,-0.33333333333333304,4.499999999999972,0.010378937148825096,0.33333333333333304,-2.666666666666667,2.0,0.0,0.8666666666666671,0.0,0.0,0.0,0.0,-9.333333333333334,-0.3333333333333333,-19.1,5.839103942652329,1.7777060931899609,-2.7333333333333343,-0.666666666666667,0.0,31.866666666666646,0.02540956591404997,-3.0,0.0,0.0,0.0,0.0,0.0,0.0,0.0,0.0,-8.666666666666668,-8.666666666666666,-79.66666666666667,5.505793650793651,-0.02579365079365381,35.86666666666667,3.0,2.666666666666667,12.333333333333343,-0.043681441020337664,2.666666666666666,0.0
2019-07,임실군,1471.5277777777778,360.0,8,11,1,19.599999999999998,14,37.5,10,0,0,0.0,23.967741935483872,8.883870967741936,259.1,10,8.0,31,6.0,130.79999999999998,14,13,0.2949932341001353,11,1,19.599999999999998,6.0,14,37.5,10,0,0,0.0,23.967741935483872,8.883870967741936,259.1,10,8.0,130.79999999999998,0.2949932341001353,14,13,5.0,0.0,8.600000000000001,3.0,3.0,1.2000000000000028,0.0,0.0,0.0,0.0,20.8,11.833333333333334,98.5,9.0,6.0,192.2,0.44052257620903046,8.0,4.0,3.0,0.0,1.3000000000000007,0.0,0.0,0.0,0.0,0.0,0.0,0.0,16.84193548387097,17.432258064516127,63.7,5.0,0.0,279.7,0.6423977951309141,3.0,0.0,7,7.29405644468039,-0.7063520012582263,5.5,0.5,9.799999999999999,3.0,0.5,11.050000000000004,4.5,0.0,0.0,0.0,0.9177419354838712,1.3403225806451609,-127.75,-4.0,-4.0,28.099999999999994,0.06331697362871808,-3.5,-3.5,-1.5,0.0,-0.15000000000000036,-1.5,0.0,0.05000000000000071,0.0,0.0,0.0,0.0,-0.5366666666666653,0.7666666666666639,-37.69999999999999,-1.5,-1.0,10.599999999999994,0.02434011486895149,-0.5,-4.0,1.5,0.0,0.6500000000000004,0.0,0.0,0.0,0.0,-5.0,0.0,-8.5,3.989301075268818,1.279462365591396,11.600000000000001,1.0,0.0,5.349999999999966,-0.020692307315071767,-1.0,0.0
2019-08,임실군,1333.3333333333333,24.0,1,20,9,53.499999999999986,20,50.90000000000001,15,0,0,0.0,25.16774193548387,9.899999999999999,141.6,9,3.0,31,18.0,179.8,7,13,0.42983504661726035,20,9,53.499999999999986,18.0,20,50.90000000000001,15,0,0,0.0,25.16774193548387,9.899999999999999,141.6,9,3.0,179.8,0.42983504661726035,7,13,11.0,1.0,19.599999999999998,6.0,14.0,37.5,10.0,0.0,0.0,0.0,23.967741935483872,8.883870967741936,259.1,10.0,8.0,130.79999999999998,0.2949932341001353,14.0,13.0,5.0,0.0,8.600000000000001,3.0,3.0,1.2000000000000028,0.0,0.0,0.0,0.0,20.8,11.833333333333334,98.5,9.0,6.0,192.2,0.44052257620903046,8.0,4.0,8,7.195437351433918,-0.828273460777706,-1.0,0.6666666666666661,-8.466666666666676,0.6666666666666679,-5.666666666666668,-16.699999999999996,-6.333333333333332,0.0,0.0,0.0,-0.6881720430107521,0.5924731182795693,-254.6,-2.666666666666666,-4.333333333333333,-0.5333333333333314,-0.0015401453933692744,-1.666666666666666,-2.333333333333334,3.333333333333333,0.0,7.933333333333332,1.666666666666667,4.333333333333334,18.833333333333332,6.333333333333334,0.0,0.0,0.0,1.347741935483871,-0.41182795698924757,-59.26666666666665,-1.333333333333334,-1.666666666666666,-4.300000000000011,-0.012146271047628998,0.3333333333333339,0.6666666666666661,0.666666666666667,0.0,2.7666666666666666,0.0,1.0,0.4333333333333348,0.0,-6.0,-0.3333333333333333,-13.433333333333335,4.141146953405016,-0.430465949820789,-24.0,-1.0,1.333333333333333,6.199999999999989,-0.011860558937229093,-1.0,-1.333333333333333
2019-11,임실군,3187.5,132.0,1,0,0,0.0,0,0.0,0,16,2,41.099999999999994,7.04,14.876666666666665,42.2,5,0.0,30,0.0,151.7,7,0,0.4898288666451404,0,0,0.0,0.0,0,0.0,0,16,2,41.099999999999994,7.04,14.876666666666665,42.2,5,0.0,151.7,0.4898288666451404,7,0,20.0,9.0,53.499999999999986,18.0,20.0,50.90000000000001,15.0,0.0,0.0,0.0,25.16774193548387,9.899999999999999,141.6,9.0,3.0,179.8,0.42983504661726035,7.0,13.0,11.0,1.0,19.599999999999998,6.0,14.0,37.5,10.0,0.0,0.0,0.0,23.967741935483872,8.883870967741936,259.1,10.0,8.0,130.79999999999998,0.2949932341001353,14.0,13.0,11,8.066992189466681,0.4331800105778303,0.0,0.0,0.0,0.0,0.0,0.0,0.0,-2.5,0.5,0.8499999999999943,0.33333333333333304,0.05333333333333101,-0.14999999999999858,-0.5,-1.5,-3.6999999999999886,-0.01203001112187424,-1.0,0.0,10.0,4.5,26.749999999999993,9.0,10.0,25.450000000000006,7.5,-0.5,0.0,0.0,6.985483870967741,-2.0338709677419367,12.099999999999994,0.5,-0.5,-9.550000000000011,-0.06906305921564171,0.5,6.5,5.5,0.5,9.799999999999999,3.0,5.5,18.45,5.0,0.0,0.0,0.0,2.2588709677419345,-1.2330645161290317,58.10000000000002,1.0,4.0,-9.349999999999994,-0.05328232466360411,1.0,4.0
2020-04,임실군,2187.5,188.0,1,0,0,0.0,0,0.0,0,10,0,17.0,8.863333333333333,14.873333333333335,40.5,3,0.0,30,0.0,269.0,5,0,0.6837824097610575,0,0,0.0,0.0,0,0.0,0,10,0,17.0,8.863333333333333,14.873333333333335,40.5,3,0.0,269.0,0.6837824097610575,5,0,0.0,0.0,0.0,0.0,0.0,0.0,0.0,16.0,2.0,41.099999999999994,7.04,14.876666666666665,42.2,5.0,0.0,151.7,0.4898288666451404,7.0,0.0,20.0,9.0,53.499999999999986,18.0,20.0,50.90000000000001,15.0,0.0,0.0,0.0,25.16774193548387,9.899999999999999,141.6,9.0,3.0,179.8,0.42983504661726035,7.0,13.0,4,7.690514618231769,-0.0633449304039031,0.0,0.0,0.0,0.0,0.0,0.0,0.0,0.5,0.0,-2.450000000000003,-1.004999999999999,0.17166666666666863,-22.1,-2.5,-2.0,45.69999999999999,0.11576439051842025,-3.0,0.0,0.0,0.0,0.0,0.0,0.0,0.0,0.0,-4.5,-6.5,-50.89999999999999,3.0914285714285716,1.1294047619047625,5.650000000000006,1.5,0.0,-8.050000000000011,-0.030077372642687117,0.0,0.0,10.0,4.5,26.749999999999993,9.0,10.0,25.450000000000006,7.5,-14.5,-8.5,-91.45,12.653225806451614,-0.8338709677419374,57.099999999999994,2.0,1.5,14.699999999999989,-0.0319636323052897,-1.5,6.5
2020-06,임실군,1750.0,44.0,1,8,0,8.900000000000002,3,1.1000000000000014,0,0,0,0.0,21.873333333333335,10.300000000000004,173.9,12,8.0,30,6.0,171.0,9,12,0.3918423464711274,8,0,8.900000000000002,6.0,3,1.1000000000000014,0,0,0,0.0,21.873333333333335,10.300000000000004,173.9,12,8.0,171.0,0.3918423464711274,9,12,0.0,0.0,0.0,0.0,0.0,0.0,0.0,10.0,0.0,17.0,8.863333333333333,14.873333333333335,40.5,3.0,0.0,269.0,0.6837824097610575,5.0,0.0,0.0,0.0,0.0,0.0,0.0,0.0,0.0,16.0,2.0,41.099999999999994,7.04,14.876666666666665,42.2,5.0,0.0,151.7,0.4898288666451404,7.0,0.0,6,7.4673710669175595,0.15311275026367088,-0.3333333333333339,-0.6666666666666666,-2.0666666666666664,0.666666666666667,0.3333333333333335,-0.7000000000000004,0.0,0.0,0.0,0.0,0.395555555555557,-1.3444444444444414,22.633333333333326,3.0,1.666666666666667,-16.700000000000017,-0.03830129258907794,1.333333333333333,5.333333333333333,-1.0,0.0,-0.43333333333333357,0.0,0.0,0.0,0.0,0.6666666666666661,-0.3333333333333333,-2.1000000000000014,-2.139498207885307,-0.781218637992831,-25.933333333333337,-2.666666666666667,0.0,21.166666666666657,0.0667941805441934,-1.0,0.0,0.0,0.0,0.0,0.0,0.0,0.0,0.0,-1.6666666666666679,-6.666666666666666,-60.46666666666668,1.6724603174603176,0.32087301587301376,-6.633333333333333,0.0,-1.3333333333333333,-13.566666666666663,-0.006106203099414231,-1.333333333333334,0.0
2020-07,임실군,6043.632075471698,212.0,16,0,0,0.0,13,15.399999999999995,1,0,0,0.0,22.13225806451613,6.203225806451614,514.6,18,16.0,31,0.0,74.6,21,20,0.16835928684269916,0,0,0.0,0.0,13,15.399999999999995,1,0,0,0.0,22.13225806451613,6.203225806451614,514.6,18,16.0,74.6,0.16835928684269916,21,20,8.0,0.0,8.900000000000002,6.0,3.0,1.1000000000000014,0.0,0.0,0.0,0.0,21.873333333333335,10.300000000000004,173.9,12.0,8.0,171.0,0.3918423464711274,9.0,12.0,0.0,0.0,0.0,0.0,0.0,0.0,0.0,10.0,0.0,17.0,8.863333333333333,14.873333333333335,40.5,3.0,0.0,269.0,0.6837824097610575,5.0,0.0,7,8.706760447196842,0.7063520012582263,-5.5,-0.5,-9.799999999999999,-3.0,-0.5,-11.05,-4.5,0.0,0.0,0.0,-0.9177419354838712,-1.3403225806451617,127.75,4.0,4.0,-28.099999999999994,-0.06331697362871805,3.5,3.5,1.5,0.0,0.15000000000000036,1.5,0.0,-0.05000000000000071,0.0,0.0,0.0,0.0,0.5366666666666688,-0.7666666666666657,37.70000000000002,1.5,1.0,-10.599999999999994,-0.024340114868951546,0.5,4.0,-1.5,0.0,-0.6500000000000004,0.0,0.0,0.0,0.0,5.0,0.0,8.5,-3.989301075268818,-1.279462365591396,-11.600000000000001,-1.0,0.0,-5.350000000000023,0.020692307315071656,1.0,0.0
2020-08,임실군,9982.183925287356,348.0,20,19,0,26.500000000000004,31,84.20000000000002,25,0,0,0.0,25.729032258064517,7.345161290322579,631.4,16,13.0,31,12.0,146.9,11,28,0.35185628742514974,19,0,26.500000000000004,12.0,31,84.20000000000002,25,0,0,0.0,25.729032258064517,7.345161290322579,631.4,16,13.0,146.9,0.35185628742514974,11,28,0.0,0.0,0.0,0.0,13.0,15.399999999999995,1.0,0.0,0.0,0.0,22.13225806451613,6.203225806451614,514.6,18.0,16.0,74.6,0.16835928684269916,21.0,20.0,8.0,0.0,8.900000000000002,6.0,3.0,1.1000000000000014,0.0,0.0,0.0,0.0,21.873333333333335,10.300000000000004,173.9,12.0,8.0,171.0,0.3918423464711274,9.0,12.0,8,9.20855717555479,1.1848463633431656,-2.0,-8.333333333333334,-35.466666666666654,-5.333333333333332,5.333333333333332,16.60000000000001,3.666666666666668,0.0,0.0,0.0,-0.12688172043010582,-1.96236559139785,235.2,4.333333333333334,5.666666666666667,-33.43333333333334,-0.07951890458547989,2.333333333333334,12.666666666666666,-7.666666666666667,-1.0,-11.666666666666666,-4.333333333333333,3.333333333333334,-3.266666666666673,-2.6666666666666665,0.0,0.0,0.0,-0.48774193548387146,-3.09247311827957,196.23333333333335,6.666666666666666,6.333333333333334,-60.5,-0.13878021830506512,7.333333333333334,7.666666666666666,3.666666666666667,0.0,3.0666666666666673,3.0,1.0,0.33333333333333337,0.0,-6.0,-0.3333333333333333,-13.433333333333335,5.21448028673835,-1.9637992831541187,51.400000000000006,2.0,3.333333333333333,-15.0,-0.06054078867513213,0.0,6.666666666666667
2020-10,임실군,3000.0,24.0,1,0,0,0.0,0,0.0,0,0,0,0.0,12.261290322580646,13.564516129032258,7.6,2,0.0,31,0.0,213.7,6,0,0.6107459274078308,0,0,0.0,0.0,0,0.0,0,0,0,0.0,12.261290322580646,13.564516129032258,7.6,2,0.0,213.7,0.6107459274078308,6,0,19.0,0.0,26.500000000000004,12.0,31.0,84.20000000000002,25.0,0.0,0.0,0.0,25.729032258064517,7.345161290322579,631.4,16.0,13.0,146.9,0.35185628742514974,11.0,28.0,0.0,0.0,0.0,0.0,13.0,15.399999999999995,1.0,0.0,0.0,0.0,22.13225806451613,6.203225806451614,514.6,18.0,16.0,74.6,0.16835928684269916,21.0,20.0,10,8.006367567650246,-0.06575773656734007,0.0,0.0,0.0,0.0,0.0,0.0,0.0,-0.5,0.0,0.0,0.5322580645161281,-0.20161290322580783,-54.9,-3.0,-2.0,7.399999999999977,0.021392381179643483,0.0,0.0,9.5,0.0,13.250000000000002,6.0,14.0,41.80000000000001,12.5,0.0,0.0,0.0,3.139516129032259,-2.002419354838711,244.25,4.0,6.5,-1.299999999999983,-0.024850798001096908,-0.5,11.5,-12.0,-8.0,-52.949999999999996,-11.0,-6.5,-26.149999999999995,-11.5,0.0,0.0,0.0,-2.269354838709674,-2.2370967741935486,49.5,4.0,5.0,-69.85,-0.1720374775733898,6.5,7.5
