ym,county,month,qty_all,qty_main,price_main,price_all,jjong_share,sokum_share,qty_next_chg,price_next_chg,jjong_share_adj,sokum_share_adj,qty_next_chg_adj,price_next_chg_adj
2018-01,고창군,1,3264.0,3264.0,4444.454656862745,4444.454656862745,0.0,0.0,-0.021053409197831385,-0.10780242643599891,-7.818654158874606,0.0,0.10840004430681305,0.4556577002611236
2018-02,고창군,2,3288.0,3196.0,3990.253441802253,3924.771897810219,2.798053527980535,0.0,0.4435298631325324,-0.18109050514869907,-4.453816731454825,-0.20990764063811923,-0.19568033181153477,-0.18560193315496992
2018-03,고창군,3,6244.0,4980.0,3329.3072289156626,3047.3014093529787,19.282511210762333,0.0,-0.5497251033797275,-0.3177245877588648,9.340518542622958,-0.8378173933644988,0.4316034477387385,-0.2126753809633261
2018-04,고창군,4,5142.0,2874.0,2423.0804773834375,2280.5101695838193,44.1073512252042,0.0,0.004859433373746391,-0.14802802170671647,26.90451187366789,0.0,0.12161010548322901,-0.13478326830761972
2018-05,고창군,5,4424.0,2888.0,2089.6814404432134,1752.983725135624,29.475587703435806,0.0,0.6693198444793875,-0.19726089058445595,-3.6384217562016516,0.0,0.976594712407227,-0.2398450943148509
2018-06,고창군,6,6092.0,5640.0,1715.579188652482,1711.4029258043336,7.419566644780039,0.0,-0.6233036071926801,0.5497742346347883,2.776979275525483,0.0,-1.797362529225008,-0.2252981424219005
2018-07,고창군,7,3528.0,3024.0,2972.8615611772484,2694.9924492630385,14.285714285714285,0.0,-0.16657319982581598,0.6656195807124607,5.462371909816781,0.0,0.2886315041421834,0.28527064810725633
2018-08,고창군,8,3024.0,2560.0,5784.28384765625,5099.955902777778,15.343915343915343,0.0,0.3001045924503387,0.592631905257683,4.469474716539668,0.0,1.0821689985062073,0.41174832860185817
2018-09,고창군,9,3628.0,3456.0,10462.280579861112,10151.251842337377,4.740904079382579,0.0,0.3133904291619878,-1.155713343013689,0.7087072986000118,0.0,-0.619196353730758,-0.6251033702419134
2018-10,고창군,10,5236.0,4728.0,3293.869852580372,3162.7801113445375,9.702062643239113,0.0,-0.7434613480723531,-0.7431412993629092,5.971943701723113,0.0,-0.5575934432400594,-0.051552556875192335
2018-11,고창군,11,2420.0,2248.0,1566.6221757117437,1518.2506822314049,7.107438016528926,0.0,0.5722454076909074,-0.08209526637856257,3.7704650230418943,0.0,0.20550736761221455,-0.18813619898046396
2018-12,고창군,12,3984.0,3984.0,1443.1475903614457,1443.1475903614457,0.0,0.0,0.09018571763859029,0.44043741787615165,-4.939170449299344,0.0,0.2897405356276016,0.08257375988849003
2019-01,고창군,1,4964.0,4360.0,2241.766055045872,2110.193392425463,12.167606768734892,0.0,-0.5626018932897097,-0.2273585246662,4.3489526098602855,0.0,-0.43314843978506523,0.33610160203092254
2019-02,고창군,2,3176.0,2484.0,1785.8695652173913,1682.1158690176323,19.899244332493705,1.8891687657430731,0.6004101768296497,0.33846791934213805,12.647374073058344,1.6792611251049538,-0.03880001811441747,0.3339564913358672
2019-03,고창군,3,5844.0,4528.0,2505.2120141342757,2313.2101300479126,20.465434633812457,2.0533880903490758,-0.294774300761274,0.009393374027007795,10.523441965673081,1.215570696984577,0.686554250357192,0.11444258082254649
2019-04,고창군,4,4768.0,3372.0,2528.8552787663107,2396.5394295302012,29.278523489932883,0.0,-0.52036085691699,0.10844269034169063,12.075684138396575,0.0,-0.4036101848075073,0.12168744374078738
2019-05,고창군,5,3716.0,2004.0,2818.512974051896,2127.610333692142,46.07104413347686,0.0,-1.7057465945680148,-0.7107870312703906,12.957034673839402,0.0,-1.3984717266401754,-0.7533712350007855
2019-06,고창군,6,364.0,364.0,1384.6153846153845,1384.6153846153845,0.0,0.0,2.131627294850407,0.9807939416538245,-4.642587369254556,0.0,0.9575683728180793,0.20572156459713575
2019-07,고창군,7,3816.0,3068.0,3692.1773142112124,3253.301886792453,0.0,0.0,0.061927553596849094,0.5156461130967198,-8.823342375897504,0.0,0.5171322575648485,0.1352971804915154
2019-08,고창군,8,3576.0,3264.0,6183.363970588235,6286.744966442953,2.684563758389262,0.0,-0.3041569096552852,0.11091605029120366,-8.189876868986413,0.0,0.4779074964005834,-0.06996752636462111
2019-10,고창군,10,2408.0,2408.0,6908.679401993356,6908.679401993356,0.0,0.0,0.30293066793204204,-0.9983465762399932,-3.7301189415160003,0.0,0.4887985727643357,-0.3067578337522764
2019-11,고창군,11,3636.0,3260.0,2545.7668711656443,2473.7898789878986,10.34103410341034,0.0,0.08070317851888831,0.19821080929531032,7.004061109923309,0.0,-0.2860348615598045,0.09216987669340893
2019-12,고창군,12,4262.0,3534.0,3103.8483305036784,2846.152041295167,17.08118254340685,0.0,-0.11185834629868374,0.6096898923739609,12.142012094107507,0.0,0.08769647169032757,0.25182623438629925
2020-01,고창군,1,3296.0,3160.0,5710.648734177215,5573.922936893204,4.12621359223301,0.0,-0.4376222197426962,-1.075232533739217,-3.6924405666415963,0.0,-0.3081687662380518,-0.5117724070420945
2020-02,고창군,2,2400.0,2040.0,1948.578431372549,1974.2083333333333,15.0,0.0,0.7650117417895892,0.38361464890003916,7.748129740564639,-0.20990764063811923,0.12580154684552203,0.3791032208937683
2020-03,고창군,3,5720.0,4384.0,2859.6943430656934,2676.3811188811187,23.356643356643357,0.0,-0.23323075284761074,-0.44466273318706406,13.414650688503981,-0.8378173933644988,0.7480977982708552,-0.33961352639152537
2020-04,고창군,4,5972.0,3472.0,1833.1797235023041,1647.0696584058942,41.862022772940385,0.0,-0.17314718051791278,0.08777986472885058,24.659183421404077,0.0,-0.05639650840843016,0.10102461812794733
2020-05,고창군,5,4788.0,2920.0,2001.3698630136987,1554.1979949874687,39.01420217209691,0.0,-0.64240198155471,-0.19972069676564974,5.90019271245945,0.0,-0.3351271136268705,-0.2423049004960447
2020-06,고창군,6,2116.0,1536.0,1639.0407805989582,1391.0995458412099,27.410207939508506,0.0,-1.0233888674305227,1.2396103264113991,22.76762057025395,0.0,-2.1974477894628506,0.4645379493547104
2020-07,고창군,7,552.0,552.0,5661.684751811595,5661.684751811595,0.0,0.0,0.06317890162153184,0.37827666988335906,-8.823342375897504,0.0,0.5183836055895312,-0.0020722627218453527
2020-08,고창군,8,940.0,588.0,8264.739209183672,6352.304952127659,37.4468085106383,0.0,1.0498221244986778,-0.49424965699957646,26.572367883262622,0.0,1.8318865305545464,-0.6751332336554012
2020-09,고창군,9,2056.0,1680.0,5041.726183333333,4467.947464980544,18.28793774319066,0.0,0.09097177820572622,-0.9605571077519812,14.255740962408094,0.0,-0.8416150046870196,-0.42994713498020565
2020-10,고창군,10,2304.0,1840.0,1929.365924456522,1792.54917578125,20.13888888888889,0.0,0.32397207385698223,-0.03568338000259086,16.40876994737289,0.0,0.5098399786892759,0.655905362485126
2020-11,고창군,11,2564.0,2544.0,1861.733480345912,1851.111534321373,0.0,0.0,0.3063742054639338,0.7471230505583764,-3.3369729934870316,0.0,-0.06036383461475903,0.641082117956475
2020-12,고창군,12,3456.0,3456.0,3929.9672123842593,3929.9672123842593,0.0,0.0,0.13714176552593216,0.39058187010905954,-4.939170449299344,0.0,0.33669658351494347,0.032718212121397916
2021-01,고창군,1,4316.0,3964.0,5807.8645330474255,5557.084107738647,8.155699721964782,0.0,0.1796270452276829,-0.4107392947465822,0.3370455630901752,0.0,0.30908049873232735,0.15272083195054031
2021-02,고창군,2,5652.0,4744.0,3851.5422723440133,3553.4707254069353,16.065109695682946,0.0,0.3368335300556229,-0.23494211742513116,8.813239436247585,-0.20990764063811923,-0.3023766648884443,-0.23945354543140202
2021-03,고창군,3,8304.0,6644.0,3045.0932993678502,2830.2143401974954,19.990366088631983,0.0,-0.6273301273037148,0.13948438515129347,10.048373420492608,-0.8378173933644988,0.3539984238147511,0.24453359194683216
2021-04,고창군,4,5872.0,3548.0,3500.8854633596393,2905.916489100817,39.57765667574932,0.0,-2.5831523629186135,0.08668734372353804,22.37481732421301,0.0,-2.466401690809131,0.09993209712263479
2021-05,고창군,5,1688.0,268.0,3817.910447761194,1788.0331753554503,84.12322274881517,0.0,1.9373447861963902,-0.016481367331957486,51.00921328917771,0.0,2.2446196541242296,-0.05906557106235244
2021-06,고창군,6,1904.0,1860.0,3755.501766129032,3718.3998345588234,2.3109243697478994,0.0,-1.6761292869327722,-0.15010831447501083,-2.3316629995066562,0.0,-2.8501882089651,-0.9251806915316996
2021-07,고창군,7,940.0,348.0,3232.0402298850577,2348.6702127659573,62.97872340425532,0.0,-0.2915208487589469,0.7740686423293415,54.155381028357816,0.0,0.1636838552090525,0.39371970972413706
2021-08,고창군,8,448.0,260.0,7008.910234615384,5011.867546875,41.964285714285715,0.0,0.7084146526907338,-0.2972860236345536,31.08984508691004,0.0,1.4904790587466024,-0.47816960029037836
2021-09,고창군,9,528.0,528.0,5206.43940530303,5206.43940530303,0.0,0.0,1.627456417936779,0.586646589912931,-4.032196780782567,0.0,0.6948696350440332,1.1172565626847066
2021-10,고창군,10,2688.0,2688.0,9360.91270126488,9360.91270126488,0.0,0.0,-0.4652530264871375,-0.700423276787177,-3.7301189415160003,0.0,-0.27938512165484386,-0.008834534299460128
2021-11,고창군,11,1860.0,1688.0,4646.524495260664,4418.996423655914,9.247311827956988,0.0,-0.5155762265245887,-0.29622241219742307,5.910338834469957,0.0,-0.8823142666032815,-0.40226334479932446
2021-12,고창군,12,1268.0,1008.0,3455.257926587302,3039.353304416404,20.50473186119874,0.0,-0.46052488529119184,0.5163872455350162,15.565561411899395,0.0,-0.26097006730218053,0.15852358754735463
2022-01,고창군,1,1176.0,636.0,5790.8805031446545,3913.5204081632655,45.91836734693878,0.0,-0.4839367235496601,-1.6980635785999034,38.09971318806417,0.0,-0.3544832700450157,-1.1346034519027808
2022-02,고창군,2,392.0,392.0,1059.9489795918366,1059.9489795918366,0.0,0.0,1.9488213592627721,0.4380517909277213,-7.251870259435361,-0.20990764063811923,1.309611164318705,0.43354036292145043
2022-03,고창군,3,2916.0,2752.0,1642.5872093023256,1658.5733882030179,0.0,5.486968449931413,-0.642144626107573,0.39477118751121143,-9.941992668139376,4.6491510565669145,0.339183925010893,0.4998203943067501
2022-04,고창군,4,1448.0,1448.0,2437.6726519337017,2437.6726519337017,0.0,0.0,0.19966567025192727,-0.12196078352271833,-17.20283935153631,0.0,0.3164163423614099,-0.10871603012362158
2022-06,고창군,6,1768.0,1768.0,2157.786589932127,2157.786589932127,0.0,0.0,-0.3113382690639508,0.7588517098315313,-4.642587369254556,0.0,-1.4853971910962787,-0.01622066722515747
2022-07,고창군,7,1295.0,1295.0,4608.648648648648,4608.648648648648,0.0,0.0,-0.7173765799867802,0.4198724036625272,-8.823342375897504,0.0,-0.2621718760187808,0.03952347105732279
2022-08,고창군,8,632.0,632.0,7013.291139240507,7013.291139240507,0.0,0.0,-3.270835563798912,0.1624061174312761,-10.874440627375675,0.0,-2.4887711577430434,-0.018477459224548687
2022-09,고창군,9,24.0,24.0,8250.0,8250.0,0.0,0.0,1.5404450409471484,-0.9857475328521446,-4.032196780782567,0.0,0.6078582580544026,-0.455137560080369
2022-10,고창군,10,112.0,112.0,3078.5714285714284,3078.5714285714284,0.0,0.0,0.8873031950009036,-0.8240887809648196,-3.7301189415160003,0.0,1.0731710998331971,-0.1325000384771028
2022-11,고창군,11,272.0,272.0,1350.3676470588234,1350.3676470588234,0.0,0.0,1.0534918533876398,1.005840044091677,-3.3369729934870316,0.0,0.686753813308947,0.8997991114897756
2022-12,고창군,12,780.0,780.0,3692.1794871794873,3692.1794871794873,0.0,0.0,0.1330505077871713,0.07957225241257326,-4.939170449299344,0.0,0.3326053257761826,-0.27829140557508836
2023-01,고창군,1,891.0,891.0,3997.979797979798,3997.979797979798,0.0,0.0,0.30437695102395157,-0.2679371229284033,-7.818654158874606,0.0,0.433830404528596,0.2955230037687192
2023-02,고창군,2,1436.0,1208.0,3058.2781456953644,3028.272980501393,0.0,0.0,0.6347706507509239,-0.33463397822872487,-7.251870259435361,-0.20990764063811923,-0.004439544193143297,-0.3391454062349957
2023-03,고창군,3,2279.0,2279.0,2188.503729706011,2188.503729706011,0.0,0.0,-3.7061403385105347,-0.3777529737685823,-9.941992668139376,-0.8378173933644988,-2.7248117873920688,-0.2727037669730436
2023-04,고창군,4,56.0,56.0,1500.0,1500.0,0.0,0.0,1.4384801142904609,-0.14082182588720205,-17.20283935153631,0.0,1.5552307863999435,-0.1275770724881053
2023-05,고창군,5,236.0,236.0,1302.9661016949153,1302.9661016949153,0.0,0.0,-1.7749523509116742,0.5351136333972413,-33.11400945963746,0.0,-1.4676774829838348,0.4925294296668463
2023-06,고창군,6,40.0,40.0,2225.0,2225.0,0.0,0.0,4.509760001183434,1.3021107267166627,-4.642587369254556,0.0,3.335701079151106,0.527038349659974
2023-07,고창군,7,3636.0,3636.0,8181.435648239824,8181.435648239824,0.0,0.0,-0.8029178466953244,-0.0822828758816403,-8.823342375897504,0.0,-0.347713142727325,-0.4626318084868447
2023-08,고창군,8,1629.0,1629.0,7535.1954180478815,7535.1954180478815,0.0,0.0,-1.2820394287698136,0.18215271955276258,-10.874440627375675,0.0,-0.499975022713945,0.0012691428969378027
2023-09,고창군,9,452.0,452.0,9040.70796460177,9040.70796460177,0.0,0.0,1.5897768680349431,-0.3901658064450402,-4.032196780782567,0.0,0.6571900851421973,0.1404441663267354
2023-10,고창군,10,2216.0,2216.0,6120.058648465704,6120.058648465704,0.0,0.0,-2.628285232633348,-0.27403264267071137,-3.7301189415160003,0.0,-2.4424173278010546,0.4175560998170055
2023-11,고창군,11,160.0,160.0,4653.125,4653.125,0.0,0.0,0.9360933591703349,-0.5974647616493405,-3.3369729934870316,0.0,0.569355319091642,-0.7035056942512419
2023-12,고창군,12,412.0,408.0,2560.171568627451,2559.5873786407765,0.0,0.0,-0.5306282510621703,0.33871607086325195,-4.939170449299344,0.0,-0.33107343307315895,-0.01914758712440967
2024-01,고창군,1,240.0,240.0,3592.2916666666665,3592.2916666666665,0.0,0.0,1.0818051703517284,-0.6098027281405747,-7.818654158874606,0.0,1.2112586238563727,-0.04634260144345215
2024-02,고창군,2,708.0,708.0,1952.2598870056497,1952.2598870056497,0.0,0.0,0.6183871053508359,0.45660395915703855,-7.251870259435361,-0.20990764063811923,-0.020823089593231314,0.4520925311507677
2024-03,고창군,3,1314.0,1314.0,3082.0395738203956,3082.0395738203956,0.0,0.0,-0.0940932645339787,-0.6848583301749898,-9.941992668139376,-0.8378173933644988,0.8872352865844872,-0.5798091233794511
2024-04,고창군,4,1196.0,1196.0,1553.8461538461538,1553.8461538461538,0.0,0.0,0.45865181510124664,0.025530575522037857,-17.20283935153631,0.0,0.5754024872107293,0.038775328921134604
2024-05,고창군,5,1892.0,1892.0,1594.027484143763,1594.027484143763,0.0,0.0,-0.32721291120841567,0.8446415749375822,-33.11400945963746,0.0,-0.01993804328057619,0.8020573712071872
2024-06,고창군,6,1364.0,1364.0,3709.5307917888563,3709.5307917888563,0.0,0.0,1.5619958128242386,0.5651287914507499,-4.642587369254556,0.0,0.38793689079191074,-0.20994358560593884
2024-07,고창군,7,6504.0,6504.0,6527.566367158671,6527.566367158671,0.0,0.0,-0.15179593085079368,0.10590604519122238,-8.823342375897504,0.0,0.3034087731172057,-0.27444288741398204
2024-08,고창군,8,5588.0,5588.0,7256.809243199714,7256.809243199714,0.0,0.0,-2.016335685543761,0.5279157922872795,-10.874440627375675,0.0,-1.2342712794878925,0.3470322156314547
2024-09,고창군,9,744.0,744.0,12303.158602150537,12303.158602150537,0.0,0.0,0.9833462440208809,-0.5152412210526336,-4.032196780782567,0.0,0.05075946112813512,0.015368751719141982
2024-10,고창군,10,1989.0,1989.0,7349.37154348919,7349.37154348919,0.0,0.0,0.19282427899310317,-1.217014450810253,-3.7301189415160003,0.0,0.3786921838253968,-0.5254257083225361
2024-11,고창군,11,2412.0,2412.0,2176.2437810945275,2176.2437810945275,0.0,0.0,0.2688491241186899,0.08940294132495819,-3.3369729934870316,0.0,-0.09788891596000293,-0.01663799127694321
2024-12,고창군,12,3184.0,3156.0,2379.768694550063,2369.990577889447,0.8793969849246231,0.0,-0.2940393729472479,-0.029133854377279,-4.059773464374721,0.0,-0.0944845549582366,-0.3869975123649406
2025-01,고창군,1,2352.0,2352.0,2311.437074829932,2311.437074829932,0.0,0.0,-0.4498009219282162,0.026987635340018024,-7.818654158874606,0.0,-0.32034746842357176,0.5904477620371406
2025-02,고창군,2,1808.0,1500.0,2374.6666666666665,2219.579646017699,11.504424778761061,0.0,0.06453852113757108,-0.37245003851733216,4.252554519325701,-0.20990764063811923,-0.5746716738064961,-0.376961466523603
2025-03,고창군,3,1880.0,1600.0,1636.25,1656.3829787234042,6.382978723404255,0.0,-2.1628231506188866,0.340974562849806,-3.5590139447351206,-0.8378173933644988,-1.1814945995004207,0.4460237696453447
2025-04,고창군,4,184.0,184.0,2301.086956521739,2301.086956521739,0.0,0.0,-0.8842024173226548,-0.44472361129999616,-17.20283935153631,0.0,-0.7674517452131722,-0.4314788579008994
2025-06,고창군,6,76.0,76.0,1475.0,1475.0,0.0,0.0,4.823248298020468,0.954417600229565,-4.642587369254556,0.0,3.6491893759881404,0.17934522317287627
2025-07,고창군,7,9452.0,9452.0,3830.807398645789,3830.807398645789,0.0,0.0,0.2411771706619259,0.439259074708092,-8.823342375897504,0.0,0.6963818746299253,0.058910142102887586
2025-08,고창군,8,12082.0,12030.0,5943.716818620117,5920.933068035094,0.43039231915245824,0.0,-1.4414890303189276,0.6625817090605235,-10.444048308223216,0.0,-0.659424624263059,0.4816981324046987
2025-09,고창군,9,3002.0,2846.0,11529.585382993675,11034.54363757495,5.19653564290473,0.0,0.38272070194175445,-0.29349138819987175,1.1643388621221629,0.0,-0.5498660809509913,0.23711858457190382
2025-10,고창군,10,4173.0,4173.0,8597.100416966212,8597.100416966212,0.0,0.0,0.6430261527514585,-0.7399795330632806,-3.7301189415160003,0.0,0.8288940575837521,-0.048390790575563725
2025-11,고창군,11,7938.0,7938.0,4101.880194129503,4101.880194129503,0.0,0.0,0.23172341880373715,-0.21646694422978463,-3.3369729934870316,0.0,-0.13501462127495567,-0.322507876831686
2025-12,고창군,12,10114.0,10008.0,3303.4867721822543,3305.5463333992484,1.0480522048645442,0.0,-0.5597656792644905,0.5166583691085584,-3.8911182444348,0.0,-0.3602108612754792,0.15879471112089683
2026-01,고창군,1,5818.0,5718.0,5538.019120846449,5502.989572533516,0.0,0.0,-0.7758750804370491,-0.7011925663572409,-7.818654158874606,0.0,-0.6464216269324047,-0.1377324396601184
2026-02,고창군,2,2832.0,2632.0,2746.8211869300912,2800.0117810734464,0.0,0.0,0.34058880618710763,-0.45301882695061213,-7.251870259435361,-0.20990764063811923,-0.29862138875695954,-0.457530254956883
2026-03,고창군,3,3700.0,3700.0,1746.171162972973,1746.171162972973,0.0,0.0,-0.5216952960028944,-0.005067745809665958,-9.941992668139376,-0.8378173933644988,0.4596332551155715,0.09998146098587274
2026-04,고창군,4,2196.0,2196.0,1737.3443961748633,1737.3443961748633,0.0,0.0,1.0084497356734463,0.4278909875086452,-17.20283935153631,0.0,1.125200407782929,0.44113574090774194
2026-07,고창군,7,6152.0,6020.0,2665.119043355482,2645.56512369961,2.1456436931079326,0.0,-2.3329415554746404,0.20677473974475724,-6.677698682789571,0.0,-1.877736851506641,-0.17357419286044717
2026-08,고창군,8,584.0,584.0,3277.3116438356165,3277.3116438356165,0.0,0.0,,,-10.874440627375675,0.0,,
2018-03,군산시,3,4.0,0.0,,525.0,0.0,0.0,,,0.0,0.0,,
2018-05,군산시,5,140.0,140.0,1200.0,1200.0,0.0,0.0,-0.5596157879354227,-0.735706794978741,-50.0,0.0,0.0,0.0
2018-08,군산시,8,80.0,80.0,575.0,575.0,0.0,0.0,,,-30.294486215538846,0.0,,
2018-09,군산시,9,60.0,0.0,,1125.0,100.0,0.0,,,60.0,0.0,,
2019-04,군산시,4,692.0,0.0,,768.3526011560693,100.0,0.0,,,50.0,0.0,,
2019-05,군산시,5,104.0,0.0,,375.0,100.0,0.0,,,50.0,0.0,,
2019-08,군산시,8,60.0,0.0,,500.0,100.0,0.0,,,69.70551378446115,0.0,,
2019-09,군산시,9,60.0,0.0,,325.0,100.0,0.0,,,60.0,0.0,,
2019-12,군산시,12,92.0,92.0,2500.0,2500.0,0.0,0.0,1.5088966832122228,-0.994252273343867,0.0,0.0,0.3438247500124807,-0.9019337824894431
2020-04,군산시,4,496.0,416.0,925.0,896.7741935483871,0.0,0.0,-5.337538079701318,-0.6151856390902335,-50.0,0.0,0.0,0.0
2020-09,군산시,9,2.0,2.0,500.0,500.0,0.0,0.0,5.886104031450156,0.8361646873948709,-40.0,0.0,3.3571014743757335,1.2949827563990983
2020-10,군산시,10,892.0,720.0,1153.75,1152.914798206278,0.0,0.0,-1.0498221244986778,1.0051405183846134,0.0,0.0,0.0,0.0
2024-06,군산시,6,252.0,252.0,3152.3809523809523,3152.3809523809523,0.0,0.0,1.9345075169575017,0.8466827012885343,0.0,0.0,0.0,0.0
2024-07,군산시,7,1744.0,1744.0,7351.032110091744,7351.032110091744,0.0,0.0,-0.3266581672085396,-0.3852200008966076,-3.824362606232295,0.0,-0.14537243099116326,-0.31035595634801805
2024-08,군산시,8,1258.0,1258.0,5000.914149443562,5000.914149443562,0.0,0.0,-1.4071786542868114,0.34533925896376516,-30.294486215538846,0.0,0.7856083498069513,-0.05501169454980115
2024-09,군산시,9,308.0,308.0,7063.636363636364,7063.636363636364,0.0,0.0,-0.02631730831737311,-1.717256281929691,-40.0,0.0,-2.5553198653917955,-1.2584382129254637
2024-12,군산시,12,300.0,300.0,1268.3333333333333,1268.3333333333333,0.0,0.0,0.8212471831872614,0.8096152916350192,0.0,0.0,-0.3438247500124807,0.9019337824894431
2025-03,군산시,3,682.0,682.0,2850.0,2850.0,0.0,0.0,1.3413092652030816,0.6344039106707253,0.0,0.0,0.0,0.0
2025-07,군산시,7,2824.0,2608.0,5374.808282208589,5162.004249291785,7.64872521246459,0.0,-0.035913305226213055,0.23549191179942852,3.824362606232295,0.0,0.14537243099116326,0.31035595634801805
2025-08,군산시,8,3192.0,2516.0,6801.987281399046,5772.838345864661,21.17794486215539,0.0,-2.978395353900714,0.45536264806336746,-9.116541353383457,0.0,-0.7856083498069513,0.05501169454980115
2025-09,군산시,9,128.0,128.0,10725.0,10725.0,0.0,0.0,1.7272209480904843,-0.4953626124778623,-40.0,0.0,-0.801781608983938,-0.03654454347363484
2026-01,군산시,1,784.0,720.0,6535.277777777777,6226.275510204082,8.16326530612245,0.0,,,0.0,0.0,,
2026-02,군산시,2,236.0,0.0,,2047.0338983050847,100.0,0.0,,,0.0,0.0,,
2018-01,김제시,1,18904.0,18336.0,3417.736565772251,3365.0965055543797,2.941176470588235,0.0,0.03641438952556442,-0.2190514642047665,-0.24226087792310125,0.0,0.0076060833347915136,0.281743144242523
2018-02,김제시,2,19596.0,19016.0,2745.4007167122427,2700.522557460706,2.959787711777914,0.0,0.41592764338789934,-0.19696515857446872,-0.13304057910103229,0.0,0.07015366698189368,-0.24314053513619913
2018-03,김제시,3,30392.0,28824.0,2254.5759045240075,2201.0237080481706,5.093445643590418,0.0,-0.11223020476114876,0.06123068063399639,0.26867139632317283,0.0,-0.03183267017494096,0.052521938522632934
2018-04,김제시,4,28684.0,25764.0,2396.9391445427727,2257.3139540859015,10.110165946172083,0.0,-0.15593771266365586,-0.21760892055419845,1.7690951656020637,0.0,-0.10433134628279205,-0.1576376194879937
2018-05,김제시,5,23908.0,22044.0,1928.1936777354383,1824.396356867994,6.775974569181864,0.0,-0.10857137474570777,-0.2007109973460821,1.5166370157072002,0.0,0.13355531102804225,-0.3573004267063297
2018-06,김제시,6,21079.0,19776.0,1577.5494295610838,1511.6221921817923,5.925328526021159,0.0,-0.5277047374335595,0.8631541927142825,1.1834873944793776,0.0,-0.7622551585183928,0.25390689890210294
2018-07,김제시,7,12704.0,11667.0,3739.7802079369158,3483.4631364924435,6.793136020151133,0.0,0.129494800206567,0.47775118960152696,2.336291056005156,0.0,0.641024322143688,0.1933694376044895
2018-08,김제시,8,14364.0,13280.0,6030.187057304217,5668.368428641047,7.101086048454469,0.0,-0.43020384375013876,0.5140935163080069,-1.5817813432492827,0.0,-0.26680085192789726,0.3410422334693446
2018-09,김제시,9,9657.0,8637.0,10083.208823781406,9334.4939376618,9.940975458216837,0.0,0.4714353929456436,-1.1759730200752347,1.8674188092785737,0.0,0.5006488657991937,-0.7281017778589203
2018-10,김제시,10,14971.0,13839.0,3110.8578606835754,2968.1013470042085,7.561285151292499,0.0,-0.19598482018290753,-0.6465867113506114,2.324471961745208,0.0,-0.43259141585158956,0.10232294308377632
2018-11,김제시,11,12344.0,11376.0,1629.5628949542897,1550.204485255995,7.841866493843162,0.0,0.16434567067884132,-0.026032545158887643,2.718739203263902,0.0,0.09885263689274704,-0.13392537983324926
2018-12,김제시,12,14124.0,13408.0,1587.688636858592,1536.7374145426224,5.069385443217219,0.0,0.25693372049433094,0.24376238462527677,1.278012365549512,0.0,0.045003971973248125,-0.1274824748222465
2019-01,김제시,1,18332.0,17336.0,2025.955934760037,1964.6195409666157,5.433122408902466,0.0,-0.14473506313184714,-0.31725006075040074,2.2496850603911294,0.0,-0.17354336932262004,0.18354454769688877
2019-02,김제시,2,15496.0,15000.0,1475.1970808,1452.1353606737225,3.200826019617966,0.0,0.2524693166960361,0.28988549620096915,0.10799772873901992,0.0,-0.09330465970996954,0.24371011963923875
2019-03,김제시,3,20492.0,19308.0,1971.2681984151648,1913.4684938024595,5.250829592035917,0.0,0.1597286304533121,0.1167166003608342,0.42605534476867124,0.0,0.2401261650395199,0.10800785824947073
2019-04,김제시,4,25694.0,22652.0,2215.3129751015363,2036.0827896006851,11.45792792091539,0.0,-0.08164797447039085,0.3338521638564096,3.1168571403453704,0.0,-0.030041608089527036,0.39382346492261433
2019-05,김제시,5,22352.0,20876.0,3093.322807530178,2947.9811027201144,6.603435934144596,0.0,-0.20303665237999802,-0.5122287161763177,1.3440983806699318,0.0,0.039090033393752,-0.6688181455365654
2019-06,김제시,6,18143.0,17040.0,1853.3913799295774,1791.3523548475998,5.864520751805104,0.0,-0.05283884197349842,0.28263235429278755,1.1226796202633231,0.0,-0.2873892630583317,-0.326614939519392
2019-07,김제시,7,17591.0,16163.0,2458.7411553548227,2321.4996290716845,7.25370928315616,0.0,-0.10362280028135373,0.5617092187620027,2.796864319010183,0.0,0.40790672165576725,0.2773274667649653
2019-08,김제시,8,15488.0,14572.0,4311.814064781774,4137.912225206612,5.139462809917355,0.0,-0.39958072575082326,0.5230195103069537,-3.5434045817863966,0.0,-0.23617773392858177,0.34996822746829137
2019-09,김제시,9,10980.0,9772.0,7274.522844862874,6701.281472586522,10.163934426229508,0.0,0.18271375712808968,0.02677258119316761,2.090377777291245,0.0,0.2119272299816397,0.4746438234094821
2019-10,김제시,10,13074.7,11731.0,7471.911104935642,6999.845567546482,10.062945994936786,0.0,0.16706064188972114,-0.8885509037044468,4.826132805389495,0.0,-0.06954595377896089,-0.13964124927005905
2019-11,김제시,11,15408.0,13864.0,3072.832885314483,2899.027893561786,9.423676012461058,0.0,0.16963077014575845,-0.26529377156844713,4.300548721881798,0.0,0.10413773635966417,-0.37318660624280875
2019-12,김제시,12,17175.0,16427.0,2356.8032094113346,2317.258009490539,4.355167394468705,0.0,0.08139509948360057,0.6166335532188905,0.5637943168009976,0.0,-0.13053464903748224,0.24538869377136718
2020-01,김제시,1,19096.0,17820.0,4366.403540011223,4192.091419721408,6.682027649769585,0.0,0.018018505502677584,-1.1241239278441588,3.498590301258249,0.0,-0.010789800688095319,-0.6233293193968693
2020-02,김제시,2,19948.0,18144.0,1418.8061149691357,1353.6921734509724,8.782835371967114,0.0,0.22084814993556812,0.3287826042784445,5.690007081088167,0.0,-0.12492582647043754,0.28260722771671415
2020-03,김제시,3,25220.0,22628.0,1971.1130006187025,1886.386993180016,9.246629659000794,0.0,-0.219526272677653,0.03593619056883579,4.4218554117335485,0.0,-0.13912873809144521,0.027227448457472332
2020-04,김제시,4,22259.5,18168.0,2043.2354343350942,1783.7843634852534,17.376850333565443,0.0,0.10562468155554505,-0.08304459110390816,9.035779552995423,0.0,0.15723104793640885,-0.023073290037703406
2020-05,김제시,5,21110.0,20192.0,1880.4102245938984,1842.3492778304123,3.979156797726196,0.0,-0.4181241358664547,0.258560082163128,-1.280180755748468,0.0,-0.17599745009270468,0.10197065280288037
2020-06,김제시,6,14447.5,13292.0,2435.2515076737886,2329.2737878525695,6.838553382938224,0.0,-0.5320135013815559,0.7072239956536182,2.0967122513964433,0.0,-0.7665639224663892,0.09797670184143858
2020-07,김제시,7,9752.0,7808.0,4939.549019467214,4174.405120898277,8.859721082854799,0.0,0.25043175286305264,0.5909450659368645,4.402876118708822,0.0,0.7619612748001736,0.306563313939827
2020-08,김제시,8,11196.0,10030.0,8919.314566899302,8182.283711504108,10.039299749910683,0.0,0.23476075470225766,-0.5242770644895476,1.3564323582069306,0.0,0.39816374652449915,-0.6973283473282099
2020-09,김제시,9,14148.0,12684.0,5280.084159413434,4881.727980916031,9.810573932711337,0.0,-0.0955624979788805,-1.068976373883924,1.7370172837730742,0.0,-0.06634902512533047,-0.6211051316676095
2020-10,김제시,10,12312.0,11528.0,1812.9686919673838,1739.9368970922676,4.710851202079272,0.0,-0.049432285621863414,0.014849577951981274,-0.525961987468019,0.0,-0.28603888129054544,0.763759232386369
2020-11,김제시,11,11780.0,10972.0,1840.0913938206345,1757.0146658743631,6.213921901528013,0.0,-0.1641500761689656,0.5385827504686063,1.0907946109487527,0.0,-0.22964310995505988,0.43068991579424465
2020-12,김제시,12,10171.0,9311.0,3153.1375080012886,2950.8616008258773,8.140792449120047,0.0,0.1409146587362642,0.4368231987189759,4.34941937145234,0.0,-0.07101508978481863,0.06557833927145262
2021-01,김제시,1,11436.0,10720.0,4880.370748973881,4697.273909496328,6.260930395243092,0.0,0.1229108278864377,-0.5927721060201678,3.0774930467317554,0.0,0.0941025216956648,-0.09197749757287832
2021-02,김제시,2,13422.0,12122.0,2697.833609552879,2535.0349437490686,7.539859931455818,0.0,0.419717130815366,-0.12483056749240884,4.447031640576872,0.0,0.07394315440936033,-0.17100594405413924
2021-03,김제시,3,19680.0,18444.0,2381.233228258512,2296.5328080284553,6.0772357723577235,0.0,0.02695927071704496,0.05143925823331674,1.252461525090478,0.0,0.10735680530325276,0.042730516121953284
2021-04,김제시,4,20734.0,18948.0,2506.9271869326576,2367.9102597183373,8.035111411208643,0.0,-0.34405846528626505,-0.07551804883809687,-0.3059593693613767,0.0,-0.29245209890540125,-0.01554674777189212
2021-05,김제시,5,14376.0,13432.0,2324.5808100059558,2244.8828681135224,4.2570951585976635,0.0,-1.3155955800291483,0.2225462504647986,-1.0022423948770003,0.0,-1.0734688942553983,0.06595682110455098
2021-06,김제시,6,3708.0,3604.0,2903.9909381243065,2863.587740291262,1.4023732470334414,0.0,-0.07547490957288971,0.31378444396116745,-3.3394678845083394,0.0,-0.310025330657723,-0.2954628498510121
2021-07,김제시,7,3574.0,3342.0,3974.386594853381,3815.8086177951873,0.0,0.0,-0.749144583134326,0.4912499271864643,-4.456844964145977,0.0,-0.237615061197205,0.20686817518942685
2021-08,김제시,8,1768.0,1580.0,6495.569620253164,5929.9490950226245,0.0,0.0,0.371999951813617,0.47579471586641553,-8.682867391703752,0.0,0.5354029436358585,0.3027434330277532
2021-09,김제시,9,2664.0,2292.0,10453.272251308901,9393.13063063063,0.0,0.0,-0.8096221715563132,-0.27841552067526365,-8.073556648938263,0.0,-0.7804086987027632,0.16945572154105082
2021-10,김제시,10,1090.0,1020.0,7912.941176470588,7540.825688073394,0.0,0.0,1.2544422300150888,-1.2334710352269331,-5.236813189547291,0.0,1.0178356343464068,-0.4845613807925454
2021-11,김제시,11,3660.0,3576.0,2304.8797539149887,2266.3251366120217,0.0,0.0,-0.31259842371631574,0.006691901085898344,-5.12312729057926,0.0,-0.37809145750241,-0.10120093358846327
2021-12,김제시,12,2828.0,2616.0,2320.355504587156,2208.9521471004246,0.0,0.0,0.2603627332170815,0.4301244270924123,-3.791373077667707,0.0,0.04843298469599866,0.058879567644889
2022-01,김제시,1,3470.0,3394.0,3567.4278137890396,3540.07204610951,0.0,0.0,-0.5228799145745411,-0.6232776340220507,-3.1834373485113363,0.0,-0.551688220765314,-0.1224830255747612
2022-02,김제시,2,2064.0,2012.0,1912.7982107355865,1908.6967054263566,0.0,0.0,0.5496256948603362,0.22143825718273735,-3.092828290878946,0.0,0.20385171845433053,0.17526288062100695
2022-03,김제시,3,3630.0,3486.0,2386.9238835341366,2344.3847542699723,0.0,0.0,-0.13132090418913123,0.15250312461750504,-4.8247742472672455,0.0,-0.05092336960292343,0.14379438250614157
2022-04,김제시,4,3175.0,3057.0,2780.1602878639187,2707.259842519685,0.0,0.0,0.4827612881584695,-0.6944365813492643,-8.34107078057002,0.0,0.5343676545393333,-0.6344652802830596
2022-05,김제시,5,5042.0,4954.0,1388.2889285425917,1377.009788179294,0.0,0.0,0.03256840667043015,0.6717842505451657,-5.259337553474664,0.0,0.27469509244418017,0.515194821184918
2022-06,김제시,6,5415.0,5118.0,2717.891110980852,2629.8368801477377,0.0,0.0,-0.09289028868940719,0.8894978054158003,-4.741841131541781,0.0,-0.32744070977424045,0.2802505116036207
2022-07,김제시,7,4952.0,4664.0,6615.094334476844,6343.2552455573505,0.0,0.0,-0.3861418611590004,0.2909677484954827,-4.456844964145977,0.0,0.12538766077812058,0.006585996498445212
2022-08,김제시,8,3326.0,3170.0,8849.1535170347,8516.90217949489,0.0,0.0,0.13605187284985654,-0.6738549510125562,-8.682867391703752,0.0,0.29945486467209803,-0.8469062338512185
2022-09,김제시,9,4060.0,3632.0,4510.765421530837,4169.261086453202,0.2955665024630542,0.0,-0.12055739274294552,-0.5659848946246928,-7.777990146475209,0.0,-0.0913439198893955,-0.11811365240837834
2022-10,김제시,10,3558.5,3219.5,2561.2155269451778,2452.0537836166927,2.023324434452719,0.0,0.8079058548591647,-0.43865880023613624,-3.2134887550945725,0.0,0.5712992591904826,0.3102508541982515
2022-11,김제시,11,7374.0,7222.0,1651.7298964275822,1629.4946178464875,0.10848928668294007,0.0,0.6309874396218955,0.9504309647527114,-5.01463800389632,0.0,0.5654944058358012,0.8425381300783498
2022-12,김제시,12,13833.5,13573.5,4272.7349492024905,4233.590041059747,1.7927494849459644,0.0,0.2569060970003747,0.163311532645821,-1.9986235927217426,0.0,0.04497634847929188,-0.2079333268017023
2023-01,김제시,1,18229.5,17549.5,5030.732793925753,4948.2621670918015,3.6424476809566912,0.0,0.2455522057454953,-0.30842149987262957,0.45901033244535494,0.0,0.2167438995547224,0.19237310857465995
2023-02,김제시,2,23046.0,22434.0,3695.604565882143,3649.776222815239,1.9612948017009457,0.0,0.3446374628013267,-0.1444897295337526,-1.1315334891780005,0.0,-0.0011365136046789792,-0.190665106095483
2023-03,김제시,3,33642.1,31665.1,3198.4119748555986,3138.031217343745,4.854037054761743,0.0,-0.27463116782278796,-0.13302425059100553,0.029262807494497167,0.0,-0.19423363323658016,-0.141732992702369
2023-04,김제시,4,26088.800000000003,24060.8,2800.0301309599013,2694.1953370028514,7.252154181104535,0.0,-0.09422518543439828,-0.16218351882453064,-1.0889165994654846,0.0,-0.04261881905353447,-0.10221221775832588
2023-05,김제시,5,23349.2,21897.2,2380.8240312003363,2301.2407267058397,5.499117742792045,0.0,0.0930275008145518,0.33498259266729224,0.239780189317381,0.0,0.3351541865883018,0.17839316330704463
2023-06,김제시,6,25080.0,24032.0,3328.192127871172,3222.796247328549,3.971291866028708,0.0,0.7541829342674067,0.9750595296017401,-0.7705492655130728,0.0,0.5196325131825734,0.36581223578956057
2023-07,김제시,7,52733.0,51089.0,8824.119121924487,8630.00313190981,2.9203724423036808,0.0,-0.6683442930435692,-0.5344961654187195,-1.5364725218422959,0.0,-0.15681477110644826,-0.818877917415757
2023-08,김제시,8,28986.0,26186.0,5170.620063316275,4884.365106016698,9.563237424963775,0.0,-0.5068619018297618,0.25080538130947616,0.8803700332600233,0.0,-0.34345891000752027,0.07775409847081383
2023-09,김제시,9,18146.0,15774.0,6644.556828832256,6047.506673096,13.005621073514826,0.0,0.5736271865226552,-0.2530983529386539,4.932064424576563,0.0,0.6028406593762052,0.19477288927766057
2023-10,김제시,10,29870.0,27994.0,5158.777560655854,5028.549905825243,6.213592233009709,0.0,-0.2045719871190883,-0.4665356341014544,0.9767790434624173,0.0,-0.44117858278777033,0.28237402033293335
2023-11,김제시,11,24567.0,22815.0,3235.4370214770984,3123.8478709244105,7.13151788985224,0.0,-0.11031591508918304,-0.3236744608879656,2.00839059927298,0.0,-0.17580894887527732,-0.4315672955623272
2023-12,김제시,12,21838.0,20432.0,2340.7925054815973,2352.6538973807124,6.33757670116311,0.0,0.32830044404965797,0.5953105837540607,2.546203623495403,0.0,0.11637069552857515,0.22406572430653737
2024-01,김제시,1,28932.0,28372.0,4245.247548357535,4203.491984895618,1.4378542789990323,0.0,0.1242006709863741,-0.5320750154055034,-1.745583069512304,0.0,0.0953923647956012,-0.03128040695821388
2024-02,김제시,2,32606.0,32124.0,2493.594186091396,2475.342563761271,0.907808378825983,0.0,0.2860347507289216,0.32160048204788083,-2.1850199120529634,0.0,-0.05973922567708406,0.27542510548615046
2024-03,김제시,3,45900.2,42761.5,3439.498238976649,3383.475902087572,5.786467161363132,0.0,-0.027730323973722548,-0.4918401629239453,0.9616929140958863,0.0,0.05266721061248525,-0.5005489050353087
2024-04,김제시,4,44421.0,41592.0,2103.25351161281,2052.5165289165034,5.925125503703203,0.0,-0.023561124190109695,0.01981385491523735,-2.4159452768668164,0.0,0.02804524219075412,0.0797851559814421
2024-05,김제시,5,44185.5,40623.5,2145.3426688000786,2065.1321040160233,7.540935374727003,0.0,-0.3154311151320588,0.2005792287845347,2.2815978212523396,0.0,-0.07330442935830878,0.0439897994242871
2024-06,김제시,6,32559.8,29633.8,2621.845661609379,2512.1566054459795,8.550421071382502,0.0,1.1395387530263044,0.9195604561829542,3.8085799398407207,0.0,0.9049883319414711,0.31031316237077466
2024-07,김제시,7,96223.3,92615.3,6576.081011485143,6443.338557584286,3.74545458324543,0.0,-1.001505767817834,0.16713434246319636,-0.7113903809005468,0.0,-0.4899762458807131,-0.11724740953384111
2024-08,김제시,8,42972.0,34020.0,7772.355871634332,6630.910209159453,20.832169784976266,0.0,-0.37776587870085976,0.44026708873688314,12.149302393272514,0.0,-0.21436288687861826,0.2672158058982208
2024-09,김제시,9,26451.0,23317.0,12071.416775657246,11040.698522362103,11.719783751086915,0.0,0.043759734574839726,-0.1052403650037963,3.646227102148652,0.0,0.07297320742838975,0.34263087721251817
2024-10,김제시,10,26294.5,24360.0,10865.580526272579,10485.765082051379,6.885470345509518,0.0,0.32563789445550384,-1.3743162039066865,1.6486571559622263,0.0,0.08903129878682181,-0.6254065494722988
2024-11,김제시,11,35051.0,33736.5,2749.128188994116,2739.4811317223475,3.6389831959145247,0.0,-0.10961321837068283,-0.1008958084997138,-1.4841440946647357,0.0,-0.1751062521567771,-0.20878864317407542
2024-12,김제시,12,30854.0,30234.0,2485.2867139313357,2472.002285311467,1.5816425747066831,0.0,0.037012405507532264,-0.06185756953360322,-2.209730502961024,0.0,-0.17491734301355055,-0.4331024289811265
2025-01,김제시,1,31622.0,31374.0,2336.2111751450243,2330.38673736639,0.5186262728480172,0.0,0.26721442201131573,-0.01456532822717449,-2.664811075663319,0.0,0.23840611582054283,0.486229280220115
2025-02,김제시,2,41364.5,40984.5,2302.43010596689,2292.2626087103677,0.9186621378234959,0.0,0.35323113577860177,-0.0764222249886819,-2.17416615305545,0.0,0.007457159372596112,-0.1225976015504123
2025-03,김제시,3,60808.0,58348.0,2133.0287284911224,2098.4861131101175,4.045520326272859,0.0,-0.1157969376847543,0.1369968920210427,-0.7792539209943863,0.0,-0.0353994030985465,0.12828814990967924
2025-04,김제시,4,57148.0,51968.0,2446.2097846559423,2358.9785311122,8.966193042626164,0.0,-0.2227683907843918,0.18807175046327096,0.625122262056145,0.0,-0.171162024403528,0.2480430515294757
2025-05,김제시,5,45062.0,41590.0,2952.3797807165183,2821.932376259376,7.660556566508367,0.0,-0.041207778631235925,-0.058056472251555746,2.401219013033703,0.0,0.2009189071425141,-0.21464590161180336
2025-06,김제시,6,41683.0,39911.0,2785.8556969006036,2728.627259314349,4.251133555646187,0.0,0.7048793465645424,0.40236219962428255,-0.4907075758955939,0.0,0.47032892547970917,-0.20688509418789702
2025-07,김제시,7,85028.0,80764.0,4165.837258394829,4049.110453991627,5.014818647974785,0.0,-0.39635353304393917,0.33436638394977436,0.5579736838288083,0.0,0.11517598889318181,0.04998463195273689
2025-08,김제시,8,63567.5,54335.5,5819.903389073442,5199.071625453258,14.52314468871672,0.0,-0.3356241639120796,0.378562065683667,5.8402772970129675,0.0,-0.17222117208983811,0.20551078284500468
2025-09,김제시,9,43017.0,38844.0,8498.126500308928,8021.272345003138,9.651998047283632,0.0,-0.4795017917214892,-0.16205399172211798,1.578441398345369,0.0,-0.4502883188679392,0.2858172504941965
2025-10,김제시,10,25197.0,24048.0,7226.766741142713,7041.711444259237,4.437036155097829,0.0,-0.21220476294616297,-0.9580075249008146,-0.7997770344494626,0.0,-0.448811358614845,-0.20909787046642692
2025-11,김제시,11,20946.0,19450.0,2772.596403187661,2707.3904345459755,6.626563544352143,0.0,0.25565802318740616,0.0833336472026911,1.5034362537728825,0.0,0.19016498940131188,-0.02455918747167052
2025-12,김제시,12,25936.0,25116.0,3013.5472041726393,2971.067303554905,3.053670573719926,0.0,0.3336128296798204,0.5458507650583524,-0.7377025039477809,0.0,0.1216830811587376,0.17460590561082912
2026-01,김제시,1,35740.0,35062.0,5201.612237008728,5151.4788263570235,1.7347509792949074,0.0,0.11257871176547951,-0.7756144396787539,-1.448686369216429,0.0,0.08377040557470661,-0.27481983123146436
2026-02,김제시,2,39888.0,39240.0,2394.9304324159025,2384.935406738869,1.5643802647412757,0.0,0.2694745026499952,-0.20342077006514625,-1.5284480261376705,0.0,-0.07629947375601048,-0.24959614662687665
2026-03,김제시,3,53050.0,51376.0,1954.1071988866395,1959.5553524976438,3.06880301602262,0.0,-0.02902990133702943,0.14842034608169108,-1.7559712312446254,0.0,0.05136763324917837,0.1397116039703276
2026-04,김제시,4,53144.0,49906.0,2266.7651235923536,2220.6212726366102,5.946108685834713,0.0,-0.13064441431257734,0.15131218183923778,-2.3949620947353063,0.0,-0.07903804793171353,0.21128348290544252
2026-05,김제시,5,46156.0,43794.0,2637.063378202494,2567.7789146589826,5.017765837594245,0.0,0.09723055733587138,0.49184864539126494,-0.24157171588041848,0.0,0.3393572431096214,0.3352592160310173
2026-06,김제시,6,51286.0,48266.0,4312.486218663242,4163.024701283001,5.872947783020707,0.0,0.7932750349561566,0.1299506668629835,1.1311066514789259,0.0,0.5587246138713233,-0.47929662694919606
2026-07,김제시,7,113026.0,106698.0,4910.939430486044,4766.0020585529,5.524392617627803,0.0,-1.6785794120236854,0.17980805699674463,1.0675476534818262,0.0,-1.1670498900865645,-0.10457369500029284
2026-08,김제시,8,22398.0,19914.0,5878.333542131164,5429.297296365748,10.9474060183945,0.0,,,2.2645386266907472,0.0,,
2018-01,남원시,1,264427.9,255437.9,4484.713792127167,4415.133374984258,1.4711004398552496,0.4099416135740593,-0.013510558000284334,-0.26985737847342683,-0.3618963082118849,0.1803312739108211,-0.09226499451610613,0.23203841163003558
2018-02,남원시,2,260470.0,252010.0,3424.026851993968,3373.388093841901,0.839636042538488,0.31788689676354287,0.48293256565869846,-0.3326475026611808,-1.0120227168701406,0.13241810157905362,0.0718375182913093,-0.24771174378360378
2018-03,남원시,3,424469.0,408463.0,2455.1056571978365,2425.8215635228958,1.4022225415754743,0.09423538585856682,0.005797641288118882,0.11054272127339537,-0.6994056463606699,-0.025879322193398197,-0.030862572018678786,0.11430223097306699
2018-04,남원시,4,428004.0,410838.0,2742.0683808727526,2720.157659253184,1.1504565377893663,0.6570032055775179,0.0240071631252885,-0.07677899749526418,-0.7141716563940015,0.35967687941974824,0.0033617273654762414,-0.085306674551665
2018-05,남원시,5,440380.4,420820.4,2539.4144466879457,2522.4535163304263,1.135382046975751,0.3705887001328851,0.08273323629690665,-0.23373087797033243,-0.23721903166448688,0.1648775215361418,-0.08672029679247728,-0.3490070539551929
2018-06,남원시,6,473656.0,457117.0,2010.1365270773128,2009.119802631023,0.7000861384633574,0.0371577685071022,-0.04613358927904443,0.5674428354354868,-0.20111581015774482,-0.06880232635928538,-0.12094074026836606,-0.06414697347110665
2018-07,남원시,7,454164.6,436507.6,3545.380466747887,3508.869323254168,0.8860223804321166,0.37827695069144535,-0.006402932740609657,0.4256667640053635,-0.7271360623867049,0.05844573904442535,0.27512998349151413,0.20465564220594323
2018-08,남원시,8,455987.6,433721.6,5426.597049588953,5369.090345040085,1.1719616936951793,0.25702453312326917,-0.5195421107855367,0.7347839549468542,-0.9517212376883066,-0.07280176850483466,-0.3851073590244758,0.5387295624067872
2018-09,남원시,9,274233.0,257974.5,11314.625694512442,11147.176361583035,1.8630142980604085,0.42828543610725184,0.35302630788336664,-1.080594004209173,-0.08299860586878771,0.15542138595761118,0.27390441780055474,-0.6333007266332971
2018-10,남원시,10,379918.8,367192.8,3840.114538395088,3837.0935840579614,0.7285767379766414,0.18424989760969976,-0.09711712997873789,-0.7361961821298646,-0.7715770192950356,-0.06815626652452553,0.0026484099327874766,-0.16808722511057783
2018-11,남원시,11,345081.0,333209.0,1839.1546040743196,1837.6901424303278,1.1432098550775034,0.16923562873644157,-0.06477363646272138,0.26387768152333546,-0.24370012295680787,-0.07879627544099335,0.14305669628557438,0.08581576618823406
2018-12,남원시,12,322533.0,312310.0,2394.5221551055038,2375.6778727044984,0.9648625101927554,0.530798398923521,0.0033595963007488905,0.08601483031582458,-0.6451076825709124,0.2763575004462267,0.16987456382395139,-0.164688618153214
2019-01,남원시,1,321967.0,313361.0,2609.604098866802,2592.191081113903,1.2193796258622778,0.10435852121490712,-0.09018294936596227,-0.35840453286245033,-0.6136171222048568,-0.12525181844833105,-0.16893738588178409,0.14349125724101208
2019-02,남원시,2,296014.0,286338.0,1823.5661202914039,1811.9156750119928,1.0229245914044605,0.09323883329842508,0.40532540330418776,0.14366030752245074,-0.828734168004168,-0.09222996188606417,-0.005769644063201407,0.22859606640002778
2019-03,남원시,3,454111.0,429447.0,2105.2922597456727,2077.169510773798,2.0180088128232967,0.1981894294566747,0.03363023576273605,0.13191979028766898,-0.08361937511284756,0.07807472140470968,-0.0030299775440616183,0.1356792999873406
2019-04,남원시,4,470547.0,444135.0,2402.17382668558,2363.873587983772,1.680597262335112,0.5491481191039366,-0.07286501361428321,0.22878423634941747,-0.1840309318482558,0.2518217929461669,-0.09351044937409547,0.22025655929301666
2019-05,남원시,5,438434.0,412924.0,3019.7025249658536,2968.461796179128,1.2991693162482836,0.32935401907698764,0.024582505360941198,-0.1756362845051891,-0.07343176239195426,0.12364284048024435,-0.14487102772844274,-0.29091246049004954
2019-06,남원시,6,442166.5,423200.5,2533.2980739838445,2527.165362244765,0.4215606564495501,0.030305326161072812,0.07022360260478777,0.30144714038150067,-0.47964129217155216,-0.07565476870531476,-0.004583548384533856,-0.3301426685250928
2019-07,남원시,7,472898.0,453987.5,3424.5469333979463,3407.02624022305,0.4973588384810255,0.14210252528029302,0.0043292808375117176,0.3898563766713927,-1.115799604337796,-0.17772868636672698,0.2858621970696355,0.16884525487197244
2019-08,남원시,8,480949.4,455957.2,5057.263655176408,4992.535496440997,1.105729625611343,0.25512039312243656,-0.2464240969673792,0.27719600012311396,-1.017953305772143,-0.07470590850566727,-0.11198934520631831,0.08114160758304689
2019-09,남원시,9,374402.9,356371.9,6672.6798612797475,6607.325491199454,1.140482619125012,0.04914491848220193,-0.059920794688521184,0.11997031819406523,-0.8055302848041843,-0.22371913166743873,-0.13904268477133308,0.5672635957699412
2019-10,남원시,10,354034.69999999995,335645.0,7523.202229647395,7424.392116275609,1.553520036312825,0.2965810978415393,0.06579008383503471,-0.7823051290351088,0.05336627904114799,0.04417493370731401,0.16555562374656008,-0.21419617201582208
2019-11,남원시,11,375991.7,358469.7,3440.7406267921665,3422.5937553701324,0.9462974847583072,0.24575010565392796,-0.16928033197576475,0.1630268482484123,-0.44061249327600405,-0.0022817985235069616,0.03855000077253101,-0.015035067086689113
2019-12,남원시,12,317607.0,302646.0,4049.986691025158,4006.544521125164,1.2694934305604095,0.10956937347098773,-0.07959264056536419,0.3766410080656435,-0.3404767622032583,-0.14487152500630657,0.0869223269578383,0.1259375595966049
2020-01,남원시,1,290769.3,279491.3,5902.373764786238,5858.888715497132,0.7827511363820046,0.05227511982867517,0.12331204136620322,-1.0492698043234236,-1.05024561168513,-0.17733521983456302,0.04455760485038142,-0.5473740142199612
2020-02,남원시,2,330715.0,316171.0,2066.9721328711366,2053.943394853575,0.5563702886170873,0.0,0.25083813091963947,0.08774512112136179,-1.295288470791541,-0.18546879518448925,-0.1602569164477497,0.17268087999893883
2020-03,남원시,3,426120.0,406312.0,2256.533801551517,2231.2311244015773,0.9969022810475922,0.03660940580118277,0.03686805793768322,-0.10110345096936513,-1.104725906888552,-0.08350530225078225,0.00020784463088555083,-0.0973439412696935
2020-04,남원시,4,441151.5,421571.5,2039.5444392825418,2024.6350808667773,0.997389785595198,0.0,-0.0030182740605475544,-0.04143539151289577,-0.8672384085881698,-0.29732632615776966,-0.023663709820359813,-0.04996306856929659
2020-05,남원시,5,444487.0,420301.0,1956.762021575014,1942.8928681851216,0.8495186585884402,0.09359103865804849,-0.049026689316320926,0.5597534456177744,-0.5230824200517976,-0.1121201399386948,-0.21848022240570486,0.44447726963291395
2020-06,남원시,6,427430.0,400192.0,3424.80495602111,3421.8881212479237,0.41176332966801577,0.11651030578106357,-0.04217986884376579,0.4755420836384374,-0.4894386189530865,0.010550210914675992,-0.11698701983308742,-0.15604772526815602
2020-07,남원시,7,407154.1,383663.0,5510.121129970834,5455.114873732084,0.9392021350147279,0.09726047214064651,-0.17510215413701857,0.5808108403597831,-0.6739563078040935,-0.2225707395063735,0.10643076209510521,0.35979971856036286
2020-08,남원시,8,342804.7,322035.7,9849.271045808073,9668.396224485312,1.7094281379455998,0.18261126524811358,0.04394911298822457,-0.39416880568058765,-0.4142547934378862,-0.14721503637999026,0.17838386474928547,-0.5902231982206547
2020-09,남원시,9,360998.5,336504.5,6640.774785623967,6527.03526161189,1.8714759202600566,0.1473690333893354,0.15271409131482194,-1.1364188176110819,-0.07453698366913963,-0.12549501676030525,0.07359220123201005,-0.6891255400352059
2020-10,남원시,10,416917.0,392025.0,2131.4656115706907,2113.196439425593,0.8299013952417387,0.0,-0.1263491785843609,0.01764280041824584,-0.6702523620299383,-0.2524061641342253,-0.02658363867283553,0.5857517574375326
2020-11,남원시,11,362625.19999999995,345494.4,2169.404322417382,2172.238276018876,0.6475005046532895,0.10699752802618241,-0.255942853351689,0.5403869956626686,-0.7394094733810218,-0.14103437615125253,-0.048112520603393216,0.36232508032756716
2020-12,남원시,12,281445.0,267477.0,3724.153656594772,3684.581698623177,1.164703583293361,0.04263710494057453,-0.28380266851394076,0.41144611780671525,-0.44526660947030683,-0.21180379353671974,-0.11728770099073826,0.16074266933767667
2021-01,남원시,1,210823.5,201387.5,5619.741899750481,5568.697601334767,0.8689733355152532,0.0626116158777366,0.2322175209125117,-0.5464878536413114,-0.9640234125518813,-0.16699872378550157,0.15346308439668987,-0.04459206353784895
2021-02,남원시,2,267183.0,254029.0,3253.7165079301967,3216.2161785742355,1.0225201453685302,0.07335796064869397,0.440819418783974,-0.19281793781932866,-0.8291386140400983,-0.11211083453579528,0.02972437141658485,-0.10788217894175162
2021-03,남원시,3,418197.0,394756.0,2683.1190597888317,2651.9117378675596,1.3376470897686974,0.015303792231890712,0.014512328768089944,0.10671315286526006,-0.7639810981674469,-0.1048109158200743,-0.022147884538707724,0.11047266256493168
2021-04,남원시,4,422808.6,400526.6,2985.278669024729,2967.2321937846114,1.1778379153120349,0.05865538212798889,-0.05764395146266921,-0.026734441586420132,-0.6867902788713329,-0.23867094402978078,-0.07828938722248147,-0.03526211864282095
2021-05,남원시,5,400139.5,378091.5,2906.52630161482,2882.3906727303856,0.7017552628520803,0.22092295312009938,0.08927820794558272,0.2745586932239039,-0.6708458157881575,0.015211774523356092,-0.08017532514380121,0.15928251723904346
2021-06,남원시,6,440981.5,413399.5,3824.842731868326,3781.6418329521766,0.7918699537282177,0.31656656798527827,0.10976963028980258,0.3550060387569509,-0.10933199489288459,0.2106064731188907,0.03496247930048095,-0.2765837701496425
2021-07,남원시,7,487959.5,461362.5,5454.949650875396,5392.402108326613,0.7820321153702305,0.32051840367899387,-0.1532611390754557,0.31292213119913725,-0.8311263274485909,0.0006871920319738711,0.1282717771566681,0.09191100939971697
2021-08,남원시,8,419540.0,395805.5,7459.180238207908,7326.739459052772,1.3807980168756258,0.27553987700815175,-0.17142250255281333,0.4785384238604209,-0.7428849145078602,-0.05428642461995209,-0.03698775079175243,0.2824840313203538
2021-09,남원시,9,357711.5,333452.5,12036.984412103673,11874.42663546741,1.1702167808415442,0.3198107972486207,-0.010503837185778409,-0.33737012050435844,-0.775796123087652,0.04694674709898006,-0.0896257272685903,0.10992315707151756
2021-10,남원시,10,350936.3,329968.3,8590.129606019731,8523.802886327236,0.9249541868424555,0.07408751958688799,-0.19402207115028602,-0.6925391830492504,-0.5751995704292215,-0.1783186445473373,-0.09425653123876065,-0.12443022602996368
2021-11,남원시,11,287098.7,271775.0,4297.676985738201,4311.23689888878,0.874855929337193,0.10588693017418747,-0.1093895126413642,-0.09125897019519691,-0.5120540486971182,-0.14214497400324744,0.09844082010693156,-0.2693208855302983
2021-12,남원시,12,256067.0,243614.0,3922.839173721544,3898.393815329582,0.7544900358109401,0.17807839354543928,-0.03814221082117086,0.34583423185992856,-0.8554801569527277,-0.07636250493185501,0.12837275670203163,0.09513078339088998
2022-01,남원시,1,247873.0,234497.0,5543.632115813849,5445.124608380098,1.9348618042303922,0.2339907936725662,-0.06134557316211797,-0.6316386518253685,0.1018650561632577,0.004380454009328016,-0.14010000967793979,-0.12974286172190608
2022-02,남원시,2,231262.0,220544.0,2947.6588664393503,2910.197743939774,1.2989596215547734,0.3096055556036011,0.3917582897053613,0.03684852394742233,-0.552699137853855,0.12413676041911184,-0.01933675766202786,0.12178428282499937
2022-03,남원시,3,346526.5,326312.5,3058.3017389526904,3031.641465579112,1.9738750138878265,0.09349934276310758,0.11141698969767155,0.07812765684416867,-0.12775317404831776,-0.02661536528885744,0.07475677639087389,0.08188716654384029
2022-04,남원시,4,388412.0,364772.0,3306.8214184751023,3267.310039573958,1.3964553103405661,0.3058607869993718,0.14791526401146626,-0.08228001727628964,-0.46817288384280165,0.008534460841602143,0.127269828251654,-0.09080769433269047
2022-05,남원시,5,448664.0,422922.0,3045.628897134696,3030.283836253856,0.7239270367134426,0.16582565126687232,0.1192610703129926,0.34550475397643154,-0.6486740419267952,-0.03988552732987097,-0.05019246277639133,0.2302285779915711
2022-06,남원시,6,502311.5,476491.0,4302.568492353475,4263.835040280782,0.8186155403569298,0.13855943971021967,-0.03330201680908296,0.773028829645158,-0.0825864082641724,0.03259934484383209,-0.10810916779840458,0.1414390207385645
2022-07,남원시,7,489961.60000000003,460884.2,9320.73042885176,9129.16843501205,1.7911607766812745,0.5110604586155323,-0.13453040693542206,0.07829661256060838,0.178002333862453,0.1912292469685123,0.14700250929670172,-0.1427145092388119
2022-08,남원시,8,429222.3,402871.0,10079.842226437246,9877.318300544963,2.021330205816427,0.3420139167978924,-0.012372216699796823,-0.4499701442644284,-0.1023527255670591,0.012187615169788557,0.12206253506126408,-0.6460245368044955
2022-09,남원시,9,424167.80000000005,397917.30000000005,6427.383058866753,6344.556722780465,1.383886282739991,0.16597205162673828,0.026826499394505987,-0.4833785761578149,-0.5621266211892053,-0.10689199852290238,-0.05229539068830591,-0.036085298581938874
2022-10,남원시,10,435042.5,408736.5,3963.743432424068,3934.5502436106817,1.0490929047162059,0.2666406155720418,-0.07118380869932928,-0.49306164159156474,-0.4510608525554711,0.014234451437816487,0.028581731212196093,0.07504731542772203
2022-11,남원시,11,400211.7,380652.5,2420.8706504226298,2420.842900489916,0.5851902880400548,0.20489156114126597,-0.41257685263813215,0.9313765759545483,-0.8017196899942565,-0.043140343036168954,-0.2047465198898364,0.7533146606194469
2022-12,남원시,12,264110.0,251970.0,6144.170980541335,6147.378824073302,1.5569270379766007,0.2832153269471054,-0.21188635976787396,0.0940280564961764,-0.053043154787067115,0.028774428469811097,-0.04537139224467146,-0.15667539197286218
2023-01,남원시,1,215202.0,203858.0,6749.92828793572,6690.445801758347,2.167266103474875,0.2936775680523415,0.17898811869070208,-0.4218231439234952,0.3342693554077405,0.06406722838910334,0.10023368217488028,0.08007264617996723
2023-02,남원시,2,258469.5,243815.5,4426.940603981288,4378.21728759873,2.4513530609994603,0.22904056378025262,0.521389868695568,-0.21986324975271643,0.5996943015908318,0.043571768595763366,0.11029482132817886,-0.1349274908751394
2023-03,남원시,3,432216.8,410674.8,3553.1889183996677,3536.803850518999,1.1901434650388416,0.21655798664003806,-0.03427856332220891,-0.026655829708790435,-0.9114847228973026,0.09644327858807304,-0.07093877662900658,-0.02289632000911881
2023-04,남원시,4,422376.0,396836.0,3459.7269073168763,3422.594908122147,1.7723544898384378,0.21308028865276435,0.16127822727599117,-0.16106723517051513,-0.09227370434492999,-0.08424603750500531,0.1406327915161789,-0.16959491222691594
2023-05,남원시,5,500283.0,466287.0,2945.0400674670323,2909.5558173673703,1.4143994499113501,0.23906468938580763,0.2201965620039168,0.199965910070814,0.0417983712711123,0.033353510789064345,0.05074302891453286,0.08468973408595352
2023-06,남원시,6,616686.6,581143.6,3596.957439181986,3543.5103191377925,1.1877994430234093,0.08367297100342379,-0.27922138480333025,1.0987565101173171,0.2865974944023071,-0.02228712386296379,-0.35402853579265187,0.4671667012107237
2023-07,남원시,7,472940.0,439561.0,10792.428705019325,10522.627508791813,2.6041358311836595,0.6893051972766101,-0.004354940964283571,-0.32652738645216317,0.9909773883648381,0.3694739856295901,0.2771779752678402,-0.5475385082515835
2023-08,남원시,8,471289.5,437650.9,7785.9237506012205,7605.872825452296,2.381041801270769,0.48038413756300535,-0.053510577796547665,0.10679916251093324,0.25735886988728307,0.15055783593490152,0.08092417396451324,-0.08925523002913383
2023-09,남원시,9,452564.5,414847.5,8663.481118278403,8451.10023628676,2.516768328050477,0.2987419472804429,0.11188735879609624,-0.346501891173034,0.5707554241212807,0.02587789713080224,0.03276546871328434,0.10079138640284202
2023-10,남원시,10,499028.5,463960.0,6126.445492339857,6047.467738880644,1.685875656400386,0.46410174969966644,-0.1670567298790253,-0.336374784205999,0.18572189912870907,0.21169558556544116,-0.06729118996749994,0.2317341728132878
2023-11,남원시,11,418509.5,392580.5,4376.45897024432,4325.871209026319,1.464243941893792,0.3966457153302374,-0.28765277952570223,-0.05969353830862545,0.07733396385948077,0.14861381115280248,-0.07982244677740646,-0.23775545364372686
2023-12,남원시,12,310270.0,294444.0,4122.857145049653,4123.725972040481,1.3787991104521868,0.2629967447706836,-0.20056579514565698,0.23230695028697923,-0.23117108231148098,0.008555846293389291,-0.03405082762245448,-0.01839649818205935
2024-01,남원시,1,254797.0,240934.0,5201.012692110702,5180.772593150626,1.719015530010165,0.19466477234818305,0.1530092301335646,-0.43300841699972636,-0.11398121805696948,-0.03494556731505513,0.0742547936177428,0.06888737310373605
2024-02,남원시,2,302384.0,280769.0,3373.1429576164037,3335.397316885153,2.436967564421398,0.10714852637705699,0.3761315427844849,0.20503329916047974,0.5853088050127697,-0.07832026880743226,-0.03496350458290426,0.2899690580380568
2024-03,남원시,3,440154.2,408979.0,4140.755409561371,4091.0181280469433,2.65361548293757,0.14313165704200936,0.012772049737336033,-0.4275011468789254,0.551987295001426,0.023016948990044347,-0.023888163569461635,-0.4237416371792537
2024-04,남원시,4,451090.0,414236.0,2700.3383781298585,2669.2427878139615,2.281584606176151,0.3023786827462369,-0.14130313316576526,-0.004425355494844574,0.4169564119927833,0.005052356588467255,-0.16194856892557752,-0.012953032551245395
2024-05,남원시,5,396555.5,359650.5,2688.4148232937255,2679.799464445708,1.6239845368428885,0.15533765135018932,0.39683491019355444,0.0926744110774198,0.2513834582026506,-0.05037352724655397,0.2273813771041705,-0.02260176490744066
2024-06,남원시,6,570689.0,534840.0,2949.4719253550156,2915.7322998616937,0.8866475435832827,0.046259871839127796,0.15621767894326233,0.9498612750636468,-0.014554405037819573,-0.05970022302725978,0.0814105279539407,0.3182714661570534
2024-07,남원시,7,665169.6,625271.1,7625.420137970555,7457.203839300534,2.312643271730999,0.28534076121338076,-0.20666936402508718,0.18275299232778686,0.6994848289121776,-0.03449045043363924,0.07486355220703661,-0.03825812947163343
2024-08,남원시,8,547712.3,508525.8,9154.452869958614,8867.666933601819,2.5150065098045085,0.3994797998876417,-0.17773973601590853,0.48824908794714084,0.3913235784210225,0.06965349825953787,-0.043304984254847634,0.29219469540707377
2024-09,남원시,9,455673.2,425717.6,14916.820984251062,14557.887218991591,2.4797596171993437,0.28836455600197686,0.08301108815520308,-0.22162943052144612,0.5337467132701474,0.0155005058523362,0.0038891980723911868,0.22566384705442988
2024-10,남원시,10,494719.1,462565.1,11951.539168452182,11722.869586434,2.3531535370273757,0.3561617087353207,-0.043253651792536374,-0.8620112988232531,0.8529997797556987,0.10375554460109543,0.056511888118988995,-0.29390234180396635
2024-11,남원시,11,468825.7,442984.0,5047.276404551857,5007.294218162528,2.170956071734122,0.21031270256728674,-0.1800679443659874,-0.27687273632866294,0.7840460936998108,-0.03771920161014819,0.02776238838230838,-0.45493465166376434
2024-12,남원시,12,393755.2,369986.2,3826.5975324944557,3783.6994841922087,2.974944838823716,0.11733178380882335,-0.2637452690877442,-0.03931335406519665,1.3649746460600483,-0.13710911466847092,-0.09723030156454171,-0.29001680253423523
2025-01,남원시,1,294077.0,284212.0,3679.0798552207502,3639.0268617130887,2.504106067458523,0.07617052676679917,0.13800175593138952,-0.2256111827128242,0.6711093193913884,-0.15343981289643902,0.059247319415567726,0.2762846073906382
2025-02,남원시,2,337048.0,326269.0,2936.0099475034403,2901.9335380835964,2.804348342075906,0.09197503026275189,0.5107600315649403,-0.1252585319032784,0.9526895826672774,-0.09349376492173736,0.09966498419755115,-0.040322773025701364
2025-03,남원시,3,565907.0,543746.0,2590.3499099616365,2558.4257737649473,3.1197705630077026,0.034634666120051526,0.07112419284659133,0.022861360072527148,1.0181423750715584,-0.0854800419319135,0.03446397953979366,0.026620869772198772
2025-04,남원시,4,606577.0,583828.0,2650.2509325143706,2604.3104298283647,3.356210340978969,0.1820049227056087,-0.02719630946024587,0.277680380517241,1.4915821467956012,-0.11532140345216096,-0.04784174522005813,0.26915270346084014
2025-05,남원시,5,585059.0,568164.0,3498.5014075988624,3437.689738115301,2.617855635072702,0.09913530088418432,0.2040749692809829,-0.19283800797091466,1.2452545564324642,-0.10657587771255897,0.034621436191598964,-0.3081141839557751
2025-06,남원시,6,709600.7,696790.7,2884.918643040156,2859.6522157137106,1.6200660455943747,0.08089056281934333,0.07459069174048594,0.6447448323683496,0.7188640969732725,-0.02506953204704425,-0.00021645924883569034,0.013155023461756121
2025-07,남원시,7,769872.3,750752.3,5497.214623924561,5406.524297288005,2.1061934557198643,0.2693953269912426,-0.20440803251610085,0.23511087302564349,0.4930350129010428,-0.05043588465577742,0.07712488371602294,0.0140997512262232
2025-08,남원시,8,631236.0,611960.5,6954.245976959297,6813.0943052598395,2.4546286967156496,0.42678174248616996,0.061584113741270485,0.32700746087708943,0.3309457653321637,0.09695544085806612,0.19601886550233139,0.13095306833702236
2025-09,남원시,9,676595.2,650832.2,9644.230547672658,9397.117641765712,3.1424993851567375,0.4852236610605573,-0.024065593007199126,-0.09242369862416489,1.1964864812275413,0.21235961091091665,-0.10318748309001102,0.3548695789517111
2025-10,남원시,10,658670.9,635356.5,8792.826048275261,8588.510544487392,2.8761556036557865,0.3774267240286462,-0.16493183304296188,-0.6600262377374992,1.3760018463841095,0.1250205598944209,-0.06516629313143651,-0.09191728071821248
2025-11,남원시,11,561580.0,538751.5,4544.464638969915,4446.586302135049,3.2630257487802274,0.5445350617899498,-0.18295875102500503,-0.046347533875668034,1.8761157707459162,0.2965031576125149,0.024871581723290737,-0.22440944921076944
2025-12,남원시,12,465061.6,448673.6,4338.646337290628,4254.486021204503,2.815540994999372,0.5109000614112195,-0.2577443925846179,0.4986697469862378,1.2055708022357043,0.2564591629339252,-0.0912294250614154,0.2479662985171992
2026-01,남원시,1,363805.7,346731.7,7143.709238131386,6969.978182936661,3.82951668981547,0.6388025256338754,0.04830034213638967,-0.5809611461691357,1.9965199417483355,0.4091921859706372,-0.030454094379432126,-0.07906535606567333
2026-02,남원시,2,383922.0,363890.0,3995.908635065541,3916.661874893859,4.231849177697553,0.44696578992607877,0.31990017488964817,-0.3671218595134036,2.3801904182889246,0.2614969947415895,-0.091194872477741,-0.28218610063582655
2026-03,남원시,3,527985.0,501073.0,2768.066707274189,2701.212731272669,4.222468441338296,0.2488707065541635,0.07809898704516094,0.07126015891701609,2.1208402534021515,0.1287559985021985,0.04143877373836327,0.07501966861668771
2026-04,남원시,4,562523.0,541775.0,2972.5176752747907,2910.633055508841,2.968767499284474,0.4078055475065019,0.1546349491890755,-0.03699408482282163,1.1041393051011061,0.11047922134873223,0.13398951342926324,-0.045521761879222446
2026-05,남원시,5,646467.0,632377.0,2864.5612899030166,2826.935215516028,1.9874177645572009,0.1775806034956154,0.43714702572589914,0.16723354034383675,0.614816685916963,-0.028130575101127875,0.2676934926365152,0.051957364358976285
2026-06,남원시,6,993077.0,979099.0,3385.9981974325374,3365.0302032068007,1.2724088867227819,0.1037180399908567,0.6632996150607795,0.5184787347524935,0.3712069381016796,-0.0022420548755308772,0.5884924640714578,-0.11311107415409993
2026-07,남원시,7,1958743.2,1900614.2,5686.685050034352,5563.78784228683,2.599677180755497,0.1852208089350355,-1.6533965565326483,0.11021089249723026,0.9865187379366755,-0.1346104027119845,-1.3718636403005244,-0.11080022930219002
2026-08,남원시,8,382281.1,363775.1,6349.260685217323,6128.556277801858,4.37322169471627,0.3494810494162542,,,2.2495387633327844,0.01965474778815035,,
2018-05,무주군,5,92.0,92.0,1597.8260869565217,1597.8260869565217,0.0,0.0,0.9504820966224345,-0.3263277875494408,0.0,0.0,0.013305850573068101,-0.8648097553734474
2018-06,무주군,6,254.0,238.0,1152.9411764705883,1159.0551181102362,0.0,0.0,1.0439224023714893,0.30259715625591177,-0.957024881138557,0.0,0.1753429289879037,-0.15555318263103907
2018-07,무주군,7,684.0,676.0,1560.3550295857988,1570.7602339181287,0.0,0.0,0.11975347964368233,0.85894038925532,-1.1617753742223087,0.0,0.37630171496214676,0.6019043596025045
2018-08,무주군,8,830.0,762.0,3683.464566929134,3582.6506024096384,4.337349397590361,0.0,-1.4429897047964362,0.5328082481572807,-0.0028156299087171988,0.0,-0.5180885021403171,0.37562672716041856
2018-09,무주군,9,368.0,180.0,6275.555555555556,4527.717391304348,33.69565217391305,0.0,0.45601738727099583,-0.9505401314108237,21.518335167429832,0.0,0.5133952479225465,-0.6722229650433577
2018-10,무주군,10,336.0,284.0,2425.7042253521126,2252.9761904761904,15.476190476190476,0.0,-1.0438040521731144,0.03176756879990794,8.963681807026642,0.0,-0.6260980545519148,0.5205288941551797
2019-05,무주군,5,100.0,100.0,2504.0,2504.0,0.0,0.0,0.6097655716208941,0.09212917962949874,0.0,0.0,-0.3274106744284724,-0.44635278819450785
2019-06,무주군,6,184.0,184.0,2745.6521739130435,2745.6521739130435,0.0,0.0,1.4808631594495054,-0.26819901830057713,-0.957024881138557,0.0,0.6122836860659199,-0.7263493571875279
2019-07,무주군,7,837.0,809.0,2099.752781211372,2158.3034647550776,0.0,0.0,0.6187539152655885,0.4260429478177521,-1.1617753742223087,0.0,0.875302150584053,0.16900691816493663
2019-08,무주군,8,1502.0,1502.0,3215.113185086551,3215.113185086551,0.0,0.0,-1.597525130917858,0.16869546340292985,-4.340165027499078,0.0,-0.6726239282617389,0.011513942406067734
2019-09,무주군,9,392.0,304.0,3805.9210526315787,3781.6326530612246,0.0,0.0,0.9215400877602988,0.3556896043383748,-12.177317006483214,0.0,0.9789179484118495,0.6340067707058409
2019-10,무주군,10,764.0,764.0,5431.675392670157,5431.675392670157,0.0,0.0,-0.5073412996833797,-0.48189305874971033,-6.512508669163834,0.0,-0.08963530206218007,0.006868266605561391
2019-11,무주군,11,672.0,460.0,3354.6739130434785,2663.7648809523807,31.547619047619047,0.0,-1.5668782980153049,-0.9872110200619106,22.03106951936975,0.0,-0.5786459028606233,-0.5435829751441553
2020-03,무주군,3,96.0,96.0,1250.0,1250.0,0.0,0.0,1.4370666864933144,-0.04516308660891255,0.0,0.0,0.6083278614361276,-0.14241212000273648
2020-04,무주군,4,404.0,404.0,1194.8019801980197,1194.8019801980197,0.0,0.0,-0.172469260350943,-0.5077107734005777,0.0,0.0,-0.6078444803908938,-0.2180658189185526
2020-05,무주군,5,340.0,340.0,719.1176470588235,719.1176470588235,0.0,0.0,1.0828016826414668,1.3842141125157799,0.0,0.0,0.14562543659210037,0.8457321446917733
2020-06,무주군,6,1004.0,1004.0,2870.4930338645418,2870.4930338645418,0.0,0.0,0.8358495384412112,0.4464703172265505,-0.957024881138557,0.0,-0.032729934942374306,-0.01168002166040033
2020-07,무주군,7,2316.0,2316.0,4485.967184801381,4485.967184801381,0.0,0.0,-0.26604113678336905,0.6354134143627697,-1.1617753742223087,0.0,-0.009492901464904613,0.3783773847099542
2020-08,무주군,8,1903.0,1775.0,8468.619729014084,8175.197067262217,4.203888596952181,0.0,-0.22033060993759523,-0.4388006401807214,-0.1362764305468973,0.0,0.7045705927185238,-0.5959821611775835
2020-09,무주군,9,1528.0,1424.0,5460.644893960674,5254.095765052356,6.806282722513089,0.0,-0.7919747751761488,-0.5124687767771618,-5.3710342839701255,0.0,-0.7345969145245981,-0.2341516104096958
2020-10,무주군,10,645.0,645.0,3271.0077519379847,3271.0077519379847,0.0,0.0,-0.41951686156381474,0.20308125736372595,-6.512508669163834,0.0,-0.001810863942615093,0.6918425827189977
2020-11,무주군,11,424.0,424.0,4007.5471698113206,4007.5471698113206,0.0,0.0,-1.052521181467843,-0.4558025061898823,-9.516549528249294,0.0,-0.06428878631316148,-0.012174461272126957
2020-12,무주군,12,148.0,148.0,2540.5405405405404,2540.5405405405404,0.0,0.0,-0.8075575317376895,-0.46997783976526364,0.0,0.0,0.8696594938923496,-0.6568840075273029
2021-04,무주군,4,66.0,66.0,1587.878787878788,1587.878787878788,0.0,0.0,0.029852963149681777,-0.21599861638203866,0.0,0.0,-0.40552225689026905,0.07364633809998644
2021-05,무주군,5,68.0,68.0,1279.4117647058824,1279.4117647058824,0.0,0.0,2.3315726298672974,0.2665515195175203,0.0,0.0,1.394396383817931,-0.27193044830648627
2021-06,무주군,6,700.0,700.0,1670.2142857142858,1670.2142857142858,0.0,0.0,1.6040807311861398,1.037465134340895,-0.957024881138557,0.0,0.7355012578025543,0.5793147954539442
2021-07,무주군,7,3501.3,3481.3,4713.435592738345,4689.796169708394,0.5712164053351612,0.0,0.0907481985445493,0.3170526835407248,-0.5905589688871475,0.0,0.34729643386301373,0.06001665388790933
2021-08,무주군,8,3980.0,3812.0,6471.900145068205,6303.739535929648,4.221105527638191,0.0,-1.272366245253953,0.011212335158802489,-0.11905949986088782,0.0,-0.34746504259783395,-0.14596918583805962
2021-09,무주군,9,1068.0,1068.0,6544.873595505618,6544.873595505618,0.0,0.0,0.2238923345764503,0.1995845516420811,-12.177317006483214,0.0,0.281270195228001,0.47790171800954717
2021-10,무주군,10,1360.0,1336.0,7990.606287425149,7865.77205882353,1.7647058823529411,0.0,-0.137817725805208,-1.0570897294317367,-4.747802786810893,0.0,0.27988827181599163,-0.568328404076465
2021-11,무주군,11,1180.0,1164.0,2776.460481099656,2771.35593220339,1.3559322033898304,0.0,-1.0193629170139689,-0.28995435883466936,-8.160617324859464,0.0,-0.03113052185928733,0.15367368608308596
2021-12,무주군,12,420.0,420.0,2077.6190476190477,2077.6190476190477,0.0,0.0,-3.960813169597578,0.23385834663149208,0.0,0.0,-2.283596143967539,0.046952178869452826
2022-01,무주군,1,8.0,8.0,2625.0,2625.0,0.0,0.0,1.945910149055314,-1.6582280766035327,0.0,0.0,0.6972220870745005,-1.052266715836935
2022-02,무주군,2,56.0,56.0,500.0,500.0,0.0,0.0,0.5798184952529422,1.0824829067382264,0.0,0.0,-0.4529898592426529,0.9285378448412048
2022-03,무주군,3,100.0,100.0,1476.0,1476.0,0.0,0.0,1.1755733298042372,-0.15465405741778504,0.0,0.0,0.34683450474705046,-0.251903090811609
2022-04,무주군,4,328.0,324.0,1264.5061728395062,1261.280487804878,0.0,0.0,1.154626930222781,-0.15541747416637275,0.0,0.0,0.7192517101828302,0.13422748031565235
2022-05,무주군,5,1028.0,1028.0,1082.4902723735408,1082.4902723735408,0.0,0.0,0.8934640815729793,0.45788389598780643,0.0,0.0,-0.04371216447638715,-0.08059807183620016
2022-06,무주군,6,2516.0,2512.0,1711.1199378980891,1711.5792066772656,0.1589825119236884,0.0,-0.3269240172529573,1.1808894690619418,-0.7980423692148686,0.0,-1.195503490636543,0.722739130174991
2022-07,무주군,7,2655.5,1811.5,5573.579906707148,4341.978288834494,0.0,0.0,0.2758821160036984,-0.19718441192861036,-1.1617753742223087,0.0,0.5324303513221629,-0.4542204415814258
2022-08,무주군,8,2539.0,2387.0,4576.127643066611,4506.70212051989,3.938558487593541,0.0,-0.7495911942808258,-0.12142511028229386,-0.4016065399055373,0.0,0.1753100083752933,-0.27860663127915597
2022-09,무주군,9,1532.0,1128.0,4052.8812074468087,3456.233682767624,3.6553524804177546,0.0,-0.4531255914583845,-0.7706148429088673,-8.52196452606546,0.0,-0.3957477308068338,-0.4922976765414012
2022-10,무주군,10,1001.3,717.0,1875.3835425383543,1612.5037451313294,7.220613202836312,0.0,-0.7790180898342483,-0.5569874599528442,0.7081045336724783,0.0,-0.3613120922130486,-0.06822613459757243
2022-11,무주군,11,381.0,329.0,1074.468085106383,1033.5958005249345,2.099737532808399,0.0,-1.008566007983326,0.15131781674295386,-7.416811995440895,0.0,-0.020333612828644543,0.5949458616607092
2022-12,무주군,12,124.0,120.0,1250.0,1274.1935483870968,0.0,0.0,-0.14310084364067333,0.8628899551470397,0.0,0.0,1.5341161819893658,0.6759837873850004
2023-01,무주군,1,104.0,104.0,2962.5,2962.5,0.0,0.0,-0.485507815781701,-0.10853009041910511,0.0,0.0,-1.7341958777625144,0.49743127034749257
2023-02,무주군,2,64.0,64.0,2657.8125,2657.8125,0.0,0.0,1.9095425048844392,-0.33248689495045003,0.0,0.0,0.8767341503888442,-0.48643195684747165
2023-03,무주군,3,504.0,432.0,1906.0185185185185,1857.5396825396826,0.0,0.0,-0.6747980418917487,-0.16906470832619735,0.0,0.0,-1.5035368669489355,-0.2663137417200213
2023-04,무주군,4,220.0,220.0,1609.5454545454545,1609.5454545454545,0.0,0.0,0.8289487217190068,-0.5921735678549274,0.0,0.0,0.39357350167905597,-0.30252861337290227
2023-05,무주군,5,504.0,504.0,890.2777777777778,890.2777777777778,0.0,0.0,0.8335990160290416,1.0967654069762105,0.0,0.0,-0.10357723002032482,0.5582834391522039
2023-06,무주군,6,1215.0,1160.0,2665.905172413793,2577.3251028806585,4.526748971193416,0.0,0.8158986957664629,0.7262368244269481,3.569724090054859,0.0,-0.05268077761712264,0.2680864855399973
2023-07,무주군,7,3087.0,2623.0,5511.189479222265,5276.174280531261,2.7210884353741496,0.0,-0.355640676951241,-0.3151300633722567,1.5593130611518409,0.0,-0.09909244163277658,-0.5721660930250722
2023-08,무주군,8,2178.0,1838.0,4021.481684439608,3954.2623213957754,15.61065197428834,0.0,-0.2510035796616794,-0.16056935897438862,11.270486946789262,0.0,0.6738976229944397,-0.31775087997125073
2023-09,무주군,9,1536.0,1430.0,3424.9300699300697,3304.1015625,6.901041666666667,0.0,-0.5320278314165936,-0.25199438981034206,-5.276275339816547,0.0,-0.4746499707650429,0.026322776557124006
2023-10,무주군,10,912.0,840.0,2662.0238095238096,2519.5175438596493,7.894736842105263,0.0,-0.028987536873252395,-0.2754554182881028,1.3822281729414287,0.0,0.38871846074794725,0.2133059070671689
2023-11,무주군,11,840.0,816.0,2021.078431372549,1997.6190476190477,2.857142857142857,0.0,-1.000631880307906,-0.15166367877147202,-6.659406671106437,0.0,-0.012399485153224421,0.2919643661462833
2023-12,무주군,12,300.0,300.0,1736.6666666666667,1736.6666666666667,0.0,0.0,-0.8835009090511639,0.015451794980519296,0.0,0.0,0.7937161165788753,-0.17145437278151995
2024-02,무주군,2,124.0,124.0,1763.7096774193549,1763.7096774193549,0.0,0.0,0.609064063349404,-0.28816082609671145,0.0,0.0,-0.42374429114619105,-0.44210588799373307
2024-04,무주군,4,228.0,228.0,1322.1491228070176,1322.1491228070176,0.0,0.0,1.7575553914571902,-0.17702696483139402,0.0,0.0,1.3221801714172394,0.11261798965063108
2024-05,무주군,5,1322.0,1322.0,1107.6399394856278,1107.6399394856278,0.0,0.0,0.35531244278177176,0.36538873973357777,0.0,0.0,-0.5818638032675947,-0.17309322809042882
2024-06,무주군,6,1886.0,1886.0,1596.1912311770943,1596.1912311770943,0.0,0.0,0.7036958015806904,0.681146989037094,-0.957024881138557,0.0,-0.1648836718028951,0.2229966501501432
2024-07,무주군,7,4028.0,3812.0,3154.302203567681,3158.7636544190664,5.06454816285998,0.0,-1.0484739106775027,0.08115335339341101,3.9027727886376713,0.0,-0.7919256753590382,-0.17588267625940446
2024-08,무주군,8,1388.0,1336.0,3420.9580838323354,3344.3083573487033,3.7463976945244957,0.0,-1.6064483735857342,0.628183075128181,-0.5937673329745827,0.0,-0.6815471709296151,0.47100155413131883
2024-09,무주군,9,352.0,268.0,6411.567164179104,5614.488636363636,23.863636363636363,0.0,0.014815085785141235,-0.35754558888864807,11.686319357153149,0.0,0.07219294643669194,-0.07922842252118201
2024-10,무주군,10,288.0,272.0,4484.191176470588,4326.736111111111,5.555555555555555,0.0,0.8773052851612011,-0.5914182967141208,-0.9569531136082787,0.0,1.2950112827824007,-0.1026569713588491
2024-11,무주군,11,702.0,654.0,2482.1865443425077,2562.037037037037,6.837606837606838,0.0,-0.6166392945239023,-1.1943697778742637,-2.6789426906424563,0.0,0.3715931006307792,-0.7507417329565084
2024-12,무주군,12,353.0,353.0,751.8413597733711,751.8413597733711,0.0,0.0,-2.0822784230150355,-0.002452137416591782,0.0,0.0,-0.40506139738499636,-0.18935830517863103
2025-01,무주군,1,44.0,44.0,750.0,750.0,0.0,0.0,0.9694005571881035,-0.06899287148695166,0.0,0.0,-0.2792875047927099,0.536968489279646
2025-03,무주군,3,116.0,116.0,700.0,700.0,0.0,0.0,1.4529857356185634,0.6968126893897004,0.0,0.0,0.6242469105613766,0.5995636559958765
2025-04,무주군,4,496.0,496.0,1405.141129032258,1405.141129032258,0.0,0.0,-0.5436154465889818,-0.10155838600691869,0.0,0.0,-0.9789906666289325,0.1880865684751064
2025-05,무주군,5,288.0,288.0,1269.4444444444443,1269.4444444444443,0.0,0.0,1.4853852637641216,0.7120520310385237,0.0,0.0,0.5482090177147552,0.17357006321451707
2025-06,무주군,6,1324.0,1272.0,2587.3427672955977,2515.9365558912386,3.927492447129909,0.0,0.432354008324495,-0.07381364847875371,2.970467565991352,0.0,-0.43622546505909054,-0.5319639873657045
2025-07,무주군,7,1960.0,1960.0,2403.2397959183672,2403.2397959183672,0.0,0.0,0.11369305040485855,0.21891395973886674,-1.1617753742223087,0.0,0.370241285723323,-0.03812206991394873
2025-08,무주군,8,2264.0,2196.0,2991.370673952641,2948.8295053003535,3.0035335689045937,0.0,-0.25895478281487083,0.6373481555651068,-1.3366314585944847,0.0,0.6659464198412482,0.4801666345682447
2025-09,무주군,9,2187.0,1695.0,5658.053097345132,5268.152720621856,22.496570644718794,0.0,-0.29815958255416497,0.06135224287565855,10.31925363823558,0.0,-0.24078172190261427,0.3396694092431246
2025-10,무주군,10,1466.0,1258.0,6016.057233704292,5280.491132332879,14.188267394270124,0.0,-1.3024677001977807,-1.1820954658692928,7.67575872510629,0.0,-0.884761702576581,-0.6933341405140211
2025-11,무주군,11,438.0,342.0,1844.7368421052631,1950.0,21.91780821917808,0.0,-0.6530271867705197,-0.1777127894350432,12.401258690928787,0.0,0.3352052083841618,0.2659152554827121
2025-12,무주군,12,178.0,178.0,1544.3820224719102,1544.3820224719102,0.0,0.0,-2.186051276738094,0.4816668869950398,0.0,0.0,-0.508834251108055,0.2947607192330005
2026-01,무주군,1,20.0,20.0,2500.0,2500.0,0.0,0.0,2.5649493574615367,-0.5880944045568013,0.0,0.0,1.3162612954807233,0.017866956209796392
2026-03,무주군,3,260.0,260.0,1388.4615384615386,1388.4615384615386,0.0,0.0,0.7528664152615674,0.1583143299323142,0.0,0.0,-0.07587240979561938,0.06106529653849027
2026-04,무주군,4,552.0,552.0,1626.6304347826087,1626.6304347826087,0.0,0.0,-0.007272759329079115,-0.2776288987319466,0.0,0.0,-0.44264797936902994,0.01201605575007847
2026-05,무주군,5,548.0,548.0,1232.299281021898,1232.299281021898,0.0,0.0,-0.10779657045570801,0.797680612566583,0.0,0.0,-1.0449728165050745,0.25919864474257637
2026-06,무주군,6,492.0,492.0,2736.1788617886177,2736.1788617886177,0.0,0.0,1.2274749405852328,0.09055982641254712,-0.957024881138557,0.0,0.3588954672016472,-0.3675905124744037
2026-07,무주군,7,1715.0,1679.0,2995.533055390113,2953.6443148688045,2.099125364431487,0.0,-1.857609153316444,0.28812199406736205,0.9373499902091784,0.0,-1.6010609179979796,0.031085964414546585
2026-08,무주군,8,262.0,262.0,3995.8015267175574,3995.8015267175574,0.0,0.0,,,-4.340165027499078,0.0,,
2018-01,부안군,1,308.0,196.0,4295.918367346939,3180.194805194805,0.0,0.0,1.0208345876254254,-0.6463267254755305,0.0,0.0,0.4088410543123817,-0.123710312822642
2018-02,부안군,2,544.0,544.0,2250.919117647059,2250.919117647059,0.0,0.0,1.2422032082803662,0.15429817302825644,0.0,0.0,0.6097841257890025,0.09514583740797468
2018-03,부안군,3,1884.0,1884.0,2626.45966029724,2626.45966029724,0.0,0.0,-0.008528836347520219,0.08222363870569982,-0.7911392405063291,0.0,-0.25651180937193957,0.05364335742006687
2018-04,부안군,4,1868.0,1868.0,2851.543541755889,2851.543541755889,0.0,0.0,-1.3180155203665969,-0.502053848609,-1.2472885032537961,0.0,-0.008311883367092321,-0.4636836841099662
2018-05,부안군,5,500.0,500.0,1726.0,1726.0,0.0,0.0,0.2530906276821625,0.27951236100719257,0.0,0.0,-1.459158916348077,0.003085725805937578
2018-06,부안군,6,644.0,644.0,2282.608695652174,2282.608695652174,0.0,0.0,0.11709266628136206,0.7893538515580154,-0.31026993484331367,0.0,-1.5350594406154434,0.2644822813435799
2018-07,부안군,7,724.0,724.0,5026.2430939226515,5026.2430939226515,0.0,0.0,-2.8959119382717797,0.29486969965799403,-1.4443322190031218,0.0,-1.814498365805408,0.04594536185652043
2018-08,부안군,8,40.0,40.0,6750.0,6750.0,0.0,0.0,2.646174797384123,0.40432620571163547,-6.48668796152452,0.0,3.5186148358464506,0.7022565335883371
2018-09,부안군,9,564.0,564.0,10113.475177304965,10113.475177304965,0.0,0.0,0.6966870072650693,-1.2511399534874093,-6.841665749520284,-1.0470305526948163,1.8231283104223326,-0.9372245266416042
2018-10,부안군,10,1132.0,1132.0,2894.2579505300355,2894.2579505300355,0.0,0.0,-1.7136212649189124,-0.5847910001875087,-2.0276014063073937,0.0,-1.3763713965389794,0.2740634762643005
2018-11,부안군,11,204.0,204.0,1612.7450980392157,1612.7450980392157,0.0,0.0,-0.34830669426821537,0.32056993929661637,-0.09779267951941883,-2.707275803722504,1.0819424420334594,-0.28141980329522465
2018-12,부안군,12,144.0,144.0,2222.222222222222,2222.222222222222,0.0,0.0,0.02739897418811399,-0.1807687090323018,-0.16675931072818234,0.0,-1.2993795984531518,-0.2593063396821842
2019-01,부안군,1,148.0,148.0,1854.7297297297298,1854.7297297297298,0.0,0.0,1.248894491717448,-0.0432836853872729,0.0,0.0,0.6369009584044043,0.4793327272656156
2019-02,부안군,2,516.0,516.0,1776.1627906976744,1776.1627906976744,0.0,0.0,0.873528872536073,0.21238262501376948,0.0,0.0,0.24110979004470934,0.1532302893934877
2019-03,부안군,3,1236.0,1236.0,2196.440129449838,2196.440129449838,0.0,0.0,0.5637680430361902,0.25526572061865327,-0.7911392405063291,0.0,0.31578507001177086,0.22668543933302032
2019-04,부안군,4,2172.0,2172.0,2835.1749539594844,2835.1749539594844,0.0,0.0,-0.6411175091140828,0.32432689570979,-1.2472885032537961,0.0,0.6685861278854217,0.36269706020882386
2019-05,부안군,5,1264.0,1144.0,3921.328671328671,3708.0696202531644,0.0,0.0,-0.5933967777928855,-0.2983427126829463,0.0,0.0,-2.305646321823125,-0.5747693478842013
2019-07,부안군,7,632.0,632.0,2909.8101265822784,2909.8101265822784,0.0,0.0,-1.1113513144455398,1.1518469914559644,-1.4443322190031218,0.0,-0.029937741979167987,0.9029226536544908
2019-08,부안군,8,208.0,208.0,9206.73076923077,9206.73076923077,0.0,0.0,-2.5649493574615367,-1.2083339102349484,-6.48668796152452,0.0,-1.692509318999209,-0.9104035823582468
2019-09,부안군,9,16.0,16.0,2750.0,2750.0,0.0,0.0,2.047692843365256,0.7815017410960436,-6.841665749520284,-1.0470305526948163,3.174134146522519,1.0954171679418487
2019-10,부안군,10,124.0,124.0,6008.064516129032,6008.064516129032,0.0,0.0,-0.032789822822991255,-0.9458047923873192,-2.0276014063073937,0.0,0.3044600455569418,-0.08695031593550995
2019-11,부안군,11,120.0,120.0,2333.3333333333335,2333.3333333333335,0.0,0.0,0.5306282510621703,0.16251892949777424,-0.09779267951941883,-2.707275803722504,1.960877387363845,-0.43947081309406677
2019-12,부안군,12,204.0,204.0,2745.098039215686,2745.098039215686,0.0,0.0,1.1861681796924293,0.7096563235622257,-0.16675931072818234,0.0,-0.14061039294883648,0.6311186929123433
2020-01,부안군,1,668.0,668.0,5581.586826347306,5581.586826347306,0.0,0.0,0.8142513750312563,-1.129257923231859,0.0,0.0,0.2022578417182126,-0.6066415105789704
2020-02,부안군,2,1508.0,1508.0,1804.3766578249338,1804.3766578249338,0.0,0.0,0.41514402220799873,0.0915459034527677,0.0,0.0,-0.21727506028336496,0.03239356783248594
2020-03,부안군,3,2284.0,2284.0,1977.3569785464097,1977.3569785464097,0.0,0.0,-0.08399094706438603,-0.08336075911477536,-0.7911392405063291,0.0,-0.3319739200888054,-0.11194104040040831
2020-04,부안군,4,2100.0,2100.0,1819.20635,1819.20635,0.0,0.0,-2.766890701125144,0.0909517750380564,-1.2472885032537961,0.0,-1.4571870641256393,0.12932193953709026
2020-05,부안군,5,132.0,132.0,1992.4242424242425,1992.4242424242425,0.0,0.0,0.9223330463301176,0.6624692861077532,0.0,0.0,-0.7899164977001218,0.38604265090649825
2020-06,부안군,6,332.0,332.0,3864.4578313253014,3864.4578313253014,0.0,0.0,0.6687557274357863,0.05660282692884522,-0.31026993484331367,0.0,-0.9833963794610192,-0.4682687432855903
2020-07,부안군,7,648.0,648.0,4089.5061728395062,4089.5061728395062,0.0,0.0,-1.010058891326664,0.4087854610724637,-1.4443322190031218,0.0,0.07135468113970789,0.1598611232709901
2020-08,부안군,8,236.0,236.0,6154.661016949152,6154.661016949152,0.0,0.0,-1.36948724280351,-0.86812912900331,-6.48668796152452,0.0,-0.49704720434118244,-0.5701988011266084
2020-12,부안군,12,60.0,60.0,2583.3333333333335,2583.3333333333335,0.0,0.0,0.1823215567939549,0.5425743220805712,-0.16675931072818234,0.0,-1.1444570158473109,0.4640366914306888
2021-01,부안군,1,72.0,72.0,4444.444444444444,4444.444444444444,0.0,0.0,1.8718021769015918,-0.6665801531752242,0.0,0.0,1.259808643588548,-0.14396374052233574
2021-02,부안군,2,468.0,468.0,2282.051282051282,2282.051282051282,0.0,0.0,1.1294702770280143,-0.014382411680691654,0.0,0.0,0.4970511945366506,-0.07353474730097341
2021-03,부안군,3,1448.0,1448.0,2249.464779005525,2249.464779005525,0.0,0.0,-1.1467120834625204,0.30295136479712603,-0.7911392405063291,0.0,-1.3946950564869398,0.2743710835114931
2021-04,부안군,4,460.0,460.0,3045.4347826086955,3045.4347826086955,0.0,0.0,-1.6538896750049341,-0.38697380412033855,-1.2472885032537961,0.0,-0.3441860380054296,-0.3486036396213047
2021-05,부안군,5,88.0,88.0,2068.181818181818,2068.181818181818,0.0,0.0,3.129547716741423,0.17338641113366737,0.0,0.0,1.4172981727111837,-0.10304022406758762
2021-06,부안군,6,2012.0,2012.0,2459.741550695825,2459.741550695825,0.0,0.0,2.7006671485090346,0.2617958735159771,-0.31026993484331367,0.0,1.048515041612229,-0.2630756966984584
2021-07,부안군,7,30346.0,29958.0,3195.8470090459978,3167.3032589797667,0.2636261780794833,0.0,-1.0680409304527014,0.5239196117119622,-1.1807060409236385,0.0,0.013372642013670388,0.2749952739104886
2021-08,부안군,8,10668.0,10296.0,5396.614264957265,5270.6824589426315,0.974878140232471,0.0,-2.323787300644649,-1.3206258607188675,-5.511809821292049,0.0,-1.4513472621823214,-1.0226955328421659
2021-12,부안군,12,1008.0,1008.0,1440.7242063492063,1440.7242063492063,0.0,0.0,-1.4022947024663317,0.6566666166073478,-0.16675931072818234,0.0,-2.7290732751075977,0.5781289859574654
2022-01,부안군,1,248.0,248.0,2778.2258064516127,2778.2258064516127,0.0,0.0,1.037651588878422,-0.6676407111280618,0.0,0.0,0.42565805556537817,-0.14502429847517329
2022-02,부안군,2,700.0,700.0,1425.0,1425.0,0.0,0.0,1.1595729884577972,0.10790396764365617,0.0,0.0,0.5271539059664335,0.04875163202337442
2022-03,부안군,3,2232.0,2232.0,1587.3655913978494,1587.3655913978494,0.0,0.0,0.5662501577658556,0.06000367553185271,-0.7911392405063291,0.0,0.3182671847414363,0.03142339424621976
2022-04,부안군,4,3932.0,3932.0,1685.528992878942,1685.528992878942,0.0,0.0,0.6082606138297635,-0.20631735462737932,-1.2472885032537961,0.0,1.917964250829268,-0.16794719012834547
2022-05,부안군,5,7224.0,7224.0,1371.3039867109635,1371.3039867109635,0.0,0.0,0.4360018319682464,1.0928380163873292,0.0,0.0,-1.276247712061993,0.8164113811860743
2022-06,부안군,6,11172.0,11172.0,4090.225563999284,4090.225563999284,0.0,0.0,1.2356879360191613,0.462240465738617,-0.31026993484331367,0.0,-0.4164641708776442,-0.06263110447581854
2022-07,부안군,7,39216.0,38440.0,6493.752652887617,6402.128008389433,1.0199918400652794,0.0,-0.42130266185933074,-0.16307577837610943,-0.4243403789378424,0.0,0.6601109106070411,-0.41200011617758303
2022-08,부안군,8,27176.0,25224.0,5516.616977521408,5253.623784442155,3.488372093023256,0.0,-1.8699010356445687,-0.303258101571398,-2.9983158685012645,0.0,-0.997460997182241,-0.005327773694696392
2022-09,부안군,9,4592.0,3888.0,4073.5167978395057,3743.1692748257838,1.7421602787456445,0.0,-0.7076552070495232,-0.8052745395986971,-5.0995054707746394,-1.0470305526948163,0.4187860961077401,-0.491359112752892
2022-10,부안군,10,2380.0,1916.0,1820.7202505219207,1608.1932773109243,2.3529411764705883,0.0,-0.5769892178090759,-0.7461291667563765,0.3253397701631946,0.0,-0.23973934942914282,0.11272530969543271
2022-11,부안군,11,1076.0,1076.0,863.3828996282527,863.3828996282527,0.0,0.0,-0.9599823913722032,1.6395829003980689,-0.09779267951941883,-2.707275803722504,0.4702667449294715,1.0375931578062279
2023-01,부안군,1,412.0,412.0,4449.0291262135925,4449.0291262135925,0.0,0.0,1.2596738460352146,-0.3767768654478001,0.0,0.0,0.6476803127221709,0.1458395472050884
2023-02,부안군,2,1452.0,1452.0,3052.341597796143,3052.341597796143,0.0,0.0,-0.5665266654752692,0.4665916378551298,0.0,0.0,-1.1989457479666328,0.40743930223484803
2023-03,부안군,3,824.0,824.0,4867.111650485437,4867.111650485437,0.0,0.0,1.0107179094136018,-1.254774291405015,-0.7911392405063291,0.0,0.7627349363891824,-1.283354572690648
2023-04,부안군,4,2264.0,2264.0,1387.809187279152,1387.809187279152,0.0,0.0,-0.3622431689052492,0.17979429655952828,-1.2472885032537961,0.0,0.9474604680942553,0.21816446105856213
2023-05,부안군,5,1576.0,1576.0,1661.1675126903554,1661.1675126903554,0.0,0.0,2.05568440510089,0.3722519465163394,0.0,0.0,0.3434348610706506,0.09582531131508443
2023-06,부안군,6,12892.0,12312.0,2410.3515845516567,2357.0624192522496,2.4821594787465093,0.0,1.0900747561829451,1.1907587764712542,2.1718895439031956,0.0,-0.5620773507138603,0.6658872062568186
2023-07,부안군,7,38380.0,36622.0,7929.0354803669925,7731.514782751433,3.434080250130276,0.0,-0.45757504126760473,-0.46852144627981396,1.989748031127154,0.0,0.6238385311987671,-0.7174457840812876
2023-08,부안군,8,27479.0,23175.0,4962.997797195253,4512.280854470687,12.154736344117326,0.0,-0.6678811538515568,0.12419997496369106,5.668048382592806,0.0,0.20455888461077087,0.42213030284039266
2023-09,부안군,9,15536.0,11884.0,5619.315884298216,4743.77574465757,15.036045314109167,6.282183316168897,-2.9404080701143,-0.3593711203788015,8.194379564588882,5.235152763474081,-1.8139667669570365,-0.04545569353299639
2023-10,부안군,10,628.0,628.0,3922.9299363057326,3922.9299363057326,0.0,0.0,-1.3365946925676182,-1.0669587069819482,-2.0276014063073937,0.0,-0.9993448241876852,-0.20810423053013893
2023-11,부안군,11,197.0,165.0,1349.6969696969697,1252.284263959391,0.0,16.243654822335024,-5.10594547390058,2.0027049926313047,-0.09779267951941883,13.53637901861252,-3.6756963375989056,1.4007152500394637
2023-12,부안군,12,1.0,1.0,10000.0,10000.0,0.0,0.0,5.940171252720432,-1.8416686803496676,-0.16675931072818234,0.0,4.613392680079166,-1.92020631099955
2024-01,부안군,1,380.0,380.0,1585.5263157894738,1585.5263157894738,0.0,0.0,-2.2512917986064953,0.09869937529104345,0.0,0.0,-2.8632853319195393,0.6213157879439319
2024-03,부안군,3,40.0,40.0,1750.0,1750.0,0.0,0.0,2.3025850929940455,0.47977714107271563,-0.7911392405063291,0.0,2.0546021199696263,0.4511968597870827
2024-04,부안군,4,400.0,400.0,2827.5,2827.5,0.0,0.0,-2.2072749131897207,0.05921935965997083,-1.2472885032537961,0.0,-0.8975712761902161,0.09758952415900468
2024-05,부안군,5,44.0,44.0,3000.0,3000.0,0.0,0.0,4.343805421853684,-0.18169405701890984,0.0,0.0,2.6315558778234447,-0.4581206922201648
2024-06,부안군,6,3388.0,3388.0,2501.569241735537,2501.569241735537,0.0,0.0,2.8125130294256504,0.9054535190299022,-0.31026993484331367,0.0,1.160360922528845,0.3805819488154667
2024-07,부안군,7,57760.0,56416.0,6186.513932058281,6105.440962448061,1.5789473684210527,0.0,-0.43248601045812585,0.12804566935712813,0.13461514941793085,0.0,0.648927562008246,-0.12087866844434547
2024-08,부안군,8,42676.0,36608.0,7031.622108036495,6365.436987135626,13.825100759208922,0.0,-1.0161183113196834,0.15307184678739993,7.338412797684402,0.0,-0.1436782728573558,0.45100217466410153
2024-09,부안군,9,15856.0,13252.0,8194.71362767884,7284.309512739657,13.950554994954592,0.0,-3.774876062013565,-0.018328093728868566,7.108889245434308,-1.0470305526948163,-2.6484347588563013,0.2955873331169365
2024-10,부안군,10,304.0,304.0,8045.888157894737,8045.888157894737,0.0,0.0,1.4313180424938459,-0.9523652271935852,-2.0276014063073937,0.0,1.7685679108737788,-0.09351075074177595
2024-11,부안군,11,1272.0,1272.0,3104.3238993710693,3104.3238993710693,0.0,0.0,-2.543175557911976,-0.5846745373914883,-0.09779267951941883,-2.707275803722504,-1.1129264216103012,-1.1866642799833294
2024-12,부안군,12,100.0,100.0,1730.0,1730.0,0.0,0.0,3.096482176654134,0.14784728512348,-0.16675931072818234,0.0,1.7697036040128682,0.0693096544735976
2025-05,부안군,5,2212.0,2212.0,2005.6509945750452,2005.6509945750452,0.0,0.0,1.3629683549845515,0.04219988504351857,0.0,0.0,-0.34928118904568795,-0.23422675015773642
2025-06,부안군,6,8644.0,8644.0,2092.100486348913,2092.100486348913,0.0,0.0,1.6355628910978552,0.467061586476178,-0.31026993484331367,0.0,-0.01658921579895023,-0.05780998373825752
2025-07,부안군,7,45800.0,44364.0,3337.5271721215395,3289.862564716157,3.1353711790393013,0.0,-0.5470663796384674,0.1974201424872497,1.6910389600361795,0.0,0.5343471928279044,-0.0515041953142239
2025-08,부안군,8,30771.0,25671.0,4065.9617490164,3598.812651782522,16.57404699229794,0.0,0.18642929664276053,0.6353063510521846,10.08735903077342,0.0,1.0588693351050882,0.9332366789288862
2025-09,부안군,9,34492.0,30932.0,7674.910703575586,7273.46450962542,10.321233909312303,0.0,-2.080088330396517,-0.23088059497709779,3.479568159792019,-1.0470305526948163,-0.9536470272392539,0.0830348318687073
2025-10,부안군,10,4484.0,3864.0,6092.606968167702,5662.920010035682,9.812667261373774,0.0,0.20517774534515354,-0.8570779652041178,7.78506585506638,0.0,0.5424276137250865,0.0017765112476914036
2025-11,부안군,11,4772.0,4744.0,2585.70474262226,2577.8674138725896,0.586756077116513,0.0,-0.1547129514192438,0.0712362311187702,0.4889633975970942,-2.707275803722504,1.275536184882431,-0.5307535114730708
2025-12,부안군,12,4112.0,4064.0,2776.619913877953,2767.554311770428,1.1673151750972763,0.0,0.25720257090612897,0.5154562565575214,1.000555864369094,0.0,-1.0695760017351368,0.43691862590763897
2026-01,부안군,1,5256.0,5256.0,4649.17872716895,4649.17872716895,0.0,0.0,-0.10586800107851246,-0.749764612668403,0.0,0.0,-0.7178615343915562,-0.2271482000155145
2026-02,부안군,2,4728.0,4728.0,2196.633527284264,2196.633527284264,0.0,0.0,0.17354087440456567,-0.6042735459709156,0.0,0.0,-0.458878208086798,-0.6634258815911974
2026-03,부안군,3,6004.0,5624.0,1200.3971105974395,1177.137466688874,6.329113924050633,0.0,-1.2202255521399117,0.38655576007880654,5.537974683544304,0.0,-1.468208525164331,0.3579754787931736
2026-04,부안군,4,1844.0,1660.0,1766.867469879518,1725.2711496746203,9.97830802603037,0.0,-2.136458222120072,0.13409136439710156,8.731019522776574,0.0,-0.8267545851205673,0.17246152889613542
2026-05,부안군,5,196.0,196.0,2020.408163265306,2020.408163265306,0.0,0.0,3.500211269403965,0.34521858031735064,0.0,0.0,1.7879617253737257,0.06879194511609565
2026-06,부안군,6,6492.0,6492.0,2853.4195933456563,2853.4195933456563,0.0,0.0,2.956862700222649,0.06570566199669514,-0.31026993484331367,0.0,1.3047105933258434,-0.4591659082177404
2026-07,부안군,7,129858.0,124890.0,3047.2020055328685,2998.8337914568224,3.566973155292704,0.0,-1.788928984477133,0.16702868912642366,2.1226409362895824,0.0,-0.7075154120107612,-0.08189564867504995
2026-08,부안군,8,23550.0,20874.0,3601.147279582255,3371.2815974946916,11.363057324840764,0.0,,,4.876369363316243,0.0,,
2018-01,순창군,1,14432.0,14124.0,3745.021917657887,3704.1151306125275,2.1341463414634148,0.0,0.08908606653048956,-0.19064265023085447,1.0348143952192859,-0.2849545601930521,-0.03043966806812924,0.26124625722327927
2018-02,순창군,2,15632.0,15440.0,3094.990446049223,3072.150235862334,1.2282497441146365,0.0,0.038373403311176446,-0.36659170643364103,0.23305093980174485,-0.2197625851499615,-0.23038997476765743,-0.32069861527095284
2018-03,순창군,3,16268.0,16044.0,2145.1148901770134,2135.918570076223,1.376936316695353,0.0,-0.19428513201158992,-0.011206892798337087,-0.513819098556203,-0.594660017292012,-0.1619154330954616,0.0580579093973439
2018-04,순창군,4,14235.0,13211.0,2121.209023011127,2065.454331998595,7.193537056550755,0.0,0.13602619641330627,-0.06648030510772962,3.946624170947302,-1.4708801177217705,0.25437962279983967,-0.03900555437523195
2018-05,순창군,5,15428.0,15136.0,1984.7757091701903,1962.0083701063002,1.8926626912107856,0.0,0.09148295371949011,-0.22466757817862426,-2.657258264986089,-2.054524962024552,0.2723258555289719,-0.37515086436748885
2018-06,순창군,6,16706.0,16586.0,1585.4025291812375,1579.665171136119,0.4549263737579313,0.0,-0.3495685938708313,0.8405325474715974,-3.6433021892873323,-1.5908953711993359,0.0787942752576295,0.22535270202453173
2018-07,순창군,7,12425.0,11693.0,3674.330297870521,3535.0136155331993,5.762575452716298,0.0,-0.4140755775479459,0.43874485507958205,0.07454724298431792,-1.9399843512058732,0.11561341602348552,0.13921703459233403
2018-08,순창군,8,8572.5,7728.5,5698.002867179918,5301.286883989502,9.565470982793817,0.27996500437445315,-0.5954109200924602,0.45637669528515445,-1.6779757238794772,-1.3334370583564383,-0.4415492903381738,0.37513505833301974
2018-09,순창군,9,5105.0,4261.0,8993.413126496129,8158.44923251714,16.53281096963761,0.0,0.8362402012802441,-1.1878997200814325,8.484007886272417,-0.6612549044181408,0.4248196002641499,-0.7764759639003618
2018-10,순창군,10,9973.0,9833.0,2741.739887928404,2722.603862228016,1.4037902336308032,0.0,-0.011558457325671512,-0.6983754836350151,-3.2054974903647775,-0.7495870622999865,-0.1323999269648668,-0.08600977296940182
2018-11,순창군,11,9808.0,9720.0,1363.7213242798355,1361.6712145187603,0.897226753670473,0.0,0.28922409280359673,0.11591053188255174,-1.952348171475042,-0.6536337372886821,0.13836181543365167,-0.04882547702195095
2018-12,순창군,12,13412.0,12980.0,1531.3164077812016,1510.6462103340293,3.2209961228750377,0.0,0.2392231323122136,0.2747706591917165,1.4717005931774865,-0.1778709545445947,0.012768310499200686,-0.054741503488322296
2019-01,순창군,1,16628.0,16488.0,2015.5627199781661,2008.4735462472938,0.8419533317296126,0.0,-0.09879148726000331,-0.32199717334422573,-0.25737861451451627,-0.2849545601930521,-0.21831722185862212,0.129891734109908
2019-02,순창군,2,15081.0,14937.0,1460.6787844948785,1454.071945096479,0.954843843246469,0.0,0.1015775105023291,0.24892547283779898,-0.04035496106642267,-0.2197625851499615,-0.16718586757650478,0.29481856400048717
2019-03,순창군,3,16790.0,16534.0,1873.5344392766422,1858.9677438356166,1.5247170935080405,0.0,0.06531691654882188,0.06660672168010873,-0.36603832174351547,-0.594660017292012,0.0976866154649502,0.1358715238757897
2019-04,순창군,4,18150.0,17650.0,2002.574180226629,1989.9743405509644,2.7548209366391188,0.0,0.08698304797646905,0.14438951882114637,-0.4920919489643345,-1.4708801177217705,0.20533647436300245,0.17186426955364403
2019-05,순창군,5,19418.0,19254.0,2313.6421285447177,2300.641958131631,0.8445771964156967,0.0,-0.13896242827098604,-0.16862258398935204,-3.705343759781178,-2.054524962024552,0.04188047353849575,-0.3191058701782166
2019-06,순창군,6,17076.0,16756.0,1954.628945870136,1934.566796498009,1.4523307566174748,0.0,0.1037598081379425,0.22211525414384248,-2.6458978064277887,-1.5908953711993359,0.5321226772664033,-0.39306459130322324
2019-07,순창군,7,19024.0,18588.0,2440.775049386701,2406.845385723297,2.2918418839360806,0.0,-0.24781598980207598,0.5698045358399115,-3.3961863257958997,-1.9399843512058732,0.2818730037693554,0.2702767153526635
2019-08,순창군,8,15682.5,14508.0,4315.09857023711,4090.839261724853,7.41272118603539,0.07651841224294596,-0.5118370716017466,0.1816423383746848,-3.8307255206379045,-1.5368836504879455,-0.3579754418474602,0.10040070142255009
2019-09,순창군,9,9464.0,8696.0,5174.602405128795,4876.392208157227,8.114961961115807,0.0,-0.03641875454373711,0.13242634204177328,0.06615887775061502,-0.6612549044181408,-0.44783935555983134,0.543850098222844
2019-10,순창군,10,8869.0,8385.0,5907.2998468694095,5696.043433307024,5.457210508512798,0.0,0.2482752954780736,-0.8827111029306174,0.847922784517217,-0.7495870622999865,0.1274338258388783,-0.2703453922650041
2019-11,순창군,11,11276.0,10748.0,2443.6131553777445,2384.9196695636747,4.682511528910961,0.0,0.04190811828146046,0.19304632261388388,1.8329366037654462,-0.6536337372886821,-0.1089541590884846,0.028310313709381196
2019-12,순창군,12,11228.0,11208.0,2963.9536450749465,2959.564700213751,0.17812611328820804,0.0,0.21006771302467264,0.45750772728302724,-1.5711694164093433,-0.1778709545445947,-0.016387108788340266,0.12799556460298844
2020-01,순창군,1,13828.0,13828.0,4683.434907361874,4683.434907361874,0.0,0.0,0.17058581277077423,-1.0841305272166872,-1.0993319462441289,-0.2849545601930521,0.051060078172155424,-0.6322416197625536
2020-02,순창군,2,16600.0,16400.0,1583.9175940243904,1577.7137675903614,1.2048192771084338,0.0,0.2483833074720483,0.1978244248109906,0.2096204727955422,-0.2197625851499615,-0.020380070606785594,0.24371751597367877
2020-03,순창군,3,21064.0,21024.0,1930.3970224505326,1928.4403247246487,0.189897455374098,0.0,0.10510363335132311,-0.20779894102203578,-1.700857959877458,-0.594660017292012,0.13747333226745143,-0.1385341388263548
2020-04,순창군,4,23690.0,23354.0,1568.1973137364048,1555.503590755593,0.6753904601097509,0.7429295061207261,0.00963061945570054,-0.1064746338201914,-2.5715224254937024,-0.7279506116010445,0.12798404584223394,-0.07899988308769373
2020-05,순창군,5,23788.0,23580.0,1409.806016581849,1402.7377615184125,0.874390448965865,0.0,0.05767660958820642,0.6578467001680988,-3.67553050723101,-2.054524962024552,0.2385195113976882,0.5073634139792342
2020-06,순창군,6,25322.0,24980.0,2721.8146761409125,2705.275278808941,1.1531474607061054,0.1895584866914146,-0.49987697254340624,0.4325507901433232,-2.945081102339158,-1.4013368845079213,-0.07151410341494546,-0.18262905530374252
2020-07,순창군,7,16033.0,15153.0,4194.8165500560945,4044.1322173018148,5.363936880184619,0.12474271814382837,-0.41686422106163157,0.5890740747641576,-0.3240913295473611,-1.815241633062045,0.11282477250979983,0.2895462542769096
2020-08,순창군,8,10948.5,9987.5,7560.396856871088,7154.137272685755,8.777458099283008,0.0,0.37968721762189794,-0.5191982368290731,-2.465988607390287,-1.6134020627308914,0.5335488473761844,-0.6004398737812078
2020-09,순창군,9,16142.0,14600.0,4498.416501438356,4292.6552145335145,8.809317308883656,0.0,0.16249153186218912,-1.1084851496541237,0.7605142255184649,-0.6612549044181408,-0.2489290691539051,-0.697061393473053
2020-10,순창군,10,17994.0,17176.0,1484.7409262925012,1470.3740218961875,2.4119150828053795,0.0,-0.13546285947426995,0.012421666273500165,-2.1973726411902015,-0.7495870622999865,-0.25630432911346523,0.6247873769391135
2020-11,순창군,11,15336.0,15000.0,1503.2989044666667,1493.3348700443403,2.190923317683881,0.0,-0.06471631471969097,0.741754611715038,-0.6586516074616338,-0.6536337372886821,-0.21557859208963603,0.5770186028105353
2020-12,순창군,12,14188.0,14060.0,3156.350877169274,3133.3939479137302,0.9021708486044545,0.0,0.08908367116798566,0.4935105123415209,-0.8471246810930967,-0.1778709545445947,-0.13737115064502725,0.16399834966148208
2021-01,순창군,1,15370.0,15370.0,5170.281247560182,5170.281247560182,0.0,0.0,0.28644513339234123,-0.5277078430498587,-1.0993319462441289,-0.2849545601930521,0.16691939879372242,-0.075818935595725
2021-02,순창군,2,20556.0,20468.0,3050.236851719758,3040.924687731076,0.4280988519167153,0.0,0.37349574205210523,-0.132230982671099,-0.5670999523961764,-0.2197625851499615,0.10473236397327135,-0.08633789150841084
2021-03,순창군,3,30257.0,29736.0,2672.4302414917947,2650.68862283108,1.6954754271738772,0.02644016260700003,0.04690514947366076,-0.13844667780723796,-0.19527998807767877,-0.568219854685012,0.07927484838978907,-0.06918187561155698
2021-04,순창군,4,31828.0,31164.0,2326.910875529457,2302.309303914792,2.061078295840141,0.025135101168782207,-0.14520607636436011,-0.1946309240238504,-1.1858345897633122,-1.4457450165529884,-0.0268526499778267,-0.16715617329135274
2021-05,순창군,5,28252.0,26952.0,1915.3697010982487,1872.0654886025768,4.558969276511397,0.04247486903582047,-0.43732871263067885,0.3657115831649129,0.009048320314522407,-2.0120500929887313,-0.25648581082119704,0.21522829697604834
2021-06,순창군,6,18692.5,17404.5,2761.0809250481198,2634.8446165574433,6.590878694663635,0.2995853952119834,-1.1505272126071642,0.34516117770664323,2.4926501316183716,-1.2913099759873525,-0.7221643434787034,-0.2700186677404225
2021-07,순창군,7,5508.0,5508.0,3899.2468545751635,3899.2468545751635,0.0,0.0,-0.7851223322604568,0.21039053833106358,-5.68802820973198,-1.9399843512058732,-0.2554333386890254,-0.08913728215618444
2021-08,순창군,8,2584.0,2512.0,4812.294313296178,4726.3480321207435,1.08359133126935,1.7027863777089782,-0.17723895373048837,0.060830594889068834,-10.159855375403945,0.08938431497808685,-0.023377323976201958,-0.020411042063065876
2021-09,순창군,9,2104.0,2104.0,5114.115969581749,5114.115969581749,0.0,0.0,1.2560167674615288,0.37769767166765433,-8.048803083365192,-0.6612549044181408,0.8445961664454346,0.7891214278487251
2021-10,순창군,10,7388.0,7388.0,7461.09529006497,7461.09529006497,0.0,0.0,0.11639845246556035,-0.8504648603435125,-4.609287723995581,-0.7495870622999865,-0.004443017173634933,-0.23809914967789925
2021-11,순창군,11,8564.0,8300.0,3187.501448192771,3119.6709504904256,3.0826716487622607,0.0,0.5994982706846894,-0.05015747087104927,0.23309672361674583,-0.6536337372886821,0.44863599331474435,-0.21489347977555195
2021-12,순창군,12,15786.0,15116.0,3031.567746956867,2951.5189448245283,4.244267072089193,0.0,0.559880373199567,0.4665179833086661,2.494971542391642,-0.1778709545445947,0.33342555138655405,0.13700582062862732
2022-01,순창군,1,27516.0,26460.0,4833.6306722222225,4715.996181639774,3.8377671173135632,0.0,0.09867152750702957,-0.6699817420871472,2.738435171069434,-0.2849545601930521,-0.020854207091589236,-0.2180928346330135
2022-02,순창군,2,29544.0,29204.0,2473.4554365497875,2462.1578854928243,1.150825886812889,0.0,0.4163177518033816,-0.006237701073041002,0.15562708249999746,-0.2197625851499615,0.14755437372454772,0.03965539008964717
2022-03,순창군,3,45160.0,44284.0,2458.074780756029,2440.3738616253318,1.753764393268379,0.18600531443755536,-0.006479259657503178,0.16257996258534924,-0.13699102198317692,-0.40865470285445665,0.025890439258625143,0.23184476478103022
2022-04,순창군,4,46422.0,43998.0,2892.0291873266965,2816.1387241178745,4.764982120546293,0.4566800224031709,-0.21518911344408664,-0.25997091813584916,1.5180692349428395,-1.0142000953185997,-0.09683568705755323,-0.2324961674033515
2022-05,순창군,5,38915.5,35479.5,2229.968541777646,2119.9145730878445,8.551862368465008,0.27752437974585964,-0.08894650280918626,0.32000982103762343,4.001941412268133,-1.777000582278692,0.09189639900029553,0.16952653484875885
2022-06,순창군,6,34198.0,32460.0,3070.981752556993,2996.459061026961,5.041230481314696,0.04093806655359963,-0.5650363367665534,0.9050177819046112,0.9430019182694327,-1.5499573046457362,-0.13667346763809263,0.2898379364575455
2022-07,순창군,7,20596.3,18448.3,7591.39281749538,7110.059675864111,10.234848006680812,0.1942096395954613,-0.04284364462784751,0.1430358734661752,4.5468197969488315,-1.7457747116104119,0.4868453489435839,-0.15649194702107283
2022-08,순창군,8,20539.6,17674.6,8758.730330078193,8019.740652787786,13.78313112231981,0.16553389549942552,0.030281535630575007,-0.5887042367439523,2.5396844156465157,-1.447868167231466,0.18414316538486142,-0.669945873696087
2022-09,순창군,9,20442.0,18218.0,4861.498473213305,4570.5123849427655,10.879561686723413,0.0,0.08981601790208416,-0.4565659603423242,2.8307586033582215,-0.6612549044181408,-0.3216045831140101,-0.045142204161253474
2022-10,순창군,10,21258.0,19930.0,3079.541609633718,2977.0056022673816,6.247059930379152,0.0,0.3599210494621605,-0.5660577175044104,1.6377722063835707,-0.7495870622999865,0.23907957982296524,0.04630799316120293
2022-11,순창군,11,29340.0,28564.0,1748.4383889161184,1733.5717157805045,1.6496250852079075,0.5180640763462849,-0.247022533361676,1.0150856502542123,-1.1999498399376074,-0.1355696609423972,-0.3978848107316211,0.8503496413497096
2022-12,순창군,12,22464.0,22312.0,4824.990136877017,4803.181977118946,0.4629629629629629,0.2136752136752137,0.2863624050137421,0.029567620939257466,-1.2863325667345884,0.03580425913061899,0.0599075832007292,-0.29994454174078133
2023-01,순창군,1,29762.1,29710.1,4969.7836678099375,4968.156472459941,0.1747188538443188,0.0,0.0749985663513435,-0.23309438845178043,-0.9246130923998102,-0.2849545601930521,-0.0445271682472753,0.2187945190023533
2023-02,순창군,2,32366.0,32024.0,3936.4603181676243,3917.49846224433,1.05666440091454,0.0,0.3543427235529464,-0.2787906717572364,0.06146559660164841,-0.2197625851499615,0.0855793454741125,-0.2328975805945482
2023-03,순창군,3,48078.0,45642.0,2978.712771570046,2914.79921562877,3.4111235908315654,1.6556429135987354,-0.03625242230780401,-0.16567902483511165,1.5203681755800094,1.0609828963067234,-0.0038827233916756895,-0.09641422263943067
2023-04,순창군,4,45581.0,44017.0,2523.9174207010924,2483.888530462254,1.5620543647572454,1.869199885917378,-0.22780030945481577,-0.1366052591575686,-1.684858520846208,0.39831976819560744,-0.10944688306828236,-0.10913050842507094
2023-05,순창군,5,36518.0,35050.0,2201.649753637661,2159.7186922613505,2.8479106194205595,1.1720247549153842,-0.37439781165259944,0.43564103720887726,-1.7020103367763153,-0.8825002071091677,-0.19355490984311766,0.2851577510200127
2023-06,순창군,6,25270.0,24104.0,3403.648704405908,3317.711979026514,2.9916897506925206,1.5987336762960034,-0.5096853846068861,0.9390242000154849,-1.1065388123527429,0.007838305096667497,-0.08132251547842528,0.3238443545684192
2023-07,순창군,7,16032.9,14478.9,8704.779168790446,8225.717251526548,6.2247004596797835,3.268279600072351,0.034891008291651815,-0.4164433037535673,0.5366722499478032,1.3282952488664779,0.5645800018630832,-0.7159711242408153
2023-08,순창군,8,17301.0,14993.0,5739.826026078837,5312.90753615398,9.36362059996532,3.976648748627247,-0.2560612197443497,0.17081116205826063,-1.8798261067079753,2.3632466858963554,-0.10219958999006329,0.08956952510612592
2023-09,순창군,9,12734.0,11606.0,6808.964568671377,6442.450744149521,7.38181247055128,1.476362494110256,0.4097067744470966,-0.3811240261886386,-0.6669906128139118,0.8151075896921152,-0.0017138265689976562,0.030299729992432134
2023-10,순창군,10,18657.0,17483.0,4651.15714345364,4508.382752264566,3.8162619928177093,2.4762823605081206,0.08804041892813785,-0.2992045820501108,-0.7930257311778717,1.726695298208134,-0.03280105071105743,0.3131611286155025
2023-11,순창군,11,19256.0,19092.0,3448.40379080243,3428.9637086622347,0.3323639385126714,0.519318653926049,0.1786746467188447,-0.2898423053919865,-2.5172109866328434,-0.1343150833626331,0.027812369348899635,-0.4545783142964892
2023-12,순창군,12,23291.0,22827.0,2580.721856792395,2560.810520158001,1.9921858228500278,0.0,0.10987128882510078,0.4816767733976013,0.24289029315247657,-0.1778709545445947,-0.11658353298791213,0.1521646107175625
2024-01,순창군,1,25506.0,25478.0,4177.63761398069,4176.893716341253,0.10977809142946758,0.0,0.13939668422404772,-0.4550136754256213,-0.9895538548146613,-0.2849545601930521,0.019870949625428916,-0.0031247679714875853
2024-02,순창군,2,29833.0,29289.0,2650.4574486325923,2636.9740962357123,1.1530855093352999,0.6703985519391278,0.23202881254207597,0.3087818009638399,0.1578867050224082,0.4506359667891663,-0.03673456553675791,0.3546748921265281
2024-03,순창군,3,37582.0,36938.0,3609.300723536737,3594.819331754563,0.7982544835293491,0.9153318077803204,-0.01791908093458794,-0.5243742387322508,-1.0925009317222067,0.3206717904883084,0.014450617981540383,-0.45510943653656977
2024-04,순창군,4,38826.0,36282.0,2136.4376863734083,2077.7142156544587,3.1937361561840003,3.3585741513418843,-0.05995905178022909,-0.022310585709774067,-0.05317672941945295,1.8876940336201138,0.058394374606304325,0.005164165022723606
2024-05,순창군,5,38266.5,34170.5,2089.3002968935193,1975.0347991062679,7.233480982060027,3.470398390236891,-0.38919514695536606,0.011113235770028318,2.6835600258631525,1.4158734282123393,-0.20835224514588427,-0.13937005041883627
2024-06,순창군,6,25887.0,23154.0,2112.6486814373325,2049.13795406961,7.339591300652836,3.2178313439177963,-0.35020521582937114,0.9965357817794418,3.241362737607573,1.6269359727184605,0.07815765329908964,0.3813559363323761
2024-07,순창군,7,18046.0,16313.0,5722.914715748176,5403.157178377479,4.100631718940486,5.502604455280949,-0.2376851082414948,0.3130792469008785,-1.5873964907914946,3.5626201040750756,0.2920038853299366,0.013551426413630496
2024-08,순창군,8,15130.0,12862.0,7826.82932141191,7025.043758955716,10.667547918043622,4.322538003965631,-0.3881993793732885,0.5065425826906989,-0.5758987886296723,2.7091359412347398,-0.2343377496190021,0.42530094573856414
2024-09,순창군,9,9274.0,8724.0,12988.963961600184,12567.887276471856,5.067931852490835,0.8626266982963123,0.47611740996680396,-0.32767805199917177,-2.9808712308743566,0.2013717938781715,0.06469680895070973,0.08374570418189897
2024-10,순창군,10,14964.0,14044.0,9359.78218036172,9123.74906074579,4.918470997059609,1.2296177492649023,0.2818261676938043,-0.96698418884991,0.30918327306402826,0.4800306869649158,0.16098469805460902,-0.3546184781842967
2024-11,순창군,11,20199.0,18616.0,3558.8513205844433,3507.0098932125356,4.925986434972028,2.9110351997623645,0.1432404986929221,-0.31202694826247956,2.0764115098265132,2.2574014624736822,-0.007621778677022961,-0.47676295716698225
2024-12,순창군,12,21749.0,21483.0,2604.943228739003,2592.746580670376,0.9839532852085154,0.23909145248057379,0.05382465001378023,-0.1827857736011147,-0.7653422444890358,0.061220497935979085,-0.17263017179923268,-0.5122979362811535
2025-01,순창군,1,23213.0,22671.0,2169.778542455119,2150.3316820746995,0.2584758540473011,2.067806832378409,0.3270261989642691,0.018217998951816305,-0.8408560921968278,1.7828522721853568,0.20750046436565028,0.47010690640595004
2025-02,순창군,2,31669.0,31441.0,2209.669832098215,2207.1632887366195,0.06315324134011177,0.6567937099371625,0.3267379333577214,-0.0621357880380895,-0.9320455629727799,0.43703112478720096,0.05797455527888751,-0.01624269687540133
2025-03,순창군,3,46059.0,43591.0,2076.548871005483,2043.9222917562256,2.970103562821598,2.3882411689354957,-0.20949573920024456,0.03727685027554006,1.0793481475700422,1.7935811516434836,-0.17712604028411624,0.10654165247122105
2025-04,순창군,4,37096.0,35352.0,2155.416916044354,2115.935198808497,1.908561569980591,2.792753935734311,-0.239168529978798,0.37379442849977274,-1.3383513156228624,1.3218738180125407,-0.12081510359226459,0.4012691792322704
2025-05,순창군,5,32208.0,27832.0,3132.3345772851394,2908.1805767200694,8.618976651763537,4.967709885742673,-0.24271804999156288,-0.22882229782981067,4.069055695566663,2.9131849237181213,-0.06187514818208109,-0.37930558401867526
2025-06,순창군,6,24824.0,21834.0,2491.6778030136484,2379.3833852723174,7.887528198517564,4.157267160812117,-0.2571908053912182,0.566237810341339,3.7892996354723003,2.5663717896127807,0.17117206373724259,-0.0489420351057267
2025-07,순창군,7,19491.5,16882.5,4389.406877713609,4076.054283405587,8.639663443039273,4.745658363902214,-0.6755624388109407,0.3513508358012025,2.951635233307293,2.8056740126963406,-0.1458734452395093,0.0518230153139545
2025-08,순창군,8,11172.0,8591.0,6237.28471702945,5381.825517991407,19.80844969566774,3.293949158610813,0.2878857532555692,0.3816321958922355,8.565002988994445,1.6805470958799216,0.4417473830098556,0.3003905589401008
2025-09,순창군,9,12809.0,11457.0,9135.584222396787,8580.64551768288,7.604028417518932,2.951050042938559,0.09739485975254425,-0.33976115489230274,-0.4447746658462597,2.289795138520418,-0.31402574126355,0.071662601288768
2025-10,순창군,10,14842.0,12629.0,6503.990991527437,5993.759078426088,12.619593046759197,2.2907963886268696,0.019291689885767127,-0.6475494162848303,8.010305322763617,1.5412093263268831,-0.10154977975342816,-0.03518370561921702
2025-11,순창군,11,13743.0,12875.0,3403.711898252427,3282.1793414829367,5.035290693443935,1.2806519682747581,0.2660914398594141,-0.09588232070414904,2.18571576829842,0.627018230986076,0.11522916248946902,-0.2606183296086517
2025-12,순창군,12,17316.0,16800.0,3092.5136840476193,3043.8686701316706,2.0097020097020097,0.9702009702009702,0.2633253409470413,0.6153317985796356,0.26040648000445854,0.7923300156563755,0.03687051913402839,0.2858196358995968
2026-01,순창군,1,22545.0,21861.0,5721.986577009286,5651.676582834331,2.5371479263694834,0.49678420935905965,-0.011686891092722362,-0.602650166232845,1.4378159801253545,0.21182964916600755,-0.13121262569134118,-0.15076125877871122
2026-02,순창군,2,22131.0,21607.0,3131.981535058083,3106.846732095251,1.7170484840269304,0.6506710044733631,0.32761321811572053,-0.32258266910371614,0.7218496797140388,0.4309084193234016,0.05884984003688665,-0.27668957794102794
2026-03,순창군,3,31063.0,29983.0,2268.4192276623417,2237.5306217364714,3.296526414061746,0.1802787882690017,-0.04422135550723105,0.15765902089284634,1.4057709988101899,-0.41438122902301033,-0.011851656591102731,0.22692382308852732
2026-04,순창군,4,31558.0,28686.0,2655.7901914871363,2532.42170254769,5.1080550098231825,3.992648456809684,-0.410497620301987,0.021015922041565105,1.8611421242197292,2.521768339087913,-0.2921441939154536,0.04849067277406278
2026-05,순창군,5,22148.0,19028.0,2712.194691402144,2506.100201778942,5.526458370959003,8.560592378544337,-0.10519702728265301,0.18613965834802748,0.9765374147621282,6.506067416519786,0.07564587452682878,0.0356563721591629
2026-06,순창군,6,18778.0,17128.0,3267.083904483886,3166.200506763234,3.9727340504846094,4.814144211311109,-0.2769351086786589,0.28944326551730803,-0.12549451256065414,3.223248840111773,0.15142776044980188,-0.3257365799297577
2026-07,순창군,7,14788.8,12984.8,4363.790586531945,4074.122400127123,8.574056042410474,3.624364383858055,-1.9821226380821413,0.4967137279558287,2.8860278326784936,1.6843800326521818,-1.4524336445107098,0.19718590746858067
2026-08,순창군,8,2277.0,1789.0,7171.069510899944,6203.693470355732,20.7290294246816,0.7026789635485288,,,9.485582718008304,-0.9107230991823626,,
2018-01,완주군,1,160433.5,156459.5,3200.224180417297,3158.7657305113958,1.9472242393265746,0.1545811816110725,0.010120575206427063,-0.2198641493040716,0.45434762119040606,-0.9294508799969563,-0.012662125869055057,0.27184093341087057
2018-02,완주군,2,166999.0,158051.0,2568.5889833787824,2494.829315097695,4.325774405834766,0.21557015311468933,0.1958996486578961,-0.21983366478543953,2.083177324287275,-1.0772902395133965,-0.024999084959729634,-0.24062674904711173
2018-03,완주군,3,200710.0,192254.0,2061.683845506466,2015.086531014897,3.609187384784017,0.08968163021274475,-0.04068026499067123,0.04704318404251939,0.7761136563220838,-0.6493787233607775,-0.018078711149462814,0.05629918336521181
2018-04,완주군,4,194386.0,184590.0,2160.9895324882173,2119.733097059459,3.483789984875454,0.45270749951128164,-0.04703402789889921,-0.16007032389824705,-0.48147098486306295,-0.9151044872753402,0.042226472838438445,-0.13139918266898054
2018-05,완주군,5,187990.0,176109.0,1841.3443130674752,1763.6219691047397,4.955582743762966,0.3021437310495239,-0.12726518659763464,-0.2828692136299775,1.0869325411078443,-0.6148648399442607,-0.04584803290981594,-0.3577724781318834
2018-06,완주군,6,161750.0,155064.0,1387.6708527253263,1353.8587516352395,3.4942812982998457,0.1731066460587326,-0.1250255748145701,0.7976361126077514,0.6290976623539613,-1.162705905983441,0.006348800373972646,0.1763521634582621
2018-07,완주군,7,144175.0,136840.0,3081.026463285589,2967.60331449974,4.075602566325646,0.3932720651985434,-0.03795930502922218,0.4437493701687316,1.248385985957075,-1.2119866696565191,0.1343774527944568,0.16314547005115787
2018-08,완주군,8,141507.0,131743.0,4801.902429798927,4538.1989941345655,4.528397888443681,0.6190506476711399,-0.17382688714517158,0.6772744516272287,1.493095955129732,-1.4735272559520065,-0.14993109496629642,0.47173068249570793
2018-09,완주군,9,118180.4,110722.4,9452.5697008916,9027.736805925519,5.193754632747901,0.03384656000487391,0.4519774058038486,-1.4093087885192217,1.73429135400034,-1.954513234714653,0.29974275649170923,-0.8636306176732447
2018-10,완주군,10,182859.0,173991.0,2309.377117437109,2245.225195631607,2.9662198743294015,0.6256186460606259,-0.3819157646722058,-0.5146461190416503,0.060378547808823235,-0.9317171366917858,-0.29082705145797494,0.10112752239812017
2018-11,완주군,11,124626.0,118758.0,1380.3425914043685,1337.3760331632243,1.4411118065251232,2.525957665334681,0.022316035406841905,0.12919317839065414,-0.9151026404844125,0.5469419019412025,-0.009721281166150453,0.001657194372416515
2018-12,완주군,12,125994.0,121438.0,1570.7055312669838,1538.134977110021,1.400066669841421,1.3492706001873105,0.3199961644141496,0.15768433743839871,-0.7428954150874378,0.3107853452981204,0.19817318004154427,-0.19323687362346487
2019-01,완주군,1,173207.0,167235.0,1838.976632355667,1801.9389543551936,1.494165940175628,1.3001783992563811,-0.17978821804476475,-0.2780930097714336,0.0012893220394594174,0.21614633764835234,-0.20257091912024686,0.2136120729435086
2019-02,완주군,2,145596.0,139716.0,1392.521634379742,1358.996144667436,2.23632517376851,1.252781669826094,0.15280009150222185,0.33940889048483136,-0.00627190777898079,-0.04007872280199187,-0.0680986421154039,0.31861580622315916
2019-03,완주군,3,168546.0,162782.0,1955.263798331511,1912.722055676195,1.8321407805584233,0.8401267309814532,0.014012264851922751,0.1047880206075904,-1.0009329479035098,0.1010663774079309,0.03661381869313117,0.11404401993028282
2019-04,완주군,4,175387.0,165079.0,2171.2719331592752,2092.325268098548,3.138202945486267,1.8268172669582126,-0.11648487935898189,0.15495779684614952,-0.8270580242522496,0.4590052801715907,-0.02722437862164423,0.18362893807541603
2019-05,완주군,5,159467.5,146927.5,2535.1959629545186,2390.2301537178423,4.8812453948296675,1.397149889475912,0.009715965415049155,-0.3588257482545192,1.0125951921745462,0.4801413184821275,0.09113311910286785,-0.43372901275642506
2019-06,완주군,6,157262.0,148362.0,1770.8243785335865,1709.3712176431688,2.6325495033765307,2.240846485482825,0.10225179405788865,0.26125163000700713,-0.23263413256935372,0.9050339334406514,0.2336261692464314,-0.3600323191424821
2019-07,완주군,7,170987.0,164335.0,2299.5117522012965,2233.5420067139607,1.4129729160696427,1.4457239439255616,0.09611475291941396,0.44791708237544814,-1.4142436642989282,-0.15953479092950107,0.2684515107430929,0.1673131822578744
2019-08,완주군,8,191570.0,180914.0,3598.848384619211,3440.2066171686592,1.7810721929320876,2.5598997755389674,-0.18729982322281025,0.46369941473742315,-1.2542297403818616,0.467321871915821,-0.16340403104393508,0.25815564560590243
2019-09,완주군,9,159707.0,150013.0,5721.970939371921,5450.208140857946,2.7475314169072114,1.9999123394716576,0.11319440221423349,0.027774913712466542,-0.7119318618403501,0.011552544752130744,-0.03904024709790588,0.5734530845584436
2019-10,완주군,10,180694.0,167992.0,5883.12586043383,5604.808004643209,3.5590556410284786,1.9696282112300352,-0.029710434052320878,-0.9709044276808347,0.6532143145079004,0.4122924284776235,0.061378279161909965,-0.3551307862410643
2019-11,완주군,11,172710.3,163074.3,2228.1770880942,2149.3205900458747,2.0682032281803693,1.9639824608028589,0.057170541844083544,0.15750768883591348,-0.28801121882916636,-0.015033302590619746,0.025133225271091186,0.02997170481767586
2019-12,완주군,12,182493.0,172669.0,2608.281279268427,2505.1365632435213,2.185289298767624,1.7841780232666458,-0.016543201473878,0.6080355638293673,0.04232721383876514,0.7456927683774557,-0.1383661858464833,0.2571143527675037
2020-01,완주군,1,176838.0,169836.0,4790.9420132362975,4675.82313209265,1.920401723611441,1.1253237426345015,0.0118294701241215,-1.1721801838791928,0.42752510547527245,0.04129168102647274,-0.01095323095136062,-0.6804751011642506
2020-02,완주군,2,182387.0,171857.0,1483.7117252890484,1437.2746231365174,2.0955440903134543,2.072516133277043,0.01674514626982848,0.23038973350239988,-0.1470529912340366,0.779655740648957,-0.20415358734779726,0.20959664924072768
2020-03,완주군,3,182939.0,174759.0,1868.127522204865,1827.8333085728032,2.759389741935837,1.2813014174123614,0.015906329915399198,-0.162086003952429,-0.07368398652609631,0.5422410638388391,0.03850788375660762,-0.1528300046297366
2020-04,완주군,4,190397.0,177561.0,1588.5959888094794,1513.6649712653034,3.4958534010514875,2.239531085048609,-0.07785758564612522,-0.05744263275783634,-0.4694075686870294,0.8717190982619871,0.01140291509121244,-0.028771491528569823
2020-05,완주군,5,171551.0,164261.0,1499.9142914934157,1456.465695046954,1.9399478872172125,1.0748990096239603,0.012598301257083833,0.5029133811834408,-1.9287023154379088,0.15789043863017582,0.09401545494490253,0.4280101166815349
2020-06,완주군,6,176155.5,166343.5,2480.1557203136886,2390.712285764566,2.4796273746774866,2.2661795970037835,-0.036717828811948294,0.2954062760691434,-0.3855562612683978,0.9303670449616099,0.09465654637659446,-0.3258776730803459
2020-07,완주군,7,170734.5,160346.5,3332.5161681733,3173.190893492528,2.7434408394319836,2.288933988151194,-0.11157016904068406,0.815160974276294,-0.08377574093658735,0.6836752532961312,0.0607665887829949,0.5345570741587202
2020-08,완주군,8,155459.0,143418.5,7529.95148578461,7079.057902430866,2.7843354196283263,3.365517596279405,0.0831848227730827,-0.4660218715133144,-0.25096651368562295,1.2729396926562586,0.10708061495195786,-0.6715656406448351
2020-09,완주군,9,168265.0,155859.0,4724.9960619085205,4473.841982943571,2.8348141324696163,3.689418476807417,-0.05113830800426378,-1.2056183260423685,-0.6246491462779451,1.7010586820878901,-0.20337295731640315,-0.6599401551963915
2020-10,완주군,10,156589.0,148089.0,1415.168211541708,1367.1963315175396,1.9490513382166053,2.2760219427929167,-0.12637891681038838,0.043236896769609956,-0.956789988303973,0.718686160040505,-0.03529020359615753,0.6590105382093804
2020-11,완주군,11,135420.0,130508.0,1477.6977439773807,1445.8393185349285,1.255353714370108,1.8254319893664155,0.05246571499578678,0.5342050239633958,-1.1008607326394277,-0.15358377402706314,0.020428398422794425,0.40666903994515813
2020-12,완주군,12,142142.0,137538.0,2521.0874145981475,2459.4491481968735,1.4492549703817308,1.0440263961390723,0.11747761886917552,0.5131063456951566,-0.6937071145471281,0.005541141249882253,-0.004345365503429788,0.16218513463329298
2021-01,완주군,1,157955.0,154683.0,4211.406459830751,4158.298473780508,0.5267322971732455,1.1446297996264758,0.06220725325484011,-0.5439038613600591,-0.966144320962923,0.060597738018447034,0.03942455217935799,-0.052198778645116906
2021-02,완주군,2,170291.0,164611.0,2444.627614728056,2391.613696225872,1.6888737514020118,1.057014169862177,0.24918255764119657,-0.14434472003019305,-0.5537233301454791,-0.23584622276590883,0.028283824023570825,-0.16513780429186525
2021-03,완주군,3,216300.0,211192.0,2116.0435318288573,2094.574544239482,1.4110032362459546,0.7175219602404068,-0.059317129576486494,0.02695846627097609,-1.4220704922159786,-0.02153839333311547,-0.036715575735278075,0.036214465593668504
2021-04,완주군,4,214031.0,199029.0,2173.864703264348,2091.0342151977984,4.6927781489597304,1.5474393896211296,-0.24003038182871883,-0.07804867906591362,0.7275171792212136,0.17962740283450773,-0.15076988109138117,-0.0493775378366471
2021-05,완주군,5,164277.0,156557.0,2010.649639709499,1942.2398386140485,3.3114800002434914,0.8010859706471387,-0.11591915931284724,0.21441009743565953,-0.5571702024116298,-0.11592260034664581,-0.034502005625028545,0.13950683293375368
2021-06,완주군,6,146547.4,139421.4,2491.4577255428508,2412.450049847353,2.0880616101002136,1.9693286950160835,-0.18430744087395645,0.4908542326487293,-0.7771220258456708,0.63351614297391,-0.0529330656854137,-0.13042971650075996
2021-07,완주군,7,123409.0,115954.0,4070.3223743380995,3885.2262173585395,1.5720085244998339,3.37576675931253,-0.10294485210926574,0.3023737894190699,-1.255208055868737,1.7705080244574671,0.06939190571441323,0.021769889301496148
2021-08,완주군,8,111796.0,104611.0,5507.41845378593,5211.251527201332,1.373931088768829,3.985831335647071,-0.01596156556791506,0.46064390307203595,-1.6613708445451203,1.8932534320239247,0.007934226610960105,0.25510013394051523
2021-09,완주군,9,110450.5,102954.5,8729.777618404245,8302.492041529917,1.4123974087939846,4.132167803676761,0.029680113438930178,-0.35238604883774016,-2.0470658699535766,2.143808008957234,-0.12255453587320919,0.19329212200823687
2021-10,완주군,10,112964.0,106056.0,6137.109386974806,5883.003058213236,2.878793243865302,2.531780036117701,-0.004005900825765352,-0.8272750908411366,-0.02704808265527614,0.9744442533652895,0.08708281238846549,-0.21150144940136617
2021-11,완주군,11,115119.0,105632.0,2683.384193236898,2542.304767214795,2.8179535958443003,3.869908529434759,0.14387934493259635,-0.17982819750116796,0.46173914883476463,1.8908927660412802,0.111842028359604,-0.3073641815194056
2021-12,완주군,12,131958.0,121978.0,2241.7359851448623,2134.133438904803,3.125236817775353,2.637202746328377,0.29216768478059585,0.5544974911577336,0.982274732846494,1.598717491439187,0.17034470040799055,0.20357628009587003
2022-01,완주군,1,170568.5,163368.5,3903.0099996633376,3795.193910094771,1.0224631159915225,2.3427537909989242,-0.17351965781579537,-0.6639160938061277,-0.47041350214464606,1.2587217293908954,-0.19630235889127748,-0.17221101109118553
2022-02,완주군,2,144496.0,137344.0,2009.3915331867424,1964.1785060416896,1.8242719521647657,2.4222123795814414,0.30000535035780196,0.09314267085370442,-0.41832512938272526,1.1293519869533555,0.07910661674017622,0.07234958659203222
2022-03,완주군,3,197535.0,185396.0,2205.544963381087,2128.180682284152,3.7821145619763588,1.9257346799301391,0.026065656606494514,0.15370376601761926,0.9490408335144256,1.1866743263566168,0.04866721044770293,0.16295976534031167
2022-04,완주군,4,204224.0,190292.0,2571.986077622811,2458.565938631111,4.136634283923534,2.156455656534002,0.0026555422464777934,-0.2567501925549003,0.17137331418501756,0.7886436697473802,0.09191604298381545,-0.22807905132563377
2022-05,완주군,5,202326.0,190798.0,1989.589230809547,1913.2132932890484,2.9813271650702333,2.069926751875686,-0.05535542146430572,0.34100697827600523,-0.887323037584888,1.1529181808819013,0.026061732223512976,0.26610371377409936
2022-06,완주군,6,188943.8,180523.3,2798.0847884732884,2716.69415349432,1.3930068094322228,2.548906076833429,-0.16616076888506015,0.8150530093457622,-1.4721768265136617,1.2130935247912555,-0.0347863936965174,0.19376906019627294
2022-07,완주군,7,164183.0,152887.0,6321.7001835996525,5973.870092195903,2.3071816205088225,2.996656170249051,-0.026790231201747616,0.28993677920153615,-0.5200349598597485,1.3913974353939884,0.14554652662193135,0.009332879083962409
2022-08,완주군,8,161205.5,148845.5,8447.9597927717,7902.325973896672,2.1909922428204993,3.3820186035836244,0.23606447545345688,-0.7370145606691931,-0.84430969049345,1.289440699960478,0.25996026763233204,-0.9425583298007139
2022-09,완주군,9,200790.0,188476.5,4042.6903837401483,3867.201235728871,1.9380945266198515,2.7063100752029485,0.0590890033487117,-0.48362287677986515,-1.52136875212771,0.7179502804834217,-0.09314564596342767,0.06205529406611188
2022-10,완주군,10,212421.0,199949.0,2492.5032583758857,2399.4928264484206,2.18245841983608,2.728543788043555,-0.31628615368105883,-0.4124934692693536,-0.7233829066844981,1.1712080052911433,-0.225197440466828,0.20328017217041683
2022-11,완주군,11,156913.0,145733.0,1650.0309756472452,1574.7581302951319,2.8295934689923716,2.916265701375922,-0.07887458605607556,1.0307600121170228,0.473379021982836,0.9372499379824433,-0.11091190262906792,0.9032240280987852
2022-12,완주군,12,137982.0,134680.0,4625.359385751411,4549.887922902987,0.9305561594990651,0.5478975518545898,0.18839775286342508,-0.02029886321862051,-1.2124059254297936,-0.4905877030346003,0.06657476849081978,-0.3712200742804841
2023-01,완주군,1,166901.0,162601.0,4532.41635850333,4465.661193941319,0.6782463855818719,1.1743488654951137,0.13233757571514992,-0.3849736862537032,-0.8146302325542967,0.09031680388708496,0.1095548746396678,0.10673139646123897
2023-02,완주군,2,192880.0,185608.0,3084.16674960131,3031.0174564910826,1.395686437163003,1.607216922438822,0.3350542669912784,-0.14116271502931088,-0.846910644384488,0.31435652981073603,0.11415553337365264,-0.16195579929098308
2023-03,완주군,3,275243.0,259483.0,2678.1300500572293,2595.5354746569396,3.210980842382913,1.1764150223620584,-0.023773225580567825,-0.08440270286902862,0.37790711392097975,0.4373546687885361,-0.0011716717393594062,-0.07514670354633621
2023-04,완주군,4,274347.0,253387.0,2461.3650775256824,2351.0586414322006,2.7731303786810133,2.1870113396537962,0.021979593071996817,-0.11891115298721289,-1.1921305910575035,0.8191993528671744,0.11124009380933447,-0.09024001175794637
2023-05,완주군,5,274642.0,259018.0,2185.4132751662046,2107.209951292956,3.097851020601365,1.031160565390581,-0.2774496036823617,0.2327857203361159,-0.7707991820537563,0.11415199439679657,-0.196032449994543,0.15788245583421004
2023-06,완주군,6,206115.5,196261.5,2758.234146432184,2675.6305127513456,1.9435704738362714,1.3972748289187373,-0.5259741486483716,1.2096852673084584,-0.9216131621096131,0.061462276876563804,-0.3945997734598288,0.5884013181589691
2023-07,완주군,7,125945.5,115986.5,9246.785154591267,8686.04517218956,3.169624956826564,2.416918429003021,0.33595418503793084,-0.5340781749803103,0.34240837645799305,0.8116596941479584,0.5082909428616098,-0.814682075097884
2023-08,완주군,8,174958.0,162297.0,5420.552596234065,5116.813640353685,3.064163970781559,2.4828816058711234,0.14497999073526735,0.06997715327428544,0.028862037467609625,0.39030370224797695,0.1688757829141425,-0.13556661585723528
2023-09,완주군,9,201386.0,187618.0,5813.454186469315,5505.778625371178,2.7102181879574547,2.07958845202745,0.12527961188879289,-0.2756778375217017,-0.7492450907901067,0.09122865730792307,-0.026955037423346484,0.2700003333242753
2023-10,완주군,10,220522.5,212658.5,4412.74560116807,4314.395010899114,1.1046491854572662,1.7249940482263713,-0.18797140256607037,-0.3274330077367029,-1.801192141063312,0.16765826547395957,-0.09688268935183952,0.2883406337030675
2023-11,완주군,11,187621.0,176217.0,3180.581600458526,3062.2317578096267,2.2470832156315126,2.206576022939863,0.08527645139395901,-0.2911378451911393,-0.10913123137802305,0.22756025954638437,0.05323913482096665,-0.4186738292093769
2023-12,완주군,12,196345.5,191903.5,2377.206902432733,2355.6331812442863,1.3914248098377606,0.2526159244800619,0.1115734742436878,0.39430591398728865,-0.7515372750910982,-0.7858693304091282,-0.010249510128917505,0.04338470292542507
2024-01,완주군,1,223353.0,214555.0,3526.239981081774,3489.2857302162943,1.5741897355307517,1.721937918899679,0.03777122694677537,-0.456726424090359,0.08131311739458313,0.6379058572916503,0.014988525871293252,0.03497865862458316
2024-02,완주군,2,234146.0,222814.0,2233.3567393969856,2184.10257111375,1.6468357349687803,2.0619613403602877,0.22485472566164155,0.36445706629108443,-0.5957613465787106,0.7691009477322017,0.00395599204401581,0.34366398202941223
2024-03,완주군,3,292644.5,278994.5,3215.43542601019,3151.227023566136,3.5312469566316813,0.03553799917647521,-0.061748931681307795,-0.4869194122984881,0.6981732281697481,-0.703522354397047,-0.039147377840099376,-0.47766341297579573
2024-04,완주군,4,284504.0,262288.0,1975.9382957550479,1887.437377720524,6.655793943143154,0.21089334420605685,-0.18595316598684697,0.042551599840988885,2.690532973404637,-1.156918642580565,-0.09669266524950931,0.0712227410702554
2024-05,완주군,5,236045.0,217781.0,2061.8321316597867,1959.606529687136,6.534347264292825,0.0,-0.03466486823194259,-0.02735058034231752,2.665697061637704,-0.9170085709937845,0.046752285455876105,-0.10225384484422337
2024-06,완주군,6,221158.0,210361.0,2006.2040244912318,1953.6840547572324,4.012063773410865,0.0,-0.22919191599394395,0.893364041308331,1.1468801374649802,-1.3358125520421735,-0.0978175408054012,0.27208009215884177
2024-07,완주군,7,177134.0,167274.0,4901.8291569759795,4728.146019646144,4.541194801675568,0.0,-0.04756230536221295,0.24350094549143897,1.7139782213069967,-1.6052587348550627,0.12477445246146601,-0.037102954626134776
2024-08,완주군,8,171416.3,159504.3,6253.300336968972,5899.444843868408,5.668072406183076,0.0,-0.3003655912589842,0.7923223213197463,2.632770472869127,-2.0925779036231464,-0.27646979908010905,0.5867785521882256
2024-09,완주군,9,129087.0,118120.5,13810.534901909488,12875.295230991502,6.732281329645898,0.04028290997544292,0.39175580681092903,-0.36325546647695006,3.272818050898336,-1.948076884744084,0.23952115749878966,0.18242270436902697
2024-10,완주군,10,186995.3,174768.3,9603.96691212308,9227.331521749478,5.0787372730758475,0.0,0.13800630331804697,-1.109780473904868,2.1728959465552693,-1.5573357827524117,0.22909501653227782,-0.4940068324650976
2024-11,완주군,11,209839.0,200631.0,3165.7682502255384,3097.20527716964,3.675198604644513,0.0,-0.01671613832368024,-0.36662042369363146,1.3189841576349774,-1.9790157633934786,-0.0487534548966726,-0.4941564077118691
2024-12,완주군,12,208653.1,197305.1,2194.1074508920447,2130.307904972416,3.9472214886814525,0.0,-0.033095825573658644,-0.05931779558310346,1.8042594037525936,-1.03848525488919,-0.15491880994626395,-0.41023900664496704
2025-01,완주군,1,196970.0,190882.0,2067.742722283924,2039.291472422196,2.4389500939229323,0.0,0.23669534099446032,-0.041001628116418054,0.9460734757867637,-1.0840320616080288,0.21391263991897821,0.4507034545985241
2025-02,완주군,2,248562.0,241858.0,1984.6764667987004,1966.7032876022881,2.108125940409234,0.26552731310497985,0.27515866172028325,-0.009410403006695489,-0.1344711411382571,-1.0273330795231062,0.054259928102657506,-0.030203487268367683
2025-03,완주군,3,331496.0,318464.0,1966.0874635940013,1943.6828793258444,3.5125612375413278,0.016893114849047954,-0.09871730383163424,0.10009771423479119,0.6794875090793946,-0.7221672387244743,-0.07611574999042582,0.1093537135574836
2025-04,완주군,4,301203.0,288528.0,2173.0750171456493,2129.2344206531807,2.998310109793063,0.6161957218221598,-0.07099827652866253,0.2069454877348793,-0.9669508599454537,-0.7516162649644621,0.018262224208675126,0.2356166289641458
2025-05,완주군,5,281243.3,268753.3,2672.698699430066,2595.4533998565794,3.300345288225533,0.6414375026889529,-0.12952147251455948,-0.20601799594889592,-0.5683049144295884,-0.2755710683048316,-0.04810431882674078,-0.2809212604508018
2025-06,완주군,6,245728.0,236104.0,2175.0914613475416,2134.9640836900962,3.2181924729782527,0.5274124234926423,-0.2153191232149574,0.5045660388705011,0.3530088370323683,-0.8084001285495312,-0.08394474802641463,-0.11671791027898815
2025-07,완주군,7,198721.90000000002,190366.90000000002,3602.5313592856737,3508.862688802794,2.858265747257851,1.092984718845784,-0.1494545854213083,0.39111138371441356,0.031049166889280055,-0.5122740160092787,0.02288217240237067,0.11050748359683982
2025-08,완주군,8,170255.7,163939.7,5326.786442191855,5181.042825191756,2.1215148743918704,1.1747036956765617,0.02205824080207286,0.3834693412039538,-0.9137870589220789,-0.9178742079465847,0.04595403298094802,0.1779255720724331
2025-09,완주군,9,177908.09999999998,167596.09999999998,7816.348319197166,7507.513833052009,4.106614594838572,1.2253517405896641,0.09803915899593285,-0.30333093630243546,0.6471513160910103,-0.7630080541298627,-0.05419549031620652,0.24234723454354157
2025-10,완주군,10,193323.5,184859.5,5771.23757738715,5619.89969115498,3.5277656363556424,0.6020995895480891,0.17955256357591587,-0.8068934398132273,0.6219243098350642,-0.9552361932043226,0.2706412767901467,-0.19111979837345683
2025-11,완주군,11,229006.0,221218.0,2575.3697151904453,2531.897531138922,2.5152179418879856,0.5240037378933303,-0.00921883160957293,0.006208435224853481,0.15900349487845,-1.4550120255001482,-0.04125614818256529,-0.12132754879338414
2025-12,완주군,12,228096.0,219188.0,2591.4084675073454,2546.340930327581,2.714646464646465,0.6926907968574635,-0.005389793142654753,0.6593566951886878,0.5716843797176061,-0.3457944580317266,-0.12721277751526006,0.3084354841268242
2026-01,완주군,1,224595.8,218009.8,5010.612849862713,4947.096466616918,1.8335160319115498,0.7925348559501113,0.06739074329812489,-0.6646867078531145,0.3406394137753812,-0.2914972056579175,0.044608042222642766,-0.17298162513817228
2026-02,완주군,2,243192.0,233208.0,2577.6329719520772,2541.7927025066615,2.8619362479028916,0.6809434520872397,0.2383881537564836,-0.3255090999253314,0.6193391663554006,-0.6119169405408462,0.017489420138857847,-0.3463021841870036
2026-03,완주군,3,305456.0,295988.0,1861.4624182365499,1843.454294405741,1.8490388141008853,0.5683306269970143,0.02483861971597534,0.2175129740422177,-0.9840349143610478,-0.17072972657650798,0.04744017355718376,0.22676897336491011
2026-04,완주군,4,322756.0,303432.0,2313.763452865881,2237.6150190732315,4.31285553173295,1.073256577724349,-0.08962132470627893,0.008727825778693798,0.34759456199443317,-0.29455540906227284,-0.00036082396894127067,0.03739896700796032
2026-05,완주군,5,292107.0,277421.0,2334.045959516403,2258.3045491549333,3.8157250596527983,0.9352737181923063,-0.014892938058849836,0.2580767414616414,-0.05292514300232298,0.01826514719852179,0.06652421562896886,0.18317347695973554
2026-06,완주군,6,289572.0,273320.0,3021.278138259184,2934.332866226707,4.525299407401269,0.899258215573329,0.19807563048803445,0.323738934179719,1.6601157714553842,-0.43655433646884456,0.32945000567657723,-0.29754501496977026
2026-07,완주군,7,345938.0,333192.0,4176.27165780691,4092.0279727118727,2.7646572507212275,0.43707253900988036,-1.5068183102060146,0.12576295139154148,-0.06255932964734345,-1.1681861958451822,-1.3344815523823357,-0.15484094872603227
2026-08,완주군,8,78208.0,73840.0,4735.947688475082,4615.233593519844,3.805237315875614,1.2632978723404253,,,0.7699353825616648,-0.8292800312827211,,
2018-01,익산시,1,253565.0,240144.0,4056.4636210731896,4032.8217632796323,1.3807110602804014,0.0,0.03118142979613836,-0.30532265182580787,-0.4285437795260745,0.0,-0.024158343955796288,0.18856778566858012
2018-02,익산시,2,261799.0,247750.0,2989.1495422966705,2974.315434207159,1.2288053048330971,0.0,0.4272667517162443,-0.2937941688935215,-0.5172546697318865,0.0,0.14129844068402975,-0.25544712415286797
2018-03,익산시,3,395762.0,379816.0,2228.201469258799,2218.8046685331083,1.391745544039094,0.0,0.09873277040534312,0.10395404481495962,-0.1715832630390699,0.0,0.04326149090856843,0.096620816799248
2018-04,익산시,4,436283.0,419230.0,2472.2997463301763,2453.7869807166453,1.9544653355734694,0.0,0.09175841871095969,-0.02717055122741474,0.1423878092127242,0.0,0.07932450818419332,-0.10143829533212972
2018-05,익산시,5,472019.0,459518.0,2406.030364081494,2373.6971294269933,2.1026695959272828,0.0,-0.015694264483032683,-0.3493757843177141,0.103268292034703,0.0,0.22902682366168411,-0.49176825941943697
2018-06,익산시,6,463233.5,452362.5,1696.5596297372128,1685.0351449517361,1.8148514733930081,0.0,-0.1076815297616811,0.6017589530295089,-0.457066518537782,0.0,0.014606497360280538,0.06377616449377177
2018-07,익산시,7,415619.4,406182.4,3096.775492187746,3053.003695712953,1.986913989096755,0.0,-0.41284215165280713,0.6900420721548031,-0.31904754068362884,0.0,-0.2478246122473061,0.43043439730433264
2018-08,익산시,8,281565.0,268798.0,6174.349164450629,5977.961998881254,3.770710137978797,0.0,-0.13737062681065737,0.5613129842648075,0.8168126830389126,0.0,-0.18967583642719288,0.47070779374530614
2018-09,익산시,9,244479.0,234297.0,10823.465003316303,10504.5047465631,3.0837004405286343,0.0,0.5973085786861905,-1.2787153171707821,0.6147369045710911,0.0,0.4089966542990753,-0.8290967845333425
2018-10,익산시,10,441589.5,425769.5,3013.195506160023,2987.363624864269,1.9977830088804196,0.0,-0.09322530990599631,-0.5740449114174266,-0.26729586435216923,0.0,-0.14644210671525126,0.09660774057797206
2018-11,익산시,11,402066.0,387871.0,1697.1599462475924,1690.9697497201953,1.4378236408947784,0.0,-0.013680139416157644,0.26468060773582547,-0.1108395202418424,0.0,0.03241218452760708,0.0068542335009397215
2018-12,익산시,12,391589.0,382601.0,2211.4244201295865,2209.0455066536597,1.556734229000304,0.0,-0.04481053196631812,0.018491181652325217,-0.07415264661430365,0.0,0.09050139611818109,-0.23166717856745034
2019-01,익산시,1,376519.11,365834.9,2252.696681240636,2222.092476928993,2.268145167983638,0.0,-0.10866774112975008,-0.28506581234512485,0.45889032817716235,0.0,-0.16400751488168475,0.20882462514926314
2019-02,익산시,2,334413.64,328164.3,1693.9485285571893,1678.3368319515912,1.4033518489257795,0.0,0.31155491277095315,0.17955848249914208,-0.34270812563920416,0.0,0.025586601738738612,0.21790552723979564
2019-03,익산시,3,456460.04000000004,448123.7,2027.129379914519,2023.5089629028641,1.5690311029197646,0.0,0.0748686652359094,0.1034444695763348,0.005702295841600646,0.0,0.019397385739134715,0.09611124156062317
2019-04,익산시,4,495435.94999999995,482962.0,2248.054472517507,2232.54281102532,2.0549578608496217,0.0,-0.06309045677024905,0.28289600920200453,0.24288033448887658,0.0,-0.07552436729701542,0.20862826509728954
2019-05,익산시,5,465797.69,453433.0,2983.094464020043,2947.9782048081856,2.2557003234601702,0.0,-0.15237782619766627,-0.14515686544963824,0.2562990195675905,0.0,0.09234326194705053,-0.2875493405513611
2019-06,익산시,6,399778.28,389346.5,2580.0384631940956,2556.7711899480882,2.291645258967045,0.0,0.15106077804846763,0.23665029505448398,0.019727267036254936,0.0,0.27334880517042925,-0.3013324934812531
2019-07,익산시,7,462861.80000000005,452836.2,3268.9034820736506,3238.0399594436176,1.5436140982038267,0.0,-0.12416892888673203,0.5518182417738817,-0.7623474315765573,0.0,0.04084861051876901,0.2922105669234113
2019-08,익산시,8,417513.19999999995,399958.8,5676.1480579374675,5533.007144923801,3.6403399940409074,0.0,-0.1509658449080753,0.12179694357293513,0.6864425391010229,0.0,-0.2032710545246108,0.0311917530534338
2019-09,익산시,9,354101.72000000003,343915.4,6411.349552849335,6301.14717775446,2.539948125640282,0.0,0.009974357887330143,0.10551739616408184,0.0709845896827388,0.0,-0.17833756649978505,0.5551359288015215
2019-10,익산시,10,360823.26,347362.9,7124.839386126151,6983.348250459241,3.1276531341133604,0.0,0.15694200453395624,-0.7204868385264138,0.8625742608807716,0.0,0.10372520772470128,-0.04983418653101512
2019-11,익산시,11,417545.35,406389.5,3466.3436840494155,3425.2002710028987,2.202395500273204,0.0,-0.0011054621784865049,0.10999415405526491,0.653732339136583,0.0,0.04498686176527822,-0.14783222017962083
2019-12,익산시,12,414631.3,405940.5,3869.3808189254332,3855.9498924924383,1.725629492997755,0.0,-0.1346816594206448,0.37533923790870105,0.09474261738314738,0.0,0.0006302686638544053,0.1251808776889255
2020-01,익산시,1,365449.42,354789.6,5631.826076299868,5588.437806665558,2.5435804495188417,0.0,0.18298459388255317,-1.0524201496444734,0.7343256097123658,0.0,0.1276448201306185,-0.5585297121500854
2020-02,익산시,2,437541.57,426029.9,1966.0247042637147,1945.8039711289605,1.9339876665890283,0.0,0.20404080830510196,0.08605222470298379,0.1879276920240447,0.0,-0.08192750272711258,0.12439926944363736
2020-03,익산시,3,531752.3,522461.0,2142.698063158781,2129.4742842880037,1.472490104885301,0.0,0.10578329037494605,-0.14971300331729775,-0.09083870219286294,0.0,0.05031201087817136,-0.15704623133300938
2020-04,익산시,4,591138.7,580757.7,1844.7666799820304,1833.3384108044356,1.415065533689471,0.0,-0.0718190119015496,0.2679280679924734,-0.39701199267127407,0.0,-0.08425292242831597,0.1936603238877584
2020-05,익산시,5,552979.3,540510.8,2411.5769672576384,2384.874938383769,1.9618275042121829,0.0,-0.19542171648454243,0.39011580679980895,-0.03757379968039687,0.0,0.04929937166017437,0.24772333169808608
2020-06,익산시,6,456525.3,444563.5,3562.265374276116,3508.906196600714,2.287605966197273,0.0,-0.021748020230969445,0.3856623099729557,0.01568797426648283,0.0,0.1005400068909922,-0.15232047856278141
2020-07,익산시,7,448524.5,434999.5,5238.624655444431,5135.095145640874,2.5887103157129654,0.0,-0.05224262677439562,0.5255836077364631,0.28274878593258146,0.0,0.11277491263110542,0.26597593288599264
2020-08,익산시,8,426047.19999999995,412857.4,8860.849153550354,8684.549252507704,2.6052981923129646,0.0,0.2130755361011527,-0.5127389087126275,-0.34859926262691987,0.0,0.1607703264846172,-0.6033440992321288
2020-09,익산시,9,525064.5,510902.0,5306.347219312119,5214.925179582699,2.3951724026286296,0.0,0.1007550140703497,-1.0792802114343027,-0.07379113332891363,0.0,-0.08755691031676549,-0.6296616787968631
2020-10,익산시,10,572563.7,565060.5,1803.3093075856477,1794.9552642142703,0.9422881681112513,0.0,-0.15304518536412104,0.014896080139401136,-1.3227907051213377,0.0,-0.206261982173376,0.6855487321347998
2020-11,익산시,11,492735.3,484873.3,1830.372615722499,1815.762266774879,1.210792082483232,0.0,-0.2573016515384161,0.665202122599923,-0.33787107865338895,0.0,-0.21120932759465139,0.4073757483650372
2020-12,익산시,12,382042.5,374872.5,3559.8616575689066,3514.4199504688618,1.6396081587781466,0.0,-0.15556081938309418,0.33235850302795633,0.00872128316353904,0.0,-0.020248891298594973,0.08220014280818078
2021-01,익산시,1,327622.9,320866.5,4963.346381336162,4909.4336028159205,1.7857115604556333,0.0,0.20346845303916083,-0.5546685861146816,-0.02354327935084255,0.0,0.14812867928722617,-0.060778148620293626
2021-02,익산시,2,400142.9,393268.9,2850.2639407692805,2827.56998200143,1.358514670633916,0.0,0.3709918704391324,-0.127044540910779,-0.3875453039310677,0.0,0.08502355940691786,-0.08869749617012543
2021-03,익산시,3,577052.8,569914.0,2510.2116188231907,2505.7479376514593,0.7915740119448341,0.0,0.0573777113821361,0.14601261477004446,-0.7717547951333298,0.0,0.0019064318853614093,0.13867938675433283
2021-04,익산시,4,615357.8,603570.7,2904.843960210461,2885.6095682170594,1.3272115832447398,0.0,0.04946964217921668,0.06701216313498026,-0.4848659431160054,0.0,0.037035731652450304,-0.007255580969734721
2021-05,익산시,5,647053.5,634180.0,3106.174292043268,3091.0029016178723,1.3185926666033025,0.0,-0.17551209654104127,0.23709603615392538,-0.6808086372892772,0.0,0.06920899160367552,0.09470356105220251
2021-06,익산시,6,546886.3,532094.3,3937.2711189313613,3919.160396288954,1.5206085798821436,0.0,-0.26560257567799894,0.21007893456773452,-0.7513094120486465,0.0,-0.1433145485560373,-0.3279038539680026
2021-07,익산시,7,419931.0,407980.0,4857.708421508407,4789.687258949684,2.1648794682936003,0.0,-0.023043512297128643,0.37591811516967333,-0.1410820614867836,0.0,0.1419740271083724,0.1163104403192029
2021-08,익산시,8,409972.2,398686.2,7074.416196113636,6976.697335146139,1.9767193970713137,0.0,0.07969222607616544,0.32613060257471105,-0.9771780578685707,0.0,0.02738701645962993,0.23552541205520972
2021-09,익산시,9,447686.7,431758.7,9802.285043967848,9704.325761379554,2.0576890043863263,0.0,0.12156700249961716,-0.22175198166413423,-0.41127453157121696,0.0,-0.06674492188749803,0.22786655097330544
2021-10,익산시,10,501743.0,487570.0,7852.74808130935,7756.356538472883,2.2348094542425105,0.0,0.07187077405584397,-1.0078299694821737,-0.03026941899007829,0.0,0.018653977246589015,-0.33717731748677504
2021-11,익산시,11,533018.0,523902.0,2866.333179531668,2856.993783915365,1.4543598902851311,0.0,-0.03864405401630755,0.05864596446893522,-0.0943032708514897,0.0,0.007448269927457174,-0.19918040976595053
2021-12,익산시,12,514869.5,504042.5,3039.4590015703043,3027.4187611754046,1.5947730444316472,0.0,-0.05516820832996849,0.28197929456785253,-0.0361138311829603,0.0,0.08014371975453072,0.03182093434807698
2022-01,익산시,1,490008.5,476988.5,4029.566629771997,4006.803628451343,1.854661704847977,0.0,-0.08666599282635268,-0.5790789950811854,0.045406865041501154,0.0,-0.14200576657828734,-0.08518855758679744
2022-02,익산시,2,451482.5,437390.5,2258.2266543557757,2253.334597465018,0.8505313052000908,0.0,0.40844996858916005,0.08120034268612564,-0.8955286693648928,0.0,0.12248165755694551,0.1195473874267792
2022-03,익산시,3,684616.0,658047.0,2449.245901187909,2443.9823592408006,1.1323135889316054,0.0,0.08621613284494956,0.19566905580597727,-0.4310152181465585,0.0,0.030744853348174866,0.18833582779026564
2022-04,익산시,4,738454.8,717298.8,2978.5876271617904,2968.735315469545,1.4484298835893543,0.0,0.07181448769324739,-0.11040973846716629,-0.36364764277139083,0.0,0.05938057716648101,-0.18467748257188127
2022-05,익산시,5,791998.0,770706.0,2667.2273817992855,2651.0442581660564,1.7601054548117545,0.0,-0.31249655043489355,0.43879133359151723,-0.23929584908082524,0.0,-0.06777546229017675,0.29639885848979436
2022-06,익산시,6,577326.0,563862.5,4136.420633846017,4094.0169850205953,1.962063028514219,0.0,-0.377151919336951,0.8390291843005286,-0.30985496341657104,0.0,-0.2548638922149894,0.30104639576479153
2022-07,익산시,7,399405.6,386703.6,9572.17083232998,9398.306118764986,2.7200419823858257,0.0,0.16211107925247248,-0.023735205630282863,0.4140804526054418,0.0,0.3271286186579735,-0.2833428804807533
2022-08,익산시,8,468491.9,454759.9,9347.648471969493,9211.68508868136,2.379550212074104,0.0,0.21603704060168383,-0.6886717450328916,-0.5743472428657803,0.0,0.16373183098514832,-0.779276935552393
2022-09,익산시,9,578460.5,564424.5,4694.788512158845,4656.635342731267,1.6865455808996466,0.0,0.18539636267776594,-0.47552849196000757,-0.7824179550578967,0.0,-0.002915561709349257,-0.0259099593225679
2022-10,익산시,10,696345.2000000001,679395.2000000001,2918.076231561541,2898.524615683428,1.6267793617303599,0.0,-0.15784804397096863,-0.463994441363341,-0.638299511502229,0.0,-0.21106484078022358,0.2066582106320577
2022-11,익산시,11,593131.6,580189.6,1834.7901824662144,1828.5466250660054,1.5298459903333426,0.0,-0.18629337962896741,1.0286160118851049,-0.01881717080327827,0.0,-0.1402010556852027,0.7707896376502191
2022-12,익산시,12,492924.3,481574.8,5132.260189349609,5094.571143216109,1.6204313725251525,0.0,-0.1038499501286978,0.09583246270432966,-0.010455503089455087,0.0,0.03146197795580141,-0.1543258975154459
2023-01,익산시,1,442288.32,434072.52,5648.435519313684,5591.242448186286,1.7128645857073503,0.0,0.08270018926714684,-0.3649102683228236,-0.0963902540991255,0.0,0.02736041551521219,0.1289801691715644
2023-02,익산시,2,483579.56,471496.56,3921.476885118738,3889.3796222404435,2.4134601553465163,0.0,0.32984951274002583,-0.1635341910899708,0.6674001807815326,0.0,0.04388120170781129,-0.12518714634931724
2023-03,익산시,3,667627.5,655738.0,3329.8729435201262,3325.2119660738954,1.6788553497272058,0.0,-0.03577284544052972,-0.14058523918744825,0.11552654264904194,0.0,-0.09124412493730441,-0.14791846720315988
2023-04,익산시,4,646061.2,632695.0,2893.1587808296254,2869.784798909144,1.94829839649866,0.0,0.10101400138739258,-0.14633022765921577,0.13622087013791484,0.0,0.08858009086062621,-0.22059797176393076
2023-05,익산시,5,716102.8,699945.5,2499.3199661173617,2476.3902556685994,2.180734386180308,0.0,-0.35213521598340947,0.35386256068342004,0.18133308228772815,0.0,-0.10741412783869267,0.21147008558169716
2023-06,익산시,6,505457.2,492191.2,3560.429707743657,3512.690970082135,2.4184045652134345,0.0,-0.47624896401039685,0.9952478917029683,0.14648657328264436,0.0,-0.3539609368884352,0.45726510316723123
2023-07,익산시,7,315787.3,305704.3,9632.368384219653,9441.521553222692,2.570401026260398,0.0,0.28031028834050353,-0.37488718411039734,0.26443949648001386,0.0,0.44532782774600455,-0.6344948589608678
2023-08,익산시,8,415789.0,404612.0,6620.970428375826,6508.2308131864975,2.3663444679873686,0.0,0.3551176486247183,-0.02260473211406122,-0.5875529869525158,0.0,0.3028124390081828,-0.11320992263356255
2023-09,익산시,9,597228.7,577117.7,6472.984062958041,6373.9306916194755,2.3190446138974905,0.0,0.1526621562051531,-0.2208235697412828,-0.14991892206005275,0.0,-0.03564976818196208,0.22879496289615686
2023-10,익산시,10,700725.5,672302.5,5190.414960002379,5118.549603847726,2.689498241465453,0.0,-0.08045115139923098,-0.3883782714611126,0.4244193682328641,0.0,-0.13366794820848593,0.2822743805342861
2023-11,익산시,11,640012.7,620333.5,3519.909842226802,3491.3154152769157,1.9712108837840252,0.0,0.01007436215701496,-0.14280080565444742,0.42254772264740437,0.0,0.056166686100779684,-0.40062717988933316
2023-12,익산시,12,641433.55,626614.55,3051.503959694201,3053.7409897361927,1.5975154402198013,0.0,-0.10418291095882637,0.4416061157535367,-0.03337143539480625,0.0,0.031129017125672842,0.19144775553376114
2024-01,익산시,1,582314.9,564617.6,4745.708264581196,4725.026390126716,1.6554616754611635,0.0,0.04925479553247314,-0.4919305442885973,-0.15379316434531232,0.0,-0.006084978219461509,0.001959893205790708
2024-02,익산시,2,612744.0,593124.0,2901.7387958487598,2889.3440110502916,1.577820427454206,0.0,0.11931274224433075,0.17801353534156217,-0.1682395471107776,0.0,-0.1666555687878838,0.21636058008221573
2024-03,익산시,3,699148.0,668286.0,3467.1179171971276,3455.563699378386,1.9397895724510406,0.0,0.15620841499540994,-0.40156719193413526,0.37646076537287665,0.0,0.10073713549863525,-0.4089004199498469
2024-04,익산시,4,823296.4,781273.0,2320.4392171481672,2295.7349165962587,2.2986132333385645,0.0,0.035036438817538595,0.05840799173560729,0.48653570697781934,0.0,0.022602528290772226,-0.015859752369107694
2024-05,익산시,5,852293.2,809131.2,2460.0076931392587,2442.9736495738794,2.071352910007964,0.0,-0.3372470093490616,0.1383621847950769,0.07195160611538443,0.0,-0.0925259212043448,-0.004030290306645978
2024-06,익산시,6,604236.25,577503.25,2825.051690708234,2773.1613784360006,2.2454793137617943,0.0,-0.5213685366397289,0.8356120021067737,-0.02643867816899581,0.0,-0.3990805095177673,0.29762921357103655
2024-07,익산시,7,358480.5,342868.0,6515.204923145349,6367.950224581253,2.848829992147411,0.0,0.06474256937696055,0.2429534638255415,0.5428684623670272,0.0,0.2297601087824616,-0.016654211024928922
2024-08,익산시,8,380863.5,365800.5,8306.946794684534,8104.897272382364,3.4151342935198565,0.0,0.0357628284535636,0.4539564500373654,0.4612368385799721,0.0,-0.01654238116297191,0.36335125951786407
2024-09,익산시,9,396999.3,379119.3,13079.532162501355,12779.552255709266,3.2503835649080495,0.0,0.09459239805986641,-0.23406405704388078,0.7814200289505062,0.0,-0.09371952632724878,0.2155544755935589
2024-10,익산시,10,439324.0,416732.0,10349.979312867743,10171.926319695716,3.384518032249547,0.0,0.46978358953720445,-1.2139908631645664,1.1194391590169581,0.0,0.4165667927279495,-0.5433382111691677
2024-11,익산시,11,683237.2,666624.5,3074.0430752545103,3059.078258593063,1.5829787956510566,0.0,0.06099512072928093,-0.10784920946269505,0.034315634514435756,0.0,0.10708744467304565,-0.3656755836975808
2024-12,익산시,12,728523.0,708551.0,2759.7620115870277,2756.4576429144995,1.5785362987853508,0.0,-0.30718298011820977,-0.08771219207276992,-0.0523505768292567,0.0,-0.17187105203371056,-0.3378705522925455
2025-01,익산시,1,533879.6,521150.6,2528.009555777159,2516.9294933782826,1.4846043939494973,0.0,0.1610624359059365,-0.02095212001819302,-0.32465044585697855,0.0,0.10572266215400185,0.47293831747619497
2025-02,익산시,2,633017.0,612226.0,2475.593428160516,2448.4882639881707,2.4629670293214874,0.0,0.19429887727304163,-0.04870298739282486,0.7169070547565037,0.0,-0.09166943375917291,-0.010355942652171296
2025-03,익산시,3,762577.5,743523.5,2357.9135731648025,2340.5084163262095,2.4775186784294054,0.0,0.010009939542348079,0.030079762585672576,0.9141898713512415,0.0,-0.04546133995442661,0.022746534569960945
2025-04,익산시,4,766903.5,751003.5,2429.9165408350295,2411.8192664970234,2.072751004526645,0.0,0.01914855627309997,0.23797551812205064,0.2606734781658999,0.0,0.006714645746333601,0.16370777401733566
2025-05,익산시,5,784414.7,765522.7,3082.781979938675,3054.42514398825,2.4043404591984316,0.0,-0.3614691255367859,-0.17888167914911257,0.4049391553058519,0.0,-0.1167480373920691,-0.32127415425083544
2025-06,익산시,6,546860.0,533303.0,2577.837193827899,2564.6903082982844,2.4664447939143472,0.0,-0.015535682963927044,0.5312424690438071,0.1945268019835571,0.0,0.1067523441580346,-0.006740319491929991
2025-07,익산시,7,534835.3,525081.8,4385.015758051412,4334.9539374962715,1.8184102657397518,0.0,-0.05794230759761376,0.26573739250848405,-0.4875512640406321,0.0,0.10707523180788728,0.0061297176580136226
2025-08,익산시,8,509648.0,495522.0,5719.781537699638,5610.282610644995,2.759159262863781,0.0,-0.19290713120626712,0.485659929565772,-0.19473819207610354,0.0,-0.24521234082280263,0.39505473904627064
2025-09,익산시,9,419059.9,408586.9,9296.05894992228,9126.283912018305,2.4192245547712865,0.0,0.2442395250106486,-0.19230202824920894,-0.04973898118625675,0.0,0.05592760062353341,0.2573165043882307
2025-10,익산시,10,532942.5,521622.5,7669.784459844045,7572.09235861092,2.117301585067808,0.0,0.21170769698735192,-1.0113920006875565,-0.14777728816478097,0.0,0.15849090017809697,-0.34073934869215783
2025-11,익산시,11,651266.1,644614.1,2789.5952470896927,2782.0783193505695,0.999898505388197,0.0,0.05721661234192155,0.186122148251175,-0.5487646557484238,0.0,0.10330893628568627,-0.07170422598371073
2025-12,익산시,12,694632.3,682572.3,3360.2610379808843,3337.369157220302,1.7338669681787038,0.0,-0.17705836437023414,0.5433722782162729,0.10298009256409624,0.0,-0.041746436285734934,0.2932139179964973
2026-01,익산시,1,581339.1,571811.9,5785.709159526061,5748.028386525181,1.5975529600537794,0.0,-0.01726019969989423,-0.7906648098086047,-0.2117018797526964,0.0,-0.07259997345182888,-0.29677437231421666
2026-02,익산시,2,576395.0,562027.0,2624.0689023125224,2605.5132006089575,2.485101362780732,0.0,0.2079493552119409,-0.23687209960859956,0.7390413882157483,0.0,-0.07801895582027363,-0.198525054867946
2026-03,익산시,3,703310.0,691940.0,2070.632320831286,2062.6158635537677,1.6166413103752257,0.0,-0.054182563869540346,0.17870453902729722,0.05331250329706183,0.0,-0.10965384336631503,0.1713713110115856
2026-04,익산시,4,667413.9,655446.5,2475.7876025701567,2470.0919757320007,1.7889049059361815,0.0,-0.12142688164875892,0.038100464109115606,-0.023172620424563695,0.0,-0.1338607921755253,-0.03616727999559938
2026-05,익산시,5,592361.6,580500.0,2571.93628307149,2547.748350070295,1.9392884346318195,0.0,-0.30013598829201804,0.3967186828082223,-0.060112869260760204,0.0,-0.055414900147301244,0.25432620770649944
2026-06,익산시,6,445430.0,429986.5,3824.30868721925,3756.640323092293,3.4401589475338437,0.0,0.5336842064755309,0.2065630570428727,1.1682409556030535,0.0,0.6559722335974926,-0.3314197314928644
2026-07,익산시,7,752512.3,733214.3,4701.778176634034,4627.781834423171,2.5118526301829216,0.0,-1.3220822644107688,0.08303857022606742,0.20589110040253766,0.0,-1.1570647250052677,-0.176569104624403
2026-08,익산시,8,203060.0,195460.0,5108.875610119718,4969.438217009751,3.6718211366098688,0.0,,,0.7179236816699843,0.0,,
2018-02,임실군,2,52.0,0.0,,1048.076923076923,0.0,0.0,,,-2.325838772684567,0.0,,
2018-03,임실군,3,28.0,0.0,,1500.0,0.0,0.0,,,-0.18867924528301888,0.0,,
2018-06,임실군,6,40.0,0.0,,1400.0,0.0,0.0,,,-1.2598866102050816,0.0,,
2018-08,임실군,8,92.0,92.0,2136.9565217391305,2136.9565217391305,0.0,0.0,0.47542369671507423,2.0552165687598087,-11.921629787409868,0.0,0.660110511994056,1.8792654365521628
2018-09,임실군,9,148.0,148.0,16686.486486486487,16686.486486486487,0.0,0.0,0.7065702008920862,-1.5844714376210476,-3.633253625319636,0.0,0.8163485609460888,-1.0576896316938402
2018-10,임실군,10,300.0,300.0,3421.6666666666665,3421.6666666666665,0.0,0.0,-1.4271163556401456,-0.9372508724739026,-4.807810935339168,0.0,-0.9965177895520541,-0.1608906990844977
2018-11,임실군,11,72.0,72.0,1340.2777777777778,1340.2777777777778,0.0,0.0,-0.8109302162163288,-0.06973333801467518,-7.988028029163948,0.0,-1.018754856315288,0.15384474617573965
2018-12,임실군,12,32.0,32.0,1250.0,1250.0,0.0,0.0,,,-2.1345029239766085,0.0,,
2019-02,임실군,2,60.0,0.0,,700.0,0.0,0.0,,,-2.325838772684567,0.0,,
2019-04,임실군,4,88.0,88.0,2482.9545454545455,2482.9545454545455,0.0,0.0,-0.38299225225610645,-0.6665030214470491,-0.02033140185015757,0.0,0.5711022714274631,-0.13293510990235746
2019-05,임실군,5,76.0,60.0,1275.0,1111.842105263158,21.052631578947366,0.0,1.6292405397302803,0.09469249230769794,8.743908484315172,0.0,2.0557366270440056,-0.01437093425296905
2019-06,임실군,6,314.0,306.0,1401.6339607843136,1381.8471082802546,2.547770700636943,0.0,0.0,0.1211710031870723,1.2878840904318614,0.0,-2.0427615561684407,-0.4791968305672668
2019-07,임실군,7,360.0,306.0,1582.18954248366,1471.5277777777778,13.333333333333334,0.0,-4.33729074083249,0.6398026145629494,9.884262225410952,0.0,-3.4220637711673145,0.41135880648744283
2019-08,임실군,8,24.0,4.0,3000.0,1333.3333333333333,83.33333333333334,0.0,3.49650756146648,0.060624621816435464,71.41170354592347,0.0,3.6811943767454616,-0.11532651039121042
2019-11,임실군,11,132.0,132.0,3187.5,3187.5,0.0,0.0,0.35364004024357865,-0.3764775712349122,-7.988028029163948,0.0,0.14581540014461938,-0.15289948704449738
2020-04,임실군,4,188.0,188.0,2187.5,2187.5,0.0,0.0,-1.4522523289116882,-0.2231435513142097,-0.02033140185015757,0.0,-0.4981578052281187,0.3104243602304819
2020-06,임실군,6,44.0,44.0,1750.0,1750.0,0.0,0.0,1.5723966407537513,1.2393893802792828,-1.2598866102050816,0.0,-0.4703649154146894,0.6390215465249437
2020-07,임실군,7,212.0,212.0,6043.632075471698,6043.632075471698,0.0,0.0,0.4956162051024622,0.501796728357947,-3.4490711079223826,0.0,1.4108431747676378,0.2733529202824404
2020-08,임실군,8,348.0,348.0,9982.183925287356,9982.183925287356,0.0,0.0,-2.6741486494265287,-1.2021896079045433,-11.921629787409868,0.0,-2.489461834147547,-1.3781407401121892
2020-10,임실군,10,24.0,24.0,3000.0,3000.0,0.0,0.0,1.0986122886681096,-0.8330480214699465,-4.807810935339168,0.0,1.529210854756201,-0.056687848080541614
2021-06,임실군,6,84.0,72.0,1304.1666666666667,1153.5714285714287,0.0,0.0,1.0014485402144615,0.5136903955670205,-1.2598866102050816,0.0,-1.0413130159539792,-0.08667743818731866
2021-07,임실군,7,196.0,196.0,2179.8469387755104,2179.8469387755104,0.0,0.0,-1.945910149055313,0.3133874589164236,-3.4490711079223826,0.0,-1.0306831793901374,0.08494365084091701
2021-08,임실군,8,80.0,28.0,2982.1428571428573,1625.0,0.0,0.0,0.35667494393873245,-0.17635138980745158,-11.921629787409868,0.0,0.5413617592177142,-0.3523025220150975
2022-02,임실군,2,140.0,40.0,2500.0,1750.0,0.0,0.0,1.3350010667323402,-0.39148434860459336,-2.325838772684567,0.0,1.1384722216755776,-0.37121469598801693
2022-04,임실군,4,164.0,152.0,1690.1315789473683,1749.3902439024391,0.0,0.0,-1.6916760106710726,-1.9111007443894525,-0.02033140185015757,0.0,-0.7375814869875031,-1.377532832844761
2022-05,임실군,5,56.0,28.0,250.0,375.0,0.0,0.0,,,-12.308723094632194,0.0,,
2022-06,임실군,6,64.0,0.0,,1225.0,0.0,0.0,,,-1.2598866102050816,0.0,,
2023-04,임실군,4,20.0,0.0,,1375.0,0.0,0.0,,,-0.02033140185015757,0.0,,
2023-06,임실군,6,200.0,200.0,1635.0,1635.0,0.0,0.0,2.8276094361598494,1.7308425202878563,-1.2598866102050816,0.0,0.7848478799914087,1.1304746865335171
2023-07,임실군,7,3386.5,3381.0,9230.242531795328,9216.87583050347,0.0,0.0,0.8062857096213278,-0.5973889960266128,-3.4490711079223826,0.0,1.7215126792865034,-0.8258328041021193
2023-08,임실군,8,7788.0,7572.0,5078.908257791865,4999.52405341551,0.0,0.0,-0.5598139058162097,0.009740209433221736,-11.921629787409868,0.0,-0.3751270905372279,-0.16621092277442415
2023-09,임실군,9,4390.0,4326.0,5128.619594313454,5090.298033029613,0.0,0.0,-1.1367794654462537,-0.4885325337581641,-3.633253625319636,0.0,-1.0270011053922512,0.03824927216904328
2023-10,임실군,10,1388.0,1388.0,3146.541786743516,3146.541786743516,0.0,0.0,-0.8725910375262851,-0.7000720755929457,-4.807810935339168,0.0,-0.4419924714381936,0.07628809779645918
2023-11,임실군,11,580.0,580.0,1562.4137931034484,1562.4137931034484,0.0,0.0,0.6363943639674963,0.39812888569861826,-7.988028029163948,0.0,0.428569723868537,0.6217069698890331
2023-12,임실군,12,1096.0,1096.0,2326.490280109489,2326.490280109489,0.0,0.0,-2.435074276040125,0.51018484841412,-2.1345029239766085,0.0,-1.5685027361762303,0.014745033279699449
2024-01,임실군,1,96.0,96.0,3875.0,3875.0,0.0,0.0,2.1449561487904623,-0.6551982313933671,-2.3579194687189076,0.0,1.4088070005406146,-0.24170123120401882
2024-02,임실군,2,900.0,820.0,2012.439024390244,1944.6666666666667,8.88888888888889,0.0,0.4199932086710749,0.7426196428626479,6.563050116204322,0.0,0.2234643636143122,0.7628892954792243
2024-03,임실군,3,1248.0,1248.0,4229.00641025641,4229.00641025641,0.0,0.0,1.5058564401204295,-0.6151624203432924,-0.18867924528301888,0.0,0.9354245485540442,-0.80119789991987
2024-04,임실군,4,5626.0,5626.0,2286.0024884464983,2286.0024884464983,0.0,0.0,-0.35064976179130625,-0.1825337740684514,-0.02033140185015757,0.0,0.6034447618922633,0.35103413747624024
2024-05,임실군,5,4094.0,3962.0,1904.5978422513883,1871.7676235955057,3.224230581338544,0.0,-1.411340393045979,0.049173875464953554,-9.08449251329365,0.0,-0.9848443057322536,-0.059889551095713436
2024-06,임실군,6,966.0,966.0,2000.595238095238,2000.595238095238,0.0,0.0,2.811047678535889,1.120998328108179,-1.2598866102050816,0.0,0.7682861223674484,0.5206304943538399
2024-07,임실군,7,16398.0,16062.0,6137.657062570041,6053.540944932308,2.049030369557263,0.0,-0.4952990881858437,0.17802306006234403,-1.4000407383651194,0.0,0.4199278814793319,-0.05042074801316257
2024-08,임실군,8,11412.0,9788.0,7333.59718267266,6647.229458201892,9.674027339642482,0.0,-1.1614358937020803,0.1656989471212249,-2.2476024477673864,0.0,-0.9767490784230985,-0.010252185086420978
2024-09,임실군,9,3562.0,3064.0,8655.24149510444,7981.282035934869,13.980909601347557,0.0,-0.3017050892725308,0.19040903196375858,10.347655976027921,0.0,-0.19192672921852827,0.7171908378909659
2024-10,임실군,10,2378.0,2266.0,10470.629241835833,10238.09750294365,4.7098402018502945,0.0,-0.18143933353426345,-0.9276824018168472,-0.09797073348887331,0.0,0.24915923255382805,-0.15132222842744236
2024-11,임실군,11,2094.0,1890.0,4140.811241798942,3883.8983987583574,9.742120343839542,0.0,0.2455364510010174,-0.7757646208132769,1.754092314675594,0.0,0.037711810902058135,-0.5521865366228621
2024-12,임실군,12,2416.0,2416.0,1906.2292955298014,1906.2292955298014,0.0,0.0,0.5676252536038566,0.21104392390340898,-2.1345029239766085,0.0,1.4341967934677515,-0.2843958912310116
2025-01,임실군,1,4278.0,4262.0,2354.129508916002,2349.719487377279,0.3740065451145395,0.0,0.035948571321499756,0.1306145911042078,-1.983912923604368,0.0,-0.700200576928348,0.5441115912935561
2025-02,임실군,2,4494.0,4418.0,2682.597696921684,2656.590259234535,1.6911437472185136,0.0,-0.04869962956251683,-0.174066758504412,-0.6346950254660535,0.0,-0.24522847461927955,-0.15379710588783557
2025-03,임실군,3,4240.0,4208.0,2254.028041825095,2247.3938679245284,0.7547169811320755,0.0,0.44247757421175216,-0.10601262141176981,0.5660377358490567,0.0,-0.12795431735463314,-0.29204810098834744
2025-04,임실군,4,6558.0,6550.0,2027.3027906870227,2026.049600335468,0.12198841110094541,0.0,-0.8929022647876739,0.31544153349570436,0.10165700925078784,0.0,0.061192258895895635,0.849009445040396
2025-05,임실군,5,3574.0,2682.0,2779.1573452647276,2387.045327364298,24.958030218242865,0.0,-1.4973884086254774,0.1833239119093495,12.64930712361067,0.0,-1.070892321311752,0.0742604853486825
2025-06,임실군,6,600.0,600.0,3338.3333333333335,3338.3333333333335,0.0,0.0,3.1941732122278292,0.17068501654966184,-1.2598866102050816,0.0,1.1514116560593886,-0.42968281720467727
2025-07,임실군,7,14802.0,14634.0,3959.6541951619515,3935.8721451155247,0.8647480070260776,0.0,-0.45376338835228225,0.2716631807496288,-2.584323100896305,0.0,0.46146358131289333,0.04321937267412221
2025-08,임실군,8,9976.0,9296.0,5195.64033982358,4998.714172814755,2.3656776263031274,0.0,-1.2260154601283402,0.3189185760348252,-9.555952161106742,0.0,-1.0413286448493584,0.14296744382717932
2025-09,임실군,9,2898.0,2728.0,7147.327093841642,6875.4342001380255,0.5521048999309869,0.0,0.29280091361068816,-0.22453228429337635,-3.081148725388649,0.0,0.4025792736646907,0.302249521633831
2025-10,임실군,10,4532.0,3656.0,5709.926603118161,5097.350322374227,19.329214474845543,0.0,-0.770458392407873,-0.4837474955933825,14.521403539506375,0.0,-0.33985982631978146,0.2926126777960224
2025-11,임실군,11,2424.0,1692.0,3519.9918486997635,3071.3804488448845,30.198019801980198,0.0,0.6144825614990328,-0.2940437765878281,22.209991772816252,0.0,0.4066579214000735,-0.07046569239741327
2025-12,임실군,12,3420.0,3128.0,2623.2523353580564,2534.9804985380115,8.538011695906434,0.0,-0.7322655971554157,0.7650906730857328,6.403508771929825,0.0,0.13430594270847906,0.26965085795131216
2026-01,임실군,1,1612.0,1504.0,5637.865691489362,5372.363523573201,6.699751861042183,0.0,0.02754272463758145,-0.7159073602788855,4.341832392323276,0.0,-0.7086064236122663,-0.3024103600895372
2026-02,임실군,2,1600.0,1546.0,2755.498059508409,2730.0,3.375,0.0,-0.9201792656138474,-0.2581471462199483,1.049161227315433,0.0,-1.11670811067061,-0.23787749360337185
2026-03,임실군,3,616.0,616.0,2128.5714285714284,2128.5714285714284,0.0,0.0,-0.23703833963302579,1.2792814804847952,-0.18867924528301888,0.0,-0.8074702311994111,1.0932460009082174
2026-06,임실군,6,546.0,486.0,7650.205761316873,7077.655677655677,8.791208791208792,0.0,2.892655385287303,-0.6942018076986987,7.53132218100371,0.0,0.8498938291188622,-1.2945696414530379
2026-07,임실군,7,9574.0,8768.0,3821.0709498175183,3690.061634426572,7.896386045540005,0.0,-0.47622733595409095,0.29182260990586606,4.447314937617623,0.0,0.43899963371108464,0.06337880183035946
2026-08,임실군,8,6032.0,5446.0,5115.900049026808,4878.148485908488,0.0,0.0,,,-11.921629787409868,0.0,,
2018-01,장수군,1,17638.0,12756.0,4038.972251175917,3707.122844086631,12.767887515591337,5.919038439732396,-0.24943472847932746,-0.1044167771198019,7.010274121930501,3.1228453974521173,-0.3232648967284931,0.36678122735318347
2018-02,장수군,2,13934.0,9940.0,3638.5072057344064,3235.406414166786,5.569111525764318,9.415817425003588,0.6806957366018462,-0.27947131298772465,2.2449593594514146,6.552303066709401,0.19398498668475345,-0.25230395312160314
2018-03,장수군,3,23308.0,19634.0,2751.3788230620353,2605.7017605972196,0.6178136262227562,3.6210743092500426,0.7662232463344782,0.05722104591706234,-1.9229872811684632,1.197391591464656,0.25134764929267506,0.06474607425667075
2018-04,장수군,4,45397.0,42245.0,2913.4071032074808,2839.2740285701702,0.9780381963565874,1.6829305901271008,0.8213932967997053,-0.07895103878072707,-0.8198985166552006,0.22221657192282018,0.12864833639216855,-0.042093555576671965
2018-05,장수군,5,105753.0,96051.0,2692.2362914701566,2653.936751401852,0.7867389104800809,1.2519739392735902,0.20168668460637917,-0.30680795710746533,-0.4461198406359358,0.46970152958804057,-0.052837309099658336,-0.35532243811840725
2018-06,장수군,6,135707.0,117515.0,1980.9256317661573,1906.4559242485648,2.9475266566942016,1.1510091594390857,0.052295217517210446,0.6491307801409087,0.5563195550358833,0.15668357580341852,0.008760857483125446,0.03417407022292995
2018-07,장수군,7,138326.0,123824.0,3791.2470670063967,3682.015790755173,2.189031707704987,1.6367132715469253,0.10986748124013523,0.3671975714379414,-0.8904740381918108,0.15811728796845603,0.21758157724334165,0.16186485628091773
2018-08,장수군,8,150556.7,138203.7,5473.359400037771,5227.313097331436,3.07392497311644,1.389509732878045,-0.23151729161639878,0.6484004293463776,0.22787290386134407,0.21479235860433232,-0.11956955595896357,0.45084968489303323
2018-09,장수군,9,117955.0,109641.0,10467.686200390364,10068.998609969904,2.604383027425713,1.24284684837438,0.26692052109179976,-1.1666492489474845,-0.3686893660335011,0.04529596975735117,0.19093001793330422,-0.7189798868957358
2018-10,장수군,10,152080.2,143184.2,3259.7280062604673,3191.36225507331,2.140975616812708,0.8692781834847665,-0.46725988690071674,-0.6084632711713915,-0.12619486622449472,0.006815436467126235,-0.012907273624827242,-0.10824498290358897
2018-11,장수군,11,94336.0,89736.0,1773.8999548564675,1741.5092827976596,2.24092605156038,0.5512211668928086,-0.881423850314869,0.16817493960614183,-0.5609068958755743,-0.6502744556815314,-0.025978088349438044,0.05508038374627133
2018-12,장수군,12,41820.0,37168.0,2098.7783275667243,1970.881984265901,7.288378766140603,1.7503586800573887,-0.814271996936359,0.28120881523839536,-0.6551290767512672,-0.18847147640112683,-0.1623961260777187,-0.04134123976064674
2019-01,장수군,1,19360.0,16464.0,2780.315031341108,2535.503099948347,9.152892561983471,4.049586776859504,-0.2063693336038348,-0.22668601818149625,3.3952791683226353,1.2533937345792259,-0.28019950185300047,0.24451198629148913
2019-02,장수군,2,14226.0,13394.0,2216.386625653278,2148.9795068185012,4.442569942359061,0.7872908758610994,0.45000126571272503,0.17590822624129654,1.1184177760461576,-2.0762234824330883,-0.03670948420436776,0.20307558610741802
2019-03,장수군,3,21790.0,21006.0,2642.661227030372,2579.967495869665,1.11977971546581,2.202845341899954,0.6197530352621463,-0.036190915935335966,-1.4210211919254094,-0.2208373758854325,0.10487743822034312,-0.028665887595727548
2019-04,장수군,4,40587.0,39039.0,2548.730861830477,2495.6625056052435,0.7095868135117156,3.084731564293986,1.0365472039242594,0.10444138247151802,-1.0883498995000724,1.6240175460897053,0.3438022435167226,0.14129886567557312
2019-05,장수군,5,112081.1,110069.1,2829.3214610821747,2794.7322679827375,1.102772902835536,0.5781527840108636,0.14021637570744794,-0.16822862088103463,-0.13008584828048075,-0.2041196256746861,-0.11430761799858957,-0.21674310189197657
2019-06,장수군,6,132629.0,126637.0,2391.230998847099,2333.4947614473454,2.198614179402695,0.4282622955763822,0.16585527200283323,0.30315746528482546,-0.1925929222556233,-0.566063288059285,0.12232091196874822,-0.31179924463315334
2019-07,장수군,7,158292.6,149482.6,3238.032074662871,3142.171365370207,1.8674277887911372,1.238213283501566,-0.056613938406927744,0.3593749692967432,-1.2120779571056606,-0.2403827000769032,0.05110015759627867,0.1540422541397195
2019-08,장수군,8,152477.90000000002,141254.90000000002,4638.266652647093,4440.73685970885,3.1873471499804227,1.0598257190058362,-0.21143769716294258,0.330248713306057,0.34129508072532655,-0.11489165526787648,-0.09948996150550737,0.13269796885271257
2019-09,장수군,9,120609.5,114334.5,6453.285903642383,6262.904222975802,2.071146966035014,0.7445516315049809,0.07219790121243896,0.07664696057244491,-0.9019254274242003,-0.45299924711204786,-0.003792601946056573,0.5243163226241936
2019-10,장수군,10,131209.5,122894.5,6967.360119850766,6763.0103411795635,2.271177010810955,1.1660741028660273,-0.46864484997000844,-0.7044663799305173,0.004006527773752211,0.30361135584838705,-0.014292236694118943,-0.20424809166271474
2019-11,장수군,11,82016.5,76913.5,3444.469923108427,3335.7850241231945,2.9750111258100507,0.5169691464522383,-1.0068050815629057,0.10916667531210855,0.17317817837409644,-0.6845264761221017,-0.15135931959747473,-0.003927880547761942
2019-12,장수군,12,33771.0,28103.0,3841.7834522292997,3424.985633117172,10.89100115483699,4.038968345621983,-0.39201646806364643,0.45201819870136184,2.94749331194512,2.1001381891634674,0.25985940279499387,0.12946814370231974
2020-01,장수군,1,21069.0,18989.0,6037.287961820001,5657.896803882481,4.537472115430253,3.056623475247995,0.1077327589073338,-0.8717677049053281,-1.2201412782305825,0.2604304329677163,0.03390259065816813,-0.4005697004323427
2020-02,장수군,2,22505.0,21149.0,2524.86398326162,2425.7608701177514,3.359253499222395,2.435014441235281,0.4257630084611552,0.009580216522260265,0.03510133290949158,-0.42849991705890655,-0.060947741455937565,0.03674757638838175
2020-03,장수군,3,33390.0,32374.0,2549.168964508556,2516.2397740940405,1.725067385444744,1.305780173704702,0.3471467763868823,-0.05817155436473076,-0.8157335219464754,-1.1179025440806847,-0.1677288206549209,-0.050646526025122346
2020-04,장수군,4,46782.0,45810.0,2405.1105167648984,2375.454507353256,0.5130178273695011,1.3081954597922278,0.6082648684784147,-0.08454251597228257,-1.2849188856422868,-0.15251855841205275,-0.08448009192912209,-0.04768503276822747
2020-05,장수군,5,85862.0,84164.0,2210.1344249441568,2182.253543371922,1.3696396543290397,0.4844983811231977,0.1271230770120937,0.4070676515182283,0.13678090321302294,-0.29777402856235197,-0.12740091669394382,0.3585531705072864
2020-06,장수군,6,100221.0,95573.0,3320.518651188097,3229.92182950679,2.9574640045499447,1.2412568224224465,-0.05830448365763807,0.45061545770444233,0.5662569028916264,0.24693123878677936,-0.10183884369172308,-0.16434125221353646
2020-07,장수군,7,94544.5,90160.0,5210.8159129103815,5053.91345910127,1.9990586443420821,1.400398754025882,0.07245065457463085,0.47066064706137567,-1.0804471015547157,-0.07819722955258723,0.18016475057783726,0.265327931904352
2020-08,장수군,8,102992.6,96934.6,8342.785018765228,8109.231249662597,2.593390204733155,0.6252876420247668,0.04983960941348364,-0.35214492045415113,-0.25266186452194095,-0.5494297322489459,0.16178734507091885,-0.5496956649074956
2020-09,장수군,9,109599.6,101888.20000000001,5866.464633294139,5677.483253004573,3.1390625513231796,0.5364983083879867,0.0869478249222464,-1.1522712166621076,0.16599015786396532,-0.6610525702290421,0.01095732176375086,-0.704601854610359
2020-10,장수군,10,116956.70000000001,111143.69999999998,1853.3243243386717,1839.408088309605,1.3646075855423416,0.5711515458284988,-0.38983398378543477,0.07988255300760638,-0.9025628974948612,-0.29131120118914144,0.06451862949045473,0.580100841275409
2020-11,장수군,11,79572.1,75263.1,2007.4464903651324,1974.6204510249192,1.7028581625971917,1.7141686596181323,-0.9387885459398913,0.5445676571266356,-1.0989747848387625,0.5126730370437922,-0.08334278397446027,0.4314731012667651
2020-12,장수군,12,32863.5,29435.5,3460.562571418865,3205.871952287492,5.440686475877493,3.3836931550200067,-0.7108843708705663,0.39180877343064324,-2.502821367014377,1.4448629985614911,-0.059008500011926035,0.06925871843160114
2021-01,장수군,1,15759.0,14459.0,5120.437794729926,4887.008063582714,3.325084078939019,3.1474078304460944,0.06201095024048975,-0.5179826357885133,-2.4325293147218168,0.35121478816581586,-0.011819218008675927,-0.04678463131552796
2021-02,장수군,2,16603.0,15384.0,3050.352953523141,2924.4988759260373,3.4451605131602725,2.8609287478166596,0.6321385634198773,-0.07643709992490333,0.12100834684736927,-0.002585610477527922,0.1454278135027845,-0.04926974005878185
2021-03,장수군,3,30480.0,28947.0,2825.881090648427,2754.8320187335958,2.677165354330709,2.3523622047244097,0.4834888302542151,0.08878080432060909,0.13636444693948935,-0.07132051306097686,-0.031386766787588116,0.0963058326602175
2021-04,장수군,4,48516.0,46944.0,3088.2389544350717,3019.9983402794956,1.162503091763542,1.4922912029021353,0.49841508605760865,-0.019368316654436057,-0.6354336212482461,0.031577184697854754,-0.1943298743499281,0.017489166549619045
2021-05,장수군,5,78757.0,77275.0,3029.0004909608538,2996.6880777454703,1.0868875147605928,0.6424825729776401,0.29252957315759787,0.18626319623807852,-0.14597123635542397,-0.13978983670790956,0.038005579451560356,0.13774871522713658
2021-06,장수군,6,107604.0,103534.0,3649.1559357409164,3577.3150998661763,2.297312367569979,0.8401174677521281,0.046462940089245564,0.3234320934204309,-0.09389473408833915,-0.154208115883539,0.0029285800551605637,-0.2915246164975479
2021-07,장수군,7,120954.0,108458.0,5042.631071124306,4875.037353712982,3.6443606660383288,1.2120310200572117,-0.15779851955268143,0.3021927935932265,0.5648549201415309,-0.26656496352125747,-0.05008442354947501,0.09686007843620281
2021-08,장수군,8,106435.5,92625.5,6821.782336559586,6629.768284416383,1.7700861084882396,1.1086526581826552,-0.24619245019864522,0.45071569478324314,-1.0759659607668566,-0.06606471609105746,-0.13424471454121,0.2531649503298987
2021-09,장수군,9,86083.1,72412.0,10706.344098464344,10311.524083275346,3.0110439795964594,1.0176213449562108,0.08741753471442593,-0.2822408206892284,0.03797158613724516,-0.179929533660818,0.01142703155593039,0.16542854136252028
2021-10,장수군,10,91414.0,79027.0,8073.569094423426,7999.387743179382,1.64854398669788,0.49117203054236774,-0.299857239239131,-0.6939170702791753,-0.6186264963393229,-0.3712907164752725,0.1544953740367585,-0.1936987820113727
2021-11,장수군,11,68171.0,58553.0,4033.677864345123,3999.8532849745498,1.5901189655425327,1.2204603130363352,-0.8647903815754336,-0.09335604796454255,-1.2117139818934215,0.018964690461995115,-0.009344619610002658,-0.20645060382441305
2021-12,장수군,12,31025.0,24659.0,3674.152644795003,3478.122637099114,4.72522159548751,1.9726027397260273,-0.7350105812077121,0.3739961898148447,-3.21828624740436,0.03377258326751176,-0.08313471034907183,0.051446134815802624
2022-01,장수군,1,13858.0,11824.0,5340.497017337618,4982.334396954829,4.243036513205369,1.9627651897820755,0.10583401652912094,-0.6664079389983009,-1.5145768804554667,-0.8334278524982031,0.03200384827995527,-0.1952099345253155
2022-02,장수군,2,14980.0,13144.0,2742.6120906877663,2697.631353271028,1.335113484646195,0.8811748998664887,0.6577596469834397,0.16617806229318433,-1.9890386816667083,-1.982339458427699,0.1710488970663469,0.1933454221593058
2022-03,장수군,3,28286.0,25374.0,3238.430653779459,3145.6326210492825,0.4666619529095666,2.460581206250442,0.598312768383142,0.03363151876517456,-2.074138954481653,0.03689848846505539,0.08343717134133877,0.041156547104782976
2022-04,장수군,4,50140.5,46156.5,3349.1961610174085,3305.123585026077,0.7100048862695825,0.5504532264337212,0.59549982257872,-0.04333769518145125,-1.0879318267422056,-0.9102607917705594,-0.09724513782881672,-0.00648021197739615
2022-05,장수군,5,91995.0,83725.0,3207.149928241266,3180.028978477091,0.8043915430186424,0.49133105060057614,0.31112795928432924,0.18838121178361966,-0.4284672080973744,-0.29094135908497354,0.056603965578291726,0.13986673077267772
2022-06,장수군,6,125855.6,114281.6,3871.9717821154054,3853.3953290834893,2.0086511843732024,1.1092076951681134,-0.2086931885424086,0.7952933594524527,-0.38255591728511584,0.11488211153244621,-0.2522275485764936,0.18033664953447393
2022-07,장수군,7,112435.0,92756.0,8576.768759950839,8108.200223008851,3.1911771245608573,1.7183261439943076,-0.08315335958947223,0.1523378385685028,0.11167137866405952,0.2397301604158384,0.024560736413734185,-0.05299487658852087
2022-08,장수군,8,99453.0,85355.0,9988.10694522875,9482.834014046835,2.5660362181130787,1.2025781022191386,0.09811377185281422,-0.5662295409096583,-0.28001585114201744,0.027860727945425934,0.21006150751024943,-0.7637802853630027
2022-09,장수군,9,102963.1,94154.1,5669.866309114526,5509.951284994332,3.045751341985624,0.5312582857353751,0.05687172682625885,-0.49200163354817583,0.07267894852640966,-0.6662925928816537,-0.019118776332236687,-0.044332271496427156
2022-10,장수군,10,105114.0,99664.0,3466.5640125421423,3426.2594644005558,1.495519150636452,0.7496622714386285,-0.3610678780746195,-0.35836344042465296,-0.7716513324007508,-0.11280047557901174,0.09328473520127001,0.1418548478431496
2022-11,장수군,11,72537.0,69459.0,2422.5009691616638,2387.034338765044,2.4098046514192757,0.7554765154335029,-1.0284021736123918,0.7589904987084521,-0.39202829601667855,-0.44601910714083715,-0.17295641164696085,0.6458959428485817
2022-12,장수군,12,26869.0,24837.0,5174.7496623585785,4896.839257024824,6.743831180914809,0.7741263165730023,-0.8536526444788635,0.2538291563748043,-1.1996766619770618,-1.1647038398855132,-0.20177677362022317,-0.0687208986242378
2023-01,장수군,1,11365.0,10577.0,6670.00173423466,6385.51547232732,4.364276286845579,2.5692916849978005,0.44060967585323674,-0.490551619577273,-1.393337106815257,-0.22690135728247807,0.3667795076040711,-0.019353615104287625
2023-02,장수군,2,17205.0,16433.0,4083.9656947605426,3995.571535135135,1.1624527753560012,3.324614937518163,0.3409955515086498,-0.1460158827486051,-2.161699390956902,0.4611005792239755,-0.145715198408443,-0.11884852288248363
2023-03,장수군,3,25241.5,23110.5,3529.134361870146,3428.6060523344495,4.9917794108907945,3.450666561020541,0.6099696740810376,-0.011927491784565092,2.450978503499575,1.0269838432351546,0.09509407703923445,-0.0044024634449566745
2023-04,장수군,4,43200.0,42532.0,3487.290681910091,3460.0767119444445,0.6574074074074074,0.8888888888888888,0.6989728380616,-0.0938914587393036,-1.1405293056043806,-0.5718251293153918,0.006227877654063296,-0.0570339755352485
2023-05,장수군,5,87117.0,85561.0,3174.7651689788577,3138.6570086550273,0.7484187931173021,0.7667848984698739,0.1989234723095059,0.10089416241509497,-0.48443995799871464,-0.01548751121567582,-0.0556005213965316,0.05237968140415303
2023-06,장수군,6,107959.0,104392.0,3511.796849758602,3452.5701691197587,1.9627821673042545,0.9336877888828166,-0.30692757088999656,1.0606194403730669,-0.4284249343540638,-0.06063779475285058,-0.35046193092408157,0.4456627304550881
2023-07,장수군,7,87499.0,76801.6,10142.629355963938,9697.10086554132,3.313180722065395,2.3828843758214378,0.23298692735589022,-0.3517313684380703,0.23367497616859723,0.9042883922429685,0.34070102335909663,-0.557064083595094
2023-08,장수군,8,109821.65,96951.65,7135.026046395291,6965.778352647224,2.276418174376364,1.1327456835696788,-0.18303773705496873,0.1369581132873101,-0.5696338948787321,-0.04197169070403395,-0.07109000139753352,-0.060592631166034305
2023-09,장수군,9,95158.2,80735.2,8182.30597335487,7920.1857620362725,2.551540487314808,1.6477823245921004,0.14753515571695175,-0.32554112421820847,-0.42153190614440605,0.4502314459750716,0.07154465255845621,0.12212823783354021
2023-10,장수군,10,106582.0,93570.0,5908.74165316875,5785.0168444296405,2.139197988403295,0.4991461972941022,-0.5928246629601954,-0.38052868823976027,-0.1279724946339078,-0.36331654972353805,-0.13847204968430593,0.1196896000280423
2023-11,장수군,11,60091.1,51722.1,4038.624655727436,3952.3440602019273,2.6992349948661283,1.1249586045188058,-0.9706617594051767,0.0022293252367990846,-0.10259795256982596,-0.07653701805553426,-0.11521599743974575,-0.11086523062307141
2023-12,장수군,12,23062.0,19594.0,4047.6381068184137,3653.314082906946,10.3893851357211,1.5956985517301188,-0.21749453758969217,0.287863760544365,2.4458772928292287,-0.34313160472839677,0.4343813332689481,-0.03468629445467708
2024-01,장수군,1,16444.0,15764.0,5397.831441702614,5298.975198674289,3.648747263439552,0.48649963512527367,0.10806555710684052,-0.49831773363918863,-2.1088661302212834,-2.309693407155005,0.03423538885767484,-0.027119729166203255
2024-02,장수군,2,17971.0,17563.0,3279.4625570232874,3258.0268704579594,2.270324411551945,0.0,0.4416049748166344,0.23143777169115864,-1.0538277547609582,-2.8635143582941875,-0.04510577510045838,0.25860513155728015
2024-03,장수군,3,27626.0,27314.0,4133.470323167606,4120.940722761166,1.0135379714761457,0.11583291102584521,0.3537490891193933,-0.3625549536078152,-1.5272629359150738,-2.3078498067595414,-0.1611265079224099,-0.35502992526820676
2024-04,장수군,4,41134.0,38906.0,2876.4657559502393,2806.9170688724653,4.02586667963242,1.3905771381339038,0.6838224957219623,-0.08992421912498916,2.227929966620632,-0.07013688007037677,-0.00892246468557445,-0.053066735920934055
2024-05,장수군,5,79463.8,77089.8,2629.0909849941236,2608.863887896124,0.981579033471845,0.5033738633188949,0.28927634274991476,0.08673280766759639,-0.2512797176441717,-0.2788985463666548,0.03475234904387725,0.03821832665665445
2024-06,장수군,6,117908.4,102950.4,2867.3004031650194,2833.5802507200506,2.3204453626713617,0.7972290354207165,-0.10905909237815514,0.8523415701941808,-0.07076173898695659,-0.1970965482149506,-0.15259345241224015,0.23738486027620198
2024-07,장수군,7,109101.3,92313.3,6724.197121509034,6399.519936022761,4.354668551153836,1.719502884016964,-0.013762945966853124,0.18782657087277066,1.2751628052570378,0.24090690043849472,0.09395115003635329,-0.01750614428425301
2024-08,장수군,8,107337.3,91051.5,8113.579197069791,7701.863444152218,4.015193227331039,1.5800658298652939,-0.20491992392114966,0.5222393483401753,1.1691411580759432,0.40534845559158117,-0.09297218826371445,0.32468860388683085
2024-09,장수군,9,87419.8,74180.8,13677.859770601019,13096.910750001716,4.17868720816108,1.8943076968833146,0.06524995822790736,-0.15175156568220416,1.2056148147018662,0.6967568182662858,-0.01074054493058818,0.2959177963695445
2024-10,장수군,10,91587.1,79182.5,11752.040496094463,11508.529628550308,3.692223031409445,1.0077838472885374,-0.4619647995338223,-0.7667272434035866,1.4250525483722423,0.14532110027089717,-0.007612186257932807,-0.266508955135784
2024-11,장수군,11,58678.5,49888.5,5459.185710434268,5413.970331586526,3.8071866186081786,1.451979856335796,-0.608148310682866,-0.4609345043930677,1.0053536711722244,0.2504842337614559,0.24729745128256497,-0.5740290602529382
2024-12,장수군,12,31463.2,27157.2,3443.0755836389612,3247.353143545475,9.674794680769914,0.9725647740852805,-0.7164378334892003,0.07918696487156218,1.7312868378780433,-0.966265382373235,-0.06456196263056002,-0.24336309012747992
2025-01,장수군,1,14038.0,13266.0,3726.8079948741142,3603.923982048725,3.048867360022795,2.4504915230089757,0.25293798187585637,-0.2092794149042252,-2.7087460336380405,-0.3457015192713029,0.1791078136266907,0.2619185895687602
2025-02,장수군,2,18412.0,17084.0,3023.0694425193165,2899.7565911362153,5.018466217684119,2.1942211601129697,0.4619078466779776,-0.02647455427559109,1.6943140513712156,-0.6692931981812178,-0.024802903239115215,0.0006928055905303966
2025-03,장수군,3,29174.0,27114.0,2944.0851764033337,2855.6803028724207,5.415781175018852,1.6453006101323095,0.3736394716157516,-0.023368098973623574,2.8749802676276324,-0.778382107653077,-0.14123612542605157,-0.015843070634015157
2025-04,장수군,4,42681.0,39397.0,2876.0851130796764,2751.9710217426955,5.548136173004381,2.1461540263817627,0.5247671278311028,0.21248599733685047,3.7501994599925927,0.6854400081774821,-0.16797783257643395,0.24934348054090558
2025-05,장수군,5,69099.5,66583.5,3556.9947998377975,3470.952224762842,2.112895172902843,1.5282310291680838,0.3572636552477988,-0.27685822939876736,0.8800364217868264,0.7459586194825342,0.10273966154176128,-0.3253727104097093
2025-06,장수군,6,99095.3,95175.3,2696.7782009828184,2639.0249185178304,2.7730881282967004,1.1826998858674427,0.20584132730643212,0.6214330864414972,0.3818810266383821,0.18837430223177554,0.1623069672723471,0.006476376523518401
2025-07,장수군,7,122533.4,116928.4,5020.306000176176,4862.198753637784,3.257887237275715,1.2869960353666836,0.13913438275797496,0.20245507757359427,0.178381491378917,-0.1915999482117856,0.24684847876118138,-0.0028776375834294043
2025-08,장수군,8,139739.30000000002,134383.30000000002,6146.888172979827,5991.521634214568,2.6621000677690523,1.1707515351801532,0.033569833428325424,0.4102181179274016,-0.18395200148604385,-0.00396583909355952,0.14551756908576063,0.21266737347405718
2025-09,장수군,9,146514.4,138971.1,9264.260903173394,8943.66884788799,3.1829635858318364,1.9655405885018813,-0.1752165974440647,-0.08754624723902538,0.2098911923726221,0.7679897098848525,-0.25120710060256024,0.3601231148127233
2025-10,장수군,10,122684.0,116635.0,8487.698129703776,8204.532889235761,3.385119493984546,1.5454337973981938,-0.5933676057431878,-0.569162765700943,1.1179490109473433,0.6829710503805535,-0.13901499246729832,-0.06894447743314047
2025-11,장수군,11,69485.6,64436.6,4804.0296234748575,4609.354460233487,4.9895230090838965,2.2767307183071024,-0.5445459926299137,-0.12408209675356296,2.187690061647942,1.0752350957327623,0.31089976933551733,-0.23717665261343346
2025-12,장수군,12,41266.2,37380.0,4243.4345378812195,3996.9308953089944,8.394763753386549,1.0226286888543168,-0.7752385342330825,0.46048858101636014,0.4512559104946785,-0.9162014676041987,-0.12336266337444224,0.13793852601731804
2026-01,장수군,1,18766.0,17217.0,6725.199260614509,6443.597765639987,6.730256847490142,1.5240328253223916,0.04308463581277522,-0.6553721971427411,0.9726434538293063,-1.272160216957887,-0.030745532436390458,-0.1841741926697557
2026-02,장수군,2,19367.0,17975.0,3492.05140178025,3359.6835140186913,3.314917127071823,3.8725667372334382,0.2895301550715299,-0.29921166560616896,-0.009235039241080045,1.0090523789392507,-0.19718059484556288,-0.27204430574004745
2026-03,장수군,3,26531.0,24011.0,2589.0155116821456,2477.50373031548,4.839621574761599,4.658701142060232,0.4815974819391826,0.24485439060674885,2.29882066737038,2.235018424274845,-0.033278115102620576,0.2523794189463573
2026-04,장수군,4,39853.6,38865.6,3307.2997889650487,3256.0330980890058,1.876869341790955,0.6022040668847984,0.7670219042144577,-0.23862948419167473,0.07893262877916696,-0.8585099513194822,0.07427694380692096,-0.20177200098761963
2026-05,장수군,5,86187.0,83691.0,2605.1821566715657,2556.9735946140368,2.1024052351282676,0.7936231682272268,0.37256880327927,0.2191861068631269,0.8695464840122509,0.011350758541677108,0.11804480957323249,0.17067162585218495
2026-06,장수군,6,125646.0,121474.0,3243.615833091855,3194.848407716919,2.054979864062525,1.2654601021918723,0.604338818859242,0.47858713625000426,-0.3362272375957933,0.2711345185562052,0.5608044588251571,-0.13636957366797453
2026-07,장수군,7,233048.5,222302.5,5234.523622734788,5068.353029747027,3.89875927113884,0.7122980838752448,-1.2125375464415544,0.15768033644712887,0.8192535252420421,-0.7662978997032244,-1.104823450438348,-0.047652378709894805
2026-08,장수군,8,69453.0,66122.0,6128.537729046308,5898.243009229263,3.4699724993880756,1.3030394655378457,,,0.6239204301329795,0.12832209126413296,,
2018-01,전주시,1,55773.0,51301.0,3112.346678193408,3001.705818352966,0.028687716278486007,0.007171929069621502,-0.1712218117232034,-0.16163870214159548,0.010932064397653103,-0.03947194136856611,-0.17541671733207645,0.34652597343461367
2018-02,전주시,2,48103.0,43228.0,2647.8243384149164,2480.62289734528,0.4822984013471093,0.03326195871359375,0.1522718256398914,-0.24136681020215356,0.4077676639369494,0.02956618552319444,-0.1093431497090186,-0.2744533359573944
2018-03,전주시,3,56102.0,50338.0,2080.0074765783306,1964.4366849844923,0.4064026237923781,0.0,0.042281455826870484,0.005104776038315606,0.34442764010205584,0.0,0.027265082596175695,0.08432369177654644
2018-04,전주시,4,57992.0,52512.0,2090.652596263711,2006.4456802834875,0.11036004966202234,0.0,0.1160295186439626,-0.2863348617148702,-0.05607562610398398,-0.10779440289308413,0.20318256947037722,-0.24881037738668443
2018-05,전주시,5,65593.5,58972.5,1570.1032829878334,1464.745606165245,0.2805155998688894,0.042687156501787525,-0.2310171050657086,-0.03976391361405085,0.10772011297624975,-0.29873329293596995,-0.0069858690728188955,-0.28190151582770395
2018-06,전주시,6,50999.0,46808.0,1508.894840155529,1427.932927488774,1.011784544794996,0.0,-0.16113249622634207,0.7537864130203173,0.8092332507379726,-0.3862082904756046,-0.2104917554036179,0.17301029912718469
2018-07,전주시,7,44864.0,39842.0,3206.4483832638925,2941.7473876381955,1.0074893009985735,0.0,-0.11820981211986492,0.44424643919911944,0.7778659820993445,-0.2543769338583091,0.11442691697823351,0.23996911723856743
2018-08,전주시,8,40735.0,35400.0,4999.862145451977,4491.649653909415,0.4713391432429115,0.029458696452681968,-0.37344102398692236,0.6190081316688882,-0.10352834335291594,-0.3148185714546354,-0.3031816874450399,0.4121653780942922
2018-09,전주시,9,27431.0,24368.0,9285.169712861129,8632.228764062556,0.14582042215012214,0.0,0.686766063417485,-1.5648270846874466,-0.0005993074381247521,-0.09715916564572857,0.4947458002212566,-1.069117437113809
2018-10,전주시,10,52938.0,48426.0,1941.753417110643,1859.0216726170236,0.2871283388114398,0.0,0.009229158735239551,-0.5847089433344221,0.17484946852637046,-0.11828432285647242,0.019865008269683626,0.08121500406214754
2018-11,전주시,11,52823.0,48875.0,1082.077110792839,1047.0778276129715,0.0,0.05300721276716582,-0.19425539826135463,0.27269221429902313,-0.020666901008561507,-0.16013858639933712,-0.08885032857195063,0.16249155805418547
2018-12,전주시,12,44602.0,40246.0,1421.3038564577846,1353.4287381059144,0.026904623111071255,0.17039594637011793,0.15070162809654875,0.2396225801715044,-0.0315392272763856,0.03733786460221927,0.03002491571768262,-0.1543952407930882
2019-01,전주시,1,52549.5,46792.0,1806.149514575141,1684.6426536313381,0.0,0.0076118707123759505,-0.23430796730619896,-0.22562362238776146,-0.017755651880832904,-0.039031999725811665,-0.23850287291507202,0.2825410531884477
2019-02,전주시,2,40910.0,37018.0,1441.3405483278405,1357.0766169885112,0.0,0.0,0.14480666543969534,0.3253649696393568,-0.07453073741015986,-0.003695773190399305,-0.11680830990921465,0.29227844388411595
2019-03,전주시,3,49878.0,42786.0,1995.5876862057683,1836.1071210754244,0.0,0.0,0.13732216984008083,-0.05032438318029531,-0.0619749836903223,0.0,0.12230579660938605,0.02889453255793553
2019-04,전주시,4,55475.0,49084.0,1897.6460619753893,1779.5930922397476,0.12257773771969355,0.20910319963947724,-0.0737021569256946,0.18349106540683113,-0.04385793804631277,0.1013087967463931,0.013450893900720004,0.22101554973501691
2019-05,전주시,5,50739.1,45596.5,2279.840008377836,2132.1381340228745,0.0,0.12613546554826555,-0.08999192002042733,-0.3002570328198777,-0.17279548689263965,-0.2152849838894919,0.13403931597246238,-0.5423946350335308
2019-06,전주시,6,46325.4,41672.4,1688.5129594167843,1583.47625179707,0.0,0.03453828785072552,-0.001450451959531307,0.38847826636930893,-0.20255129405702343,-0.35167000262487913,-0.05080971113680713,-0.19229784752382373
2019-07,전주시,7,45856.0,41612.0,2490.1090440017306,2327.9680055826934,0.10467550593161201,0.14392882065596652,0.05705026611004449,0.38655492448859086,-0.12494781296761692,-0.1104481132023426,0.2896869952081429,0.18227760252803885
2019-08,전주시,8,50660.0,44055.0,3665.1945852911135,3279.2241313659692,0.0,0.19739439399921044,-0.35371226662171473,0.4967949148693567,-0.5748674865958274,-0.1468828739081069,-0.2834529300798323,0.28995216129476065
2019-09,전주시,9,37114.0,30930.0,6023.5473203362435,5322.834967397747,0.0,0.14010885380179985,0.133891415102541,-0.010563768459308065,-0.1464197295882469,0.04294968815607128,-0.05812884809368746,0.4851458791143295
2019-10,전주시,10,40437.3,35361.3,5960.250874260844,5510.371015522796,0.0,0.089026715433523,0.1467582282258153,-1.0685648668593464,-0.11227887028506933,-0.029257607422949417,0.15739407776025938,-0.4026409194627767
2019-11,전주시,11,46327.0,40951.0,2047.3529325047007,1959.351924083148,0.0,0.017268547499298466,-0.07700304343453901,0.11891417439983964,-0.020666901008561507,-0.1958772516672045,0.028402026254864987,0.008713518155001987
2019-12,전주시,12,42029.0,37916.0,2305.878843364279,2216.8868052059297,0.0,0.10468961907254516,0.1683516591921812,0.6153133396934312,-0.05844385038745686,-0.028368462695353494,0.04767494681331508,0.22129551872883857
2020-01,전주시,1,49752.0,44868.0,4266.42064992868,4068.9304632979583,0.0,0.0,-0.05553928577163347,-1.1165860968249541,-0.017755651880832904,-0.046643870438187615,-0.059734191380506535,-0.608421421248745
2020-02,전주시,2,46903.0,42444.0,1396.8072878145322,1332.1260576082555,0.0,0.0,0.09788993211581243,0.15814661610403302,-0.07453073741015986,-0.003695773190399305,-0.16372504323309756,0.12506009034879215
2020-03,전주시,3,50555.5,46809.0,1636.1333419214254,1574.2104946444997,0.0,0.0,0.07899206202178455,-0.1248505111748619,-0.0619749836903223,0.0,0.06397568879108977,-0.04563159543663106
2020-04,전주시,4,58281.5,50656.5,1444.0984669094785,1328.2089659154278,0.0,0.027452965349210295,-0.02464153456645768,-0.15612291722042926,-0.16643567576600632,-0.08034143754387384,0.06251151625995692,-0.11859843289224346
2020-05,전주시,5,55442.5,49423.5,1235.3598588323368,1155.6895218649952,0.03607340938810479,0.22365513820624974,-0.2288453300468749,0.7448380840542903,-0.13672207750453486,-0.11776531123150771,-0.004814094053985196,0.5027004818406372
2020-06,전주시,6,45162.0,39314.0,2601.791888055146,2419.753081484434,0.07085602940525221,0.21256808821575662,-0.10713131379984908,0.2962036865298776,-0.13169526465177123,-0.173640202259848,-0.1564905729771249,-0.28457242736325505
2020-07,전주시,7,39239.0,35320.0,3498.744122253681,3254.420366344708,0.11213333673131323,0.5606666836565662,-0.15219666339661764,0.6298266359834983,-0.1174899821679157,0.3062897497982571,0.0804400657014808,0.42554931402294627
2020-08,전주시,8,35639.3,30333.5,6568.140200207691,5876.876967392738,0.0,0.1795770399530855,0.1761846662908706,-0.4323266082528221,-0.5748674865958274,-0.16470022795423184,0.24644400283275303,-0.6391693618274181
2020-09,전주시,9,40891.5,36177.5,4262.705743099993,3945.738295856107,0.0978198403091107,0.029345952092733208,-0.007769723443615817,-1.0545099940172609,-0.048599889279136194,-0.06781321355299537,-0.19978998663984426,-0.5588003464436233
2020-10,전주시,10,39046.5,35897.5,1484.9693251897763,1433.9901066676912,0.09219776420421805,0.1741513323857452,-0.04604722010152962,0.0019262904580834572,-0.020081106080851285,0.05586700952927279,-0.03541137056708554,0.6678502378546531
2020-11,전주시,11,38946.0,34282.0,1487.832564261128,1378.1818024957636,0.010270631130282955,0.5751553432958455,-0.15621414172352566,0.6767172100503833,-0.010396269878278552,0.36200954412934255,-0.05080907203412166,0.5665165538055457
2020-12,전주시,12,31832.0,29324.0,2927.174478993317,2759.405559185726,0.08796179944709727,0.21362151294295048,-0.046987806307100755,0.40219749910431,0.029517949059640412,0.08056343117505183,-0.16766451868596688,0.008179678139717428
2021-01,전주시,1,30508.0,27978.0,4376.43784112517,4167.342103972729,0.1311131506490101,0.07866789038940605,0.09966126908978623,-0.584134648857467,0.1133574987681772,0.03202401995121844,0.09546636348091317,-0.07596997328125787
2021-02,전주시,2,33978.0,30910.0,2440.249934810741,2289.9864272176114,0.0,0.0,0.38019430618351713,-0.2518005676673143,-0.07453073741015986,-0.003695773190399305,0.11857933083460714,-0.28488709342255514
2021-03,전주시,3,49098.0,45208.0,1897.0497167315523,1827.458829280215,0.04888182818037394,0.0,-0.09241113887434693,-0.09975982689683249,-0.013093155509948357,0.0,-0.10742751210504171,-0.020540911158601655
2021-04,전주시,4,46185.2,41217.5,1716.9338793958875,1626.7230824376643,0.008660783108008626,0.09526861418809489,-0.12139998928507723,0.01713741536679869,-0.15777489265799768,-0.012525788704989244,-0.034246938458662626,0.05466189969498449
2021-05,전주시,5,42293.5,36505.5,1746.6112589061925,1583.834359677019,0.2364429522267015,0.7708040242590469,-0.44254979626181523,0.5799280125344328,0.06364746533406185,0.42938357482128947,-0.21851856026892552,0.3377904103207797
2021-06,전주시,6,27067.0,23451.0,3119.2902741034495,2847.610373887021,0.059112572505264714,2.2906121845790075,0.0525781280952593,0.30680668224832175,-0.1434387215517587,1.904403894103403,0.0032188689179834806,-0.2739694316448109
2021-07,전주시,7,27724.7,24717.0,4239.359438240886,3911.4956653092727,0.0,0.6636681370763254,-0.1810600636983022,0.3148555385344878,-0.22962331889922893,0.4092912032180163,0.051576665399796245,0.11057821657393577
2021-08,전주시,8,25039.5,20623.5,5808.182623560501,4984.883837257134,0.2236466383114679,1.5176021885421034,0.051572063683524405,0.31788907730967075,-0.3512208482843595,1.173324920634786,0.12183140022540684,0.11104632373507473
2021-09,전주시,9,24670.5,21715.0,7981.742913193644,7339.13825078535,0.08106848260067692,0.32022050627267384,0.08478886144449937,-0.21879341101135807,-0.06535124698756997,0.22306134062694527,-0.10723140175172907,0.2769162365622795
2021-10,전주시,10,27108.5,23636.5,6413.232197195016,5946.255278123097,0.0,0.3983990261357139,-0.02916922653784937,-0.8158687305393295,-0.11227887028506933,0.2801147032792415,-0.018533377003405294,-0.14994478314275983
2021-11,전주시,11,26937.0,22957.0,2836.2837490961365,2609.3450650406508,0.029698927126257567,0.0,-0.01390464755845322,-0.24704871766050918,0.00903202611769606,-0.21314579916650295,0.09150042213095078,-0.35724937390534683
2021-12,전주시,12,26400.0,22640.0,2215.4287216872794,2034.6265321212124,0.07575757575757576,0.5757575757575757,0.10823623546642303,0.5839023706850277,0.017313725370118903,0.442699493989677,-0.0124404769124431,0.18988454972043511
2022-01,전주시,1,28937.0,25228.0,3972.3120648089425,3690.6245314303487,0.0,0.0,0.08200441242648004,-0.7325310791768551,-0.017755651880832904,-0.046643870438187615,0.07780950681760698,-0.22436640360064597
2022-02,전주시,2,31138.0,27384.0,1909.4537952453986,1819.3559235660607,0.07707624124863512,0.0,0.31272733015125276,0.21325709546308236,0.002545503838475252,-0.003695773190399305,0.051112354802342774,0.18017056970784148
2022-03,전주시,3,43079.0,37438.0,2363.3363434478338,2189.0338157570973,0.027855799809652033,0.0,-0.0017377128057756153,0.1341773276558813,-0.03411918388067026,0.0,-0.016754086036470404,0.21339624339411215
2022-04,전주시,4,43992.0,37373.0,2702.7010266502557,2450.4732059692674,0.8183306055646482,0.2636843062374977,-0.15583781116755446,-0.3244610299650539,0.6518949297986418,0.1558899033444136,-0.06868476034113986,-0.2869365456368681
2022-05,전주시,5,37086.5,31980.0,1953.828191588493,1781.268528494196,0.10785595836760008,0.09707036253084006,-0.13809822393302795,0.5051143915096361,-0.06493952852503958,-0.2443500869069174,0.08593301205986176,0.262976789295983
2022-06,전주시,6,31639.5,27855.0,3237.8353826243047,2968.5464245958374,0.03792727445123975,0.32870304524407784,-0.28522712145924345,0.8343069698666206,-0.16462401960578368,-0.05750524523152678,-0.33458638063651924,0.2535308559734879
2022-07,전주시,7,24894.6,20942.6,7457.438455062886,6525.809885798527,0.22494838238011458,0.32135483197159226,-0.05101538028936048,0.1111958649818039,-0.004674936519114353,0.06697789811328314,0.18162134880873795,-0.09308145697874812
2022-08,전주시,8,24942.0,19901.0,8334.5360317572,6947.174138761927,0.0,0.44904177692246006,0.20620782204280808,-0.7529924002554651,-0.5748674865958274,0.10476450901514273,0.2764671585846905,-0.9598351538300611
2022-09,전주시,9,29736.5,24458.5,3925.1927148026243,3470.4842163670905,0.0,0.1345148218519328,0.1960529885621103,-0.38344093976373106,-0.1464197295882469,0.037355656206204235,0.00403272536588184,0.1122687078099065
2022-10,전주시,10,35600.0,29756.0,2675.067221535153,2381.8324319943817,0.0,0.0,-0.14653980042792014,-0.4945008515668725,-0.11227887028506933,-0.11828432285647242,-0.13590395089347607,0.17142309582969717
2022-11,전주시,11,30088.0,25700.0,1631.457289455253,1485.73131417841,0.0,0.9704865727200214,-0.19541862331401916,0.9038070804048628,-0.020666901008561507,0.7573407735535185,-0.09001355362461516,0.7936064241600251
2022-12,전주시,12,23527.0,21138.0,4028.04335585202,3777.03831580737,0.0,0.0,0.20667795566310154,0.11763869813770533,-0.05844385038745686,-0.13305808176789866,0.08600124328423542,-0.27637912282688726
2023-01,전주시,1,28538.0,25991.0,4530.894750028856,4294.548025089354,0.0,0.0,0.20948445467320553,-0.3226310987329164,-0.017755651880832904,-0.046643870438187615,0.20528954906433247,0.18553357684329275
2023-02,전주시,2,35906.0,32048.0,3281.4596472790813,3081.1834212944914,0.11140199409569432,0.0,0.46018902308070686,-0.14099148857555122,0.036871256685534454,-0.003695773190399305,0.19857404773179688,-0.1740780143307921
2023-03,전주시,3,55609.0,50776.0,2849.936887348353,2725.899048733119,0.0,0.0,-0.051152334283171896,-0.2035998677888733,-0.0619749836903223,0.0,-0.06616870751386668,-0.12438095205064245
2023-04,전주시,4,55422.0,48244.0,2324.946391737833,2138.5489090794267,0.0,0.31034607195698455,-0.28775116805940115,-0.15879418065947792,-0.16643567576600632,0.20255166906390043,-0.20059811723298654,-0.12126969633129213
2023-05,전주시,5,43316.5,36180.5,1983.5790238664472,1766.6568406727229,0.0,0.923435642307204,-0.22481712242702123,0.433296200658031,-0.17279548689263965,0.5820151928694466,-0.0007858864341315219,0.1911585984443779
2023-06,전주시,6,33927.0,28896.0,3059.3393729235886,2738.590222006072,0.0,0.2711704542105108,-0.22470207415032917,0.9967477644661553,-0.20255129405702343,-0.11503783626509384,-0.27406133332760496,0.41597165057302266
2023-07,전주시,7,26009.800000000003,23080.8,8289.144489402446,7621.631761682135,0.0,0.5997739313643318,0.11887233312880241,-0.6454022502829364,-0.22962331889922893,0.34539699750602265,0.3515090622269008,-0.8496795722434884
2023-08,전주시,8,29775.8,25994.2,4347.254583560947,3979.4558266444565,0.2686745612208572,0.7254213152963145,0.02800661743562749,0.27893711610459704,-0.3061929253749702,0.38114404738899715,0.09826595397750992,0.07209436253000101
2023-09,전주시,9,31355.5,26732.5,5745.871700065463,5076.871775414202,0.0,0.15308319114668878,0.16245533447088434,-0.2393368426981901,-0.1464197295882469,0.055924025500960206,-0.02956492872534411,0.25637280487544745
2023-10,전주시,10,36530.0,31448.0,4522.8611394683285,4133.403141609636,0.17519846701341363,0.2846975088967972,-0.15866564795127935,-0.3765952596359803,0.0629195967283443,0.16641318604032476,-0.14802979841683528,0.2893286877605894
2023-11,전주시,11,31373.0,26834.0,3103.559037005292,2879.5101740668733,0.0,0.08924871704969241,-0.14431129265847709,-0.3539346269687842,-0.020666901008561507,-0.12389708211681054,-0.03890622296907309,-0.46413528321362185
2023-12,전주시,12,25700.0,23228.0,2178.4528051920097,2128.373478599222,0.0,0.0,0.2562388541736791,0.5586567223158534,-0.05844385038745686,-0.13305808176789866,0.13556214179481296,0.1646389013512608
2024-01,전주시,1,33094.0,30012.0,3808.6379232307077,3711.3318173687076,0.0,0.326343143772285,0.07557297874190816,-0.5377472742937259,-0.017755651880832904,0.2796992733340974,0.0713780731330351,-0.029582598717516784
2024-02,전주시,2,37116.0,32368.0,2224.482602694019,2083.7652767000754,0.0,0.0,0.3021666892491197,0.32962390173863465,-0.07453073741015986,-0.003695773190399305,0.04055171390020973,0.2965373759833938
2024-03,전주시,3,48235.0,43787.0,3093.020904103958,2996.9848949725306,0.07463460143049652,0.0,-0.11595482683410197,-0.5038387862316451,0.012659617740174225,0.0,-0.13097120006479676,-0.4246198704934143
2024-04,전주시,4,45586.0,38993.0,1868.8242054471316,1716.0658180581756,0.13161935682007633,0.0,-0.115663108515486,0.002092490516559131,-0.034816318945929986,-0.10779440289308413,-0.028510057689071402,0.039616974844744926
2024-05,전주시,5,41707.0,34734.0,1872.738796568204,1679.340702927566,0.6138058359507996,0.0,-0.13071392245725377,0.17223773057073366,0.44101034905815995,-0.34142044943775746,0.09331731353563594,-0.06989987164291941
2024-06,전주시,6,35137.0,30478.0,2224.7391817376465,2040.7437773002814,0.5464325355038848,0.0,-0.007079267641673326,0.8858831285897582,0.3438812414468614,-0.3862082904756046,-0.05643852681894915,0.3051070146966255
2024-07,전주시,7,34987.5,30263.0,5395.270927171794,4867.518563629868,0.6173633440514469,0.0,-0.08239294333081659,0.19342792814391174,0.38774002515221795,-0.2543769338583091,0.15024378576728184,-0.010849393816640268
2024-08,전주시,8,33404.0,27869.5,6546.632162758571,5643.163745150281,0.6825529876661477,0.0,-0.23358557984423278,0.6077100764116548,0.10768550107032027,-0.34427726790731733,-0.16332624330235035,0.4008673228370587
2024-09,전주시,9,26767.7,22064.0,12021.068518446338,10423.127749974781,0.2689808986203521,0.0,0.16334504755912604,-0.2371900915685874,0.12256116903210523,-0.09715916564572857,-0.028675215637102403,0.25851955600505017
2024-10,전주시,10,29810.6,25979.1,9482.71557809932,8733.932882062087,0.0,0.0,-0.05939506212706824,-1.1736199014340132,-0.11227887028506933,-0.11828432285647242,-0.04875921259262417,-0.5076959540374435
2024-11,전주시,11,28716.0,24481.0,2932.4868790082105,2772.4096843571524,0.12536564981195153,0.0,0.016287532897074186,-0.3185999481947466,0.10469874880339003,-0.21314579916650295,0.12169260258647818,-0.42880060443958423
2024-12,전주시,12,28888.5,24883.0,2132.405913233935,2009.030226145352,0.2769268047839106,0.0,0.10710315905377499,-0.11856987397231045,0.2184829543964537,-0.13305808176789866,-0.013573553325091137,-0.512587694936903
2025-01,전주시,1,32100.0,27696.0,1893.9810795421722,1786.2457421806853,0.0,0.0,0.10173610445441028,-0.08521020902404519,-0.017755651880832904,-0.046643870438187615,0.09754119884553722,0.42295446655216395
2025-02,전주시,2,35780.0,30662.0,1739.2792373622074,1641.2922607881499,0.0,0.0,0.2776010990557243,0.05915572784555856,-0.07453073741015986,-0.003695773190399305,0.015986123706814293,0.026069202090317684
2025-03,전주시,3,46966.6,40472.6,1845.2716895381072,1762.303254312639,0.0,0.0,0.06845079416422628,0.03204506327889867,-0.0619749836903223,0.0,0.05343442093353149,0.1112639790171295
2025-04,전주시,4,49771.0,43340.0,1905.3611813797877,1794.4606436880913,0.0,0.06429446866649254,-0.18778175267421382,0.2443807922586414,-0.16643567576600632,-0.0434999342265916,-0.10062870184779922,0.2819052765868272
2025-05,전주시,5,41395.0,35920.0,2432.823165256125,2219.95470503684,0.09663002778113298,0.8889962555864235,-0.45527959961708575,-0.1430602232435536,-0.07616545911150667,0.547575806148666,-0.23124836362419604,-0.3851978254572067
2025-06,전주시,6,27196.2,22783.0,2108.5323909054996,1912.841916664828,0.05883174855310668,0.33828255418036346,0.1581993823594221,0.5588625285401685,-0.14371954550391675,-0.04792573629524116,0.10884012318214628,-0.02191358535296417
2025-07,전주시,7,29996.0,26688.0,3687.1532549460435,3382.101928823843,0.0,0.0,-0.10193994695269559,0.2928335382931593,-0.22962331889922893,-0.2543769338583091,0.13069678214540284,0.08855621633260727
2025-08,전주시,8,28801.5,24101.5,4941.59534294546,4359.533940975296,3.527594048921063,0.0,-0.06330699133502016,0.519721720740888,2.9527265623252354,-0.34427726790731733,0.006952345206862276,0.31287896716629193
2025-09,전주시,9,28390.0,22623.0,8309.587292887769,6991.026271680169,0.5776681930257133,0.0,0.11663211845679733,-0.2570150483832183,0.43124846343746637,-0.09715916564572857,-0.07538814473943112,0.23869459919041924
2025-10,전주시,10,29094.6,25421.6,6426.273976067596,5893.865890337039,0.34370639225148314,0.0,0.19874277390903927,-0.8154593162606769,0.2314275219664138,-0.11828432285647242,0.20937862344348335,-0.14953536886410723
2025-11,전주시,11,34694.0,31011.0,2843.215355196543,2687.8446706058685,0.0,0.0,-0.0784209434619374,-0.17094213637136768,-0.020666901008561507,-0.21314579916650295,0.0269841262274666,-0.28114279261620534
2025-12,전주시,12,31886.0,28672.0,2396.4619033551894,2282.5368454494137,0.0,0.0,0.01509201369232116,0.7533812315812192,-0.05844385038745686,-0.13305808176789866,-0.10558469868654496,0.3593634106166266
2026-01,전주시,1,33052.0,29108.0,5090.492958430672,4760.690664589133,0.0,0.0,-0.0696360041048969,-0.8073793487465615,-0.017755651880832904,-0.046643870438187615,-0.07383090971376996,-0.29921467317035233
2026-02,전주시,2,31954.0,27150.0,2270.4892241988946,2119.0384067722352,0.0,0.0,0.22668790722446985,-0.15361071254847847,-0.07453073741015986,-0.003695773190399305,-0.03492706812444013,-0.18669723830371934
2026-03,전주시,3,41602.0,34058.0,1947.1847529802103,1764.8413568578435,0.0,0.0,0.06935689002068735,0.09807596665533502,-0.0619749836903223,0.0,0.054340516789992556,0.17729488239356586
2026-04,전주시,4,45696.0,36504.0,2147.8354759478416,1883.7216420693278,0.30637254901960786,0.0,0.06637054511219098,0.14089086705732878,0.13993687325360155,-0.10779440289308413,0.1535235959386056,0.17841535138551456
2026-05,전주시,5,45693.0,39009.0,2472.8008280653185,2230.719520604907,0.18383559845052852,0.0,-0.07496810410679267,0.22690517027323587,0.011040111557888865,-0.34142044943775746,0.14906313188609704,-0.015232431940417207
2026-06,전주시,6,42086.5,36191.5,3102.65009911167,2825.274886935241,0.038016941299466575,0.0,1.0201785473777694,0.20590958540766557,-0.16453435275755685,-0.3862082904756046,0.9708192882004936,-0.3748665284854671
2026-07,전주시,7,114068.0,100384.0,3812.046569941425,3475.304201318512,0.0,0.0,-1.5828383513340754,0.11095727830333324,-0.22962331889922893,-0.2543769338583091,-1.350201622235977,-0.09332004365721877
2026-08,전주시,8,24106.0,20618.0,4259.379450140654,3825.7321359412595,0.0,0.0,,,-0.5748674865958274,-0.34427726790731733,,
2018-01,정읍시,1,5512.0,5424.0,3213.0000274705017,3178.4310865384614,1.4513788098693758,0.0,-0.2655588898773207,-0.351541362917291,1.2901144976616674,0.0,-0.44006008134499097,0.0543146535324206
2018-02,정읍시,2,4183.0,4159.0,2260.6756431834574,2256.454697585465,0.0,0.0,-1.1141202321238506,0.1744732642896425,0.0,0.0,-1.8856880855923992,0.3541845775457785
2018-03,정읍시,3,1365.0,1365.0,2691.60316996337,2691.60316996337,0.0,0.0,-0.011568489182318231,-0.43544519677767113,0.0,0.0,-0.376519507786935,-0.27724326856901205
2018-04,정읍시,4,1518.3,1349.3,1741.404189579782,1714.1605763024436,0.0,0.06586313640255549,0.641163231251924,-0.5455220519041344,0.0,0.05854501013560488,0.6539326056872653,-0.4691681329890273
2018-05,정읍시,5,2680.8999999999996,2561.9,1009.211912252625,1013.6782416352719,0.0,0.0,-0.4038465272304199,-0.12253491542767758,-0.17301636734835116,0.0,-0.208056549992526,-0.14136417396354783
2018-06,정읍시,6,1826.7,1710.7,892.8245642134798,887.3679213882957,2.189741063119286,0.0,-1.6157123048480386,0.9953688844306132,1.9464365005504765,-0.06188310281877533,-1.4770545288586916,0.1386380774725985
2018-07,정읍시,7,340.0,340.0,2415.735294117647,2415.735294117647,0.0,0.0,0.22713557258374717,0.7138361906423265,0.0,-1.5942479533841896,1.155567665517124,0.3463704773984537
2018-08,정읍시,8,426.7,426.7,4932.470119521912,4932.470119521912,0.0,0.0,-0.2004363662285078,0.6620976380834787,0.0,-1.523224112772504,0.3102690760998956,0.4128645072122177
2018-09,정읍시,9,381.2,349.2,9563.344788087057,9030.508919202519,5.246589716684155,0.0,0.9599951661088841,-1.2244779952567395,4.590766002098635,0.0,0.3842787291797507,-0.7020950489280141
2018-10,정읍시,10,920.0,912.0,2810.7730263157896,2800.570652173913,0.0,0.0,0.02115619996731244,-0.5046326623106809,-1.5065502183406112,0.0,-0.18859047976287935,0.04183125636955087
2018-11,정읍시,11,1042.5,931.5,1696.9404283413849,1600.14389352518,0.0,0.0,-0.8182029755454092,0.2396353931995865,0.0,0.0,-0.31649875466205146,0.1293763450911568
2018-12,정읍시,12,415.0,411.0,2156.4476788321167,2160.7951710843377,0.0,0.0,-0.06795066190850729,0.2553273099237172,0.0,0.0,0.01660996556639799,-0.03463116548347789
2019-01,정읍시,1,384.0,384.0,2783.7239583333335,2783.7239583333335,0.0,0.0,0.27589411669973884,-0.6113397043045037,-0.16126431220770843,0.0,0.10139292523206855,-0.2054836878547921
2019-02,정읍시,2,506.0,506.0,1510.5138339920948,1510.5138339920948,0.0,0.0,1.3713612812343179,-0.001086121962387665,0.0,0.0,0.5997934277657693,0.17862519129374832
2019-03,정읍시,3,1994.0,1994.0,1508.8741223671013,1508.8741223671013,0.0,0.0,0.38775657553092113,-0.16972117779752605,0.0,0.0,0.02280555692630437,-0.011519249588866937
2019-04,정읍시,4,3110.5,2938.5,1273.3389954058193,1280.7608545249961,0.0,0.0,-0.49400905244757176,0.20748265825307222,0.0,-0.00731812626695061,-0.4812396780122305,0.2838365771681793
2019-05,정읍시,5,1897.0,1793.0,1566.9408867819297,1545.189778597786,0.0,0.0,-0.27971980466641266,-0.2607877504211302,-0.17301636734835116,0.0,-0.08392982742851876,-0.2796170089570005
2019-06,정읍시,6,1435.5,1355.5,1207.2408764293618,1184.0020954371298,0.0,0.0,0.19064779566359036,0.43155358345830663,-0.24330456256880956,-0.06188310281877533,0.3293055716529374,-0.4251772234997081
2019-07,정읍시,7,1674.2,1640.2,1858.7255633459333,1863.1953583801217,0.0,0.0,-0.4759964313795857,0.5875350371056927,0.0,-1.5942479533841896,0.4524356615537912,0.22006932386181988
2019-08,정읍시,8,1079.0,1019.0,3344.864247301276,3310.4046969416127,0.0,0.0,-1.61830933582152,0.5903178923969783,0.0,-1.523224112772504,-1.1076038934931165,0.3410847615257173
2019-09,정읍시,9,214.0,202.0,6036.014851485149,5894.369158878505,0.0,0.0,1.6782987620052214,-0.3598380046887719,-0.6558237145855194,0.0,1.102582325076088,0.16254494163995348
2019-10,정읍시,10,1086.0,1082.0,4211.866913123845,4207.992633517495,0.0,0.0,0.09933500495918413,-0.5355393718916552,-1.5065502183406112,0.0,-0.11041167477100766,0.010924546788576572
2019-11,정읍시,11,1319.0,1195.0,2465.4309623430963,2333.3510235026533,0.0,0.0,-0.7687367776183267,-0.13295225253976906,0.0,0.0,-0.26703255673496895,-0.24321130064819874
2019-12,정읍시,12,562.0,554.0,2158.5018050541516,2154.644128113879,0.0,0.0,-0.5364211709549549,0.7686236736613479,0.0,0.0,-0.4518605434800496,0.47866519825415277
2020-01,정읍시,1,364.0,324.0,4655.447530864198,4514.739010989011,0.0,0.0,0.6408787520141885,-0.9537625062013761,-0.16126431220770843,0.0,0.46637756054651824,-0.5479064897516646
2020-02,정읍시,2,859.0,615.0,1793.6910569105692,1797.7066356228172,0.0,0.0,0.9146633922147798,0.08378432495034271,0.0,0.0,0.14309553874623115,0.2634956382064787
2020-03,정읍시,3,1882.5,1535.0,1950.4495114006515,1802.4913678618857,0.0,0.0,0.5913993855944808,-0.5323805826644712,0.0,0.0,0.22644836698986404,-0.3741786544558121
2020-04,정읍시,4,2855.0,2773.0,1145.3145117201586,1145.4490861646234,0.0,0.0,-0.10331908594856554,-0.14573581671001,0.0,-0.00731812626695061,-0.09054971151322426,-0.06938189779490293
2020-05,정읍시,5,2568.8,2500.8,989.9938631637875,979.9426397539706,1.5571473061351604,0.0,-0.4564680112862156,0.5431248997010103,1.3841309387868093,0.0,-0.2606780340483217,0.52429564116514
2020-06,정읍시,6,1604.3,1584.3,1704.1532588524901,1705.884191236053,0.0,0.0,0.37788377247917015,0.4610812394959236,-0.24330456256880956,-0.06188310281877533,0.5165415484685172,-0.3956495674620911
2020-07,정읍시,7,2787.8,2311.8,2702.4252335842198,2396.2479212999497,0.0,14.348231580457707,0.18338077588110835,0.8802484292170716,0.0,12.753983627073517,1.1118128688144853,0.5127827159731988
2020-08,정읍시,8,3297.1,2777.1,6516.894988297144,5909.083458797124,0.0,13.709017014952535,-0.5194205426603524,-0.4961774412452282,0.0,12.185792902180031,-0.008715100331949,-0.7454105721164892
2020-09,정읍시,9,1680.0,1652.0,3967.834946731235,4036.4067452380955,0.0,0.0,-0.4012367719986427,-0.8667947920664583,-0.6558237145855194,0.0,-0.9769532089277762,-0.34441184573773287
2020-10,정읍시,10,1152.0,1106.0,1667.6672613019891,1722.6041588541666,0.0,0.0,0.6078768483081882,-0.46675457838218826,-1.5065502183406112,0.0,0.39813016857799643,0.07970934029804355
2020-11,정읍시,11,2734.2,2031.2,1045.684005513982,975.822307073367,0.0,0.0,-0.28237910411763867,0.3002952221644488,0.0,0.0,0.21932511676571909,0.19003617405601914
2020-12,정읍시,12,2075.5,1531.5,1411.9425399934705,1179.662731871838,0.0,0.0,-0.8539583643461768,1.15408984711988,0.0,0.0,-0.7693977368712714,0.8641313717126848
2021-01,정읍시,1,669.0,652.0,4477.461656441717,4615.553064275037,0.0,0.0,1.2038194183297763,-0.7767755978615645,-0.16126431220770843,0.0,1.029318226862106,-0.3709195814118529
2021-02,정읍시,2,2183.0,2173.0,2059.124090197883,2083.1317672927166,0.0,0.0,0.5864051311801948,-0.043319685924781304,0.0,0.0,-0.18516272228835384,0.13639162733135468
2021-03,정읍시,3,3926.0,3906.0,1971.8279531490014,1987.7636232806926,0.0,0.0,0.21357410029805912,-0.09889928099091083,0.0,0.0,-0.15137691830655764,0.05930264721774828
2021-04,정읍시,4,4998.0,4836.0,1786.148680107527,1769.7108877551018,0.0,0.0,-0.0002895373626827791,-0.17239043719193425,0.0,-0.00731812626695061,0.012479837072658503,-0.09603651827682717
2021-05,정읍시,5,4882.6,4834.6,1503.312924957597,1515.9989896776306,0.0,0.0,-0.4626259553904237,0.34092520558154593,-0.17301636734835116,0.0,-0.2668359781525298,0.3220959470456757
2021-06,정읍시,6,3060.0,3044.0,2114.030880420499,2145.4607843137255,0.0,0.0,-1.6929909352523822,1.0423680158531283,-0.24330456256880956,-0.06188310281877533,-1.5543331592630352,0.1856372088951136
2021-07,정읍시,7,572.0,560.0,5995.232144642858,6079.2657360139865,0.0,0.0,-0.9808292530117262,0.22904923724885862,0.0,-1.5942479533841896,-0.05239716007834927,-0.13841647599501417
2021-08,정읍시,8,214.0,210.0,7538.428571428572,7436.869158878505,0.0,0.0,-0.25335732991070614,0.27849556559403865,0.0,-1.523224112772504,0.2573481124176973,0.029262434722777675
2021-09,정읍시,9,163.0,163.0,9959.325153374233,9959.325153374233,0.0,0.0,-0.11701645838618813,0.060664682418828164,-0.6558237145855194,0.0,-0.6927328953153216,0.5830476287475536
2021-10,정읍시,10,165.0,145.0,10582.206896551725,9902.90909090909,0.0,0.0,0.6327380527643856,-0.9207894969191077,-1.5065502183406112,0.0,0.42299137303419376,-0.3743255782388759
2021-11,정읍시,11,277.0,273.0,4213.882783882784,4198.6642599277975,0.0,0.0,-0.9181239129558163,-0.1201455394773081,0.0,0.0,-0.41641969207245855,-0.23040458758573779
2021-12,정읍시,12,259.0,109.0,3736.8348623853212,2135.579150579151,0.0,0.0,1.2644894872356875,-0.5689759350076695,0.0,0.0,1.3490501147105929,-0.8589344104148646
2022-01,정읍시,1,386.0,386.0,2115.440414507772,2115.440414507772,0.0,0.0,-0.7354815443865066,0.3475277863341173,-0.16126431220770843,0.0,-0.9099827358541769,0.7533838027838289
2022-02,정읍시,2,185.0,185.0,2994.5405405405404,2994.5405405405404,0.0,0.0,0.0053908486348772655,-0.31577800369482567,0.0,0.0,-0.7661770048336713,-0.13606669043868969
2022-03,정읍시,3,196.0,186.0,2183.6827956989246,2148.8010204081634,0.0,0.0,0.6985091237013306,0.24839650380709966,0.0,0.0,0.3335581050967138,0.40659843201575874
2022-04,정읍시,4,382.0,374.0,2799.4117647058824,2829.005235602094,0.0,0.0,-0.1780526068743793,-0.00742968296283486,0.0,-0.00731812626695061,-0.165283232439038,0.06892423595227222
2022-05,정읍시,5,325.0,313.0,2778.6900958466454,2734.4307692307693,0.0,0.0,-0.7223226696938765,0.37736246362744286,-0.17301636734835116,0.0,-0.5265326924559826,0.3585332050915726
2022-06,정읍시,6,165.0,152.0,4052.532894736842,4005.969696969697,0.0,0.0,0.614474148487469,0.41898884770651534,-0.24330456256880956,-0.06188310281877533,0.753131924476816,-0.4377419592514994
2022-07,정읍시,7,288.0,281.0,6161.5658362989325,6298.263888888889,0.0,0.0,-1.4336620499427797,0.4109931245865148,0.0,-1.5942479533841896,-0.5052299570094028,0.04352741134264204
2022-08,정읍시,8,74.0,67.0,9293.58208955224,9936.756756756757,0.0,0.0,-0.4205029854727047,-0.22465505094138294,0.0,-1.523224112772504,0.09020245685569872,-0.4738881818126439
2022-09,정읍시,9,85.0,44.0,7423.636363636364,6254.588235294118,0.0,0.0,1.052092273033217,-0.5547480047996487,-0.6558237145855194,0.0,0.4763758361040835,-0.0323650584709233
2022-10,정읍시,10,135.0,126.0,4262.777777777777,4435.777777777777,0.0,0.0,-0.27193371548364187,-0.16063096956066758,-1.5065502183406112,0.0,-0.48168039521383366,0.38583294911956423
2022-11,정읍시,11,167.0,96.0,3630.2083333333335,2517.365269461078,0.0,0.0,-0.16989903679539697,0.4380077239657236,0.0,0.0,0.3318051840879608,0.32774867585729395
2022-12,정읍시,12,94.0,81.0,5625.432098765432,6034.574468085107,0.0,0.0,-0.16034265007517945,0.10768082564956494,0.0,0.0,-0.07578202260027417,-0.18227764975763017
2023-01,정읍시,1,76.0,69.0,6265.0,6227.434210526316,0.0,0.0,-0.12323264042394833,-0.2169221843324891,-0.16126431220770843,0.0,-0.2977338318916186,0.18893383211722248
2023-02,정읍시,2,129.0,61.0,5043.2786885245905,3606.5116279069766,0.0,0.0,3.280541370502047,-0.6312934187020964,0.0,0.0,2.508973517033499,-0.45158210544596045
2023-03,정읍시,3,1622.0,1622.0,2682.5369913686804,2682.5369913686804,0.0,0.0,-1.9107763113333673,0.17732488531357582,0.0,0.0,-2.2757273299379843,0.3355268135222349
2023-04,정읍시,4,240.0,240.0,3203.0,3203.0,0.0,0.0,-0.6766178786087345,0.14162743682573975,0.0,-0.00731812626695061,-0.6638485041733931,0.21798135574084682
2023-05,정읍시,5,186.0,122.0,3690.3278688524592,2544.1935483870966,0.0,0.0,2.258170587553299,-0.9564654621439717,-0.17301636734835116,0.0,2.453960564791193,-0.9752947206798419
2023-06,정읍시,6,1167.0,1167.0,1418.0034275921166,1418.0034275921166,0.0,0.0,0.4956467377844991,1.9973668689464104,-0.24330456256880956,-0.06188310281877533,0.6343045137738461,1.1406360619883955
2023-07,정읍시,7,1915.7,1915.7,10450.153990708357,10450.153990708357,0.0,0.0,-4.156640988408899,-0.1533257895216309,0.0,-1.5942479533841896,-3.228208895475522,-0.5207915027655037
2023-08,정읍시,8,30.0,30.0,8964.666666666666,8964.666666666666,0.0,0.0,0.15415067982725805,-0.004802812109607757,0.0,-1.523224112772504,0.6648561221556615,-0.25403594298086873
2023-09,정읍시,9,67.0,35.0,8921.714285714286,4780.0,0.0,0.0,0.47000362924573613,-0.29199332313199733,-0.6558237145855194,0.0,-0.1057128076833973,0.23038962319672807
2023-10,정읍시,10,56.0,56.0,6662.5,6662.5,0.0,0.0,0.14903557916048715,-0.3346969336238992,-1.5065502183406112,0.0,-0.060711100569704635,0.21176698505633262
2023-11,정읍시,11,66.0,65.0,4767.384615384615,4740.606060606061,0.0,0.0,-0.4367176516122684,0.4691659728243849,0.0,0.0,0.06498656927108937,0.3589069247159552
2023-12,정읍시,12,42.0,42.0,7621.428571428572,7621.428571428572,0.0,0.0,0.4367176516122684,-0.3167778958297429,0.0,0.0,0.5212782790871737,-0.606736371236938
2024-01,정읍시,1,113.0,65.0,5552.153846153846,4553.008849557522,0.0,0.0,0.4407332469456229,-0.2976601129631522,-0.16126431220770843,0.0,0.2662320554779526,0.10819590348655939
2024-02,정읍시,2,117.0,101.0,4122.772277227723,3935.042735042735,0.0,0.0,0.7224175628600582,-0.12169766820506212,0.0,0.0,-0.04915029060849041,0.05801364505107387
2024-03,정읍시,3,408.0,208.0,3650.3686105769234,3675.6781151960786,0.0,0.0,2.8983526462271776,-0.7555487206450167,0.0,0.0,2.5334016276225606,-0.5973467924363576
2024-04,정읍시,4,3782.0,3774.0,1714.7708063063062,1715.0409896879958,0.0,0.0,0.32589334881561705,0.14034663391345603,0.0,-0.00731812626695061,0.3386627232509583,0.2167005528285631
2024-05,정읍시,5,5228.0,5228.0,1973.139768171385,1973.139768171385,0.0,0.0,-1.2974738590238193,0.18982674321934834,-0.17301636734835116,0.0,-1.1016838817859254,0.17099748468347808
2024-06,정읍시,6,1436.4,1428.4,2385.605112713525,2376.4956439710386,0.0,0.556947925368978,0.12556252289109082,0.6360752891036059,-0.24330456256880956,0.4950648225502026,0.26422029888043785,-0.22065551785440884
2024-07,정읍시,7,1619.5,1619.5,4506.532889780797,4506.532889780797,0.0,0.0,-0.22167812357134054,0.3597271294162887,0.0,-1.5942479533841896,0.7067539693620364,-0.007738583827584078
2024-08,정읍시,8,1317.5,1297.5,6457.583823506744,6451.472494117647,0.0,0.0,-0.5021924766212873,0.695881124737797,0.0,-1.523224112772504,0.008512965707116127,0.446647993866536
2024-09,정읍시,9,789.25,785.25,12950.525305316778,12905.796637313904,0.0,0.0,0.896938814836207,-0.6946518447168231,-0.6558237145855194,0.0,0.32122237790707353,-0.17226889838809767
2024-10,정읍시,10,1949.5,1925.5,6465.5268834069075,6457.667101308028,0.0,0.0,0.17249239924472537,-0.6057654651861846,-1.5065502183406112,0.0,-0.03725428048546642,-0.05930154650595276
2024-11,정읍시,11,2300.0,2288.0,3527.957323426573,3511.8984156521738,0.0,0.0,-0.38299225225610556,-0.21375837123084818,0.0,0.0,0.1187119686272522,-0.32401741933927786
2024-12,정읍시,12,1560.0,1560.0,2848.9789596153846,2848.9789596153846,0.0,0.0,-0.0103093696588612,0.02403088278588239,0.0,0.0,0.07425125781604408,-0.2659275926213127
2025-01,정읍시,1,1544.0,1544.0,2918.2716871761654,2918.2716871761654,0.0,0.0,-0.15070240054834283,-0.1804671910204778,-0.16126431220770843,0.0,-0.3252035920160131,0.22538882542923377
2025-02,정읍시,2,1328.0,1328.0,2436.406875753012,2436.406875753012,0.0,0.0,0.8900457101006731,-0.2861575359487407,0.0,0.0,0.11847785663212451,-0.10644622269260473
2025-03,정읍시,3,3278.0,3234.0,1830.093074829932,1826.5774874923734,0.0,0.0,-0.08802386442003218,0.15019080845195987,0.0,0.0,-0.45297488302464894,0.30839273666061895
2025-04,정읍시,4,2961.5,2961.5,2126.6705497214252,2126.6705497214252,0.0,0.0,0.2791194327078834,-0.1506418211901881,0.0,-0.00731812626695061,0.2918888071432247,-0.07428790227508102
2025-05,정읍시,5,3918.0,3915.0,1829.2678656449552,1843.5103864216437,0.0,0.0,-0.3841235858850318,-0.13144582411052852,-0.17301636734835116,0.0,-0.1883336086471379,-0.15027508264639877
2025-06,정읍시,6,2666.3,2666.3,1603.9510463938793,1603.9510463938793,0.0,0.0,-0.23495211287861828,0.8290286426865983,-0.24330456256880956,-0.06188310281877533,-0.09629433688927128,-0.027702164271416474
2025-07,정읍시,7,2108.0,2108.0,3674.7997153700194,3674.7997153700194,0.0,0.0,0.5830580240922494,0.21007562891248277,0.0,-1.5942479533841896,1.5114901170256263,-0.15739008433139
2025-08,정읍시,8,3776.5,3776.5,4533.862661723819,4533.862661723819,0.0,0.0,-0.7255751817394076,0.4927081304540142,0.0,-1.523224112772504,-0.21486973941100418,0.2434749995827532
2025-09,정읍시,9,1828.0,1828.0,7420.766778993436,7420.766778993436,0.0,0.0,0.0666560805886327,-0.24722428838819255,-0.6558237145855194,0.0,-0.5090603563405007,0.27515865794053285
2025-10,정읍시,10,2290.0,1954.0,5795.362929887411,5401.458150655022,12.05240174672489,0.0,0.2672730689208933,-0.842901871567471,10.54585152838428,0.0,0.05752638919070152,-0.2964379528872392
2025-11,정읍시,11,2564.7,2552.7,2494.66943980883,2494.3434627831716,0.0,0.0,-0.23658205616590067,-0.09817576403878103,0.0,0.0,0.2651221647174571,-0.2084348121472107
2025-12,정읍시,12,2014.9,2014.9,2261.391806541267,2261.391806541267,0.0,0.0,-0.7487099417035186,0.8956690949545809,0.0,0.0,-0.6641493142286132,0.6057106195473858
2026-01,정읍시,1,953.0,953.0,5538.089370409234,5538.089370409234,0.0,0.0,0.28416066445582455,-0.6117632747806674,-0.16126431220770843,0.0,0.10965947298815426,-0.2059072583309558
2026-02,정읍시,2,1266.2,1266.2,3003.8244321592165,3003.8244321592165,0.0,0.0,0.2874056166138397,-0.47632697410731506,0.0,0.0,-0.48416223685470894,-0.2966156608511791
2026-03,정읍시,3,1687.8,1687.8,1865.5563384287238,1865.5563384287238,0.0,0.0,0.5053360010252996,-0.007734592574971444,0.0,0.0,0.14038498242068287,0.15046733563368767
2026-04,정읍시,4,2797.6,2797.6,1851.1826790820703,1851.1826790820703,0.0,0.0,0.09118777854843785,-0.15492218926913015,0.0,-0.00731812626695061,0.10395715298377912,-0.07856827035402307
2026-05,정읍시,5,3064.7,3064.7,1585.5043071099944,1585.5043071099944,0.0,0.0,-0.013699969518144783,0.18945796679679283,-0.17301636734835116,0.0,0.18209000771974912,0.17062870826092258
2026-06,정읍시,6,3023.0,3023.0,1916.2315028117766,1916.2315028117766,0.0,0.0,0.4915203917690967,0.8987458909410311,-0.24330456256880956,-0.06188310281877533,0.6301781677584437,0.042015083983016344
2026-07,정읍시,7,4942.0,4942.0,4707.261842978552,4707.261842978552,0.0,0.0,-2.0806563626431673,0.0690524315872505,0.0,-1.5942479533841896,-1.1522242697097904,-0.2984132816566223
2026-08,정읍시,8,617.0,617.0,5043.795231766613,5043.795231766613,0.0,0.0,,,0.0,-1.523224112772504,,
2018-01,진안군,1,619.0,619.0,3615.6058239095314,3615.6058239095314,0.0,0.0,-0.051378324785969376,-0.35304177869790454,-0.30353650453407244,0.0,0.7854034136328668,0.24993755375486515
2018-02,진안군,2,632.0,588.0,2540.1360663265305,2503.3227958860757,4.430379746835443,0.0,0.6005543937321205,-0.1328696825095772,-0.13751015796579047,0.0,-0.45141935891769047,-0.25838144283954223
2018-03,진안군,3,1196.0,1072.0,2224.0902742537314,2076.358506688963,8.695652173913043,0.0,0.5336964103833477,0.23706555813143115,5.8816045643732,0.0,-0.40478105025658784,0.1847115838110151
2018-04,진안군,4,1892.0,1828.0,2819.088271334792,2796.2438477801265,0.21141649048625794,0.0,-0.1805725401696927,0.26179179084783044,-0.4307907434676767,0.0,-1.0595473283089727,0.2415056845909836
2018-05,진안군,5,1690.0,1526.0,3662.7173433813896,3409.2642994082835,9.70414201183432,0.0,0.21154310485400973,-0.44345376757193833,7.675539629368544,0.0,-0.2203108669727734,-0.6159828918298141
2018-06,진안군,6,1953.5,1885.5,2350.7902492707503,2302.7975505502945,3.4809316611210646,0.0,1.73023945860385,0.39273085927722917,-0.34947651373245225,0.0,0.8939706017988929,-0.14422321451064457
2018-07,진안군,7,14736.0,10638.0,3481.566747226922,3125.9917660830624,0.9771986970684038,0.0,-0.2245428189848564,0.42560462409660005,-2.260017454856144,0.0,-0.1608199815678854,0.21964857071637253
2018-08,진안군,8,13627.5,8498.5,5328.5919632876385,4879.0189808842415,1.6290588882773804,0.0,-0.4029032339545058,0.7091269632392034,-3.8773441050558812,0.0,-0.04424813202938149,0.5594661523512319
2018-09,진안군,9,9949.7,5680.2,10828.851360867575,10533.753773078584,2.914660743540006,0.0,0.03652419079049629,-1.2328504436812224,-2.2809328482503144,0.0,0.24764263084193305,-0.7898563393171525
2018-10,진안군,10,11811.5,5891.5,3156.1835199864217,3835.127902383271,3.0309444185751175,0.0,-0.5105144893958613,-0.568674784252396,-0.9941455624470432,0.0,0.2577650559176278,-0.10486528816696616
2018-11,진안군,11,4695.5,3536.0,1787.2690180995473,1908.0336681929507,0.3407517836226174,0.0,-0.7160314743935343,0.08306428764792795,-5.606976161727353,-0.013645949634040443,0.1580968701632487,0.12269021258821322
2018-12,진안군,12,1980.0,1728.0,1942.0673582175923,1839.7436338383836,9.090909090909092,0.0,-1.404986494132043,0.19965424178587998,3.7132348615060096,0.0,-0.5754741123162285,-0.07769292571762587
2019-01,진안군,1,424.0,424.0,2371.2264150943397,2371.2264150943397,0.0,0.0,-2.1785324443240666,-0.7146281600011699,-0.30353650453407244,0.0,-1.3417507059052305,-0.11164882754840022
2019-02,진안군,2,48.0,48.0,1160.4166666666667,1160.4166666666667,0.0,0.0,2.2512917986064953,0.6783447875373207,-4.567889904801233,0.0,1.1993180459566843,0.5528330272073557
2019-03,진안군,3,456.0,456.0,2286.7324561403507,2286.7324561403507,0.0,0.0,1.126011262856224,-0.007119567048575526,-2.814047609539843,0.0,0.18753380221628846,-0.05947354136899157
2019-04,진안군,4,1458.0,1406.0,2270.509729018492,2208.5985452674895,0.0,0.0,1.0682850547009073,0.20128176926641483,-0.6422072339539346,0.0,0.1893102665616273,0.180995663009568
2019-05,진안군,5,4092.0,4092.0,2776.763735826002,2776.763735826002,0.0,0.0,0.20365876206521527,-0.23327642510236402,-2.028602382465776,0.0,-0.22819520976156787,-0.4058055493602398
2019-06,진안군,6,5588.3,5016.3,2199.0153690967445,2072.082886745522,7.0146556197770344,0.0,0.7732496914808156,0.26256438686004735,3.1842474449235176,0.0,-0.06301916532414165,-0.2743896869278264
2019-07,진안군,7,12191.3,10869.3,2859.2921309559956,2749.743212782886,3.5763208189446574,0.0,0.43580556431152573,0.5110249163696263,0.33910466702010966,0.0,0.4995284017284967,0.30506886298939884
2019-08,진안군,8,24303.2,16806.2,4766.436705858552,4362.274751925673,3.7320188287962077,0.0,-0.8546355092410209,0.25185151223190694,-1.7743841645370537,0.0,-0.49598040731589665,0.10219070134393538
2019-09,진안군,9,17357.5,7150.0,6131.568047272727,5468.16017721446,2.604061644822123,0.0,-0.5145621998089602,0.15520768712353217,-2.5915319469681974,0.0,-0.30344375975752347,0.5982017914876021
2019-10,진안군,10,11830.0,4274.0,7161.06135025737,7551.185237869822,7.235841081994929,0.0,-0.523935675333969,-0.7526403274554436,3.210751100972768,0.0,0.24434386997952007,-0.28883083137001375
2019-11,진안군,11,2933.0,2531.0,3373.726351639668,3305.8826784861917,1.0910330719399932,0.0,-0.600750619478374,-0.1697928079240807,-4.856694873409977,-0.013645949634040443,0.27337772507840896,-0.13016688298379542
2019-12,진안군,12,1508.0,1388.0,2846.884014409222,2696.137275862069,7.957559681697612,0.0,0.01714327698643725,0.43878330242657526,2.57988545229453,0.0,0.8466556588022517,0.1614361349230694
2020-01,진안군,1,1427.0,1412.0,4415.002367563739,4378.965201822004,1.051156271899089,0.0,-0.6407213832200958,-0.8827657659131214,0.7476197673650166,0.0,0.19606035519874043,-0.2797864334603517
2020-02,진안군,2,744.0,744.0,1826.2096774193549,1826.2096774193549,0.0,0.0,0.14489135441446166,0.3371361190348283,-4.567889904801233,0.0,-0.9070823982353493,0.21162435870486332
2020-03,진안군,3,860.0,860.0,2558.391455813953,2558.391455813953,0.0,0.0,0.960418882937776,-0.1670251772351783,-2.814047609539843,0.0,0.021941422297840463,-0.21937915155559434
2020-04,진안군,4,2247.0,2247.0,2164.8553497997327,2164.8553497997327,0.0,0.0,0.5348341638179992,0.15726031551761643,-0.6422072339539346,0.0,-0.3441406243212808,0.13697420926076959
2020-05,진안군,5,3988.0,3836.0,2533.5306955161627,2458.7070581745234,3.711133400200602,0.0,-0.06962617193466336,0.3935535269712034,1.6825310177348256,0.0,-0.5014801437614465,0.22102440271332757
2020-06,진안군,6,3862.0,3578.0,3755.297045276691,3566.153847488348,7.35370274469187,0.0,0.7276215139446247,0.18155756544727808,3.5232945698383533,0.0,-0.10864734286033251,-0.35539650834059566
2020-07,진안군,7,11035.0,7407.0,4502.91495180235,4985.903990666063,0.1449932034435886,0.0,0.4867636344861541,0.5646016780643919,-3.092222948480959,0.0,0.5504864719031252,0.3586456246841644
2020-08,진안군,8,18567.5,12051.5,7919.488593370119,7712.286244190116,6.118217315201292,0.0,-0.3601244413641478,-0.2611750363710197,0.6118143218680308,0.0,-0.0014693394390234982,-0.41083584725899125
2020-09,진안군,9,18600.0,8407.0,6099.16328773641,5594.527184838709,8.32258064516129,0.0,-0.19205114360560138,-1.1500008403838198,3.1269870533709696,0.0,0.01906729644583538,-0.7070067360197498
2020-10,진안군,10,15414.0,6938.0,1931.2177363793603,2092.777855585831,1.4272739068379396,0.0,-0.41925242468536084,0.02004568960413078,-2.5978160741842213,0.0,0.34902712062812824,0.48385518568956065
2020-11,진안군,11,6407.0,4562.0,1970.320943665059,2009.418540190417,2.388013110660215,0.0,-0.8186318716247039,0.32105427984540835,-3.559714834689755,-0.013645949634040443,0.055496472932079155,0.3606802047856936
2020-12,진안군,12,2112.0,2012.0,2716.2458503976145,2628.592164299242,4.356060606060606,0.0,-1.0615348708852101,0.43401907322107647,-1.0216136233424757,0.0,-0.2320224890693957,0.15667190571757061
2021-01,진안군,1,696.0,696.0,4192.385057471264,4192.385057471264,0.0,0.0,0.01142869582362227,-0.6365179037773441,-0.30353650453407244,0.0,0.8482104342424585,-0.033538571324574384
2021-02,진안군,2,852.0,704.0,2218.3238636363635,2011.2676056338028,17.370892018779344,0.0,0.5531011069142293,0.08622872688371697,12.80300211397811,0.0,-0.49887264573558165,-0.039283033446248034
2021-03,진안군,3,1224.0,1224.0,2418.096405228758,2418.096405228758,0.0,0.0,1.0882097858838442,0.2231031515948514,-2.814047609539843,0.0,0.14973232524390867,0.17074917727443534
2021-04,진안군,4,3678.0,3634.0,3022.4983959823885,3000.695805057096,1.1963023382272975,0.0,0.5291379378206127,-0.1471143475439467,0.5540951042733628,0.0,-0.3498368503186673,-0.16740045380079355
2021-05,진안군,5,6256.6,6168.6,2609.0063114807244,2577.7445150720837,0.38359492376050885,0.0,-0.45977822847187966,0.2955055212964721,-1.6450074587052672,0.0,-0.8916322002986627,0.12297639703859631
2021-06,진안군,6,5795.0,3895.0,3505.997055198973,3612.969545470233,3.4512510785159622,0.0,0.8054667377596623,0.5316332156616337,-0.37915709633755457,0.0,-0.03080211904529495,-0.005320858126240058
2021-07,진안군,7,17272.0,8716.0,5966.187789582377,5338.986349525243,0.04631773969430292,0.0,-0.07750272063119823,0.19868601937528219,-3.190898412230245,0.0,-0.013779883214227226,-0.0072700340049453305
2021-08,진안군,8,18930.5,8066.0,7277.5493777584925,6584.886082248223,5.409260188584559,0.0,-0.5364846921490507,0.16548416332118876,-0.09714280474870218,0.0,-0.17782959022392641,0.015823352433217197
2021-09,진안군,9,16692.0,4717.0,8587.248281534876,9374.451569554276,5.583513060148574,0.0,-0.0784716154414955,-0.29426404121312366,0.38791946835825364,0.0,0.13264682460994126,0.14873006315094628
2021-10,진안군,10,12979.0,4361.0,6398.184662921349,6543.842840126358,0.5239232606518222,0.0,-0.8403663476974419,-0.4519066444947679,-3.5011667203703385,0.0,-0.07208680238395282,0.011902851590661956
2021-11,진안군,11,4106.0,1882.0,4071.891604675877,3807.530285435948,7.890891378470531,0.0,-0.33966542720036763,0.04608952960055923,1.943163433120561,-0.013645949634040443,0.5344629173564154,0.0857154545408445
2021-12,진안군,12,1588.0,1340.0,4263.955236567164,4162.783386020151,0.0,0.0,0.05233752510823031,0.1870457874391782,-5.377674229403082,0.0,0.8818499069240447,-0.09030138006432764
2022-01,진안군,1,1412.0,1412.0,5140.976162181303,5140.976162181303,0.0,0.0,-1.5226626350796133,-1.2433160390394233,-0.30353650453407244,0.0,-0.6858808966607771,-0.6403367065866536
2022-02,진안군,2,372.0,308.0,1482.7922077922078,1356.720430107527,17.20430107526882,0.0,1.0899165817005558,0.5077377022867555,12.636411170467586,0.0,0.037942829050744864,0.3822259419567905
2022-03,진안군,3,1370.0,916.0,2463.7008733624452,2241.5693430656934,13.72262773722628,0.0,1.4810088891643236,-0.19438104823975078,10.908580127686436,0.0,0.5425314285243881,-0.24673502256016683
2022-04,진안군,4,4496.0,4028.0,2028.4736045183713,2045.4162987099644,0.0,0.0,0.8147736428044023,0.11499938003668753,-0.6422072339539346,0.0,-0.06420114533487764,0.09471327377984068
2022-05,진안군,5,9311.900000000001,9097.900000000001,2275.689244880686,2254.608960684715,0.4295578775545269,0.0,0.08912684263182769,0.6478975880962459,-1.5990445049112494,0.0,-0.34272712919495546,0.47536846383837006
2022-06,진안군,6,12812.0,9946.0,4350.020507239091,4153.871075944427,2.435216984077427,0.0,0.5139175610978448,0.7916795793372451,-1.3951911907760897,0.0,-0.3223512957071124,0.25472550554937134
2022-07,진안군,7,25429.5,16628.0,9600.931631705556,8536.040760219432,5.031557836371143,0.0,0.10717988437986392,-0.03076425592633214,1.7943416844465956,0.0,0.1709027217968349,-0.23672030930655966
2022-08,진안군,8,31905.2,18509.2,9310.063229258963,8818.118540049898,8.124067550117223,0.0,0.008178596262899518,-0.5021490665780046,2.6176645567839616,0.0,0.3668336981880238,-0.6518098774659762
2022-09,진안군,9,37025.0,18661.2,5634.71639047864,5616.049132775152,5.00742741390952,0.0,-0.22595815313823486,-0.47113986321196144,-0.1881661778808006,0.0,-0.0148397130867981,-0.0281457588478915
2022-10,진안군,10,29199.0,14887.0,3517.6985438973607,3759.9863532997706,1.8356793040857564,0.0,-1.0376992609638247,-0.3766055207125518,-2.1894106769364043,0.0,-0.2694197156503356,0.08720397537287805
2022-11,진안군,11,7676.0,5274.0,2413.7979799014033,2432.241979807191,8.233454924439812,0.0,-1.0861757236271012,0.47086441251355104,2.2857269790898416,-0.013645949634040443,-0.21204737907031823,0.5104903374538363
2022-12,진안군,12,1780.0,1780.0,3865.4026101123595,3865.4026101123595,0.0,0.0,-0.6310695501000527,0.07454774453957214,-5.377674229403082,0.0,0.1984428317157617,-0.20279942296393372
2023-01,진안군,1,947.0,947.0,4164.5723336853225,4164.5723336853225,0.0,0.0,-0.20950936003840592,-0.40737149149887575,-0.30353650453407244,0.0,0.6272723783804303,0.19560784095389394
2023-02,진안군,2,772.0,768.0,2771.09375,2764.7668393782383,0.5181347150259068,0.0,1.1834511686051394,-0.12024518126182482,-4.049755189775326,0.0,0.13147741595532847,-0.24575694159178982
2023-03,진안군,3,2576.0,2508.0,2457.1371610845295,2442.3524844720496,1.0869565217391304,0.0,0.2373955740214102,0.15708857198836412,-1.7270910878007126,0.0,-0.7010818866185253,0.10473459766794807
2023-04,진안군,4,3201.0,3180.0,2875.0943427672955,2859.512655420181,0.0,0.0,1.103213844581008,-0.06087824565445388,-0.6422072339539346,0.0,0.22423905644172804,-0.08116435191130073
2023-05,진안군,5,9820.0,9584.0,2705.2849343697826,2657.0520174134417,2.4032586558044806,0.0,0.7622791631273191,0.23582970809007797,0.37465627333870444,0.0,0.330425191300536,0.06330058383220216
2023-06,진안군,6,22182.0,20540.0,3424.77902375852,3445.3892362726538,1.4426111261383103,0.0,0.28988995460941425,1.1056949186932474,-2.3877970487152065,0.0,-0.546378902195543,0.5687408449053737
2023-07,진안군,7,38344.7,27447.2,10347.364708094086,10299.170197628357,4.181803482619502,0.0,0.08461055996030709,-0.4125532622194559,0.9445873306949544,0.0,0.14833339737727808,-0.6185093155996834
2023-08,진안군,8,51570.100000000006,29870.600000000002,6849.52021007278,6498.289930463583,7.608090734747459,0.0,-0.14767145539833493,-0.01605629158476063,2.1016877414141977,0.0,0.21098364652678936,-0.1657171024727322
2023-09,진안군,9,49515.8,25769.8,6740.420528370419,6722.236437864277,5.422511602357227,0.0,-0.2161752053741104,-0.1132366231063564,0.22691801056690686,0.0,-0.005056765322673629,0.32975748125771354
2023-10,진안군,10,39573.0,20760.0,6018.7866918593445,5767.757153766456,5.589669724306977,0.0,-1.0595722276695962,-0.3362381523449418,1.564579743284816,0.0,-0.29129268235610717,0.12757134374048806
2023-11,진안군,11,11953.5,7195.5,4300.139828642902,3938.833804241435,6.123729451625047,0.0,-0.9913773582159333,-0.3009983379506558,0.17600150627507638,-0.013645949634040443,-0.1172490136591503,-0.2613724130103705
2023-12,진안군,12,2908.0,2670.0,3182.4431962546814,3091.2047228335623,6.602475928473177,0.0,-1.1329013621467423,0.2668171333001066,1.2248016990700945,0.0,-0.30338898033092787,-0.010530034203399263
2024-01,진안군,1,952.0,860.0,4155.639534883721,3914.6533613445376,1.680672268907563,0.0,-1.4193943095462354,-0.6784165795268366,1.3771357643734907,0.0,-0.5826125711273992,-0.07543724707406696
2024-02,진안군,2,208.0,208.0,2108.653846153846,2108.653846153846,0.0,0.0,2.426333208118904,0.17666042869560172,-4.567889904801233,0.0,1.374359455469093,0.051148668365636724
2024-03,진안군,3,2354.0,2354.0,2516.1002548853016,2516.1002548853016,0.0,0.0,0.892735959378693,0.14820531462415243,-2.814047609539843,0.0,-0.045741501261242545,0.09585134030373638
2024-04,진안군,4,5964.0,5748.0,2918.0497508698677,2853.6636431924885,3.0181086519114686,0.0,1.059103897860295,-0.13735521168992992,2.375901417957534,0.0,0.18012910972101492,-0.15764131794677677
2024-05,진안군,5,16700.0,16576.0,2543.548842362452,2535.3332701197605,0.7425149700598803,0.0,0.8358739194831397,0.16246805924100105,-1.2860874124058959,0.0,0.40401994765635657,-0.01006106501687476
2024-06,진안군,6,40658.0,38238.0,2992.258181965584,2919.2879637709675,3.6499581878105167,0.0,0.5338443842488925,0.8286262153019575,-0.18044998704300008,0.0,-0.30242447255606475,0.2916721415140837
2024-07,진안군,7,86301.0,65214.0,6852.781049130555,6552.293923152686,4.296589842527896,0.0,-0.013158541555020165,0.2427138739868422,1.0593736906033486,0.0,0.05056429586195084,0.03675782060661467
2024-08,진안군,8,94811.7,64361.5,8735.266359158813,7895.772727079043,6.376850114490089,0.0,-0.5234093556118324,0.5033740757436913,0.8704471211568272,0.0,-0.16475425368670815,0.35371326485571974
2024-09,진안군,9,53764.9,38134.0,14450.695027429587,13475.502365744193,6.617700395611263,0.0,-0.3123183064982378,-0.24994982212189143,1.4221068038209426,0.0,-0.10119986644680101,0.1930442822421785
2024-10,진안군,10,43546.5,27904.5,11254.777329964701,10629.886803256288,8.629855441883963,0.0,-0.8225276050311567,-0.7527774679639929,4.6047654608618025,0.0,-0.05424805971766766,-0.28896797187856305
2024-11,진안군,11,18218.2,12259.0,5301.634780243086,5513.29496014974,5.510972543939577,0.0,-0.8650331261893509,-0.703717460061446,-0.4367554014103936,-0.013645949634040443,0.0090952183674321,-0.6640915351211607
2024-12,진안군,12,7261.5,5161.5,2622.9450779812073,2566.3078337808993,9.805136679749364,0.0,-0.9270526871714857,-0.18672993759059509,4.427462450346281,0.0,-0.09754030535567126,-0.46407710509410094
2025-01,진안군,1,2274.5,2042.5,2176.172988984088,2440.4631039788965,0.0,0.0,-0.3167416113411212,-0.023743313783167075,-0.30353650453407244,0.0,0.520040127077715,0.5792360186696026
2025-02,진안군,2,1512.0,1488.0,2125.112008064516,2108.046738095238,1.5873015873015872,0.0,0.4663005447245787,0.015703865505134473,-2.980588317499646,0.0,-0.5856732079252323,-0.10980789482483053
2025-03,진안군,3,2416.0,2372.0,2158.747896711636,2148.447852235099,1.8211920529801324,0.0,1.060252362884964,-0.04021593857733752,-0.9928555565597106,0.0,0.12177490224502852,-0.09256991289775357
2025-04,진안군,4,6942.200000000001,6848.200000000001,2073.654350632283,2055.1265771657395,1.354037624960387,0.0,1.3014365055177812,0.38765916907382625,0.7118303910064523,0.0,0.42246171737850124,0.3673730628169794
2025-05,진안군,5,25792.0,25164.2,3055.5866592222283,3001.1163853132757,0.8832196029776674,0.0,0.757543624700487,-0.07947725006200823,-1.1453827794881088,0.0,0.3256896528737038,-0.25200637431988404
2025-06,진안군,6,56144.0,53676.0,2822.136879275654,2751.8518295988883,3.434026788258763,0.0,0.6275300045047274,0.5167260418767841,-0.39638138659475386,0.0,-0.20873885230022982,-0.020228031911089683
2025-07,진안군,7,105402.0,100534.0,4731.396483080351,4585.888367345971,4.423065975977685,0.0,0.07948215847373064,0.2989776493562655,1.185849824053137,0.0,0.14320499589070163,0.09302159597603796
2025-08,진안군,8,114823.3,108850.8,6380.191086928163,6154.473269841574,5.103929254776688,0.0,-0.05219072394500124,0.346830167101567,-0.40247373855657376,0.0,0.30646437798012305,0.19716935621359544
2025-09,진안군,9,109027.5,103315.5,9025.268143231171,8716.05333276467,5.092293228772558,0.0,-0.18593508733535025,-0.18771888831771655,-0.10330036301776246,0.0,0.025183352716086516,0.2552752160463534
2025-10,진안군,10,89292.7,85785.7,7480.572500976271,7287.907597306387,3.9275327098407824,0.0,-0.9323683317307019,-0.49167876106347563,-0.09755727118137836,0.0,-0.1640887864172128,-0.02786926497804576
2025-11,진안군,11,40305.0,33767.0,4575.109192051411,4132.467634015631,16.00297729810197,0.10916759707232354,-1.5753611557248988,-0.06357130319354631,10.055249352752,0.09552164743828309,-0.7012328111681158,-0.02394537825326104
2025-12,진안군,12,7371.5,6987.5,4293.315431699463,4139.800797531032,5.209251848334803,0.0,-1.5480348921856493,0.8046399949062533,-0.16842238106827878,0.0,-0.7185225103698348,0.5272928274027474
2026-01,진안군,1,1486.0,1486.0,9599.387144010767,9599.387144010767,0.0,0.0,-1.2035242732576403,-0.4870129598370845,-0.30353650453407244,0.0,-0.36674253483880415,0.11596637261568521
2026-02,진안군,2,446.0,446.0,5898.430493273542,5898.430493273542,0.0,0.0,0.7519236170318138,-0.4190909232022708,-4.567889904801233,0.0,-0.3000501356179972,-0.5446026835322358
2026-03,진안군,3,946.0,946.0,3879.0697674418607,3879.0697674418607,0.0,0.0,1.0665680182488373,0.11446490364578743,-2.814047609539843,0.0,0.12809055760890176,0.062110929325371385
2026-04,진안군,4,2748.5,2748.5,4349.497311624522,4349.497311624522,0.0,0.0,1.6805605863202064,-0.5950696635424233,-0.6422072339539346,0.0,0.8015857981809265,-0.6153557697992702
2026-05,진안군,5,14755.5,14755.5,2398.852779031547,2398.852779031547,0.0,0.0,1.556064729985593,0.5737151573621926,-2.028602382465776,0.0,1.1242107581588099,0.4011860331043168
2026-06,진안군,6,71541.0,69943.0,4257.600640578757,4209.877714932695,2.2113193832907005,0.0,1.5246604049947834,0.2213738816354418,-1.6190887915628163,0.0,0.6883915481898262,-0.31558019215243194
2026-07,진안군,7,343467.0,321289.0,5312.5909458991755,5116.062869658511,6.457097770673748,0.0,-1.4521432571932458,0.055313237318827646,3.2198816187492003,0.0,-1.3884204197762748,-0.15064281606139987
2026-08,진안군,8,79543.5,75203.5,5614.726569973473,5424.065694934218,5.456134065008454,0.0,,,-0.05026892832480723,0.0,,
