county,wk,rel,ncell,dtr,nday,month,woy,lrel,y,hi
고창군,2018-06-11,1.2419102374464255,2,9.214285714285714,7,6,24,0.21665070831207864,0.2730811065172615,False
고창군,2018-06-25,1.2653632730735402,3,7.128571428571427,7,6,26,0.23535925334353558,0.10251121203272018,False
고창군,2018-07-02,0.8636825780430495,2,7.200000000000001,7,7,27,-0.14654996420529243,-0.16875349977867996,False
고창군,2018-07-23,1.3628496122359404,2,10.085714285714285,7,7,30,0.3095778107765739,0.37958216982975135,True
고창군,2018-07-30,1.0132959056144624,2,10.314285714285713,7,7,31,0.013208290819011714,-0.041756475014715286,True
고창군,2018-08-13,1.582610964824592,2,10.828571428571427,7,8,33,0.4590759925302541,0.39110406827021105,True
고창군,2018-08-20,1.5519157595732158,2,7.6000000000000005,7,8,34,0.4394901416623838,0.3287294396950521,False
고창군,2018-08-27,1.1283141918969863,2,6.242857142857143,7,8,35,0.12072465320687327,0.1329475673015331,False
고창군,2018-09-10,1.1148193206542205,3,9.157142857142858,7,9,37,0.1086923475251886,0.0,False
고창군,2018-09-17,1.4633557938982928,2,9.157142857142858,7,9,38,0.38073228720661634,0.18750047974518816,False
고창군,2018-09-24,1.1179875336084075,2,11.714285714285714,7,9,39,0.11153022405214089,0.14006795944711775,True
고창군,2019-07-01,1.1005343495779607,2,10.657142857142857,7,7,27,0.09579583419873669,0.07359229862534916,True
고창군,2019-07-08,1.2563031943962102,2,6.828571428571428,7,7,28,0.22817343572675378,0.46212190229145067,False
고창군,2019-07-15,0.8417632482168693,2,7.757142857142857,7,7,29,-0.17225648216742867,-0.014629588347153055,False
고창군,2019-07-29,1.6094932059241565,3,9.000000000000002,7,7,31,0.47591935051399,0.420954584680263,False
고창군,2019-08-12,1.543897521533367,2,6.842857142857142,7,8,33,0.43431007733598004,0.366338153075937,False
고창군,2019-08-19,1.5786272737372797,2,8.857142857142858,7,8,34,0.45655565531083725,0.3457949533435055,False
고창군,2020-06-01,0.9970326007989849,2,10.342857142857143,7,6,23,-0.0029718106592240166,0.0,True
고창군,2020-06-08,0.839493790350285,2,9.799999999999999,7,6,24,-0.17495619933491793,-0.11852580112973513,False
고창군,2020-08-03,1.359611681201752,2,4.757142857142858,7,8,32,0.30719913044880587,0.2584697828006653,False
고창군,2020-08-10,1.0645606269746795,2,6.114285714285714,7,8,33,0.06256215720511862,-0.005409767054924408,False
고창군,2020-08-24,1.424413306928788,2,8.014285714285716,7,8,35,0.35376001450701705,0.36598292860167686,False
고창군,2020-08-31,1.1333978358854453,2,6.371428571428572,7,8,36,0.1252200553510342,0.17422325402470296,False
고창군,2020-09-14,1.1671668209366874,2,9.371428571428572,7,9,38,0.15457929162011697,-0.038652515841311214,False
고창군,2020-09-21,0.9012001924497998,3,11.071428571428571,7,9,39,-0.10402785687569081,-0.07549012148071396,True
고창군,2020-09-28,1.0774148320097052,2,10.271428571428572,7,9,40,0.07456449765339401,0.11324939475041859,True
고창군,2021-06-28,1.3596203450821949,2,8.085714285714285,7,6,26,0.3072055027483075,0.1743574614374921,False
고창군,2021-07-05,1.0986409012798588,2,5.485714285714285,7,7,27,0.09407387159914185,0.07187033602575432,False
고창군,2021-07-12,0.6053115384045717,3,8.442857142857143,7,7,28,-0.5020120139754605,-0.26806354741076355,False
고창군,2021-08-30,0.6140185754737337,2,6.066666666666666,6,8,35,-0.4877300980780638,-0.47550718398340397,False
고창군,2022-06-13,0.8097856438239042,2,7.485714285714286,7,6,24,-0.21098570359270913,-0.15455530538752632,False
고창군,2022-06-20,0.8945360415216352,5,7.828571428571427,7,6,25,-0.11145008447880127,-0.11830332234382118,False
고창군,2022-06-27,0.9362343852325908,3,7.314285714285715,7,6,26,-0.0658894222790091,-0.1987374635898245,False
고창군,2022-07-04,0.9187033072454017,3,8.157142857142857,7,7,27,-0.0847920517923958,-0.10699558736578332,False
고창군,2022-07-11,0.7491918842580662,3,7.042857142857143,7,7,28,-0.2887601410148347,-0.05481167445013779,False
고창군,2022-07-18,0.6301881127003837,3,6.385714285714285,7,7,29,-0.46173691257824445,-0.30411001875796884,False
고창군,2023-07-17,0.9321581916448711,2,6.92857142857143,7,7,29,-0.07025274517511094,0.08737414864516467,False
고창군,2023-07-24,0.7999608564289261,3,8.671428571428573,7,7,30,-0.22319248197513739,-0.15318812292195993,False
고창군,2023-07-31,1.212173659373648,2,10.585714285714285,7,7,31,0.19241516069464026,0.13745039486091326,True
고창군,2023-08-07,1.0179914886327746,2,7.642857142857143,7,8,32,0.017831557221840953,-0.030897790426299622,False
고창군,2023-09-25,0.9226076486041659,2,7.957142857142857,7,9,39,-0.08055121762162787,-0.05201348222665102,False
고창군,2024-06-17,1.1333258729133682,3,10.485714285714286,7,6,25,0.1251565602088411,0.11830332234382118,True
고창군,2024-06-24,1.0562414779360016,3,8.142857142857142,7,6,26,0.05471683143042761,-0.0781312098803878,False
고창군,2024-07-01,1.1070726201829915,3,6.9,7,7,27,0.1017192524628335,0.07951571688944598,False
고창군,2024-07-08,1.0075190492882402,4,5.157142857142857,7,7,28,0.007490922142081085,0.241439388706778,False
고창군,2024-07-15,1.0818392466230748,5,5.614285714285714,7,7,29,0.0786625987979312,0.2362894926182068,False
고창군,2024-07-22,1.0650775923480358,5,5.942857142857144,7,7,30,0.06304765317229287,0.1330520122254703,False
고창군,2024-07-29,1.1859349968207076,3,7.9,7,7,31,0.17053149032196788,0.11556672448824087,False
고창군,2024-08-05,1.034405028538541,4,9.485714285714286,7,8,32,0.033826409773189035,-0.01490293787495154,False
고창군,2024-08-12,0.893294902207083,5,9.057142857142859,7,8,33,-0.11283851498817202,-0.18081043924821505,False
고창군,2024-08-19,0.6370782842358251,5,8.5,7,8,34,-0.4508627357712905,-0.5616234377386222,False
고창군,2024-08-26,0.787594984721353,2,10.042857142857143,7,8,35,-0.23877130003663735,-0.22654838594197751,True
고창군,2024-09-30,0.7421879144077859,2,10.442857142857145,7,9,40,-0.2981528139592681,-0.2594679168622436,True
고창군,2025-06-30,1.0757028599904965,2,8.085714285714287,7,6,27,0.07297427117730135,0.05077073560391382,False
고창군,2025-07-07,0.931302237286767,2,9.914285714285715,7,7,28,-0.07117141713080578,0.16277704943389115,False
고창군,2025-07-14,0.8860274070317792,2,6.528571428571429,7,7,29,-0.1210073954110392,0.03661949840923641,False
고창군,2025-07-21,0.9790814035564925,3,10.014285714285716,7,7,30,-0.021140490208174708,0.048863868845002725,True
고창군,2025-07-28,0.9882507405413246,4,10.285714285714286,7,7,31,-0.011818827459481198,-0.0667835932932082,True
고창군,2025-08-04,0.8487931967518939,5,6.871428571428571,7,8,32,-0.16393970685127357,-0.21266905449941415,False
고창군,2025-08-11,0.6045625799572686,4,7.685714285714285,7,8,33,-0.5032500907829656,-0.5712220150430086,False
고창군,2025-08-18,0.9978620353764633,5,9.757142857142856,7,8,34,-0.002140253332603607,-0.11290095529993535,False
고창군,2025-08-25,1.2103410264342451,5,8.842857142857143,7,8,35,0.19090215992751167,0.2031250740221715,False
고창군,2025-09-01,0.7999336816416502,2,9.014285714285716,7,9,36,-0.22322645269837174,-0.17422325402470296,False
고창군,2025-09-15,1.0453835416246686,2,7.242857142857141,7,9,38,0.044383843557551164,-0.148847963903877,False
고창군,2025-09-22,0.9597311449045632,4,7.1000000000000005,7,9,39,-0.04110209113472961,-0.012564355739752758,False
고창군,2025-09-29,1.1135283025226954,3,8.142857142857142,7,9,40,0.10753362501480039,0.14621852211182496,False
고창군,2026-07-06,0.4595940931997546,2,6.4571428571428555,7,7,28,-0.7774115851359155,-0.5434631185712185,False
고창군,2026-07-13,0.8194102323063147,3,6.42857142857143,7,7,29,-0.19917042638776156,-0.04154353256748594,False
고창군,2026-07-20,0.6198273626648297,5,7.299999999999999,7,7,30,-0.4783142870314419,-0.4083099279782645,False
고창군,2026-07-27,0.6002152909428558,2,9.542857142857144,7,7,31,-0.5104668698877666,-0.5654316357214936,False
김제시,2018-06-04,0.9565241556667777,5,10.114285714285714,7,6,23,-0.04444923619512114,-0.008596296813651691,True
김제시,2018-06-11,1.1008241801453376,5,9.557142857142859,7,6,24,0.09605915393074596,0.06998478671570547,False
김제시,2018-06-18,0.950719694116537,4,9.057142857142857,7,6,25,-0.05053600844669451,-0.05146492081087925,False
김제시,2018-06-25,1.0774382446808428,6,7.485714285714285,7,6,26,0.07458622783202362,0.10604117900629548,False
김제시,2018-07-02,0.8209438645491121,6,7.271428571428572,7,7,27,-0.19730054635077052,-0.12588084182031234,False
김제시,2018-07-09,1.0269316652810816,5,7.485714285714287,7,7,28,0.02657539054481121,0.04696072303885661,False
김제시,2018-07-16,0.9032457460601414,5,9.242857142857144,7,7,29,-0.10176061855845696,-0.06446593225206029,False
김제시,2018-07-23,0.8251216614066841,4,8.757142857142856,7,7,30,-0.19222443514810925,-0.18944761449538527,False
김제시,2018-07-30,0.8525820684157236,8,9.828571428571427,7,7,31,-0.15948580652159294,-0.15774683596747843,False
김제시,2018-08-06,1.0256822145642364,4,8.77142857142857,7,8,32,0.025357966378061238,-0.0047210996822116096,False
김제시,2018-08-13,1.1159190688175213,5,11.742857142857142,7,8,33,0.10967834234877513,0.07323029376096593,True
김제시,2018-08-20,1.040084028357505,5,7.485714285714285,7,8,34,0.03930150638702107,0.024116177056108717,False
김제시,2018-08-27,1.2089764458134815,4,6.842857142857143,7,8,35,0.18977408907188872,0.13118327834977578,False
김제시,2018-09-03,1.0371468259428833,5,7.971428571428571,7,9,36,0.03647350644076165,0.04481295471994378,False
김제시,2018-09-10,1.1197583030997502,5,8.142857142857142,7,9,37,0.11311286121486477,0.0808610354940882,False
김제시,2018-09-17,0.9597482956246262,4,7.942857142857142,7,9,38,-0.04108422095628306,-0.07480066365109593,False
김제시,2018-09-24,0.9640836496444395,3,10.642857142857142,7,9,39,-0.036577214646110495,-0.07691834072609974,True
김제시,2019-06-03,1.0168902783683227,5,10.157142857142857,7,6,23,0.016749223702704406,0.052602163084173856,True
김제시,2019-06-10,1.1359654094085787,5,8.328571428571427,7,6,24,0.12748287037108597,0.10140850315604548,False
김제시,2019-06-17,0.9924272534922851,4,9.171428571428569,7,6,25,-0.00760156533652712,-0.008530477700711863,False
김제시,2019-06-24,0.9458927071516889,5,7.628571428571428,7,6,26,-0.05562613374971799,-0.024171182575446128,False
김제시,2019-07-01,0.9646564344434392,5,10.5,7,7,27,-0.035983267519109026,0.035436437011349166,True
김제시,2019-07-08,0.8447778555950475,6,7.142857142857143,7,7,28,-0.16868157897425556,-0.14829624648021017,False
김제시,2019-07-15,0.8731921717563409,7,7.557142857142857,7,7,29,-0.135599619353015,-0.09830493304661835,False
김제시,2019-07-22,1.0469136883396735,6,5.971428571428571,7,7,30,0.045846491374393845,0.048623312027117824,False
김제시,2019-07-29,0.8740899700644874,7,8.071428571428571,7,7,31,-0.1345719680474025,-0.132832997493288,False
김제시,2019-08-05,1.1135222031835679,5,8.228571428571428,7,8,32,0.10752814751070973,0.07744908145043689,False
김제시,2019-08-12,0.9314795798937506,6,7.2,7,8,33,-0.07098101092661825,-0.10742905951442747,False
김제시,2019-08-19,1.1959498177873582,6,8.685714285714287,7,8,34,0.1789406962763888,0.16375536694547646,False
김제시,2019-08-26,1.0448263970840725,6,7.485714285714286,7,8,35,0.04385074442384878,-0.01474006629826416,False
김제시,2019-09-02,0.9431799467488308,5,5.942857142857143,7,9,36,-0.05849819085349139,-0.05015874257430926,False
김제시,2019-09-09,1.159946003910673,6,7.057142857142858,7,9,37,0.148373455681997,0.11612162996122043,False
김제시,2019-09-16,0.9370894537122336,5,8.4,7,9,38,-0.0649765330910868,-0.09869297578589967,False
김제시,2019-09-23,1.1494419001657175,5,9.957142857142857,7,9,39,0.13927652037323615,0.09893539429324691,False
김제시,2019-09-30,0.9821693894532361,4,7.214285714285714,7,9,40,-0.01799149115154701,0.009826507400411164,False
김제시,2020-06-01,1.1512941607252758,5,8.84,5,6,23,0.14088666678787312,0.17673960616934256,False
김제시,2020-06-08,1.0697623656496744,5,8.516666666666667,6,6,24,0.06743653563070909,0.0413621684156686,False
김제시,2020-06-15,1.176532509571755,5,8.471428571428572,7,6,25,0.1625715612486917,0.16164264888450697,False
김제시,2020-06-22,1.141692028024366,6,8.028571428571428,7,6,26,0.1325113971272563,0.16396634830152815,False
김제시,2020-06-29,1.16610891019443,5,7.085714285714287,7,6,27,0.15367248853582205,0.22509219306628026,False
김제시,2020-07-06,0.9086005538046061,4,8.114285714285716,7,7,28,-0.09584971614281546,-0.07546438364877006,False
김제시,2020-07-13,1.1612883578071609,5,6.414285714285713,7,7,29,0.1495300420812544,0.18682472838765107,False
김제시,2020-07-20,1.1073054227550112,4,5.57142857142857,7,7,30,0.10192951698710469,0.10470633763982867,False
김제시,2020-07-27,1.0915013685159314,5,5.299999999999999,7,7,31,0.08755415080087432,0.08929312135498882,False
김제시,2020-08-03,1.1187822523686874,3,4.957142857142856,7,8,32,0.11224081912428735,0.0821617530640145,False
김제시,2020-08-10,1.1429605220086996,4,6.5,7,8,33,0.13362184529116897,0.09717379670335977,False
김제시,2020-08-17,1.0319484059592114,4,8.657142857142857,7,8,34,0.03144867158404774,0.016263342253135388,False
김제시,2020-08-24,1.118201030956162,4,8.0,7,8,35,0.11172117158830702,0.05313036086619408,False
김제시,2020-08-31,1.1173372345982824,4,6.985714285714287,7,8,36,0.11094838553120627,0.11928783381038839,False
김제시,2020-09-07,0.9887870409170804,5,6.914285714285714,7,9,37,-0.011276298233241874,-0.04352812395401845,False
김제시,2020-09-14,1.0582462018403995,5,8.542857142857143,7,9,38,0.056613011317628394,0.02289656862281552,False
김제시,2020-09-21,1.0527689543198815,6,10.828571428571427,7,9,39,0.05142379247619198,0.011082666396202735,True
김제시,2020-09-28,0.9631962531034045,5,9.857142857142858,7,9,40,-0.037498094485598855,-0.009680095933640682,False
김제시,2021-06-07,0.7507740676354416,3,10.657142857142857,7,6,23,-0.28665051451008167,-0.2507975751286122,True
김제시,2021-06-14,0.7583256211030864,5,7.700000000000001,7,6,24,-0.27664240629086245,-0.3027167735059029,False
김제시,2021-06-21,1.165229647679851,4,9.757142857142856,7,6,25,0.1529181900635573,0.15198927769937257,False
김제시,2021-06-28,0.7158483782249729,4,7.842857142857142,7,6,26,-0.33428689670190814,-0.30283194552763626,False
김제시,2021-07-05,0.6732971256019701,5,5.957142857142856,7,7,27,-0.39556855255932233,-0.3241488480288641,False
김제시,2021-07-12,1.0744991022664592,4,8.685714285714285,7,7,28,0.07185460161051106,0.09223993410455646,False
김제시,2021-07-19,0.935755161344864,7,9.900000000000002,7,7,29,-0.0664014164822583,-0.029106730175861628,False
김제시,2021-07-26,0.7478416012973669,3,9.185714285714287,7,7,30,-0.2905640864040384,-0.2877872657513144,False
김제시,2021-08-02,1.154709633556248,3,8.27142857142857,7,8,31,0.14384891284920057,0.14558788340331508,False
김제시,2021-08-09,1.0966158832449056,3,8.828571428571427,7,8,32,0.0922289679654506,0.06214990190517776,False
김제시,2021-08-16,1.1021862694772295,2,8.157142857142858,7,8,33,0.09729572501073377,0.06084767642292457,False
김제시,2021-08-23,0.8934513474517105,2,6.0,7,8,34,-0.1126633975140962,-0.12784872684500853,False
김제시,2021-08-30,1.0339574751595428,2,6.6571428571428575,7,8,35,0.0333936487023584,-0.02519716201975454,False
김제시,2021-09-06,0.9811300281929675,3,7.871428571428571,7,9,36,-0.019050281622347006,-0.01071083334316488,False
김제시,2021-09-13,1.2580339888513672,3,9.214285714285714,7,9,37,0.22955017607810352,0.19729835035732696,False
김제시,2021-09-20,1.1153065816325256,4,9.171428571428573,7,9,38,0.10912932822260939,0.07541288552779651,False
김제시,2021-09-27,0.9559442524579034,4,9.485714285714286,7,9,39,-0.04505568095957696,-0.0853968070395662,False
김제시,2022-06-06,0.8309346676351979,6,8.914285714285715,7,6,23,-0.18520410618820318,-0.14935116680673374,False
김제시,2022-06-13,1.1615606941994616,4,8.299999999999999,7,6,24,0.14976452687768427,0.12369015966264378,False
김제시,2022-06-20,0.926411223600935,3,8.757142857142856,7,6,25,-0.07643705695081239,-0.07736596931499713,False
김제시,2022-06-27,0.8249459508336562,6,6.442857142857142,7,6,26,-0.19243740893462394,-0.16098245776035208,False
김제시,2022-07-04,1.0081239279942422,5,7.814285714285712,7,7,27,0.008091106530861118,0.07951081106131931,False
김제시,2022-07-11,1.0596157739021046,4,6.085714285714287,7,7,28,0.05790636496230026,0.07829169745634565,False
김제시,2022-07-18,0.9581473231162536,4,6.042857142857143,7,7,29,-0.042753730875998694,-0.0054590445696020284,False
김제시,2022-07-25,1.1220704238782533,3,7.828571428571428,7,7,30,0.11517557151068267,0.11795239216340665,False
김제시,2022-08-01,0.987075540219744,2,6.5857142857142845,7,8,31,-0.013008707300277134,-0.011269736746162632,False
김제시,2022-08-08,1.0436570057971877,2,5.142857142857143,7,8,32,0.04273089697140683,0.01265183091113398,False
김제시,2022-08-15,0.8385206375819152,2,7.042857142857143,7,8,33,-0.17611608552096283,-0.21256413410877203,False
김제시,2022-08-22,1.1085526615047918,2,7.914285714285714,7,8,34,0.10305525594156018,0.08786992661064782,False
김제시,2022-08-29,1.1577195632872437,5,6.699999999999998,7,8,35,0.14645217649503015,0.0878613657729172,False
김제시,2022-09-05,0.8478459800780116,3,9.728571428571428,7,9,36,-0.16505628695295918,-0.15671683867377706,False
김제시,2022-09-12,0.7578728443944378,2,7.785714285714286,7,9,37,-0.27723965887014035,-0.3094914845909169,False
김제시,2022-09-19,1.0695940980350447,3,10.671428571428573,7,9,38,0.06727922887250114,0.033562786177688264,True
김제시,2022-09-26,1.1836554250810378,3,12.428571428571429,7,9,39,0.16860746799150805,0.1282663419115188,True
김제시,2023-06-05,0.9531278475358516,10,10.37142857142857,7,6,23,-0.04800623161222506,-0.012153292230755612,True
김제시,2023-06-12,0.9594605847520771,8,10.414285714285715,7,6,24,-0.04138404332334911,-0.0674584105383896,True
김제시,2023-06-19,0.8843602955596105,13,9.628571428571428,7,6,25,-0.12289072521782587,-0.12381963758201062,False
김제시,2023-06-26,0.8321604945162134,13,6.314285714285715,7,6,26,-0.18372995470138248,-0.15227500352711063,False
김제시,2023-07-03,0.9396742058716844,11,7.0,7,7,27,-0.06222205329231726,0.009197651238140932,False
김제시,2023-07-10,0.9108927165995702,11,4.414285714285714,7,7,28,-0.09333015309211326,-0.07294482059806787,False
김제시,2023-07-17,0.891442074094814,12,6.857142857142857,7,7,29,-0.11491481956694852,-0.07762013326055185,False
김제시,2023-07-24,1.0297643289222607,13,9.299999999999999,7,7,30,0.02932996918966701,0.03210678984239099,False
김제시,2023-07-31,0.9382849103384175,12,9.542857142857143,7,7,31,-0.06370163373123496,-0.06196266317712045,False
김제시,2023-08-07,0.9466006192671232,13,7.5,7,8,32,-0.05487800730872103,-0.08495707336899387,False
김제시,2023-08-14,1.0291297660344745,11,8.314285714285715,7,8,33,0.02871355777789689,-0.007734490809912318,False
김제시,2023-08-21,0.9318719780191296,9,8.157142857142857,7,8,34,-0.0705598363720763,-0.08574516570298865,False
김제시,2023-08-28,0.9989348763167516,11,8.3,7,8,35,-0.0010656913305909282,-0.05965650205270387,False
김제시,2023-09-04,0.9792968752840195,11,9.671428571428573,7,9,36,-0.020920439025290824,-0.012580990746108698,False
김제시,2023-09-11,1.0274118288509944,11,6.6571428571428575,7,9,37,0.027042852369017413,-0.005208973351759162,False
김제시,2023-09-18,0.9761533678962602,8,8.285714285714286,7,9,38,-0.024135565676149887,-0.05785200837096276,False
김제시,2023-09-25,1.0803822813544437,7,7.342857142857142,7,9,39,0.07731494272265121,0.03697381664266197,False
김제시,2024-06-03,1.068963054846306,14,11.057142857142859,7,6,23,0.0666890709651441,0.10254201034661356,True
김제시,2024-06-10,1.1246802383394376,10,12.328571428571427,7,6,24,0.11749876266747927,0.09142439545243879,True
김제시,2024-06-17,0.9199362374648977,10,9.971428571428572,7,6,25,-0.08345091844427137,-0.08437983080845611,False
김제시,2024-06-24,1.0912190112552491,6,8.542857142857143,7,6,26,0.08729543029331498,0.11875038146758685,False
김제시,2024-07-01,0.9460398560792255,12,7.157142857142857,7,7,27,-0.0554705796557793,0.015949124874678894,False
김제시,2024-07-08,0.9157021737198665,14,5.042857142857143,7,7,28,-0.08806410503718873,-0.06767877254314333,False
김제시,2024-07-15,1.0053970293977579,15,6.757142857142858,7,7,29,0.005382517624825315,0.04267720393122198,False
김제시,2024-07-22,1.0041580790293476,17,6.271428571428572,7,7,30,0.004149458108125919,0.006926278760849898,False
김제시,2024-07-29,1.012590975171491,13,7.528571428571429,7,7,31,0.012512367983331753,0.014251338537446255,False
김제시,2024-08-05,0.9565003590209856,15,8.685714285714285,7,8,32,-0.044474114753247945,-0.07455318081352079,False
김제시,2024-08-12,0.9779311696569409,14,8.842857142857142,7,8,33,-0.022315990097899314,-0.05876403868570852,False
김제시,2024-08-19,0.9998918282792769,12,7.885714285714286,7,8,34,-0.00010817757170560903,-0.015293506902617958,False
김제시,2024-08-26,1.0256407745497425,11,9.171428571428569,7,8,35,0.025317563170258798,-0.03327324755185414,False
김제시,2024-09-02,1.03353399555377,11,8.985714285714284,7,9,36,0.03298399321628367,0.041323441495465796,False
김제시,2024-09-09,0.9930326877491066,14,10.457142857142857,7,9,37,-0.00699169730241477,-0.03924352302319135,True
김제시,2024-09-16,1.11749235068984,13,8.442857142857143,7,9,38,0.11108720246188217,0.0773707597670693,False
김제시,2024-09-23,0.9878117001812353,15,10.271428571428572,7,9,39,-0.012263186259350817,-0.052604312339340056,True
김제시,2024-09-30,1.0293490636802893,11,9.714285714285714,7,9,40,0.028926625450470308,0.05674462400242848,False
김제시,2025-06-02,0.9608301228732005,14,10.385714285714286,7,6,23,-0.03995765684146091,-0.004104717459991462,True
김제시,2025-06-09,1.0446713856494823,11,10.9,7,6,24,0.04370237246944367,0.017628005254403178,True
김제시,2025-06-16,1.1013388177971424,12,8.528571428571428,7,6,25,0.0965265468182429,0.09559763445405815,False
김제시,2025-06-23,1.0356436591829512,12,8.5,7,6,26,0.035023126352446754,0.06647807752671861,False
김제시,2025-06-30,0.889149883856432,13,7.9571428571428555,7,6,27,-0.1174894594156194,-0.04606975488516121,False
김제시,2025-07-07,1.101267426182584,13,9.614285714285714,7,7,28,0.09646172214540052,0.11684705463944592,False
김제시,2025-07-14,1.016567762089943,15,7.0,7,7,29,0.016432014028674023,0.05372670033507069,False
김제시,2025-07-21,1.0685263233477895,13,9.585714285714285,7,7,30,0.06628043126938771,0.06905725192211169,False
김제시,2025-07-28,1.0562686955317069,15,9.428571428571429,7,7,31,0.054742599444280116,0.05648156999839462,False
김제시,2025-08-04,1.0145016736735792,17,6.671428571428572,7,8,32,0.014397530034544278,-0.015681536025728568,False
김제시,2025-08-11,1.2112925405695802,11,7.042857142857143,7,8,33,0.1916880048193793,0.1552399562315701,False
김제시,2025-08-18,0.953198522230125,18,8.357142857142858,7,8,34,-0.0479320840838409,-0.06311741341475324,False
김제시,2025-08-25,0.9224545096238539,15,8.12857142857143,7,8,35,-0.08071721634419744,-0.13930802706631037,False
김제시,2025-09-01,1.0165390068481255,18,8.471428571428572,7,9,36,0.016403727032379793,0.02474317531156192,False
김제시,2025-09-08,1.036078501720441,12,6.557142857142856,7,9,37,0.035442914828026854,0.0031910891072502792,False
김제시,2025-09-15,1.0574063714761468,12,7.614285714285714,7,9,38,0.05581909040740162,0.022102647712588748,False
김제시,2025-09-22,0.9802009933822866,11,7.271428571428572,7,9,39,-0.0199976330586352,-0.060338759138624444,False
김제시,2025-09-29,0.9187795791123152,12,7.385714285714286,7,9,40,-0.08470903402115713,-0.056891035469198964,False
김제시,2026-06-01,1.0589377991731375,11,11.799999999999999,7,6,23,0.05726632945814531,0.09311926883961476,True
김제시,2026-06-08,0.9519445731207069,13,10.771428571428572,7,6,24,-0.04924846739757224,-0.07532283461261273,True
김제시,2026-06-15,0.9391878068696985,12,9.27142857142857,7,6,25,-0.06273981245669796,-0.0636687248208827,False
김제시,2026-06-22,1.1659889976594027,13,8.87142857142857,7,6,26,0.1535696519141441,0.18502460308841595,False
김제시,2026-06-29,1.0612988868735596,14,7.714285714285715,7,6,27,0.05949352295211088,0.13091322748256906,False
김제시,2026-07-06,1.0097062849060987,10,7.857142857142857,7,7,28,0.009659481536941414,0.030044814030986806,False
김제시,2026-07-13,0.9554560190091469,13,6.457142857142857,7,7,29,-0.045566545655646225,-0.00827185934924956,False
김제시,2026-07-20,1.0997530968910982,14,7.371428571428571,7,7,30,0.09508569723827001,0.097862517890994,False
김제시,2026-07-27,1.058083602336386,16,8.285714285714286,7,7,31,0.05645934953579026,0.05819832008990476,False
김제시,2026-08-03,0.9758751592253849,16,10.857142857142858,7,8,32,-0.02442061138003538,-0.05449967744030823,True
남원시,2018-06-04,1.0454471515132053,15,11.37142857142857,7,6,23,0.04444469008019415,-0.011823338101007858,True
남원시,2018-06-11,0.9656955148484281,20,10.299999999999999,7,6,24,-0.03490669647647778,-0.0831191773693071,True
남원시,2018-06-18,1.0144787257252148,18,12.471428571428573,7,6,25,0.014374909857067733,-0.04223873140920902,True
남원시,2018-06-25,1.0494563311860339,18,8.028571428571427,7,6,26,0.04827225025234513,-0.026752236704574224,False
남원시,2018-07-02,0.9496310349055902,16,6.185714285714286,7,7,27,-0.05168175413817564,-0.13174152136136555,False
남원시,2018-07-09,1.0225364605730523,24,8.571428571428571,7,7,28,0.022286266561232834,-0.07758064648459752,False
남원시,2018-07-16,1.0549753733144365,20,11.385714285714286,7,7,29,0.053517423825663685,-0.05045340904455996,True
남원시,2018-07-23,1.1383933373881456,20,11.77142857142857,7,7,30,0.12961791516582524,0.049536817813549405,True
남원시,2018-07-30,1.1172783081326425,21,11.27142857142857,7,7,31,0.11089564584106563,0.02405239953731164,True
남원시,2018-08-06,1.019406653401298,21,10.385714285714286,7,8,32,0.019220745684237324,-0.06770062066997037,True
남원시,2018-08-13,1.0299931970894012,17,11.185714285714285,7,8,33,0.029552197452161158,-0.06633935574374254,True
남원시,2018-08-20,1.0908080474741868,19,7.928571428571429,7,8,34,0.08691874955117894,0.010437961932224807,False
남원시,2018-08-27,1.0755427047325685,15,6.0,7,8,35,0.07282537580166391,-0.009403381128462021,False
남원시,2018-09-03,0.9655066800900236,17,10.057142857142859,7,9,36,-0.03510225834928553,-0.08296882046086117,True
남원시,2018-09-10,0.9401677171721442,24,8.028571428571428,7,9,37,-0.06169699710993518,-0.14504623298429353,False
남원시,2018-09-17,1.0644479383095897,21,9.671428571428573,7,9,38,0.06245629697793825,-0.021789089560857386,False
남원시,2018-09-24,1.0279746926503968,19,11.742857142857144,7,9,39,0.027590548685583208,-0.04525646882958566,True
남원시,2019-06-03,0.9912691476760872,13,13.0,7,6,23,-0.00876918952245671,-0.06503721770365872,True
남원시,2019-06-10,0.9684280004232234,14,9.285714285714286,7,6,24,-0.032081140227168396,-0.08029362111999772,False
남원시,2019-06-17,1.000029906187563,17,10.9,7,6,25,2.9905740381932994e-05,-0.056583735525894824,True
남원시,2019-06-24,0.9644983101917818,16,8.371428571428572,7,6,26,-0.03614719864226152,-0.11117168559918086,False
남원시,2019-07-01,1.0264842738705087,20,10.485714285714286,7,7,27,0.0261396372138645,-0.05392013000932541,True
남원시,2019-07-08,1.0236884973544558,20,6.900000000000001,7,7,28,0.023412278536272875,-0.07645463450955747,False
남원시,2019-07-15,1.1222618483203501,19,7.342857142857142,7,7,29,0.11534615627206786,0.011375323401844217,False
남원시,2019-07-22,0.9681102716984484,16,6.285714285714286,7,7,30,-0.03240928114976206,-0.1124903785020379,False
남원시,2019-07-29,1.0659511821464747,19,10.485714285714286,7,7,31,0.06386752933523343,-0.022975716968520563,True
남원시,2019-08-05,1.0882442401464019,24,9.457142857142857,7,8,32,0.08456560866934547,-0.0023557576848622364,False
남원시,2019-08-12,1.1277011682228033,23,8.557142857142859,7,8,33,0.1201811961895963,0.0242896429936926,False
남원시,2019-08-19,0.9971188423272086,19,9.157142857142857,7,8,34,-0.0028853161970559464,-0.07936610381601007,False
남원시,2019-08-26,1.0586717195825082,21,7.7285714285714295,7,8,35,0.057015027610781165,-0.02521372931934477,False
남원시,2019-09-02,1.0862559474639548,17,6.342857142857143,7,9,36,0.0827368728082109,0.034870310696635265,False
남원시,2019-09-09,1.0948618200281284,15,8.842857142857143,7,9,37,0.0906281635504808,0.00727892767612244,False
남원시,2019-09-16,1.0879427993854685,17,9.614285714285714,7,9,38,0.0842885729574462,4.318641865055928e-05,False
남원시,2019-09-23,1.0520003883965197,18,11.62857142857143,7,9,39,0.05069348351366257,-0.022153534001506298,True
남원시,2019-09-30,1.0750808539820575,19,6.6571428571428575,7,9,40,0.07239587175783492,-0.0070812337010334875,False
남원시,2020-06-01,1.04523230406712,19,12.471428571428572,7,6,23,0.044239161254368574,-0.012028866926833436,True
남원시,2020-06-08,1.01521612357881,15,10.714285714285714,7,6,24,0.015101519461749105,-0.03311096143108021,True
남원시,2020-06-15,1.0084465134751528,18,10.342857142857143,7,6,25,0.008411041284468958,-0.0482025999818078,True
남원시,2020-06-22,1.086787123990937,18,9.471428571428572,7,6,26,0.08322575086547455,0.008201263908555204,False
남원시,2020-06-29,1.082497744327929,16,6.785714285714286,7,6,27,0.07927109713060831,-0.0007886700925816004,False
남원시,2020-07-06,1.0229313510566513,17,7.828571428571428,7,7,28,0.02267237920134367,-0.07719453384448668,False
남원시,2020-07-13,0.9532222553015492,18,6.757142857142857,7,7,29,-0.047907186042752424,-0.15187801891297606,False
남원시,2020-07-20,1.0401291126003076,16,5.385714285714286,7,7,30,0.03934485217877862,-0.040736245173497214,False
남원시,2020-07-27,0.9743276760916357,16,6.157142857142857,7,7,31,-0.02600760882513293,-0.11285085512888693,False
남원시,2020-08-03,1.0712714734038746,15,5.114285714285716,7,8,32,0.06884623591343086,-0.01807513044077684,False
남원시,2020-08-10,1.055558076573482,16,7.971428571428571,7,8,33,0.05406960960019612,-0.04182194359570758,False
남원시,2020-08-17,0.9511095688131059,20,10.12857142857143,7,8,34,-0.05012600875888885,-0.12660679637784297,True
남원시,2020-08-24,1.0511293011733358,17,8.542857142857143,7,8,35,0.04986511113385584,-0.032363645796270095,False
남원시,2020-08-31,1.0657931106035086,18,7.485714285714285,7,8,36,0.0637192267983922,0.015852664686816564,False
남원시,2020-09-07,1.0833150654087582,15,6.514285714285715,7,9,37,0.08002584483175171,-0.0033233910426066493,False
남원시,2020-09-14,1.030665011425356,17,10.185714285714285,7,9,38,0.03020423606485379,-0.05404115047394185,True
남원시,2020-09-21,1.037081087392247,21,10.200000000000001,7,9,39,0.03641012039698528,-0.036436897118183584,True
남원시,2020-09-28,1.1010937475731937,19,11.485714285714286,7,9,40,0.09630400177526316,0.01682689631639475,True
남원시,2021-06-07,0.9632702076837736,16,11.957142857142857,7,6,23,-0.03742131704678979,-0.0936893452279918,True
남원시,2021-06-14,1.0054706237054039,16,7.928571428571429,7,6,24,0.005455714195037444,-0.04275676669779187,False
남원시,2021-06-21,0.9799133759866501,13,11.0,7,6,25,-0.020291103074666344,-0.0769047443409431,True
남원시,2021-06-28,1.0522796998526627,17,8.714285714285714,7,6,26,0.05095895336184781,-0.02406553359507154,False
남원시,2021-07-05,1.062719356587245,15,5.614285714285714,7,7,27,0.060831053766477176,-0.01922871345671274,False
남원시,2021-07-12,1.045805335919781,14,10.542857142857143,7,7,28,0.0447872449961889,-0.055079668049641456,True
남원시,2021-07-19,1.1397323033431608,16,9.385714285714284,7,7,29,0.1307934132026822,0.02682258033245856,False
남원시,2021-07-26,1.1380618647380607,20,10.971428571428572,7,7,30,0.12932669691376567,0.04924559956148983,True
남원시,2021-08-02,1.0940965266732354,19,9.87142857142857,7,8,31,0.08992893289839733,0.0030856865946433387,False
남원시,2021-08-09,1.0477349643247982,19,9.342857142857142,7,8,32,0.046630657278460545,-0.04029070907574716,False
남원시,2021-08-16,1.1439563880941803,15,8.714285714285714,7,8,33,0.13449276993563605,0.03860121673973235,False
남원시,2021-08-23,1.1672092885172063,17,6.928571428571429,7,8,34,0.15461567614303215,0.07813488852407802,False
남원시,2021-08-30,1.1371656763221263,13,6.742857142857142,7,8,35,0.12853891771708417,0.04631016078695824,False
남원시,2021-09-06,0.9970671349597523,15,7.885714285714285,7,9,36,-0.0029371743166664694,-0.05080373642824211,False
남원시,2021-09-13,1.0519743719261296,21,7.285714285714286,7,9,37,0.05066875273182813,-0.03268048314253023,False
남원시,2021-09-20,1.0952934543687576,13,9.757142857142856,7,9,38,0.09102232222156985,0.00677693568277421,False
남원시,2021-09-27,1.120999601412582,18,10.357142857142858,7,9,39,0.11422078852580446,0.04137377101063559,True
남원시,2022-06-06,1.1127480452288636,15,10.200000000000001,7,6,23,0.10683267220939766,0.050564644028195646,True
남원시,2022-06-13,1.1042800858405342,13,9.085714285714285,7,6,24,0.09919361662077433,0.05098113572794502,False
남원시,2022-06-20,1.0826086048676535,18,9.485714285714284,7,6,25,0.07937350368432122,0.022759862418044466,False
남원시,2022-06-27,1.1145676681785204,16,8.285714285714288,7,6,26,0.1084665881769646,0.03344210122004525,False
남원시,2022-07-04,1.050738274966317,22,8.285714285714286,7,7,27,0.049493036112604395,-0.03056673111058552,False
남원시,2022-07-11,1.094979610423174,23,7.900000000000001,7,7,28,0.09073574247699229,-0.009131170568838068,False
남원시,2022-07-18,1.1207659887560348,21,7.314285714285715,7,7,29,0.1140123700734762,0.010041537203252557,False
남원시,2022-07-25,1.0730743750409493,23,8.571428571428571,7,7,30,0.07052777628920802,-0.009553321063067818,False
남원시,2022-08-01,1.0505969914614675,24,7.471428571428571,7,8,31,0.04935856589519581,-0.03748468040855818,False
남원시,2022-08-08,1.0957832143031017,22,6.514285714285713,7,8,32,0.09146937179268105,0.004548005438473349,False
남원시,2022-08-15,1.1253233234986444,22,8.428571428571429,7,8,33,0.11807039303075982,0.02217883983485612,False
남원시,2022-08-22,1.1002867293014005,26,8.942857142857143,7,8,34,0.09557080883890036,0.019090021219946227,False
남원시,2022-08-29,1.0242753865137286,26,6.428571428571428,7,8,35,0.02398542260386272,-0.05824333432626322,False
남원시,2022-09-05,0.9642310567159793,22,10.4,7,9,36,-0.03642432770152543,-0.08429088981310107,True
남원시,2022-09-12,1.1586534627992005,21,7.514285714285714,7,9,37,0.14725852292718142,0.06390928705282306,False
남원시,2022-09-19,1.1245131405460065,19,12.042857142857143,7,9,38,0.1173501780279305,0.033104791489134866,True
남원시,2022-09-26,1.1314450115196921,16,14.214285714285714,7,9,39,0.12349558704902246,0.05064856953385359,True
남원시,2023-06-05,1.1319425665119232,17,11.942857142857141,7,6,23,0.12393524219697408,0.06766721401577207,True
남원시,2023-06-12,1.1384623225136523,17,13.357142857142858,7,6,24,0.12967851200271982,0.08146603110989051,True
남원시,2023-06-19,1.1357938966783498,20,10.414285714285715,7,6,25,0.12733187485840539,0.07071823359212863,True
남원시,2023-06-26,1.1184332467438172,21,7.542857142857143,7,6,26,0.11192881911549082,0.03690433215857147,False
남원시,2023-07-03,1.201023331583622,21,7.728571428571428,7,7,27,0.18317396970650263,0.10311420248331271,False
남원시,2023-07-10,1.132310541118749,22,5.885714285714286,7,7,28,0.12426027176970633,0.024393358723875977,False
남원시,2023-07-17,1.0870655003802085,28,7.242857142857142,7,7,29,0.08348186426310997,-0.020488968607113675,False
남원시,2023-07-24,1.0790360989170622,23,9.014285714285714,7,7,30,0.07606814161725318,-0.0040129557350226525,False
남원시,2023-07-31,1.109580369764292,23,11.514285714285714,7,7,31,0.10398189858972497,0.017138652285970973,True
남원시,2023-08-07,0.9963960833547282,23,8.142857142857142,7,8,32,-0.003610426397975213,-0.09053179275218291,False
남원시,2023-08-14,1.0143122719418691,24,9.614285714285712,7,8,33,0.014210818253831541,-0.08168073494207216,False
남원시,2023-08-21,1.0608294678920358,20,9.400000000000002,7,8,34,0.0590511189965482,-0.017429668622405935,False
남원시,2023-08-28,1.1145898717041773,21,7.114285714285714,7,8,35,0.10848650917874257,0.026257752248616636,False
남원시,2023-09-04,1.0933432845338775,21,11.12857142857143,7,9,36,0.08924023539433719,0.04137367328276155,True
남원시,2023-09-11,1.1079682799409125,23,7.585714285714286,7,9,37,0.10252795970312416,0.0191787238287658,False
남원시,2023-09-18,1.164160174249577,22,8.5,7,9,38,0.15199994658592952,0.06775456004713389,False
남원시,2023-09-25,1.0628037445747307,22,8.12857142857143,7,9,39,0.06091045820812627,-0.011936559307042599,False
남원시,2024-06-03,1.1051353947363474,17,11.4,7,6,23,0.09996785663679518,0.04369982845559317,True
남원시,2024-06-10,1.0296393834708568,17,14.271428571428572,7,6,24,0.029208627802540965,-0.019003853090288347,True
남원시,2024-06-17,1.0516078220687801,18,11.057142857142855,7,6,25,0.05032025210075626,-0.0062933891655204965,True
남원시,2024-06-24,1.1162363140904017,19,9.128571428571428,7,6,26,0.10996259252010786,0.03493810556318851,False
남원시,2024-07-01,1.0475967401584296,25,7.97142857142857,7,7,27,0.04649872192304803,-0.03356104530014189,False
남원시,2024-07-08,1.262453919826304,24,5.657142857142857,7,7,28,0.2330573823537858,0.13319046930795547,False
남원시,2024-07-15,1.1223925830859331,25,6.971428571428571,7,7,29,0.11546264169975921,0.011491808829535571,False
남원시,2024-07-22,1.1003303714927706,25,7.542857142857143,7,7,30,0.09561047243268055,0.015529375080404709,False
남원시,2024-07-29,1.1810848121219761,27,9.22857142857143,7,7,31,0.1664333484572072,0.0795901021534532,False
남원시,2024-08-05,1.17359552511548,27,10.27142857142857,7,8,32,0.1600721348839122,0.0731507685297045,True
남원시,2024-08-12,1.1379746137998938,23,10.885714285714286,7,8,33,0.12925002772236005,0.03335847452645635,True
남원시,2024-08-19,1.1382525356993427,20,9.385714285714286,7,8,34,0.12949422294768373,0.0530134353287296,False
남원시,2024-08-26,1.1565693513842055,25,9.957142857142859,7,8,35,0.14545816750120713,0.0632294105710812,False
남원시,2024-09-02,1.1317234410304913,21,8.37142857142857,7,9,36,0.1237416398886952,0.07587507777711956,False
남원시,2024-09-09,1.1562075619262846,25,9.785714285714286,7,9,37,0.14514530597203001,0.06179607009767166,False
남원시,2024-09-16,1.07098144466799,24,7.414285714285714,7,9,38,0.06857546607555598,-0.01566992046323966,False
남원시,2024-09-23,1.0499539347096138,22,10.357142857142858,7,9,39,0.04874629150191093,-0.02410072601325794,True
남원시,2024-09-30,1.0239957081991198,23,11.614285714285714,7,9,40,0.0237123353967358,-0.05576477006213261,True
남원시,2025-06-02,1.0802975236285228,19,13.742857142857144,7,6,23,0.07723648803837188,0.02096845985716987,True
남원시,2025-06-09,1.110598515903938,17,10.442857142857141,7,6,24,0.10489907352332258,0.05668659263049326,True
남원시,2025-06-16,1.1464154505992372,16,9.228571428571428,7,6,25,0.1366400749351053,0.08002643366882854,False
남원시,2025-06-23,1.0460126641927978,18,10.342857142857142,7,6,26,0.044985472828327815,-0.030039014128591536,True
남원시,2025-06-30,1.1829864180674852,19,10.542857142857143,7,6,27,0.1680421040068313,0.0879823367836414,True
남원시,2025-07-07,1.1537875298805407,19,9.442857142857141,7,7,28,0.14305003491306703,0.043183121867236676,False
남원시,2025-07-14,1.2340174727586213,19,8.357142857142858,7,7,29,0.21027508483078128,0.10630425196055764,False
남원시,2025-07-21,1.1361001672341786,18,11.171428571428569,7,7,30,0.1276014917939386,0.047520394441662756,True
남원시,2025-07-28,1.1099212018107782,21,11.828571428571427,7,7,31,0.10428902344471969,0.017445777140965693,True
남원시,2025-08-04,1.191260306547364,24,7.385714285714286,7,8,32,0.1750118278249138,0.08809046147070611,False
남원시,2025-08-11,1.1821152439970912,22,9.2,7,8,33,0.16730541338268853,0.07141386018678483,False
남원시,2025-08-18,1.1493620501266482,22,10.442857142857141,7,8,34,0.13920704943023446,0.06272626181128033,True
남원시,2025-08-25,1.0742852147294102,24,9.22857142857143,7,8,35,0.07165552389380991,-0.010573233036316021,False
남원시,2025-09-01,1.102916773075391,26,8.671428571428573,7,9,36,0.09795828237044704,0.0500917202588714,False
남원시,2025-09-08,1.1187772349370275,24,6.828571428571428,7,9,37,0.11223633438840579,0.02888709851404743,False
남원시,2025-09-15,1.0704360334895233,26,8.371428571428572,7,9,38,0.06806607339914096,-0.016179313139654677,False
남원시,2025-09-22,1.1282963748659225,28,7.128571428571428,7,9,39,0.12070886224025577,0.04786184472508691,False
남원시,2025-09-29,1.133710875482334,23,8.02857142857143,7,9,40,0.12549621290563973,0.04601910744677132,False
남원시,2026-06-01,1.0575412621767684,20,11.942857142857141,7,6,23,0.0559466497839631,-0.00032137839723891254,True
남원시,2026-06-08,1.1245276728413363,20,13.057142857142859,7,6,24,0.11736310113296575,0.06915062024013643,True
남원시,2026-06-15,1.1200040619154505,22,10.042857142857143,7,6,25,0.11333231201065037,0.05671867074437362,True
남원시,2026-06-22,1.1659860852788466,19,8.742857142857144,7,6,26,0.1535671541339771,0.07854266717705774,False
남원시,2026-06-29,1.172068386005932,25,8.185714285714287,7,6,27,0.15877003928694847,0.07871027206375855,False
남원시,2026-07-06,1.2147528210172105,21,8.342857142857143,7,7,28,0.19454061660388344,0.09467370355805309,False
남원시,2026-07-13,1.1743980608665086,19,6.814285714285715,7,7,29,0.1607557277072248,0.05678489483700115,False
남원시,2026-07-20,1.0887625879217877,25,9.014285714285714,7,7,30,0.08504181092879472,0.00496071357651888,False
남원시,2026-07-27,1.126191831992699,22,11.257142857142856,7,7,31,0.11884188109737473,0.03199863479362074,True
남원시,2026-08-03,1.150372889480223,24,11.214285714285714,7,8,32,0.14008614153886323,0.053164775184655524,True
무주군,2018-06-04,0.71283726136743,2,13.6,7,6,23,-0.3385021295461442,-0.10592610177106734,True
무주군,2018-06-11,0.6763115605839212,2,13.557142857142859,7,6,24,-0.39110142067787335,-0.030585222369926945,True
무주군,2018-06-25,0.7363406837714361,2,9.87142857142857,7,6,26,-0.30606238179271644,0.06130510807452905,False
무주군,2018-07-02,0.8345137921686813,3,8.214285714285714,7,7,27,-0.18090600855285635,0.15295371588531273,False
무주군,2018-07-09,0.6694410469813737,4,11.342857142857143,7,7,28,-0.4013121730209491,0.10176599355733118,True
무주군,2018-07-16,0.6184609707781583,4,14.5,7,7,29,-0.48052119216709566,-0.02740739911340745,True
무주군,2018-07-23,0.8364020364615005,6,13.642857142857142,7,7,30,-0.17864587663686313,0.09303584947296942,True
무주군,2018-07-30,0.8745492874305653,3,14.8,7,7,31,-0.13404662541349693,0.22458621632876835,True
무주군,2018-08-06,0.4377658517463934,3,12.971428571428572,7,8,32,-0.8260710966011224,-0.42434313201677987,True
무주군,2018-08-13,0.5912101981040786,5,15.9,7,8,33,-0.5255836596591704,-0.17140464105533904,True
무주군,2018-08-20,0.6296838593499537,4,9.728571428571428,7,8,34,-0.46253739610124134,-0.2016865410729871,False
무주군,2018-08-27,0.6220796869795807,5,8.842857142857143,7,8,35,-0.4746870803337885,-0.13137858172043448,False
무주군,2018-09-10,0.5855410429359614,3,9.728571428571428,7,9,37,-0.5352189994499239,-0.16708255190136467,False
무주군,2018-09-17,0.5304046476175448,4,10.671428571428573,7,9,38,-0.6341150776723572,-0.2479128372775969,True
무주군,2018-09-24,0.5093354994543987,3,15.242857142857144,7,9,39,-0.6746483450773294,-0.22621197059392323,True
무주군,2019-07-08,0.8377202045799285,2,9.157142857142858,7,7,28,-0.17707111900146585,0.3260070475768144,False
무주군,2019-07-15,0.5664039234144237,7,8.157142857142858,7,7,29,-0.5684478096943729,-0.11533401664068471,False
무주군,2019-07-22,1.0397525357627908,5,7.771428571428571,7,7,30,0.03898273845761752,0.31066446456745006,False
무주군,2019-07-29,0.7763713010050048,7,11.557142857142859,7,7,31,-0.2531243925577426,0.10550844918452268,True
무주군,2019-08-05,0.7270763856587564,6,10.757142857142856,7,8,32,-0.3187237372861293,0.08300422729821327,True
무주군,2019-08-12,0.6478433797238989,4,9.928571428571429,7,8,33,-0.434106309800467,-0.07992729119663561,False
무주군,2019-08-19,0.6874918523170983,3,11.757142857142856,7,8,34,-0.37470530068676616,-0.11385444565851194,True
무주군,2019-08-26,0.5193113180116342,2,9.157142857142858,7,8,35,-0.6552517336232957,-0.3119432350099417,False
무주군,2019-09-02,0.6170057983741444,2,7.028571428571427,7,9,36,-0.4828768574318564,-0.19311221677538404,False
무주군,2019-09-09,0.5320336096425347,3,9.799999999999999,7,9,37,-0.6310486156162114,-0.26291216806765216,False
무주군,2019-09-23,0.5983204130583077,3,12.0,7,9,39,-0.5136288607354325,-0.06519248625202628,True
무주군,2019-09-30,0.6827035828497106,2,8.32857142857143,7,9,40,-0.38169450651292064,-0.16971592878007988,False
무주군,2020-06-15,0.5932302826931597,2,11.828571428571427,7,6,25,-0.5221726203026072,-0.19676307869425447,True
무주군,2020-06-22,0.673771658449339,3,11.299999999999999,7,6,26,-0.39486401115413783,-0.02749652128689234,True
무주군,2020-06-29,0.6705430549802205,5,8.514285714285714,7,6,27,-0.39966736507780926,-0.06580764063964017,False
무주군,2020-07-06,0.7101080907208347,6,9.142857142857142,7,7,28,-0.34233808008229766,0.16074008649598265,False
무주군,2020-07-13,0.8479893936535066,5,8.385714285714286,7,7,29,-0.16488715075252566,0.28822664230116257,False
무주군,2020-07-20,0.9162998704387509,3,5.457142857142857,7,7,30,-0.08741159840708236,0.1842701277027502,False
무주군,2020-07-27,0.8939968040530561,2,7.071428571428571,7,7,31,-0.11205307869973749,0.2465797630425278,False
무주군,2020-08-03,0.9124588993800774,4,7.385714285714286,7,8,32,-0.09161223631515934,0.3101157282691832,False
무주군,2020-08-10,0.9093077511918711,3,9.028571428571427,7,8,33,-0.09507168193614432,0.25910733666768704,False
무주군,2020-08-17,0.9533608602115166,5,10.928571428571429,7,8,34,-0.04776178990545978,0.21308906512279444,True
무주군,2020-08-24,0.8588425612264017,5,9.857142857142858,7,8,35,-0.1521696552553503,0.19113884335800368,False
무주군,2020-08-31,0.8352171738992019,4,7.185714285714286,7,8,36,-0.1800634994463943,0.10970114121007804,False
무주군,2020-09-07,0.9694826623840419,4,7.771428571428571,7,9,37,-0.030992687508285287,0.33714376004027397,False
무주군,2020-09-14,1.4615517460576766,2,11.057142857142859,7,9,38,0.37949871107147926,0.7657009514662396,True
무주군,2020-09-21,1.1722181939666916,4,11.814285714285715,7,9,39,0.15889784615343255,0.6073342206368387,True
무주군,2020-09-28,1.3434830281099062,4,12.2,7,9,40,0.29526551639957616,0.5072440941324169,True
무주군,2021-07-12,0.6230459768365272,3,11.642857142857142,7,7,28,-0.4731349638221539,0.029943202756126386,True
무주군,2021-07-19,0.9962862233963431,5,11.0,7,7,29,-0.0037206897933234747,0.44939310326036475,True
무주군,2021-07-26,0.8785205038930327,7,11.828571428571427,7,7,30,-0.12951603196538988,0.14216569414444266,True
무주군,2021-08-02,0.9539501367023742,6,9.914285714285715,7,8,31,-0.04714387650742378,0.3114889652348415,False
무주군,2021-08-09,0.787926405356251,6,9.985714285714286,7,8,32,-0.23835058770372503,0.16337737688061754,False
무주군,2021-08-16,0.775128690683131,7,8.628571428571428,7,8,33,-0.25472621091961695,0.09945280768421444,False
무주군,2021-08-23,0.7462034510837724,3,6.685714285714285,7,8,34,-0.2927569933280305,-0.03190613829977629,False
무주군,2021-08-30,0.9035685503224489,2,8.5,7,8,35,-0.1014032998606934,0.2419051987526606,False
무주군,2021-09-06,0.8427860126577016,4,10.028571428571428,7,9,36,-0.1710421934668736,0.11872244718959873,True
무주군,2021-09-13,0.9140297343506835,4,9.457142857142857,7,9,37,-0.08989217594479959,0.27824427160375964,False
무주군,2021-09-20,0.8050347712745382,6,10.642857142857142,7,9,38,-0.21686980836655217,0.16933243202820814,True
무주군,2021-09-27,0.8490241991242309,6,11.357142857142858,7,9,39,-0.16366758998602823,0.28476878449737797,True
무주군,2022-06-06,0.8876190046646181,3,10.299999999999999,7,6,23,-0.11921267685884494,0.11336335091623194,True
무주군,2022-06-13,0.6723775884826073,5,9.971428571428573,7,6,24,-0.3969352086358026,-0.036419010327856216,False
무주군,2022-06-20,0.7018959274364366,5,10.557142857142855,7,6,25,-0.35397013746171563,-0.028560595853362847,True
무주군,2022-06-27,0.6303534655122561,3,9.228571428571428,7,6,26,-0.46147456056117675,-0.09410707069393126,False
무주군,2022-07-11,0.5244504805145624,4,8.342857142857143,7,7,28,-0.6454042683492551,-0.14232610177097482,False
무주군,2022-07-18,0.6386806826738539,5,7.985714285714287,7,7,29,-0.4483506636287409,0.004763129424947332,False
무주군,2022-07-25,0.48100139990502766,5,9.528571428571428,7,7,30,-0.7318850984751482,-0.4602033723653156,False
무주군,2022-08-01,0.7024175149790494,4,8.671428571428573,7,8,31,-0.3532273010680111,0.0054055406742541945,False
무주군,2022-08-08,0.7780049200107696,7,5.985714285714285,7,8,32,-0.2510224309024437,0.15070553368189887,False
무주군,2022-08-15,0.8185008138206391,6,8.685714285714285,7,8,33,-0.20028088788843734,0.15389813071539404,False
무주군,2022-08-22,0.8153029020063931,6,9.642857142857142,7,8,34,-0.20419557588578713,0.056655279142467097,False
무주군,2022-08-29,0.7989057682980398,8,6.300000000000002,7,8,35,-0.22451227721974412,0.11879622139360987,False
무주군,2022-09-05,0.9404471433151453,7,11.342857142857143,7,9,36,-0.06139983244222113,0.2283648082142512,True
무주군,2022-09-12,0.7133360349019097,7,9.157142857142857,7,9,37,-0.33780267239585343,0.0303337751527058,False
무주군,2022-09-19,0.6952812175625203,4,13.042857142857143,7,9,38,-0.36343888567145993,0.022763354723300377,True
무주군,2022-09-26,0.5857126304736937,9,15.614285714285714,7,9,39,-0.5349260013695674,-0.08648962688616119,True
무주군,2023-06-05,0.7249985474771719,2,13.757142857142856,7,6,23,-0.3215856276092322,-0.08900959983415532,True
무주군,2023-06-19,0.8255016100420729,2,11.200000000000001,7,6,25,-0.19176406523975836,0.13364547636859442,True
무주군,2023-06-26,0.5878572711478812,6,8.557142857142859,7,6,26,-0.5312710966917551,-0.1639036068245096,False
무주군,2023-07-03,0.7479729079830844,4,9.585714285714285,7,7,27,-0.29038852093754497,0.04347120350062411,False
무주군,2023-07-10,0.6499422521572592,4,6.442857142857142,7,7,28,-0.43087176287419854,0.07220640370408177,False
무주군,2023-07-17,0.5659094594367416,6,9.057142857142859,7,7,29,-0.5693211792342919,-0.11620738618060372,False
무주군,2023-07-24,0.7066037839376623,7,10.700000000000001,7,7,30,-0.34728518893746213,-0.07560346282762959,True
무주군,2023-07-31,0.5739296923885471,8,11.42857142857143,7,7,31,-0.5552483772926983,-0.19661553555043298,True
무주군,2023-08-07,0.6621811533906699,3,8.4,7,8,32,-0.41221611487401705,-0.01048815028967448,False
무주군,2023-08-14,0.565155212928935,4,10.057142857142859,7,8,33,-0.5706548724138863,-0.21647585381005496,True
무주군,2023-08-21,0.9003534783983898,3,10.271428571428572,7,8,34,-0.1049678389894131,0.15588301603884114,True
무주군,2023-08-28,0.6814437283140171,5,8.171428571428573,7,8,35,-0.3835416015936009,-0.040233102980246904,False
무주군,2023-09-04,0.7377085150842676,6,12.77142857142857,7,9,36,-0.30420649841176084,-0.0144418577552885,True
무주군,2023-09-11,0.5924280349318898,5,7.714285714285714,7,9,37,-0.5235258733802834,-0.15538942583172421,False
무주군,2023-09-18,0.35080510802205866,3,8.285714285714286,7,9,38,-1.0475244575238185,-0.6613222171290583,False
무주군,2023-09-25,0.39595557787562724,4,8.157142857142858,7,9,39,-0.9264532511017253,-0.4780168766183191,False
무주군,2024-06-03,0.9507019841248172,2,13.042857142857143,7,6,23,-0.0505546366046912,0.18202139117038568,True
무주군,2024-06-10,0.7729860194877416,3,15.028571428571428,7,6,24,-0.2574943166025883,0.10302188170535809,True
무주군,2024-06-17,0.7514182183294558,5,13.228571428571428,7,6,25,-0.28579290028916776,0.03961664131918502,True
무주군,2024-06-24,0.6513986476024584,7,11.314285714285715,7,6,26,-0.42863346228207566,-0.06126597241483017,True
무주군,2024-07-01,0.5472022278322233,5,8.757142857142858,7,7,27,-0.6029368413512668,-0.2690771169130977,False
무주군,2024-07-08,0.6322598669396626,5,6.385714285714286,7,7,28,-0.45845478748082275,0.04462337909745756,False
무주군,2024-07-15,0.6358042150346501,5,8.114285714285716,7,7,29,-0.4528646010296901,0.0002491920239980905,False
무주군,2024-07-22,0.5778858070873184,7,8.72857142857143,7,7,30,-0.5483789954212869,-0.27669726931145433,False
무주군,2024-07-29,0.5346956415871151,8,9.642857142857142,7,7,31,-0.6260575881975428,-0.2674247464552775,False
무주군,2024-08-05,0.570774404968785,7,10.842857142857143,7,8,32,-0.5607612350141453,-0.15903327042980275,True
무주군,2024-08-12,0.7600717088794098,5,12.414285714285713,7,8,33,-0.27434249636410196,0.07983652223972942,True
무주군,2024-08-19,0.7697244081841489,4,10.671428571428573,7,8,34,-0.26172273964915455,-0.0008718846209003206,True
무주군,2024-08-26,0.7058511318560666,4,10.442857142857145,7,8,35,-0.34835092511695764,-0.0050424265036036475,True
무주군,2024-09-02,0.6253936822665972,4,10.585714285714287,7,9,36,-0.469373935917644,-0.17960929526117164,True
무주군,2024-09-09,0.5619909665622547,2,11.428571428571429,7,9,37,-0.5762695029502728,-0.20813305540171356,True
무주군,2025-06-02,0.7167522262018541,3,15.214285714285714,7,6,23,-0.3330250682564718,-0.10044904048139494,True
무주군,2025-06-09,0.672647509003453,2,12.028571428571427,7,6,24,-0.3965338473155214,-0.03601764900757498,True
무주군,2025-06-16,0.7608279850229411,4,10.157142857142857,7,6,25,-0.27334798474851474,0.05206155685983804,True
무주군,2025-06-23,0.7219181543970365,4,11.442857142857145,7,6,26,-0.32584350607588264,0.04152398379136285,True
무주군,2025-06-30,0.6991071872313768,5,10.828571428571427,7,6,27,-0.3579512048256163,-0.02409148038744724,True
무주군,2025-07-07,0.4532346476940845,3,11.414285714285713,7,7,28,-0.7913453015279268,-0.2882671349496465,True
무주군,2025-07-14,0.5637570451432102,4,7.285714285714286,7,7,29,-0.5731318913152458,-0.12001809826155757,False
무주군,2025-07-21,0.9759493136304235,4,12.62857142857143,7,7,30,-0.024344626673310464,0.24733709943652207,True
무주군,2025-07-28,0.5030745826365466,5,12.842857142857143,7,7,31,-0.6870168442547641,-0.3283840025124988,True
무주군,2025-08-04,0.7210329058897409,7,8.457142857142857,7,8,32,-0.32707050350181505,0.07465746108252752,False
무주군,2025-08-11,0.6196093811809518,3,9.5,7,8,33,-0.4786660298488269,-0.1244870112449955,False
무주군,2025-08-18,0.7130817521953744,4,10.771428571428572,7,8,34,-0.3381592056801815,-0.07730835065192726,True
무주군,2025-08-25,0.6659428546823211,2,9.9,7,8,35,-0.40655141590340155,-0.06324291729004755,False
무주군,2025-09-01,0.6981022705929483,4,9.942857142857141,7,9,36,-0.35938966747855644,-0.0696250268220841,False
무주군,2025-09-08,0.8022451430723248,6,7.871428571428571,7,9,37,-0.22034105314284397,0.14779539440571526,False
무주군,2025-09-15,0.6474174886363638,4,7.914285714285714,7,9,38,-0.4347639242058532,-0.04856168381109288,False
무주군,2025-09-22,0.6159260204904571,4,8.957142857142857,7,9,39,-0.48462841926719297,-0.03619204478378679,False
무주군,2025-09-29,0.5772344650621358,9,8.328571428571427,7,9,40,-0.5495067430851778,-0.337528165352337,False
무주군,2026-06-22,0.8838893352824966,2,9.828571428571427,7,6,26,-0.12342341051297394,0.24394407935427154,False
무주군,2026-06-29,0.8425616824172909,2,9.971428571428572,7,6,27,-0.17130840588392093,0.16255131855424815,False
무주군,2026-07-06,0.4458507416077981,4,10.385714285714286,7,7,28,-0.8077710430454533,-0.304692876467173,True
무주군,2026-07-13,0.4418525897568126,4,9.242857142857144,7,7,29,-0.8167789598679073,-0.36366516681421907,False
무주군,2026-07-20,0.6461970072364255,4,10.214285714285714,7,7,30,-0.4366508569295677,-0.16496913081973513,True
무주군,2026-07-27,0.6314241269932376,4,10.62857142857143,7,7,31,-0.4597774916889708,-0.10114464994670552,True
무주군,2026-08-03,0.554480444866071,2,11.985714285714284,7,8,32,-0.5897237390605256,-0.187995774476183,True
부안군,2018-06-18,1.425982250055544,2,9.285714285714286,7,6,25,0.3548608745482563,0.4334411702573295,False
부안군,2018-06-25,1.5649144468982334,2,7.614285714285714,7,6,26,0.4478311559791473,0.3581950727211049,False
부안군,2018-09-03,1.3026414261476842,2,9.171428571428573,7,9,36,0.2643940692865953,0.2176950670487399,False
부안군,2018-09-10,1.240855608895533,2,8.9,7,9,37,0.2158011488452622,0.2355509285286366,False
부안군,2018-09-17,1.1593257506134904,2,8.614285714285716,7,9,38,0.14783858665618338,0.19972484558367204,False
부안군,2019-07-15,1.3398315751163477,2,8.014285714285714,7,7,29,0.29254391585146255,0.3315233091301585,False
부안군,2019-07-22,1.5346692046802068,2,6.3999999999999995,7,7,30,0.4283148559783042,0.4796505364213565,False
부안군,2020-06-29,1.0195380560589244,2,6.457142857142857,7,6,27,0.019349638495502582,0.12688039361504339,False
부안군,2020-07-13,1.212703386555993,2,6.128571428571427,7,7,29,0.19285207125194945,0.23183146453064538,False
부안군,2020-08-03,0.9710780253192269,3,4.942857142857142,7,8,32,-0.029348458286581534,0.026676270086577376,False
부안군,2021-07-05,0.8521905073155878,5,5.6000000000000005,7,7,27,-0.15994517701193944,-0.052414421892398644,False
부안군,2021-07-19,0.6376203520557716,3,10.4,7,7,29,-0.4500122322292154,-0.41103283895051945,True
부안군,2021-07-26,0.8700558310062988,5,8.657142857142857,7,7,30,-0.13919789582208475,-0.08786221537903244,False
부안군,2021-08-02,0.8042235858398519,2,7.828571428571429,7,8,31,-0.21787795662292755,-0.0840783311804082,False
부안군,2021-08-23,1.1428471819164843,3,6.042857142857143,7,8,34,0.13352267676346335,0.12338113375692096,False
부안군,2022-06-06,1.269662275456673,2,8.114285714285714,7,6,23,0.23875094026895546,0.15784283553624426,False
부안군,2022-07-25,0.9183232826345472,6,7.742857142857141,7,7,30,-0.08520579062270897,-0.03387011017965665,False
부안군,2022-08-01,0.9531641997046489,3,6.528571428571429,7,8,31,-0.047968092473099536,0.08583153296941982,False
부안군,2022-08-08,0.9659907577418293,3,4.928571428571428,7,8,32,-0.034601012370430534,0.021423716002728375,False
부안군,2022-08-22,0.9971517512761054,4,8.042857142857143,7,8,34,-0.0028523127029409633,-0.01299385570948336,False
부안군,2022-08-29,0.9441287166233499,4,7.042857142857143,7,8,35,-0.05749276977653033,0.00011448144062779081,False
부안군,2022-09-12,0.9565968806198406,2,7.871428571428571,7,9,37,-0.04437320864462275,-0.024623428961248344,False
부안군,2022-09-26,0.8271098561553125,2,12.214285714285714,7,9,39,-0.18981775583331822,-0.21218564877830837,True
부안군,2023-06-12,0.8689879446260431,2,9.842857142857143,7,6,24,-0.14042602651027544,-0.11161448659605597,False
부안군,2023-06-19,1.0588267082110188,2,9.171428571428569,7,6,25,0.05716141603473752,0.13574171174381067,False
부안군,2023-06-26,1.0610667815134387,4,5.914285714285713,7,6,26,0.059274799699559795,-0.030361283558482603,False
부안군,2023-07-03,0.9633165791720268,4,6.257142857142857,7,7,27,-0.037373178557957014,0.07015757656158378,False
부안군,2023-07-10,0.7355562053138461,6,4.114285714285715,7,7,28,-0.30712832403050006,-0.15770891297035144,False
부안군,2023-07-17,1.0154411718036314,7,6.328571428571428,7,7,29,0.015323170083205023,0.05430256336190095,False
부안군,2023-07-24,0.934858633502072,7,8.571428571428571,7,7,30,-0.06735995523986356,-0.01602427479681124,False
부안군,2023-07-31,0.8782542985272299,10,9.314285714285715,7,7,31,-0.1298190934249162,0.00398053201760315,False
부안군,2023-08-07,0.8798460185706424,8,7.457142857142857,7,8,32,-0.12800836571747545,-0.07198363734431654,False
부안군,2023-08-14,0.9969514329846465,3,7.8,7,8,33,-0.0030532233616409332,0.10493521395107341,False
부안군,2023-08-21,0.9279228171797113,6,8.114285714285714,7,8,34,-0.07480672079740026,-0.08494826380394266,False
부안군,2023-08-28,1.0235389715133028,6,8.27142857142857,7,8,35,0.023266202104911194,0.08087345332206931,False
부안군,2023-09-04,0.9719791195816683,4,9.542857142857143,7,9,36,-0.02842095666430147,-0.07511995890215688,False
부안군,2023-09-11,0.9698107536624109,7,6.214285714285715,7,9,37,-0.03065432583615827,-0.010904546152783866,False
부안군,2023-09-18,0.9128230801468735,3,9.114285714285716,7,9,38,-0.09121319575516545,-0.039326936827676795,False
부안군,2023-09-25,1.522283611565992,2,7.2714285714285705,7,9,39,0.4202115834506571,0.397843690505667,False
부안군,2024-06-17,0.6831814760888348,2,9.814285714285715,7,6,25,-0.38099475032846386,-0.3024144546193907,False
부안군,2024-06-24,1.1182309844215381,3,8.27142857142857,7,6,26,0.11174795842123722,0.022111875163194822,False
부안군,2024-07-01,0.9625772121140548,5,6.814285714285715,7,7,27,-0.0381409956594415,0.0693897594600993,False
부안군,2024-07-08,0.9773478560205682,6,4.757142857142857,7,7,28,-0.022912645251478212,0.1265067658086704,False
부안군,2024-07-15,0.9982096624666851,11,6.5,7,7,29,-0.0017919421029900671,0.03718745117570586,False
부안군,2024-07-22,0.9051346638256202,10,6.428571428571429,7,7,30,-0.09967154654448898,-0.04833586610143666,False
부안군,2024-07-29,0.9717952593312127,12,7.571428571428571,7,7,31,-0.028610135257247787,0.10518949018527157,False
부안군,2024-08-05,0.9362915795850756,14,8.228571428571426,7,8,32,-0.06582833436506062,-0.009803605991901714,False
부안군,2024-08-12,0.9444980068788276,11,8.671428571428573,7,8,33,-0.057101702282261975,0.05088673503045237,False
부안군,2024-08-19,0.9848189407173833,9,7.857142857142857,7,8,34,-0.015297471236952543,-0.02543901424349494,False
부안군,2024-08-26,0.912556920574768,6,8.842857142857143,7,8,35,-0.09150481675888691,-0.03389756554172879,False
부안군,2024-09-02,0.9906257841341756,7,8.342857142857143,7,9,36,-0.009418430361801167,-0.05611743259965658,False
부안군,2024-09-09,0.8361951257027741,6,9.471428571428572,7,9,37,-0.17889328918121314,-0.15914350949783873,False
부안군,2024-09-16,0.8213904440780989,6,7.428571428571429,7,9,38,-0.19675671122822874,-0.14487045230074008,False
부안군,2024-09-23,0.9007529320100711,2,9.985714285714286,7,9,39,-0.10452427428282796,-0.1268921672278181,False
부안군,2025-06-02,0.9259502876654769,3,10.299999999999999,7,6,23,-0.07693473080353307,-0.15784283553624429,True
부안군,2025-06-09,1.0863277229733694,3,10.228571428571428,7,6,24,0.08280294668183648,0.11161448659605597,True
부안군,2025-06-16,0.6593733552252646,3,8.142857142857144,7,6,25,-0.4164653567659132,-0.33788506105684,False
부안군,2025-06-23,0.8505825760223584,2,8.157142857142857,7,6,26,-0.16183378071010368,-0.2514698639681461,False
부안군,2025-06-30,0.8036338225190219,4,8.485714285714286,7,6,27,-0.21861155817765918,-0.11108080305811838,False
부안군,2025-07-07,0.9689100446803106,3,9.985714285714286,7,7,28,-0.0315835045478884,0.11783590651226021,False
부안군,2025-07-14,0.838416028722814,5,7.214285714285714,7,7,29,-0.17624084736956316,-0.13726145409086724,False
부안군,2025-07-21,0.9406095868920052,7,9.342857142857143,7,7,30,-0.061227117207581894,-0.009891436764529575,False
부안군,2025-07-28,0.8401890759081097,12,8.971428571428572,7,7,31,-0.17412832210701634,-0.04032869666449698,False
부안군,2025-08-04,0.8147189436981191,8,6.971428571428571,7,8,32,-0.2049120795753486,-0.14888735120218968,False
부안군,2025-08-11,0.7681191717719722,4,7.071428571428571,7,8,33,-0.26381038629424014,-0.1558219489815258,False
부안군,2025-08-25,0.9005968034849641,4,8.514285714285714,7,8,35,-0.10469762043812644,-0.04709036922096832,False
부안군,2025-09-01,0.9610213312681064,4,8.614285714285714,7,9,36,-0.03975867330907102,-0.08645767554692643,False
부안군,2025-09-08,0.9411721395076545,5,6.728571428571428,7,9,37,-0.06062922360014007,-0.040879443916765665,False
부안군,2025-09-15,0.9348083767192801,5,7.371428571428572,7,9,38,-0.06741371538274384,-0.015527456455255176,False
부안군,2025-09-22,0.9642564608237661,3,7.557142857142857,7,9,39,-0.036397981554550395,-0.05876587449954053,False
부안군,2025-09-29,1.0249267870844436,4,7.428571428571429,7,9,40,0.02462118280463595,0.0,False
부안군,2026-06-15,0.9925641219251645,2,8.5,7,6,25,-0.00746366203398251,0.07111663367509063,False
부안군,2026-06-22,0.9911992383300737,3,8.671428571428573,7,6,26,-0.008839717099628611,-0.098475800357671,False
부안군,2026-06-29,0.8102088218360246,4,7.2142857142857135,7,6,27,-0.21046325980575026,-0.10293250468620946,False
부안군,2026-07-06,0.7897386820863567,7,7.842857142857142,7,7,28,-0.23605317041072774,-0.08663375935057913,False
부안군,2026-07-13,0.8645640492207732,4,6.257142857142857,7,7,29,-0.1455298884357199,-0.10655049515702397,False
부안군,2026-07-20,0.7153364313175596,9,7.5,7,7,30,-0.3350023136429423,-0.28366663319989,False
부안군,2026-07-27,0.8151410177702629,10,8.35714285714286,7,7,31,-0.20439415276990874,-0.07059452732738938,False
부안군,2026-08-03,1.134906058964669,4,10.37142857142857,7,8,32,0.1265498800759433,0.18257460844910223,True
순창군,2018-06-04,1.0768302588918224,5,12.214285714285714,7,6,23,0.07402178026742874,0.046318032916610505,True
순창군,2018-06-11,0.9566052070228028,5,11.485714285714284,7,6,24,-0.04436450449045518,-0.08723077654883465,True
순창군,2018-06-18,0.9348245738152177,5,12.842857142857142,7,6,25,-0.06739638888458455,-0.07844394409514618,True
순창군,2018-06-25,0.9624600340671423,9,7.985714285714286,7,6,26,-0.03826273672942822,-0.029935281136857964,False
순창군,2018-07-02,1.2082424968587486,7,7.5857142857142845,7,7,27,0.18916682179929606,0.1517650634721056,False
순창군,2018-07-09,0.9866359783576092,8,9.242857142857142,7,7,28,-0.013454123831786149,-0.014257930513733306,False
순창군,2018-07-16,1.1654276196988076,7,12.0,7,7,29,0.1530880752047179,0.032423552684919255,True
순창군,2018-07-23,1.2016665186895659,8,12.142857142857142,7,7,30,0.18370935892557672,0.12702555543377175,True
순창군,2018-07-30,1.221975756830981,7,12.071428571428571,7,7,31,0.20046902162542538,0.14380484019482775,True
순창군,2018-08-06,1.2361372345491866,7,10.828571428571427,7,8,32,0.2119913840606551,0.1608680695266421,True
순창군,2018-08-13,1.2909670660823787,7,12.428571428571429,7,8,33,0.2553916011459097,0.15707345174811357,True
순창군,2018-08-20,1.0219967511819623,7,8.571428571428571,7,8,34,0.02175831289383999,-0.052531203177951166,False
순창군,2018-08-27,1.123563570397762,7,6.614285714285714,7,8,35,0.11650539350603718,0.03605428574831908,False
순창군,2018-09-03,1.0592372693696195,6,9.657142857142857,7,9,36,0.057549091919969,0.025701135862898232,False
순창군,2018-09-10,1.0640359208220869,6,9.485714285714286,7,9,37,0.06206915052072516,-0.003899795194474115,False
순창군,2018-09-17,0.9852238065907816,5,9.8,7,9,38,-0.014886448806448134,-0.01299041565869977,False
순창군,2018-09-24,0.9726038667309836,6,12.757142857142858,7,9,39,-0.027778405356172327,-0.07482937012923574,True
순창군,2019-06-03,0.9030951336856048,8,13.185714285714285,7,6,23,-0.10192737819565993,-0.12963112554647818,True
순창군,2019-06-10,0.9354748639407536,7,9.914285714285715,7,6,24,-0.066701002746287,-0.10956727480466648,False
순창군,2019-06-17,0.9283237451427517,7,11.514285714285714,7,6,25,-0.07437474373420946,-0.0854222989447711,True
순창군,2019-06-24,1.0119240652931165,8,8.571428571428571,7,6,26,0.011853533754720825,0.02018098934729108,False
순창군,2019-07-01,0.9358093301416812,7,11.857142857142858,7,7,27,-0.06634353036924566,-0.1037452886964361,True
순창군,2019-07-08,0.9866627272992987,9,8.342857142857142,7,7,28,-0.013427012942173258,-0.014230819624120416,False
순창군,2019-07-15,1.0713955295624218,7,7.071428571428571,7,7,29,0.0689620319363444,-0.05170249058345425,False
순창군,2019-07-22,0.8225424052268584,5,5.914285714285713,7,7,30,-0.1953552411647824,-0.25203904465658733,False
순창군,2019-07-29,0.8878774836243396,5,11.200000000000001,7,7,31,-0.11892151440005948,-0.1755856958306571,True
순창군,2019-08-05,1.0633224905663043,7,10.142857142857142,7,8,32,0.06139843111706578,0.010275116583052774,True
순창군,2019-08-12,0.936926146580265,7,8.8,7,8,33,-0.06515081886795711,-0.16346896826575325,False
순창군,2019-08-19,1.0779564830536623,5,9.757142857142856,7,8,34,0.07506710344718365,0.0007775873753924911,False
순창군,2019-08-26,0.9751270943054995,6,8.185714285714287,7,8,35,-0.025187463345675756,-0.10563857110339386,False
순창군,2019-09-02,0.9899992583471711,5,6.185714285714286,7,9,36,-0.010051084998053704,-0.04189904105512447,False
순창군,2019-09-09,0.9744531752895533,5,9.171428571428573,7,9,37,-0.02587881117402491,-0.09184775688922418,False
순창군,2019-09-16,1.0202166891855864,5,11.057142857142855,7,9,38,0.020015045111943845,0.02191107825969221,True
순창군,2019-09-23,1.064796158602788,6,12.571428571428571,7,9,39,0.06278338046903052,0.015732415695967117,True
순창군,2019-09-30,0.8190538776078139,6,7.414285714285714,7,9,40,-0.19960541266785578,-0.14320073793918425,False
순창군,2020-06-01,0.908650878532392,8,12.271428571428572,7,6,23,-0.09579433060077847,-0.1234980779515967,True
순창군,2020-06-08,1.0872279801573308,8,10.314285714285715,7,6,24,0.0836313195035171,0.04076504744513762,True
순창군,2020-06-15,1.0256818701893917,8,10.757142857142856,7,6,25,0.02535763062601488,0.014310075415453243,True
순창군,2020-06-22,1.0168877968076213,9,9.857142857142858,7,6,26,0.01674678335709181,0.025074238949662063,False
순창군,2020-06-29,1.103975910950019,8,6.8999999999999995,7,6,27,0.0989181278251989,0.06151636949800847,False
순창군,2020-07-06,0.9914577119989436,8,8.27142857142857,7,7,28,-0.008578982462412324,-0.009382789144359482,False
순창군,2020-07-13,1.2071788796918212,7,6.285714285714286,7,7,29,0.18828613303335281,0.06762161051355417,False
순창군,2020-07-20,1.1593275343335574,7,5.357142857142857,7,7,30,0.14784012523901383,0.09115632174720886,False
순창군,2020-07-27,0.991352849090471,7,6.385714285714286,7,7,31,-0.008684754451555561,-0.0653489358821532,False
순창군,2020-08-03,0.8288689414599588,9,5.371428571428571,7,8,32,-0.18769322867290725,-0.23881654320692025,False
순창군,2020-08-10,1.1227679152628676,7,7.542857142857144,7,8,33,0.11579698944969241,0.01747884005189629,False
순창군,2020-08-17,0.872727580955743,5,10.314285714285713,7,8,34,-0.13613182114618685,-0.210421337217978,True
순창군,2020-08-24,0.9759624108379583,6,8.185714285714285,7,8,35,-0.024331206796406345,-0.10478231455412446,False
순창군,2020-08-31,0.7719636166457969,6,7.914285714285714,7,8,36,-0.25881785876510705,-0.2906658148221778,False
순창군,2020-09-07,0.9364099409492238,6,6.6000000000000005,7,9,37,-0.06570192728629448,-0.13167087300149377,False
순창군,2020-09-14,0.8836177710897442,6,9.957142857142857,7,9,38,-0.12373069549520709,-0.12183466234745872,False
순창군,2020-09-21,0.9888602480563597,8,11.957142857142857,7,9,39,-0.011202263657186785,-0.05825322843025019,True
순창군,2020-09-28,0.8050301021673296,8,11.057142857142859,7,9,40,-0.216875608266029,-0.16047093353735747,True
순창군,2021-06-07,1.0601604631372472,9,12.571428571428571,7,6,23,0.05842027698528937,0.03071652963447113,True
순창군,2021-06-14,1.0020484127064158,7,8.442857142857141,7,6,24,0.0020463175697563595,-0.04081995448862312,False
순창군,2021-06-21,1.0296345547874064,5,11.257142857142856,7,6,25,0.029203938107439483,0.018156382896877845,True
순창군,2021-06-28,0.9176822473055433,8,8.757142857142856,7,6,26,-0.08590408411322259,-0.07757662852065234,False
순창군,2021-07-05,1.13668107087869,3,6.228571428571428,7,7,27,0.1281126748743158,0.09071091654712536,False
순창군,2021-07-19,1.0093347096396437,2,10.957142857142856,7,7,29,0.009291410485730681,-0.11137311203406797,True
순창군,2021-07-26,0.9895742947089705,2,11.257142857142856,7,7,30,-0.010480433676785679,-0.06716423716859063,True
순창군,2021-08-02,0.8842684804475301,3,9.728571428571428,7,8,31,-0.12299455154182146,-0.17965873297241908,False
순창군,2021-08-09,0.7833986011378489,3,9.599999999999998,7,8,32,-0.2441136433815014,-0.2952369579155144,False
순창군,2021-08-16,1.1073526347505893,3,8.885714285714284,7,8,33,0.10197215291044757,0.003654003512651452,False
순창군,2021-08-23,1.0948786672652182,4,6.628571428571429,7,8,34,0.09064355097852346,0.016354034906732304,False
순창군,2021-09-20,0.9899327287192152,2,10.842857142857142,7,9,38,-0.010118288950932358,-0.008222255803183993,True
순창군,2021-09-27,1.06655441661635,3,10.771428571428572,7,9,39,0.06443328117786908,0.01738231640480567,True
순창군,2022-06-06,0.9765312999925431,8,10.528571428571428,7,6,23,-0.023748475935325968,-0.05145222328614421,True
순창군,2022-06-13,1.0677400213942516,6,9.128571428571428,7,6,24,0.06554428524435481,0.02267801318597533,False
순창군,2022-06-20,0.9508307788474901,8,9.314285714285715,7,6,25,-0.05041917249344597,-0.06146672770400761,False
순창군,2022-06-27,0.9695622332122764,8,8.071428571428571,7,6,26,-0.030910615320622295,-0.02258315972805204,False
순창군,2022-07-04,0.954616690836657,8,8.485714285714284,7,7,27,-0.04644538992391505,-0.08384714825110548,False
순창군,2022-07-11,0.973320095516125,6,7.8999999999999995,7,7,28,-0.02704227297753879,-0.027846079659485948,False
순창군,2022-07-18,1.2717924163629766,4,7.385714285714286,7,7,29,0.24042725691703465,0.119762734397236,False
순창군,2022-07-25,1.1856681199812746,6,9.385714285714286,7,7,30,0.17030643003370236,0.11362262654189739,False
순창군,2022-08-01,1.2384413468946143,6,6.971428571428573,7,8,31,0.21385361064628267,0.15718942921568504,False
순창군,2022-08-08,1.0381253351469653,6,6.014285714285715,7,8,32,0.03741652422410851,-0.013706790309904494,False
순창군,2022-08-15,0.9627692507935803,8,8.471428571428572,7,8,33,-0.03794151085620004,-0.13625966025399616,False
순창군,2022-08-22,1.1015861497185806,6,9.142857142857142,7,8,34,0.09675109547616327,0.022461579404372115,False
순창군,2022-08-29,1.1589315994919773,6,7.242857142857143,7,8,35,0.14749854578428184,0.06704743802656374,False
순창군,2022-09-05,0.9870733101180894,6,10.714285714285714,7,9,36,-0.01301096660474061,-0.04485892266181138,True
순창군,2022-09-12,1.041842414365013,6,8.328571428571427,7,9,37,0.0409906980794218,-0.024978247635777474,False
순창군,2022-09-19,1.0502329782157578,7,12.042857142857143,7,9,38,0.04901202357182206,0.050908056719570424,True
순창군,2022-09-26,1.1199891136780047,5,14.485714285714284,7,9,39,0.1133189653294114,0.06626800055634799,True
순창군,2023-06-05,1.0453466862551772,8,11.700000000000001,7,6,23,0.04434858757951656,0.01664484022869832,True
순창군,2023-06-12,1.1124291284020726,6,13.757142857142858,7,6,24,0.1065460282218951,0.06367975616351562,True
순창군,2023-06-19,1.2142486803853145,5,10.62857142857143,7,6,25,0.194125515469657,0.18307796025909537,True
순창군,2023-06-26,1.071425553024758,7,6.785714285714286,7,6,26,0.06899005430609072,0.07731750989866097,False
순창군,2023-07-03,0.8049565769290443,9,7.685714285714285,7,7,27,-0.2169669447215302,-0.2543687030487206,False
순창군,2023-07-10,0.9042138811627973,8,5.557142857142856,7,7,28,-0.10068935236732184,-0.10149315904926899,False
순창군,2023-07-17,1.0403069924288966,6,7.057142857142858,7,7,29,0.039515854622537816,-0.08114866789726083,False
순창군,2023-07-24,1.0300527331613654,5,9.814285714285715,7,7,30,0.029609998175054275,-0.02707380531675068,False
순창군,2023-07-31,0.9818724568760545,6,11.885714285714286,7,7,31,-0.018293860044550803,-0.07495804147514842,True
순창군,2023-08-07,1.0711940592188824,5,8.7,7,8,32,0.06877396946727608,0.01765065493326308,False
순창군,2023-08-14,1.1560018506314276,5,10.12857142857143,7,8,33,0.1449673711411427,0.04664922174334657,True
순창군,2023-08-21,1.1255118843945873,5,9.457142857142857,7,8,34,0.11823794052221788,0.043948424450426724,False
순창군,2023-08-28,1.0842961947413714,6,7.92857142857143,7,8,35,0.08093110807489275,0.000480000317174642,False
순창군,2023-09-04,1.2095590959585643,6,12.471428571428572,7,9,36,0.19025590969953,0.15840795364245921,True
순창군,2023-09-11,1.1465803743039598,7,7.742857142857142,7,9,37,0.1367839249179232,0.07081497920272393,False
순창군,2023-09-18,1.0535082662278517,9,9.614285714285714,7,9,38,0.052125800674466975,0.05402183382221534,False
순창군,2023-09-25,0.9664040541258281,7,8.557142857142859,7,9,39,-0.03417325672985185,-0.08122422150291525,False
순창군,2024-06-03,1.0294479123933795,8,11.414285714285715,7,6,23,0.029022651153164564,0.0013189038023463245,True
순창군,2024-06-10,0.975221074290025,7,14.914285714285713,7,6,24,-0.02509109082500325,-0.06795736288338272,True
순창군,2024-06-17,0.9590307972900755,9,11.642857142857142,7,6,25,-0.04183209065180151,-0.05287964586236315,True
순창군,2024-06-24,0.8978910809612248,8,9.271428571428572,7,6,26,-0.10770650872530713,-0.09937905313273687,False
순창군,2024-07-01,1.033020424519567,7,7.742857142857143,7,7,27,0.03248696198421257,-0.004914796342977867,False
순창군,2024-07-08,0.8796629873523013,6,5.5,7,7,28,-0.12821641377904844,-0.1290202204609956,False
순창군,2024-07-15,1.1372589761930256,5,6.614285714285714,7,7,29,0.1286209603302334,0.007956437810434758,False
순창군,2024-07-22,1.1160723866643145,4,7.585714285714287,7,7,30,0.10981572445806392,0.05313192096625897,False
순창군,2024-07-29,1.1462926888089426,5,9.585714285714287,7,7,31,0.1365329860402723,0.07986880460967469,False
순창군,2024-08-05,1.1356332610146658,5,10.485714285714284,7,8,32,0.12719043456311982,0.07606712002910682,True
순창군,2024-08-12,1.1439839856233593,4,11.5,7,8,33,0.13451689427864552,0.0361987448808494,True
순창군,2024-08-19,1.237059046838416,4,8.885714285714284,7,8,34,0.2127368261744517,0.13844731010266054,False
순창군,2024-08-26,1.2048404530117005,4,10.57142857142857,7,8,35,0.18634715403674879,0.10589604627903068,True
순창군,2024-09-02,1.07334588265635,4,8.914285714285713,7,9,36,0.07078076273571136,0.038932806678640595,False
순창군,2024-09-09,1.2285886326319984,3,11.285714285714286,7,9,37,0.20586605741121833,0.13989711169601904,True
순창군,2024-09-16,1.0336485414689374,3,8.1,7,9,38,0.03309481643893886,0.034990849586687224,False
순창군,2024-09-23,1.0759336099169678,4,11.928571428571429,7,9,39,0.07318875901535689,0.026137794242293483,True
순창군,2024-09-30,1.0468862428187036,4,11.414285714285715,7,9,40,0.04582027538253804,0.10222495011120955,True
순창군,2025-06-02,1.3056655784355875,5,13.414285714285713,7,6,23,0.26671293254747175,0.2390091851966535,True
순창군,2025-06-09,1.1737718646654531,6,10.528571428571428,7,6,24,0.16022237940982034,0.11735610735144086,True
순창군,2025-06-16,1.0681565636416748,5,9.185714285714285,7,6,25,0.06593432496408862,0.05488676975352698,False
순창군,2025-06-23,1.0608634879958965,6,10.928571428571429,7,6,26,0.05908318782514017,0.06741064341771043,True
순창군,2025-06-30,1.20709715742863,6,10.757142857142858,7,6,27,0.18821843384571565,0.15081667551852523,True
순창군,2025-07-07,1.2678200327113198,5,11.5,7,7,28,0.23729891590362184,0.2364951092216747,True
순창군,2025-07-14,1.1851762281385692,6,8.071428571428571,7,7,29,0.16989147925875708,0.04922695673895844,False
순창군,2025-07-21,1.069063302825927,6,11.757142857142858,7,7,30,0.0667828471520791,0.01009904366027415,True
순창군,2025-07-28,1.1623943706954059,6,12.114285714285712,7,7,31,0.150481990433068,0.09381780900247039,True
순창군,2025-08-04,1.2369164199797393,5,7.385714285714285,7,8,32,0.2126215244176254,0.1614982098836124,False
순창군,2025-08-11,1.1468195656685045,5,9.671428571428569,7,8,33,0.1369925159806882,0.038674366582892084,False
순창군,2025-08-18,1.1221574423745604,7,10.942857142857141,7,8,34,0.1152531202281362,0.04096360415634505,True
순창군,2025-08-25,1.0847984648356854,6,9.542857142857143,7,8,35,0.08139422304414817,0.0009431152864300685,False
순창군,2025-09-01,1.2046991146922161,5,9.9,7,9,36,0.1862298384121864,0.15438188235511563,False
순창군,2025-09-08,1.1136618253798864,6,8.128571428571428,7,9,37,0.10765352753742582,0.04168458182222655,False
순창군,2025-09-15,0.9795318576496799,7,8.428571428571429,7,9,38,-0.020680517726571077,-0.018784484578822713,False
순창군,2025-09-22,1.145495458129726,8,8.5,7,9,39,0.13583725793605034,0.08878629316298693,False
순창군,2025-09-29,1.156088178865705,7,8.785714285714286,7,9,40,0.14504204663666068,0.2014467213653322,False
순창군,2026-06-01,0.9982791646941495,8,12.528571428571428,7,6,23,-0.001722317643742485,-0.029426064994560724,True
순창군,2026-06-08,1.1095590860511335,6,13.828571428571427,7,6,24,0.10396271663781703,0.06109644457943755,True
순창군,2026-06-15,1.019007366633711,7,10.271428571428572,7,6,25,0.01882898349189625,0.007781428281334612,True
순창군,2026-06-22,1.0316539440707952,9,9.500000000000002,7,6,26,0.031163285312404403,0.03949074090497466,False
순창군,2026-06-29,1.0299071675944715,8,8.828571428571427,7,6,27,0.029468669630665908,-0.007933088696524527,False
순창군,2026-07-06,1.0624097700582729,6,8.1,7,7,28,0.060539695912236194,0.05973588923028904,False
순창군,2026-07-13,1.0918761999530446,6,6.785714285714286,7,7,29,0.087897500889479,-0.03276702163031965,False
순창군,2026-07-20,1.0079569115771916,7,8.5,7,7,30,0.007925422284322465,-0.04875838120748249,False
순창군,2026-07-27,1.080619734249207,6,11.671428571428573,7,7,31,0.07753470456831763,0.020870523137719997,True
순창군,2026-08-03,1.1883008564043533,3,11.8,7,8,32,0.172524435010675,0.12140112047666199,True
완주군,2018-06-04,0.9444817756383003,12,13.571428571428571,7,6,23,-0.0571188874746901,0.05437026793934806,True
완주군,2018-06-11,0.847055434975753,12,12.299999999999999,7,6,24,-0.16598913785810984,-0.06684015281911751,True
완주군,2018-06-18,0.9885928024831869,11,12.857142857142858,7,6,25,-0.011472758650461636,0.060949372843347054,True
완주군,2018-06-25,0.8734127762084,15,10.285714285714286,7,6,26,-0.13534700990805812,-0.023138657439162158,True
완주군,2018-07-02,0.9287843438575154,14,8.757142857142858,7,7,27,-0.07387870505241578,0.028200344467057492,False
완주군,2018-07-09,0.9259492890306537,16,9.971428571428572,7,7,28,-0.0769358093013478,0.03759523808374593,False
완주군,2018-07-16,0.9363930596098251,14,12.685714285714287,7,7,29,-0.0657199551721897,0.018087671549963796,True
완주군,2018-07-23,0.9271942604970823,13,12.514285714285716,7,7,30,-0.07559217712126501,0.05003926294952668,True
완주군,2018-07-30,0.9716852938974074,16,13.171428571428573,7,7,31,-0.028723298657560622,0.10213623335033761,True
완주군,2018-08-06,0.9733387809651002,17,12.071428571428571,7,8,32,-0.027023075521629556,0.07110443345434209,True
완주군,2018-08-13,0.9668899770506222,17,14.457142857142856,7,8,33,-0.033670567612531205,0.10255934411640344,True
완주군,2018-08-20,0.9611636239475074,21,9.242857142857142,7,8,34,-0.03961062025176782,0.0502886563213615,False
완주군,2018-08-27,0.8876441413228083,17,8.2,7,8,35,-0.11918435806199643,0.019080365160118684,False
완주군,2018-09-03,0.9582503311344832,13,11.857142857142858,7,9,36,-0.04264622915984879,0.07381221804368665,True
완주군,2018-09-10,1.0074664749516706,15,9.985714285714284,7,9,37,0.0074387388028470825,0.08078108624205177,False
완주군,2018-09-17,1.0163853181484845,14,10.385714285714284,7,9,38,0.016252527405277106,0.11829532928815281,True
완주군,2018-09-24,0.9466832653115027,11,14.414285714285713,7,9,39,-0.05479070286895356,0.048215119889505234,True
완주군,2019-06-03,0.8948016077219816,10,13.942857142857141,7,6,23,-0.11115325262886115,0.0003359027851770058,True
완주군,2019-06-10,0.8894469881951579,11,11.271428571428572,7,6,24,-0.11715537095953592,-0.018006385920543586,True
완주군,2019-06-17,0.9017525741408939,12,11.585714285714285,7,6,25,-0.10341510459663687,-0.030992973102828184,True
완주군,2019-06-24,0.8551401406509592,13,9.22857142857143,7,6,26,-0.156489916282589,-0.044281563813693026,False
완주군,2019-07-01,0.8042894407484628,17,11.857142857142858,7,7,27,-0.21779607365703407,-0.1157170241375608,True
완주군,2019-07-08,0.7696199979412615,15,8.585714285714285,7,7,28,-0.2618583951173292,-0.1473273477322355,False
완주군,2019-07-15,0.9326607555629484,15,8.071428571428571,7,7,29,-0.06971375029735447,0.014093876424799034,False
완주군,2019-07-22,0.9740810593298892,14,6.8,7,7,30,-0.02626075567115154,0.09937068439964014,False
완주군,2019-07-29,0.9362099825939438,14,9.828571428571431,7,7,31,-0.06591548728693956,0.06494404472095867,False
완주군,2019-08-05,0.9299981261612715,17,10.157142857142858,7,8,32,-0.0725727077172185,0.025554801258753146,True
완주군,2019-08-12,0.845441108508633,20,8.542857142857143,7,8,33,-0.16789676592728991,-0.03166685419835527,False
완주군,2019-08-19,0.8867012467949019,14,10.357142857142858,7,8,34,-0.12024716649036163,-0.030347889917232307,True
완주군,2019-08-26,0.8190066048285392,13,8.628571428571428,7,8,35,-0.19966313065787475,-0.06139840743575964,False
완주군,2019-09-02,0.8834893473575691,14,6.8999999999999995,7,9,36,-0.12387604461531472,-0.007417597411779275,False
완주군,2019-09-09,0.9751185975336855,12,9.114285714285716,7,9,37,-0.025196176885564227,0.04814617055364046,False
완주군,2019-09-16,0.8757354877837545,15,10.857142857142858,7,9,38,-0.13269118822796547,-0.030648386345089762,True
완주군,2019-09-23,0.937251715162104,13,11.657142857142857,7,9,39,-0.0648033933735473,0.03820242938491149,True
완주군,2019-09-30,0.9182480655975203,14,7.985714285714287,7,9,40,-0.08528770090312515,-0.03194303811458443,False
완주군,2020-06-01,0.8892920229507799,15,12.5,7,6,23,-0.11732961264850657,-0.00584045723446841,True
완주군,2020-06-08,0.8272233241006902,18,11.685714285714287,7,6,24,-0.1896805791788089,-0.09053159413981657,True
완주군,2020-06-15,0.9262177496584815,15,10.757142857142858,7,6,25,-0.07664592116048353,-0.004223789666674846,True
완주군,2020-06-22,0.9025173943449452,21,9.700000000000001,7,6,26,-0.10256731544842822,0.009641037020467744,False
완주군,2020-06-29,0.8513387654399142,17,7.728571428571429,7,6,27,-0.16094515037344276,-0.05886610085396948,False
완주군,2020-07-06,0.8650484381605582,16,8.685714285714285,7,7,28,-0.14496977574460243,-0.0304387283595087,False
완주군,2020-07-13,0.834455468310805,19,8.0,7,7,29,-0.1809759006225081,-0.0971682739003546,False
완주군,2020-07-20,0.8462339822063095,21,5.857142857142857,7,7,30,-0.16695938290369902,-0.04132794283290733,False
완주군,2020-07-27,0.8005608482493325,15,6.257142857142857,7,7,31,-0.22244273663053113,-0.09158320462263289,False
완주군,2020-08-03,0.8315269545661346,17,6.171428571428572,7,8,32,-0.1844915640782543,-0.08636405510228265,False
완주군,2020-08-10,0.8559281700224052,18,8.214285714285714,7,8,33,-0.15556881988655938,-0.019338908157624735,False
완주군,2020-08-17,1.0031993684173677,17,10.814285714285713,7,8,34,0.003194261328306342,0.09309353790143567,True
완주군,2020-08-24,0.925169166393106,17,9.27142857142857,7,8,35,-0.07777867560355198,0.06048604761856313,False
완주군,2020-08-31,0.7828909889882549,16,7.942857142857143,7,8,36,-0.24476181492087154,-0.12830336771733608,False
완주군,2020-09-07,0.9005887885799899,14,7.728571428571428,7,9,37,-0.10470652002627495,-0.03136417258707026,False
완주군,2020-09-14,0.9116891345806027,14,9.700000000000001,7,9,38,-0.09245620821967032,0.009586593663205384,False
완주군,2020-09-21,0.8867993198144496,15,12.428571428571429,7,9,39,-0.12013656825149538,-0.017130745493036587,True
완주군,2020-09-28,0.9066144192263703,14,11.271428571428572,7,9,40,-0.09803803587390504,-0.04469337308536432,True
완주군,2021-06-07,0.9080199547852564,13,13.157142857142858,7,6,23,-0.09648892398658152,0.015000231427456642,True
완주군,2021-06-14,0.9840505119464322,13,8.828571428571427,7,6,24,-0.016078049968496762,0.08307093507049557,False
완주군,2021-06-21,0.8567686593434524,15,11.528571428571428,7,6,25,-0.15458733924841403,-0.08216520775460534,True
완주군,2021-06-28,0.822677946199163,15,10.085714285714287,7,6,26,-0.19519047177994736,-0.0829821193110514,True
완주군,2021-07-05,0.938514961277832,13,7.242857142857143,7,7,27,-0.06345648139075821,0.03862256812871506,False
완주군,2021-07-12,0.9118708655467692,12,12.114285714285716,7,7,28,-0.09225689372850425,0.022274153656589482,True
완주군,2021-07-19,0.9449891384240168,14,12.342857142857142,7,7,29,-0.056581845285646915,0.027225781436506585,True
완주군,2021-07-26,0.8512484545039543,14,12.771428571428572,7,7,30,-0.1610512370807629,-0.03541979700997122,True
완주군,2021-08-02,0.8195036077039562,12,9.6,7,8,31,-0.19905647848462835,-0.06819694647673011,False
완주군,2021-08-09,0.8720229205568534,11,10.657142857142858,7,8,32,-0.13693957037634005,-0.038812061400368414,True
완주군,2021-08-16,0.8790298655556351,15,9.214285714285714,7,8,33,-0.1289364051328196,0.007293506596115051,False
완주군,2021-08-23,0.8681644146556227,15,6.457142857142857,7,8,34,-0.14137416445305756,-0.05147488787992824,False
완주군,2021-08-30,0.8258222288382978,14,8.499999999999998,7,8,35,-0.19137574794825585,-0.05311102472614074,False
완주군,2021-09-06,0.9494169369713487,13,9.285714285714286,7,9,36,-0.05190723336599842,0.06455121383753702,False
완주군,2021-09-13,0.8612518030751671,14,10.557142857142859,7,9,37,-0.14936836310038806,-0.07602601566118337,True
완주군,2021-09-20,0.9156544450378432,9,11.157142857142857,7,9,38,-0.08811622889067007,0.013926572992205635,True
완주군,2021-09-27,0.845453367764421,16,10.585714285714285,7,9,39,-0.1678822656069443,-0.06487644284848551,True
완주군,2022-06-06,0.8920000937637519,15,10.671428571428573,7,6,23,-0.11428904128581942,-0.0027998858717812602,True
완주군,2022-06-13,0.9340162602411536,17,10.1,7,6,24,-0.06826143165306327,0.030887553385929065,True
완주군,2022-06-20,0.9047751166782821,16,10.757142857142858,7,6,25,-0.100068856019183,-0.02764672452537431,True
완주군,2022-06-27,0.9388580086945881,15,8.885714285714284,7,6,26,-0.06309102665580563,0.049117325813090335,False
완주군,2022-07-04,0.7979952257310369,15,9.085714285714285,7,7,27,-0.22565266434341213,-0.12357361482393886,False
완주군,2022-07-11,0.8645013489059977,14,7.714285714285714,7,7,28,-0.14560241352918474,-0.031071366144091006,False
완주군,2022-07-18,0.8458922973559618,12,7.0,7,7,29,-0.16736323557015612,-0.08355560884800262,False
완주군,2022-07-25,0.8234106625146704,15,10.471428571428573,7,7,30,-0.19430022035603084,-0.06866878028523915,True
완주군,2022-08-01,0.8761334440018325,13,8.185714285714285,7,8,31,-0.1322368663118648,-0.0013773343039665542,False
완주군,2022-08-08,0.9368889200725389,15,6.257142857142857,7,8,32,-0.06519055225295703,0.03293695672301461,False
완주군,2022-08-15,0.8608402672538399,13,8.714285714285714,7,8,33,-0.1498463117957592,-0.013616400066824547,False
완주군,2022-08-22,0.8634277183017521,15,9.37142857142857,7,8,34,-0.14684509271409307,-0.05694581614096375,False
완주군,2022-08-29,0.9010537129486986,14,7.971428571428572,7,8,35,-0.10419040833526585,0.034074314886849255,False
완주군,2022-09-05,0.9336746202119284,17,11.428571428571429,7,9,36,-0.06862727381314573,0.04783117339038971,True
완주군,2022-09-12,0.9242314044656169,14,9.057142857142857,7,9,37,-0.07879280096139564,-0.005450453522190951,False
완주군,2022-09-19,0.7801383330815104,13,13.171428571428569,7,9,38,-0.24828402491866977,-0.14624122303579407,True
완주군,2022-09-26,0.790231850269327,14,14.728571428571428,7,9,39,-0.23542889522471977,-0.13242307246626098,True
완주군,2023-06-05,0.8525064217510253,16,13.057142857142859,7,6,23,-0.15957453700705945,-0.048085381593021295,True
완주군,2023-06-12,0.961658219951767,17,14.142857142857142,7,6,24,-0.03909617215899517,0.06005281287999716,True
완주군,2023-06-19,1.016785439086878,19,12.299999999999999,7,6,25,0.016646120459018404,0.0890682519528271,True
완주군,2023-06-26,0.9705605407103072,15,7.614285714285714,7,6,26,-0.02988149737040107,0.08232685509849488,False
완주군,2023-07-03,0.869313355304967,16,8.728571428571428,7,7,27,-0.14005162572861804,-0.037972576209144765,False
완주군,2023-07-10,0.950454514847894,17,6.185714285714286,7,7,28,-0.050814972119894296,0.06371607526519943,False
완주군,2023-07-17,0.9825471710726986,18,8.471428571428572,7,7,29,-0.01760692512130262,0.06620070160085088,False
완주군,2023-07-24,0.9279024944624507,14,8.685714285714285,7,7,30,-0.07482862233860021,0.050802817732191474,False
완주군,2023-07-31,1.0231732611478972,15,11.128571428571428,7,7,31,0.022908838364702255,0.1537683703726005,True
완주군,2023-08-07,0.9385090085534227,15,8.285714285714286,7,8,32,-0.06346282411680218,0.03466468485916946,False
완주군,2023-08-14,0.7645047093737437,15,10.62857142857143,7,8,33,-0.2685270935616941,-0.13229718183275943,True
완주군,2023-08-21,0.8701352821382391,15,9.842857142857143,7,8,34,-0.1391065827112484,-0.04920730613811908,False
완주군,2023-08-28,0.8145136608236668,17,9.2,7,8,35,-0.2051640790442629,-0.06689935582214779,False
완주군,2023-09-04,0.8498427935705386,14,12.0,7,9,36,-0.16270389534344512,-0.046245448139909676,True
완주군,2023-09-11,0.9432286412735207,14,7.142857142857143,7,9,37,-0.058446564153941866,0.014895783285262823,False
완주군,2023-09-18,0.9526613252547541,17,9.385714285714286,7,9,38,-0.048495815976620234,0.05354698590625547,False
완주군,2023-09-25,0.8932984269256868,18,7.9142857142857155,7,9,39,-0.11283456924568389,-0.009828746487225093,False
완주군,2024-06-03,0.8702762256142184,18,13.985714285714286,7,6,23,-0.1389446170201925,-0.02745546160615435,True
완주군,2024-06-10,0.9386425636754531,22,15.785714285714286,7,6,24,-0.06332052860456801,0.035828456434424324,True
완주군,2024-06-17,0.9503370417301015,22,13.557142857142859,7,6,25,-0.05093857653883814,0.02148355495497055,True
완주군,2024-06-24,0.8960139852772017,22,11.1,7,6,26,-0.10979925756071358,0.002409094908182377,True
완주군,2024-07-01,1.019592845380229,19,9.071428571428571,7,7,27,0.01940337641029663,0.1214824259297699,False
완주군,2024-07-08,0.8509467206517627,15,6.6,7,7,28,-0.16140576029849474,-0.04687471291340101,False
완주군,2024-07-15,0.962803232239317,18,8.22857142857143,7,7,29,-0.03790621595451279,0.04590141076764071,False
완주군,2024-07-22,0.8311095178277377,19,8.628571428571428,7,7,30,-0.18499370240385835,-0.05936226233306666,False
완주군,2024-07-29,0.7424542021161374,17,9.385714285714284,7,7,31,-0.2977940908592787,-0.16693455885138048,False
완주군,2024-08-05,0.8805424732090931,15,10.257142857142854,7,8,32,-0.12721711460666768,-0.02908960563069604,True
완주군,2024-08-12,0.9149613434890799,16,11.214285714285714,7,8,33,-0.08887346215198691,0.047356449576947734,True
완주군,2024-08-19,0.9162601616438015,18,9.157142857142857,7,8,34,-0.08745493537204989,0.0024443412010794335,False
완주군,2024-08-26,0.9021772612702461,19,10.828571428571431,7,8,35,-0.10294425797182748,0.03532046525028763,True
완주군,2024-09-02,0.8884002956237198,18,10.871428571428572,7,9,36,-0.11833285420221742,-0.0018744069986819795,True
완주군,2024-09-09,0.985361558885658,21,11.571428571428571,7,9,37,-0.014746640303336144,0.05859570713586854,True
완주군,2024-09-16,0.8561872382191502,21,9.5,7,9,38,-0.15526619052235274,-0.05322338863947704,False
완주군,2024-09-23,0.9487950953649829,17,12.057142857142859,7,9,39,-0.052562420055385535,0.05044340270307326,True
완주군,2024-09-30,0.9871616721111104,15,11.771428571428572,7,9,40,-0.012921451431647881,0.040423211356892835,True
완주군,2025-06-02,0.9221754646005798,21,15.114285714285714,7,6,23,-0.08101976485452402,0.030469390559514142,True
완주군,2025-06-09,0.8820341673737476,22,13.485714285714286,7,6,24,-0.12552448520667456,-0.026375500167682225,True
완주군,2025-06-16,0.9178995039446126,22,10.028571428571428,7,6,25,-0.08566736718145326,-0.013245235687644574,True
완주군,2025-06-23,0.9947057573630521,22,10.528571428571428,7,6,26,-0.005308306800857108,0.10690004566803886,True
완주군,2025-06-30,0.9860482516198594,20,10.814285714285713,7,6,27,-0.014049988842727195,0.08802906067674608,True
완주군,2025-07-07,0.9236076325601459,21,12.5,7,7,28,-0.07946793761200831,0.035063109773085424,True
완주군,2025-07-14,0.9688149884146157,19,8.371428571428572,7,7,29,-0.03168161574957874,0.05212601097257476,False
완주군,2025-07-21,0.8376239777212388,21,12.585714285714285,7,7,30,-0.1771859931387471,-0.05155455306795542,True
완주군,2025-07-28,0.8236679133832021,18,11.942857142857141,7,7,31,-0.19398784804497307,-0.06312831603707483,True
완주군,2025-08-04,0.9222997711019006,20,8.557142857142855,7,8,32,-0.080884976922322,0.017242532053649645,False
완주군,2025-08-11,0.907991857653658,20,9.600000000000003,7,8,33,-0.09651986776283698,0.03971004396609766,False
완주군,2025-08-18,0.9533721842844786,19,10.971428571428573,7,8,34,-0.04774991192076253,0.042149364652366794,True
완주군,2025-08-25,0.8995891425620053,21,9.914285714285713,7,8,35,-0.10581712815388557,0.03244759506822954,False
완주군,2025-09-01,0.8879745181245008,20,10.328571428571427,7,9,36,-0.11881223220744186,-0.002353785003906414,True
완주군,2025-09-08,0.849658773630131,20,8.471428571428572,7,9,37,-0.16292045288558368,-0.089578105446379,False
완주군,2025-09-15,0.9349284415607773,19,8.457142857142857,7,9,38,-0.06728528571233422,0.034757516170541486,False
완주군,2025-09-22,0.9845134025445823,21,9.257142857142856,7,9,39,-0.015607767440940572,0.08739805531751822,False
완주군,2025-09-29,0.9830144461655138,24,8.242857142857144,7,9,40,-0.017131462945484798,0.03621319984305592,False
완주군,2026-06-01,0.8803077103131224,24,15.285714285714286,7,6,23,-0.12748376182010873,-0.015994606406070574,True
완주군,2026-06-08,0.8983144456643445,23,14.714285714285714,7,6,24,-0.10723510976267848,-0.008086124723686153,True
완주군,2026-06-15,0.917916014051893,24,11.571428571428571,7,6,25,-0.08564938050782617,-0.013227249014017478,True
완주군,2026-06-22,0.8088026212139279,23,11.77142857142857,7,6,26,-0.21220037041326364,-0.09999201794436768,True
완주군,2026-06-29,0.9585973730172962,22,10.228571428571428,7,6,27,-0.042284132697147925,0.05979491682232535,True
완주군,2026-07-06,0.9826842028306838,24,9.685714285714285,7,7,28,-0.017467469014477814,0.09706357837061591,False
완주군,2026-07-13,0.8809810202222141,20,8.557142857142857,7,7,29,-0.12671919672613202,-0.04291157000397852,False
완주군,2026-07-20,0.9328499936016927,21,9.428571428571429,7,7,30,-0.06951086962301023,0.05612057044778146,False
완주군,2026-07-27,0.9413052338957157,23,10.742857142857142,7,7,31,-0.06048782016001018,0.07037171184788805,True
완주군,2026-08-03,0.8821746778002627,20,12.200000000000001,7,8,32,-0.12536519519155356,-0.027237686215581924,True
익산시,2018-06-04,1.0152801136033336,8,11.814285714285713,7,6,23,0.015164548413364998,-0.023204649978058146,True
익산시,2018-06-11,0.9986065866032539,9,11.157142857142857,7,6,24,-0.0013943850999543327,-0.07478875294771527,True
익산시,2018-06-18,0.9765192581683724,8,11.042857142857143,7,6,25,-0.023760807233274738,-0.05652328814947184,True
익산시,2018-07-02,1.0929135215753893,8,7.400000000000001,6,7,27,0.0888470858221343,0.04950341707079139,False
익산시,2018-07-09,1.0066732406760284,11,9.642857142857142,7,7,28,0.006651073170220997,-0.048382521160078976,False
익산시,2018-07-16,0.9544792352262442,12,12.028571428571428,7,7,29,-0.046589390661409456,-0.047094431493965284,True
익산시,2018-07-23,0.9088532619426647,11,11.428571428571429,7,7,30,-0.09557162584143057,-0.13249638686079218,True
익산시,2018-07-30,1.0243389634678417,11,12.071428571428571,7,7,31,0.024047490854174507,0.022184345567233858,True
익산시,2018-08-06,0.9306261117587117,11,10.471428571428572,7,8,32,-0.07189768090794947,-0.08440557559817252,True
익산시,2018-08-13,0.9448695431231925,9,12.6,7,8,33,-0.056708410623205405,-0.03249143526277108,True
익산시,2018-08-20,1.0082456250779537,12,8.77142857142857,7,8,34,0.008211815637655362,0.008295282984654491,False
익산시,2018-08-27,1.1211490843990135,10,8.185714285714285,7,8,35,0.1143541275747256,0.0939994775493752,False
익산시,2018-09-03,1.064523739786243,7,11.1,7,9,36,0.06252750645194417,0.05127440364109871,True
익산시,2018-09-10,1.0811172318818982,10,9.571428571428571,7,9,37,0.07799498040138042,0.04537228556980559,False
익산시,2018-09-17,1.1234323665468662,11,10.200000000000001,7,9,38,0.11638861194102613,0.06821238227795917,True
익산시,2018-09-24,1.060107513045782,5,14.071428571428571,7,9,39,0.05837033038224578,0.018651517698493693,True
익산시,2019-06-03,1.0181912233870043,5,12.214285714285714,7,6,23,0.018027742715108642,-0.020341455676314502,True
익산시,2019-06-10,1.1823201706671214,6,10.985714285714286,7,6,24,0.16747875427351794,0.094084386425757,True
익산시,2019-06-17,0.9067599417420737,5,10.871428571428572,7,6,25,-0.09787753673026645,-0.13064001764646355,True
익산시,2019-06-24,1.1489922381119524,7,9.028571428571428,7,6,26,0.1388852435017232,0.07042286228802225,False
익산시,2019-07-01,1.2311561798075972,10,12.97142857142857,7,7,27,0.20795371145982172,0.16861004270847882,True
익산시,2019-07-08,1.1815667941442114,7,8.785714285714286,7,7,28,0.1668413493894166,0.11180775505911664,False
익산시,2019-07-15,1.1166652585584034,8,8.700000000000001,7,7,29,0.11034679617559573,0.1098417553430399,False
익산시,2019-07-22,1.1535711333867553,11,6.914285714285713,7,7,30,0.14286246416573176,0.10593770314637016,False
익산시,2019-07-29,0.9192777399651231,8,10.799999999999999,7,7,31,-0.08416698251946038,-0.08603012780640103,True
익산시,2019-08-05,1.0831635414342378,10,10.485714285714284,7,8,32,0.07988596440617177,0.06737806971594872,True
익산시,2019-08-12,1.0066497934148733,11,8.971428571428572,7,8,33,0.006627781069788882,0.030844756430223202,False
익산시,2019-08-19,1.0298449539191856,8,11.328571428571427,7,8,34,0.02940826073519249,0.02949172808219162,True
익산시,2019-08-26,1.1070655718878337,9,9.742857142857144,7,8,35,0.1017128858365922,0.0813582358112418,False
익산시,2019-09-02,1.1103720710041183,7,7.514285714285713,7,9,36,0.10469515826038375,0.09344205544953829,False
익산시,2019-09-09,1.1971425026054596,7,8.328571428571427,7,9,37,0.17993746928567717,0.14731477445410235,False
익산시,2019-09-16,1.0482029354873283,6,10.842857142857143,7,9,38,0.047077207885087326,-0.0010990217779796377,True
익산시,2019-09-23,1.0259137976736963,7,11.671428571428573,7,9,39,0.025583725356985065,-0.014135087326767024,True
익산시,2019-09-30,1.0716889118553456,6,8.942857142857145,7,9,40,0.06923582636934632,0.03406479031394904,False
익산시,2020-06-01,0.9361126501391632,9,11.442857142857141,7,6,23,-0.06601945703357047,-0.10438865542499362,True
익산시,2020-06-08,1.022575258416333,11,11.299999999999999,7,6,24,0.022324208589460597,-0.051070159258300336,True
익산시,2020-06-15,0.9157172205656607,9,9.714285714285714,7,6,25,-0.08804767314196962,-0.12081015405816672,False
익산시,2020-06-22,1.0256516707491616,10,9.414285714285715,7,6,26,0.025328186910861226,-0.04313419430283974,False
익산시,2020-06-29,0.9849281455050146,10,7.3428571428571425,7,6,27,-0.015186589196809364,-0.05453025794815228,False
익산시,2020-07-06,1.0723140234560762,11,9.257142857142856,7,7,28,0.06981895208074193,0.014785357750441958,False
익산시,2020-07-13,1.0044080798339727,16,7.585714285714287,7,7,29,0.0043983927073801546,0.0038933518748243234,False
익산시,2020-07-20,0.9982754361728544,14,5.642857142857143,7,7,30,-0.0017260525992437556,-0.038650813618605354,False
익산시,2020-07-27,1.0693719315762855,9,6.214285714285714,7,7,31,0.06707149629846072,0.06520835101152007,False
익산시,2020-08-03,1.000086807604764,13,6.142857142857143,7,8,32,8.680383720189455e-05,-0.01242109085302116,False
익산시,2020-08-10,1.0120726553704125,13,8.714285714285714,7,8,33,0.0120003621325002,0.03621733749293452,False
익산시,2020-08-17,1.0060302340357294,16,10.799999999999999,7,8,34,0.006012124939392416,0.006095592286391546,True
익산시,2020-08-24,1.0053077823600085,14,9.842857142857142,7,8,35,0.005293745730227855,-0.015060904295122546,False
익산시,2020-08-31,0.9843839669751587,14,8.042857142857143,7,8,36,-0.015739247701530904,-0.02699235051237637,False
익산시,2020-09-07,1.0076622729394704,13,7.757142857142857,7,9,37,0.007633066821462127,-0.024989628010112702,False
익산시,2020-09-14,0.9389423696709873,14,10.585714285714285,7,9,38,-0.06300117580964766,-0.11117740547271462,True
익산시,2020-09-21,1.007246589077209,15,12.014285714285714,7,9,39,0.007220458711989001,-0.03249835397176309,True
익산시,2020-09-28,1.0588788104576343,13,11.571428571428571,7,9,40,0.05721062235371508,0.0220395862983178,True
익산시,2021-06-07,1.2253489494734957,9,13.014285714285714,7,6,23,0.20322566014577764,0.1648564617543545,True
익산시,2021-06-14,1.2810180623260579,7,8.642857142857142,7,6,24,0.24765512299166048,0.17426075514389955,False
익산시,2021-06-21,1.1189743367055993,7,10.87142857142857,7,6,25,0.11241249493417792,0.07965001401798082,True
익산시,2021-06-28,1.2806283359741972,6,8.785714285714286,7,6,26,0.24735084496552373,0.17888846375182277,False
익산시,2021-07-05,1.2002473148142663,8,7.0,7,7,27,0.18252763123771304,0.14318396248637014,False
익산시,2021-07-12,1.1821632163995794,8,10.742857142857144,7,7,28,0.16734599439148115,0.11231240006118118,True
익산시,2021-07-19,0.9141104230940693,9,12.514285714285714,7,7,29,-0.08980390181208645,-0.09030894264464227,True
익산시,2021-07-26,1.0446831353928299,14,11.171428571428573,7,7,30,0.04371361971660005,0.006788858697238456,True
익산시,2021-08-02,0.948569333395132,11,9.714285714285714,7,8,31,-0.05280039433960227,-0.05466353962654292,False
익산시,2021-08-09,1.0675547519371031,10,10.428571428571429,7,8,32,0.06537075467618474,0.052862859985961685,True
익산시,2021-08-16,1.0605225441940542,7,9.657142857142857,7,8,33,0.058761752876852306,0.08297872823728662,False
익산시,2021-08-23,0.9684376050615352,8,6.1428571428571415,7,8,34,-0.03207122251446322,-0.03198775516746409,False
익산시,2021-08-30,1.0143719508647366,6,7.642857142857143,7,8,35,0.014269653357110616,-0.006084996668239785,False
익산시,2021-09-06,1.0490398841536428,8,9.271428571428572,7,9,36,0.0478753498101963,0.036622246999350835,False
익산시,2021-09-13,0.9752153142201906,12,10.142857142857142,7,9,37,-0.025096997267139366,-0.05771969209871419,True
익산시,2021-09-20,1.1233560538621963,11,11.514285714285716,7,9,38,0.1163206814817038,0.06814445181863683,True
익산시,2021-09-27,1.0591448972374742,10,10.528571428571427,7,9,39,0.05746188184648939,0.017743069162737303,True
익산시,2022-06-06,1.0892131902376319,10,8.5,7,6,23,0.08545559176767448,0.04708639337625133,False
익산시,2022-06-13,1.1362908910989187,10,7.485714285714287,7,6,24,0.12776935362783245,0.05437498578007152,False
익산시,2022-06-20,1.1588328043389677,7,8.185714285714285,7,6,25,0.14741329539998382,0.11465081448378672,False
익산시,2022-06-27,1.1503595959622825,9,7.071428571428571,7,6,26,0.1400745856382753,0.07161220442457433,False
익산시,2022-07-04,0.9782498614221554,7,7.185714285714285,7,7,27,-0.021990159550551464,-0.06133382830189438,False
익산시,2022-07-11,0.8961504543562935,9,6.2714285714285705,7,7,28,-0.10964696229546048,-0.16468055662576045,False
익산시,2022-07-18,1.0442543441475236,9,5.928571428571429,7,7,29,0.043303084451156916,0.04279804361860109,False
익산시,2022-07-25,1.0620439343304124,11,8.042857142857143,7,7,30,0.0601952913900564,0.023270530370694806,False
익산시,2022-08-01,1.0198443546445806,10,6.485714285714285,7,8,31,0.01965002216690394,0.017786876879963293,False
익산시,2022-08-08,1.008430246328545,13,5.1000000000000005,7,8,32,0.008394910257593844,-0.00411298443262921,False
익산시,2022-08-15,0.8302087451484116,10,8.085714285714285,7,8,33,-0.18607810963355262,-0.1618611342731183,False
익산시,2022-08-22,0.9925257597975888,15,8.700000000000001,7,8,34,-0.007502312301593737,-0.0074188449545946064,False
익산시,2022-08-29,0.9448458757796403,16,6.900000000000001,7,8,35,-0.056733459202813405,-0.07708810922816381,False
익산시,2022-09-05,0.9525864184672594,17,11.142857142857142,7,9,36,-0.04857444804720537,-0.05982755085805083,True
익산시,2022-09-12,1.0058720202112859,11,8.014285714285714,7,9,37,0.005854847095067979,-0.026767847736506853,False
익산시,2022-09-19,1.100974177388507,10,11.971428571428572,7,9,38,0.0961954036857593,0.04801917402269233,True
익산시,2022-09-26,1.1424485478764452,10,15.071428571428571,7,9,39,0.13317380809068263,0.09345499540693054,True
익산시,2023-06-05,1.0417280798701167,11,9.857142857142858,7,6,23,0.04088094945769071,0.0025117510662675674,False
익산시,2023-06-12,0.8925156107112581,12,10.271428571428572,7,6,24,-0.1137112744883023,-0.18710564233606325,True
익산시,2023-06-19,0.9797509335799028,19,9.242857142857144,7,6,25,-0.02045688902721576,-0.053219369943412864,False
익산시,2023-06-26,1.1148022468415653,17,6.085714285714286,7,6,26,0.10867703208968645,0.04021465087598548,False
익산시,2023-07-03,0.9387524795155112,17,7.17142857142857,7,7,27,-0.06320343461246189,-0.10254710336380479,False
익산시,2023-07-10,1.0827936390280712,19,4.385714285714287,7,7,28,0.07954440418226767,0.0245108098519677,False
익산시,2023-07-17,1.0625119797996323,19,7.071428571428572,7,7,29,0.060635896858407604,0.060130856025851775,False
익산시,2023-07-24,1.0489227588538315,19,8.657142857142857,7,7,30,0.047763693579973704,0.010838932560612108,False
익산시,2023-07-31,1.0646074513569157,19,9.785714285714286,7,7,31,0.06260614094009974,0.06074299565315909,False
익산시,2023-08-07,1.0717146687043981,23,7.4142857142857155,7,8,32,0.06925985996646011,0.05675196527623706,False
익산시,2023-08-14,1.0421815788654996,17,8.814285714285713,7,8,33,0.04131618809737046,0.06553316345780479,False
익산시,2023-08-21,0.9809567949770679,20,8.528571428571428,7,8,34,-0.01922686220410721,-0.01914339485710808,False
익산시,2023-08-28,0.9688975496374892,18,8.757142857142856,7,8,35,-0.03159640060924994,-0.05195105063460034,False
익산시,2023-09-04,1.0682958055980332,15,11.414285714285715,7,9,36,0.06606467372220776,0.054811570911362295,True
익산시,2023-09-11,0.9525281828264827,16,6.9142857142857155,7,9,37,-0.04863558414973209,-0.08125827898130691,False
익산시,2023-09-18,1.0101490308581866,15,9.071428571428571,7,9,38,0.010097875273090097,-0.038078354389976865,False
익산시,2023-09-25,1.1072240501160953,15,8.257142857142858,7,9,39,0.1018560272097507,0.062137214525998616,False
익산시,2024-06-03,0.984363271305029,17,10.642857142857142,7,6,23,-0.015760271903854192,-0.054129470295277336,True
익산시,2024-06-10,1.1176024878447302,15,11.542857142857144,7,6,24,0.11118575501820369,0.03779138717044275,True
익산시,2024-06-17,1.1425548004165131,15,10.0,7,6,25,0.13326680798954393,0.10050432707334683,True
익산시,2024-06-24,1.0289317979907868,19,8.414285714285715,7,6,26,0.02852117476296798,-0.039941206450732986,False
익산시,2024-07-01,1.0698678627903018,21,6.985714285714285,7,7,27,0.06753514812861697,0.028191479377274058,False
익산시,2024-07-08,1.0016040004528008,20,5.557142857142858,7,7,28,0.001602715418021947,-0.053430878912278025,False
익산시,2024-07-15,0.9495055784234012,20,6.8999999999999995,7,7,29,-0.05181387363025532,-0.052318914462811145,False
익산시,2024-07-22,1.1201242720912068,21,6.928571428571429,7,7,30,0.11343963637599745,0.07651487535663586,False
익산시,2024-07-29,1.0407024495131996,21,7.785714285714286,7,7,31,0.039895917375827566,0.03803277208888692,False
익산시,2024-08-05,1.012102027117088,22,8.9,7,8,32,0.012029383092925875,-0.00047851159729717964,False
익산시,2024-08-12,0.9646839254780619,19,9.900000000000002,7,8,33,-0.035954769660259775,-0.011737794299825455,False
익산시,2024-08-19,1.0067694512073848,17,7.957142857142857,7,8,34,0.006746641354820951,0.006830108701820081,False
익산시,2024-08-26,0.9633886234483517,20,9.028571428571428,7,8,35,-0.03729839360771087,-0.05765304363306127,False
익산시,2024-09-02,0.9483359496405339,17,9.028571428571428,7,9,36,-0.05304646224595788,-0.06429956505680334,False
익산시,2024-09-09,1.0164488368147548,23,10.342857142857143,7,9,37,0.0163150201237666,-0.01630767470780823,True
익산시,2024-09-16,1.0751408225211865,23,8.257142857142856,7,9,38,0.0724516506943044,0.024275421031237435,False
익산시,2024-09-23,0.9892620266368778,16,10.757142857142858,7,9,39,-0.010796041462347635,-0.05051485414609973,True
익산시,2024-09-30,0.9790136593589498,12,10.520000000000001,5,9,40,-0.021209684190482088,-0.05638072024587937,True
익산시,2025-06-02,1.013049179001697,19,10.828571428571427,7,6,23,0.01296477196740282,-0.025404426424020327,True
익산시,2025-06-09,1.0578440393858464,19,10.200000000000001,7,6,24,0.05623291178164452,-0.01716145606611641,True
익산시,2025-06-16,1.1300214334465306,20,7.828571428571428,7,6,25,0.12223660019616257,0.08947411927996547,False
익산시,2025-06-23,0.9489573420281757,18,8.32857142857143,7,6,26,-0.052391431827004134,-0.1208538130407051,False
익산시,2025-06-30,1.0193832759042818,16,7.757142857142859,7,6,27,0.01919781296647058,-0.02014585578487233,False
익산시,2025-07-07,0.9962667667305711,18,9.9,7,7,28,-0.003740219176852036,-0.05877381350715201,False
익산시,2025-07-14,0.9108159309108845,17,6.785714285714286,7,7,29,-0.09341445382685044,-0.09391949465940627,False
익산시,2025-07-21,1.0040639577069048,18,10.557142857142859,7,7,30,0.004055722135917708,-0.03286903888344389,True
익산시,2025-07-28,0.9450877975725636,20,10.514285714285716,7,7,31,-0.05647744831983306,-0.05834059360677371,True
익산시,2025-08-04,0.9417782799028419,21,7.0857142857142845,7,8,32,-0.05998540376306287,-0.07249329845328592,False
익산시,2025-08-11,0.9668609422345799,22,7.942857142857142,7,8,33,-0.0337005971429686,-0.009483621782534282,False
익산시,2025-08-18,1.0077839542513267,17,9.442857142857141,7,8,34,0.007753815577109905,0.007837282924109035,False
익산시,2025-08-25,1.0542557219356736,20,8.714285714285714,7,8,35,0.052835041123921136,0.03248039109857073,False
익산시,2025-09-01,0.928878153295612,21,9.257142857142858,7,9,36,-0.07377770776327412,-0.08503081057411958,False
익산시,2025-09-08,1.0480997433707773,21,7.257142857142857,7,9,37,0.04697875634211583,0.014356061510541002,False
익산시,2025-09-15,0.9899306212577753,23,8.057142857142859,7,9,38,-0.01012041784678766,-0.058296647509854624,False
익산시,2025-09-22,0.9463718711880541,23,8.228571428571428,7,9,39,-0.05511968866577822,-0.09483850134953031,False
익산시,2025-09-29,1.0360831276772458,23,8.714285714285714,7,9,40,0.03544737968900981,0.00027634363361252884,False
익산시,2026-06-01,1.0527262733176737,20,11.742857142857144,7,6,23,0.05138324999321369,0.013014051601790547,True
익산시,2026-06-08,1.0439471482900873,20,10.857142857142858,7,6,24,0.04300886393578531,-0.03038550391197562,True
익산시,2026-06-15,1.0097230000471058,18,9.1,7,6,25,0.009676035858632222,-0.02308644505756488,False
익산시,2026-06-22,0.915077437323996,18,8.32857142857143,7,6,26,-0.08874658633242605,-0.157208967546127,False
익산시,2026-06-29,0.8944125119282289,20,7.628571428571427,7,6,27,-0.11158818749284766,-0.15093185624419056,False
익산시,2026-07-06,1.1239902103863237,19,8.0,7,7,28,0.11688504181286195,0.06185144748256198,False
익산시,2026-07-13,1.0698118771096818,21,6.428571428571429,7,7,29,0.06748281723106375,0.06697777639850792,False
익산시,2026-07-20,1.017745717164044,20,7.942857142857142,7,7,30,0.017590100250651615,-0.01933466076870998,False
익산시,2026-07-27,0.9969467358466093,15,8.542857142857143,7,7,31,-0.003057934874104935,-0.004921080161045583,False
익산시,2026-08-03,1.009471029659245,20,9.671428571428573,7,8,32,0.009426460646481592,-0.003081434043741463,False
임실군,2018-08-06,0.8084469207491337,2,11.314285714285713,7,8,32,-0.2126402536363536,-0.21616315369090172,True
임실군,2018-09-03,1.0253566786597452,2,11.114285714285714,7,9,36,0.025040531239897683,-0.10606311894831119,True
임실군,2019-06-03,0.6378017440330934,3,14.285714285714286,7,6,23,-0.4497277899585333,-0.23904890935464937,True
임실군,2019-06-10,0.6700708093823879,2,9.785714285714286,7,6,24,-0.40037188653610456,0.43893628178255817,False
임실군,2019-06-17,0.7934823509176293,3,11.957142857142857,7,6,25,-0.23132398133281212,0.1074557381842457,True
임실군,2019-07-01,0.8454043251058387,5,12.928571428571429,7,7,27,-0.16794027481588347,-0.18251718989941657,True
임실군,2019-07-08,0.8454002473023841,2,8.542857142857143,7,7,28,-0.16794509832242138,-0.20281319539241136,False
임실군,2019-07-15,0.7009501088674903,2,8.014285714285714,7,7,29,-0.35531856585340166,-0.23128962767244368,False
임실군,2019-07-22,1.3553182606847152,2,5.914285714285714,7,7,30,0.30403630548608,0.39983330745110135,False
임실군,2019-07-29,0.6734823826321337,2,10.628571428571428,7,7,31,-0.3952934414068295,-0.2972248793297017,True
임실군,2021-06-14,0.2785258375079793,2,8.142857142857142,7,6,24,-1.278244450101221,-0.43893628178255817,False
임실군,2021-07-26,0.4556720064668264,2,10.87142857142857,7,7,30,-0.7859820123406227,-0.6901850103756014,True
임실군,2021-08-09,0.8966972656128622,2,9.671428571428569,7,8,32,-0.10903697041780853,-0.11255987047235665,False
임실군,2023-06-19,0.6400330536068725,3,10.400000000000002,7,6,25,-0.4462354577013035,-0.1074557381842457,True
임실군,2023-06-26,1.1912970315196163,2,6.328571428571428,7,6,26,0.17504265602087662,0.200776539137627,False
임실군,2023-07-10,0.9250190908586218,3,4.7285714285714295,7,7,28,-0.07794090291661067,-0.11280899998660064,False
임실군,2023-07-17,1.0968736198869453,2,6.557142857142858,7,7,29,0.0924639694485741,0.21649290762953208,False
임실군,2023-07-24,0.870650474673313,3,8.700000000000001,7,7,30,-0.13851467466271372,-0.0427176726976924,False
임실군,2023-07-31,0.7881245220542072,2,10.900000000000002,7,7,31,-0.23809917869713249,-0.1400306166200047,True
임실군,2023-08-07,1.0427306433449135,4,8.014285714285714,7,8,32,0.041842890839344976,0.038319990784796865,False
임실군,2023-08-14,1.1713074580509282,2,9.028571428571428,7,8,33,0.15812061040111472,0.022191160230072532,False
임실군,2023-08-21,1.0245270849062176,2,8.571428571428571,7,8,34,0.024231125542302424,-0.024337564994228053,False
임실군,2023-08-28,1.062842239130718,2,7.7,7,8,35,0.060946677368124265,-0.04155555204207711,False
임실군,2023-09-04,1.2969831665637834,3,11.928571428571429,7,9,36,0.2600409265020355,0.1289372763138266,True
임실군,2023-09-11,0.9959708652120121,2,7.114285714285716,7,9,37,-0.004037273620549539,0.05691547823011363,False
임실군,2024-06-24,0.7973110324912851,2,9.385714285714286,7,6,26,-0.2265104222543774,-0.200776539137627,False
임실군,2024-07-01,0.9557537206097567,2,7.471428571428571,7,7,27,-0.045255013543972385,-0.05983192862750548,False
임실군,2024-07-08,1.2865292664594092,2,5.0857142857142845,7,7,28,0.2519481013805669,0.21708000431057692,False
임실군,2024-07-15,0.923925996028509,3,6.114285714285714,7,7,29,-0.07912330142613555,0.044905636754822426,False
임실군,2024-07-22,0.8848882736600262,3,6.785714285714286,7,7,30,-0.1222938863956569,-0.02649688443063558,False
임실군,2024-07-29,1.3120804211096828,4,8.728571428571428,7,7,31,0.271613985220841,0.3696825472979688,False
임실군,2024-08-05,1.0769361488755589,8,9.728571428571428,7,8,32,0.07412011032164441,0.0705972102670963,False
임실군,2024-08-12,1.154662945171387,5,10.085714285714284,7,8,33,0.14380847902289007,0.00787902885184788,True
임실군,2024-08-19,1.150254543676461,6,8.285714285714286,7,8,34,0.1399832602099173,0.09141456967338682,False
임실군,2024-08-26,1.0941482748058469,3,10.557142857142855,7,8,35,0.08997622937325801,-0.01252600003694336,True
임실군,2024-09-02,1.0960426536087535,2,8.628571428571428,7,9,36,0.09170610529479148,-0.0393975448934174,False
임실군,2024-09-09,0.8888131637373765,6,10.2,7,9,37,-0.11786823008077679,-0.05691547823011363,True
임실군,2024-09-23,1.1107853375874042,5,11.214285714285714,7,9,39,0.10506727649608932,0.11791257830185507,True
임실군,2024-09-30,1.093419441586577,3,11.671428571428573,7,9,40,0.08930988817542825,0.15320884603118373,True
임실군,2025-06-02,1.0287762908051337,2,13.557142857142859,7,6,23,0.02837002875076544,0.23904890935464937,True
임실군,2025-06-30,0.9421767060199471,4,10.514285714285714,7,6,27,-0.05956243598939291,-0.074139351072926,True
임실군,2025-07-07,1.033599283966292,4,10.942857142857145,7,7,28,0.03304716128888993,-0.0018209357811000415,True
임실군,2025-07-14,0.9299972740458962,5,6.6428571428571415,7,7,29,-0.0725736239725762,0.05145531420838177,False
임실군,2025-07-21,0.9927978295898239,4,10.871428571428572,7,7,30,-0.00722823124458866,0.08856877072043266,True
임실군,2025-07-28,0.9533394803691159,7,11.514285714285714,7,7,31,-0.047784215917504314,0.05028434615962346,True
임실군,2025-08-04,1.076840406733557,7,7.471428571428571,7,8,32,0.07403120403114224,0.07050830397659413,False
임실군,2025-08-11,1.1116654109171973,7,8.342857142857143,7,8,33,0.10585926108912175,-0.03007018908192044,False
임실군,2025-08-18,0.9816619128807063,5,10.257142857142858,7,8,34,-0.0185083141426283,-0.06707700467915878,True
임실군,2025-08-25,1.1695087413985814,4,8.77142857142857,7,8,35,0.15658378148922183,0.05408155207902046,False
임실군,2025-09-01,1.1590805224195462,3,8.642857142857142,7,9,36,0.14762703771611085,0.016523387527901973,False
임실군,2025-09-15,0.9315923306528398,4,8.114285714285714,7,9,38,-0.07085997345233881,0.0,False
임실군,2025-09-22,0.8774301919783962,6,8.171428571428573,7,9,39,-0.13075788010762082,-0.11791257830185507,False
임실군,2025-09-29,0.804843199402747,5,8.242857142857144,7,9,40,-0.21710780388693918,-0.1532088460311837,False
임실군,2026-06-29,1.39245083428871,2,8.242857142857144,7,6,27,0.33106538468338115,0.31648846959984805,False
임실군,2026-07-06,1.1448014592310352,2,7.728571428571428,7,7,28,0.13523122391952508,0.1003631268495351,False
임실군,2026-07-13,0.814164236083229,5,6.728571428571429,7,7,29,-0.20559316910125056,-0.08156423092029258,False
임실군,2026-07-20,1.1914850703730018,2,8.085714285714285,7,7,30,0.17520048736737404,0.27099748933239537,False
임실군,2026-07-27,0.9223966336540965,5,10.399999999999997,7,7,31,-0.08077995958501363,0.01728860249211414,True
임실군,2026-08-03,1.1651157277276265,4,11.214285714285714,7,8,32,0.15282041918931918,0.14929751913477107,True
장수군,2018-06-04,1.0641497309729553,14,12.228571428571428,7,6,23,0.062176105617317345,0.0059802934665753454,True
장수군,2018-06-11,1.1934738653110393,17,11.814285714285713,7,6,24,0.17686826903796488,0.10671487774700884,True
장수군,2018-06-18,1.1619548150402144,17,13.042857142857144,7,6,25,0.15010377216609774,0.07969494864167291,True
장수군,2018-06-25,1.0696671423965676,17,8.414285714285713,7,6,26,0.06734751820544539,-0.011580787273475404,False
장수군,2018-07-02,1.1276573168277693,14,7.328571428571428,7,7,27,0.12014230978166583,0.07548222088462365,False
장수군,2018-07-09,1.0753418178011076,22,10.228571428571428,7,7,28,0.07263858108540606,0.03409809179449546,True
장수군,2018-07-16,1.0229906253670034,20,12.328571428571427,7,7,29,0.022730323063379132,-0.007398128218854969,True
장수군,2018-07-23,0.9173884721543525,21,12.257142857142856,7,7,30,-0.08622426267700778,-0.11624189766956991,True
장수군,2018-07-30,0.9237541898478456,19,13.514285714285714,7,7,31,-0.07930927103545626,-0.12912951484963733,True
장수군,2018-08-06,0.9981678863529232,19,11.485714285714286,7,8,32,-0.0018337940200211726,-0.022774167074992434,True
장수군,2018-08-13,1.0183882248170877,17,14.14285714285714,7,8,33,0.01822120576008983,-0.016405432958847894,True
장수군,2018-08-20,1.0797782154295794,19,8.357142857142858,7,8,34,0.07675566396395786,0.03953848994177866,False
장수군,2018-08-27,0.9759783005700327,16,6.457142857142857,7,8,35,-0.0243149258387094,-0.07745030051018383,False
장수군,2018-09-03,1.0490189516816177,17,10.757142857142856,7,9,36,0.0478553956776732,-0.005611292462876463,True
장수군,2018-09-10,1.0449684785552669,20,10.171428571428573,7,9,37,0.04398672089988428,0.04899005032528313,True
장수군,2018-09-17,1.0120659997447772,18,10.842857142857143,7,9,38,0.011993785877836526,-0.006876233650113549,True
장수군,2018-09-24,1.0120680294418447,19,14.114285714285714,7,9,39,0.011995791374545997,-0.015652905221805374,True
장수군,2019-06-03,1.0894110901661125,14,13.485714285714286,7,6,23,0.08563726598365105,0.029441453832909054,True
장수군,2019-06-10,1.1394169640494598,15,10.071428571428571,7,6,24,0.13051669653455988,0.06036330524360385,True
장수군,2019-06-17,1.077950535830975,18,10.785714285714286,7,6,25,0.0750615863050851,0.004652762780660263,True
장수군,2019-06-24,1.1179714281776738,16,8.857142857142858,7,6,26,0.11151581821463738,0.032587512735716584,False
장수군,2019-07-01,1.1266012687481677,21,12.028571428571427,7,7,27,0.11920537365232109,0.07454528475527891,True
장수군,2019-07-08,1.1073017838337678,21,8.128571428571428,7,7,28,0.1019262306966667,0.06338574140575609,False
장수군,2019-07-15,1.1754317727262276,19,7.714285714285714,7,7,29,0.16163554624695275,0.13150709496471866,False
장수군,2019-07-22,1.075198375089952,18,5.214285714285714,7,7,30,0.0725051795225407,0.04248754452997856,False
장수군,2019-07-29,1.0398874583972537,18,10.014285714285714,7,7,31,0.03911249421825984,-0.010707749595921232,True
장수군,2019-08-05,0.9838509105944826,23,9.985714285714284,7,8,32,-0.01628090703272551,-0.037221280087696776,False
장수군,2019-08-12,1.0725506573002483,20,9.585714285714285,7,8,33,0.0700396036185805,0.035412964899642775,False
장수군,2019-08-19,0.9954285194985053,18,11.457142857142857,7,8,34,-0.004581961673663922,-0.04179913569584312,True
장수군,2019-08-26,1.1415717606053302,18,8.885714285714284,7,8,35,0.13240605019384802,0.0792706755223736,False
장수군,2019-09-02,1.0759446575138103,17,7.428571428571429,7,9,36,0.07319902687949191,0.01973233873894225,False
장수군,2019-09-09,0.9938078550271404,17,9.814285714285715,7,9,37,-0.006211395813013863,-0.0012080663876150102,False
장수군,2019-09-16,1.0317811005353343,18,11.471428571428572,7,9,38,0.03128653267609772,0.012416513148147644,True
장수군,2019-09-23,1.0153548638418886,18,12.9,7,9,39,0.015238170939736305,-0.012410525656615067,True
장수군,2019-09-30,1.046869587207877,19,7.5,7,9,40,0.045804365589630934,0.04081621804667096,False
장수군,2020-06-01,1.0125047187376737,19,12.542857142857143,7,6,23,0.01242718046935015,-0.04376863168139185,True
장수군,2020-06-08,1.1309904791107712,16,10.771428571428572,7,6,24,0.12309377898252188,0.05294038769156585,True
장수군,2020-06-15,1.0858655031651372,15,10.62857142857143,7,6,25,0.08237736776956792,0.011968544245143084,True
장수군,2020-06-22,1.075389015920814,17,9.185714285714285,7,6,26,0.0726824713937365,-0.006245834085184296,False
장수군,2020-06-29,1.1102439368352601,15,6.814285714285715,7,6,27,0.1045797540945595,0.05991966519751732,False
장수군,2020-07-06,1.1381073159547856,17,8.4,7,7,28,0.1293666335029406,0.09082614421202997,False
장수군,2020-07-13,1.1109163966298659,20,7.085714285714286,7,7,29,0.10518525726785109,0.075056805985617,False
장수군,2020-07-20,1.108289933583894,17,4.985714285714287,7,7,30,0.10281822700435922,0.07280059201179709,False
장수군,2020-07-27,1.0876960230198922,16,5.685714285714285,7,7,31,0.08406171879020742,0.03424147497602635,False
장수군,2020-08-03,1.1106483553592437,16,4.8999999999999995,7,8,32,0.104943948729189,0.08400357567421773,False
장수군,2020-08-10,1.0100777780939811,16,6.828571428571428,7,8,33,0.010027335902045912,-0.02459930281689181,False
장수군,2020-08-17,1.0768169055850731,18,10.657142857142857,7,8,34,0.0740093796226345,0.0367922056004553,True
장수군,2020-08-24,1.0528433651837732,18,8.471428571428572,7,8,35,0.051494471074748256,-0.0016409035967261676,False
장수군,2020-08-31,1.0859348513237406,19,6.928571428571429,7,8,36,0.0824412301393144,0.028974541998764737,False
장수군,2020-09-07,1.03212919768267,20,6.471428571428571,7,9,37,0.03162385077653739,0.03662718020193624,False
장수군,2020-09-14,1.0586737885883306,18,10.485714285714284,7,9,38,0.05701698195013151,0.038146962422181435,True
장수군,2020-09-21,1.074512690914821,22,12.642857142857142,7,9,39,0.0718672480263243,0.04421855142997293,True
장수군,2020-09-28,1.038869444090359,19,12.542857142857144,7,9,40,0.038133048870841506,0.03314490132788153,True
장수군,2021-06-07,1.0585384601607208,13,12.671428571428569,7,6,23,0.05688914552005793,0.0006933333693159294,True
장수군,2021-06-14,1.1095918508792035,17,8.314285714285715,7,6,24,0.10399224579469153,0.0338388545037355,False
장수군,2021-06-21,1.1956748454148831,13,10.457142857142857,7,6,25,0.1787107501833271,0.10830192665890227,True
장수군,2021-06-28,1.1401336717777253,17,8.628571428571428,7,6,26,0.13114551147783612,0.05221720599891533,False
장수군,2021-07-05,1.0717070323070257,14,6.357142857142857,7,7,27,0.06925273453951415,0.024592645642471975,False
장수군,2021-07-12,1.1361976827938747,12,10.971428571428572,7,7,28,0.12768732170374086,0.08914683241283025,True
장수군,2021-07-19,1.0296071799029032,17,11.1,7,7,29,0.029177350763133405,-0.0009511005191006963,True
장수군,2021-07-26,1.1413579764293313,16,11.714285714285714,7,7,30,0.13221876087595474,0.10220112588339261,True
장수군,2021-08-02,1.079235122873479,17,10.114285714285714,7,8,31,0.07625257066858966,0.02643232685440859,True
장수군,2021-08-09,1.069306273282219,17,9.685714285714287,7,8,32,0.06701009548188341,0.04606972242691215,False
장수군,2021-08-16,1.0606058831677043,14,8.714285714285714,7,8,33,0.05884033272389781,0.02421369400496009,False
장수군,2021-08-23,1.0807128065725733,14,7.300000000000002,7,8,34,0.07762082951361499,0.040403655491435785,False
장수군,2021-08-30,1.1348596800366275,11,7.7,7,8,35,0.12650901336688086,0.07337363869540645,False
장수군,2021-09-06,1.133641842001272,11,9.528571428571427,7,9,36,0.1254353194411593,0.07196863130060963,False
장수군,2021-09-13,1.0400415979310087,12,9.957142857142857,7,9,37,0.039260710363967485,0.04426403978936634,False
장수군,2021-09-20,1.0464947763239607,10,10.914285714285715,7,9,38,0.04544627132333782,0.026576251795387744,True
장수군,2021-09-27,1.0820848248947255,14,12.100000000000003,7,9,39,0.07888957374214231,0.05124087714579094,True
장수군,2022-06-06,1.0661045289557263,15,9.828571428571427,7,6,23,0.06401137811809357,0.00781556596735157,False
장수군,2022-06-13,1.1114429049166195,14,10.014285714285714,7,6,24,0.1056590855063703,0.035505694215414274,True
장수군,2022-06-20,1.045382223366518,17,9.671428571428569,7,6,25,0.04438258252853231,-0.02602624099589252,False
장수군,2022-06-27,1.0261605528506035,15,8.485714285714286,7,6,26,0.02582421876604059,-0.05310408671288021,False
장수군,2022-07-04,1.0754791500863004,19,9.6,7,7,27,0.07276628328603532,0.028106194388993144,False
장수군,2022-07-11,1.0781911552113104,17,8.221428571428572,7,7,28,0.07528478071047488,0.03674429141956428,False
장수군,2022-07-18,0.9710725806716849,18,7.114285714285714,7,7,29,-0.029354065109785936,-0.05948251639202004,False
장수군,2022-07-25,1.0588376614840085,17,9.071428571428571,7,7,30,0.0571717607079979,0.027154125715435764,False
장수군,2022-08-01,1.0081257213712276,20,7.464285714285714,7,8,31,0.008092885454404564,-0.041727358359776506,False
장수군,2022-08-08,0.9922208584189128,22,5.8500000000000005,7,8,32,-0.007809556942573176,-0.028749929997544436,False
장수군,2022-08-15,1.039892786959392,19,8.007142857142856,7,8,33,0.039117618377074316,0.004490979658136593,False
장수군,2022-08-22,0.973890121374228,23,9.842857142857142,7,8,34,-0.026456793434095897,-0.0636739674562751,False
장수군,2022-08-29,1.027858479266454,23,7.114285714285714,7,8,35,0.027477491472912424,-0.025657883198562,False
장수군,2022-09-05,1.0813017591063379,19,11.928571428571429,7,9,36,0.07816564781195767,0.024698959671408012,True
장수군,2022-09-12,1.0012221335739229,18,8.778571428571428,7,9,37,0.0012213873765932746,0.006224716801992127,False
장수군,2022-09-19,1.007032411355624,18,14.442857142857141,7,9,38,0.007007799271716521,-0.011862220256233553,True
장수군,2022-09-26,1.0620477407842486,17,15.200000000000001,7,9,39,0.06019887546684624,0.03255017887049487,True
장수군,2023-06-05,1.0659998776622657,14,13.035714285714286,7,6,23,0.06391321098029318,0.007717398829551178,True
장수군,2023-06-12,1.0803823150186183,12,13.835714285714287,7,6,24,0.07731497388215339,0.007161582591197355,True
장수군,2023-06-19,1.1081753058684296,13,10.87857142857143,7,6,25,0.10271479410270455,0.03230597057827972,True
장수군,2023-06-26,1.0914904937811196,14,7.085714285714286,7,6,26,0.08754418765350794,0.008615882174587142,False
장수군,2023-07-03,1.0518715913740373,16,7.6571428571428575,7,7,27,0.05057104543389185,0.005910956536849671,False
장수군,2023-07-10,0.9840848756463539,22,5.221428571428571,7,7,28,-0.016043129911531336,-0.05458361920244194,False
장수군,2023-07-17,0.9761995738614511,20,8.021428571428572,7,7,29,-0.024088232057098487,-0.05421668333933259,False
장수군,2023-07-24,1.0833876363744546,18,9.728571428571428,7,7,30,0.08009283230138818,0.05007519730882605,False
장수군,2023-07-31,1.0820725959312953,20,11.392857142857142,7,7,31,0.07887827237994696,0.029058028565765892,True
장수군,2023-08-07,1.0603835531629047,20,8.292857142857143,7,8,32,0.058630685281241414,0.03769031222627015,False
장수군,2023-08-14,1.0709687141681594,20,9.392857142857142,7,8,33,0.06856357924450329,0.03393694052556557,False
장수군,2023-08-21,1.091192602379258,17,10.014285714285714,7,8,34,0.08727122873955909,0.050054054717379885,True
장수군,2023-08-28,1.124403529326409,19,7.835714285714286,7,8,35,0.11725269889839875,0.06411732422692432,False
장수군,2023-09-04,1.0421377626594137,16,12.700000000000001,7,9,36,0.04127414443811022,-0.01219254370243944,True
장수군,2023-09-11,1.0091216753997208,19,7.792857142857143,7,9,37,0.009080324189992085,0.014083653615390938,False
장수군,2023-09-18,1.096806133382339,18,9.071428571428571,7,9,38,0.09240244132029819,0.07353242179234812,False
장수군,2023-09-25,1.0396019923173254,18,8.907142857142857,7,9,39,0.03883794021018502,0.011189243613833645,False
장수군,2024-06-03,1.0679767054422493,13,12.985714285714286,7,6,23,0.06576592891646972,0.00957011676572772,True
장수군,2024-06-10,1.0710895411320978,13,15.071428571428571,7,6,24,0.06867639313625204,-0.0014769981547039929,True
장수군,2024-06-17,1.063907721031687,14,12.164285714285715,7,6,25,0.06194865880465384,-0.008460164719770992,True
장수군,2024-06-24,1.1017701590454172,17,9.992857142857144,7,6,26,0.09691812186815668,0.017989816389235885,False
장수군,2024-07-01,1.0514028300014442,19,7.814285714285715,7,7,27,0.05012530105019132,0.005465212153149143,False
장수군,2024-07-08,0.958326680390846,17,5.8,7,7,28,-0.042566556643749455,-0.08110704593466006,False
장수군,2024-07-15,0.9534028302064449,23,6.971428571428571,7,7,29,-0.04771776767538898,-0.07784621895762309,False
장수군,2024-07-22,1.041004755518497,24,7.942857142857143,7,7,30,0.04018635784381629,0.010168722851254152,False
장수군,2024-07-29,0.9899155606994722,24,9.392857142857142,7,7,31,-0.010135631713845291,-0.059955875528026364,False
장수군,2024-08-05,1.0242274189598506,21,10.692857142857141,7,8,32,0.02393859078722216,0.0029982177322508997,True
장수군,2024-08-12,1.0204104578976914,21,11.299999999999999,7,8,33,0.02020495605472857,-0.014421682664209155,True
장수군,2024-08-19,1.0155613971507829,19,9.5,7,8,34,0.015441560231134598,-0.021775613791044604,False
장수군,2024-08-26,1.0127384386396932,22,10.435714285714285,7,8,35,0.0126579872267567,-0.040477387444717725,True
장수군,2024-09-02,0.9660413366825271,20,9.607142857142858,7,9,36,-0.03454865408833435,-0.08801534222888402,False
장수군,2024-09-09,0.9284330214296848,22,10.992857142857146,7,9,37,-0.07425703710830507,-0.06925370768290622,True
장수군,2024-09-16,0.9135519193530284,17,7.578571428571428,7,9,38,-0.09041506914366014,-0.10928508867161021,False
장수군,2024-09-23,0.9619343399254852,17,11.971428571428572,7,9,39,-0.038809084361533304,-0.06645778095788468,True
장수군,2024-09-30,0.9811893594772355,17,13.1,7,9,40,-0.018989811054040007,-0.02397795859699998,True
장수군,2025-06-02,1.0121778724377046,11,14.114285714285714,7,6,23,0.012104318699082746,-0.044091493451659254,True
장수군,2025-06-09,0.912135064899425,12,11.721428571428572,7,6,24,-0.09196720239571479,-0.1621205936866708,True
장수군,2025-06-16,0.9536398313277226,11,9.485714285714284,7,6,25,-0.04746921411413079,-0.11787803763855562,False
장수군,2025-06-23,1.110580233609075,12,11.021428571428572,7,6,26,0.10488261172810028,0.02595430624917948,True
장수군,2025-06-30,0.9275906483383621,15,11.114285714285716,7,6,27,-0.0751647552186754,-0.11982484411571757,True
장수군,2025-07-07,0.9448286258445184,18,12.007142857142858,7,7,28,-0.05675171624666674,-0.09529220553757735,True
장수군,2025-07-14,1.0717570854466087,15,7.392857142857143,7,7,29,0.06929943757426765,0.039170986292033555,False
장수군,2025-07-21,0.9012469058958344,17,11.778571428571428,7,7,30,-0.10397602351415912,-0.13399365850672126,True
장수군,2025-07-28,1.2056349648554237,18,12.835714285714285,7,7,31,0.1870063699462796,0.13718612613209852,True
장수군,2025-08-04,1.0276509922236747,23,7.614285714285714,7,8,32,0.027275607661271718,0.006335234606300456,False
장수군,2025-08-11,0.9920304050356543,21,9.221428571428572,7,8,33,-0.008001521929418437,-0.04262816064835616,False
장수군,2025-08-18,0.9976801801649993,17,10.564285714285715,7,8,34,-0.002322514785707627,-0.03953968880788683,True
장수군,2025-08-25,0.9817684536382664,18,9.364285714285714,7,8,35,-0.018399789023040205,-0.07153516369451463,False
장수군,2025-09-01,1.0140086085477598,20,9.178571428571429,7,9,36,0.013911394825024959,-0.0395552933155247,False
장수군,2025-09-08,0.9187592172827224,20,7.442857142857142,7,9,37,-0.08473119608884641,-0.07972786666344756,False
장수군,2025-09-15,0.9962285428247839,23,8.628571428571428,7,9,38,-0.003778587052157545,-0.02264860658010762,False
장수군,2025-09-22,0.9831152302853031,22,8.492857142857142,7,9,39,-0.017028942627435872,-0.044677639223787244,False
장수군,2025-09-29,0.9560022491801587,15,8.407142857142857,7,9,40,-0.04499501323459253,-0.04998316077755251,False
장수군,2026-06-01,1.0863655586566914,10,13.185714285714285,7,6,23,0.08283777505236228,0.026641962901620284,True
장수군,2026-06-08,0.9391559629288192,12,14.192857142857145,7,6,24,-0.06277371886019488,-0.1329271101511509,True
장수군,2026-06-15,0.9859487671476217,13,10.65,7,6,25,-0.014150886026014326,-0.08455970955043916,True
장수군,2026-06-22,1.012572669737045,16,9.485714285714284,7,6,26,0.012494290002826276,-0.06643401547609452,False
장수군,2026-06-29,0.8962487815688346,19,8.571428571428571,7,6,27,-0.1095372465461241,-0.15419733544316627,False
장수군,2026-07-06,0.9563056100046209,18,9.4,7,7,28,-0.04467774127908617,-0.08321823056999678,False
장수군,2026-07-13,0.9844109977113256,19,7.892857142857143,7,7,29,-0.015711788533203708,-0.045840239815437805,False
장수군,2026-07-20,0.9756668265067642,24,9.664285714285715,7,7,30,-0.024634117131830918,-0.05465175212439305,False
장수군,2026-07-27,1.0665432225906866,23,11.521428571428572,7,7,31,0.0644227856192431,0.014602541805062028,True
장수군,2026-08-03,0.9348106230029387,24,11.778571428571428,7,8,32,-0.0674113124507465,-0.08835168550571776,True
전주시,2018-06-04,0.9111522422463599,9,10.485714285714286,7,6,23,-0.09304528015603682,-0.002492260966151419,True
전주시,2018-06-11,0.8787252752935407,7,10.171428571428573,7,6,24,-0.1292829724766601,-0.015841974736349865,True
전주시,2018-06-18,0.7519181754657773,8,10.12857142857143,7,6,25,-0.2851277701734908,-0.1975222577181071,True
전주시,2018-06-25,0.848953946191615,6,8.114285714285714,7,6,26,-0.16375033891050617,-0.028823048058876977,False
전주시,2018-07-02,0.9425392105206806,7,7.299999999999999,7,7,27,-0.05917775785087634,-0.02903442723985743,False
전주시,2018-07-09,0.945497370181281,7,7.557142857142857,7,7,28,-0.05604417229280129,0.002670620555313502,False
전주시,2018-07-16,1.1517382063536648,7,9.814285714285713,7,7,29,0.14127228501907035,0.13675902987812572,False
전주시,2018-07-23,1.0805966080257008,9,9.742857142857142,7,7,30,0.07751330344983197,0.13643112086417586,False
전주시,2018-07-30,0.9124832377928772,6,10.328571428571427,7,7,31,-0.09158556323626496,-0.03941602000422647,True
전주시,2018-08-06,1.036859755296757,7,9.27142857142857,7,8,32,0.03619667930765959,0.0888572862687042,False
전주시,2018-08-13,0.7583199820205536,7,11.228571428571428,7,8,33,-0.2766498425469281,-0.14543728171620462,True
전주시,2018-08-20,0.9453644775074549,10,7.671428571428572,7,8,34,-0.056184735363770597,0.04158732140486007,False
전주시,2018-08-27,0.938060895403668,9,7.042857142857143,7,8,35,-0.0639404116101615,0.038992137999839804,False
전주시,2018-09-03,0.9291959123664905,8,8.585714285714285,7,9,36,-0.07343567718457056,-0.012722286442216992,False
전주시,2018-09-10,0.89758684550037,7,8.214285714285714,7,9,37,-0.1080453995123034,-0.04108913263805565,False
전주시,2018-09-17,0.8868763394340251,8,7.857142857142857,7,9,38,-0.1200497207839527,-0.01146357480595693,False
전주시,2018-09-24,1.030829215604325,6,11.042857142857143,7,9,39,0.0303635420451116,0.09468189465099441,True
전주시,2019-06-03,1.1960741402535429,5,10.985714285714286,7,6,23,0.17904464378567583,0.2695976629755612,True
전주시,2019-06-10,0.9958992549588868,5,8.585714285714285,7,6,24,-0.0041091761531805385,0.10933182158712969,False
전주시,2019-06-17,1.0212390159118814,6,9.228571428571428,7,6,25,0.021016611601192933,0.10862212405657662,False
전주시,2019-06-24,0.8602265780655052,6,7.742857142857143,7,6,26,-0.15055946156796357,-0.01563217071633438,False
전주시,2019-07-01,0.8576611349228044,7,10.042857142857143,7,7,27,-0.15354620514895526,-0.12340287453793634,True
전주시,2019-07-08,0.9252630620181076,5,7.200000000000001,7,7,28,-0.07767719053034525,-0.01896239768223045,False
전주시,2019-07-15,0.9804188828757124,8,7.714285714285714,7,7,29,-0.01977536713451461,-0.024288622275459262,False
전주시,2019-07-22,0.8355450825982146,5,5.4,7,7,30,-0.17967097357750095,-0.12075315616315706,False
전주시,2019-07-29,1.0457754877942007,6,8.328571428571427,7,7,31,0.04475870378444716,0.09692824701648564,False
전주시,2019-08-05,0.8764147871550734,7,8.257142857142856,7,8,32,-0.13191579879354373,-0.07925519183249911,False
전주시,2019-08-12,0.8390591467862736,6,7.557142857142857,7,8,33,-0.17547407823418834,-0.04426151740346487,False
전주시,2019-08-19,0.8908184240820649,3,8.8,7,8,34,-0.11561466118812706,-0.017842604419496394,False
전주시,2019-08-26,0.8784075057131429,8,7.614285714285714,7,8,35,-0.12964466350797765,-0.026712113897976356,False
전주시,2019-09-02,0.9219010665162304,8,6.371428571428572,7,9,36,-0.08131736431066847,-0.0206039735683149,False
전주시,2019-09-09,0.902774381353878,5,7.8999999999999995,7,9,37,-0.10228261132012272,-0.03532634444587497,False
전주시,2019-09-16,1.0167962546013647,5,8.6,7,9,38,0.01665675737074941,0.12524290334874516,False
전주시,2019-09-23,0.9367680959412069,6,9.657142857142857,7,9,39,-0.06531952370340585,-0.0010011710975230403,False
전주시,2019-09-30,0.9826576382641731,7,6.800000000000002,7,9,40,-0.017494502038409725,0.028262318551504347,False
전주시,2020-06-01,1.1161018546485189,6,10.185714285714285,7,6,23,0.10984212740068432,0.20039514659056973,True
전주시,2020-06-08,1.0257224143843877,7,10.357142857142858,7,6,24,0.02539715886070383,0.13883815660101406,True
전주시,2020-06-15,1.010430552927279,7,9.128571428571428,7,6,25,0.010376530044397451,0.09798204249978114,False
전주시,2020-06-22,0.8932651507293287,10,8.242857142857142,7,6,26,-0.1128718208686076,0.02205546998302159,False
전주시,2020-06-29,0.8941219486768902,7,6.985714285714287,7,6,27,-0.11191310519535214,-0.08176977458433322,False
전주시,2020-07-06,1.0469858978118392,7,7.814285714285715,7,7,28,0.045915462659045586,0.10463025550716037,False
전주시,2020-07-13,0.9665769737118669,10,6.428571428571429,7,7,29,-0.0339943417958615,-0.03850759693680615,False
전주시,2020-07-20,0.9335611414389273,7,5.628571428571427,7,7,30,-0.0687488211565197,-0.009831003742175812,False
전주시,2020-07-27,0.9711363906866676,9,5.642857142857143,7,7,31,-0.029288356408048232,0.02288118682399026,False
전주시,2020-08-03,1.0746306172647773,6,5.128571428571427,7,8,32,0.07197699068482989,0.12463759764587451,False
전주시,2020-08-10,0.9679921818361387,7,7.142857142857144,7,8,33,-0.0325312683537353,0.09868129247698817,False
전주시,2020-08-17,0.8787233401578985,7,8.985714285714284,7,8,34,-0.12928517468687,-0.03151311791823934,False
전주시,2020-08-24,0.8739173869898345,6,8.614285714285714,7,8,35,-0.1347694306890982,-0.03183688107909689,False
전주시,2020-08-31,0.9515447483147184,6,7.042857142857144,7,8,36,-0.04966856411927822,0.011044826623075349,False
전주시,2020-09-07,1.130441571750121,6,7.528571428571429,7,9,37,0.12260832785325097,0.1895645947274987,False
전주시,2020-09-14,1.1408809984573498,2,8.757142857142858,7,9,38,0.1318007696102067,0.24038691558820247,False
전주시,2020-09-21,0.8676550403743081,10,11.1,7,9,39,-0.14196106223722477,-0.07764270963134196,True
전주시,2020-09-28,0.871237878635744,6,9.757142857142858,7,9,40,-0.13784022961739106,-0.092083409027477,False
전주시,2021-06-07,0.8508878184852071,7,10.685714285714285,7,6,23,-0.16147498226481935,-0.07092196307493395,True
전주시,2021-06-14,0.8206190526272438,6,8.128571428571428,7,6,24,-0.19769628132103406,-0.08425528358072383,False
전주시,2021-06-21,0.853457603403124,6,9.285714285714286,7,6,25,-0.1584594117914743,-0.07085389933609061,False
전주시,2021-06-28,0.953083722150615,7,8.114285714285714,7,6,26,-0.048052528031726605,0.08687476281990258,False
전주시,2021-07-05,0.9429324212761159,5,6.285714285714286,7,7,27,-0.05876066246264065,-0.028617331851621745,False
전주시,2021-07-12,0.8575329860759048,5,9.042857142857144,7,7,28,-0.15369563295490346,-0.09498084010678867,False
전주시,2021-07-19,0.9395380452363581,6,10.271428571428572,7,7,29,-0.06236696575282755,-0.0668802208937722,True
전주시,2021-07-26,0.8471534837426784,7,9.442857142857145,7,7,30,-0.16587339207734858,-0.10695557466300469,False
전주시,2021-08-02,0.8296371280016861,6,8.357142857142858,7,8,31,-0.18676686896786127,-0.13459732573582278,False
전주시,2021-08-09,0.8723960060977024,5,9.428571428571429,7,8,32,-0.13651182272829876,-0.08385121576725414,False
전주시,2021-08-16,0.89072419985758,7,7.985714285714286,7,8,33,-0.11572043943143892,0.015492121399284547,False
전주시,2021-08-23,0.8787649578754064,6,6.557142857142858,7,8,34,-0.12923781423779934,-0.03146575746916867,False
전주시,2021-08-30,0.9601758960670401,6,7.171428571428571,7,8,35,-0.04063878623408468,0.06229376337591662,False
전주시,2021-09-06,0.879735842329353,6,7.728571428571429,7,9,36,-0.12813359574386027,-0.0674202050015067,False
전주시,2021-09-13,0.9137012611896088,5,9.414285714285715,7,9,37,-0.0902516086681188,-0.02329534179387105,False
전주시,2021-09-20,0.7462861945165116,7,9.0,7,9,38,-0.2926461135868305,-0.18405996760883475,False
전주시,2021-09-27,0.8754730297845561,8,9.214285714285714,7,9,39,-0.13299093323095115,-0.06867258062506834,False
전주시,2022-06-06,0.9092947355010002,9,9.328571428571427,7,6,23,-0.09508599588431765,-0.004532976694432256,False
전주시,2022-06-13,0.8255648196696148,8,8.485714285714286,7,6,24,-0.19168749699703316,-0.07824649925672293,False
전주시,2022-06-20,0.9841632906525567,6,9.171428571428573,7,6,25,-0.01596344991224375,0.07164206254313993,False
전주시,2022-06-27,0.8092204599544971,6,6.857142857142857,7,6,26,-0.2116838898330784,-0.07675659898144921,False
전주시,2022-07-04,1.028523938004222,6,7.771428571428572,7,7,27,0.028124704515980887,0.058268035126999795,False
전주시,2022-07-11,0.9997763724854558,7,5.971428571428571,7,7,28,-0.0002236525229052609,0.05849114032520954,False
전주시,2022-07-18,1.0690375603293716,7,6.285714285714286,7,7,29,0.06675876737455283,0.06224551223360818,False
전주시,2022-07-25,0.8759581643968414,6,8.62857142857143,7,7,30,-0.13243694672402545,-0.07351912930968156,False
전주시,2022-08-01,0.9869021890900184,5,7.02857142857143,7,8,31,-0.0131843436588817,0.03898519957315679,False
전주시,2022-08-08,0.9337137866766418,5,5.2714285714285705,7,8,32,-0.06858532596279523,-0.015924719001750617,False
전주시,2022-08-15,1.0015785529463415,4,7.542857142857143,7,8,33,0.0015773083412504625,0.13278986917197394,False
전주시,2022-08-22,0.9756677296751979,5,8.057142857142859,7,8,34,-0.02463319143876527,0.0731388653298654,False
전주시,2022-08-29,0.9061020842108981,5,6.642857142857143,7,8,35,-0.09860330355712282,0.004329246052878474,False
전주시,2022-09-05,1.0191611374702316,5,9.928571428571429,7,9,36,0.018979874683181776,0.07969326542553534,False
전주시,2022-09-12,0.8318820175576601,5,8.057142857142855,7,9,37,-0.18406465403644445,-0.11710838716219671,False
전주시,2022-09-19,0.7851800981632783,7,10.642857142857142,7,9,38,-0.24184216310166493,-0.13325601712366916,True
전주시,2022-09-26,0.863375672134383,7,11.857142857142858,7,9,39,-0.1469053730768409,-0.08258702047095809,True
전주시,2023-06-05,0.8713479083413584,8,10.914285714285715,7,6,23,-0.13771394635881867,-0.047160927168933275,True
전주시,2023-06-12,0.8557326063051816,7,10.985714285714284,7,6,24,-0.1557973274515854,-0.04235632971127516,True
전주시,2023-06-19,0.9735838470931595,7,9.957142857142856,7,6,25,-0.026771328353229748,0.06083418410215394,False
전주시,2023-06-26,0.8144492700118843,9,6.799999999999999,7,6,26,-0.20524313647472642,-0.07031584562309723,False
전주시,2023-07-03,1.1289441129114839,8,7.071428571428571,7,7,27,0.12128278253527827,0.15142611314629717,False
전주시,2023-07-10,1.1392315772773562,9,4.871428571428572,7,7,28,0.13035398010931895,0.18906877295743374,False
전주시,2023-07-17,1.0173139706882706,7,6.814285714285715,7,7,29,0.01716579182881198,0.012652536687867328,False
전주시,2023-07-24,0.874007063387305,8,8.9,7,7,30,-0.13466682168041946,-0.07574900426607557,False
전주시,2023-07-31,0.8846156925398923,10,9.114285714285716,7,7,31,-0.12260197400381909,-0.0704324307717806,False
전주시,2023-08-07,0.9284000228962821,6,7.6000000000000005,7,8,32,-0.07429257991976781,-0.021631972958723197,False
전주시,2023-08-14,0.8104573762496716,5,7.971428571428571,7,8,33,-0.2101565286406413,-0.07894396780991783,False
전주시,2023-08-21,0.9001685769693983,6,8.028571428571428,7,8,34,-0.1051732254539556,-0.007401168685324935,False
전주시,2023-08-28,0.8652642348221272,7,8.27142857142857,7,8,35,-0.1447203449150682,-0.04178779530506689,False
전주시,2023-09-04,0.8924009884978119,5,9.757142857142856,7,9,36,-0.1138397087396892,-0.05312631799733563,False
전주시,2023-09-11,0.9440470899585741,6,6.471428571428571,7,9,37,-0.0575792306500804,0.009377036224167343,False
전주시,2023-09-18,0.7995333597479555,7,8.028571428571428,7,9,38,-0.22372702181507703,-0.11514087583708127,False
전주시,2023-09-25,0.8585156481468096,8,6.8571428571428585,7,9,39,-0.15255037149935408,-0.08823201889347126,False
전주시,2024-06-03,0.8187946255464505,7,10.314285714285715,7,6,23,-0.1999219890337764,-0.109368969843891,True
전주시,2024-06-10,0.8478994138661199,6,11.57142857142857,7,6,24,-0.16499326594955052,-0.05155226820924029,True
전주시,2024-06-17,0.9731236015274808,9,9.828571428571427,7,6,25,-0.027244173489338972,0.06036133896604472,False
전주시,2024-06-24,0.9060613591914819,7,8.0,7,6,26,-0.09864824985550594,0.03627904099612325,False
전주시,2024-07-01,0.978565739471494,8,7.085714285714286,7,7,27,-0.02166731047684419,0.008476020134174717,False
전주시,2024-07-08,0.8670548709397324,9,5.542857142857144,7,7,28,-0.14265301592309235,-0.08393822307497756,False
전주시,2024-07-15,0.9790848267204301,12,6.757142857142858,7,7,29,-0.02113699391262573,-0.025650249053570384,False
전주시,2024-07-22,0.9062837705240113,10,6.828571428571428,7,7,30,-0.09840280948104385,-0.03948499206669996,False
전주시,2024-07-29,0.8815324056854459,7,7.399999999999999,7,7,31,-0.12609351583983108,-0.0739239726077926,False
전주시,2024-08-05,0.8753990246142105,9,8.685714285714285,7,8,32,-0.13307546844322296,-0.08041486148217834,False
전주시,2024-08-12,0.8872258133227667,8,8.77142857142857,7,8,33,-0.11965574810011499,0.011556812730608476,False
전주시,2024-08-19,0.8129421121589855,8,7.8999999999999995,7,8,34,-0.20709537472583847,-0.1093233179572078,False
전주시,2024-08-26,0.8373403581985979,8,9.12857142857143,7,8,35,-0.17752465052896052,-0.07459210091895922,False
전주시,2024-09-02,0.9678105142794994,6,7.757142857142858,7,9,36,-0.03271896057829635,0.02799443016405722,False
전주시,2024-09-09,0.954397146311696,8,9.328571428571431,7,9,37,-0.04667539823674827,0.020280868637499477,False
전주시,2024-09-16,0.7938271082579967,5,7.885714285714287,7,9,38,-0.23088958923139077,-0.12230344325339501,False
전주시,2024-09-23,1.063739756171576,6,9.942857142857141,7,9,39,0.06179077093811623,0.12610912354399906,False
전주시,2024-09-30,1.0433810872617681,7,9.557142857142859,7,9,40,0.042466485374948945,0.08822330596486302,False
전주시,2025-06-02,0.7236827016485884,7,10.928571428571429,7,6,23,-0.3234022400507116,-0.2328492208608262,True
전주시,2025-06-09,0.8625590034265547,9,11.171428571428573,7,6,24,-0.14785172264654536,-0.03441072490623513,True
전주시,2025-06-16,0.8657916849013447,6,8.471428571428572,7,6,25,-0.14411094796892587,-0.05650543551354219,False
전주시,2025-06-23,0.8436052609775442,6,9.257142857142856,7,6,26,-0.17007059405563557,-0.03514330320400638,False
전주시,2025-06-30,0.9103189106598482,8,8.785714285714286,7,6,27,-0.09396028959038759,-0.06381695897936868,False
전주시,2025-07-07,0.8865395825100187,6,10.171428571428569,7,7,28,-0.12042950414316027,-0.06171471129504547,True
전주시,2025-07-14,0.9348323905018812,6,6.971428571428571,7,7,29,-0.0673880272580266,-0.07190128239897126,False
전주시,2025-07-21,1.0457007023605163,5,10.414285714285715,7,7,30,0.044687189287587616,0.10360500670193151,True
전주시,2025-07-28,1.0713340296804963,6,10.22857142857143,7,7,31,0.06890462862879483,0.12107417186083333,True
전주시,2025-08-04,0.948072658808864,7,7.314285714285712,7,8,32,-0.05332413535099282,-0.0006635283899482022,False
전주시,2025-08-11,0.8859543178633249,5,7.871428571428571,7,8,33,-0.12108988967999117,0.010122671150732301,False
전주시,2025-08-18,0.985158953168844,6,9.385714285714284,7,8,34,-0.014952277053919045,0.08281977971471162,False
전주시,2025-08-25,0.9669400262873661,6,8.285714285714286,7,8,35,-0.03361880583753683,0.06931374377246446,False
전주시,2025-09-01,0.9747510928647577,5,9.114285714285714,7,9,36,-0.025573129945647272,0.03514026079670629,False
전주시,2025-09-08,0.9329911530666606,3,7.285714285714286,7,9,37,-0.06935956042341496,-0.0024032935491672125,False
전주시,2025-09-15,1.0963734984327826,5,7.757142857142857,7,9,38,0.09200791371399364,0.2005940596919894,False
전주시,2025-09-22,1.033577546184457,3,7.628571428571429,7,9,39,0.03302612991748643,0.09734448252336925,False
전주시,2025-09-29,0.9322455474395772,5,7.442857142857143,7,9,40,-0.07015903607880446,-0.024402215488890384,False
전주시,2026-06-01,0.9109935060282721,6,11.585714285714287,7,6,23,-0.09321951014684811,-0.002666490956962711,True
전주시,2026-06-08,0.9465344653472794,5,11.799999999999999,7,6,24,-0.0549478955279067,0.05849310221240353,True
전주시,2026-06-15,0.850300321868414,4,9.857142857142858,7,6,25,-0.1621656720553402,-0.0745601595999565,False
전주시,2026-06-22,0.9479385513614853,4,9.299999999999999,7,6,26,-0.05346559806691245,0.08146169278471674,False
전주시,2026-06-29,1.0814771824980933,7,7.985714285714286,7,6,27,0.07832786817462685,0.10847119878564576,False
전주시,2026-07-06,0.8572896723947802,6,7.885714285714284,7,7,28,-0.15397941003418983,-0.09526461718607504,False
전주시,2026-07-13,1.0202871914390748,8,7.042857142857143,7,7,29,0.020084147899922706,0.015570892758978053,False
전주시,2026-07-20,1.1358018931179763,7,7.957142857142857,7,7,30,0.12733891523034338,0.18625673264468728,False
전주시,2026-07-27,0.986424391749362,8,8.542857142857143,7,7,31,-0.013668599386882082,0.03850094384515641,False
전주시,2026-08-03,1.0157080937325762,6,10.057142857142855,7,8,32,0.015585998556730261,0.06824660551777488,True
진안군,2018-06-04,1.0032792743063919,3,13.307142857142859,7,6,23,0.0032739092122807765,-0.0511485254008179,True
진안군,2018-06-11,1.0242687124044585,3,12.907142857142857,7,6,24,0.02397890665014351,0.07344320154466993,True
진안군,2018-06-18,0.9828262480998808,4,13.992857142857144,7,6,25,-0.017322931223414863,-0.025001927440316048,True
진안군,2018-06-25,1.4927724390473749,2,9.27142857142857,7,6,26,0.40063508835166345,0.2948174228943379,False
진안군,2018-07-02,0.9911035715219627,9,7.928571428571429,7,7,27,-0.00893623798201835,-0.022604245915858356,False
진안군,2018-07-09,1.0208924166815616,10,10.15,7,7,28,0.020677163093505375,-0.05022792206547803,True
진안군,2018-07-16,0.922503229305093,11,12.842857142857143,7,7,29,-0.08066440247185508,-0.08802401260547296,True
진안군,2018-07-23,0.9553116977110638,13,12.87857142857143,7,7,30,-0.045717606715653274,-0.057580532815631545,True
진안군,2018-07-30,1.0210679562407383,10,14.142857142857142,7,7,31,0.020849095479595625,-0.043785917763558654,True
진안군,2018-08-06,1.0148432880377465,12,11.864285714285714,7,8,32,0.014734204551533235,-0.008324690000520473,True
진안군,2018-08-13,1.0238353410803334,8,15.335714285714285,7,8,33,0.023555713961417035,-0.028367630670906266,True
진안군,2018-08-20,0.7827631410348092,9,9.164285714285715,7,8,34,-0.24492513062550683,-0.23394807635422238,False
진안군,2018-08-27,1.0488155244499917,9,7.05,7,8,35,0.04766145546496512,0.019711752629994184,False
진안군,2018-09-03,0.9832087949131562,8,11.464285714285714,7,9,36,-0.0169337755779317,-0.07036024755079356,True
진안군,2018-09-10,0.9961574323496887,7,10.442857142857141,7,9,37,-0.0038499692803115994,-0.004863797316766165,True
진안군,2018-09-17,0.9220609868054878,9,10.207142857142857,7,9,38,-0.08114391140325072,-0.09871871666747793,True
진안군,2018-09-24,1.0536649079335,7,14.435714285714285,7,9,39,0.05227447540880562,0.006219374924959178,True
진안군,2019-06-03,1.0972735725977179,6,13.957142857142857,7,6,23,0.0928285326980882,0.03840609808498953,True
진안군,2019-06-10,0.8552385501368597,8,10.792857142857144,7,6,24,-0.1563748429522919,-0.10691054805776548,True
진안군,2019-06-17,1.240561246784091,6,11.835714285714285,7,6,25,0.21556389559041386,0.20788489937351268,True
진안군,2019-06-24,1.2752800467024596,3,9.614285714285714,7,6,26,0.24316579896459126,0.1373481335072657,False
진안군,2019-07-01,1.0026924794655943,8,12.857142857142858,7,7,27,0.0026888612359754235,-0.010979146697864584,True
진안군,2019-07-08,1.127738627154712,9,8.364285714285714,7,7,28,0.12021441271081668,0.049309327551833274,False
진안군,2019-07-15,0.8725662912077954,9,7.821428571428571,7,7,29,-0.13631664933011534,-0.14367625946373322,False
진안군,2019-07-22,0.7638821956790226,10,6.585714285714287,7,7,30,-0.2693416958421597,-0.281204621942138,False
진안군,2019-07-29,1.1250086651800144,9,11.214285714285714,7,7,31,0.11779073800895529,0.05315572476580101,True
진안군,2019-08-05,0.9170373725347805,10,10.4,7,8,32,-0.08660705233828044,-0.10966594689033414,True
진안군,2019-08-12,1.076900613902996,10,10.685714285714287,7,8,33,0.07408711341753335,0.02216376878521005,True
진안군,2019-08-19,1.002678485966332,10,11.5,7,8,34,0.0026749052153650964,0.013651959486649535,True
진안군,2019-08-26,0.9992095701364713,13,9.571428571428571,7,8,35,-0.0007907424179257152,-0.02874044525289665,False
진안군,2019-09-02,0.9887987702991529,9,8.692857142857143,7,9,36,-0.011264435908981544,-0.0646909078818434,False
진안군,2019-09-09,0.8887809913044048,8,10.835714285714285,7,9,37,-0.117904427806657,-0.11891825584311157,True
진안군,2019-09-16,0.9611959487638898,7,11.107142857142858,7,9,38,-0.03957698989785871,-0.05715179516208592,True
진안군,2019-09-23,0.9855978124019938,9,12.685714285714285,7,9,39,-0.014506905765010283,-0.06056200624885673,True
진안군,2019-09-30,1.0839078310111905,9,7.628571428571428,7,9,40,0.08057287266003188,0.08321166915861943,False
진안군,2020-06-01,1.1821254496968134,3,13.385714285714284,7,6,23,0.1673140467673938,0.11289161215429513,True
진안군,2020-06-08,0.7997705233324903,3,11.478571428571428,7,6,24,-0.22343043829673218,-0.17396614340220576,True
진안군,2020-06-15,1.0155334069501687,5,11.164285714285715,7,6,25,0.015413998543162744,0.007735002326261559,True
진안군,2020-06-22,1.0195673724141527,5,10.307142857142855,7,6,26,0.01937839262937026,-0.0864392728279553,True
진안군,2020-06-29,1.1022139827494948,6,7.621428571428572,7,6,27,0.09732086860454231,0.0836528606707023,False
진안군,2020-07-06,1.232111298938382,6,8.557142857142857,7,7,28,0.2087292010782997,0.13782411591931631,False
진안군,2020-07-13,1.0199248657780158,6,7.45,7,7,29,0.01972896358112956,0.01236935344751168,False
진안군,2020-07-20,0.8800528173944304,9,5.264285714285713,7,7,30,-0.12777335354460082,-0.1396362796445791,False
진안군,2020-07-27,1.0347979710193909,9,5.985714285714287,7,7,31,0.03420621058118821,-0.03042880266196607,False
진안군,2020-08-03,0.9970052567789204,9,5.75,7,8,32,-0.0029992364374883005,-0.02605813098954201,False
진안군,2020-08-10,0.9743720881645608,8,8.135714285714284,7,8,33,-0.025962027588097486,-0.07788537222042079,False
진안군,2020-08-17,1.1122186072236089,9,11.0,7,8,34,0.10635676573712426,0.1173338200084087,True
진안군,2020-08-24,0.932000862522128,11,8.971428571428572,7,8,35,-0.07042153884404707,-0.098371241679018,False
진안군,2020-08-31,1.279018215337471,11,7.6571428571428575,7,8,36,0.24609276435414273,0.19266629238128088,False
진안군,2020-09-07,0.9164210436551258,11,7.064285714285715,7,9,37,-0.0872793652715083,-0.08829319330796287,False
진안군,2020-09-14,0.9381588785012843,10,10.5,7,9,38,-0.06383596425376094,-0.08141076951798815,True
진안군,2020-09-21,0.9870662502031109,10,13.057142857142859,7,9,39,-0.01301811900178532,-0.05907321948563177,True
진안군,2020-09-28,0.8576384311400845,8,12.464285714285714,7,9,40,-0.15357267723951057,-0.150933880740923,True
진안군,2021-06-07,1.0647970810626577,6,13.414285714285715,7,6,23,0.06278424679397222,0.008361812180873548,True
진안군,2021-06-14,0.9488580667210664,5,9.228571428571428,7,6,24,-0.05249605244157199,-0.0030317575470455646,False
진안군,2021-06-21,0.7909034594258139,5,11.75,7,6,25,-0.2345793674293941,-0.24225836364629527,True
진안군,2021-06-28,1.015543346834024,7,9.578571428571431,7,6,26,0.015423786340533666,-0.09039387911679189,False
진안군,2021-07-05,0.9561788082925924,6,6.607142857142857,7,7,27,-0.044810345457192056,-0.058478353391032065,False
진안군,2021-07-12,1.0153243149595823,7,11.671428571428573,7,7,28,0.01520808358509412,-0.05569700157388928,True
진안군,2021-07-19,1.0262667271747918,8,11.65,7,7,29,0.025927680969370644,0.018568070835752765,True
진안군,2021-07-26,1.0677599955623758,8,12.664285714285715,7,7,30,0.06556299202774618,0.05370006592776791,True
진안군,2021-08-02,1.2255178154440731,5,10.178571428571429,7,8,31,0.20336346116643028,0.138728447923276,True
진안군,2021-08-09,1.0379151512698515,8,10.278571428571428,7,8,32,0.037214038888001504,0.014155144335947795,True
진안군,2021-08-16,1.036157696346158,6,8.871428571428572,7,8,33,0.035519348803873314,-0.016403995828449987,False
진안군,2021-08-23,0.85855612210789,6,6.971428571428571,7,8,34,-0.15250322849486345,-0.141526174223579,False
진안군,2021-08-30,1.031859459810821,5,7.828571428571428,7,8,35,0.031362475431856725,0.0034127725968857887,False
진안군,2021-09-06,0.9911698643100306,7,10.171428571428573,7,9,36,-0.008869352367860076,-0.062295824340721936,True
진안군,2021-09-13,1.0574752188849985,8,10.535714285714286,7,9,37,0.05588419798523465,0.054870369948780084,True
진안군,2021-09-20,1.0322380431805296,8,11.12142857142857,7,9,38,0.03172930245761992,0.014154497193392714,True
진안군,2021-09-27,1.0446939378375708,8,11.828571428571427,7,9,39,0.043723960066247264,-0.00233114041759918,True
진안군,2022-06-06,0.9906945980548579,6,9.921428571428573,7,6,23,-0.009348967672850272,-0.06377140228594895,False
진안군,2022-06-13,0.8922767122709254,9,10.007142857142856,7,6,24,-0.11397897895865795,-0.06451468406413152,True
진안군,2022-06-20,1.1467160546062865,6,10.435714285714285,7,6,25,0.13690225266724906,0.12922325645034788,True
진안군,2022-06-27,1.1666501114595687,7,8.5,7,6,26,0.1541364895490642,0.04831882409173864,False
진안군,2022-07-04,1.1348301558536324,10,9.35,7,7,27,0.12648299731611493,0.11281498938227491,False
진안군,2022-07-11,1.1875886256388197,9,8.35,7,7,28,0.17192488625872215,0.10101980109973875,False
진안군,2022-07-18,1.0923375019175434,12,7.207142857142857,7,7,29,0.08831989726119158,0.0809602871275737,False
진안군,2022-07-25,1.1787603484911293,10,10.5,7,7,30,0.1644633341347381,0.15260040803475983,True
진안군,2022-08-01,1.020818192365195,13,8.007142857142856,7,8,31,0.02060445512395248,-0.0440305581192018,False
진안군,2022-08-08,1.0723579508511327,10,5.864285714285714,7,8,32,0.06985991628933787,0.04680102173728416,False
진안군,2022-08-15,1.1294505332089007,11,8.678571428571429,7,8,33,0.12173126066710067,0.06980791603477737,False
진안군,2022-08-22,1.0593992172274118,12,10.028571428571428,7,8,34,0.05770197124507482,0.06867902551635927,True
진안군,2022-08-29,1.1196423143414074,13,7.921428571428572,7,8,35,0.11300927210486525,0.08505956926989432,False
진안군,2022-09-05,1.0876392945435494,15,11.9,7,9,36,0.08400956271486795,0.030583090742006096,True
진안군,2022-09-12,1.0766536131516837,12,9.764285714285714,7,9,37,0.07385772448523502,0.07284389644878045,False
진안군,2022-09-19,1.158192665809559,10,14.457142857142857,7,9,38,0.14686074338539187,0.12928593812116468,True
진안군,2022-09-26,1.2031056276972718,11,16.2,7,9,39,0.18490623671016332,0.13885113622631687,True
진안군,2023-06-05,1.0489039498613508,7,13.700000000000001,7,6,23,0.04774576169608358,-0.006676672917015097,True
진안군,2023-06-12,1.0649221993831635,8,14.75,7,6,24,0.06290174427056315,0.11236603916508958,True
진안군,2023-06-19,0.9329909200426278,13,11.549999999999999,7,6,25,-0.06935981018362015,-0.07703880640052134,True
진안군,2023-06-26,1.0008966915343223,13,7.4,7,6,26,0.000896289746636867,-0.10492137571068869,False
진안군,2023-07-03,1.0080510921414954,13,8.378571428571428,7,7,27,0.008018855012961002,-0.005649152920879006,False
진안군,2023-07-10,1.0641323594126957,13,5.357142857142857,7,7,28,0.06215978112693285,-0.008745304032050552,False
진안군,2023-07-17,1.0413478066249815,13,8.678571428571429,7,7,29,0.04051584202034298,0.033156231886725104,False
진안군,2023-07-24,1.0439973962912783,13,10.128571428571428,7,7,30,0.04305699548346566,0.031194069383487386,True
진안군,2023-07-31,1.0714925309099455,14,12.064285714285715,7,7,31,0.06905256522119413,0.004417551978039849,True
진안군,2023-08-07,1.0402206392796236,17,8.564285714285715,7,8,32,0.03943284380546769,0.01637394925341398,False
진안군,2023-08-14,1.1858802631655594,12,9.95,7,8,33,0.17048533693381723,0.11856199230149393,False
진안군,2023-08-21,1.0753546432772352,11,10.357142857142858,7,8,34,0.0726505078973573,0.08362756216864174,True
진안군,2023-08-28,1.0652736462667853,11,8.571428571428571,7,8,35,0.0632317110081552,0.03528200817318426,False
진안군,2023-09-04,0.8955507011159689,12,13.535714285714286,7,9,36,-0.11031644142248308,-0.16374291339534494,True
진안군,2023-09-11,1.013594447312571,12,8.342857142857143,7,9,37,0.013502871825662125,0.01248904378920756,False
진안군,2023-09-18,0.9702850575254056,14,9.05,7,9,38,-0.030165376919605837,-0.047740182183833045,False
진안군,2023-09-25,1.036664753657685,12,8.807142857142859,7,9,39,0.03600859217504581,-0.010046508308800634,False
진안군,2024-06-03,0.9804292835588166,9,13.614285714285714,7,6,23,-0.019764758783207922,-0.0741871933963066,True
진안군,2024-06-10,0.9363039375070524,11,15.771428571428572,7,6,24,-0.06581513565571391,-0.016350840761187486,True
진안군,2024-06-17,1.0013164683883125,14,12.950000000000001,7,6,25,0.001315602603572599,-0.006363393613328586,True
진안군,2024-06-24,1.0565025046089804,17,10.807142857142859,7,6,26,0.05496392873749695,-0.05085373671982861,True
진안군,2024-07-01,0.934584702870209,18,8.057142857142859,7,7,27,-0.06765301641855122,-0.08132102435239122,False
진안군,2024-07-08,1.1162043118225733,15,6.214285714285714,7,7,28,0.10993392231274904,0.039028837153765636,False
진안군,2024-07-15,1.0708372889495903,15,7.364285714285714,7,7,29,0.06844085550711272,0.06108124537349484,False
진안군,2024-07-22,1.0932496146436703,18,7.978571428571429,7,7,30,0.08915455882390678,0.07729163272392851,False
진안군,2024-07-29,1.0684155344084336,20,9.65,7,7,31,0.06617674202856626,0.0015417287854119777,False
진안군,2024-08-05,1.0576986242979676,17,10.907142857142858,7,8,32,0.05609543869674384,0.033036544144690136,True
진안군,2024-08-12,1.0638313235488541,14,12.114285714285714,7,8,33,0.061876847852967584,0.009953503220644283,True
진안군,2024-08-19,1.0744215558432995,16,9.77142857142857,7,8,34,0.07178242917091845,0.0827594834422029,False
진안군,2024-08-26,1.0479740414551757,17,11.12857142857143,7,8,35,0.04685881598823873,0.018909113153267796,True
진안군,2024-09-02,1.1067039401326448,15,10.578571428571427,7,9,36,0.101386174535852,0.04795970256299014,True
진안군,2024-09-09,1.056671208696299,15,11.678571428571429,7,9,37,0.05512359766259744,0.054109769626142876,True
진안군,2024-09-16,1.1463074393857842,14,8.52142857142857,7,9,38,0.13654585402946967,0.11897104876524246,False
진안군,2024-09-23,1.0563276664085848,12,12.785714285714286,7,9,39,0.054798427313678746,0.008743326829832303,True
진안군,2024-09-30,1.007617404082396,15,12.950000000000001,7,9,40,0.007588538156192042,0.01022733465477959,True
진안군,2025-06-02,1.130414049957213,13,14.707142857142857,7,6,23,0.12258398150167939,0.06816154688858071,True
진안군,2025-06-09,1.064090864365283,12,12.035714285714286,7,6,24,0.06212078611273113,0.11158508100725756,True
진안군,2025-06-16,0.926319270691866,19,9.585714285714285,7,6,25,-0.07653631899613166,-0.08421531521303284,False
진안군,2025-06-23,1.0638518229220604,17,10.735714285714286,7,6,26,0.06189611705030168,-0.04392154840702388,True
진안군,2025-06-30,1.0536946164273155,17,11.042857142857143,7,6,27,0.05230267040208891,0.038634662468248905,True
진안군,2025-07-07,0.9807251517339878,19,12.842857142857142,7,7,28,-0.01946303019713498,-0.09036811535611838,True
진안군,2025-07-14,0.9311364096333007,18,7.714285714285714,7,7,29,-0.07134949296077069,-0.07870910309438857,False
진안군,2025-07-21,1.0628397940350858,20,12.664285714285715,7,7,30,0.060944376840017016,0.049081450740038744,True
진안군,2025-07-28,1.0339751598528681,19,13.328571428571427,7,7,31,0.03341075244454643,-0.03122426079860785,True
진안군,2025-08-04,1.0885797301635918,19,8.221428571428572,7,8,32,0.08487384674869591,0.06181495219664221,False
진안군,2025-08-11,0.9551309409192632,21,9.135714285714284,7,8,33,-0.04590683699002529,-0.09783018162234859,False
진안군,2025-08-18,0.9984465535332653,20,11.028571428571428,7,8,34,-0.0015546543157451437,0.009422399955539295,True
진안군,2025-08-25,0.9927128548832411,17,9.935714285714285,7,8,35,-0.007313826056340765,-0.0352635288913117,False
진안군,2025-09-01,1.1540843736045627,14,9.921428571428573,7,9,36,0.1433072794552886,0.08988080748242674,False
진안군,2025-09-08,1.0189533720862058,17,7.8999999999999995,7,9,37,0.01877599469138418,0.017762166654929613,False
진안군,2025-09-15,1.041003117886052,15,8.72857142857143,7,9,38,0.0401847847158124,0.022609979451585188,False
진안군,2025-09-22,1.0245506610018849,17,8.664285714285715,7,9,39,0.024254136963626383,-0.02180096352022006,False
진안군,2025-09-29,1.056388568744874,16,9.014285714285714,7,9,40,0.05485608042893645,0.057494876927524,False
진안군,2026-06-01,1.022637587008929,9,14.442857142857145,7,6,23,0.022385159304448274,-0.0320372753086504,True
진안군,2026-06-08,1.0180767998929463,11,14.907142857142857,7,6,24,0.01791535722079231,0.06737965211531874,True
진안군,2026-06-15,1.1026469907335472,10,11.742857142857142,7,6,25,0.09771364438027313,0.09003464816337195,True
진안군,2026-06-22,1.0018648343912233,11,10.707142857142857,7,6,26,0.0018630977462716024,-0.10395456771105395,True
진안군,2026-06-29,0.9584838352131217,13,9.814285714285715,7,6,27,-0.04240258130936086,-0.056070589243200866,False
진안군,2026-07-06,0.9500519102251419,16,9.349999999999998,7,7,28,-0.051238653538134296,-0.1221437386971177,False
진안군,2026-07-13,1.1181033324516672,17,8.142857142857142,7,7,29,0.11163379662615455,0.10427418649253667,False
진안군,2026-07-20,1.1347549603865312,18,9.664285714285715,7,7,30,0.12641673369234452,0.11455380759236625,False
진안군,2026-07-27,1.016394030365008,18,11.464285714285714,7,7,31,0.016261099133959775,-0.048373914109194505,True
진안군,2026-08-03,0.9949389015010458,16,13.25,7,8,32,-0.005073949235527946,-0.028132843787581654,True
