county,wk,rel,ncell,dtr,trop,nday,woy,dtr2,trop2,dtr4,trop4,lrel,y,d_dtr,d_dtr2,d_dtr4,d_trop,d_trop2,d_trop4
고창군,2018-03-05,1.5519249687428607,2,10.571428571428571,0.0,7,10,10.971428571428572,0.0,9.757142857142856,0.0,0.4394960757101981,0.31746615434724157,-0.7122448979591827,-0.08265306122448912,-0.4244897959183689,0.0,0.0,0.0
고창군,2018-03-12,1.5870732848010416,2,11.914285714285715,0.0,7,11,11.242857142857144,0.0,10.607142857142858,0.0,0.4618916186766058,0.31463379424028526,-0.10571428571428498,-0.9314285714285688,-0.9592857142857127,0.0,0.0,0.0
고창군,2018-03-19,1.45269746942277,2,9.9,0.0,7,12,10.907142857142858,0.0,10.939285714285715,0.0,0.3734221519131982,0.19210125171658302,-2.352380952380953,-1.0404761904761894,-0.2994047619047624,0.0,0.0,0.0
고창군,2018-04-02,1.305220337360372,2,9.0,0.0,7,14,9.45,0.0,10.346428571428572,0.0,0.26637186741181185,0.09882861869828696,-3.480952380952381,-2.9190476190476193,-1.8398809523809536,0.0,0.0,0.0
고창군,2018-04-09,1.1961300458589244,2,12.27142857142857,0.0,7,15,10.635714285714286,0.0,10.771428571428572,0.0,0.17909138361308372,-0.011344170297126671,0.8742857142857137,-1.3271428571428565,-1.5885714285714272,0.0,0.0,0.0
고창군,2018-04-16,1.1318015474403804,2,16.37142857142857,0.0,7,16,14.32142857142857,0.0,11.885714285714284,0.0,0.12381065296371578,0.029655119779224054,2.445714285714283,1.6599999999999984,-0.7457142857142873,0.0,0.0,0.0
고창군,2018-04-23,1.1722226993063412,2,11.571428571428571,0.0,7,17,13.971428571428568,0.0,12.303571428571427,0.0,0.1589016895769648,-0.11509171705694546,1.6952380952380963,1.9547619047619023,0.17976190476190546,0.0,0.0,0.0
고창군,2018-05-07,1.030231503610479,2,8.957142857142857,0.0,7,19,10.264285714285714,0.0,12.292857142857141,0.0,0.029783537773495693,-0.03332012017266851,-2.305714285714286,-1.54142857142857,0.41857142857142726,0.0,0.0,0.0
고창군,2018-05-14,1.3335348451624895,5,10.485714285714284,0.0,7,20,9.721428571428572,0.0,11.84642857142857,0.0,0.28783319490407505,0.06237094895222131,-0.2476190476190503,-1.6404761904761909,0.1999999999999975,0.0,0.0,0.0
고창군,2018-05-21,0.929648627188741,2,14.742857142857144,0.0,7,21,12.614285714285714,0.0,11.439285714285713,0.0,-0.07294858445404051,-0.0676744238646681,1.7047619047619058,0.7285714285714278,-0.5976190476190464,0.0,0.0,0.0
고창군,2018-06-11,1.2419102374464255,2,9.214285714285714,0.0,7,24,11.978571428571428,0.0,10.85,0.0,0.21665070831207864,0.2730811065172615,0.3809523809523796,1.011904761904761,0.24166666666666714,0.0,0.0,0.0
고창군,2018-06-25,1.2653632730735402,3,7.128571428571427,0.0,7,26,8.17142857142857,0.0,10.39285714285714,0.0,0.23535925334353558,0.10251121203272018,-0.5392857142857155,-0.4499999999999993,0.07946428571428399,-1.0,-1.0,-1.0
고창군,2018-07-02,0.8636825780430495,2,7.200000000000001,0.0,7,27,7.164285714285715,0.0,9.571428571428571,0.0,-0.14654996420529243,-0.16875349977867996,-0.5476190476190466,-1.0654761904761898,0.2857142857142847,-1.0,-1.6666666666666667,-1.6666666666666667
고창군,2018-07-23,1.3628496122359404,2,10.085714285714285,3.0,7,30,8.642857142857144,3.0,8.407142857142857,3.0,0.3095778107765739,0.37958216982975135,1.6828571428571415,1.1714285714285717,0.044285714285713595,-0.3999999999999999,-1.2000000000000002,-3.5999999999999996
고창군,2018-07-30,1.0132959056144624,2,10.314285714285713,3.0,7,31,10.2,6.0,8.682142857142857,6.0,0.013208290819011714,-0.041756475014715286,0.709523809523807,1.2499999999999982,0.3982142857142854,0.8333333333333335,1.0,-0.833333333333333
고창군,2018-08-13,1.582610964824592,2,10.828571428571427,2.0,7,33,10.571428571428571,5.0,9.607142857142856,8.0,0.4590759925302541,0.39110406827021105,2.7228571428571424,2.475714285714286,1.251428571428571,-0.20000000000000018,0.20000000000000018,-0.5999999999999996
고창군,2018-08-20,1.5519157595732158,2,7.6000000000000005,0.0,7,34,9.214285714285715,2.0,9.707142857142857,8.0,0.4394901416623838,0.3287294396950521,-1.0785714285714283,0.5732142857142861,0.9053571428571434,-0.75,-0.5,0.75
고창군,2018-08-27,1.1283141918969863,2,6.242857142857143,0.0,7,35,6.921428571428573,0.0,8.74642857142857,5.0,0.12072465320687327,0.1329475673015331,-1.59904761904762,-1.0409523809523797,0.6466666666666647,-0.6,-2.6,-0.5999999999999996
고창군,2018-09-10,1.1148193206542205,3,9.157142857142858,0.0,7,37,7.700000000000001,0.0,8.457142857142857,2.0,0.1086923475251886,0.0,0.0,0.0,0.0,0.0,0.0,0.0
고창군,2018-09-17,1.4633557938982928,2,9.157142857142858,0.0,7,38,9.157142857142858,0.0,8.039285714285715,0.0,0.38073228720661634,0.18750047974518816,0.5666666666666682,0.7714285714285722,-0.034523809523809845,0.0,-0.3333333333333333,-2.3333333333333335
고창군,2018-09-24,1.1179875336084075,2,11.714285714285714,0.0,7,39,10.435714285714287,0.0,9.067857142857143,0.0,0.11153022405214089,0.14006795944711775,2.253571428571428,1.5285714285714285,0.4330357142857153,0.0,0.0,-0.75
고창군,2018-10-01,1.1369490577855557,3,9.814285714285713,0.0,7,40,10.764285714285712,0.0,9.960714285714285,0.0,0.12834840970622888,0.07635426912336445,0.17142857142857082,1.154285714285713,0.850714285714286,0.0,0.0,-1.2
고창군,2018-10-08,1.4428762406441962,2,11.028571428571428,0.0,7,41,10.42142857142857,0.0,10.428571428571429,0.0,0.3666385107943411,0.2468862403193243,-0.02571428571428669,0.07285714285714207,0.7642857142857142,0.0,0.0,-0.6
고창군,2018-10-15,1.1850441567049197,3,13.357142857142858,0.0,7,42,12.192857142857143,0.0,11.478571428571428,0.0,0.16978003693497093,0.07705536463480318,2.78857142857143,1.3814285714285734,1.2678571428571423,0.0,0.0,0.0
고창군,2018-10-22,1.174592955863611,3,11.642857142857142,0.0,7,43,12.5,0.0,11.460714285714285,0.0,0.16092166703705754,0.008844172752268842,0.7535714285714281,2.0339285714285715,1.0910714285714285,0.0,0.0,0.0
고창군,2018-11-05,1.112276538446734,2,10.685714285714285,0.0,7,45,11.164285714285715,0.0,11.678571428571429,0.0,0.10640885056477685,0.019628682136045503,-0.4399999999999995,-0.39571428571428413,0.9559523809523807,0.0,0.0,-0.8
고창군,2018-11-19,1.3028532424195065,2,11.200000000000001,0.0,7,47,10.942857142857143,0.0,11.721428571428572,0.0,0.2645566612694877,0.14539005072128025,0.19714285714285928,-0.7471428571428564,-0.056428571428570606,0.0,0.0,0.0
고창군,2018-12-17,0.7634884461272446,2,10.557142857142859,0.0,7,51,10.87857142857143,0.0,11.021428571428572,0.0,-0.2698572872116979,-0.17039536285748186,0.9750000000000014,0.8678571428571438,0.9830357142857142,0.0,0.0,0.0
고창군,2018-12-24,1.1438505170915438,2,8.371428571428572,0.0,7,52,9.464285714285715,0.0,10.20357142857143,0.0,0.1344002175419248,0.24827847130712527,-0.5028571428571436,-0.3199999999999985,0.5264285714285712,0.0,0.0,0.0
고창군,2018-12-31,0.9834533132839083,2,7.771428571428571,0.0,7,1,8.071428571428571,0.0,9.475000000000001,0.0,-0.016685112250364734,0.09947177548710803,-1.845714285714286,-1.1742857142857144,-0.13642857142857068,0.0,0.0,0.0
고창군,2019-01-07,1.0386979639559475,2,8.385714285714286,0.0,7,2,8.07857142857143,0.0,8.771428571428572,0.0,0.03796797106481051,0.09099942989747006,-1.0071428571428562,-1.3446428571428566,-0.8687499999999986,0.0,0.0,0.0
고창군,2019-01-14,1.1365457504693897,2,9.5,0.0,7,3,8.942857142857143,0.0,8.507142857142856,0.0,0.12799361908261964,0.12142647719324526,-1.1892857142857132,-0.6999999999999993,-0.9660714285714302,0.0,0.0,0.0
고창군,2019-01-21,1.094144522486896,2,11.157142857142857,0.0,7,4,10.328571428571427,0.0,9.203571428571427,0.0,0.08997279992455212,0.07580131157971857,1.2942857142857136,-0.0514285714285716,-0.4107142857142865,0.0,0.0,0.0
고창군,2019-02-11,1.3912091997355973,2,8.914285714285715,0.0,7,7,10.035714285714285,0.0,9.489285714285714,0.0,0.33017329684199276,-0.07752443454871966,0.25,-0.4285714285714288,-0.6761904761904773,0.0,0.0,0.0
고창군,2019-02-18,1.1497365152781969,2,11.585714285714285,0.0,7,8,10.25,0.0,10.289285714285715,0.0,0.13953279897442075,0.022498226594989443,2.299999999999999,0.855952380952381,0.3430555555555568,0.0,0.0,0.0
고창군,2019-02-25,1.2635578310809314,3,14.2,0.0,7,9,12.892857142857142,0.0,11.464285714285714,0.0,0.23393141734155457,0.1305892873605512,2.097959183673469,2.16530612244898,0.9454081632653057,0.0,0.0,0.0
고창군,2019-03-11,1.2892076005363127,2,11.385714285714286,0.0,7,11,12.792857142857141,0.0,11.52142857142857,0.0,0.25402776648653336,0.10676994205021284,-0.6342857142857135,0.6185714285714283,-0.04499999999999993,0.0,0.0,0.0
고창군,2019-03-18,1.1180130185143895,3,13.071428571428571,0.0,7,12,12.228571428571428,0.0,12.560714285714287,0.0,0.1115530191323647,-0.0697678810642505,0.8190476190476179,0.28095238095237995,1.3220238095238095,0.0,0.0,0.0
고창군,2019-03-25,1.2065854174640964,2,11.442857142857145,0.0,7,13,12.257142857142856,0.0,12.525,0.0,0.18779440130927158,0.0576774433037891,-1.5333333333333314,-0.5952380952380967,0.616071428571427,0.0,0.0,0.0
고창군,2019-04-01,1.2444183988517992,2,15.014285714285714,0.0,7,14,13.228571428571428,0.0,12.72857142857143,0.0,0.2186682712517146,0.05112502253818971,2.533333333333333,0.8595238095238091,0.5422619047619044,0.0,0.0,0.0
고창군,2019-04-08,1.1441595003460516,2,12.271428571428572,0.0,7,15,13.642857142857142,0.0,12.950000000000001,0.0,0.13467030661848586,-0.05576524729172452,0.8742857142857154,1.6799999999999997,0.5900000000000016,0.0,0.0,0.0
고창군,2019-04-15,1.3141551032575538,2,13.5,0.0,7,16,12.885714285714286,0.0,13.057142857142857,0.0,0.273193952105156,0.1790384189206643,-0.42571428571428704,0.2242857142857151,0.42571428571428527,0.0,0.0,0.0
고창군,2019-04-22,1.5544866221478415,2,8.27142857142857,0.0,7,17,10.885714285714284,0.0,12.264285714285714,0.0,0.441145344592115,0.16715193795820477,-1.6047619047619044,-1.1309523809523814,0.14047619047619264,0.0,0.0,0.0
고창군,2019-04-29,1.35868646729378,2,13.385714285714286,0.0,7,18,10.828571428571427,0.0,11.857142857142858,0.0,0.30651840015863346,0.21959246600866797,0.8428571428571434,-1.0999999999999996,-0.16339285714285623,0.0,0.0,0.0
고창군,2019-05-06,0.9426596717097503,2,15.914285714285715,0.0,7,19,14.649999999999999,0.0,12.767857142857142,0.0,-0.05904996105408305,-0.12215361900024727,4.651428571428571,2.8442857142857143,0.8935714285714287,0.0,0.0,0.0
고창군,2019-05-13,1.336954256270755,3,11.357142857142858,0.0,7,20,13.635714285714286,0.0,12.232142857142858,0.0,0.2903940838252705,0.06493183787341675,0.6238095238095234,2.2738095238095237,0.5857142857142854,0.0,0.0,0.0
고창군,2019-05-20,1.0415867980430067,3,13.642857142857142,0.0,7,21,12.5,0.0,13.575,0.0,0.04074531770194945,0.046019478291321865,0.6047619047619044,0.6142857142857139,1.5380952380952397,0.0,0.0,0.0
고창군,2019-05-27,0.9158929835892766,2,12.385714285714284,0.0,7,22,13.014285714285712,0.0,13.325,0.0,-0.08785575127589061,-0.16143082550182247,0.9285714285714288,1.192857142857143,1.3232142857142861,0.0,0.0,0.0
고창군,2019-07-01,1.1005343495779607,2,10.657142857142857,0.0,7,27,11.521428571428569,0.0,12.010714285714286,0.0,0.09579583419873669,0.07359229862534916,2.909523809523809,3.2916666666666643,2.7249999999999996,-1.0,-1.6666666666666667,-1.6666666666666667
고창군,2019-07-08,1.2563031943962102,2,6.828571428571428,0.0,7,28,8.742857142857142,0.0,10.878571428571428,0.0,0.22817343572675378,0.46212190229145067,-0.47857142857142865,0.7988095238095232,2.06547619047619,-1.6666666666666667,-2.6666666666666665,-3.3333333333333335
고창군,2019-07-15,0.8417632482168693,2,7.757142857142857,0.0,7,29,7.292857142857142,0.0,9.407142857142857,0.0,-0.17225648216742867,-0.014629588347153055,1.1499999999999995,-0.008333333333334636,0.5452380952380942,-0.6666666666666666,-1.8333333333333333,-3.5
고창군,2019-07-29,1.6094932059241565,3,9.000000000000002,3.0,7,31,8.378571428571428,3.0,8.560714285714287,3.0,0.47591935051399,0.420954584680263,-0.6047619047619044,-0.571428571428573,0.2767857142857153,0.8333333333333335,-2.0,-3.833333333333333
고창군,2019-08-12,1.543897521533367,2,6.842857142857142,2.0,7,33,7.921428571428572,5.0,7.607142857142857,5.0,0.43431007733598004,0.366338153075937,-1.2628571428571433,-0.1742857142857135,-0.7485714285714282,-0.20000000000000018,0.20000000000000018,-3.5999999999999996
고창군,2019-08-19,1.5786272737372797,2,8.857142857142858,0.0,7,34,7.849999999999999,2.0,8.114285714285714,5.0,0.45655565531083725,0.3457949533435055,0.17857142857142883,-0.7910714285714304,-0.6875,-0.75,-0.5,-2.25
고창군,2019-10-28,0.8367705917078081,2,13.057142857142859,0.0,7,44,10.957142857142857,0.0,9.439285714285715,5.0,-0.17820533004165412,-0.1406873797232849,0.3714285714285719,0.08988095238095184,-0.2988095238095223,0.0,-0.25,2.75
고창군,2019-11-11,1.200929227754404,2,11.742857142857144,0.0,7,46,12.4,0.0,10.125,2.0,0.1830956135966782,0.26909405736081005,-1.054761904761902,0.6357142857142861,-0.5444444444444443,0.0,0.0,1.3333333333333335
고창군,2019-11-18,1.363505726540358,2,11.528571428571428,0.0,7,47,11.635714285714286,0.0,11.296428571428573,0.0,0.3100591231776042,0.19089251262939677,0.5257142857142867,-0.05428571428571338,-0.48142857142856954,0.0,0.0,0.0
고창군,2019-11-25,1.2751395128919096,2,9.242857142857144,0.0,7,48,10.385714285714286,0.0,11.392857142857144,0.0,0.2430555945002602,0.08906421845782986,-0.2514285714285691,-0.03428571428571203,0.055714285714287826,0.0,0.0,0.0
고창군,2019-12-02,0.9105105703116428,3,8.857142857142858,0.0,7,49,9.05,0.0,10.342857142857143,0.0,-0.09374977053354513,-0.04652343841772541,-0.5392857142857146,-0.3392857142857135,-0.2901785714285712,0.0,0.0,0.0
고창군,2019-12-09,1.1534817963095274,2,11.785714285714286,0.0,7,50,10.321428571428571,0.0,10.35357142857143,0.0,0.14278501724102308,-0.030868503939490755,1.439285714285715,0.4535714285714292,0.033928571428573306,0.0,0.0,0.0
고창군,2019-12-16,1.3219599799383706,2,8.357142857142858,0.0,7,51,10.071428571428571,0.0,9.560714285714287,0.0,0.2791154686099843,0.37857739296420034,-1.2249999999999996,0.060714285714285054,-0.4776785714285712,0.0,0.0,0.0
고창군,2020-01-13,1.2298463372039605,2,8.514285714285714,0.0,7,3,8.435714285714285,0.0,9.37857142857143,0.0,0.2068892324775647,0.2003220905881903,-2.174999999999999,-1.2071428571428573,-0.09464285714285658,0.0,0.0,0.0
고창군,2020-01-27,1.2759045879174433,2,7.685714285714285,0.0,7,5,8.099999999999998,0.0,9.085714285714285,0.0,0.24365540776748593,-0.07894507657703018,-1.5404761904761894,-1.345238095238095,-0.269047619047619,0.0,0.0,0.0
고창군,2020-02-17,1.4329816447605237,2,10.485714285714286,0.0,7,8,9.085714285714285,0.0,8.760714285714286,0.0,0.35975733980414154,0.24272276742471022,1.1999999999999993,-0.30833333333333357,-1.1855158730158717,0.0,0.0,0.0
고창군,2020-02-24,1.6770165985187822,2,10.514285714285714,0.0,7,9,10.5,0.0,9.3,0.0,0.5170163805373382,0.4136742505563349,-1.5877551020408163,-0.22755102040816233,-1.218877551020407,0.0,0.0,0.0
고창군,2020-03-02,1.410284476192101,2,12.057142857142855,0.0,7,10,11.285714285714285,0.0,10.185714285714285,0.0,0.34379144020464963,0.2217615188416931,0.7734693877551013,0.23163265306122405,0.004081632653059941,0.0,0.0,0.0
고창군,2020-03-09,1.495532991338238,2,10.971428571428572,0.0,7,11,11.514285714285712,0.0,11.007142857142856,0.0,0.4024826592512506,0.2552248348149301,-1.048571428571428,-0.6600000000000001,-0.5592857142857142,0.0,0.0,0.0
고창군,2020-03-16,1.439125102623524,2,13.628571428571428,0.0,7,12,12.299999999999999,0.0,11.792857142857143,0.0,0.3640353613213556,0.1827144611247404,1.3761904761904749,0.35238095238095113,0.5541666666666654,0.0,0.0,0.0
고창군,2020-03-23,1.4460529262463637,2,13.214285714285714,0.0,7,13,13.42142857142857,0.0,12.467857142857143,0.0,0.36883772489686933,0.23872076689138685,0.23809523809523725,0.5690476190476179,0.5589285714285701,0.0,0.0,0.0
고창군,2020-03-30,1.523598534332805,2,12.37142857142857,0.0,7,14,12.792857142857141,0.0,12.54642857142857,0.0,0.4210749936454807,0.2535317449319558,-0.10952380952381091,0.4238095238095223,0.3601190476190457,0.0,0.0,0.0
고창군,2020-04-06,1.41919179674382,2,12.457142857142857,0.0,7,15,12.414285714285713,0.0,12.917857142857141,0.0,0.3500875523590514,0.15965199844884104,1.0600000000000005,0.4514285714285702,0.5578571428571415,0.0,0.0,0.0
고창군,2020-04-13,1.222830410165406,2,12.6,0.0,7,16,12.528571428571428,0.0,12.660714285714285,0.0,0.2011681800133391,0.10701264682884738,-1.3257142857142874,-0.13285714285714256,0.029285714285713027,0.0,0.0,0.0
고창군,2020-04-20,1.248487958269279,2,9.785714285714286,0.0,7,17,11.192857142857143,0.0,11.803571428571427,0.0,0.22193318573265086,-0.05206022090125939,-0.09047619047618838,-0.8238095238095227,-0.32023809523809454,0.0,0.0,0.0
고창군,2020-04-27,1.131563100031326,2,12.200000000000001,0.0,7,18,10.992857142857144,0.0,11.760714285714286,0.0,0.12359995124563164,0.036674017095666145,-0.34285714285714164,-0.9357142857142833,-0.25982142857142776,0.0,0.0,0.0
고창군,2020-05-04,1.1372848846119497,2,11.1,0.0,7,19,11.649999999999999,0.0,11.421428571428573,0.0,0.12864374152990302,0.0655400835837388,-0.1628571428571437,-0.1557142857142857,-0.45285714285714107,0.0,0.0,0.0
고창군,2020-05-11,1.1031386766138498,2,10.357142857142858,0.0,7,20,10.728571428571428,0.0,10.860714285714288,0.0,0.09815945912621574,-0.127302786825638,-0.37619047619047663,-0.6333333333333346,-0.7857142857142847,0.0,0.0,0.0
고창군,2020-05-18,1.016515685628543,2,10.728571428571428,0.0,7,21,10.542857142857141,0.0,11.096428571428572,0.0,0.016380784983973818,0.02165494557334623,-2.30952380952381,-1.3428571428571452,-0.940476190476188,0.0,0.0,0.0
고창군,2020-05-25,1.264916231372275,2,10.528571428571428,0.0,7,22,10.628571428571426,0.0,10.678571428571429,0.0,0.2350058997277543,0.16143082550182244,-0.928571428571427,-1.192857142857143,-1.3232142857142843,0.0,0.0,0.0
고창군,2020-06-01,0.9970326007989849,2,10.342857142857143,0.0,7,23,10.435714285714285,0.0,10.489285714285714,0.0,-0.0029718106592240166,0.0,0.0,0.0,0.0,0.0,0.0,0.0
고창군,2020-06-08,0.839493790350285,2,9.799999999999999,0.0,7,24,10.07142857142857,0.0,10.35,0.0,-0.17495619933491793,-0.11852580112973513,0.966666666666665,-0.8952380952380974,-0.25833333333333286,0.0,0.0,0.0
고창군,2020-08-03,1.359611681201752,2,4.757142857142858,4.0,7,32,7.278571428571428,4.0,8.857142857142858,4.0,0.30719913044880587,0.2584697828006653,-2.432142857142856,-1.1375000000000002,0.6133928571428573,2.25,0.5,-2.25
고창군,2020-08-10,1.0645606269746795,2,6.114285714285714,4.0,7,33,5.435714285714285,8.0,7.753571428571428,8.0,0.06256215720511862,-0.005409767054924408,-1.991428571428571,-2.66,-0.6021428571428569,1.7999999999999998,3.2,-0.5999999999999996
고창군,2020-08-24,1.424413306928788,2,8.014285714285716,2.0,7,35,7.064285714285714,6.0,7.171428571428573,10.0,0.35376001450701705,0.36598292860167686,0.1723809523809532,-0.8980952380952383,-0.9283333333333328,1.4,3.4,4.4
고창군,2020-08-31,1.1333978358854453,2,6.371428571428572,0.0,7,36,7.192857142857143,2.0,6.314285714285715,10.0,0.1252200553510342,0.17422325402470296,-1.321428571428572,-0.8678571428571438,-1.2553571428571422,-0.5,0.5,4.0
고창군,2020-09-14,1.1671668209366874,2,9.371428571428572,0.0,7,38,7.871428571428571,0.0,7.467857142857143,6.0,0.15457929162011697,-0.038652515841311214,0.7809523809523817,-0.5142857142857151,-0.605952380952381,0.0,-0.3333333333333333,3.6666666666666665
고창군,2020-09-21,0.9012001924497998,3,11.071428571428571,0.0,7,39,10.221428571428572,0.0,8.707142857142857,2.0,-0.10402785687569081,-0.07549012148071396,1.6107142857142858,1.3142857142857132,0.07232142857142954,0.0,0.0,1.25
고창군,2020-09-28,1.0774148320097052,2,10.271428571428572,0.0,7,40,10.67142857142857,0.0,9.271428571428572,0.0,0.07456449765339401,0.02257035707052958,0.6285714285714299,1.0614285714285714,0.1614285714285728,0.0,0.0,-1.2
고창군,2020-10-05,1.5115334137491099,2,12.442857142857141,0.0,7,41,11.357142857142856,0.0,10.789285714285715,0.0,0.41312464134375165,0.2933723708687348,1.3885714285714261,1.0085714285714271,1.125,0.0,0.0,-0.6
고창군,2020-10-12,1.1339784265688753,2,11.214285714285714,0.0,7,42,11.828571428571426,0.0,11.25,0.0,0.12573218093489377,0.03300750863472603,0.6457142857142859,1.017142857142856,1.0392857142857146,0.0,0.0,0.0
고창군,2020-10-19,1.053111878441012,3,11.12857142857143,0.0,7,43,11.17142857142857,0.0,11.264285714285714,0.0,0.05174947484038551,-0.1003280194444032,0.23928571428571566,0.7053571428571423,0.8946428571428573,0.0,0.0,0.0
고창군,2020-10-26,0.7560670969526095,2,13.12857142857143,0.0,7,44,12.12857142857143,0.0,11.978571428571428,0.0,-0.27962515415806466,-0.24210720383969545,0.44285714285714306,1.2613095238095244,2.2404761904761905,0.0,-0.25,-2.25
고창군,2020-11-02,0.9175731682644588,2,11.342857142857143,0.0,7,45,12.235714285714286,0.0,11.70357142857143,0.0,-0.0860229548058657,-0.17280312323459707,0.21714285714285886,0.675714285714287,0.980952380952381,0.0,0.0,-0.8
고창군,2020-11-09,0.839865825579599,2,14.442857142857141,0.0,7,46,12.892857142857142,0.0,12.510714285714286,0.0,-0.17451313135606325,-0.08851468759193139,1.6452380952380956,1.1285714285714281,1.8412698412698418,0.0,0.0,-0.6666666666666666
고창군,2020-11-16,1.0670577368922323,4,9.328571428571427,0.0,7,47,11.885714285714283,0.0,12.060714285714285,0.0,0.0649050822822928,-0.05426152826591463,-1.6742857142857144,0.19571428571428306,0.2828571428571429,0.0,0.0,0.0
고창군,2020-11-23,0.9191426176598743,3,6.942857142857143,0.0,7,48,8.135714285714284,0.0,10.514285714285714,0.0,-0.0843139807888515,-0.23830535683128184,-2.55142857142857,-2.284285714285714,-0.8228571428571421,0.0,0.0,0.0
고창군,2020-11-30,0.8382734601822509,2,9.971428571428572,0.0,7,49,8.457142857142856,0.0,10.17142857142857,0.0,-0.17641090693258904,-0.12918457481676932,0.5749999999999993,-0.9321428571428587,-0.46160714285714377,0.0,0.0,0.0
고창군,2021-01-25,1.2439400639340148,2,10.814285714285715,0.0,7,4,10.392857142857142,0.0,9.264285714285714,0.0,0.21828381303893712,0.20411232469410356,0.951428571428572,0.012857142857143344,-0.34999999999999964,0.0,0.0,0.0
고창군,2021-02-01,1.4941321863185695,2,10.766666666666666,0.0,6,5,10.79047619047619,0.0,9.623809523809523,0.0,0.4015455609215463,0.0789450765770302,1.5404761904761912,1.3452380952380967,0.269047619047619,0.0,0.0,0.0
고창군,2021-02-08,1.5865817536709839,2,13.37142857142857,0.0,7,6,12.069047619047616,0.0,11.230952380952381,0.0,0.4615818615492372,0.38132837304054895,3.533333333333333,2.1388888888888875,1.0015873015873016,0.0,0.0,0.0
고창군,2021-02-15,1.624535885296615,2,8.414285714285715,0.0,7,7,10.892857142857142,0.0,10.841666666666667,0.0,0.485222165939432,0.0775244345487196,-0.25,0.4285714285714288,0.6761904761904756,0.0,0.0,0.0
고창군,2021-02-22,1.3281135329769227,2,10.471428571428572,0.0,7,8,9.442857142857143,0.0,10.75595238095238,0.0,0.283759539099525,0.16672496672009368,1.185714285714285,0.04880952380952408,0.8097222222222218,0.0,0.0,0.0
고창군,2021-03-01,1.3926424356832625,2,9.785714285714286,0.0,7,9,10.128571428571428,0.0,10.510714285714286,0.0,0.3312029753320826,0.22786084535107926,-2.316326530612244,-0.5989795918367342,-0.008163265306121659,0.0,0.0,0.0
고창군,2021-03-08,1.4180599106167258,2,12.314285714285715,0.0,7,10,11.05,0.0,10.246428571428572,0.0,0.34928967729974336,0.22725975593678682,1.030612244897961,-0.004081632653059941,0.06479591836734677,0.0,0.0,0.0
고창군,2021-03-22,1.4130786056773887,2,11.671428571428573,0.0,7,12,11.992857142857144,0.0,11.060714285714285,0.0,0.345770732500012,0.1644498323033968,-0.5809523809523807,0.045238095238095966,-0.1779761904761923,0.0,0.0,0.0
고창군,2021-03-29,1.4087267081836532,2,11.757142857142856,0.0,7,13,11.714285714285714,0.0,11.382142857142858,0.0,0.34268625255896623,0.21256929455348375,-1.21904761904762,-1.1380952380952394,-0.5267857142857153,0.0,0.0,0.0
고창군,2021-04-05,1.5894492454468776,2,15.314285714285715,0.0,7,14,13.535714285714285,0.0,12.764285714285716,0.0,0.4633875697150776,0.2958443210015527,2.833333333333334,1.166666666666666,0.5779761904761909,0.0,0.0,0.0
고창군,2021-04-12,1.478085408487333,2,9.257142857142856,0.0,7,15,12.285714285714285,0.0,12.0,0.0,0.39074760738372183,0.20031205347351144,-2.1400000000000006,0.32285714285714207,-0.35999999999999943,0.0,0.0,0.0
고창군,2021-04-19,1.5182779002103148,2,14.957142857142857,0.0,7,16,12.107142857142856,0.0,12.821428571428571,0.0,0.41757673218544594,0.32342119900095423,1.0314285714285703,-0.5542857142857152,0.1899999999999995,0.0,0.0,0.0
고창군,2021-05-03,2.1760705888820917,2,14.571428571428571,0.0,7,18,14.764285714285712,0.0,13.524999999999999,0.0,0.7775207682111475,0.6905948340611819,2.0285714285714285,2.8357142857142854,1.5044642857142847,0.0,0.0,0.0
고창군,2021-05-10,1.7101291830233347,2,10.771428571428572,0.0,7,19,12.67142857142857,0.0,12.389285714285712,0.0,0.5365689132888224,0.47346525534265815,-0.4914285714285711,0.8657142857142865,0.5149999999999988,0.0,0.0,0.0
고창군,2021-06-28,1.3596203450821949,2,8.085714285714285,0.0,7,26,9.428571428571427,0.0,12.096428571428572,0.0,0.3072055027483075,0.1743574614374921,0.4178571428571427,0.8071428571428569,1.783035714285715,-1.0,-1.0,-1.0
고창군,2021-07-05,1.0986409012798588,2,5.485714285714285,0.0,7,27,6.785714285714285,0.0,9.72857142857143,0.0,0.09407387159914185,0.07187033602575432,-2.2619047619047628,-1.4440476190476197,0.44285714285714306,-1.0,-1.6666666666666667,-1.6666666666666667
고창군,2021-07-12,0.6053115384045717,3,8.442857142857143,3.0,7,28,6.9642857142857135,3.0,8.196428571428571,3.0,-0.5020120139754605,-0.26806354741076355,1.1357142857142861,-0.9797619047619053,-0.6166666666666671,1.3333333333333333,0.3333333333333335,-0.3333333333333335
고창군,2021-08-30,0.6140185754737337,2,6.066666666666666,1.0,6,35,7.254761904761905,4.0,7.020238095238095,4.0,-0.4877300980780638,-0.47550718398340397,-1.7752380952380964,-0.7076190476190476,-1.0795238095238107,0.4,1.4,-1.5999999999999996
고창군,2021-11-01,1.172655355005534,2,13.342857142857143,0.0,7,44,9.704761904761906,1.0,8.334523809523809,4.0,0.15927071149971014,0.19678866181807936,0.6571428571428566,-1.1624999999999996,-1.4035714285714285,0.0,0.75,1.75
고창군,2021-11-08,1.30021777557532,2,8.185714285714285,0.0,7,45,10.764285714285714,0.0,9.00952380952381,4.0,0.2625317701109604,0.17575160168222906,-2.9399999999999995,-0.7957142857142845,-1.7130952380952387,0.0,0.0,3.2
고창군,2021-11-15,1.6819332340385316,2,12.914285714285713,0.0,7,46,10.549999999999999,0.0,10.127380952380951,1.0,0.5199438663744064,0.6059423101385383,0.11666666666666714,-1.2142857142857153,-0.5420634920634928,0.0,0.0,0.33333333333333337
고창군,2021-11-29,1.728934304639857,2,9.942857142857141,0.0,7,48,11.428571428571427,0.0,11.09642857142857,0.0,0.5475052098195686,0.3935138337771383,0.4485714285714284,1.008571428571429,-0.24071428571428655,0.0,0.0,0.0
고창군,2021-12-13,1.3596712268181828,3,10.828571428571427,0.0,7,50,10.385714285714284,0.0,10.467857142857142,0.0,0.30724292553630095,0.13358940435578712,0.4821428571428559,0.5178571428571423,0.1482142857142854,0.0,0.0,0.0
고창군,2021-12-27,0.624862512274077,2,8.157142857142857,0.0,7,52,9.492857142857142,0.0,10.460714285714285,0.0,-0.4702236338064411,-0.3563453800412406,-0.7171428571428589,-0.2914285714285718,0.7835714285714275,0.0,0.0,0.0
고창군,2022-01-03,1.072778326329819,2,10.271428571428572,0.0,7,1,9.214285714285715,0.0,9.8,0.0,0.07025184988212564,0.18640873761959842,0.6542857142857148,-0.03142857142857025,0.1885714285714286,0.0,0.0,0.0
고창군,2022-01-24,1.1705187745675887,2,8.042857142857143,0.0,7,4,9.157142857142858,0.0,9.325,0.0,0.15744704760454842,0.14327555925971486,-1.8200000000000003,-1.2228571428571406,-0.2892857142857146,0.0,0.0,0.0
고창군,2022-02-28,1.0004639141441114,2,12.757142857142856,0.0,7,9,10.399999999999999,0.0,9.807142857142857,0.0,0.00046380656921390435,-0.10287832341178944,0.6551020408163257,-0.32755102040816375,-0.7117346938775508,0.0,0.0,0.0
고창군,2022-03-28,0.9599700767729913,3,14.214285714285714,0.0,7,13,13.485714285714284,0.0,11.321428571428571,0.0,-0.040853165034184624,-0.1709701230396671,1.2380952380952372,0.6333333333333311,-0.5875000000000021,0.0,0.0,0.0
고창군,2022-06-13,0.8097856438239042,2,7.485714285714286,0.0,7,24,10.85,0.0,10.625,0.0,-0.21098570359270913,-0.15455530538752632,-1.3476190476190482,-0.11666666666666714,0.016666666666667496,0.0,0.0,0.0
고창군,2022-06-20,0.8945360415216352,5,7.828571428571427,0.0,7,25,7.657142857142857,0.0,10.57142857142857,0.0,-0.11145008447880127,-0.11830332234382118,-1.3285714285714292,-1.185714285714285,-0.003571428571429891,0.0,0.0,0.0
고창군,2022-06-27,0.9362343852325908,3,7.314285714285715,4.0,7,26,7.571428571428571,4.0,9.210714285714285,4.0,-0.0658894222790091,-0.1987374635898245,-0.35357142857142776,-1.049999999999999,-1.1026785714285712,3.0,3.0,3.0
고창군,2022-07-04,0.9187033072454017,3,8.157142857142857,1.0,7,27,7.735714285714286,5.0,7.696428571428571,5.0,-0.0847920517923958,-0.10699558736578332,0.40952380952380896,-0.4940476190476186,-1.5892857142857153,0.0,3.333333333333333,3.333333333333333
고창군,2022-07-11,0.7491918842580662,3,7.042857142857143,0.0,7,28,7.6,1.0,7.585714285714285,5.0,-0.2887601410148347,-0.05481167445013779,-0.26428571428571423,-0.34404761904761916,-1.227380952380953,-1.6666666666666667,-1.6666666666666665,1.6666666666666665
고창군,2022-07-18,0.6301881127003837,3,6.385714285714285,0.0,7,29,6.7142857142857135,0.0,7.225,5.0,-0.46173691257824445,-0.30411001875796884,-0.22142857142857242,-0.5869047619047629,-1.6369047619047628,-0.6666666666666666,-1.8333333333333333,1.5
고창군,2022-11-14,0.5190350607807532,2,12.671428571428569,0.0,7,46,9.528571428571428,0.0,8.564285714285713,1.0,-0.6557838436070963,-0.5697853998429644,-0.12619047619047663,-2.2357142857142858,-2.105158730158731,0.0,0.0,0.33333333333333337
고창군,2022-12-26,0.6984451275327408,3,9.62857142857143,0.0,7,52,11.149999999999999,0.0,8.932142857142857,0.0,-0.3588986609475345,-0.245020407182334,0.7542857142857144,1.3657142857142848,-0.745000000000001,0.0,0.0,0.0
고창군,2023-01-02,0.8713516116033249,2,10.614285714285714,0.0,7,1,10.121428571428574,0.0,9.825,0.0,-0.13770969632956917,-0.021552808592096406,0.9971428571428564,0.8757142857142881,0.2135714285714272,0.0,0.0,0.0
고창군,2023-01-09,0.7675266677594388,2,11.542857142857143,0.0,7,2,11.07857142857143,0.0,11.114285714285714,0.0,-0.2645820538580526,-0.21155059502539306,2.1500000000000004,1.6553571428571434,1.474107142857143,0.0,0.0,0.0
고창군,2023-02-20,1.2789594468947318,2,11.714285714285714,0.0,7,8,11.62857142857143,0.0,10.875,0.0,0.2460468152095375,0.1290122428301062,2.428571428571427,2.234523809523811,0.9287698412698422,0.0,0.0,0.0
고창군,2023-02-27,0.8896893091181736,2,16.37142857142857,0.0,7,9,14.042857142857141,0.0,12.560714285714283,0.0,-0.11688296808081321,-0.22022509806181656,4.26938775510204,3.3153061224489786,2.0418367346938755,0.0,0.0,0.0
고창군,2023-03-06,0.913533517777184,2,14.914285714285713,0.0,7,10,15.642857142857139,0.0,13.635714285714284,0.0,-0.09043521223655672,-0.21246513359951325,3.630612244897959,4.588775510204078,3.4540816326530592,0.0,0.0,0.0
고창군,2023-03-13,0.6799684717427255,2,12.571428571428571,0.0,7,11,13.742857142857142,0.0,13.892857142857142,0.0,-0.3857088469711057,-0.5329666714074262,0.5514285714285716,1.5685714285714294,2.326428571428572,0.0,0.0,0.0
고창군,2023-07-17,0.9321581916448711,2,6.92857142857143,0.0,7,29,9.75,0.0,12.696428571428571,0.0,-0.07025274517511094,0.08737414864516467,0.32142857142857206,2.4488095238095235,3.834523809523809,-0.6666666666666666,-1.8333333333333333,-3.5
고창군,2023-07-24,0.7999608564289261,3,8.671428571428573,0.0,7,30,7.800000000000002,0.0,10.77142857142857,0.0,-0.22319248197513739,-0.15318812292195993,0.2685714285714287,0.3285714285714292,2.4085714285714275,-3.4,-4.2,-6.6
고창군,2023-07-31,1.212173659373648,2,10.585714285714285,0.0,7,31,9.62857142857143,0.0,9.689285714285713,0.0,0.19241516069464026,0.13745039486091326,0.9809523809523792,0.6785714285714288,1.4053571428571416,-2.1666666666666665,-5.0,-6.833333333333333
고창군,2023-08-07,1.0179914886327746,2,7.642857142857143,0.0,7,32,9.114285714285714,0.0,8.457142857142857,0.0,0.017831557221840953,-0.030897790426299622,0.4535714285714292,0.6982142857142861,0.21339285714285694,-1.75,-3.5,-6.25
고창군,2023-09-25,0.9226076486041659,2,7.957142857142857,0.0,7,39,7.800000000000001,0.0,8.714285714285714,0.0,-0.08055121762162787,-0.05201348222665102,-1.5035714285714281,-1.1071428571428577,0.07946428571428577,0.0,0.0,-0.75
고창군,2023-10-02,1.2810460676181612,2,9.542857142857144,0.0,7,40,8.750000000000002,0.0,8.932142857142857,0.0,0.24767698449916697,0.19568284391630253,-0.09999999999999787,-0.8599999999999977,-0.1778571428571425,0.0,0.0,-1.2
고창군,2023-10-09,1.0005831874209221,2,11.757142857142856,0.0,7,41,10.650000000000002,0.0,9.225000000000001,0.0,0.000583017433224735,-0.11916925304179209,0.7028571428571411,0.3014285714285734,-0.43928571428571317,0.0,0.0,-0.6
고창군,2023-10-16,1.183034288918822,2,12.671428571428573,0.0,7,42,12.214285714285715,0.0,10.482142857142858,0.0,0.16808256929202675,0.075357896991859,2.102857142857145,1.4028571428571457,0.27142857142857224,0.0,0.0,0.0
고창군,2024-02-19,0.7132257508295692,3,4.814285714285714,0.0,7,8,8.742857142857144,0.0,9.696428571428573,0.0,-0.3379572876023776,-0.4549918599818089,-4.471428571428572,-0.6511904761904752,-0.24980158730158486,0.0,0.0,0.0
고창군,2024-02-26,0.8783855363056091,3,9.385714285714286,0.0,7,9,7.1000000000000005,0.0,9.657142857142858,0.0,-0.12966967431688847,-0.2330118042978918,-2.7163265306122444,-3.627551020408162,-0.8617346938775494,0.0,0.0,0.0
고창군,2024-03-04,1.018755262666474,4,10.014285714285714,0.0,7,10,9.7,0.0,9.221428571428572,0.0,0.018581551367174497,-0.10344836999578202,-1.2693877551020396,-1.3540816326530614,-0.9602040816326536,0.0,0.0,0.0
고창군,2024-03-18,0.9732955864468066,3,11.328571428571427,0.0,7,12,10.67142857142857,0.0,8.885714285714286,0.0,-0.027067454187725045,-0.20838835438434025,-0.9238095238095259,-1.276190476190477,-2.352976190476191,0.0,0.0,0.0
고창군,2024-03-25,1.0890823906109381,4,10.171428571428569,0.0,7,13,10.749999999999998,0.0,10.225,0.0,0.08533549821563231,-0.04478145978985017,-2.8047619047619072,-2.1023809523809547,-1.6839285714285737,0.0,0.0,0.0
고창군,2024-04-01,0.7382046063542402,4,12.242857142857142,0.0,7,14,11.207142857142856,0.0,10.939285714285713,0.0,-0.30353424842434706,-0.47107749713787195,-0.23809523809523903,-1.161904761904763,-1.247023809523812,0.0,0.0,0.0
고창군,2024-04-29,0.4231894266588864,3,10.014285714285714,0.0,7,18,11.128571428571428,0.0,10.939285714285713,0.0,-0.8599353830155506,-0.9468613171655161,-2.5285714285714285,-0.7999999999999989,-1.0812500000000007,0.0,0.0,0.0
고창군,2024-05-06,0.7258383540242583,2,9.571428571428571,0.0,7,19,9.792857142857143,0.0,10.5,0.0,-0.320427941807317,-0.38353159975348117,-1.6914285714285722,-2.0128571428571416,-1.3742857142857137,0.0,0.0,0.0
고창군,2024-06-17,1.1333258729133682,3,10.485714285714286,0.0,7,25,10.028571428571428,0.0,10.578571428571427,0.0,0.1251565602088411,0.11830332234382118,1.3285714285714292,1.1857142857142868,0.0035714285714281147,0.0,0.0,0.0
고창군,2024-06-24,1.0562414779360016,3,8.142857142857142,0.0,7,26,9.314285714285713,0.0,9.553571428571429,0.0,0.05471683143042761,-0.0781312098803878,0.47499999999999964,0.6928571428571431,-0.7598214285714278,-1.0,-1.0,-1.0
고창군,2024-07-01,1.1070726201829915,3,6.9,2.0,7,27,7.521428571428571,2.0,8.775,2.0,0.1017192524628335,0.07951571688944598,-0.8476190476190473,-0.708333333333333,-0.5107142857142861,1.0,0.33333333333333326,0.33333333333333326
고창군,2024-07-08,1.0075190492882402,4,5.157142857142857,1.0,7,28,6.0285714285714285,3.0,7.671428571428571,3.0,0.007490922142081085,0.241439388706778,-2.1500000000000004,-1.9154761904761903,-1.1416666666666675,-0.6666666666666667,0.3333333333333335,-0.3333333333333335
고창군,2024-07-15,1.0818392466230748,5,5.614285714285714,2.0,7,29,5.385714285714285,3.0,6.453571428571427,5.0,0.0786625987979312,0.2362894926182068,-0.9928571428571438,-1.9154761904761912,-2.408333333333335,1.3333333333333335,1.1666666666666667,1.5
고창군,2024-07-22,1.0650775923480358,5,5.942857142857144,7.0,7,30,5.7785714285714285,9.0,5.903571428571429,12.0,0.06304765317229287,0.1330520122254703,-2.46,-1.692857142857144,-2.4592857142857136,3.6,4.8,5.4
고창군,2024-07-29,1.1859349968207076,3,7.9,6.0,7,31,6.921428571428573,13.0,6.1535714285714285,16.0,0.17053149032196788,0.11556672448824087,-1.7047619047619058,-2.0285714285714285,-2.130357142857143,3.8333333333333335,8.0,9.166666666666668
고창군,2024-08-05,1.034405028538541,4,9.485714285714286,2.0,7,32,8.692857142857143,8.0,7.235714285714286,17.0,0.033826409773189035,-0.01490293787495154,2.2964285714285717,0.2767857142857153,-1.0080357142857146,0.25,4.5,10.75
고창군,2024-08-12,0.893294902207083,5,9.057142857142859,2.0,7,33,9.271428571428572,4.0,8.096428571428572,17.0,-0.11283851498817202,-0.18081043924821505,0.9514285714285737,1.175714285714287,-0.25928571428571345,-0.20000000000000018,-0.7999999999999998,8.4
고창군,2024-08-19,0.6370782842358251,5,8.5,3.0,7,34,8.778571428571428,5.0,8.735714285714286,13.0,-0.4508627357712905,-0.5616234377386222,-0.17857142857142883,0.1374999999999993,-0.06607142857142811,2.25,2.5,5.75
고창군,2024-08-26,0.787594984721353,2,10.042857142857143,0.0,7,35,9.271428571428572,3.0,9.271428571428572,7.0,-0.23877130003663735,-0.22654838594197751,2.20095238095238,1.30904761904762,1.1716666666666669,-0.6,0.3999999999999999,1.4000000000000004
고창군,2024-09-30,0.7421879144077859,2,10.442857142857145,0.0,7,40,10.242857142857144,0.0,9.510714285714286,5.0,-0.2981528139592681,-0.35014695454213257,0.8000000000000025,0.6328571428571443,0.4007142857142867,0.0,0.0,3.8
고창군,2024-10-07,0.7590983981833578,3,11.87142857142857,0.0,7,41,11.157142857142858,0.0,10.214285714285715,3.0,-0.2756238681139821,-0.3953761385889989,0.817142857142855,0.8085714285714296,0.5500000000000007,0.0,0.0,2.4
고창군,2024-10-14,0.9389149471284642,2,8.328571428571427,0.0,7,42,10.099999999999998,0.0,10.17142857142857,0.0,-0.06303038201427216,-0.15575505431443992,-2.24,-0.7114285714285717,-0.03928571428571459,0.0,0.0,0.0
고창군,2024-10-21,1.1563740504594335,3,10.642857142857142,0.0,7,43,9.485714285714284,0.0,10.321428571428571,0.0,0.14528929097350618,-0.00678820331128252,-0.24642857142857189,-0.9803571428571445,-0.048214285714285765,0.0,0.0,0.0
고창군,2024-11-04,0.9747447716188666,2,12.085714285714287,0.0,7,45,11.364285714285714,0.0,10.732142857142858,0.0,-0.025579614951341558,-0.11235978338007291,0.9600000000000026,-0.19571428571428484,0.00952380952380949,0.0,0.0,-0.8
고창군,2024-11-11,0.5202578080750845,3,11.485714285714284,0.0,7,46,11.785714285714285,0.0,10.635714285714284,0.0,-0.6534308055075435,-0.5674323617434116,-1.3119047619047617,0.021428571428570464,-0.03373015873015994,0.0,0.0,-0.6666666666666666
고창군,2024-11-18,0.8963618751531355,2,12.6,0.0,7,47,12.042857142857141,0.0,11.703571428571427,0.0,-0.10941106902505798,-0.2285776795732654,1.5971428571428579,0.3528571428571414,-0.07428571428571473,0.0,0.0,0.0
고창군,2024-11-25,0.8050215279007865,3,9.757142857142856,0.0,7,48,11.178571428571427,0.0,11.482142857142858,0.0,-0.21688625918725793,-0.3708776352296883,0.26285714285714334,0.7585714285714289,0.14500000000000135,0.0,0.0,0.0
고창군,2024-12-02,0.9332519491400835,2,8.385714285714286,0.0,7,49,9.071428571428571,0.0,10.557142857142857,0.0,-0.06908007263877194,-0.02185374052295222,-1.0107142857142861,-0.31785714285714306,-0.07589285714285765,0.0,0.0,0.0
고창군,2024-12-09,1.1187080734832364,2,8.057142857142857,0.0,7,50,8.221428571428572,0.0,9.7,0.0,0.11217451368857562,-0.061479007491938215,-2.2892857142857146,-1.6464285714285705,-0.6196428571428569,0.0,0.0,0.0
고창군,2024-12-16,0.8780980331475704,3,8.014285714285714,0.0,7,51,8.035714285714285,0.0,8.553571428571429,0.0,-0.12999703651441333,-0.030535112160197303,-1.567857142857143,-1.9750000000000014,-1.4848214285714292,0.0,0.0,0.0
고창군,2024-12-23,0.9397095549951374,3,8.5,0.0,7,52,8.257142857142856,0.0,8.239285714285714,0.0,-0.0621844355112198,0.05169381825398067,-0.37428571428571544,-1.5271428571428576,-1.437857142857144,0.0,0.0,0.0
고창군,2024-12-30,1.0248451029700583,4,10.557142857142859,0.0,7,1,9.528571428571428,0.0,8.782142857142858,0.0,0.024541482117135128,0.1406983698546079,0.9400000000000013,0.2828571428571429,-0.8292857142857137,0.0,0.0,0.0
고창군,2025-01-06,1.1338724559305453,2,8.6,0.0,7,2,9.57857142857143,0.0,8.917857142857143,0.0,0.12563872625564232,0.17867018508830187,-0.7928571428571427,0.15535714285714342,-0.7223214285714281,0.0,0.0,0.0
고창군,2025-01-13,0.8247351137192108,4,10.442857142857141,0.0,7,3,9.52142857142857,0.0,9.525,0.0,-0.19269301848258277,-0.19926016037195715,-0.24642857142857189,-0.12142857142857189,0.05178571428571388,0.0,0.0,0.0
고창군,2025-01-20,0.7624674629854716,2,12.328571428571427,0.0,7,4,11.385714285714284,0.0,10.482142857142858,0.0,-0.2711954429054879,-0.2853669312503215,2.4657142857142844,1.0057142857142853,0.8678571428571438,0.0,0.0,0.0
고창군,2025-02-03,0.9815570181351345,2,7.785714285714286,0.0,7,6,10.057142857142857,0.0,9.789285714285713,0.0,-0.018615174100032314,-0.09886866260872057,-2.0523809523809513,0.1269841269841283,-0.4400793650793666,0.0,0.0,0.0
고창군,2025-02-17,1.0111297082491661,5,6.642857142857143,0.0,7,8,7.214285714285714,0.0,9.299999999999999,0.0,0.011068228791340569,-0.10596634358809073,-2.6428571428571432,-2.1797619047619046,-0.6462301587301589,0.0,0.0,0.0
고창군,2025-03-03,0.9031014917905039,7,9.214285714285714,0.0,7,10,7.928571428571429,0.0,8.992857142857142,0.0,-0.10192033787146768,-0.2239502592344242,-2.0693877551020403,-3.125510204081632,-1.1887755102040831,0.0,0.0,0.0
고창군,2025-06-30,1.0757028599904965,2,8.085714285714287,3.0,7,27,8.65,3.0,7.932142857142857,3.0,0.07297427117730135,0.05077073560391382,0.33809523809523956,0.42023809523809597,-1.3535714285714295,2.0,1.3333333333333333,1.3333333333333333
고창군,2025-07-07,0.931302237286767,2,9.914285714285715,2.0,7,28,9.0,5.0,8.464285714285715,5.0,-0.07117141713080578,0.16277704943389115,2.6071428571428577,1.0559523809523812,-0.348809523809523,0.33333333333333326,2.3333333333333335,1.6666666666666665
고창군,2025-07-14,0.8860274070317792,2,6.528571428571429,0.0,7,29,8.221428571428572,2.0,8.435714285714287,5.0,-0.1210073954110392,0.03661949840923641,-0.07857142857142829,0.9202380952380951,-0.42619047619047556,-0.6666666666666666,0.16666666666666674,1.5
고창군,2025-07-21,0.9790814035564925,3,10.014285714285716,2.0,7,30,8.271428571428572,2.0,8.635714285714286,7.0,-0.021140490208174708,0.048863868845002725,1.611428571428572,0.7999999999999998,0.27285714285714313,-1.4,-2.2,0.40000000000000036
고창군,2025-07-28,0.9882507405413246,4,10.285714285714286,1.0,7,31,10.150000000000002,3.0,9.185714285714287,5.0,-0.011818827459481198,-0.0667835932932082,0.6809523809523803,1.200000000000001,0.9017857142857153,-1.1666666666666665,-2.0,-1.833333333333333
고창군,2025-08-04,0.8487931967518939,5,6.871428571428571,1.0,7,32,8.57857142857143,2.0,8.425,4.0,-0.16393970685127357,-0.21266905449941415,-0.31785714285714306,0.16250000000000142,0.18125000000000036,-0.75,-1.5,-2.25
고창군,2025-08-11,0.6045625799572686,4,7.685714285714285,1.0,7,33,7.2785714285714285,2.0,8.714285714285715,5.0,-0.5032500907829656,-0.5712220150430086,-0.41999999999999993,-0.8171428571428567,0.3585714285714303,-1.2000000000000002,-2.8,-3.5999999999999996
고창군,2025-08-18,0.9978620353764633,5,9.757142857142856,0.0,7,34,8.721428571428572,1.0,8.649999999999999,3.0,-0.002140253332603607,-0.11290095529993535,1.0785714285714274,0.08035714285714235,-0.1517857142857153,-0.75,-1.5,-4.25
고창군,2025-08-25,1.2103410264342451,5,8.842857142857143,0.0,7,35,9.3,0.0,8.289285714285715,2.0,0.19090215992751167,0.2031250740221715,1.0009523809523806,1.3376190476190484,0.1895238095238092,-0.6,-2.6,-3.5999999999999996
고창군,2025-09-01,0.7999336816416502,2,9.014285714285716,1.0,7,36,8.92857142857143,1.0,8.825,2.0,-0.22322645269837174,-0.17422325402470296,1.321428571428572,0.8678571428571438,1.2553571428571422,0.5,-0.5,-4.0
고창군,2025-09-15,1.0453835416246686,2,7.242857142857141,0.0,7,38,8.12857142857143,1.0,8.714285714285714,1.0,0.044383843557551164,-0.148847963903877,-1.347619047619049,-0.25714285714285623,0.6404761904761891,0.0,0.6666666666666667,-1.3333333333333335
고창군,2025-09-22,0.9597311449045632,4,7.1000000000000005,0.0,7,39,7.171428571428572,0.0,8.05,1.0,-0.04110209113472961,-0.012564355739752758,-2.360714285714285,-1.7357142857142867,-0.584821428571427,0.0,0.0,0.25
고창군,2025-09-29,1.1135283025226954,3,8.142857142857142,0.0,7,40,7.621428571428572,0.0,7.875,1.0,0.10753362501480039,0.05553948443193596,-1.5,-1.9885714285714275,-1.2349999999999994,0.0,0.0,-0.19999999999999996
고창군,2025-10-06,1.098602646521102,2,8.171428571428573,0.0,7,41,8.157142857142858,0.0,7.664285714285714,0.0,0.09403905091774867,-0.025713219557268158,-2.8828571428571426,-2.1914285714285704,-2.000000000000001,0.0,0.0,-0.6
고창군,2025-10-13,1.0650896311808014,2,7.271428571428571,0.0,7,42,7.7214285714285715,0.0,7.671428571428572,0.0,0.06305895635321944,-0.029665715946948307,-3.2971428571428563,-3.089999999999998,-2.5392857142857137,0.0,0.0,0.0
고창군,2025-10-20,1.284474318889085,5,10.142857142857142,0.0,7,43,8.707142857142856,0.0,8.432142857142857,0.0,0.25034954428820555,0.09827205000341685,-0.7464285714285719,-1.758928571428573,-1.9375,0.0,0.0,0.0
고창군,2025-10-27,1.1600788435969036,6,11.214285714285714,0.0,7,44,10.678571428571427,0.0,9.2,0.0,0.14848797142653178,0.186005921744901,-1.4714285714285733,-0.1886904761904784,-0.538095238095238,0.0,-0.25,-2.25
고창군,2025-11-03,1.1931093412048326,4,13.328571428571427,0.0,7,45,12.271428571428569,0.0,10.489285714285714,0.0,0.17656279122512672,0.08978262279639537,2.202857142857143,0.71142857142857,-0.23333333333333428,0.0,0.0,-0.8
고창군,2025-11-10,1.3030369272463238,4,13.528571428571428,0.0,7,46,13.428571428571427,0.0,12.053571428571427,0.0,0.2646976379148273,0.35069608167895916,0.7309523809523828,1.6642857142857128,1.3841269841269828,0.0,0.0,-0.6666666666666666
고창군,2025-11-17,1.0679311317051465,3,10.357142857142858,0.0,7,47,11.942857142857143,0.0,12.107142857142858,0.0,0.0657232550367104,-0.05344335551149702,-0.6457142857142841,0.25285714285714356,0.3292857142857155,0.0,0.0,0.0
고창군,2025-11-24,1.3239190509348921,3,11.585714285714285,0.0,7,48,10.971428571428572,0.0,12.2,0.0,0.2805963158684323,0.12660493982600196,2.0914285714285725,0.5514285714285734,0.862857142857143,0.0,0.0,0.0
고창군,2025-12-01,1.162224012442222,3,10.37142857142857,0.0,7,49,10.978571428571428,0.0,11.460714285714285,0.0,0.15033542164162722,0.19756175375744695,0.9749999999999979,1.5892857142857135,0.8276785714285708,0.0,0.0,0.0
고창군,2025-12-08,1.1415781283814994,3,10.714285714285714,0.0,7,50,10.542857142857141,0.0,10.757142857142858,0.0,0.13241162825615568,-0.04124189292435815,0.367857142857142,0.6749999999999989,0.4375000000000018,0.0,0.0,0.0
고창군,2025-12-15,0.7579719932049975,2,11.4,0.0,7,51,11.057142857142857,0.0,11.017857142857142,0.0,-0.27710884230073723,-0.1776469179465212,1.817857142857143,1.0464285714285708,0.9794642857142843,0.0,0.0,0.0
고창군,2025-12-22,1.2062486372111352,4,9.714285714285714,0.0,7,52,10.557142857142857,0.0,10.549999999999999,0.0,0.18751524389726826,0.3013934976624687,0.8399999999999981,0.7728571428571431,0.872857142857141,0.0,0.0,0.0
고창군,2025-12-29,0.5938176685121462,2,8.87142857142857,0.0,7,1,9.292857142857141,0.0,10.174999999999999,0.0,-0.5211829621066907,-0.4050260743692179,-0.7457142857142873,0.04714285714285538,0.5635714285714268,0.0,0.0,0.0
고창군,2026-01-05,0.8948040897581777,4,9.042857142857143,0.0,7,2,8.957142857142856,0.0,9.757142857142856,0.0,-0.11115047879303841,-0.05811901996037886,-0.34999999999999964,-0.46607142857143025,0.11696428571428541,0.0,0.0,0.0
고창군,2026-01-12,0.8905453371611922,2,14.3,0.0,7,3,11.67142857142857,0.0,10.482142857142858,0.0,-0.11592126552010407,-0.12248840740947844,3.6107142857142875,2.0285714285714285,1.0089285714285712,0.0,0.0,0.0
고창군,2026-01-19,0.8836883922523808,2,6.971428571428572,0.0,7,4,10.635714285714286,0.0,9.79642857142857,0.0,-0.12365077593838202,-0.13782226428321556,-2.8914285714285706,0.2557142857142871,0.18214285714285694,0.0,0.0,0.0
고창군,2026-02-02,0.8169264424281089,2,8.357142857142858,0.0,7,6,7.664285714285715,0.0,9.667857142857144,0.0,-0.2022062219231401,-0.2824597104318284,-1.4809523809523792,-2.265873015873014,-0.561507936507935,0.0,0.0,0.0
고창군,2026-02-23,0.8934481042279836,4,11.700000000000001,0.0,7,9,10.028571428571428,0.0,10.332142857142857,0.0,-0.11266702751546406,-0.21600915749646743,-0.40204081632652944,-0.6989795918367339,-0.18673469387755048,0.0,0.0,0.0
고창군,2026-03-02,0.9006903582917426,3,9.9,0.0,7,10,10.8,0.0,9.232142857142858,0.0,-0.10459374493304553,-0.22662366629600206,-1.3836734693877535,-0.25408163265305994,-0.9494897959183675,0.0,0.0,0.0
고창군,2026-03-09,1.0036023978322743,4,13.257142857142856,0.0,7,11,11.57857142857143,0.0,10.803571428571429,0.0,0.0035959247383185494,-0.14366189969800197,1.2371428571428567,-0.5957142857142834,-0.7628571428571416,0.0,0.0,0.0
고창군,2026-03-16,0.9233116897020405,4,13.914285714285715,0.0,7,12,13.585714285714285,0.0,12.192857142857143,0.0,-0.07978840949951421,-0.26110930969612944,1.6619047619047613,1.6380952380952376,0.9541666666666657,0.0,0.0,0.0
고창군,2026-03-23,0.8495071137058234,3,17.057142857142857,0.0,7,13,15.485714285714286,0.0,13.532142857142858,0.0,-0.16309896391366,-0.2932159219191425,4.080952380952381,2.633333333333333,1.623214285714285,0.0,0.0,0.0
고창군,2026-03-30,0.9410970955805388,3,10.942857142857141,0.0,7,14,14.0,0.0,13.792857142857141,0.0,-0.06070896131858822,-0.2282522100321131,-1.5380952380952397,1.6309523809523814,1.6065476190476158,0.0,0.0,0.0
고창군,2026-04-06,0.9026511889498611,3,10.728571428571428,0.0,7,15,10.835714285714285,0.0,13.160714285714285,0.0,-0.10241908042329088,-0.2928546343335013,-0.668571428571429,-1.1271428571428572,0.8007142857142853,0.0,0.0,0.0
고창군,2026-04-13,0.5798581053357653,2,12.200000000000001,0.0,7,16,11.464285714285715,0.0,12.732142857142858,0.0,-0.5449718513451982,-0.63912738452969,-1.725714285714286,-1.1971428571428557,0.10071428571428598,0.0,0.0,0.0
고창군,2026-07-06,0.4595940931997546,2,6.4571428571428555,4.0,7,28,9.32857142857143,4.0,10.082142857142856,4.0,-0.7774115851359155,-0.5434631185712185,-0.8500000000000014,1.3845238095238104,1.2690476190476172,2.333333333333333,1.3333333333333335,0.6666666666666665
고창군,2026-07-13,0.8194102323063147,3,6.42857142857143,2.0,7,29,6.442857142857143,6.0,8.95357142857143,6.0,-0.19917042638776156,-0.04154353256748594,-0.17857142857142794,-0.8583333333333334,0.09166666666666679,1.3333333333333335,4.166666666666667,2.5
고창군,2026-07-20,0.6198273626648297,5,7.299999999999999,5.0,7,30,6.864285714285714,7.0,8.096428571428572,11.0,-0.4783142870314419,-0.4083099279782645,-1.102857142857145,-0.6071428571428585,-0.26642857142857146,1.6,2.8,4.4
고창군,2026-07-27,0.6002152909428558,2,9.542857142857144,0.0,7,31,8.42142857142857,5.0,7.432142857142857,11.0,-0.5104668698877666,-0.5654316357214936,-0.061904761904761685,-0.5285714285714302,-0.8517857142857146,-2.1666666666666665,0.0,4.166666666666667
김제시,2018-01-22,0.9781710847580236,5,8.928571428571429,0.0,7,4,8.507142857142856,0.0,8.196428571428571,0.0,-0.022070690955950892,-0.007814178499402276,-0.26031746031746117,-0.6373015873015841,-0.7158730158730169,0.0,0.0,0.0
김제시,2018-01-29,0.9897446357006722,3,8.485714285714286,0.0,7,5,8.707142857142857,0.0,8.435714285714287,0.0,-0.010308312863403736,0.00033234253687341835,-0.19285714285714306,-0.3107142857142815,-0.47098214285714235,0.0,0.0,0.0
김제시,2018-02-05,0.9326719653444425,4,9.957142857142857,0.0,7,6,9.221428571428572,0.0,8.864285714285714,0.0,-0.06970173122818932,-0.06432057948771469,0.08253968253968402,-0.008730158730156035,-0.3488095238095248,0.0,0.0,0.0
김제시,2018-02-12,1.0048549801576707,3,9.342857142857143,0.0,7,7,9.65,0.0,9.178571428571429,0.0,0.004843232748454049,-0.0317011778806445,-0.2777777777777768,-0.09761904761904461,-0.21904761904761827,0.0,0.0,0.0
김제시,2018-02-19,0.8867423941234334,3,10.785714285714286,0.0,7,8,10.064285714285715,0.0,9.642857142857142,0.0,-0.12020076261533628,-0.11842268998268998,0.939285714285715,0.32767857142857615,0.19017857142857153,0.0,0.0,0.0
김제시,2018-02-26,0.9891165987461692,3,12.914285714285713,0.0,7,9,11.85,0.0,10.75,0.0,-0.010943058710820361,-0.007980633355483432,1.7214285714285698,1.330357142857146,0.6687499999999993,0.0,0.0,0.0
김제시,2018-03-05,1.130474526346953,3,9.614285714285714,0.0,7,10,11.264285714285712,0.0,10.664285714285715,0.0,0.12263747939661157,0.13273250692725258,-1.2619047619047628,0.31984126984127137,0.3246031746031761,0.0,0.0,0.0
김제시,2018-03-12,0.9102067500476307,4,11.6,0.0,7,11,10.607142857142858,0.0,11.22857142857143,0.0,-0.09408350742222604,-0.06304986091272169,0.568253968253968,-0.34682539682539293,0.488095238095239,0.0,0.0,0.0
김제시,2018-03-19,0.7272025124107282,5,9.014285714285714,0.0,7,12,10.307142857142857,0.0,10.785714285714285,0.0,-0.3185502812145939,-0.2708628214999434,-2.6071428571428577,-1.0194444444444422,-0.34980158730158806,0.0,0.0,0.0
김제시,2018-03-26,0.9337362574421108,3,13.585714285714285,0.0,7,13,11.3,0.0,10.95357142857143,0.0,-0.06856126024222535,-0.04501730940405284,0.639682539682541,-0.9837301587301557,-0.6652777777777761,0.0,0.0,0.0
김제시,2018-04-02,0.9340686696273582,3,9.042857142857143,0.0,7,14,11.314285714285713,0.0,10.810714285714285,0.0,-0.06820532137094446,-0.04796555702178819,-2.534920634920635,-0.947619047619046,-0.9835317460317476,0.0,0.0,0.0
김제시,2018-04-09,1.1000168651795932,5,10.414285714285713,0.0,7,15,9.728571428571428,0.0,10.514285714285712,0.0,0.09532551166823958,0.11921680379547303,-1.1222222222222236,-1.8285714285714274,-1.406150793650795,0.0,0.0,0.0
김제시,2018-04-16,1.0165039293815124,4,13.928571428571429,0.0,7,16,12.17142857142857,0.0,11.742857142857142,0.0,0.01636921967791962,-0.02433439978725408,1.6587301587301582,0.26825396825397263,-0.33968253968254025,0.0,0.0,0.0
김제시,2018-04-23,1.0125761525283856,3,10.585714285714285,0.0,7,17,12.257142857142856,0.0,10.992857142857144,0.0,0.01249772954396258,0.0014075214353134833,-0.16190476190476133,0.748412698412702,-0.5400793650793645,0.0,0.0,0.0
김제시,2018-04-30,0.7776826105160306,6,10.0,0.0,7,18,10.292857142857143,0.0,11.232142857142858,0.0,-0.2514367936752062,-0.22973346925247978,-1.1634920634920647,-0.6626984126984095,-0.19722222222222108,0.0,0.0,0.0
김제시,2018-05-07,0.9553302312957338,4,8.785714285714286,0.0,7,19,9.392857142857142,0.0,10.825000000000001,0.0,-0.04569820634095284,-0.06424211552862936,-2.231746031746031,-1.697619047619046,-0.4746031746031729,0.0,0.0,0.0
김제시,2018-05-14,0.8539885139044916,5,10.285714285714286,0.0,7,20,9.535714285714286,0.0,9.914285714285715,0.0,-0.15783753504456452,-0.13104794921117768,-0.9999999999999982,-1.615873015873012,-1.1392857142857125,0.0,0.0,0.0
김제시,2018-05-21,0.9797879458891796,4,12.785714285714286,0.0,7,21,11.535714285714286,0.0,10.464285714285715,0.0,-0.020419112477162105,0.017213560907691453,1.9603174603174605,0.48015873015873467,-0.6087301587301575,0.0,0.0,0.0
김제시,2018-05-28,0.980304507506169,6,12.428571428571429,0.0,7,22,12.607142857142858,0.0,11.071428571428571,0.0,-0.019892033636515028,0.014519100566084835,1.6333333333333329,1.796825396825401,0.09047619047619015,0.0,0.0,0.0
김제시,2018-06-04,0.9565241556667777,5,10.114285714285714,0.0,7,23,11.271428571428572,0.0,11.403571428571428,0.0,-0.04444923619512114,-0.008596296813651691,-0.14095238095238116,0.7461904761904812,0.6131746031746026,0.0,0.0,0.0
김제시,2018-06-11,1.1008241801453376,5,9.557142857142859,0.0,7,24,9.835714285714285,0.0,11.221428571428572,0.0,0.09605915393074596,0.06998478671570547,-0.08915343915343676,-0.1150529100529063,0.8408862433862438,0.0,0.0,0.0
김제시,2018-06-18,0.950719694116537,4,9.057142857142857,0.0,7,25,9.307142857142857,0.0,10.289285714285715,0.0,-0.05053600844669451,-0.05146492081087925,-0.12222222222222179,-0.1056878306878275,0.3202513227513233,0.0,0.0,0.0
김제시,2018-06-25,1.0774382446808428,6,7.485714285714285,0.0,7,26,8.27142857142857,0.0,9.053571428571429,0.0,0.07458622783202362,0.10604117900629548,-0.25396825396825484,-0.18809523809523654,-0.1515740740740732,-0.4444444444444444,-0.4444444444444444,-0.4444444444444444
김제시,2018-07-02,0.8209438645491121,6,7.271428571428572,0.0,7,27,7.378571428571428,0.0,8.342857142857143,0.0,-0.19730054635077052,-0.12588084182031234,-0.33492063492063373,-0.29444444444444073,-0.2000661375661359,-0.6666666666666666,-1.1111111111111112,-1.1111111111111112
김제시,2018-07-09,1.0269316652810816,5,7.485714285714287,2.0,7,28,7.37857142857143,2.0,7.825,2.0,0.02657539054481121,0.04696072303885661,0.32539682539682513,-0.004761904761900304,-0.09642857142857153,0.6666666666666667,0.0,-0.44444444444444464
김제시,2018-07-16,0.9032457460601414,5,9.242857142857144,0.0,7,29,8.364285714285716,2.0,7.871428571428572,2.0,-0.10176061855845696,-0.06446593225206029,1.8841269841269854,1.1047619047619088,0.40515873015873094,-0.4444444444444444,0.22222222222222232,-0.8888888888888888
김제시,2018-07-23,0.8251216614066841,4,8.757142857142856,7.0,7,30,9.0,7.0,8.189285714285715,9.0,-0.19222443514810925,-0.18944761449538527,0.996825396825396,1.4404761904761942,0.7178571428571434,3.5555555555555554,3.111111111111111,3.1111111111111107
김제시,2018-07-30,0.8525820684157236,8,9.828571428571427,7.0,7,31,9.292857142857141,14.0,8.82857142857143,16.0,-0.15948580652159294,-0.15774683596747843,1.734920634920634,1.365873015873019,1.2353174603174617,2.5555555555555554,6.111111111111111,6.333333333333334
김제시,2018-08-06,1.0256822145642364,4,8.77142857142857,6.0,7,32,9.299999999999999,13.0,9.149999999999999,20.0,0.025357966378061238,-0.0047210996822116096,1.0333333333333332,1.3841269841269872,1.4123015873015872,2.7777777777777777,5.333333333333333,8.444444444444445
김제시,2018-08-13,1.1159190688175213,5,11.742857142857142,3.0,7,33,10.257142857142856,9.0,9.774999999999999,23.0,0.10967834234877513,0.07323029376096593,3.6374999999999993,2.530357142857145,1.9419642857142847,0.75,3.875,10.25
김제시,2018-08-20,1.040084028357505,5,7.485714285714285,0.0,7,34,9.614285714285714,3.0,9.457142857142856,16.0,0.03930150638702107,0.024116177056108717,-0.4071428571428575,1.615178571428574,1.6031249999999986,-1.125,-0.375,5.25
김제시,2018-08-27,1.2089764458134815,4,6.842857142857143,0.0,7,35,7.164285714285715,0.0,8.710714285714285,9.0,0.18977408907188872,0.13118327834977578,-0.8178571428571422,-0.6124999999999972,0.9589285714285714,-0.625,-1.75,2.125
김제시,2018-09-03,1.0371468259428833,5,7.971428571428571,0.0,7,36,7.407142857142857,0.0,8.510714285714286,3.0,0.03647350644076165,0.04481295471994378,-0.23214285714285854,-0.5249999999999977,0.5450892857142859,0.0,-0.625,-1.0
김제시,2018-09-10,1.1197583030997502,5,8.142857142857142,0.0,7,37,8.057142857142857,0.0,7.610714285714286,0.0,0.11311286121486477,0.0808610354940882,0.29464285714285676,0.03125000000000355,-0.29062500000000036,-0.25,-0.25,-2.0
김제시,2018-09-17,0.9597482956246262,4,7.942857142857142,0.0,7,38,8.042857142857141,0.0,7.725,0.0,-0.04108422095628306,-0.07480066365109593,-0.691071428571429,-0.19821428571428434,-0.36160714285714235,-0.125,-0.375,-1.0
김제시,2018-09-24,0.9640836496444395,3,10.642857142857142,0.0,7,39,9.292857142857141,0.0,8.675,0.0,-0.036577214646110495,-0.07691834072609974,0.8642857142857139,0.08660714285714377,0.058928571428571885,0.0,-0.125,-0.375
김제시,2018-10-01,1.1081799898775653,4,8.785714285714286,0.0,7,40,9.714285714285712,0.0,8.878571428571428,0.0,0.10271902087008672,0.07753918326485085,0.03392857142857153,0.4491071428571445,0.1254464285714274,0.0,0.0,-0.375
김제시,2018-10-08,1.0029351448576913,4,10.342857142857143,0.0,7,41,9.564285714285713,0.0,9.428571428571429,0.0,0.0029308457303434303,-0.0572262435125353,0.10816326530612308,0.1255102040816336,0.11479591836734748,0.0,0.0,-0.14285714285714285
김제시,2018-10-15,1.1394292296508763,4,11.928571428571429,0.0,7,42,11.135714285714284,0.0,10.425,0.0,0.1305274612816065,0.08303429902416289,1.5374999999999996,0.8678571428571455,0.6691964285714302,0.0,0.0,0.0
김제시,2018-10-22,1.1020860015999157,4,10.242857142857144,0.0,7,43,11.085714285714285,0.0,10.325000000000001,0.0,0.09720474906488655,0.10949849589813647,-0.5167857142857137,0.5103571428571456,0.3141071428571447,0.0,0.0,0.0
김제시,2018-10-29,1.0022981731141896,4,11.528571428571428,0.0,7,44,10.885714285714284,0.0,11.010714285714286,0.0,0.002295536353407258,-0.029390695614861097,0.5517857142857139,0.017500000000001847,0.44267857142857103,0.0,0.0,0.0
김제시,2018-11-05,1.0181184339945861,3,7.8999999999999995,0.0,7,45,9.714285714285712,0.0,10.4,0.0,0.01795625123817603,0.02595399093690219,-2.6553571428571425,-1.051785714285712,-0.2707142857142859,0.0,0.0,0.0
김제시,2018-11-12,0.9660085651633077,3,10.157142857142857,0.0,7,46,9.028571428571427,0.0,9.957142857142857,0.0,-0.03458257818024447,-0.031791477010856384,-0.6107142857142858,-1.6330357142857128,-0.8077678571428564,0.0,0.0,0.0
김제시,2018-11-19,1.0600102198379062,3,10.228571428571428,0.0,7,47,10.192857142857141,0.0,9.953571428571427,0.0,0.0582785494340135,0.07573833085851114,-0.058928571428571885,-0.33482142857142705,-0.6933035714285722,0.0,0.0,0.0
김제시,2018-11-26,1.0830138850492967,4,11.6,0.0,7,48,10.914285714285711,0.0,9.971428571428572,0.0,0.07974778885014441,0.05664813841835278,2.5392857142857146,1.2401785714285722,-0.19642857142857117,0.0,0.0,0.0
김제시,2018-12-03,1.042475574817534,4,6.885714285714286,0.0,7,49,9.24285714285714,0.0,9.717857142857142,0.0,0.04159824498472403,-0.004175162361868892,-1.9306122448979597,0.34387755102040884,-0.07602040816326472,0.0,0.0,0.0
김제시,2018-12-10,0.9939902499157719,3,8.214285714285714,0.0,7,50,7.549999999999998,0.0,9.232142857142858,0.0,-0.006027881311526198,-0.0018166902282888316,-0.3928571428571441,-1.211607142857141,0.01517857142857082,0.0,0.0,0.0
김제시,2018-12-17,0.9891049151770269,3,9.1,0.0,7,51,8.657142857142855,0.0,8.95,0.0,-0.010954870905824993,-0.018804612662183914,0.6285714285714281,0.11785714285714377,0.19866071428571352,0.0,0.0,0.0
김제시,2018-12-24,0.9854383393990535,2,7.885714285714286,0.0,7,52,8.49285714285714,0.0,8.02142857142857,0.0,-0.014668722181358253,0.007800228948132808,-0.6410714285714274,-0.006249999999997868,-0.6089285714285726,0.0,0.0,0.0
김제시,2018-12-31,1.0763485119665857,3,8.885714285714286,0.0,7,1,8.385714285714284,0.0,8.52142857142857,0.0,0.0735743051763724,0.04071522075017987,0.08750000000000036,-0.2508928571428548,-0.040625000000000355,0.0,0.0,0.0
김제시,2019-01-07,0.9678604384724356,3,8.471428571428572,0.0,7,2,8.678571428571427,0.0,8.585714285714285,0.0,-0.032667377231574785,-0.0307220717375793,-0.2892857142857146,-0.10089285714285445,-0.078125,0.0,0.0,0.0
김제시,2019-01-14,0.9848041067908797,3,8.657142857142857,0.0,7,3,8.564285714285713,0.0,8.475,0.0,-0.015312533943009557,0.01934442047150111,-0.569642857142858,-0.42946428571428363,-0.3401785714285719,0.0,0.0,0.0
김제시,2019-01-21,0.9972626941891215,3,9.985714285714284,0.0,7,4,9.32142857142857,0.0,9.0,0.0,-0.0027410590832304352,0.01151545337331818,0.796825396825394,0.17698412698412902,0.08769841269841194,0.0,0.0,0.0
김제시,2019-01-28,0.9305872016123621,3,9.542857142857143,0.0,7,5,9.764285714285712,0.0,9.164285714285713,0.0,-0.0719394925005012,-0.061298837100224046,0.8642857142857139,0.7464285714285737,0.25758928571428363,0.0,0.0,0.0
김제시,2019-02-04,1.0386856306248724,3,10.057142857142855,0.0,7,6,9.799999999999997,0.0,9.560714285714285,0.0,0.037956097156585364,0.04333724889705999,0.1825396825396819,0.5698412698412696,0.3476190476190464,0.0,0.0,0.0
김제시,2019-02-11,1.040722538715494,3,8.585714285714285,0.0,7,7,9.32142857142857,0.0,9.542857142857141,0.0,0.0399152206919774,0.00337081006287885,-1.0349206349206348,-0.42619047619047556,0.14523809523809383,0.0,0.0,0.0
김제시,2019-02-18,0.9191900037178882,4,10.671428571428573,0.0,7,8,9.628571428571426,0.0,9.714285714285714,0.0,-0.08426242748726356,-0.08248435485461726,0.8250000000000011,-0.10803571428571246,0.2616071428571427,0.0,0.0,0.0
김제시,2019-02-25,1.0044502303024163,3,11.571428571428571,0.0,7,9,11.12142857142857,0.0,10.221428571428572,0.0,0.004440357308105931,0.0074027826634428615,0.3785714285714281,0.6017857142857164,0.14017857142857082,0.0,0.0,0.0
김제시,2019-03-04,1.0417343458548027,3,11.214285714285714,0.0,7,10,11.39285714285714,0.0,10.510714285714286,0.0,0.040886964430275445,0.05098199196091646,0.3380952380952369,0.4484126984126995,0.17103174603174764,0.0,0.0,0.0
김제시,2019-03-11,1.0105117147825784,3,10.1,0.0,7,11,10.657142857142855,0.0,10.889285714285712,0.0,0.010456850849835391,0.04149049735933974,-0.931746031746032,-0.29682539682539577,0.14880952380952195,0.0,0.0,0.0
김제시,2019-03-18,0.8937405666474596,5,11.957142857142857,0.0,7,12,11.028571428571427,0.0,11.210714285714285,0.0,-0.11233973982966713,-0.06465228011501663,0.3357142857142854,-0.2980158730158724,0.07519841269841265,0.0,0.0,0.0
김제시,2019-03-25,0.9805909526273919,4,10.528571428571427,0.0,7,13,11.24285714285714,0.0,10.95,0.0,-0.01959987617163838,0.003944074666534136,-2.4174603174603178,-1.0408730158730162,-0.668849206349206,0.0,0.0,0.0
김제시,2019-04-01,0.9317681361989459,3,12.414285714285713,0.0,7,14,11.471428571428568,0.0,11.249999999999998,0.0,-0.07067127615006656,-0.050431511800910295,0.8365079365079353,-0.7904761904761912,-0.5442460317460345,0.0,0.0,0.0
김제시,2019-04-08,0.8845326295479337,4,11.4,0.0,7,15,11.907142857142855,0.0,11.575,0.0,-0.122695875675016,-0.09880458354778254,-0.13650793650793602,0.34999999999999964,-0.34543650793650826,0.0,0.0,0.0
김제시,2019-04-15,0.9819506906541342,5,12.228571428571428,0.0,7,16,11.814285714285713,0.0,11.642857142857142,0.0,-0.018214185071557972,-0.05891780453673168,-0.0412698412698429,-0.08888888888888502,-0.4396825396825399,0.0,0.0,0.0
김제시,2019-04-22,0.7921288806482121,5,8.942857142857143,0.0,7,17,10.585714285714284,0.0,11.24642857142857,0.0,-0.23303117231531398,-0.24412138042396309,-1.8047619047619037,-0.9230158730158706,-0.28650793650793815,0.0,0.0,0.0
김제시,2019-04-29,0.8007148169675555,4,11.328571428571431,0.0,7,18,10.135714285714286,0.0,10.975000000000001,0.0,-0.22225042905721057,-0.2005471046344841,0.16507936507936627,-0.819841269841266,-0.4543650793650773,0.0,0.0,0.0
김제시,2019-05-06,0.9608337613679119,3,13.5,0.0,7,19,12.414285714285715,0.0,11.5,0.0,-0.03995387002448292,-0.05849777921215944,2.4825396825396826,1.3238095238095262,0.20039682539682602,0.0,0.0,0.0
김제시,2019-05-13,0.8368632104151731,4,12.028571428571428,0.0,7,20,12.764285714285712,0.0,11.45,0.0,-0.17809465026529916,-0.15130506443191233,0.7428571428571438,1.612698412698414,0.39642857142857224,0.0,0.0,0.0
김제시,2019-05-20,0.9257965754775759,3,12.414285714285715,0.0,7,21,12.22142857142857,0.0,12.317857142857145,0.0,-0.07710074937908849,-0.039468075994234936,1.5888888888888886,1.165873015873018,1.244841269841272,0.0,0.0,0.0
김제시,2019-05-27,0.8670025862268105,4,10.585714285714287,0.0,7,22,11.5,0.0,12.132142857142856,0.0,-0.1427133192454785,-0.10830218504287864,-0.20952380952380878,0.6896825396825434,1.1511904761904752,0.0,0.0,0.0
김제시,2019-06-03,1.0168902783683227,5,10.157142857142857,0.0,7,23,10.37142857142857,0.0,11.29642857142857,0.0,0.016749223702704406,0.052602163084173856,-0.09809523809523846,-0.15380952380952095,0.506031746031745,0.0,0.0,0.0
김제시,2019-06-10,1.1359654094085787,5,8.328571428571427,0.0,7,24,9.24285714285714,0.0,10.371428571428572,0.0,0.12748287037108597,0.10140850315604548,-1.317724867724868,-0.7079100529100515,-0.009113756613755797,0.0,0.0,0.0
김제시,2019-06-17,0.9924272534922851,4,9.171428571428569,0.0,7,25,8.749999999999996,0.0,9.560714285714285,0.0,-0.00760156533652712,-0.008530477700711863,-0.007936507936509685,-0.662830687830688,-0.40832010582010625,0.0,0.0,0.0
김제시,2019-06-24,0.9458927071516889,5,7.628571428571428,0.0,7,26,8.399999999999997,0.0,8.82142857142857,0.0,-0.05562613374971799,-0.024171182575446128,-0.1111111111111116,-0.0595238095238102,-0.3837169312169326,-0.4444444444444444,-0.4444444444444444,-0.4444444444444444
김제시,2019-07-01,0.9646564344434392,5,10.5,0.0,7,27,9.064285714285713,0.0,8.907142857142855,0.0,-0.035983267519109026,0.035436437011349166,2.893650793650794,1.3912698412698443,0.3642195767195755,-0.6666666666666666,-1.1111111111111112,-1.1111111111111112
김제시,2019-07-08,0.8447778555950475,6,7.142857142857143,0.0,7,28,8.82142857142857,0.0,8.610714285714286,0.0,-0.16868157897425556,-0.14829624648021017,-0.017460317460318286,1.4380952380952392,0.6892857142857141,-1.3333333333333333,-2.0,-2.4444444444444446
김제시,2019-07-15,0.8731921717563409,7,7.557142857142857,0.0,7,29,7.349999999999998,0.0,8.207142857142857,0.0,-0.135599619353015,-0.09830493304661835,0.1984126984126986,0.09047619047619104,0.7408730158730163,-0.4444444444444444,-1.7777777777777777,-2.888888888888889
김제시,2019-07-22,1.0469136883396735,6,5.971428571428571,4.0,7,30,6.7642857142857125,4.0,7.792857142857143,4.0,0.045846491374393845,0.048623312027117824,-1.7888888888888896,-0.7952380952380933,0.3214285714285712,0.5555555555555554,0.11111111111111116,-1.8888888888888893
김제시,2019-07-29,0.8740899700644874,7,8.071428571428571,4.0,7,31,7.021428571428569,8.0,7.185714285714285,8.0,-0.1345719680474025,-0.132832997493288,-0.022222222222222143,-0.9055555555555532,-0.4075396825396824,-0.44444444444444464,0.11111111111111072,-1.666666666666666
김제시,2019-08-05,1.1135222031835679,5,8.228571428571428,4.0,7,32,8.149999999999997,8.0,7.457142857142857,12.0,0.10752814751070973,0.07744908145043689,0.4904761904761905,0.23412698412698507,-0.2805555555555541,0.7777777777777777,0.33333333333333304,0.44444444444444464
김제시,2019-08-12,0.9314795798937506,6,7.2,2.0,7,33,7.714285714285712,6.0,7.367857142857143,14.0,-0.07098101092661825,-0.10742905951442747,-0.9053571428571425,-0.01249999999999929,-0.465178571428571,-0.25,0.875,1.25
김제시,2019-08-19,1.1959498177873582,6,8.685714285714287,0.0,7,34,7.942857142857141,2.0,8.04642857142857,10.0,0.1789406962763888,0.16375536694547646,0.7928571428571445,-0.05624999999999858,0.19241071428571388,-1.125,-1.375,-0.75
김제시,2019-08-26,1.0448263970840725,6,7.485714285714286,0.0,7,35,8.085714285714285,0.0,7.9,6.0,0.04385074442384878,-0.01474006629826416,-0.17499999999999982,0.30892857142857366,0.1482142857142863,-0.625,-1.75,-0.875
김제시,2019-09-02,0.9431799467488308,5,5.942857142857143,0.0,7,36,6.714285714285713,0.0,7.328571428571429,2.0,-0.05849819085349139,-0.05015874257430926,-2.260714285714286,-1.2178571428571416,-0.637053571428571,0.0,-0.625,-2.0
김제시,2019-09-09,1.159946003910673,6,7.057142857142858,0.0,7,37,6.499999999999998,0.0,7.292857142857144,0.0,0.148373455681997,0.11612162996122043,-0.7910714285714278,-1.5258928571428552,-0.6084821428571425,-0.25,-0.25,-2.0
김제시,2019-09-16,0.9370894537122336,5,8.4,0.0,7,38,7.728571428571428,0.0,7.2214285714285715,0.0,-0.0649765330910868,-0.09869297578589967,-0.23392857142857082,-0.5124999999999975,-0.8651785714285705,-0.125,-0.375,-1.0
김제시,2019-09-23,1.1494419001657175,5,9.957142857142857,0.0,7,39,9.178571428571427,0.0,7.8392857142857135,0.0,0.13927652037323615,0.09893539429324691,0.17857142857142883,-0.02767857142857011,-0.7767857142857153,0.0,-0.125,-0.375
김제시,2019-09-30,0.9821693894532361,4,7.214285714285714,0.0,7,40,8.585714285714284,0.0,8.157142857142857,0.0,-0.01799149115154701,-0.04317132875678289,-1.5375000000000005,-0.6794642857142836,-0.5959821428571441,0.0,0.0,-0.375
김제시,2019-10-07,0.9772581044353689,4,10.814285714285715,0.0,7,41,9.014285714285712,0.0,9.096428571428572,0.0,-0.02300448123998758,-0.08316157048286632,0.5795918367346946,-0.4244897959183671,-0.2173469387755098,0.0,0.0,-0.14285714285714285
김제시,2019-10-14,1.036397645718313,4,10.799999999999999,0.0,7,42,10.807142857142855,0.0,9.696428571428571,0.0,0.03575089810763092,-0.011742264149812692,0.40892857142856975,0.5392857142857164,-0.05937499999999929,0.0,0.0,0.0
김제시,2019-10-21,1.0021289414218737,6,9.319999999999999,0.0,5,43,10.059999999999999,0.0,9.537142857142857,0.0,0.0021266784373566243,0.014420425270606541,-1.439642857142859,-0.5153571428571411,-0.473749999999999,0.0,0.0,0.0
김제시,2019-10-28,1.0045397047990605,5,10.9,0.0,7,44,10.11,0.0,10.458571428571428,0.0,0.004529431419568658,-0.0271568005486997,-0.07678571428571423,-0.7582142857142831,-0.1094642857142869,0.0,0.0,0.0
김제시,2019-11-04,1.0123812937744223,4,12.299999999999999,0.0,7,45,11.599999999999998,0.0,10.829999999999998,0.0,0.012305272408707185,0.020303012107433346,1.744642857142857,0.833928571428574,0.15928571428571203,0.0,0.0,0.0
김제시,2019-11-11,0.9790558693907039,5,10.057142857142859,0.0,7,46,11.178571428571427,0.0,10.644285714285715,0.0,-0.02116657026511747,-0.01837546909572938,-0.7107142857142836,0.5169642857142875,-0.12062499999999865,0.0,0.0,0.0
김제시,2019-11-18,1.0129090210887681,4,11.285714285714286,0.0,7,47,10.67142857142857,0.0,11.135714285714286,0.0,0.012826409869758035,0.030286191294255686,0.9982142857142868,0.1437500000000025,0.4888392857142865,0.0,0.0,0.0
김제시,2019-11-25,1.0221482466128808,4,9.414285714285715,0.0,7,48,10.35,0.0,10.764285714285716,0.0,0.02190653665620452,-0.001193113775587118,0.35357142857142954,0.6758928571428608,0.5964285714285733,0.0,0.0,0.0
김제시,2019-12-02,1.1453896906499714,3,8.842857142857143,0.0,7,49,9.128571428571428,0.0,9.9,0.0,0.1357449202822957,0.08997151293570278,0.02653061224489761,0.22959183673469674,0.106122448979594,0.0,0.0,0.0
김제시,2019-12-09,1.044026858558013,3,10.799999999999999,0.0,7,50,9.82142857142857,0.0,10.085714285714285,0.0,0.04308521571765907,0.04729640680089643,2.1928571428571413,1.0598214285714302,0.8687499999999986,0.0,0.0,0.0
김제시,2019-12-16,1.0896315857500656,4,8.171428571428573,0.0,7,51,9.485714285714284,0.0,9.307142857142857,0.0,0.08583964438325074,0.07798990262689182,-0.29999999999999893,0.946428571428573,0.5558035714285712,0.0,0.0,0.0
김제시,2019-12-23,0.9944240009584885,4,8.714285714285714,0.0,7,52,8.442857142857143,0.0,9.132142857142856,0.0,-0.005591602956142403,0.01687734817334866,0.1875,-0.056249999999995026,0.5017857142857132,0.0,0.0,0.0
김제시,2019-12-30,1.0332944829221438,4,9.914285714285715,0.0,7,1,9.314285714285713,0.0,9.4,0.0,0.03275222494408054,-0.0001068594821119831,1.1160714285714288,0.677678571428574,0.8379464285714295,0.0,0.0,0.0
김제시,2020-01-06,1.032999283121336,4,7.214285714285714,0.0,7,2,8.564285714285713,0.0,8.503571428571428,0.0,0.03246649615985114,0.03441180165384662,-1.5464285714285717,-0.21517857142856833,-0.1602678571428573,0.0,0.0,0.0
김제시,2020-01-13,1.0292921831671427,4,7.857142857142857,0.0,7,3,7.535714285714285,0.0,8.425,0.0,0.028871365202237886,0.06352831961674855,-1.3696428571428578,-1.458035714285712,-0.3901785714285708,0.0,0.0,0.0
김제시,2020-01-20,0.9975438245415487,4,8.828571428571427,0.0,7,4,8.342857142857142,0.0,8.45357142857143,0.0,-0.0024591968057126328,0.011797315650835983,-0.3603174603174626,-0.8015873015872987,-0.4587301587301589,0.0,0.0,0.0
김제시,2020-01-27,1.1490366539553498,4,6.971428571428571,0.0,7,5,7.899999999999997,0.0,7.7178571428571425,0.0,0.1389238991022305,0.14956455450250764,-1.7071428571428582,-1.117857142857142,-1.1888392857142867,0.0,0.0,0.0
김제시,2020-02-03,0.9829604446461224,4,9.028571428571428,0.0,7,6,7.999999999999998,0.0,8.17142857142857,0.0,-0.017186399068684903,-0.01180524732821028,-0.8460317460317448,-1.2301587301587293,-1.0416666666666679,0.0,0.0,0.0
김제시,2020-02-10,1.0275019704548491,4,10.028571428571428,0.0,7,7,9.528571428571427,0.0,8.714285714285715,0.0,0.02713058510402854,-0.009413825525070009,0.40793650793650826,-0.21904761904761827,-0.6833333333333318,0.0,0.0,0.0
김제시,2020-02-17,1.0298292566009226,5,10.1,0.0,7,8,10.064285714285713,0.0,9.032142857142857,0.0,0.029393018209764792,0.031171090842411094,0.2535714285714281,0.3276785714285744,-0.42053571428571423,0.0,0.0,0.0
김제시,2020-02-24,1.0350981538280863,4,8.614285714285714,0.0,7,9,9.357142857142854,0.0,9.442857142857143,0.0,0.03449625683732298,0.03745868219265991,-2.578571428571429,-1.1624999999999996,-0.6383928571428577,0.0,0.0,0.0
김제시,2020-03-02,0.9522616813313597,5,11.142857142857142,0.0,7,10,9.878571428571426,0.0,9.971428571428572,0.0,-0.048915406614011885,-0.03882037908337087,0.2666666666666657,-1.0658730158730148,-0.36825396825396695,0.0,0.0,0.0
김제시,2020-03-09,1.0184549831380514,7,10.2,0.0,7,11,10.671428571428569,0.0,10.014285714285714,0.0,0.01828675653074009,0.04932040304024443,-0.8317460317460323,-0.28253968253968154,-0.7261904761904763,0.0,0.0,0.0
김제시,2020-03-16,1.004326912715971,7,12.528571428571428,0.0,7,12,11.364285714285712,0.0,10.62142857142857,0.0,0.004317578544887972,0.05200503825953848,0.9071428571428566,0.03769841269841301,-0.5140873015873026,0.0,0.0,0.0
김제시,2020-03-23,1.114388673839117,5,12.1,0.0,7,13,12.314285714285713,0.0,11.492857142857142,0.0,0.10830597997086037,0.1318499308090329,-0.8460317460317448,0.03055555555555678,-0.12599206349206327,0.0,0.0,0.0
김제시,2020-03-30,0.9993495664172265,6,11.428571428571429,0.0,7,14,11.764285714285712,0.0,11.564285714285715,0.0,-0.0006506452064660484,0.01958911914269022,-0.14920634920634868,-0.49761904761904674,-0.22996031746031775,0.0,0.0,0.0
김제시,2020-04-06,1.0196087810610133,6,10.642857142857142,0.0,7,15,11.035714285714285,0.0,11.674999999999999,0.0,0.019419005743441502,0.043310297870674946,-0.893650793650794,-0.5214285714285705,-0.24543650793650862,0.0,0.0,0.0
김제시,2020-04-13,1.0514127713502006,4,11.9,0.0,7,16,11.271428571428569,0.0,11.517857142857142,0.0,0.05013475632411083,0.00943113685893713,-0.3698412698412703,-0.6317460317460295,-0.5646825396825399,0.0,0.0,0.0
김제시,2020-04-20,1.216961502740093,5,9.957142857142857,0.0,7,17,10.928571428571427,0.0,10.982142857142858,0.0,0.1963571805881263,0.18526697247947718,-0.7904761904761894,-0.5801587301587272,-0.5507936507936506,0.0,0.0,0.0
김제시,2020-04-27,1.176650790488669,6,11.842857142857142,0.0,7,18,10.899999999999999,0.0,11.085714285714285,0.0,0.16267208968352342,0.18437541410624986,0.679365079365077,-0.05555555555555358,-0.3436507936507933,0.0,0.0,0.0
김제시,2020-05-04,1.0101229244017704,6,10.814285714285715,0.0,7,19,11.328571428571426,0.0,11.12857142857143,0.0,0.010072030775917633,-0.008471878411758891,-0.20317460317460245,0.23809523809523725,-0.1710317460317441,0.0,0.0,0.0
김제시,2020-05-11,1.0794287283918738,6,9.757142857142856,0.0,7,20,10.285714285714285,0.0,10.592857142857142,0.0,0.07643194599726856,0.10322153183065538,-1.5285714285714285,-0.8658730158730137,-0.4607142857142854,0.0,0.0,0.0
김제시,2020-05-18,1.0165987018722793,3,10.471428571428572,0.0,7,21,10.114285714285712,0.0,10.721428571428572,0.0,0.01646244909917825,0.05409512248403181,-0.3539682539682545,-0.9412698412698397,-0.3515873015873012,0.0,0.0,0.0
김제시,2020-05-25,1.188144495153125,5,10.457142857142856,0.0,7,22,10.464285714285712,0.0,10.375,0.0,0.17239284246102812,0.206803976663628,-0.33809523809524045,-0.3460317460317448,-0.605952380952381,0.0,0.0,0.0
김제시,2020-06-01,1.1512941607252758,5,8.84,0.0,5,23,9.648571428571426,0.0,9.881428571428572,0.0,0.14088666678787312,0.17673960616934256,-1.4152380952380952,-0.8766666666666652,-0.9089682539682542,0.0,0.0,0.0
김제시,2020-06-08,1.0697623656496744,5,8.516666666666667,0.0,6,24,8.678333333333331,0.0,9.571309523809523,0.0,0.06743653563070909,0.0413621684156686,-1.129629629629628,-1.2724338624338607,-0.8092328042328045,0.0,0.0,0.0
김제시,2020-06-15,1.176532509571755,5,8.471428571428572,0.0,7,25,8.494047619047617,0.0,9.071309523809523,0.0,0.1625715612486917,0.16164264888450697,-0.7079365079365072,-0.9187830687830676,-0.8977248677248681,0.0,0.0,0.0
김제시,2020-06-22,1.141692028024366,6,8.028571428571428,0.0,7,26,8.249999999999998,0.0,8.464166666666667,0.0,0.1325113971272563,0.16396634830152815,0.28888888888888875,-0.20952380952380878,-0.7409788359788347,-0.4444444444444444,-0.4444444444444444,-0.4444444444444444
김제시,2020-06-29,1.16610891019443,5,7.085714285714287,0.0,7,27,7.557142857142856,0.0,8.025595238095239,0.0,0.15367248853582205,0.22509219306628026,-0.5206349206349188,-0.1158730158730128,-0.5173280423280406,-0.6666666666666666,-1.1111111111111112,-1.1111111111111112
김제시,2020-07-06,0.9086005538046061,4,8.114285714285716,0.0,7,28,7.6,0.0,7.925000000000001,0.0,-0.09584971614281546,-0.07546438364877006,0.9539682539682541,0.21666666666666945,0.003571428571429003,-1.3333333333333333,-2.0,-2.4444444444444446
김제시,2020-07-13,1.1612883578071609,5,6.414285714285713,0.0,7,29,7.2642857142857125,0.0,7.410714285714286,0.0,0.1495300420812544,0.18682472838765107,-0.9444444444444455,0.004761904761905633,-0.05555555555555536,-0.4444444444444444,-1.7777777777777777,-2.888888888888889
김제시,2020-07-20,1.1073054227550112,4,5.57142857142857,0.0,7,30,5.99285714285714,0.0,6.796428571428571,0.0,0.10192951698710469,0.10470633763982867,-2.18888888888889,-1.5666666666666655,-0.6750000000000007,-3.4444444444444446,-3.888888888888889,-5.888888888888889
김제시,2020-07-27,1.0915013685159314,5,5.299999999999999,1.0,7,31,5.435714285714283,1.0,6.35,1.0,0.08755415080087432,0.08929312135498882,-2.7936507936507944,-2.4912698412698386,-1.2432539682539678,-3.4444444444444446,-6.888888888888889,-8.666666666666666
김제시,2020-08-03,1.1187822523686874,3,4.957142857142856,3.0,7,32,5.128571428571426,4.0,5.560714285714285,4.0,0.11224081912428735,0.0821617530640145,-2.780952380952381,-2.7873015873015854,-2.1769841269841264,-0.22222222222222232,-3.666666666666667,-7.555555555555555
김제시,2020-08-10,1.1429605220086996,4,6.5,5.0,7,33,5.728571428571426,8.0,5.582142857142856,9.0,0.13362184529116897,0.09717379670335977,-1.6053571428571427,-1.998214285714285,-2.2508928571428575,2.75,2.875,-3.75
김제시,2020-08-17,1.0319484059592114,4,8.657142857142857,1.0,7,34,7.578571428571427,6.0,6.353571428571428,10.0,0.03144867158404774,0.016263342253135388,0.7642857142857142,-0.42053571428571246,-1.5004464285714292,-0.125,2.625,-0.75
김제시,2020-08-24,1.118201030956162,4,8.0,3.0,7,35,8.328571428571427,4.0,7.0285714285714285,12.0,0.11172117158830702,0.05313036086619408,0.3392857142857144,0.5517857142857157,-0.7232142857142856,2.375,2.25,5.125
김제시,2020-08-31,1.1173372345982824,4,6.985714285714287,0.0,7,36,7.492857142857142,3.0,7.535714285714286,9.0,0.11094838553120627,0.11928783381038839,-1.2178571428571425,-0.4392857142857123,-0.4299107142857146,0.0,2.375,5.0
김제시,2020-09-07,0.9887870409170804,5,6.914285714285714,0.0,7,37,6.949999999999999,0.0,7.639285714285714,4.0,-0.011276298233241874,-0.04352812395401845,-0.9339285714285719,-1.075892857142854,-0.2620535714285719,-0.25,-0.25,2.0
김제시,2020-09-14,1.0582462018403995,5,8.542857142857143,0.0,7,38,7.728571428571428,0.0,7.610714285714286,3.0,0.056613011317628394,0.02289656862281552,-0.09107142857142847,-0.5124999999999975,-0.47589285714285623,-0.125,-0.375,2.0
김제시,2020-09-21,1.0527689543198815,6,10.828571428571427,0.0,7,39,9.685714285714283,0.0,8.317857142857143,0.0,0.05142379247619198,0.011082666396202735,1.049999999999999,0.4794642857142861,-0.29821428571428577,0.0,-0.125,-0.375
김제시,2020-09-28,0.9631962531034045,5,9.857142857142858,0.0,7,40,10.342857142857142,0.0,9.035714285714285,0.0,-0.037498094485598855,-0.06267793209083473,1.1053571428571427,1.0776785714285744,0.282589285714284,0.0,0.0,-0.375
김제시,2020-10-05,1.052118592376223,6,11.6,0.0,7,41,10.728571428571428,0.0,10.207142857142857,0.0,0.050805838357573865,-0.00935125088530487,1.3653061224489793,1.2897959183673482,0.893367346938776,0.0,0.0,-0.14285714285714285
김제시,2020-10-12,0.9673199836354235,4,11.157142857142857,0.0,7,42,11.378571428571426,0.0,10.860714285714284,0.0,-0.033225934816065734,-0.08071909707350935,0.7660714285714274,1.1107142857142875,1.1049107142857135,0.0,0.0,0.0
김제시,2020-10-19,0.966442958353453,4,10.614285714285714,0.0,7,43,10.885714285714284,0.0,10.807142857142857,0.0,-0.034133000850955136,-0.02183925401770522,-0.14535714285714363,0.31035714285714455,0.7962500000000006,0.0,0.0,0.0
김제시,2020-10-26,1.078667402463453,3,11.771428571428572,0.0,7,44,11.192857142857143,0.0,11.285714285714285,0.0,0.07572639266336618,0.04404016069509783,0.7946428571428577,0.32464285714286056,0.7176785714285696,0.0,0.0,0.0
김제시,2020-11-02,0.9992309649285653,4,9.757142857142856,0.0,7,45,10.764285714285712,0.0,10.825,0.0,-0.0007693309305989871,0.007228408768127173,-0.7982142857142858,-0.0017857142857113928,0.15428571428571303,0.0,0.0,0.0
김제시,2020-11-09,0.9544784343516497,5,12.957142857142857,0.0,7,46,11.357142857142856,0.0,11.274999999999999,0.0,-0.046590229731449925,-0.04379912856206184,2.189285714285715,0.6955357142857164,0.5100892857142849,0.0,0.0,0.0
김제시,2020-11-16,0.9965499326465569,6,9.271428571428572,0.0,7,47,11.114285714285714,0.0,10.939285714285713,0.0,-0.003456032560009632,0.014003748864488021,-1.0160714285714274,0.5866071428571455,0.2924107142857135,0.0,0.0,0.0
김제시,2020-11-23,0.9243787343234627,5,7.328571428571428,0.0,7,48,8.299999999999999,0.0,9.82857142857143,0.0,-0.07863340568916775,-0.1017330561209594,-1.7321428571428568,-1.3741071428571399,-0.3392857142857135,0.0,0.0,0.0
김제시,2020-11-30,1.0291140710194537,5,9.87142857142857,0.0,7,49,8.599999999999998,0.0,9.857142857142858,0.0,0.028698306897764522,-0.0170751004488284,1.0551020408163243,-0.2989795918367335,0.06326530612245129,0.0,0.0,0.0
김제시,2020-12-07,0.9387910862023603,4,9.671428571428573,0.0,7,50,9.771428571428569,0.0,9.035714285714286,0.0,-0.06316230993492104,-0.05895111885168368,1.064285714285715,1.0098214285714295,-0.18125000000000036,0.0,0.0,0.0
김제시,2020-12-14,1.0153305299506505,4,7.642857142857143,0.0,7,51,8.657142857142857,0.0,8.628571428571428,0.0,0.015214204754414281,0.007364462998055361,-0.8285714285714283,0.11785714285714555,-0.12276785714285765,0.0,0.0,0.0
김제시,2020-12-21,1.0786671930698164,4,8.842857142857143,0.0,7,52,8.24285714285714,0.0,9.007142857142856,0.0,0.07572619854082527,0.09819514967031633,0.3160714285714299,-0.25624999999999787,0.37678571428571317,0.0,0.0,0.0
김제시,2020-12-28,1.0251393201756924,4,8.428571428571429,0.0,7,53,8.635714285714284,0.0,8.646428571428572,0.0,0.02482852547642351,0.0,0.0,0.0,0.0,0.0,0.0,0.0
김제시,2021-01-04,1.0277158798586838,5,9.742857142857144,0.0,7,1,9.085714285714284,0.0,8.664285714285715,0.0,0.02733874737215451,-0.005520337054038014,0.944642857142858,0.4491071428571445,0.10223214285714377,0.0,0.0,0.0
김제시,2021-01-11,1.0235746410238393,4,9.242857142857144,0.0,7,2,9.49285714285714,0.0,9.064285714285715,0.0,0.02330105069398972,0.025246356187985205,0.48214285714285765,0.7133928571428587,0.40044642857142954,0.0,0.0,0.0
김제시,2021-01-18,1.0449138356150416,4,9.357142857142858,0.0,7,3,9.299999999999997,0.0,9.192857142857143,0.0,0.04393442806036195,0.07859138247487261,0.13035714285714306,0.30625000000000036,0.37767857142857153,0.0,0.0,0.0
김제시,2021-01-25,1.0181683287035908,4,10.242857142857144,0.0,7,4,9.799999999999997,0.0,9.646428571428572,0.0,0.018005256820227255,0.03226176927677587,1.0539682539682538,0.6555555555555568,0.7341269841269842,0.0,0.0,0.0
김제시,2021-02-01,0.9645445710355555,6,9.314285714285715,0.0,7,5,9.778571428571427,0.0,9.539285714285715,0.0,-0.03609923615865606,-0.025458580758378906,0.6357142857142861,0.7607142857142879,0.6325892857142854,0.0,0.0,0.0
김제시,2021-02-08,1.0035666800746372,5,12.642857142857142,0.0,7,6,10.978571428571426,0.0,10.389285714285714,0.0,0.003560334555075863,0.008941486295550485,2.768253968253969,1.7484126984126984,1.1761904761904756,0.0,0.0,0.0
김제시,2021-02-15,1.1089033102282007,6,8.628571428571428,0.0,7,7,10.635714285714283,0.0,10.207142857142857,0.0,0.10337151811839836,0.0668271074892998,-0.9920634920634921,0.8880952380952376,0.8095238095238102,0.0,0.0,0.0
김제시,2021-02-22,1.0806839115944824,6,11.0,0.0,7,8,9.814285714285711,0.0,10.39642857142857,0.0,0.07759409219339077,0.07937216482603707,1.1535714285714285,0.0776785714285726,0.9437499999999996,0.0,0.0,0.0
김제시,2021-03-01,0.8619528467909839,5,9.728571428571428,0.0,7,9,10.36428571428571,0.0,10.5,0.0,-0.14855471191328484,-0.14559228655794793,-1.4642857142857153,-0.15535714285714342,0.4187499999999993,0.0,0.0,0.0
김제시,2021-03-08,1.041956123285594,3,11.214285714285714,0.0,7,10,10.471428571428568,0.0,10.142857142857142,0.0,0.04109983427338633,0.051194861804027346,0.3380952380952369,-0.4730158730158731,-0.19682539682539613,0.0,0.0,0.0
김제시,2021-03-15,1.0213365399792853,3,11.728571428571428,0.0,7,11,11.471428571428568,0.0,10.917857142857143,0.0,0.021112102871708494,0.052145749381212844,0.6968253968253961,0.5174603174603174,0.1773809523809522,0.0,0.0,0.0
김제시,2021-03-22,0.9742776144847425,4,11.457142857142857,0.0,7,12,11.59285714285714,0.0,11.032142857142857,0.0,-0.026058990813210624,0.021628468901439882,-0.1642857142857146,0.26626984126984077,-0.10337301587301617,0.0,0.0,0.0
김제시,2021-03-29,0.9498604124765047,4,11.857142857142858,0.0,7,13,11.657142857142855,0.0,11.564285714285715,0.0,-0.05144023941870107,-0.027896288580528558,-1.0888888888888868,-0.6265873015873016,-0.054563492063490315,0.0,0.0,0.0
김제시,2021-04-05,0.9537524880194408,4,13.428571428571429,0.0,7,14,12.64285714285714,0.0,12.117857142857144,0.0,-0.0473510877164238,-0.027111323367267536,1.8507936507936513,0.3809523809523814,0.32361111111111107,0.0,0.0,0.0
김제시,2021-04-12,0.9947208970800189,3,9.357142857142858,0.0,7,15,11.39285714285714,0.0,11.525,0.0,-0.005293086619773034,0.018598205507460414,-2.1793650793650787,-0.1642857142857146,-0.3954365079365072,0.0,0.0,0.0
김제시,2021-04-19,1.0345513227181367,8,14.37142857142857,0.0,7,16,11.86428571428571,0.0,12.25357142857143,0.0,0.03396782810688226,-0.006735791358291443,2.1015873015872995,-0.03888888888888786,0.17103174603174764,0.0,0.0,0.0
김제시,2021-04-26,1.0056736511882554,7,8.414285714285715,0.0,7,17,11.392857142857139,0.0,11.392857142857142,0.0,0.005657616650346806,-0.005432591458302292,-2.333333333333332,-0.11587301587301546,-0.14007936507936591,0.0,0.0,0.0
김제시,2021-05-03,1.0610802245440396,12,13.257142857142856,0.0,7,18,10.835714285714282,0.0,11.349999999999998,0.0,0.05928746897323662,0.08099079339596307,2.0936507936507915,-0.1198412698412703,-0.07936507936508086,0.0,0.0,0.0
김제시,2021-05-10,1.1178406205074665,8,9.885714285714284,0.0,7,19,11.571428571428568,0.0,11.482142857142856,0.0,0.11139880688496545,0.09285489769728893,-1.131746031746033,0.48095238095237924,0.1825396825396819,0.0,0.0,0.0
김제시,2021-05-17,0.7938351479285888,10,8.814285714285713,0.0,7,20,9.349999999999996,0.0,10.092857142857142,0.0,-0.23087946154767117,-0.20408987571428433,-2.4714285714285715,-1.8015873015873023,-0.9607142857142854,0.0,0.0,0.0
김제시,2021-05-24,0.937189763821665,6,10.214285714285714,0.0,7,21,9.51428571428571,0.0,10.542857142857141,0.0,-0.0648694944934342,-0.02723682110858064,-0.6111111111111125,-1.5412698412698411,-0.5301587301587318,0.0,0.0,0.0
김제시,2021-05-31,0.8340238566760642,5,10.228571428571428,0.0,7,22,10.221428571428568,0.0,9.785714285714285,0.0,-0.1814932719053339,-0.14708213770273404,-0.5666666666666682,-0.5888888888888886,-1.1952380952380963,0.0,0.0,0.0
김제시,2021-06-07,0.7507740676354416,3,10.657142857142857,0.0,7,23,10.44285714285714,0.0,9.978571428571428,0.0,-0.28665051451008167,-0.2507975751286122,0.40190476190476154,-0.08238095238095156,-0.8118253968253981,0.0,0.0,0.0
김제시,2021-06-14,0.7583256211030864,5,7.700000000000001,0.0,7,24,9.178571428571427,0.0,9.7,0.0,-0.27664240629086245,-0.3027167735059029,-1.9462962962962944,-0.7721957671957647,-0.6805423280423284,0.0,0.0,0.0
김제시,2021-06-21,1.165229647679851,4,9.757142857142856,0.0,7,25,8.728571428571426,0.0,9.585714285714285,0.0,0.1529181900635573,0.15198927769937257,0.5777777777777775,-0.6842592592592585,-0.3833201058201059,0.0,0.0,0.0
김제시,2021-06-28,0.7158483782249729,4,7.842857142857142,0.0,7,26,8.799999999999997,0.0,8.989285714285714,0.0,-0.33428689670190814,-0.30283194552763626,0.10317460317460192,0.34047619047619015,-0.21585978835978814,-0.4444444444444444,-0.4444444444444444,-0.4444444444444444
김제시,2021-07-05,0.6732971256019701,5,5.957142857142856,0.0,7,27,6.899999999999997,0.0,7.814285714285713,0.0,-0.39556855255932233,-0.3241488480288641,-1.6492063492063496,-0.773015873015872,-0.7286375661375661,-0.6666666666666666,-1.1111111111111112,-1.1111111111111112
김제시,2021-07-12,1.0744991022664592,4,8.685714285714285,3.0,7,28,7.321428571428568,3.0,8.060714285714285,3.0,0.07185460161051106,0.09223993410455646,1.5253968253968235,-0.06190476190476257,0.13928571428571335,1.6666666666666667,1.0,0.5555555555555554
김제시,2021-07-19,0.935755161344864,7,9.900000000000002,0.0,7,29,9.292857142857141,3.0,8.096428571428572,3.0,-0.0664014164822583,-0.029106730175861628,2.541269841269844,2.033333333333334,0.6301587301587306,-0.4444444444444444,1.2222222222222223,0.11111111111111116
김제시,2021-07-26,0.7478416012973669,3,9.185714285714287,2.0,7,30,9.542857142857141,2.0,8.432142857142857,5.0,-0.2905640864040384,-0.2877872657513144,1.4253968253968266,1.9833333333333352,0.9607142857142854,-1.4444444444444446,-1.8888888888888888,-0.8888888888888893
김제시,2021-08-02,1.154709633556248,3,8.27142857142857,0.0,7,31,8.728571428571424,2.0,9.010714285714286,5.0,0.14384891284920057,0.14558788340331508,0.17777777777777715,0.8015873015873023,1.4174603174603186,-4.444444444444445,-5.888888888888889,-4.666666666666666
김제시,2021-08-09,1.0966158832449056,3,8.828571428571427,0.0,7,32,8.549999999999995,0.0,9.04642857142857,2.0,0.0922289679654506,0.06214990190517776,1.0904761904761902,0.6341269841269837,1.3087301587301594,-3.2222222222222223,-7.666666666666667,-9.555555555555555
김제시,2021-08-16,1.1021862694772295,2,8.157142857142858,0.0,7,33,8.49285714285714,0.0,8.610714285714286,2.0,0.09729572501073377,0.06084767642292457,0.051785714285715656,0.7660714285714292,0.7776785714285719,-2.25,-5.125,-10.75
김제시,2021-08-23,0.8934513474517105,2,6.0,0.0,7,34,7.078571428571426,0.0,7.814285714285714,0.0,-0.1126633975140962,-0.12784872684500853,-1.8928571428571423,-0.9205357142857142,-0.03973214285714288,-1.125,-3.375,-10.75
김제시,2021-08-30,1.0339574751595428,2,6.6571428571428575,0.0,7,35,6.328571428571426,0.0,7.4107142857142865,0.0,0.0333936487023584,-0.02519716201975454,-1.0035714285714281,-1.4482142857142861,-0.3410714285714276,-0.625,-1.75,-6.875
김제시,2021-09-06,0.9811300281929675,3,7.871428571428571,0.0,7,36,7.264285714285711,0.0,7.171428571428572,0.0,-0.019050281622347006,-0.01071083334316488,-0.3321428571428582,-0.6678571428571436,-0.7941964285714285,0.0,-0.625,-4.0
김제시,2021-09-13,1.2580339888513672,3,9.214285714285714,0.0,7,37,8.54285714285714,0.0,7.435714285714285,0.0,0.22955017607810352,0.19729835035732696,1.366071428571428,0.5169642857142858,-0.46562500000000107,-0.25,-0.25,-2.0
김제시,2021-09-20,1.1153065816325256,4,9.171428571428573,0.0,7,38,9.19285714285714,0.0,8.228571428571428,0.0,0.10912932822260939,0.07541288552779651,0.5375000000000014,0.9517857142857142,0.14196428571428577,-0.125,-0.375,-1.0
김제시,2021-09-27,0.9559442524579034,4,9.485714285714286,0.0,7,39,9.328571428571426,0.0,8.935714285714285,0.0,-0.04505568095957696,-0.0853968070395662,-0.2928571428571427,0.12232142857142847,0.31964285714285623,0.0,-0.125,-0.375
김제시,2021-10-04,1.1993352956422814,2,9.514285714285714,0.0,7,40,9.499999999999996,0.0,9.346428571428572,0.0,0.1817674830253312,0.15658764542009532,0.7624999999999993,0.23482142857142918,0.5933035714285708,0.0,0.0,-0.375
김제시,2021-10-18,1.2546936154742587,2,12.642857142857142,0.0,7,42,11.078571428571424,0.0,10.20357142857143,0.0,0.226891411682692,0.1793982494252484,2.251785714285713,0.810714285714285,0.4477678571428587,0.0,0.0,0.0
김제시,2021-10-25,0.8752159538956489,4,12.471428571428572,0.0,7,43,12.557142857142853,0.0,11.028571428571428,0.0,-0.13328461862356106,-0.12099087179031114,1.711785714285714,1.9817857142857136,1.017678571428572,0.0,0.0,0.0
김제시,2021-11-01,1.0734007724617083,2,11.928571428571429,0.0,7,44,12.199999999999996,0.0,11.639285714285714,0.0,0.07083190040045573,0.03914566843218737,0.9517857142857142,1.3317857142857132,1.0712499999999991,0.0,0.0,0.0
김제시,2021-11-08,0.9361119664139038,3,7.371428571428571,0.0,7,45,9.649999999999995,0.0,11.103571428571428,0.0,-0.06602018742163755,-0.05802244772291139,-3.183928571428571,-1.1160714285714288,0.4328571428571415,0.0,0.0,0.0
김제시,2021-11-15,1.0629483902419572,3,9.585714285714285,0.0,7,46,8.478571428571424,0.0,10.339285714285715,0.0,0.061046547138797584,0.06383764830818567,-1.182142857142857,-2.1830357142857153,-0.42562499999999837,0.0,0.0,0.0
김제시,2021-11-22,0.7747362237426891,2,9.214285714285714,0.0,7,47,9.399999999999995,0.0,9.525,0.0,-0.25523266402424255,-0.23777288259974488,-1.0732142857142861,-1.1276785714285733,-1.1218749999999993,0.0,0.0,0.0
김제시,2021-11-29,1.165447112641889,2,9.614285714285714,0.0,7,48,9.41428571428571,0.0,8.946428571428571,0.0,0.15310480106545288,0.13000515063366125,0.5535714285714288,-0.25982142857142954,-1.2214285714285715,0.0,0.0,0.0
김제시,2021-12-13,0.8443836510671668,2,9.799999999999999,0.0,7,50,9.707142857142852,0.0,9.553571428571427,0.0,-0.16914832479279615,-0.1649371337095588,1.1928571428571413,0.9455357142857128,0.3366071428571402,0.0,0.0,0.0
김제시,2021-12-20,1.016006704612033,3,9.857142857142858,0.0,7,51,9.828571428571424,0.0,9.62142857142857,0.0,0.015879948162108106,0.008030206405749186,1.3857142857142861,1.2892857142857128,0.8700892857142843,0.0,0.0,0.0
김제시,2021-12-27,0.7920637423076649,2,8.257142857142856,0.0,7,52,9.057142857142853,0.0,9.382142857142856,0.0,-0.23311340769457284,-0.21064445656508177,-0.2696428571428573,0.5580357142857153,0.7517857142857132,0.0,0.0,0.0
김제시,2022-01-03,1.053183313076521,2,9.357142857142858,0.0,7,1,8.807142857142853,0.0,9.317857142857143,0.0,0.05181730449296594,0.018958220066773418,0.5589285714285719,0.17053571428571423,0.7558035714285722,0.0,0.0,0.0
김제시,2022-01-10,0.989603762843149,2,8.77142857142857,0.0,7,2,9.06428571428571,0.0,9.060714285714285,0.0,-0.01045065552310394,-0.008505350029108454,0.010714285714284344,0.2848214285714281,0.39687499999999964,0.0,0.0,0.0
김제시,2022-01-17,0.769173888092815,4,10.728571428571428,0.0,7,3,9.749999999999995,0.0,9.278571428571428,0.0,-0.26243821268093337,-0.2277812582664227,1.5017857142857132,0.7562499999999979,0.46339285714285694,0.0,0.0,0.0
김제시,2022-01-24,0.7566963787699001,2,7.8428571428571425,0.0,7,4,9.285714285714281,0.0,9.174999999999999,0.0,-0.2787931908489463,-0.2645366783923977,-1.3460317460317475,0.14126984126984077,0.2626984126984109,0.0,0.0,0.0
김제시,2022-02-07,1.0666523786215134,2,11.6,0.0,7,6,9.721428571428566,0.0,9.735714285714284,0.0,0.06452512600552561,0.06990627774600024,1.7253968253968264,0.49126984126983864,0.5226190476190453,0.0,0.0,0.0
김제시,2022-02-14,1.3253443724684955,2,9.571428571428571,0.0,7,7,10.585714285714282,0.0,9.935714285714285,0.0,0.2816723294188649,0.24512791878976634,-0.04920634920634903,0.8380952380952369,0.538095238095238,0.0,0.0,0.0
김제시,2022-03-07,0.9291822903029402,5,14.242857142857144,0.0,7,10,11.907142857142851,0.0,10.814285714285713,0.0,-0.07345033734742755,-0.06335530981678653,3.366666666666667,0.9626984126984102,0.4746031746031747,0.0,0.0,0.0
김제시,2022-03-14,0.9045922828397617,4,8.5,0.0,7,11,11.371428571428567,0.0,10.978571428571428,0.0,-0.10027095299428211,-0.06923730648477777,-2.5317460317460316,0.417460317460316,0.23809523809523725,0.0,0.0,0.0
김제시,2022-03-21,0.9495848157563083,2,11.549999999999999,0.0,6,12,10.024999999999995,0.0,10.966071428571428,0.0,-0.051730425961628405,-0.0040429662469778985,-0.07142857142857295,-1.301587301587304,-0.1694444444444443,0.0,0.0,0.0
김제시,2022-03-28,0.9368200635570693,3,12.328571428571427,0.0,7,13,11.939285714285708,0.0,11.655357142857142,0.0,-0.06526404980898329,-0.041720098970810776,-0.617460317460317,-0.34444444444444855,0.03650793650793638,0.0,0.0,0.0
김제시,2022-04-04,1.0088293331145406,4,13.62857142857143,0.0,7,14,12.978571428571424,0.0,11.501785714285715,0.0,0.008790582480711856,0.029030346829868124,2.0507936507936524,0.716666666666665,-0.29246031746031775,0.0,0.0,0.0
김제시,2022-04-11,0.7119390262619827,4,10.671428571428569,0.0,7,15,12.149999999999995,0.0,12.044642857142858,0.0,-0.3397630085097381,-0.31587171638250466,-0.8650793650793673,0.5928571428571399,0.1242063492063501,0.0,0.0,0.0
김제시,2022-04-18,1.3183269971520095,2,13.0,0.0,7,16,11.835714285714278,0.0,12.407142857142858,0.0,0.27636350633414947,0.23565988686897577,0.7301587301587293,-0.06746031746031989,0.3246031746031761,0.0,0.0,0.0
김제시,2022-04-25,1.0392903724046445,2,9.314285714285715,0.0,7,17,11.157142857142851,0.0,11.653571428571428,0.0,0.0385381460310318,0.0274479379223827,-1.4333333333333318,-0.351587301587303,0.1206349206349202,0.0,0.0,0.0
김제시,2022-05-02,1.0162156485381888,2,12.985714285714286,0.0,7,18,11.149999999999995,0.0,11.492857142857142,0.0,0.016085579132132866,0.03778890355485931,1.822222222222221,0.19444444444444287,0.06349206349206327,0.0,0.0,0.0
김제시,2022-05-09,0.9012596147667861,2,10.357142857142858,0.0,7,19,11.671428571428567,0.0,11.414285714285715,0.0,-0.1039619221827008,-0.12250583137037732,-0.6603174603174597,0.5809523809523789,0.11468253968254061,0.0,0.0,0.0
김제시,2022-05-16,1.152513209345212,5,12.042857142857143,0.0,7,20,11.199999999999996,0.0,11.174999999999999,0.0,0.14194495729388412,0.16873454312727096,0.757142857142858,0.04841269841269735,0.12142857142857189,0.0,0.0,0.0
김제시,2022-05-23,0.8752697940493338,5,12.700000000000001,0.0,7,21,12.371428571428567,0.0,12.021428571428572,0.0,-0.13322310409393393,-0.09559043070908037,1.874603174603175,1.3158730158730148,0.9484126984126995,0.0,0.0,0.0
김제시,2022-05-30,0.7907594824939989,6,11.571428571428571,0.0,7,22,12.13571428571428,0.0,11.667857142857143,0.0,-0.234761425095913,-0.20035029089331313,0.7761904761904752,1.3253968253968242,0.6869047619047617,0.0,0.0,0.0
김제시,2022-06-06,0.8309346676351979,6,8.914285714285715,0.0,7,23,10.242857142857137,0.0,11.307142857142859,0.0,-0.18520410618820318,-0.14935116680673374,-1.3409523809523805,-0.2823809523809544,0.5167460317460328,0.0,0.0,0.0
김제시,2022-06-13,1.1615606941994616,4,8.299999999999999,0.0,7,24,8.60714285714285,0.0,10.371428571428572,0.0,0.14976452687768427,0.12369015966264378,-1.3462962962962965,-1.3436243386243412,-0.009113756613755797,0.0,0.0,0.0
김제시,2022-06-20,0.926411223600935,3,8.757142857142856,0.0,7,25,8.528571428571421,0.0,9.385714285714286,0.0,-0.07643705695081239,-0.07736596931499713,-0.4222222222222225,-0.8842592592592631,-0.5833201058201052,0.0,0.0,0.0
김제시,2022-06-27,0.8249459508336562,6,6.442857142857142,4.0,7,26,7.599999999999994,4.0,8.103571428571428,4.0,-0.19243740893462394,-0.16098245776035208,-1.2968253968253975,-0.8595238095238127,-1.1015740740740743,3.5555555555555554,3.5555555555555554,3.5555555555555554
김제시,2022-07-04,1.0081239279942422,5,7.814285714285712,2.0,7,27,7.128571428571422,6.0,7.828571428571427,6.0,0.008091106530861118,0.07951081106131931,0.2079365079365063,-0.544444444444447,-0.7143518518518519,1.3333333333333335,4.888888888888889,4.888888888888889
김제시,2022-07-11,1.0596157739021046,4,6.085714285714287,2.0,7,28,6.949999999999994,4.0,7.2749999999999995,8.0,0.05790636496230026,0.07829169745634565,-1.0746031746031743,-0.43333333333333623,-0.6464285714285722,0.6666666666666667,2.0,5.555555555555555
김제시,2022-07-18,0.9581473231162536,4,6.042857142857143,0.0,7,29,6.06428571428571,2.0,6.5964285714285715,8.0,-0.042753730875998694,-0.0054590445696020284,-1.3158730158730156,-1.1952380952380972,-0.8698412698412694,-0.4444444444444444,0.22222222222222232,5.111111111111111
김제시,2022-07-25,1.1220704238782533,3,7.828571428571428,2.0,7,30,6.93571428571428,2.0,6.942857142857142,6.0,0.11517557151068267,0.11795239216340665,0.06825396825396801,-0.623809523809526,-0.5285714285714294,-1.4444444444444446,-1.8888888888888888,0.11111111111111072
김제시,2022-08-01,0.987075540219744,2,6.5857142857142845,7.0,7,31,7.207142857142851,9.0,6.635714285714285,11.0,-0.013008707300277134,-0.011269736746162632,-1.5079365079365088,-0.7198412698412708,-0.9575396825396822,2.5555555555555554,1.1111111111111107,1.333333333333334
김제시,2022-08-08,1.0436570057971877,2,5.142857142857143,3.0,7,32,5.8642857142857086,10.0,6.3999999999999995,12.0,0.04273089697140683,0.01265183091113398,-2.595238095238094,-2.051587301587303,-1.337698412698412,-0.22222222222222232,2.333333333333333,0.44444444444444464
김제시,2022-08-15,0.8385206375819152,2,7.042857142857143,1.0,7,33,6.092857142857138,4.0,6.65,13.0,-0.17611608552096283,-0.21256413410877203,-1.0625,-1.633928571428573,-1.1830357142857135,-1.25,-1.125,0.25
김제시,2022-08-22,1.1085526615047918,2,7.914285714285714,0.0,7,34,7.478571428571422,1.0,6.671428571428571,11.0,0.10305525594156018,0.08786992661064782,0.021428571428571352,-0.5205357142857174,-1.1825892857142861,-1.125,-2.375,0.25
김제시,2022-08-29,1.1577195632872437,5,6.699999999999998,0.0,7,35,7.307142857142851,0.0,6.699999999999999,4.0,0.14645217649503015,0.0878613657729172,-0.9607142857142872,-0.469642857142861,-1.0517857142857148,-0.625,-1.75,-2.875
김제시,2022-09-05,0.8478459800780116,3,9.728571428571428,0.0,7,36,8.214285714285708,0.0,7.846428571428571,1.0,-0.16505628695295918,-0.15671683867377706,1.5249999999999986,0.2821428571428539,-0.11919642857142954,0.0,-0.625,-3.0
김제시,2022-09-12,0.7578728443944378,2,7.785714285714286,0.0,7,37,8.757142857142851,0.0,8.032142857142857,0.0,-0.27723965887014035,-0.3094914845909169,-0.0625,0.7312499999999975,0.13080357142857046,-0.25,-0.25,-2.0
김제시,2022-09-19,1.0695940980350447,3,10.671428571428573,0.0,7,38,9.228571428571424,0.0,8.721428571428572,0.0,0.06727922887250114,0.033562786177688264,2.0375000000000014,0.9874999999999989,0.6348214285714295,-0.125,-0.375,-1.0
김제시,2022-09-26,1.1836554250810378,3,12.428571428571429,0.0,7,39,11.549999999999997,0.0,10.153571428571428,0.0,0.16860746799150805,0.1282663419115188,2.6500000000000004,2.34375,1.5374999999999996,0.0,-0.125,-0.375
김제시,2022-10-03,0.9760785208859193,2,8.014285714285714,0.0,7,40,10.221428571428566,0.0,9.725000000000001,0.0,-0.024212244077734903,-0.04939208168297078,-0.7375000000000007,0.9562499999999989,0.9718750000000007,0.0,0.0,-0.375
김제시,2022-10-10,1.3235700266427541,2,10.785714285714286,0.0,7,41,9.399999999999995,0.0,10.475000000000001,0.0,0.2803326514800758,0.22017556223719706,0.5510204081632661,-0.03877551020408454,1.16122448979592,0.0,0.0,-0.14285714285714285
김제시,2022-10-17,0.9468418077745757,4,11.185714285714285,0.0,7,42,10.98571428571428,0.0,10.603571428571428,0.0,-0.054623245394323866,-0.10211640765176748,0.7946428571428559,0.7178571428571416,0.8477678571428573,0.0,0.0,0.0
김제시,2022-10-24,0.9515842479145058,3,12.428571428571429,0.0,7,43,11.807142857142852,0.0,10.603571428571428,0.0,-0.04962705395378615,-0.03733330712053624,1.6689285714285713,1.2317857142857118,0.5926785714285714,0.0,0.0,0.0
김제시,2022-10-31,1.061484705447071,5,11.471428571428572,0.0,7,44,11.949999999999996,0.0,11.467857142857143,0.0,0.05966859362314711,0.027982361654878753,0.49464285714285694,1.0817857142857132,0.8998214285714283,0.0,0.0,0.0
김제시,2022-11-07,1.0613438137363702,4,13.257142857142856,0.0,7,45,12.364285714285709,0.0,12.085714285714285,0.0,0.05953585401687695,0.06753359371560311,2.7017857142857142,1.5982142857142847,1.4149999999999991,0.0,0.0,0.0
김제시,2022-11-14,1.1402047589274826,3,11.185714285714285,0.0,7,46,12.221428571428564,0.0,12.085714285714285,0.0,0.1312078593721865,0.1339989605415746,0.4178571428571427,1.559821428571425,1.3208035714285717,0.0,0.0,0.0
김제시,2022-11-21,0.9603993172475196,5,11.714285714285714,0.0,7,47,11.449999999999994,0.0,11.907142857142857,0.0,-0.040406125539581894,-0.02294634411508424,1.4267857142857139,0.9223214285714256,1.260267857142857,0.0,0.0,0.0
김제시,2022-11-28,0.9976840038032543,6,9.900000000000002,0.0,7,48,10.807142857142853,0.0,11.514285714285714,0.0,-0.0023186822640198627,-0.0254183326958115,0.8392857142857171,1.1330357142857146,1.3464285714285715,0.0,0.0,0.0
김제시,2022-12-05,1.0681830143988085,6,9.314285714285715,0.0,7,49,9.607142857142854,0.0,10.528571428571428,0.0,0.0659590876538847,0.020185680307291773,0.49795918367346914,0.7081632653061227,0.7346938775510221,0.0,0.0,0.0
김제시,2022-12-12,1.1234975896853563,6,7.814285714285715,0.0,7,50,8.56428571428571,0.0,9.685714285714287,0.0,0.1164466672785568,0.12065785836179417,-0.7928571428571427,-0.19732142857142954,0.46875,0.0,0.0,0.0
김제시,2022-12-19,1.0794898029174549,4,8.299999999999999,0.0,7,51,8.057142857142852,0.0,8.832142857142857,0.0,0.07648852481181084,0.06863878305545193,-0.1714285714285726,-0.4821428571428594,0.08080357142857153,0.0,0.0,0.0
김제시,2022-12-26,0.9846085061390631,6,9.028571428571428,0.0,7,52,8.664285714285707,0.0,8.614285714285714,0.0,-0.015511172512881128,0.006957778616609933,0.501785714285715,0.1651785714285694,-0.01607142857142918,0.0,0.0,0.0
김제시,2023-01-02,1.0543378273953945,6,9.271428571428572,0.0,7,1,9.149999999999995,0.0,8.603571428571428,0.0,0.052912918114286035,0.020053833688093513,0.4732142857142865,0.5133928571428559,0.04151785714285694,0.0,0.0,0.0
김제시,2023-01-09,0.9858849514939799,7,9.685714285714285,0.0,7,2,9.478571428571424,0.0,9.071428571428571,0.0,-0.014215613242169264,-0.012270307748173778,0.9249999999999989,0.6991071428571427,0.40758928571428577,0.0,0.0,0.0
김제시,2023-01-16,1.0366079958453738,6,8.77142857142857,0.0,7,3,9.228571428571422,0.0,9.189285714285713,0.0,0.03595384027388957,0.07061079468840023,-0.4553571428571441,0.23482142857142563,0.37410714285714164,0.0,0.0,0.0
김제시,2023-01-23,1.0872499508804012,6,9.985714285714286,0.0,7,4,9.378571428571423,0.0,9.428571428571429,0.0,0.08365152731777685,0.09790803977432547,0.7968253968253958,0.2341269841269824,0.5162698412698408,0.0,0.0,0.0
김제시,2023-01-30,1.006953672987142,6,10.5,0.0,7,5,10.242857142857137,0.0,9.735714285714286,0.0,0.006929607700151869,0.017570263100429022,1.8214285714285712,1.2249999999999979,0.8290178571428566,0.0,0.0,0.0
김제시,2023-02-06,0.9462663008426937,7,11.757142857142856,0.0,7,6,11.128571428571423,0.0,10.253571428571428,0.0,-0.055231247596618786,-0.049850095856144166,1.882539682539683,1.8984126984126952,1.0404761904761894,0.0,0.0,0.0
김제시,2023-02-13,1.0238493586385935,8,7.714285714285714,0.0,7,7,9.73571428571428,0.0,9.989285714285714,0.0,0.023569405090976464,-0.012975005538122086,-1.9063492063492058,-0.011904761904764527,0.5916666666666668,0.0,0.0,0.0
김제시,2023-02-20,1.0412028823823063,7,11.171428571428573,0.0,7,8,9.442857142857138,0.0,10.285714285714285,0.0,0.04037666246166609,0.04215473509431239,1.325000000000001,-0.29375000000000107,0.8330357142857139,0.0,0.0,0.0
김제시,2023-02-27,1.0707888077616394,7,13.828571428571431,0.0,7,9,12.499999999999996,0.0,11.117857142857144,0.0,0.0683955803883293,0.07135800574366623,2.635714285714288,1.9803571428571427,1.036607142857143,0.0,0.0,0.0
김제시,2023-03-06,1.0261575177347926,8,14.671428571428569,0.0,7,10,14.249999999999995,0.0,11.846428571428572,0.0,0.02582126102196144,0.035916288552602454,3.7952380952380924,3.3055555555555536,1.506746031746033,0.0,0.0,0.0
김제시,2023-03-13,1.0072931117100727,10,12.157142857142857,0.0,7,11,13.414285714285707,0.0,12.957142857142857,0.0,0.007266645573289111,0.03830029208279346,1.125396825396825,2.460317460317457,2.216666666666667,0.0,0.0,0.0
김제시,2023-03-20,1.0518556096411995,8,13.385714285714286,0.0,7,12,12.771428571428565,0.0,13.510714285714286,0.0,0.050555851702660554,0.09824331141731106,1.7642857142857142,1.444841269841266,2.3751984126984134,0.0,0.0,0.0
김제시,2023-03-27,1.0119849152457565,8,17.3,0.0,7,13,15.342857142857138,0.0,14.378571428571428,0.0,0.011913664870540203,0.03545761570871272,4.353968253968256,3.0591269841269817,2.759722222222223,0.0,0.0,0.0
김제시,2023-04-03,0.8991450981008329,10,10.885714285714286,0.0,7,14,14.092857142857138,0.0,13.432142857142857,0.0,-0.10631085808925295,-0.08607109374009668,-0.6920634920634914,1.8309523809523789,1.6378968253968242,0.0,0.0,0.0
김제시,2023-04-10,1.006358676108911,8,12.985714285714286,0.0,7,15,11.93571428571428,0.0,13.639285714285716,0.0,0.006338545020960235,0.030229837148193682,1.4492063492063494,0.37857142857142456,1.7188492063492085,0.0,0.0,0.0
김제시,2023-04-17,0.8969363100465817,11,11.014285714285714,0.0,7,16,11.999999999999995,0.0,13.046428571428573,0.0,-0.1087704227367451,-0.1494740422019188,-1.2555555555555564,0.09682539682539648,0.9638888888888903,0.0,0.0,0.0
김제시,2023-04-24,0.968958803843108,11,10.985714285714286,0.0,7,17,10.999999999999995,0.0,11.467857142857143,0.0,-0.031533182088920364,-0.04262339019756946,0.23809523809523903,-0.5087301587301596,-0.06507936507936485,0.0,0.0,0.0
김제시,2023-05-01,0.9065120207581667,10,9.299999999999999,0.0,7,18,10.142857142857137,0.0,11.071428571428571,0.0,-0.09815098824838295,-0.0764476638256565,-1.8634920634920658,-0.8126984126984151,-0.35793650793650755,0.0,0.0,0.0
김제시,2023-05-08,1.0612215973189936,8,13.471428571428572,0.0,7,19,11.385714285714279,0.0,11.192857142857143,0.0,0.059420694863830226,0.0408767856761537,2.453968253968254,0.29523809523809064,-0.10674603174603092,0.0,0.0,0.0
김제시,2023-05-15,1.0237620603262867,6,11.657142857142857,0.0,7,20,12.56428571428571,0.0,11.353571428571428,0.0,0.02348413665424951,0.05027372248763634,0.3714285714285719,1.4126984126984112,0.3000000000000007,0.0,0.0,0.0
김제시,2023-05-22,0.8666707956054566,9,9.62857142857143,0.0,7,21,10.642857142857139,0.0,11.014285714285714,0.0,-0.14309607949187972,-0.10546340610702616,-1.1968253968253961,-0.412698412698413,-0.05873015873015852,0.0,0.0,0.0
김제시,2023-05-29,0.981885757889989,6,8.457142857142857,0.0,7,22,9.042857142857137,0.0,10.803571428571429,0.0,-0.018280313556154545,0.016130820646445318,-2.3380952380952387,-1.7674603174603192,-0.1773809523809522,0.0,0.0,0.0
김제시,2023-06-05,0.9531278475358516,10,10.37142857142857,0.0,7,23,9.414285714285707,0.0,10.028571428571428,0.0,-0.04800623161222506,-0.012153292230755612,0.11619047619047507,-1.1109523809523836,-0.7618253968253974,0.0,0.0,0.0
김제시,2023-06-12,0.9594605847520771,8,10.414285714285715,0.0,7,24,10.392857142857137,0.0,9.717857142857142,0.0,-0.04138404332334911,-0.0674584105383896,0.7679894179894191,0.4420899470899453,-0.662685185185186,0.0,0.0,0.0
김제시,2023-06-19,0.8843602955596105,13,9.628571428571428,0.0,7,25,10.021428571428565,0.0,9.717857142857143,0.0,-0.12289072521782587,-0.12381963758201062,0.4492063492063494,0.6085978835978807,-0.2511772486772479,0.0,0.0,0.0
김제시,2023-06-26,0.8321604945162134,13,6.314285714285715,0.0,7,26,7.971428571428566,0.0,9.182142857142857,0.0,-0.18372995470138248,-0.15227500352711063,-1.4253968253968248,-0.4880952380952408,-0.02300264550264508,-0.4444444444444444,-0.4444444444444444,-0.4444444444444444
김제시,2023-07-03,0.9396742058716844,11,7.0,0.0,7,27,6.657142857142852,0.0,8.339285714285715,0.0,-0.06222205329231726,0.009197651238140932,-0.606349206349206,-1.0158730158730167,-0.203637566137564,-0.6666666666666666,-1.1111111111111112,-1.1111111111111112
김제시,2023-07-10,0.9108927165995702,11,4.414285714285714,1.0,7,28,5.707142857142852,1.0,6.839285714285714,1.0,-0.09333015309211326,-0.07294482059806787,-2.746031746031748,-1.6761904761904782,-1.0821428571428573,-0.33333333333333326,-1.0,-1.4444444444444446
김제시,2023-07-17,0.891442074094814,12,6.857142857142857,0.0,7,29,5.63571428571428,1.0,6.1464285714285705,1.0,-0.11491481956694852,-0.07762013326055185,-0.5015873015873016,-1.623809523809527,-1.3198412698412705,-0.4444444444444444,-0.7777777777777777,-1.8888888888888888
김제시,2023-07-24,1.0297643289222607,13,9.299999999999999,0.0,7,30,8.078571428571422,0.0,6.892857142857142,1.0,0.02932996918966701,0.03210678984239099,1.5396825396825387,0.5190476190476163,-0.5785714285714292,-3.4444444444444446,-3.888888888888889,-4.888888888888889
김제시,2023-07-31,0.9382849103384175,12,9.542857142857143,5.0,7,31,9.421428571428565,5.0,7.5285714285714285,6.0,-0.06370163373123496,-0.06196266317712045,1.4492063492063494,1.4944444444444436,-0.06468253968253901,0.5555555555555554,-2.8888888888888893,-3.666666666666666
김제시,2023-08-07,0.9466006192671232,13,7.5,1.0,7,32,8.521428571428567,6.0,8.299999999999999,6.0,-0.05487800730872103,-0.08495707336899387,-0.23809523809523725,0.6055555555555552,0.5623015873015875,-2.2222222222222223,-1.666666666666667,-5.555555555555555
김제시,2023-08-14,1.0291297660344745,11,8.314285714285715,1.0,7,33,7.907142857142853,2.0,8.664285714285715,7.0,0.02871355777789689,-0.007734490809912318,0.20892857142857224,0.180357142857142,0.8312500000000007,-1.25,-3.125,-5.75
김제시,2023-08-21,0.9318719780191296,9,8.157142857142857,1.0,7,34,8.23571428571428,2.0,8.378571428571428,8.0,-0.0705598363720763,-0.08574516570298865,0.26428571428571423,0.23660714285714057,0.5245535714285712,-0.125,-1.375,-2.75
김제시,2023-08-28,0.9989348763167516,11,8.3,0.0,7,35,8.228571428571424,1.0,8.067857142857143,3.0,-0.0010656913305909282,-0.05965650205270387,0.6392857142857151,0.45178571428571246,0.316071428571429,-0.625,-0.75,-3.875
김제시,2023-09-04,0.9792968752840195,11,9.671428571428573,0.0,7,36,8.985714285714282,0.0,8.610714285714286,2.0,-0.020920439025290824,-0.012580990746108698,1.4678571428571434,1.053571428571428,0.6450892857142856,0.0,-0.625,-2.0
김제시,2023-09-11,1.0274118288509944,11,6.6571428571428575,0.0,7,37,8.164285714285711,0.0,8.196428571428571,1.0,0.027042852369017413,-0.005208973351759162,-1.1910714285714281,0.13839285714285765,0.29508928571428505,-0.25,-0.25,-1.0
김제시,2023-09-18,0.9761533678962602,8,8.285714285714286,0.0,7,38,7.471428571428567,0.0,8.228571428571428,0.0,-0.024135565676149887,-0.05785200837096276,-0.3482142857142847,-0.7696428571428582,0.14196428571428577,-0.125,-0.375,-1.0
김제시,2023-09-25,1.0803822813544437,7,7.342857142857142,0.0,7,39,7.81428571428571,0.0,7.989285714285715,0.0,0.07731494272265121,0.03697381664266197,-2.435714285714287,-1.3919642857142875,-0.6267857142857141,0.0,-0.125,-0.375
김제시,2023-10-02,1.0538355731358138,11,9.528571428571428,0.0,7,40,8.43571428571428,0.0,7.953571428571428,0.0,0.052436435232036734,0.027256597626800855,0.7767857142857135,-0.8294642857142875,-0.7995535714285724,0.0,0.0,-0.375
김제시,2023-10-09,1.0231647772081882,10,10.385714285714286,0.0,7,41,9.957142857142852,0.0,8.885714285714286,0.0,0.022900546538474127,-0.03725654270440461,0.15102040816326578,0.5183673469387724,-0.4280612244897952,0.0,0.0,-0.14285714285714285
김제시,2023-10-16,1.0940665565442975,10,11.171428571428573,0.0,7,42,10.778571428571425,0.0,9.607142857142858,0.0,0.08990153994110851,0.0424083776836649,0.7803571428571434,0.5107142857142861,-0.1486607142857128,0.0,0.0,0.0
김제시,2023-10-23,0.9085625105239942,10,11.314285714285715,0.0,7,43,11.242857142857138,0.0,10.600000000000001,0.0,-0.09589158721246718,-0.08359784037921726,0.5546428571428574,0.6674999999999986,0.589107142857145,0.0,0.0,0.0
김제시,2023-10-30,0.9596738919482879,10,10.771428571428572,0.0,7,44,11.042857142857137,0.0,10.910714285714288,0.0,-0.04116174811717267,-0.07284798008544102,-0.20535714285714235,0.17464285714285488,0.34267857142857316,0.0,0.0,0.0
김제시,2023-11-06,1.0134156415674134,8,10.357142857142858,0.0,7,45,10.56428571428571,0.0,10.90357142857143,0.0,0.01332644868243022,0.021324188381156378,-0.19821428571428434,-0.20178571428571423,0.23285714285714398,0.0,0.0,0.0
김제시,2023-11-13,1.0212478743085853,9,8.971428571428572,0.0,7,46,9.66428571428571,0.0,10.353571428571428,0.0,0.021025285729527776,0.02381638689891586,-1.7964285714285708,-0.9973214285714302,-0.4113392857142859,0.0,0.0,0.0
김제시,2023-11-20,1.080410094604652,7,10.714285714285714,0.0,7,47,9.842857142857138,0.0,10.20357142857143,0.0,0.07734068628831654,0.0948004677128142,0.4267857142857139,-0.6848214285714302,-0.44330357142857046,0.0,0.0,0.0
김제시,2023-11-27,1.0374337110138587,7,7.142857142857143,0.0,7,48,8.928571428571423,0.0,9.29642857142857,0.0,0.03675007808278134,0.013650427650989706,-1.9178571428571418,-0.7455357142857153,-0.8714285714285719,0.0,0.0,0.0
김제시,2023-12-04,1.0118187299331005,7,10.9,0.0,7,49,9.021428571428565,0.0,9.432142857142857,0.0,0.011749434201793843,-0.03402397314479908,2.0836734693877546,0.12244897959183376,-0.3617346938775494,0.0,0.0,0.0
김제시,2023-12-11,0.9923053115364273,9,5.728571428571429,0.0,7,50,8.31428571428571,0.0,8.621428571428572,0.0,-0.007724445323644649,-0.003513254240407283,-2.878571428571429,-0.44732142857142954,-0.595535714285715,0.0,0.0,0.0
김제시,2023-12-18,0.896355381610651,6,7.314285714285715,0.0,7,51,6.521428571428565,0.0,7.771428571428571,0.0,-0.1094183133827056,-0.11726805513906452,-1.1571428571428566,-2.017857142857146,-0.9799107142857144,0.0,0.0,0.0
김제시,2023-12-25,1.0079726230806572,8,7.757142857142857,0.0,7,52,7.535714285714279,0.0,7.925,0.0,0.007941009638141915,0.030409960767632978,-0.7696428571428564,-0.9633928571428587,-0.7053571428571432,0.0,0.0,0.0
김제시,2024-01-01,0.9662754801869913,8,6.942857142857143,0.0,7,1,7.349999999999994,0.0,6.935714285714286,0.0,-0.03430630924760638,-0.0671653936737989,-1.8553571428571427,-1.2866071428571448,-1.6263392857142849,0.0,0.0,0.0
김제시,2024-01-08,0.9514538616734766,12,9.771428571428572,0.0,7,2,8.357142857142852,0.0,7.946428571428572,0.0,-0.049764083517804175,-0.04781877802380869,1.0107142857142861,-0.4223214285714292,-0.7174107142857133,0.0,0.0,0.0
김제시,2024-01-15,0.9744528640332305,14,7.014285714285713,0.0,7,3,8.392857142857137,0.0,7.871428571428571,0.0,-0.02587913059047347,0.008777823824037197,-2.2125000000000012,-0.6008928571428598,-0.9437500000000005,0.0,0.0,0.0
김제시,2024-01-22,0.9623174572455752,11,7.128571428571428,0.0,7,4,7.071428571428566,0.0,7.714285714285714,0.0,-0.038410885616737465,-0.024154373160188848,-2.060317460317462,-2.0730158730158745,-1.1980158730158736,0.0,0.0,0.0
김제시,2024-01-29,1.0174399792734936,10,8.799999999999999,0.0,7,5,7.964285714285708,0.0,8.178571428571427,0.0,0.017289648165728293,0.027930303566005447,0.12142857142857011,-1.0535714285714306,-0.7281250000000021,0.0,0.0,0.0
김제시,2024-02-05,1.0193414255407158,12,7.328571428571428,0.0,7,6,8.064285714285708,0.0,7.567857142857142,0.0,0.019156757532608246,0.02453790927308287,-2.546031746031745,-1.1658730158730197,-1.6452380952380965,0.0,0.0,0.0
김제시,2024-02-12,0.9766711657101051,12,12.1,0.0,7,7,9.714285714285708,0.0,8.839285714285714,0.0,-0.023605259120625877,-0.060149669749724424,2.4793650793650794,-0.03333333333333677,-0.5583333333333336,0.0,0.0,0.0
김제시,2024-02-19,1.0763068184776983,13,5.028571428571429,0.0,7,8,8.56428571428571,0.0,8.314285714285713,0.0,0.07353556837693874,0.07531364100958504,-4.817857142857142,-1.1723214285714292,-1.1383928571428577,0.0,0.0,0.0
김제시,2024-02-26,1.0059572501537168,11,9.171428571428573,0.0,7,9,7.099999999999996,0.0,8.407142857142858,0.0,0.005939575897593565,0.008902001252930496,-2.0214285714285705,-3.4196428571428577,-1.6741071428571423,0.0,0.0,0.0
김제시,2024-03-04,1.0151643636261802,11,8.8,0.0,7,10,8.985714285714282,0.0,8.775,0.0,0.01505053399083158,0.025145561521472598,-2.076190476190476,-1.9587301587301589,-1.5646825396825381,0.0,0.0,0.0
김제시,2024-03-11,0.9256872816192602,12,11.942857142857141,0.0,7,11,10.371428571428567,0.0,8.735714285714286,0.0,-0.07721881020691988,-0.046185163697415536,0.9111111111111097,-0.582539682539684,-2.0047619047619047,0.0,0.0,0.0
김제시,2024-03-18,0.9770297804344931,15,10.9,0.0,7,12,11.421428571428565,0.0,10.20357142857143,0.0,-0.023238145894701297,0.02444931381994921,-0.7214285714285715,0.0948412698412664,-0.9319444444444436,0.0,0.0,0.0
김제시,2024-03-25,0.9471807368581281,16,9.885714285714286,0.0,7,13,10.392857142857139,0.0,10.382142857142856,0.0,-0.054265351991068925,-0.03072140115289641,-3.0603174603174583,-1.8908730158730176,-1.236706349206349,0.0,0.0,0.0
김제시,2024-04-01,1.105115490656568,15,10.671428571428573,0.0,7,14,10.278571428571425,0.0,10.850000000000001,0.0,0.09994984593953764,0.1201896102886939,-0.9063492063492049,-1.9833333333333343,-0.9442460317460313,0.0,0.0,0.0
김제시,2024-04-08,1.0880585273446919,13,13.071428571428571,0.0,7,15,11.871428571428567,0.0,11.132142857142858,0.0,0.08439494050227343,0.10828623262950687,1.5349206349206348,0.3142857142857114,-0.7882936507936495,0.0,0.0,0.0
김제시,2024-04-15,1.0398569256343075,12,9.985714285714286,0.0,7,16,11.528571428571423,0.0,10.90357142857143,0.0,0.03908313218398024,-0.0016204872811934612,-2.284126984126985,-0.37460317460317505,-1.178968253968252,0.0,0.0,0.0
김제시,2024-04-22,1.1255463209911283,8,12.028571428571428,0.0,7,17,11.007142857142853,0.0,11.439285714285713,0.0,0.11826853644058312,0.10717832833193403,1.2809523809523817,-0.5015873015873016,-0.0936507936507951,0.0,0.0,0.0
김제시,2024-04-29,1.05575416827062,12,9.942857142857145,0.0,7,18,10.98571428571428,0.0,11.257142857142856,0.0,0.05425536298478494,0.07595868740751138,-1.2206349206349199,0.030158730158728275,-0.1722222222222225,0.0,0.0,0.0
김제시,2024-05-06,1.1112263949766135,9,9.342857142857143,0.0,7,19,9.642857142857139,0.0,10.325000000000001,0.0,0.10546426575455099,0.08692035656687447,-1.674603174603174,-1.4476190476190496,-0.9746031746031729,0.0,0.0,0.0
김제시,2024-05-13,1.0391373531026245,9,12.828571428571427,0.0,7,20,11.08571428571428,0.0,11.035714285714285,0.0,0.03839090078365696,0.06518048661704379,1.5428571428571427,-0.0658730158730183,-0.01785714285714235,0.0,0.0,0.0
김제시,2024-05-20,1.0239330878927684,9,11.257142857142856,0.0,7,21,12.042857142857137,0.0,10.842857142857143,0.0,0.02365118062759498,0.06128385401244854,0.4317460317460302,0.9873015873015856,-0.23015873015872934,0.0,0.0,0.0
김제시,2024-05-27,1.0694769854939372,13,10.614285714285714,0.0,7,22,10.93571428571428,0.0,11.010714285714286,0.0,0.06716973036903741,0.10158086457163727,-0.18095238095238209,0.12539682539682317,0.0297619047619051,0.0,0.0,0.0
김제시,2024-06-03,1.068963054846306,14,11.057142857142859,0.0,7,23,10.835714285714282,0.0,11.439285714285713,0.0,0.0666890709651441,0.10254201034661356,0.8019047619047637,0.3104761904761908,0.6488888888888873,0.0,0.0,0.0
김제시,2024-06-10,1.1246802383394376,10,12.328571428571427,0.0,7,24,11.692857142857138,0.0,11.314285714285715,0.0,0.11749876266747927,0.09142439545243879,2.682275132275132,1.742089947089946,0.9337433862433873,0.0,0.0,0.0
김제시,2024-06-17,0.9199362374648977,10,9.971428571428572,0.0,7,25,11.149999999999995,0.0,10.992857142857144,0.0,-0.08345091844427137,-0.08437983080845611,0.7920634920634928,1.7371693121693106,1.0238227513227525,0.0,0.0,0.0
김제시,2024-06-24,1.0912190112552491,6,8.542857142857143,0.0,7,26,9.257142857142853,0.0,10.475,0.0,0.08729543029331498,0.11875038146758685,0.803174603174603,0.7976190476190457,1.2698544973544976,-0.4444444444444444,-0.4444444444444444,-0.4444444444444444
김제시,2024-07-01,0.9460398560792255,12,7.157142857142857,1.0,7,27,7.849999999999994,1.0,9.5,1.0,-0.0554705796557793,0.015949124874678894,-0.4492063492063494,0.17698412698412547,0.9570767195767207,0.33333333333333337,-0.11111111111111116,-0.11111111111111116
김제시,2024-07-08,0.9157021737198665,14,5.042857142857143,0.0,7,28,6.099999999999994,1.0,7.678571428571429,1.0,-0.08806410503718873,-0.06767877254314333,-2.117460317460319,-1.2833333333333359,-0.24285714285714288,-1.3333333333333333,-1.0,-1.4444444444444446
김제시,2024-07-15,1.0053970293977579,15,6.757142857142858,1.0,7,29,5.899999999999995,1.0,6.875,2.0,0.005382517624825315,0.04267720393122198,-0.6015873015873003,-1.3595238095238118,-0.591269841269841,0.5555555555555556,-0.7777777777777777,-0.8888888888888888
김제시,2024-07-22,1.0041580790293476,17,6.271428571428572,7.0,7,30,6.51428571428571,8.0,6.307142857142857,9.0,0.004149458108125919,0.006926278760849898,-1.488888888888888,-1.045238095238096,-1.1642857142857146,3.5555555555555554,4.111111111111111,3.1111111111111107
김제시,2024-07-29,1.012590975171491,13,7.528571428571429,7.0,7,31,6.899999999999995,14.0,6.4,15.0,0.012512367983331753,0.014251338537446255,-0.565079365079364,-1.0269841269841269,-1.1932539682539671,2.5555555555555554,6.111111111111111,5.333333333333334
김제시,2024-08-05,0.9565003590209856,15,8.685714285714285,4.0,7,32,8.107142857142852,11.0,7.310714285714286,19.0,-0.044474114753247945,-0.07455318081352079,0.9476190476190478,0.1912698412698406,-0.42698412698412547,0.7777777777777777,3.333333333333333,7.444444444444445
김제시,2024-08-12,0.9779311696569409,14,8.842857142857142,5.0,7,33,8.764285714285709,9.0,7.832142857142857,23.0,-0.022315990097899314,-0.05876403868570852,0.7374999999999989,1.0374999999999979,-0.0008928571428565846,2.75,3.875,10.25
김제시,2024-08-19,0.9998918282792769,12,7.885714285714286,3.0,7,34,8.364285714285709,8.0,8.235714285714286,19.0,-0.00010817757170560903,-0.015293506902617958,-0.007142857142856229,0.3651785714285687,0.3816964285714288,1.875,4.625,8.25
김제시,2024-08-26,1.0256407745497425,11,9.171428571428569,0.0,7,35,8.528571428571421,3.0,8.64642857142857,12.0,0.025317563170258798,-0.03327324755185414,1.5107142857142835,0.7517857142857096,0.8946428571428564,-0.625,1.25,5.125
김제시,2024-09-02,1.03353399555377,11,8.985714285714284,0.0,7,36,9.078571428571422,0.0,8.72142857142857,8.0,0.03298399321628367,0.041323441495465796,0.7821428571428548,1.1464285714285678,0.7558035714285696,0.0,-0.625,4.0
김제시,2024-09-09,0.9930326877491066,14,10.457142857142857,2.0,7,37,9.721428571428564,2.0,9.125,5.0,-0.00699169730241477,-0.03924352302319135,2.6089285714285717,1.695535714285711,1.2236607142857139,1.75,1.75,3.0
김제시,2024-09-16,1.11749235068984,13,8.442857142857143,1.0,7,38,9.449999999999996,3.0,9.264285714285712,3.0,0.11108720246188217,0.0773707597670693,-0.19107142857142811,1.2089285714285705,1.1776785714285705,0.875,2.625,2.0
김제시,2024-09-23,0.9878117001812353,15,10.271428571428572,0.0,7,39,9.357142857142852,1.0,9.539285714285715,3.0,-0.012263186259350817,-0.052604312339340056,0.49285714285714377,0.15089285714285516,0.9232142857142858,0.0,0.875,2.625
김제시,2024-09-30,1.0293490636802893,11,9.714285714285714,0.0,7,40,9.992857142857137,0.0,9.721428571428572,3.0,0.028926625450470308,0.003746787845234429,0.9624999999999986,0.7276785714285694,0.9683035714285708,0.0,0.0,2.625
김제시,2024-10-07,1.015335830144967,14,10.471428571428572,0.0,7,41,10.092857142857138,0.0,9.725,1.0,0.015219424907188478,-0.044937664335690256,0.2367346938775512,0.6540816326530585,0.4112244897959183,0.0,0.0,0.8571428571428572
김제시,2024-10-14,1.030998587542417,14,7.557142857142857,0.0,7,42,9.014285714285709,0.0,9.503571428571428,0.0,0.030527835045928108,-0.016965327211515505,-2.8339285714285722,-1.25357142857143,-0.25223214285714235,0.0,0.0,0.0
김제시,2024-10-21,1.1328476462491412,11,9.485714285714286,0.0,7,43,8.521428571428565,0.0,9.307142857142857,0.0,0.12473450367408592,0.13702825050733583,-1.2739285714285717,-2.0539285714285747,-0.7037499999999994,0.0,0.0,0.0
김제시,2024-10-28,1.0289957300063568,12,9.042857142857143,0.0,7,44,9.264285714285709,0.0,9.139285714285714,0.0,0.028583307189616422,-0.0031029247786519346,-1.9339285714285719,-1.6039285714285736,-1.4287500000000009,0.0,0.0,0.0
김제시,2024-11-04,0.9758980324095847,12,11.271428571428572,0.0,7,45,10.157142857142851,0.0,9.339285714285715,0.0,-0.02439717301711608,-0.01639943331838992,0.7160714285714302,-0.6089285714285726,-1.331428571428571,0.0,0.0,0.0
김제시,2024-11-11,0.9703792925481391,13,11.028571428571428,0.0,7,46,11.149999999999995,0.0,10.207142857142857,0.0,-0.03006826066887033,-0.027277159499482242,0.2607142857142861,0.4883928571428555,-0.5577678571428564,0.0,0.0,0.0
김제시,2024-11-18,1.0806018379670128,9,10.6,0.0,7,47,10.81428571428571,0.0,10.485714285714286,0.0,0.07751814330275869,0.09497792472725634,0.3125,0.2866071428571413,-0.16116071428571388,0.0,0.0,0.0
김제시,2024-11-25,0.9758394344677892,8,8.642857142857142,0.0,7,48,9.621428571428567,0.0,10.385714285714286,0.0,-0.02445721996790489,-0.04755687039969653,-0.4178571428571427,-0.05267857142857224,0.21785714285714342,0.0,0.0,0.0
김제시,2024-12-02,1.0489162834158212,11,7.028571428571429,0.0,7,49,7.83571428571428,0.0,9.325,0.0,0.04775752014351858,0.0019841127969256536,-1.7877551020408164,-1.0632653061224513,-0.46887755102040707,0.0,0.0,0.0
김제시,2024-12-09,1.110403736640691,7,7.128571428571428,0.0,7,50,7.078571428571424,0.0,8.35,0.0,0.10472367589504619,0.10893486697828356,-1.4785714285714295,-1.6830357142857153,-0.8669642857142872,0.0,0.0,0.0
김제시,2024-12-16,1.0065750368456037,8,7.528571428571429,0.0,7,51,7.328571428571424,0.0,7.582142857142857,0.0,0.00655351557476787,-0.0012962261815910505,-0.9428571428571422,-1.2107142857142872,-1.1691964285714285,0.0,0.0,0.0
김제시,2024-12-23,1.0281596426253599,8,8.2,0.0,7,52,7.864285714285709,0.0,7.4714285714285715,0.0,0.027770449358694736,0.0502394004881858,-0.32678571428571423,-0.6348214285714286,-1.1589285714285715,0.0,0.0,0.0
김제시,2024-12-30,1.0439005872568212,8,8.642857142857142,0.0,7,1,8.421428571428565,0.0,7.875,0.0,0.04296426199237627,0.010105177566183746,-0.15535714285714342,-0.21517857142857366,-0.6870535714285708,0.0,0.0,0.0
김제시,2025-01-06,1.0682533022354477,8,7.857142857142857,0.0,7,2,8.249999999999995,0.0,8.057142857142857,0.0,0.06602488679436672,0.06797019228836221,-0.9035714285714294,-0.5294642857142868,-0.6066964285714285,0.0,0.0,0.0
김제시,2025-01-13,1.0023795122724974,9,9.685714285714285,0.0,7,3,8.771428571428565,0.0,8.596428571428572,0.0,0.0023766857161656176,0.03703364013067628,0.45892857142857046,-0.22232142857143167,-0.21875,0.0,0.0,0.0
김제시,2025-01-20,1.1320908175862152,8,11.4,0.0,7,4,10.542857142857137,0.0,9.39642857142857,0.0,0.12406620411259353,0.13832271656914213,2.2111111111111104,1.398412698412697,0.4841269841269824,0.0,0.0,0.0
김제시,2025-01-27,0.9399555549337565,7,6.728571428571429,0.0,7,5,9.06428571428571,0.0,8.917857142857143,0.0,-0.061922686821281214,-0.05128203142100406,-1.9500000000000002,0.04642857142857082,0.011160714285713524,0.0,0.0,0.0
김제시,2025-02-03,0.9690996036116382,10,7.857142857142857,0.0,7,6,7.292857142857137,0.0,8.917857142857143,0.0,-0.031387882269021915,-0.02600673052854729,-2.0174603174603165,-1.9373015873015902,-0.29523809523809597,0.0,0.0,0.0
김제시,2025-02-10,0.9881777539641933,9,9.9,0.0,7,7,8.878571428571423,0.0,8.971428571428572,0.0,-0.01189268449743361,-0.04843709512653216,0.27936507936508015,-0.8690476190476222,-0.42619047619047556,0.0,0.0,0.0
김제시,2025-02-17,0.9779360675078972,8,7.457142857142856,0.0,7,8,8.678571428571423,0.0,7.985714285714286,0.0,-0.022310981730395432,-0.02053290909774913,-2.389285714285715,-1.0580357142857153,-1.466964285714285,0.0,0.0,0.0
김제시,2025-02-24,1.0077718007196612,8,12.114285714285714,0.0,7,9,9.785714285714281,0.0,9.332142857142856,0.0,0.007741755844566484,0.010704181199903413,0.9214285714285708,-0.7339285714285726,-0.7491071428571452,0.0,0.0,0.0
김제시,2025-03-03,0.9413957211642858,13,8.4,0.0,7,10,10.257142857142853,0.0,9.467857142857143,0.0,-0.060391695208889755,-0.05029666767824874,-2.4761904761904763,-0.6873015873015884,-0.8718253968253951,0.0,0.0,0.0
김제시,2025-03-10,0.975301668614809,7,12.028571428571428,0.0,7,11,10.214285714285712,0.0,10.0,0.0,-0.025008452132249673,0.006025194377254673,0.9968253968253968,-0.7396825396825388,-0.7404761904761905,0.0,0.0,0.0
김제시,2025-03-17,1.0027560167749816,9,11.614285714285714,0.0,7,12,11.821428571428568,0.0,11.039285714285715,0.0,0.0027522259242511063,0.05043968563890161,-0.007142857142858006,0.4948412698412685,-0.09623015873015817,0.0,0.0,0.0
김제시,2025-03-24,0.9356515670105082,11,13.142857142857142,0.0,7,13,12.378571428571425,0.0,11.29642857142857,0.0,-0.06651212927696185,-0.042968178438789334,0.1968253968253979,0.09484126984126817,-0.32242063492063444,0.0,0.0,0.0
김제시,2025-03-31,1.0284769572492725,13,12.071428571428571,0.0,7,14,12.607142857142854,0.0,12.214285714285715,0.0,0.028079025629728537,0.04831878997888481,0.4936507936507937,0.3452380952380949,0.4200396825396826,0.0,0.0,0.0
김제시,2025-04-07,1.0233132953708548,12,15.0,0.0,7,15,13.535714285714281,0.0,12.957142857142856,0.0,0.0230456916684585,0.046936983795691944,3.4634920634920636,1.978571428571426,1.036706349206348,0.0,0.0,0.0
김제시,2025-04-14,1.0228325364588697,12,11.171428571428573,0.0,7,16,13.085714285714282,0.0,12.846428571428572,0.0,0.02257577509325331,-0.01812784437192039,-1.098412698412698,1.1825396825396837,0.7638888888888893,0.0,0.0,0.0
김제시,2025-04-21,1.0081824633807317,13,12.028571428571428,0.0,7,17,11.599999999999998,0.0,12.567857142857143,0.0,0.00814916852655415,-0.002941039582094948,1.2809523809523817,0.09126984126984361,1.0349206349206348,0.0,0.0,0.0
김제시,2025-04-28,1.0379388398590736,11,12.12857142857143,0.0,7,18,12.078571428571426,0.0,12.582142857142859,0.0,0.037236861870084494,0.05894018629281094,0.9650793650793652,1.1230158730158735,1.1527777777777803,0.0,0.0,0.0
김제시,2025-05-05,1.029258115013077,12,9.614285714285714,0.0,7,19,10.871428571428568,0.0,11.235714285714288,0.0,0.028838266031332205,0.010294356843655681,-1.4031746031746035,-0.21904761904762005,-0.06388888888888644,0.0,0.0,0.0
김제시,2025-05-12,1.0717371040005548,12,10.942857142857141,0.0,7,20,10.278571428571425,0.0,11.178571428571427,0.0,0.06928079376720446,0.09607037960059128,-0.3428571428571434,-0.8730158730158735,0.125,0.0,0.0,0.0
김제시,2025-05-19,1.0141355469673106,13,8.27142857142857,0.0,7,21,9.607142857142852,0.0,10.239285714285714,0.0,0.014036571745384762,0.05166924513023832,-2.5539682539682556,-1.4484126984126995,-0.8337301587301589,0.0,0.0,0.0
김제시,2025-05-26,1.0148145961514365,13,12.62857142857143,0.0,7,22,10.449999999999996,0.0,10.364285714285714,0.0,0.014705931918460088,0.049117066121059955,1.833333333333334,-0.3603174603174608,-0.6166666666666671,0.0,0.0,0.0
김제시,2025-06-02,0.9608301228732005,14,10.385714285714286,0.0,7,23,11.507142857142854,0.0,10.557142857142857,0.0,-0.03995765684146091,-0.004104717459991462,0.13047619047619108,0.9819047619047634,-0.23325396825396894,0.0,0.0,0.0
김제시,2025-06-09,1.0446713856494823,11,10.9,0.0,7,24,10.642857142857139,0.0,10.54642857142857,0.0,0.04370237246944367,0.017628005254403178,1.2537037037037049,0.6920899470899471,0.16588624338624314,0.0,0.0,0.0
김제시,2025-06-16,1.1013388177971424,12,8.528571428571428,0.0,7,25,9.714285714285712,0.0,10.610714285714286,0.0,0.0965265468182429,0.09559763445405815,-0.6507936507936503,0.3014550264550273,0.6416798941798945,0.0,0.0,0.0
김제시,2025-06-23,1.0356436591829512,12,8.5,0.0,7,26,8.51428571428571,0.0,9.57857142857143,0.0,0.035023126352446754,0.06647807752671861,0.7603174603174603,0.05476190476190368,0.37342592592592716,-0.4444444444444444,-0.4444444444444444,-0.4444444444444444
김제시,2025-06-30,0.889149883856432,13,7.9571428571428555,3.0,7,27,8.228571428571424,3.0,8.971428571428572,3.0,-0.1174894594156194,-0.04606975488516121,0.35079365079364955,0.5555555555555554,0.4285052910052922,2.3333333333333335,1.8888888888888888,1.8888888888888888
김제시,2025-07-07,1.101267426182584,13,9.614285714285714,3.0,7,28,8.785714285714281,6.0,8.649999999999999,6.0,0.09646172214540052,0.11684705463944592,2.4539682539682524,1.402380952380951,0.7285714285714269,1.6666666666666667,4.0,3.5555555555555554
김제시,2025-07-14,1.016567762089943,15,7.0,0.0,7,29,8.307142857142853,3.0,8.267857142857142,6.0,0.016432014028674023,0.05372670033507069,-0.35873015873015834,1.0476190476190466,0.8015873015873014,-0.4444444444444444,1.2222222222222223,3.111111111111111
김제시,2025-07-21,1.0685263233477895,13,9.585714285714285,3.0,7,30,8.29285714285714,3.0,8.539285714285715,9.0,0.06628043126938771,0.06905725192211169,1.8253968253968251,0.7333333333333334,1.067857142857143,-0.44444444444444464,-0.8888888888888888,3.1111111111111107
김제시,2025-07-28,1.0562686955317069,15,9.428571428571429,5.0,7,31,9.507142857142853,8.0,8.907142857142857,11.0,0.054742599444280116,0.05648156999839462,1.3349206349206355,1.5801587301587308,1.313888888888889,0.5555555555555554,0.11111111111111072,1.333333333333334
김제시,2025-08-04,1.0145016736735792,17,6.671428571428572,2.0,7,32,8.049999999999997,7.0,8.17142857142857,10.0,0.014397530034544278,-0.015681536025728568,-1.0666666666666655,0.13412698412698543,0.4337301587301594,-1.2222222222222223,-0.666666666666667,-1.5555555555555554
김제시,2025-08-11,1.2112925405695802,11,7.042857142857143,1.0,7,33,6.857142857142854,3.0,8.182142857142857,11.0,0.1916880048193793,0.1552399562315701,-1.0625,-0.8696428571428569,0.34910714285714306,-1.25,-2.125,-1.75
김제시,2025-08-18,0.953198522230125,18,8.357142857142858,4.0,7,34,7.6999999999999975,5.0,7.875,12.0,-0.0479320840838409,-0.06311741341475324,0.4642857142857153,-0.29910714285714235,0.02098214285714306,2.875,1.625,1.25
김제시,2025-08-25,0.9224545096238539,15,8.12857142857143,2.0,7,35,8.24285714285714,6.0,7.55,9.0,-0.08071721634419744,-0.13930802706631037,0.4678571428571443,0.46607142857142847,-0.20178571428571423,1.375,4.25,2.125
김제시,2025-09-01,1.0165390068481255,18,8.471428571428572,0.0,7,36,8.299999999999997,2.0,8.0,7.0,0.016403727032379793,0.02474317531156192,0.26785714285714235,0.3678571428571429,0.03437499999999982,0.0,1.375,3.0
김제시,2025-09-08,1.036078501720441,12,6.557142857142856,0.0,7,37,7.514285714285711,0.0,7.878571428571429,6.0,0.035442914828026854,0.0031910891072502792,-1.2910714285714295,-0.5116071428571427,-0.022767857142857117,-0.25,-0.25,4.0
김제시,2025-09-15,1.0574063714761468,12,7.614285714285714,0.0,7,38,7.085714285714282,0.0,7.692857142857143,2.0,0.05581909040740162,0.022102647712588748,-1.0196428571428573,-1.1553571428571434,-0.39374999999999893,-0.125,-0.375,1.0
김제시,2025-09-22,0.9802009933822866,11,7.271428571428572,0.0,7,39,7.44285714285714,0.0,7.478571428571429,0.0,-0.0199976330586352,-0.060338759138624444,-2.5071428571428562,-1.7633928571428568,-1.1375000000000002,0.0,-0.125,-0.375
김제시,2025-09-29,0.9187795791123152,12,7.385714285714286,0.0,7,40,7.3285714285714265,0.0,7.207142857142857,0.0,-0.08470903402115713,-0.10988887162639302,-1.3660714285714288,-1.9366071428571408,-1.5459821428571434,0.0,0.0,-0.375
김제시,2025-10-06,1.0745637861753092,11,7.242857142857143,0.0,7,41,7.314285714285711,0.0,7.378571428571428,0.0,0.07191479892648305,0.01175770968360431,-2.9918367346938775,-2.124489795918368,-1.9352040816326532,0.0,0.0,-0.14285714285714285
김제시,2025-10-13,0.9552285308696039,11,6.685714285714285,0.0,7,42,6.964285714285712,0.0,7.146428571428571,0.0,-0.045804667789027524,-0.09329783004647113,-3.705357142857144,-3.303571428571427,-2.609374999999999,0.0,0.0,0.0
김제시,2025-10-20,0.9905651449915666,11,10.200000000000001,0.0,7,43,8.44285714285714,0.0,7.878571428571428,0.0,-0.009479645201558893,0.0028141016316910236,-0.5596428571428564,-2.1325000000000003,-2.1323214285714283,0.0,0.0,0.0
김제시,2025-10-27,1.0544469824195053,10,10.4,0.0,7,44,10.299999999999997,0.0,8.632142857142856,0.0,0.05301644221375815,0.02133021024548979,-0.5767857142857142,-0.5682142857142853,-1.9358928571428589,0.0,0.0,0.0
김제시,2025-11-03,0.9268912329890506,12,12.228571428571428,0.0,7,45,11.31428571428571,0.0,9.87857142857143,0.0,-0.07591905256664705,-0.06792131286792089,1.6732142857142858,0.5482142857142858,-0.7921428571428564,0.0,0.0,0.0
김제시,2025-11-10,0.9019457879741518,9,12.2,0.0,7,46,12.21428571428571,0.0,11.257142857142858,0.0,-0.10320086274993436,-0.10040976158054626,1.432142857142857,1.5526785714285705,0.49223214285714434,0.0,0.0,0.0
김제시,2025-11-17,0.9356187366115596,9,9.271428571428572,0.0,7,47,10.735714285714282,0.0,11.025,0.0,-0.06654721816699388,-0.04908743674249623,-1.0160714285714274,0.20803571428571388,0.3781250000000007,0.0,0.0,0.0
김제시,2025-11-24,0.998698154857405,10,8.842857142857143,0.0,7,48,9.057142857142853,0.0,10.635714285714286,0.0,-0.0013026932791575525,-0.02440234371094919,-0.21785714285714164,-0.6169642857142854,0.4678571428571434,0.0,0.0,0.0
김제시,2025-12-01,0.9889676450200121,9,8.871428571428572,0.0,7,49,8.857142857142854,0.0,9.79642857142857,0.0,-0.011093662737830886,-0.05686707008442381,0.05510204081632608,-0.041836734693877276,0.0025510204081644616,0.0,0.0,0.0
김제시,2025-12-08,0.9494407744446688,10,9.700000000000001,0.0,7,50,9.285714285714283,0.0,9.171428571428573,0.0,-0.051882126194272946,-0.04767093511103558,1.0928571428571434,0.5241071428571438,-0.045535714285714235,0.0,0.0,0.0
김제시,2025-12-15,0.9833356923227704,12,9.857142857142858,0.0,7,51,9.778571428571425,0.0,9.317857142857143,0.0,-0.016804719346949878,-0.024654461103308798,1.3857142857142861,1.2392857142857139,0.5665178571428573,0.0,0.0,0.0
김제시,2025-12-22,0.977942541956785,9,9.528571428571428,0.0,7,52,9.69285714285714,0.0,9.489285714285716,0.0,-0.022304361228635775,0.0001645899008552859,1.001785714285715,1.1937500000000014,0.8589285714285726,0.0,0.0,0.0
김제시,2025-12-29,1.0159450088714133,11,7.628571428571428,0.0,7,1,8.578571428571426,0.0,9.178571428571429,0.0,0.015819222564910876,-0.017039861861281647,-1.1696428571428577,-0.058035714285713524,0.616517857142858,0.0,0.0,0.0
김제시,2026-01-05,0.9701960174201277,10,9.071428571428571,0.0,7,2,8.349999999999996,0.0,9.02142857142857,0.0,-0.03025714808551929,-0.028311842591523806,0.31071428571428505,-0.4294642857142854,0.35758928571428505,0.0,0.0,0.0
김제시,2026-01-12,0.9187308452735076,10,11.742857142857144,0.0,7,3,10.407142857142855,0.0,9.492857142857144,0.0,-0.08476207735432394,-0.05010512293981327,2.516071428571429,1.413392857142858,0.6776785714285722,0.0,0.0,0.0
김제시,2026-01-19,0.990488941916253,11,8.357142857142858,0.0,7,4,10.049999999999997,0.0,9.2,0.0,-0.009556577048957423,0.004699935407591192,-0.8317460317460323,0.9055555555555568,0.28769841269841123,0.0,0.0,0.0
김제시,2026-01-26,0.9342617163065775,11,9.085714285714285,0.0,7,5,8.721428571428568,0.0,9.564285714285715,0.0,-0.06799866982648567,-0.05735801442620851,0.4071428571428566,-0.2964285714285708,0.6575892857142858,0.0,0.0,0.0
김제시,2026-02-02,0.9998785866196493,8,8.642857142857142,0.0,7,6,8.86428571428571,0.0,9.457142857142857,0.0,-0.00012142075155176627,0.005259730988922857,-1.231746031746031,-0.36587301587301724,0.24404761904761862,0.0,0.0,0.0
김제시,2026-02-09,0.8903820382559852,10,10.714285714285714,0.0,7,7,9.678571428571423,0.0,9.2,0.0,-0.11610465189275326,-0.1526490625218518,1.0936507936507933,-0.06904761904762147,-0.1976190476190478,0.0,0.0,0.0
김제시,2026-02-16,0.9916850118769283,9,12.557142857142855,0.0,7,8,11.63571428571428,0.0,10.25,0.0,-0.008349750469935515,-0.006571677837289214,2.7107142857142836,1.899107142857142,0.7973214285714292,0.0,0.0,0.0
김제시,2026-02-23,1.0148946779117,12,11.6,0.0,7,9,12.078571428571424,0.0,10.878571428571426,0.0,0.014784841505491506,0.017747266860828437,0.4071428571428566,1.55892857142857,0.7973214285714256,0.0,0.0,0.0
김제시,2026-03-02,0.8576202455567941,11,8.585714285714285,0.0,7,10,10.092857142857138,0.0,10.864285714285714,0.0,-0.15359388171850633,-0.14349885418786532,-2.290476190476191,-0.851587301587303,0.5246031746031754,0.0,0.0,0.0
김제시,2026-03-09,0.9609398609223309,12,11.028571428571428,0.0,7,11,9.807142857142853,0.0,10.942857142857143,0.0,-0.0398434516554345,-0.008809805145930154,-0.0031746031746031633,-1.1468253968253972,0.20238095238095255,0.0,0.0,0.0
김제시,2026-03-16,1.0461374790267732,11,12.185714285714287,0.0,7,12,11.607142857142854,0.0,10.85,0.0,0.045104790110147196,0.0927922498247977,0.564285714285715,0.280555555555555,-0.2855158730158731,0.0,0.0,0.0
김제시,2026-03-23,0.9935486047139428,14,15.785714285714286,0.0,7,13,13.985714285714284,0.0,11.896428571428572,0.0,-0.0064722954753743496,0.017071655362798165,2.839682539682542,1.7019841269841276,0.277579365079367,0.0,0.0,0.0
김제시,2026-03-30,0.9745415295681138,11,10.62857142857143,0.0,7,14,13.207142857142856,0.0,12.407142857142857,0.0,-0.025788144659230617,-0.00554838031007435,-0.9492063492063476,0.9452380952380963,0.6128968253968239,0.0,0.0,0.0
김제시,2026-04-06,1.0245020063410013,13,10.285714285714286,0.0,7,15,10.457142857142856,0.0,12.221428571428572,0.0,0.02420664705605286,0.04809793918328631,-1.25079365079365,-1.0999999999999996,0.300992063492064,0.0,0.0,0.0
김제시,2026-04-13,1.0563535868535683,13,12.828571428571427,0.0,7,16,11.557142857142853,0.0,12.382142857142858,0.0,0.05482296527457065,0.01411934580939695,0.5587301587301567,-0.3460317460317448,0.29960317460317576,0.0,0.0,0.0
김제시,2026-04-20,0.9850211653277401,13,14.471428571428572,0.0,7,17,13.649999999999995,0.0,12.053571428571429,0.0,-0.015092150398528527,-0.026182358507177622,3.723809523809525,2.1412698412698408,0.5206349206349206,0.0,0.0,0.0
김제시,2026-04-27,1.048091539077638,13,9.685714285714285,0.0,7,18,12.078571428571426,0.0,11.817857142857143,0.0,0.04697092853249937,0.06867425295522582,-1.4777777777777796,1.1230158730158735,0.38849206349206433,0.0,0.0,0.0
김제시,2026-05-04,1.0421804625116826,15,13.385714285714286,0.0,7,19,11.535714285714281,0.0,12.592857142857142,0.0,0.04131511692662874,0.022771207738952214,2.3682539682539687,0.44523809523809277,1.2932539682539677,0.0,0.0,0.0
김제시,2026-05-11,0.9764542701366344,14,13.214285714285714,0.0,7,20,13.299999999999997,0.0,12.689285714285715,0.0,-0.023827360139210257,0.0029622256941765727,1.9285714285714288,2.1484126984126988,1.635714285714288,0.0,0.0,0.0
김제시,2026-05-18,1.0469323095667362,10,9.685714285714285,0.0,7,21,11.449999999999996,0.0,11.492857142857142,0.0,0.045864277999658414,0.08349695138451196,-1.139682539682541,0.39444444444444393,0.41984126984126924,0.0,0.0,0.0
김제시,2026-05-25,1.0337279643150892,11,10.185714285714285,0.0,7,22,9.935714285714282,0.0,11.617857142857142,0.0,0.03317165086747056,0.06758278507007043,-0.6095238095238109,-0.874603174603175,0.636904761904761,0.0,0.0,0.0
김제시,2026-06-01,1.0589377991731375,11,11.799999999999999,0.0,7,23,10.992857142857138,0.0,11.221428571428572,0.0,0.05726632945814531,0.09311926883961476,1.544761904761904,0.4676190476190474,0.43103174603174566,0.0,0.0,0.0
김제시,2026-06-08,0.9519445731207069,13,10.771428571428572,0.0,7,24,11.285714285714281,0.0,10.610714285714284,0.0,-0.04924846739757224,-0.07532283461261273,1.1251322751322768,1.3349470899470894,0.2301719576719563,0.0,0.0,0.0
김제시,2026-06-15,0.9391878068696985,12,9.27142857142857,0.0,7,25,10.021428571428569,0.0,10.507142857142856,0.0,-0.06273981245669796,-0.0636687248208827,0.09206349206349174,0.6085978835978842,0.5381084656084649,0.0,0.0,0.0
김제시,2026-06-22,1.1659889976594027,13,8.87142857142857,0.0,7,26,9.071428571428566,0.0,10.178571428571429,0.0,0.1535696519141441,0.18502460308841595,1.1317460317460304,0.6119047619047588,0.9734259259259268,-0.4444444444444444,-0.4444444444444444,-0.4444444444444444
김제시,2026-06-29,1.0612988868735596,14,7.714285714285715,0.0,7,27,8.29285714285714,0.0,9.157142857142857,0.0,0.05949352295211088,0.13091322748256906,0.10793650793650933,0.6198412698412703,0.6142195767195773,-0.6666666666666666,-1.1111111111111112,-1.1111111111111112
김제시,2026-07-06,1.0097062849060987,10,7.857142857142857,1.0,7,28,7.785714285714283,1.0,8.428571428571429,1.0,0.009659481536941414,0.030044814030986806,0.6968253968253952,0.40238095238095273,0.5071428571428571,-0.33333333333333326,-1.0,-1.4444444444444446
김제시,2026-07-13,0.9554560190091469,13,6.457142857142857,3.0,7,29,7.157142857142853,4.0,7.725,4.0,-0.045566545655646225,-0.00827185934924956,-0.901587301587301,-0.1023809523809538,0.2587301587301587,2.5555555555555554,2.2222222222222223,1.1111111111111112
김제시,2026-07-20,1.0997530968910982,14,7.371428571428571,6.0,7,30,6.914285714285711,9.0,7.3500000000000005,10.0,0.09508569723827001,0.097862517890994,-0.3888888888888893,-0.6452380952380947,-0.121428571428571,2.5555555555555554,5.111111111111111,4.111111111111111
김제시,2026-07-27,1.058083602336386,16,8.285714285714286,4.0,7,31,7.828571428571425,10.0,7.492857142857142,14.0,0.05645934953579026,0.05819832008990476,0.19206349206349316,-0.09841269841269717,-0.10039682539682548,-0.44444444444444464,2.1111111111111107,4.333333333333334
김제시,2026-08-03,0.9758751592253849,16,10.857142857142858,6.0,7,32,9.571428571428568,10.0,8.242857142857144,19.0,-0.02442061138003538,-0.05449967744030823,3.1190476190476204,1.655555555555556,0.5051587301587324,2.7777777777777777,2.333333333333333,7.444444444444445
남원시,2018-01-22,1.0880461531516357,12,9.6,0.0,7,4,9.9,0.0,9.785714285714286,0.0,0.08438356771017638,-0.0006773763388852327,-1.169841269841271,-0.983333333333329,-1.1595238095238098,0.0,0.0,0.0
남원시,2018-01-29,0.9710875126922207,13,10.785714285714286,0.0,7,5,10.192857142857143,0.0,9.992857142857144,0.0,-0.029338688395387225,-0.10838344469986233,0.155555555555555,-0.5071428571428527,-0.7980158730158724,0.0,0.0,0.0
남원시,2018-02-05,1.0076028234312349,14,12.771428571428572,0.0,7,6,11.778571428571428,0.0,10.839285714285715,0.0,0.007574067627400897,-0.09713846228903461,0.7444444444444471,0.45000000000000284,-0.2666666666666657,0.0,0.0,0.0
남원시,2018-02-12,0.9714015208595032,11,12.914285714285715,0.0,7,7,12.842857142857143,0.0,11.517857142857142,0.0,-0.029015383435005062,-0.13855027730228855,0.7587301587301578,0.7515873015873051,0.12222222222222179,0.0,0.0,0.0
남원시,2018-02-19,1.0104568181899616,13,14.114285714285714,0.0,7,8,13.514285714285714,0.0,12.646428571428572,0.0,0.010402523836094538,-0.07627810741421977,2.0238095238095237,1.3912698412698443,0.9206349206349209,0.0,0.0,0.0
남원시,2018-02-26,1.1470928701551435,11,14.62857142857143,0.0,7,9,14.371428571428572,0.0,13.607142857142858,0.0,0.1372308027467077,0.047892823170089235,1.2936507936507944,1.6587301587301635,1.2051587301587325,0.0,0.0,0.0
남원시,2018-03-05,1.0279773723483907,14,10.785714285714286,0.0,7,10,12.707142857142859,0.0,13.110714285714286,0.0,0.027593155456470106,-0.01814314378200526,-1.985714285714284,-0.34603174603174125,0.5226190476190471,0.0,0.0,0.0
남원시,2018-03-12,1.0278394334733945,12,13.799999999999999,0.0,7,11,12.292857142857143,0.0,13.332142857142856,0.0,0.027458961714291696,-0.038065083081239875,0.2936507936507926,-0.8460317460317412,0.4063492063492049,0.0,0.0,0.0
남원시,2018-03-19,0.9708312766012512,11,11.814285714285715,0.0,7,12,12.807142857142857,0.0,12.757142857142856,0.0,-0.029602588300851135,-0.07216425433977469,-2.276190476190475,-0.9912698412698386,-0.6686507936507944,0.0,0.0,0.0
남원시,2018-03-26,1.0812904274419326,11,16.32857142857143,0.0,7,13,14.071428571428573,0.0,13.182142857142857,0.0,0.07815516810665231,-0.013609271490325023,1.374603174603175,-0.45079365079364564,-0.6484126984126988,0.0,0.0,0.0
남원시,2018-04-02,0.9809755043764813,14,10.457142857142857,0.0,7,14,13.392857142857142,0.0,13.1,0.0,-0.01920778978308623,-0.07089865920597604,-4.187301587301585,-1.4063492063492014,-1.1988095238095244,0.0,0.0,0.0
남원시,2018-04-09,1.0395612137606145,13,12.814285714285715,0.0,7,15,11.635714285714286,0.0,12.853571428571428,0.0,0.03879871427871707,0.0024660966658607703,-1.1126984126984123,-2.649999999999995,-1.5503968253968274,0.0,0.0,0.0
남원시,2018-04-16,0.9842178398873671,14,17.685714285714287,0.0,7,16,15.25,0.0,14.321428571428573,0.0,-0.015908024431905587,-0.07864974853210827,3.457142857142859,1.172222222222226,-0.11706349206349209,0.0,0.0,0.0
남원시,2018-04-23,1.0690505119664646,13,13.257142857142856,0.0,7,17,15.471428571428572,0.0,13.553571428571429,0.0,0.06677088253225938,-0.007480351942375951,0.723809523809523,2.0904761904761955,-0.2797619047619051,0.0,0.0,0.0
남원시,2018-04-30,1.072343788372596,11,12.657142857142857,0.0,7,18,12.957142857142859,0.0,14.10357142857143,0.0,0.06984670934472828,0.00737754499833209,-1.0047619047619047,-0.14047619047618554,0.5158730158730176,0.0,0.0,0.0
남원시,2018-05-07,1.1170210416654631,17,10.057142857142859,0.0,7,19,11.35714285714286,0.0,13.414285714285715,0.0,0.11066535756895958,0.07357206367537099,-2.894708994708992,-1.949735449735444,0.0703703703703713,0.0,0.0,0.0
남원시,2018-05-14,0.9637390180429523,14,9.22857142857143,0.0,7,20,9.642857142857146,0.0,11.3,0.0,-0.0369347491962897,-0.053480841586670685,-4.086243386243385,-3.4904761904761834,-1.8154761904761898,0.0,0.0,0.0
남원시,2018-05-21,1.0859933093054968,13,14.828571428571427,0.0,7,21,12.02857142857143,0.0,11.692857142857143,0.0,0.08249506063226529,0.044854578835699675,1.7031746031746007,-1.1915343915343861,-1.5706349206349195,0.0,0.0,0.0
남원시,2018-05-28,1.0351665453340013,16,13.5,0.0,7,22,14.164285714285715,0.0,11.903571428571428,0.0,0.03456232713835022,-0.005840187562612897,0.8333333333333339,1.2682539682539709,-1.1111111111111107,0.0,0.0,0.0
남원시,2018-06-04,1.0454471515132053,15,11.37142857142857,0.0,7,23,12.435714285714287,0.0,12.232142857142858,0.0,0.04444469008019415,-0.011823338101007858,-0.631746031746033,0.10079365079365665,-0.545370370370371,0.0,0.0,0.0
남원시,2018-06-11,0.9656955148484281,20,10.299999999999999,0.0,7,24,10.835714285714285,0.0,12.5,0.0,-0.03490669647647778,-0.0831191773693071,-0.6380952380952394,-0.6349206349206291,0.31666666666666643,0.0,0.0,0.0
남원시,2018-06-18,1.0144787257252148,18,12.471428571428573,0.0,7,25,11.385714285714288,0.0,11.910714285714285,0.0,0.014374909857067733,-0.04223873140920902,1.9222222222222243,0.6420634920634978,0.3714285714285701,0.0,0.0,0.0
남원시,2018-06-25,1.0494563311860339,18,8.028571428571427,0.0,7,26,10.250000000000002,0.0,10.542857142857143,0.0,0.04827225025234513,-0.026752236704574224,-0.7079365079365108,0.607142857142863,-0.013888888888889284,-0.3333333333333333,-0.3333333333333333,-0.3333333333333333
남원시,2018-07-02,0.9496310349055902,16,6.185714285714286,0.0,7,27,7.107142857142858,0.0,9.246428571428572,0.0,-0.05168175413817564,-0.13174152136136555,-1.7904761904761894,-1.2492063492063448,-0.3035714285714288,-0.2222222222222222,-0.5555555555555556,-0.5555555555555556
남원시,2018-07-09,1.0225364605730523,24,8.571428571428571,1.0,7,28,7.378571428571431,1.0,8.814285714285715,1.0,0.022286266561232834,-0.07758064648459752,0.6746031746031749,-0.5579365079365015,0.024603174603175404,0.33333333333333337,0.11111111111111116,-0.22222222222222232
남원시,2018-07-16,1.0549753733144365,20,11.385714285714286,0.0,7,29,9.978571428571431,1.0,8.542857142857143,1.0,0.053517423825663685,-0.05045340904455996,3.4333333333333336,2.05396825396826,0.4023809523809536,-0.6666666666666666,-0.33333333333333326,-0.8888888888888888
남원시,2018-07-23,1.1383933373881456,20,11.77142857142857,2.0,7,30,11.57857142857143,2.0,9.47857142857143,3.0,0.12961791516582524,0.049536817813549405,2.9126984126984112,3.1730158730158777,1.3075396825396837,0.7777777777777777,0.11111111111111116,0.22222222222222232
남원시,2018-07-30,1.1172783081326425,21,11.27142857142857,1.0,7,31,11.521428571428572,3.0,10.75,4.0,0.11089564584106563,0.02405239953731164,1.3730158730158717,2.1428571428571477,2.098412698412698,0.0,0.7777777777777777,0.44444444444444464
남원시,2018-08-06,1.019406653401298,21,10.385714285714286,0.0,7,32,10.82857142857143,1.0,11.20357142857143,3.0,0.019220745684237324,-0.06770062066997037,1.738095238095239,1.555555555555559,2.3642857142857157,-1.5555555555555556,-1.5555555555555554,-1.4444444444444446
남원시,2018-08-13,1.0299931970894012,17,11.185714285714285,0.0,7,33,10.785714285714288,0.0,11.153571428571428,3.0,0.029552197452161158,-0.06633935574374254,1.8660714285714288,1.9625000000000057,2.0999999999999996,-0.375,-1.5,-0.375
남원시,2018-08-20,1.0908080474741868,19,7.928571428571429,0.0,7,34,9.557142857142859,0.0,10.192857142857143,1.0,0.08691874955117894,0.010437961932224807,-1.1107142857142858,0.37767857142857686,1.0892857142857153,-0.25,-0.625,-1.75
남원시,2018-08-27,1.0755427047325685,15,6.0,0.0,7,35,6.964285714285716,0.0,8.875,0.0,0.07282537580166391,-0.009403381128462021,-1.7178571428571434,-1.4142857142857084,0.27410714285714377,-0.25,-0.5,-2.0
남원시,2018-09-03,0.9655066800900236,17,10.057142857142859,0.0,7,36,8.028571428571432,0.0,8.792857142857143,0.0,-0.03510225834928553,-0.08296882046086117,1.264285714285716,-0.22678571428570748,0.07544642857142847,0.0,-0.25,-0.875
남원시,2018-09-10,0.9401677171721442,24,8.028571428571428,0.0,7,37,9.042857142857144,0.0,8.00357142857143,0.0,-0.06169699710993518,-0.14504623298429353,0.2303571428571427,0.7473214285714338,-0.3334821428571413,0.0,0.0,-0.5
남원시,2018-09-17,1.0644479383095897,21,9.671428571428573,0.0,7,38,8.850000000000001,0.0,8.439285714285715,0.0,0.06245629697793825,-0.021789089560857386,0.22678571428571637,0.22857142857143486,0.0008928571428583609,-0.125,-0.125,-0.375
남원시,2018-09-24,1.0279746926503968,19,11.742857142857144,0.0,7,39,10.707142857142859,0.0,9.875,0.0,0.027590548685583208,-0.04525646882958566,1.2732142857142854,0.7500000000000053,0.7486607142857142,0.0,-0.125,-0.125
남원시,2018-10-01,1.0775698592998075,19,11.042857142857143,0.0,7,40,11.392857142857146,0.0,10.121428571428572,0.0,0.07470837551108361,-0.018213345557814148,1.0696428571428562,1.171428571428578,0.7000000000000011,0.0,0.0,-0.125
남원시,2018-10-08,0.9664206741479701,20,13.071428571428571,0.0,7,41,12.057142857142859,0.0,11.382142857142856,0.0,-0.034156059079284505,-0.08078338925217277,1.7767857142857135,1.423214285714291,1.086607142857142,0.0,0.0,-0.125
남원시,2018-10-15,1.0157376143000703,18,14.9,0.0,7,42,13.985714285714288,0.0,12.689285714285715,0.0,0.015615062161412785,-0.035060452787435206,2.7892857142857146,2.2830357142857203,1.727232142857142,0.0,0.0,0.0
남원시,2018-10-22,1.0389871569614806,19,12.357142857142858,0.0,7,43,13.62857142857143,0.0,12.842857142857143,0.0,0.038246351079654135,-0.01514446525090489,-0.5928571428571416,1.0982142857142918,1.2607142857142861,0.0,0.0,0.0
남원시,2018-10-29,1.0568541884339908,19,15.271428571428572,0.0,7,44,13.814285714285717,0.0,13.9,0.0,0.05529674887090313,0.0007845142174633876,1.4375,0.4223214285714345,1.3526785714285712,0.0,0.0,0.0
남원시,2018-11-05,1.021790410447619,19,11.957142857142857,0.0,7,45,13.614285714285717,0.0,13.62142857142857,0.0,0.02155639291027391,-0.023662993470707414,-1.2982142857142858,0.06964285714286333,0.5839285714285705,0.0,0.0,0.0
남원시,2018-11-12,1.0410483932551318,16,12.528571428571428,0.0,7,46,12.242857142857144,0.0,13.028571428571428,0.0,0.040228275829115506,-0.008026757368732172,-0.8982142857142872,-1.0982142857142811,-0.33794642857142776,0.0,0.0,0.0
남원시,2018-11-19,1.0039911514748425,16,12.057142857142859,0.0,7,47,12.292857142857144,0.0,12.95357142857143,0.0,0.003983207958631144,-0.031347994031739664,-0.4339285714285701,-0.6660714285714224,-0.29821428571428577,0.0,0.0,0.0
남원시,2018-11-26,1.0494932185319144,16,15.200000000000001,0.0,7,48,13.628571428571432,0.0,12.935714285714287,0.0,0.04830739863967938,-0.002450009972822964,4.450000000000001,2.0080357142857217,0.45491071428571495,0.0,0.0,0.0
남원시,2018-12-03,1.1091929023579348,17,8.114285714285714,0.0,7,49,11.657142857142858,0.0,11.975000000000001,0.0,0.1036326358550739,0.03141654789015802,-3.4232142857142858,0.513392857142863,-0.07633928571428505,0.0,0.0,0.0
남원시,2018-12-10,1.0766073982444082,13,10.642857142857142,0.0,7,50,9.37857142857143,0.0,11.50357142857143,0.0,0.07381479898104576,-0.015226837306933014,0.08928571428571352,-1.6669642857142808,0.170535714285716,0.0,0.0,0.0
남원시,2018-12-17,1.122734441076327,13,12.557142857142855,0.0,7,51,11.600000000000001,0.0,11.628571428571428,0.0,0.1157671750195729,-0.009512676873766668,2.0678571428571413,1.0785714285714345,0.7959821428571416,0.0,0.0,0.0
남원시,2018-12-24,1.1099948750303523,14,9.742857142857144,0.0,7,52,11.150000000000002,0.0,10.264285714285714,0.0,0.10435539822381129,-0.00467127741497797,-0.6428571428571423,0.7125000000000057,-0.47723214285714377,0.0,0.0,0.0
남원시,2018-12-31,1.1230121333404128,10,12.9,0.0,7,1,11.321428571428573,0.0,11.460714285714285,0.0,0.11601448009723808,0.04080515900538745,1.4910714285714288,0.48660714285714946,0.8071428571428569,0.0,0.0,0.0
남원시,2019-01-07,1.0965259313178686,12,11.2,0.0,7,2,12.05,0.0,11.600000000000001,0.0,0.09214693776887131,1.1611597686297936e-05,0.26071428571428434,0.8758928571428619,0.7834821428571441,0.0,0.0,0.0
남원시,2019-01-14,1.07358591412126,14,11.757142857142856,0.0,7,3,11.47857142857143,0.0,11.4,0.0,0.07100436691938447,-0.013350419355703136,0.6607142857142847,0.46071428571429074,0.47366071428571566,0.0,0.0,0.0
남원시,2019-01-21,1.0824395810903933,12,14.142857142857142,0.0,7,4,12.950000000000001,0.0,12.5,0.0,0.07921736510163296,-0.0058435789474286515,3.3730158730158717,2.0666666666666718,1.5547619047619037,0.0,0.0,0.0
남원시,2019-01-28,1.1266606098651821,14,12.571428571428571,0.0,7,5,13.357142857142858,0.0,12.417857142857143,0.0,0.11925804495306193,0.04021328864858682,1.9412698412698397,2.657142857142862,1.6269841269841265,0.0,0.0,0.0
남원시,2019-02-04,1.0992812338861804,11,11.257142857142856,0.0,7,6,11.914285714285715,0.0,12.432142857142857,0.0,0.09465654249015552,-0.010055987426279986,-0.7698412698412689,0.585714285714289,1.326190476190476,0.0,0.0,0.0
남원시,2019-02-11,1.059181898255084,15,10.257142857142856,0.0,7,7,10.757142857142858,0.0,12.057142857142857,0.0,0.0574968160386002,-0.05203807782868329,-1.8984126984127005,-1.3341269841269803,0.6615079365079364,0.0,0.0,0.0
남원시,2019-02-18,1.051222880912141,11,12.200000000000001,0.0,7,8,11.228571428571431,0.0,11.571428571428573,0.0,0.04995413498025446,-0.03672649627005985,0.10952380952381091,-0.8944444444444386,-0.15436507936507837,0.0,0.0,0.0
남원시,2019-02-25,1.0962467658751147,12,14.171428571428574,0.0,7,9,13.18571428571429,0.0,11.971428571428572,0.0,0.091892314528971,0.0025543349523525216,0.8365079365079389,0.473015873015882,-0.4305555555555536,0.0,0.0,0.0
남원시,2019-03-04,1.035246990143279,11,14.257142857142856,0.0,7,10,14.214285714285717,0.0,12.721428571428572,0.0,0.034640036067450364,-0.011096263171025002,1.4857142857142858,1.1611111111111168,0.13333333333333286,0.0,0.0,0.0
남원시,2019-03-11,1.0083797142022146,12,12.228571428571428,0.0,7,11,13.242857142857144,0.0,13.214285714285715,0.0,0.00834479931275528,-0.057179245482776295,-1.2777777777777786,0.10396825396825982,0.2884920634920647,0.0,0.0,0.0
남원시,2019-03-18,0.9788149741306283,12,14.185714285714285,0.0,7,12,13.207142857142859,0.0,13.710714285714285,0.0,-0.021412649072704067,-0.06397431511162763,0.0952380952380949,-0.5912698412698365,0.2849206349206348,0.0,0.0,0.0
남원시,2019-03-25,1.0557929726737822,12,15.1,0.0,7,13,14.642857142857144,0.0,13.942857142857143,0.0,0.05429211745965714,-0.03747232213732019,0.1460317460317455,0.12063492063492554,0.11230158730158735,0.0,0.0,0.0
남원시,2019-04-01,1.0009158962580909,14,17.457142857142856,0.0,7,14,16.27857142857143,0.0,14.742857142857144,0.0,0.0009154770810419959,-0.05077539234184782,2.8126984126984134,1.4793650793650848,0.4440476190476197,0.0,0.0,0.0
남원시,2019-04-08,0.9925624704446928,12,11.828571428571427,0.0,7,15,14.642857142857142,0.0,14.642857142857142,0.0,-0.007465325888044066,-0.04379794350090036,-2.0984126984127,0.3571428571428612,0.23888888888888715,0.0,0.0,0.0
남원시,2019-04-15,1.0296535206567825,14,15.857142857142858,0.0,7,16,13.842857142857142,0.0,15.060714285714285,0.0,0.029222357938645038,-0.03351936616155764,1.62857142857143,-0.2349206349206323,0.62222222222222,0.0,0.0,0.0
남원시,2019-04-22,1.0485977947439078,13,8.557142857142857,0.0,7,17,12.207142857142857,0.0,13.424999999999999,0.0,0.047453838106122664,-0.026797396368512666,-3.9761904761904763,-1.1738095238095188,-0.408333333333335,0.0,0.0,0.0
남원시,2019-04-29,0.9792887833069783,15,15.200000000000001,0.0,7,18,11.87857142857143,0.0,12.860714285714288,0.0,-0.020928702107383523,-0.08339786645377971,1.5380952380952397,-1.2190476190476147,-0.7269841269841244,0.0,0.0,0.0
남원시,2019-05-06,0.9195092057396257,15,18.057142857142857,0.0,7,19,16.62857142857143,0.0,14.417857142857144,0.0,-0.08391522330802387,-0.12100851720161246,5.105291005291006,3.3216931216931265,1.0739417989418012,0.0,0.0,0.0
남원시,2019-05-13,0.978018630104565,15,12.1,0.0,7,20,15.07857142857143,0.0,13.478571428571428,0.0,-0.022226559942081368,-0.03877265233246235,-1.2148148148148152,1.9452380952380999,0.36309523809523725,0.0,0.0,0.0
남원시,2019-05-20,0.9546264883109139,14,17.114285714285717,0.0,7,21,14.607142857142858,0.0,15.617857142857144,0.0,-0.046435126721863076,-0.08407560851842868,3.9888888888888907,1.3870370370370413,2.354365079365081,0.0,0.0,0.0
남원시,2019-05-27,0.9817501536387878,17,13.985714285714286,0.0,7,22,15.55,0.0,15.314285714285715,0.0,-0.018418429029212046,-0.05882094373017516,1.3190476190476197,2.653968253968257,2.2996031746031758,0.0,0.0,0.0
남원시,2019-06-03,0.9912691476760872,13,13.0,0.0,7,23,13.492857142857144,0.0,14.05,0.0,-0.00876918952245671,-0.06503721770365872,0.9968253968253968,1.1579365079365136,1.272486772486772,0.0,0.0,0.0
남원시,2019-06-10,0.9684280004232234,14,9.285714285714286,0.0,7,24,11.142857142857142,0.0,13.346428571428573,0.0,-0.032081140227168396,-0.08029362111999772,-1.6523809523809518,-0.3277777777777722,1.1630952380952397,0.0,0.0,0.0
남원시,2019-06-17,1.000029906187563,17,10.9,0.0,7,25,10.092857142857143,0.0,11.792857142857143,0.0,2.9905740381932994e-05,-0.056583735525894824,0.3507936507936513,-0.6507936507936467,0.2535714285714281,0.0,0.0,0.0
남원시,2019-06-24,0.9644983101917818,16,8.371428571428572,0.0,7,26,9.635714285714286,0.0,10.389285714285714,0.0,-0.03614719864226152,-0.11117168559918086,-0.36507936507936556,-0.007142857142852677,-0.16746031746031775,-0.3333333333333333,-0.3333333333333333,-0.3333333333333333
남원시,2019-07-01,1.0264842738705087,20,10.485714285714286,0.0,7,27,9.428571428571429,0.0,9.760714285714286,0.0,0.0261396372138645,-0.05392013000932541,2.5095238095238104,1.0722222222222264,0.2107142857142854,-0.2222222222222222,-0.5555555555555556,-0.5555555555555556
남원시,2019-07-08,1.0236884973544558,20,6.900000000000001,0.0,7,28,8.692857142857143,0.0,9.164285714285715,0.0,0.023412278536272875,-0.07645463450955747,-0.9968253968253951,0.7563492063492108,0.37460317460317505,-0.6666666666666666,-0.8888888888888888,-1.2222222222222223
남원시,2019-07-15,1.1222618483203501,19,7.342857142857142,0.0,7,29,7.121428571428572,0.0,8.275,0.0,0.11534615627206786,0.011375323401844217,-0.6095238095238109,-0.8031746031745994,0.13452380952381127,-0.6666666666666666,-1.3333333333333333,-1.8888888888888888
남원시,2019-07-22,0.9681102716984484,16,6.285714285714286,0.0,7,30,6.814285714285713,0.0,7.753571428571428,0.0,-0.03240928114976206,-0.1124903785020379,-2.5730158730158736,-1.5912698412698383,-0.41746031746031775,-1.2222222222222223,-1.8888888888888888,-2.7777777777777777
남원시,2019-07-29,1.0659511821464747,19,10.485714285714286,1.0,7,31,8.385714285714286,1.0,7.753571428571428,1.0,0.06386752933523343,-0.022975716968520563,0.587301587301587,-0.9928571428571384,-0.8980158730158738,0.0,-1.2222222222222223,-2.5555555555555554
남원시,2019-08-05,1.0882442401464019,24,9.457142857142857,1.0,7,32,9.971428571428572,2.0,8.392857142857142,2.0,0.08456560866934547,-0.0023557576848622364,0.8095238095238102,0.6984126984127013,-0.4464285714285712,-0.5555555555555556,-0.5555555555555554,-2.4444444444444446
남원시,2019-08-12,1.1277011682228033,23,8.557142857142859,1.0,7,33,9.007142857142858,2.0,8.696428571428573,3.0,0.1201811961895963,0.0242896429936926,-0.7624999999999975,0.18392857142857544,-0.3571428571428559,0.625,0.5,-0.375
남원시,2019-08-19,0.9971188423272086,19,9.157142857142857,0.0,7,34,8.857142857142858,1.0,9.414285714285715,3.0,-0.0028853161970559464,-0.07936610381601007,0.117857142857142,-0.3223214285714242,0.31071428571428683,-0.25,0.375,0.25
남원시,2019-08-26,1.0586717195825082,21,7.7285714285714295,0.0,7,35,8.442857142857143,0.0,8.725000000000001,2.0,0.057015027610781165,-0.02521372931934477,0.01071428571428612,0.0642857142857185,0.12410714285714519,-0.25,-0.5,0.0
남원시,2019-09-02,1.0862559474639548,17,6.342857142857143,0.0,7,36,7.0357142857142865,0.0,7.946428571428573,1.0,0.0827368728082109,0.034870310696635265,-2.4499999999999993,-1.219642857142853,-0.7709821428571413,0.0,-0.25,0.125
남원시,2019-09-09,1.0948618200281284,15,8.842857142857143,0.0,7,37,7.592857142857143,0.0,8.017857142857142,0.0,0.0906281635504808,0.00727892767612244,1.0446428571428577,-0.7026785714285673,-0.3191964285714288,0.0,0.0,-0.5
남원시,2019-09-16,1.0879427993854685,17,9.614285714285714,0.0,7,38,9.228571428571428,0.0,8.132142857142856,0.0,0.0842885729574462,4.318641865055928e-05,0.16964285714285765,0.6071428571428612,-0.30625000000000036,-0.125,-0.125,-0.375
남원시,2019-09-23,1.0520003883965197,18,11.62857142857143,0.0,7,39,10.621428571428572,0.0,9.107142857142858,0.0,0.05069348351366257,-0.022153534001506298,1.1589285714285715,0.6642857142857181,-0.019196428571428115,0.0,-0.125,-0.125
남원시,2019-09-30,1.0750808539820575,19,6.6571428571428575,0.0,7,40,9.142857142857144,0.0,9.185714285714287,0.0,0.07239587175783492,-0.02052584931106284,-3.316071428571429,-1.0785714285714239,-0.235714285714284,0.0,0.0,-0.125
남원시,2019-10-07,1.0353203588934605,17,12.5,0.0,7,41,9.57857142857143,0.0,10.100000000000001,0.0,0.03471090432512509,-0.011916425847763167,1.2053571428571423,-1.0553571428571384,-0.1955357142857128,0.0,0.0,-0.125
남원시,2019-10-14,1.030512199425305,16,11.671428571428573,0.0,7,42,12.085714285714285,0.0,10.614285714285716,0.0,0.03005595963376729,-0.020619555315080702,-0.43928571428571317,0.38303571428571814,-0.3477678571428573,0.0,0.0,0.0
남원시,2019-10-21,1.0482658499766797,17,10.842857142857143,0.0,7,43,11.257142857142858,0.0,10.417857142857144,0.0,0.04713722737100237,-0.006253588959556654,-2.107142857142856,-1.27321428571428,-1.1642857142857128,0.0,0.0,0.0
남원시,2019-10-28,1.0202072265797073,20,14.12857142857143,0.0,7,44,12.485714285714288,0.0,12.285714285714286,0.0,0.020005769974747067,-0.03450646467869267,0.29464285714285765,-0.9062499999999947,-0.2616071428571427,0.0,0.0,0.0
남원시,2019-11-04,1.0560188074715156,18,15.385714285714286,0.0,7,45,14.757142857142858,0.0,13.007142857142858,0.0,0.05450599523107353,0.009286608850092207,2.130357142857143,1.212500000000004,-0.03035714285714164,0.0,0.0,0.0
남원시,2019-11-11,0.9871609824582135,14,12.785714285714286,0.0,7,46,14.085714285714285,0.0,13.285714285714286,0.0,-0.012922150053927583,-0.06117718325177526,-0.6410714285714292,0.7446428571428605,-0.08080357142856975,0.0,0.0,0.0
남원시,2019-11-18,0.9585792278407133,13,14.428571428571429,0.0,7,47,13.607142857142858,0.0,14.182142857142857,0.0,-0.04230306175832608,-0.07763426374869689,1.9375,0.6482142857142907,0.930357142857142,0.0,0.0,0.0
남원시,2019-11-25,0.9465115326440069,14,11.471428571428572,0.0,7,48,12.95,0.0,13.517857142857142,0.0,-0.05497212389139911,-0.10572953250390146,0.7214285714285715,1.3294642857142893,1.0370535714285705,0.0,0.0,0.0
남원시,2019-12-02,0.9698290278047594,13,10.614285714285714,0.0,7,49,11.042857142857143,0.0,12.325,0.0,-0.030635483015420413,-0.10285157098033629,-0.9232142857142858,-0.10089285714285268,0.2736607142857128,0.0,0.0,0.0
남원시,2019-12-09,1.0995411753188271,10,13.714285714285714,0.0,7,50,12.164285714285715,0.0,12.557142857142857,0.0,0.09489297944183428,0.005851343153855507,3.1607142857142847,1.118750000000004,1.224107142857143,0.0,0.0,0.0
남원시,2019-12-16,1.1288400449019442,13,9.414285714285715,0.0,7,51,11.564285714285713,0.0,11.303571428571429,0.0,0.12119059656678946,-0.004089255326550106,-1.0749999999999993,1.0428571428571463,0.47098214285714235,0.0,0.0,0.0
남원시,2019-12-23,1.0814532202892722,11,11.457142857142857,0.0,7,52,10.435714285714287,0.0,11.3,0.0,0.07830571100415916,-0.030720964634630102,1.0714285714285712,-0.0017857142857096164,0.5584821428571427,0.0,0.0,0.0
남원시,2019-12-30,0.998442674256186,10,11.842857142857143,0.0,7,1,11.65,0.0,11.607142857142858,0.0,-0.0015585396359975164,-0.07676786072784815,0.4339285714285719,0.8151785714285769,0.9535714285714292,0.0,0.0,0.0
남원시,2020-01-06,1.0422272543427205,9,9.014285714285714,0.0,7,2,10.428571428571429,0.0,10.432142857142857,0.0,0.041360013930863894,-0.05077531224032112,-1.9250000000000007,-0.74553571428571,-0.38437500000000036,0.0,0.0,0.0
남원시,2020-01-13,1.0287226027860585,12,10.271428571428572,0.0,7,3,9.642857142857142,0.0,10.646428571428572,0.0,0.028317841097829595,-0.05603694517725801,-0.8249999999999993,-1.3749999999999964,-0.27991071428571246,0.0,0.0,0.0
남원시,2020-01-20,1.0747478986269965,12,9.614285714285714,0.0,7,4,9.942857142857143,0.0,10.185714285714287,0.0,0.07208612117205537,-0.012974822877006242,-1.1555555555555568,-0.9404761904761862,-0.7595238095238095,0.0,0.0,0.0
남원시,2020-01-27,1.0382708615613492,10,8.042857142857143,0.0,7,5,8.82857142857143,0.0,9.235714285714286,0.0,0.03755669633081233,-0.041488059973662776,-2.5873015873015888,-1.8714285714285666,-1.5551587301587304,0.0,0.0,0.0
남원시,2020-02-03,1.158684432746242,10,11.342857142857143,0.0,7,6,9.692857142857143,0.0,9.817857142857143,0.0,0.14728525182770383,0.04257272191126832,-0.6841269841269817,-1.6357142857142826,-1.288095238095238,0.0,0.0,0.0
남원시,2020-02-10,1.0996437841477433,12,12.571428571428571,0.0,7,7,11.957142857142857,0.0,10.392857142857142,0.0,0.09498629476626752,-0.014548599101015969,0.4158730158730144,-0.13412698412698099,-1.0027777777777782,0.0,0.0,0.0
남원시,2020-02-17,1.0641878830572375,11,11.914285714285715,0.0,7,8,12.242857142857144,0.0,10.967857142857143,0.0,0.06221195715143002,-0.024468674098884285,-0.17619047619047556,0.11984126984127386,-0.7579365079365079,0.0,0.0,0.0
남원시,2020-02-24,1.0043274260139146,12,10.3,0.0,7,9,11.107142857142858,0.0,11.532142857142857,0.0,0.004318089631274102,-0.08501988994534437,-3.034920634920635,-1.6055555555555507,-0.8698412698412685,0.0,0.0,0.0
남원시,2020-03-02,1.0208075742263898,12,11.928571428571429,0.0,7,10,11.114285714285714,0.0,11.678571428571429,0.0,0.020594053473484343,-0.025142245764991022,-0.8428571428571416,-1.9388888888888864,-0.9095238095238098,0.0,0.0,0.0
남원시,2020-03-09,1.0589712579811967,14,12.557142857142859,0.0,7,11,12.242857142857144,0.0,11.675,0.0,0.057297925534425385,-0.00822611926110619,-0.9492063492063476,-0.8960317460317402,-1.25079365079365,0.0,0.0,0.0
남원시,2020-03-16,1.079606833203644,12,17.428571428571427,0.0,7,12,14.992857142857144,0.0,13.053571428571429,0.0,0.07659693152630964,0.03403526548738608,3.338095238095237,1.1944444444444482,-0.3722222222222218,0.0,0.0,0.0
남원시,2020-03-23,1.0107157669479494,13,14.071428571428571,0.0,7,13,15.75,0.0,13.996428571428572,0.0,0.01065876000445417,-0.08110567959252316,-0.882539682539683,1.2277777777777814,0.16587301587301617,0.0,0.0,0.0
남원시,2020-03-30,1.0192017432447742,14,17.02857142857143,0.0,7,14,15.549999999999997,0.0,15.271428571428572,0.0,0.019019716239297334,-0.03267115318359248,2.3841269841269863,0.7507936507936535,0.9726190476190482,0.0,0.0,0.0
남원시,2020-04-06,1.051035310973155,14,13.428571428571429,0.0,7,15,15.228571428571428,0.0,15.489285714285716,0.0,0.049775688831053856,0.013443071218197558,-0.4984126984126984,0.9428571428571466,1.0853174603174605,0.0,0.0,0.0
남원시,2020-04-13,1.0655366763332892,13,13.957142857142857,0.0,7,16,13.69285714285714,0.0,14.621428571428572,0.0,0.06347859367532652,0.0007368695751238385,-0.27142857142857046,-0.38492063492063444,0.18293650793650684,0.0,0.0,0.0
남원시,2020-04-20,1.084000076472877,14,13.385714285714286,0.0,7,17,13.671428571428567,0.0,14.450000000000001,0.0,0.08065797356438648,0.006406739089751146,0.8523809523809529,0.2904761904761912,0.6166666666666671,0.0,0.0,0.0
남원시,2020-04-27,1.0263696503211623,14,14.728571428571428,0.0,7,18,14.057142857142853,0.0,13.875,0.0,0.026027964826351023,-0.03644119952004517,1.0666666666666664,0.9595238095238088,0.28730158730158806,0.0,0.0,0.0
남원시,2020-05-04,0.980506247789877,14,11.385714285714284,0.0,7,19,13.057142857142853,0.0,13.364285714285714,0.0,-0.019686261321287805,-0.0567795552148764,-1.5661375661375665,-0.24973544973545003,0.020370370370370594,0.0,0.0,0.0
남원시,2020-05-11,1.0032900245248106,12,12.885714285714286,0.0,7,20,12.135714285714283,0.0,13.096428571428572,0.0,0.0032846242356045674,-0.013261468154776412,-0.42910052910052876,-0.9976190476190467,-0.01904761904761898,0.0,0.0,0.0
남원시,2020-05-18,0.9694872466323747,14,11.242857142857144,0.0,7,21,12.064285714285711,0.0,12.560714285714285,0.0,-0.030987958968340938,-0.06862844076490655,-1.882539682539683,-1.155820105820105,-0.7027777777777775,0.0,0.0,0.0
남원시,2020-05-25,0.9970176474045733,15,11.92857142857143,0.0,7,22,11.585714285714284,0.0,11.860714285714286,0.0,-0.0029868086708592302,-0.043389323371822344,-0.7380952380952355,-1.31031746031746,-1.1539682539682534,0.0,0.0,0.0
남원시,2020-06-01,1.04523230406712,19,12.471428571428572,0.0,7,23,12.199999999999998,0.0,12.132142857142858,0.0,0.044239161254368574,-0.012028866926833436,0.46825396825396837,-0.13492063492063266,-0.6453703703703706,0.0,0.0,0.0
남원시,2020-06-08,1.01521612357881,15,10.714285714285714,0.0,7,24,11.592857142857138,0.0,11.589285714285715,0.0,0.015101519461749105,-0.03311096143108021,-0.2238095238095248,0.12222222222222356,-0.5940476190476183,0.0,0.0,0.0
남원시,2020-06-15,1.0084465134751528,18,10.342857142857143,0.0,7,25,10.528571428571425,0.0,11.364285714285716,0.0,0.008411041284468958,-0.0482025999818078,-0.20634920634920562,-0.2150793650793652,-0.17499999999999893,0.0,0.0,0.0
남원시,2020-06-22,1.086787123990937,18,9.471428571428572,0.0,7,26,9.907142857142855,0.0,10.75,0.0,0.08322575086547455,0.008201263908555204,0.7349206349206341,0.264285714285716,0.193253968253968,-0.3333333333333333,-0.3333333333333333,-0.3333333333333333
남원시,2020-06-29,1.082497744327929,16,6.785714285714286,0.0,7,27,8.128571428571425,0.0,9.328571428571427,0.0,0.07927109713060831,-0.0007886700925816004,-1.1904761904761898,-0.22777777777777786,-0.2214285714285733,-0.2222222222222222,-0.5555555555555556,-0.5555555555555556
남원시,2020-07-06,1.0229313510566513,17,7.828571428571428,0.0,7,28,7.307142857142853,0.0,8.607142857142858,0.0,0.02267237920134367,-0.07719453384448668,-0.06825396825396801,-0.6293650793650789,-0.1825396825396819,-0.6666666666666666,-0.8888888888888888,-1.2222222222222223
남원시,2020-07-13,0.9532222553015492,18,6.757142857142857,0.0,7,29,7.292857142857139,0.0,7.710714285714286,0.0,-0.047907186042752424,-0.15187801891297606,-1.1952380952380954,-0.6317460317460322,-0.4297619047619028,-0.6666666666666666,-1.3333333333333333,-1.8888888888888888
남원시,2020-07-20,1.0401291126003076,16,5.385714285714286,0.0,7,30,6.071428571428568,0.0,6.689285714285715,0.0,0.03934485217877862,-0.040736245173497214,-3.473015873015873,-2.334126984126984,-1.481746031746031,-1.2222222222222223,-1.8888888888888888,-2.7777777777777777
남원시,2020-07-27,0.9743276760916357,16,6.157142857142857,0.0,7,31,5.771428571428568,0.0,6.532142857142857,0.0,-0.02600760882513293,-0.11285085512888693,-3.741269841269842,-3.6071428571428568,-2.1194444444444454,-1.0,-2.2222222222222223,-3.5555555555555554
남원시,2020-08-03,1.0712714734038746,15,5.114285714285716,2.0,7,32,5.635714285714283,2.0,5.853571428571429,2.0,0.06884623591343086,-0.01807513044077684,-3.5333333333333314,-3.6373015873015877,-2.985714285714285,0.4444444444444444,-0.5555555555555554,-2.4444444444444446
남원시,2020-08-10,1.055558076573482,16,7.971428571428571,0.0,7,33,6.542857142857139,2.0,6.157142857142857,2.0,0.05406960960019612,-0.04182194359570758,-1.3482142857142856,-2.2803571428571434,-2.8964285714285722,-0.375,0.5,-1.375
남원시,2020-08-17,0.9511095688131059,20,10.12857142857143,0.0,7,34,9.049999999999997,0.0,7.342857142857143,2.0,-0.05012600875888885,-0.12660679637784297,1.0892857142857153,-0.1294642857142847,-1.7607142857142843,-0.25,-0.625,-0.75
남원시,2020-08-24,1.0511293011733358,17,8.542857142857143,1.0,7,35,9.335714285714282,1.0,7.939285714285715,3.0,0.04986511113385584,-0.032363645796270095,0.8249999999999993,0.9571428571428573,-0.6616071428571413,0.75,0.5,1.0
남원시,2020-08-31,1.0657931106035086,18,7.485714285714285,0.0,7,36,8.014285714285709,1.0,8.532142857142857,1.0,0.0637192267983922,0.015852664686816564,-1.3071428571428578,-0.2410714285714306,-0.18526785714285765,0.0,0.75,0.125
남원시,2020-09-07,1.0833150654087582,15,6.514285714285715,0.0,7,37,6.999999999999996,0.0,8.167857142857144,1.0,0.08002584483175171,-0.0033233910426066493,-1.2839285714285706,-1.2955357142857151,-0.1691964285714267,0.0,0.0,0.5
남원시,2020-09-14,1.030665011425356,17,10.185714285714285,0.0,7,38,8.349999999999996,0.0,8.182142857142857,1.0,0.03020423606485379,-0.05404115047394185,0.7410714285714288,-0.27142857142857046,-0.25624999999999964,-0.125,-0.125,0.625
남원시,2020-09-21,1.037081087392247,21,10.200000000000001,0.0,7,39,10.192857142857138,0.0,8.596428571428572,0.0,0.03641012039698528,-0.036436897118183584,-0.2696428571428573,0.235714285714284,-0.5299107142857142,0.0,-0.125,-0.125
남원시,2020-09-28,1.1010937475731937,19,11.485714285714286,0.0,7,40,10.842857142857138,0.0,9.596428571428572,0.0,0.09630400177526316,0.003382280706365398,1.5124999999999993,0.6214285714285701,0.1750000000000007,0.0,0.0,-0.125
남원시,2020-10-05,1.0778182206765683,21,10.885714285714286,0.0,7,41,11.185714285714282,0.0,10.689285714285715,0.0,0.07493883180818134,0.028311501635293085,-0.40892857142857153,0.5517857142857139,0.3937500000000007,0.0,0.0,-0.125
남원시,2020-10-12,1.014493546274769,15,12.271428571428572,0.0,7,42,11.578571428571426,0.0,11.210714285714287,0.0,0.01438951877978102,-0.03628599616906697,0.16071428571428648,-0.12410714285714164,0.24866071428571423,0.0,0.0,0.0
남원시,2020-10-19,0.9641633435250876,17,13.1,0.0,7,43,12.685714285714282,0.0,11.935714285714287,0.0,-0.036494555234763526,-0.08988537156532256,0.15000000000000036,0.15535714285714342,0.35357142857142954,0.0,0.0,0.0
남원시,2020-10-26,1.022942729769882,20,14.299999999999999,0.0,7,44,13.699999999999996,0.0,12.639285714285714,0.0,0.022683502772767265,-0.03182873188067248,0.4660714285714267,0.3080357142857135,0.09196428571428505,0.0,0.0,0.0
남원시,2020-11-02,1.0262120951385836,17,12.985714285714286,0.0,7,45,13.642857142857139,0.0,13.164285714285715,0.0,0.025874445792834613,-0.01934494058814671,-0.2696428571428573,0.0982142857142847,0.12678571428571495,0.0,0.0,0.0
남원시,2020-11-09,1.0403062060681152,17,16.32857142857143,0.0,7,46,14.657142857142855,0.0,14.178571428571427,0.0,0.03951509872924449,-0.008739934468603189,2.9017857142857135,1.31607142857143,0.8120535714285708,0.0,0.0,0.0
남원시,2020-11-16,0.9998164441163319,17,10.442857142857141,0.0,7,47,13.385714285714283,0.0,13.514285714285714,0.0,-0.0001835727321111406,-0.03551477472248195,-2.0482142857142875,0.42678571428571566,0.2624999999999993,0.0,0.0,0.0
남원시,2020-11-23,0.93279933841168,20,9.514285714285716,0.0,7,48,9.978571428571424,0.0,12.317857142857143,0.0,-0.06956517263607494,-0.12032258124857728,-1.235714285714284,-1.6419642857142858,-0.16294642857142883,0.0,0.0,0.0
남원시,2020-11-30,1.0564987396498158,13,13.1,0.0,7,49,11.307142857142853,0.0,12.346428571428572,0.0,0.054960365124673824,-0.017255722840242058,1.5625,0.163392857142858,0.29508928571428505,0.0,0.0,0.0
남원시,2020-12-07,1.0476898801518923,14,12.014285714285714,0.0,7,50,12.557142857142853,0.0,11.267857142857142,0.0,0.046587626221506515,-0.04245401006647226,1.4607142857142854,1.5116071428571427,-0.06517857142857153,0.0,0.0,0.0
남원시,2020-12-14,1.036221072546272,17,9.885714285714286,0.0,7,51,10.949999999999996,0.0,11.12857142857143,0.0,0.035580511561458895,-0.08969934033188068,-0.6035714285714278,0.4285714285714288,0.2959821428571434,0.0,0.0,0.0
남원시,2020-12-21,1.110065866391614,9,11.228571428571428,0.0,7,52,10.557142857142853,0.0,11.557142857142857,0.0,0.10441935265529274,-0.004607322983496517,0.8428571428571416,0.11964285714285694,0.8156249999999989,0.0,0.0,0.0
남원시,2020-12-28,1.0778540121336522,12,10.22857142857143,0.0,7,53,10.728571428571424,0.0,10.839285714285715,0.0,0.07497203857917593,0.0,0.0,0.0,0.0,0.0,0.0,0.0
남원시,2021-01-04,1.032799571282242,16,12.700000000000001,0.0,7,1,11.464285714285712,0.0,11.010714285714286,0.0,0.032273145447810216,-0.04293617564404042,1.2910714285714295,0.6294642857142883,0.35714285714285765,0.0,0.0,0.0
남원시,2021-01-11,1.0910545590402574,12,11.814285714285715,0.0,7,2,12.257142857142854,0.0,11.492857142857144,0.0,0.0871447138867732,-0.004990612284411819,0.875,1.0830357142857157,0.6763392857142865,0.0,0.0,0.0
남원시,2021-01-18,1.0662812378964424,12,9.757142857142858,0.0,7,3,10.785714285714283,0.0,11.125,0.0,0.06417711636664833,-0.020177669908439277,-1.3392857142857135,-0.23214285714285587,0.1986607142857153,0.0,0.0,0.0
남원시,2021-01-25,1.0422249983693423,13,11.314285714285715,0.0,7,4,10.535714285714283,0.0,11.396428571428572,0.0,0.041357849358972,-0.043703094690089615,0.5444444444444443,-0.3476190476190464,0.4511904761904759,0.0,0.0,0.0
남원시,2021-02-01,1.053750069842648,15,11.171428571428573,0.0,7,5,11.24285714285714,0.0,11.014285714285714,0.0,0.05235529661401903,-0.026689459690456073,0.5412698412698411,0.5428571428571445,0.22341269841269806,0.0,0.0,0.0
남원시,2021-02-08,1.1378897012913498,12,15.37142857142857,0.0,7,6,13.271428571428569,0.0,11.90357142857143,0.0,0.12917540771270447,0.02446287779626896,3.344444444444445,1.942857142857143,0.7976190476190492,0.0,0.0,0.0
남원시,2021-02-15,1.1085899295732402,11,12.814285714285715,0.0,7,7,14.092857142857138,0.0,12.667857142857144,0.0,0.10308887404857943,-0.00644601981870406,0.6587301587301582,2.0015873015873,1.272222222222224,0.0,0.0,0.0
남원시,2021-02-22,1.082411273805808,12,10.428571428571429,0.0,7,8,11.621428571428568,0.0,12.446428571428571,0.0,0.07919121338358473,-0.007489417866729575,-1.6619047619047613,-0.5015873015873016,0.7206349206349199,0.0,0.0,0.0
남원시,2021-03-01,1.1656812631508704,10,11.728571428571428,0.0,7,9,11.078571428571426,0.0,12.585714285714285,0.0,0.15330569134005148,0.06396771176343301,-1.6063492063492077,-1.6341269841269828,0.1837301587301603,0.0,0.0,0.0
남원시,2021-03-08,1.049701110049685,14,12.957142857142857,0.0,7,10,12.342857142857138,0.0,11.982142857142858,0.0,0.04850546655137261,0.0027691673128972458,0.18571428571428683,-0.7103174603174622,-0.605952380952381,0.0,0.0,0.0
남원시,2021-03-15,1.1030965150644751,11,13.428571428571429,0.0,7,11,13.19285714285714,0.0,12.135714285714284,0.0,0.09812123876826043,0.03259719397272885,-0.0777777777777775,0.05396825396825555,-0.7900793650793663,0.0,0.0,0.0
남원시,2021-03-22,1.0669249357912345,9,15.12857142857143,0.0,7,12,14.278571428571425,0.0,13.310714285714287,0.0,0.06478061913376852,0.022218953094844958,1.0380952380952397,0.48015873015872934,-0.11507936507936378,0.0,0.0,0.0
남원시,2021-03-29,1.1765166415870214,11,11.714285714285714,0.0,7,13,13.421428571428567,0.0,13.307142857142857,0.0,0.16255807408058393,0.0707936344836066,-3.2396825396825406,-1.1007936507936513,-0.5234126984126988,0.0,0.0,0.0
남원시,2021-04-05,1.1499647940663407,15,15.957142857142856,0.0,7,14,13.835714285714282,0.0,14.057142857142857,0.0,0.13973132805118912,0.0880404586282993,1.3126984126984134,-0.9634920634920618,-0.24166666666666714,0.0,0.0,0.0
남원시,2021-04-12,1.0168608936171708,14,12.485714285714284,0.0,7,15,14.221428571428566,0.0,13.821428571428571,0.0,0.01672032660697441,-0.01961229100588189,-1.4412698412698433,-0.06428571428571495,-0.582539682539684,0.0,0.0,0.0
남원시,2021-04-19,1.086970695098271,12,16.257142857142856,0.0,7,16,14.371428571428567,0.0,14.103571428571428,0.0,0.0833946483444469,0.020652924244244225,2.0285714285714285,0.2936507936507926,-0.3349206349206373,0.0,0.0,0.0
남원시,2021-04-26,1.0180097625014006,12,9.985714285714284,0.0,7,17,13.121428571428567,0.0,13.67142857142857,0.0,0.017849507965846032,-0.0564017265087893,-2.5476190476190492,-0.2595238095238095,-0.1619047619047631,0.0,0.0,0.0
남원시,2021-05-03,0.9871459944796735,15,16.114285714285714,0.0,7,18,13.049999999999995,0.0,13.710714285714285,0.0,-0.01293733308140538,-0.07540649742780157,2.4523809523809526,-0.047619047619049226,0.12301587301587347,0.0,0.0,0.0
남원시,2021-05-10,1.0343993947523373,15,10.866666666666667,0.0,6,19,13.490476190476187,0.0,13.30595238095238,0.0,0.033820963355789345,-0.0032723305377992465,-2.0851851851851837,0.18359788359788354,-0.037962962962962976,0.0,0.0,0.0
남원시,2021-05-17,1.0275100955952028,14,11.433333333333332,0.0,6,20,11.149999999999995,0.0,12.1,0.0,0.02713849273677476,0.01059240034639378,-1.881481481481483,-1.9833333333333343,-1.0154761904761909,0.0,0.0,0.0
남원시,2021-05-24,1.0125977496296135,16,13.171428571428573,0.0,7,21,12.302380952380949,0.0,12.896428571428572,0.0,0.012519058182659385,-0.02512142361390623,0.04603174603174587,-0.9177248677248677,-0.3670634920634903,0.0,0.0,0.0
남원시,2021-05-31,0.8726541345215256,18,12.37142857142857,0.0,7,22,12.771428571428569,0.0,11.960714285714285,0.0,-0.1362159820304329,-0.176618496731396,-0.29523809523809597,-0.12460317460317505,-1.0539682539682538,0.0,0.0,0.0
남원시,2021-06-07,0.9632702076837736,16,11.957142857142857,0.0,7,23,12.164285714285711,0.0,12.233333333333333,0.0,-0.03742131704678979,-0.0936893452279918,-0.04603174603174587,-0.17063492063491914,-0.5441798941798961,0.0,0.0,0.0
남원시,2021-06-14,1.0054706237054039,16,7.928571428571429,0.0,7,24,9.94285714285714,0.0,11.357142857142858,0.0,0.005455714195037444,-0.04275676669779187,-3.0095238095238095,-1.527777777777775,-0.8261904761904759,0.0,0.0,0.0
남원시,2021-06-21,0.9799133759866501,13,11.0,0.0,7,25,9.464285714285712,0.0,10.814285714285713,0.0,-0.020291103074666344,-0.0769047443409431,0.45079365079365097,-1.2793650793650784,-0.7250000000000014,0.0,0.0,0.0
남원시,2021-06-28,1.0522796998526627,17,8.714285714285714,0.0,7,26,9.857142857142854,0.0,9.9,0.0,0.05095895336184781,-0.02406553359507154,-0.02222222222222392,0.2142857142857153,-0.6567460317460316,-0.3333333333333333,-0.3333333333333333,-0.3333333333333333
남원시,2021-07-05,1.062719356587245,15,5.614285714285714,0.0,7,27,7.16428571428571,0.0,8.314285714285715,0.0,0.060831053766477176,-0.01922871345671274,-2.3619047619047615,-1.1920634920634923,-1.2357142857142858,-0.2222222222222222,-0.5555555555555556,-0.5555555555555556
남원시,2021-07-12,1.045805335919781,14,10.542857142857143,0.0,7,28,8.078571428571426,0.0,8.967857142857142,0.0,0.0447872449961889,-0.055079668049641456,2.6460317460317464,0.14206349206349334,0.1781746031746021,-0.6666666666666666,-0.8888888888888888,-1.2222222222222223
남원시,2021-07-19,1.1397323033431608,16,9.385714285714284,0.0,7,29,9.96428571428571,0.0,8.564285714285713,0.0,0.1307934132026822,0.02682258033245856,1.4333333333333318,2.0396825396825387,0.4238095238095241,-0.6666666666666666,-1.3333333333333333,-1.8888888888888888
남원시,2021-07-26,1.1380618647380607,20,10.971428571428572,0.0,7,30,10.178571428571423,0.0,9.128571428571428,0.0,0.12932669691376567,0.04924559956148983,2.1126984126984123,1.773015873015872,0.9575396825396822,-1.2222222222222223,-1.8888888888888888,-2.7777777777777777
남원시,2021-08-02,1.0940965266732354,19,9.87142857142857,0.0,7,31,10.421428571428567,0.0,10.192857142857141,0.0,0.08992893289839733,0.0030856865946433387,-0.026984126984128665,1.0428571428571427,1.5412698412698393,-1.0,-2.2222222222222223,-3.5555555555555554
남원시,2021-08-09,1.0477349643247982,19,9.342857142857142,0.0,7,32,9.607142857142852,0.0,9.892857142857142,0.0,0.046630657278460545,-0.04029070907574716,0.6952380952380945,0.33412698412698205,1.0535714285714288,-1.5555555555555556,-2.5555555555555554,-4.444444444444445
남원시,2021-08-16,1.1439563880941803,15,8.714285714285714,0.0,7,33,9.028571428571425,0.0,9.724999999999998,0.0,0.13449276993563605,0.03860121673973235,-0.6053571428571427,0.20535714285714235,0.671428571428569,-0.375,-1.5,-3.375
남원시,2021-08-23,1.1672092885172063,17,6.928571428571429,0.0,7,34,7.821428571428568,0.0,8.714285714285714,0.0,0.15461567614303215,0.07813488852407802,-2.1107142857142858,-1.3580357142857142,-0.38928571428571423,-0.25,-0.625,-2.75
남원시,2021-08-30,1.1371656763221263,13,6.742857142857142,0.0,7,35,6.835714285714282,0.0,7.932142857142856,0.0,0.12853891771708417,0.04631016078695824,-0.9750000000000014,-1.5428571428571427,-0.6687500000000002,-0.25,-0.5,-2.0
남원시,2021-09-06,0.9970671349597523,15,7.885714285714285,0.0,7,36,7.31428571428571,0.0,7.567857142857143,0.0,-0.0029371743166664694,-0.05080373642824211,-0.9071428571428575,-0.9410714285714299,-1.1495535714285712,0.0,-0.25,-0.875
남원시,2021-09-13,1.0519743719261296,21,7.285714285714286,0.0,7,37,7.585714285714282,0.0,7.210714285714285,0.0,0.05066875273182813,-0.03268048314253023,-0.5125000000000002,-0.7098214285714288,-1.1263392857142858,0.0,0.0,-0.5
남원시,2021-09-20,1.0952934543687576,13,9.757142857142856,0.0,7,38,8.521428571428567,0.0,7.917857142857142,0.0,0.09102232222156985,0.00677693568277421,0.3125,-0.09999999999999964,-0.5205357142857148,-0.125,-0.125,-0.375
남원시,2021-09-27,1.120999601412582,18,10.357142857142858,0.0,7,39,10.057142857142853,0.0,8.821428571428571,0.0,0.11422078852580446,0.04137377101063559,-0.11250000000000071,0.09999999999999964,-0.3049107142857146,0.0,-0.125,-0.125
남원시,2021-10-04,1.1313741413973186,16,11.471428571428572,0.0,7,40,10.914285714285711,0.0,9.717857142857142,0.0,0.12343294826297072,0.030511227194072954,1.498214285714285,0.6928571428571431,0.2964285714285708,0.0,0.0,-0.125
남원시,2021-10-11,1.0774556506892647,17,8.2,0.0,7,41,9.835714285714282,0.0,9.946428571428571,0.0,0.0746023826955737,0.02797505252268545,-3.0946428571428584,-0.7982142857142858,-0.34910714285714306,0.0,0.0,-0.125
남원시,2021-10-18,1.1010890760317722,12,14.9,0.0,7,42,11.549999999999997,0.0,11.232142857142858,0.0,0.0962997591289475,0.04562424418009951,2.7892857142857146,-0.1526785714285701,0.2700892857142847,0.0,0.0,0.0
남원시,2021-10-25,1.0174199188941795,12,14.971428571428573,0.0,7,43,14.935714285714283,0.0,12.385714285714286,0.0,0.017269931447803057,-0.03612088488275597,2.021428571428574,2.405357142857145,0.8035714285714288,0.0,0.0,0.0
남원시,2021-11-01,1.0588763918085666,15,14.357142857142858,0.0,7,44,14.664285714285711,0.0,13.107142857142858,0.0,0.05720833819068707,0.0026961035372473283,0.5232142857142854,1.2723214285714288,0.5598214285714285,0.0,0.0,0.0
남원시,2021-11-08,0.9868549052849899,12,8.542857142857143,0.0,7,45,11.449999999999996,0.0,13.192857142857143,0.0,-0.01323225614534956,-0.05845164252633088,-4.7125,-2.0946428571428584,0.15535714285714342,0.0,0.0,0.0
남원시,2021-11-15,1.0508551129203942,13,13.9,0.0,7,46,11.221428571428568,0.0,12.942857142857143,0.0,0.049604225988696564,0.0013491927908488854,0.4732142857142847,-2.119642857142857,-0.42366071428571317,0.0,0.0,0.0
남원시,2021-11-22,0.977172696135402,12,11.714285714285714,0.0,7,47,12.807142857142853,0.0,12.128571428571428,0.0,-0.023091880906423723,-0.05842308289679453,-0.7767857142857153,-0.15178571428571352,-1.1232142857142868,0.0,0.0,0.0
남원시,2021-11-29,1.026583104614959,11,10.985714285714286,0.0,7,48,11.349999999999996,0.0,11.285714285714285,0.0,0.02623591339609045,-0.024521495216411893,0.23571428571428577,-0.2705357142857139,-1.1950892857142872,0.0,0.0,0.0
남원시,2021-12-06,1.0505364714825238,9,13.128571428571428,0.0,7,49,12.057142857142853,0.0,12.432142857142857,0.0,0.04930095891303336,-0.02291512905188252,1.5910714285714285,0.913392857142858,0.38080357142857046,0.0,0.0,0.0
남원시,2021-12-13,1.0713678255051609,12,11.6,0.0,7,50,12.36428571428571,0.0,11.857142857142858,0.0,0.06893617368447823,-0.020105462603500546,1.0464285714285708,1.3187499999999996,0.5241071428571438,0.0,0.0,0.0
남원시,2021-12-20,1.1910078457699194,11,12.928571428571429,0.0,7,51,12.26428571428571,0.0,12.160714285714285,0.0,0.1747998778996763,0.04952002600633673,2.439285714285715,1.7428571428571438,1.3281249999999982,0.0,0.0,0.0
남원시,2021-12-27,1.2002959651224747,11,10.485714285714286,0.0,7,52,11.707142857142854,0.0,12.035714285714286,0.0,0.1825681639859636,0.07354148834717433,0.09999999999999964,1.2696428571428573,1.2941964285714285,0.0,0.0,0.0
남원시,2022-01-03,1.0406267523659714,13,12.642857142857142,0.0,7,1,11.56428571428571,0.0,11.914285714285715,0.0,0.03982317814054153,-0.0353861429513091,1.2339285714285708,0.7294642857142861,1.2607142857142861,0.0,0.0,0.0
남원시,2022-01-10,1.0941195967726736,12,10.657142857142857,0.0,7,2,11.649999999999995,0.0,11.678571428571429,0.0,0.08995001865788133,-0.0021853075133036887,-0.28214285714285836,0.47589285714285623,0.8620535714285715,0.0,0.0,0.0
남원시,2022-01-17,1.0503264878481868,12,13.4,0.0,7,3,12.028571428571425,0.0,11.79642857142857,0.0,0.04910105664515469,-0.035253729629932916,2.303571428571429,1.0107142857142861,0.8700892857142861,0.0,0.0,0.0
남원시,2022-01-24,1.1077460841828743,12,8.799999999999999,0.0,7,4,11.099999999999996,0.0,11.375,0.0,0.10232739616264193,0.017266452113580313,-1.9698412698412717,0.21666666666666679,0.4297619047619037,0.0,0.0,0.0
남원시,2022-01-31,1.1852055239827635,12,9.928571428571429,0.0,7,5,9.36428571428571,0.0,10.696428571428573,0.0,0.16991619750860826,0.09087144120413315,-0.7015873015873026,-1.3357142857142854,-0.09444444444444322,0.0,0.0,0.0
남원시,2022-02-07,1.1006255695544402,13,13.914285714285715,0.0,7,6,11.921428571428567,0.0,11.510714285714286,0.0,0.09587871775093922,-0.008833812165496294,1.8873015873015895,0.5928571428571416,0.4047619047619051,0.0,0.0,0.0
남원시,2022-02-14,1.2547414014518705,9,10.428571428571429,0.0,7,7,12.171428571428567,0.0,10.767857142857142,0.0,0.2269294967315538,0.11739460286427031,-1.726984126984128,0.08015873015872899,-0.6277777777777782,0.0,0.0,0.0
남원시,2022-02-21,1.140322556560186,12,14.042857142857143,0.0,7,8,12.235714285714282,0.0,12.07857142857143,0.0,0.13131116673624055,0.04463053548592624,1.9523809523809526,0.1126984126984123,0.35277777777777786,0.0,0.0,0.0
남원시,2022-02-28,1.0203231246430826,12,15.142857142857142,0.0,7,9,14.592857142857138,0.0,13.382142857142856,0.0,0.020119365994948863,-0.06921861358166961,1.8079365079365068,1.8801587301587297,0.9801587301587311,0.0,0.0,0.0
남원시,2022-03-07,1.0457738807892514,11,15.671428571428573,0.0,7,10,15.407142857142855,0.0,13.821428571428571,0.0,0.044757167119835295,-0.0009791321186400706,2.900000000000002,2.3539682539682545,1.2333333333333325,0.0,0.0,0.0
남원시,2022-03-14,1.1453412872945792,14,10.314285714285715,0.0,7,11,12.99285714285714,0.0,13.792857142857143,0.0,0.13570266009909177,0.07017861530356019,-3.1920634920634914,-0.14603174603174374,0.8670634920634921,0.0,0.0,0.0
남원시,2022-03-21,1.1052091498669587,11,13.342857142857143,0.0,7,12,11.828571428571426,0.0,13.617857142857144,0.0,0.10003459295699359,0.05747292691807002,-0.7476190476190467,-1.96984126984127,0.19206349206349316,0.0,0.0,0.0
남원시,2022-03-28,1.159514722094035,12,14.485714285714286,0.0,7,13,13.914285714285711,0.0,13.45357142857143,0.0,0.1480015745660349,0.05623713496905758,-0.46825396825396837,-0.6079365079365076,-0.37698412698412653,0.0,0.0,0.0
남원시,2022-04-04,1.066412836284362,13,18.971428571428568,0.0,7,14,16.728571428571424,0.0,14.278571428571428,0.0,0.06430052683576319,0.01260965741287337,4.326984126984126,1.9293650793650805,-0.02023809523809561,0.0,0.0,0.0
남원시,2022-04-11,1.0952726251229352,13,14.042857142857143,0.0,7,15,16.507142857142853,0.0,15.210714285714285,0.0,0.0910033049949105,0.054670687382054196,0.11587301587301546,2.2214285714285715,0.8067460317460302,0.0,0.0,0.0
남원시,2022-04-18,1.0072037015737494,14,15.757142857142856,0.0,7,16,14.899999999999995,0.0,15.814285714285713,0.0,0.0071778788541833945,-0.05556384524601928,1.5285714285714285,0.8222222222222211,1.3757936507936481,0.0,0.0,0.0
남원시,2022-04-25,1.1243366503213952,14,10.9,0.0,7,17,13.328571428571426,0.0,14.917857142857141,0.0,0.11719321758914053,0.0429419831145052,-1.6333333333333329,-0.05238095238095042,1.084523809523807,0.0,0.0,0.0
남원시,2022-05-02,1.0790796693892934,13,16.82857142857143,0.0,7,18,13.864285714285712,0.0,14.382142857142856,0.0,0.07610851987024317,0.013639355523846979,3.166666666666668,0.7666666666666675,0.7944444444444443,0.0,0.0,0.0
남원시,2022-05-09,1.123262850253961,14,11.442857142857141,0.0,7,19,14.135714285714283,0.0,13.732142857142856,0.0,0.11623770914659347,0.07914441525300488,-1.5089947089947096,0.8288359788359791,0.3882275132275126,0.0,0.0,0.0
남원시,2022-05-16,0.9944195010765952,13,16.428571428571427,0.0,7,20,13.93571428571428,0.0,13.9,0.0,-0.005596128080304993,-0.022142220470685973,3.113756613756612,0.8023809523809504,0.7845238095238098,0.0,0.0,0.0
남원시,2022-05-23,1.0159910476389442,11,16.74285714285714,0.0,7,21,16.58571428571428,0.0,15.360714285714286,0.0,0.015864537738477805,-0.02177594405808781,3.6174603174603135,3.365608465608462,2.097222222222223,0.0,0.0,0.0
남원시,2022-05-30,1.0518643583468597,11,13.514285714285714,0.0,7,22,15.128571428571423,0.0,14.532142857142857,0.0,0.050564169069794315,0.0101616543688312,0.8476190476190482,2.232539682539679,1.5174603174603174,0.0,0.0,0.0
남원시,2022-06-06,1.1127480452288636,15,10.200000000000001,0.0,7,23,11.857142857142854,0.0,14.221428571428572,0.0,0.10683267220939766,0.050564644028195646,-1.803174603174602,-0.4777777777777761,1.443915343915343,0.0,0.0,0.0
남원시,2022-06-13,1.1042800858405342,13,9.085714285714285,0.0,7,24,9.642857142857139,0.0,12.385714285714286,0.0,0.09919361662077433,0.05098113572794502,-1.852380952380953,-1.8277777777777757,0.20238095238095255,0.0,0.0,0.0
남원시,2022-06-20,1.0826086048676535,18,9.485714285714284,0.0,7,25,9.285714285714281,0.0,10.571428571428571,0.0,0.07937350368432122,0.022759862418044466,-1.063492063492065,-1.457936507936509,-0.9678571428571434,0.0,0.0,0.0
남원시,2022-06-27,1.1145676681785204,16,8.285714285714288,3.0,7,26,8.885714285714283,3.0,9.264285714285716,3.0,0.1084665881769646,0.03344210122004525,-0.4507936507936492,-0.7571428571428562,-1.292460317460316,2.6666666666666665,2.6666666666666665,2.6666666666666665
남원시,2022-07-04,1.050738274966317,22,8.285714285714286,0.0,7,27,8.285714285714285,3.0,8.785714285714286,3.0,0.049493036112604395,-0.03056673111058552,0.3095238095238111,-0.07063492063491772,-0.7642857142857142,-0.2222222222222222,2.4444444444444446,2.4444444444444446
남원시,2022-07-11,1.094979610423174,23,7.900000000000001,0.0,7,28,8.09285714285714,0.0,8.489285714285716,3.0,0.09073574247699229,-0.009131170568838068,0.0031746031746049397,0.15634920634920757,-0.3003968253968239,-0.6666666666666666,-0.8888888888888888,1.7777777777777777
남원시,2022-07-18,1.1207659887560348,21,7.314285714285715,0.0,7,29,7.607142857142854,0.0,7.946428571428573,3.0,0.1140123700734762,0.010041537203252557,-0.6380952380952376,-0.3174603174603172,-0.19404761904761614,-0.6666666666666666,-1.3333333333333333,1.1111111111111112
남원시,2022-07-25,1.0730743750409493,23,8.571428571428571,1.0,7,30,7.9428571428571395,1.0,8.017857142857142,1.0,0.07052777628920802,-0.009553321063067818,-0.28730158730158806,-0.46269841269841194,-0.15317460317460352,-0.22222222222222232,-0.8888888888888888,-1.7777777777777777
남원시,2022-08-01,1.0505969914614675,24,7.471428571428571,1.0,7,31,8.021428571428567,2.0,7.814285714285715,2.0,0.04935856589519581,-0.03748468040855818,-2.426984126984128,-1.3571428571428577,-0.837301587301587,0.0,-0.22222222222222232,-1.5555555555555554
남원시,2022-08-08,1.0957832143031017,22,6.514285714285713,1.0,7,32,6.992857142857138,2.0,7.4678571428571425,3.0,0.09146937179268105,0.004548005438473349,-2.1333333333333337,-2.280158730158732,-1.371428571428571,-0.5555555555555556,-0.5555555555555554,-1.4444444444444446
남원시,2022-08-15,1.1253233234986444,22,8.428571428571429,1.0,7,33,7.471428571428568,2.0,7.74642857142857,4.0,0.11807039303075982,0.02217883983485612,-0.8910714285714274,-1.3517857142857146,-1.3071428571428587,0.625,0.5,0.625
남원시,2022-08-22,1.1002867293014005,26,8.942857142857143,0.0,7,34,8.685714285714283,1.0,7.8392857142857135,3.0,0.09557080883890036,0.019090021219946227,-0.09642857142857153,-0.4937499999999986,-1.2642857142857142,-0.25,0.375,0.25
남원시,2022-08-29,1.0242753865137286,26,6.428571428571428,0.0,7,35,7.6857142857142815,0.0,7.578571428571428,2.0,0.02398542260386272,-0.05824333432626322,-1.2892857142857155,-0.6928571428571431,-1.022321428571428,-0.25,-0.5,0.0
남원시,2022-09-05,0.9642310567159793,22,10.4,0.0,7,36,8.41428571428571,0.0,8.55,1.0,-0.03642432770152543,-0.08429088981310107,1.6071428571428577,0.15892857142856975,-0.16741071428571352,0.0,-0.25,0.125
남원시,2022-09-12,1.1586534627992005,21,7.514285714285714,0.0,7,37,8.957142857142852,0.0,8.321428571428571,0.0,0.14725852292718142,0.06390928705282306,-0.28392857142857153,0.6616071428571413,-0.015625,0.0,0.0,-0.5
남원시,2022-09-19,1.1245131405460065,19,12.042857142857143,0.0,7,38,9.778571428571423,0.0,9.096428571428572,0.0,0.1173501780279305,0.033104791489134866,2.5982142857142865,1.1571428571428566,0.658035714285715,-0.125,-0.125,-0.375
남원시,2022-09-26,1.1314450115196921,16,14.214285714285714,0.0,7,39,13.128571428571423,0.0,11.042857142857143,0.0,0.12349558704902246,0.05064856953385359,3.744642857142855,3.171428571428569,1.916517857142857,0.0,-0.125,-0.125
남원시,2022-10-03,1.1553964105810224,19,8.528571428571428,0.0,7,40,11.371428571428567,0.0,10.575,0.0,0.1444434977140387,0.05152177664514093,-1.444642857142858,1.1499999999999986,1.1535714285714285,0.0,0.0,-0.125
남원시,2022-10-10,1.072787468055891,20,13.385714285714286,0.0,7,41,10.957142857142852,0.0,12.042857142857143,0.0,0.0702603713882907,0.02363304121540244,2.0910714285714285,0.32321428571428434,1.7473214285714285,0.0,0.0,-0.125
남원시,2022-10-17,1.0225960058387127,17,14.4,0.0,7,42,13.892857142857139,0.0,12.632142857142856,0.0,0.022344497767920128,-0.028331017180927863,2.2892857142857146,2.1901785714285715,1.6700892857142833,0.0,0.0,0.0
남원시,2022-10-24,1.149873974734754,15,15.642857142857142,0.0,7,43,15.021428571428565,0.0,12.989285714285714,0.0,0.1396523491828737,0.08626153285231467,2.692857142857143,2.491071428571427,1.4071428571428566,0.0,0.0,0.0
남원시,2022-10-31,1.0990958939856,18,15.357142857142858,0.0,7,44,15.499999999999995,0.0,14.696428571428573,0.0,0.09448792728881471,0.03997569263537497,1.5232142857142854,2.1080357142857125,2.1491071428571438,0.0,0.0,0.0
남원시,2022-11-07,1.1196329119677622,18,16.585714285714285,0.0,7,45,15.971428571428566,0.0,15.496428571428572,0.0,0.11300087441124117,0.06778148803025985,3.3303571428571423,2.426785714285712,2.4589285714285722,0.0,0.0,0.0
남원시,2022-11-14,1.105633798783567,16,13.914285714285715,0.0,7,46,15.249999999999995,0.0,15.375,0.0,0.10041874409906328,0.0521637109012156,0.48749999999999893,1.9089285714285698,2.0084821428571438,0.0,0.0,0.0
남원시,2022-11-21,1.1369832260194863,16,12.971428571428572,0.0,7,47,13.442857142857138,0.0,14.707142857142857,0.0,0.1283784618183138,0.093047259827943,0.4803571428571427,0.4839285714285708,1.4553571428571423,0.0,0.0,0.0
남원시,2022-11-28,1.075538948026934,15,10.085714285714287,0.0,7,48,11.528571428571425,0.0,13.389285714285716,0.0,0.07282188294900557,0.02206447433650323,-0.6642857142857128,-0.09196428571428505,0.9084821428571441,0.0,0.0,0.0
남원시,2022-12-05,1.0717352874476955,16,12.042857142857144,0.0,7,49,11.06428571428571,0.0,12.25357142857143,0.0,0.06927909880452009,-0.002936989160395795,0.5053571428571448,-0.07946428571428577,0.20223214285714342,0.0,0.0,0.0
남원시,2022-12-12,1.0926315585806974,15,8.971428571428572,0.0,7,50,10.507142857142853,0.0,11.017857142857144,0.0,0.08858906049123041,-0.00045257579674835846,-1.5821428571428573,-0.538392857142858,-0.31517857142856975,0.0,0.0,0.0
남원시,2022-12-19,1.1281705250029013,15,9.857142857142858,0.0,7,51,9.41428571428571,0.0,10.239285714285716,0.0,0.12059731629809368,-0.004682535595245882,-0.6321428571428562,-1.1071428571428577,-0.5933035714285708,0.0,0.0,0.0
남원시,2022-12-26,1.044380843869168,16,11.614285714285716,0.0,7,52,10.73571428571428,0.0,10.621428571428572,0.0,0.043424215917795814,-0.06560245972099345,1.2285714285714295,0.298214285714284,-0.12008928571428612,0.0,0.0,0.0
남원시,2023-01-02,1.1165910678550035,15,11.928571428571429,0.0,7,1,11.771428571428567,0.0,10.592857142857143,0.0,0.11028035444873287,0.035071033356882234,0.5196428571428573,0.9366071428571434,-0.060714285714285054,0.0,0.0,0.0
남원시,2023-01-09,1.1379715776826103,12,12.142857142857142,0.0,7,2,12.035714285714281,0.0,11.385714285714286,0.0,0.1292473597179099,0.03711203354672489,1.2035714285714274,0.8616071428571423,0.5691964285714288,0.0,0.0,0.0
남원시,2023-01-16,1.1360639335290477,15,10.042857142857143,0.0,7,3,11.092857142857138,0.0,11.432142857142857,0.0,0.12756959823033387,0.04321481195524626,-1.0535714285714288,0.07499999999999929,0.5058035714285722,0.0,0.0,0.0
남원시,2023-01-23,1.0822253533571482,13,11.385714285714286,0.0,7,4,10.714285714285708,0.0,11.375,0.0,0.07901943355986375,-0.006041510489197863,0.6158730158730155,-0.1690476190476211,0.4297619047619037,0.0,0.0,0.0
남원시,2023-01-30,1.1264395858679395,17,13.385714285714284,0.0,7,5,12.385714285714279,0.0,11.739285714285714,0.0,0.1190618495078969,0.0400170932034218,2.755555555555553,1.6857142857142833,0.9484126984126977,0.0,0.0,0.0
남원시,2023-02-06,1.1186926814548885,18,14.214285714285714,0.0,7,6,13.799999999999994,0.0,12.257142857142856,0.0,0.1121607548406677,0.007448224924232194,2.1873015873015884,2.471428571428568,1.1511904761904752,0.0,0.0,0.0
남원시,2023-02-13,1.0758316983911982,17,8.657142857142857,0.0,7,7,11.43571428571428,0.0,11.910714285714285,0.0,0.07309403537105202,-0.036440858496231465,-3.4984126984127,-0.6555555555555586,0.5150793650793641,0.0,0.0,0.0
남원시,2023-02-20,1.0392928158660943,19,14.228571428571428,0.0,7,8,11.442857142857136,0.0,12.62142857142857,0.0,0.03854049711465802,-0.048140134135656286,2.1380952380952376,-0.680158730158734,0.8956349206349188,0.0,0.0,0.0
남원시,2023-02-27,1.0466098596934754,17,17.414285714285715,0.0,7,9,15.821428571428566,0.0,13.628571428571428,0.0,0.045556235600947605,-0.04378174397567087,4.079365079365079,3.1087301587301575,1.226587301587303,0.0,0.0,0.0
남원시,2023-03-06,1.0555446136419233,15,18.314285714285713,0.0,7,10,17.864285714285707,0.0,14.653571428571428,0.0,0.0540568551931071,0.008320555954631735,5.542857142857143,4.8111111111111065,2.06547619047619,0.0,0.0,0.0
남원시,2023-03-13,1.0435307560999474,15,15.142857142857142,0.0,7,11,16.72857142857142,0.0,16.275,0.0,0.04260992108251075,-0.022914123713020824,1.636507936507936,3.5896825396825367,3.349206349206348,0.0,0.0,0.0
남원시,2023-03-20,1.02179269088054,17,11.514285714285714,0.0,7,12,13.328571428571422,0.0,15.596428571428572,0.0,0.021558624708843257,-0.021003041330080307,-2.576190476190476,-0.4698412698412735,2.170634920634921,0.0,0.0,0.0
남원시,2023-03-27,1.0709368293009591,18,18.985714285714288,0.0,7,13,15.249999999999995,0.0,15.989285714285714,0.0,0.06853380681378161,-0.023230632783195718,4.031746031746033,0.7277777777777761,2.158730158730158,0.0,0.0,0.0
남원시,2023-04-03,1.0516350104843417,16,11.571428571428571,0.0,7,14,15.278571428571421,0.0,14.303571428571427,0.0,0.050346105906262976,-0.0013447635166268443,-3.073015873015871,0.47936507936507766,0.004761904761902969,0.0,0.0,0.0
남원시,2023-04-10,1.0444208911076351,17,15.628571428571428,0.0,7,15,13.599999999999993,0.0,14.425,0.0,0.043462560618301845,0.0071299430054455465,1.7015873015873009,-0.6857142857142886,0.021031746031745513,0.0,0.0,0.0
남원시,2023-04-17,1.1286082028456355,18,11.628571428571428,0.0,7,16,13.628571428571421,0.0,14.45357142857143,0.0,0.12098519468671959,0.05824347058651691,-2.5999999999999996,-0.44920634920635294,0.015079365079364138,0.0,0.0,0.0
남원시,2023-04-24,1.1807676498521897,14,12.928571428571429,0.0,7,17,12.278571428571421,0.0,12.939285714285713,0.0,0.1661647776833768,0.09191354320874148,0.3952380952380956,-1.1023809523809547,-0.8940476190476208,0.0,0.0,0.0
남원시,2023-05-01,1.1501506420690233,14,10.314285714285715,0.0,7,18,11.621428571428565,0.0,12.625,0.0,0.1398929268998098,0.07742376255341363,-3.3476190476190464,-1.4761904761904798,-0.9626984126984119,0.0,0.0,0.0
남원시,2023-05-08,0.9865482707803621,16,15.957142857142857,0.0,7,19,13.135714285714279,0.0,12.707142857142856,0.0,-0.013543023362930447,-0.05063631725651904,3.0052910052910065,-0.1711640211640244,-0.6367724867724878,0.0,0.0,0.0
남원시,2023-05-15,1.0078979581927547,16,13.157142857142858,0.0,7,20,14.55714285714285,0.0,13.089285714285715,0.0,0.007866932573244823,-0.008679159817136156,-0.15767195767195652,1.4238095238095205,-0.02619047619047521,0.0,0.0,0.0
남원시,2023-05-22,1.1431572616714647,17,9.914285714285715,0.0,7,21,11.53571428571428,0.0,12.335714285714285,0.0,0.13379396211266895,0.09615348031610332,-3.211111111111112,-1.684391534391537,-0.9277777777777771,0.0,0.0,0.0
남원시,2023-05-29,1.1565583480493862,15,8.785714285714286,0.0,7,22,9.349999999999994,0.0,11.95357142857143,0.0,0.14544865368593263,0.1050461389849695,-3.8809523809523796,-3.5460317460317494,-1.06111111111111,0.0,0.0,0.0
남원시,2023-06-05,1.1319425665119232,17,11.942857142857141,0.0,7,23,10.364285714285707,0.0,10.95,0.0,0.12393524219697408,0.06766721401577207,-0.06031746031746188,-1.9706349206349234,-1.8275132275132293,0.0,0.0,0.0
남원시,2023-06-12,1.1384623225136523,17,13.357142857142858,0.0,7,24,12.649999999999991,0.0,11.0,0.0,0.12967851200271982,0.08146603110989051,2.4190476190476193,1.179365079365077,-1.1833333333333336,0.0,0.0,0.0
남원시,2023-06-19,1.1357938966783498,20,10.414285714285715,0.0,7,25,11.885714285714279,0.0,11.125,0.0,0.12733187485840539,0.07071823359212863,-0.13492063492063444,1.142063492063489,-0.4142857142857146,0.0,0.0,0.0
남원시,2023-06-26,1.1184332467438172,21,7.542857142857143,0.0,7,26,8.97857142857142,0.0,10.814285714285713,0.0,0.11192881911549082,0.03690433215857147,-1.1936507936507947,-0.6642857142857181,0.2575396825396812,-0.3333333333333333,-0.3333333333333333,-0.3333333333333333
남원시,2023-07-03,1.201023331583622,21,7.728571428571428,0.0,7,27,7.635714285714278,0.0,9.760714285714286,0.0,0.18317396970650263,0.10311420248331271,-0.24761904761904763,-0.7206349206349243,0.2107142857142854,-0.2222222222222222,-0.5555555555555556,-0.5555555555555556
남원시,2023-07-10,1.132310541118749,22,5.885714285714286,0.0,7,28,6.80714285714285,0.0,7.892857142857142,0.0,0.12426027176970633,0.024393358723875977,-2.01111111111111,-1.1293650793650825,-0.8968253968253972,-0.6666666666666666,-0.8888888888888888,-1.2222222222222223
남원시,2023-07-17,1.0870655003802085,28,7.242857142857142,1.0,7,29,6.564285714285707,1.0,7.1,1.0,0.08348186426310997,-0.020488968607113675,-0.7095238095238106,-1.3603174603174644,-1.0404761904761894,0.33333333333333337,-0.33333333333333326,-0.8888888888888888
남원시,2023-07-24,1.0790360989170622,23,9.014285714285714,0.0,7,30,8.128571428571421,1.0,7.467857142857142,1.0,0.07606814161725318,-0.0040129557350226525,0.155555555555555,-0.27698412698413044,-0.7031746031746042,-1.2222222222222223,-0.8888888888888888,-1.7777777777777777
남원시,2023-07-31,1.109580369764292,23,11.514285714285714,1.0,7,31,10.264285714285707,1.0,8.414285714285715,2.0,0.10398189858972497,0.017138652285970973,1.6158730158730155,0.8857142857142826,-0.23730158730158735,0.0,-1.2222222222222223,-1.5555555555555554
남원시,2023-08-07,0.9963960833547282,23,8.142857142857142,2.0,7,32,9.828571428571422,3.0,8.978571428571428,4.0,-0.003610426397975213,-0.09053179275218291,-0.5047619047619047,0.5555555555555518,0.13928571428571423,0.4444444444444444,0.44444444444444464,-0.44444444444444464
남원시,2023-08-14,1.0143122719418691,24,9.614285714285712,1.0,7,33,8.87857142857142,3.0,9.571428571428571,4.0,0.014210818253831541,-0.08168073494207216,0.2946428571428559,0.055357142857136665,0.5178571428571423,0.625,1.5,0.625
남원시,2023-08-21,1.0608294678920358,20,9.400000000000002,0.0,7,34,9.50714285714285,1.0,9.667857142857143,4.0,0.0590511189965482,-0.017429668622405935,0.36071428571428754,0.32767857142856727,0.564285714285715,-0.25,0.375,1.25
남원시,2023-08-28,1.1145898717041773,21,7.114285714285714,0.0,7,35,8.257142857142851,0.0,8.567857142857143,3.0,0.10848650917874257,0.026257752248616636,-0.6035714285714295,-0.12142857142857366,-0.03303571428571317,-0.25,-0.5,1.0
남원시,2023-09-04,1.0933432845338775,21,11.12857142857143,0.0,7,36,9.121428571428565,0.0,9.314285714285715,1.0,0.08924023539433719,0.04137367328276155,2.335714285714287,0.8660714285714253,0.5968750000000007,0.0,-0.25,0.125
남원시,2023-09-11,1.1079682799409125,23,7.585714285714286,0.0,7,37,9.35714285714285,0.0,8.807142857142857,0.0,0.10252795970312416,0.0191787238287658,-0.21249999999999947,1.0616071428571399,0.47008928571428577,0.0,0.0,-0.5
남원시,2023-09-18,1.164160174249577,22,8.5,0.0,7,38,8.042857142857136,0.0,8.582142857142859,0.0,0.15199994658592952,0.06775456004713389,-0.9446428571428562,-0.578571428571431,0.1437500000000025,-0.125,-0.125,-0.375
남원시,2023-09-25,1.0628037445747307,22,8.12857142857143,0.0,7,39,8.314285714285708,0.0,8.835714285714287,0.0,0.06091045820812627,-0.011936559307042599,-2.3410714285714285,-1.642857142857146,-0.2906249999999986,0.0,-0.125,-0.125
남원시,2023-10-02,1.0864120019674357,24,10.957142857142857,0.0,7,40,9.542857142857137,0.0,8.792857142857143,0.0,0.08288052522761544,-0.010041195841282324,0.9839285714285708,-0.6785714285714306,-0.6285714285714281,0.0,0.0,-0.125
남원시,2023-10-09,1.0739801315084925,24,12.0,0.0,7,41,11.47857142857142,0.0,9.896428571428572,0.0,0.07137149638901127,0.02474416621612302,0.7053571428571423,0.844642857142853,-0.399107142857142,0.0,0.0,-0.125
남원시,2023-10-16,1.1023884363844147,24,14.200000000000001,0.0,7,42,13.099999999999994,0.0,11.321428571428573,0.0,0.09747913173060077,0.04680361678175278,2.0892857142857153,1.397321428571427,0.359375,0.0,0.0,0.0
남원시,2023-10-23,1.119209137807282,22,13.928571428571429,0.0,7,43,14.064285714285708,0.0,12.77142857142857,0.0,0.11262230892415484,0.059231492593595815,0.9785714285714295,1.5339285714285698,1.1892857142857132,0.0,0.0,0.0
남원시,2023-10-30,1.0497482416493904,24,14.671428571428573,0.0,7,44,14.299999999999994,0.0,13.7,0.0,0.04855036556232065,-0.005961869091119086,0.8375000000000004,0.9080357142857114,1.15267857142857,0.0,0.0,0.0
남원시,2023-11-06,1.0471285281281997,25,12.614285714285714,0.0,7,45,13.642857142857135,0.0,13.853571428571428,0.0,0.046051682833850076,0.0008322964528687526,-0.6410714285714292,0.09821428571428115,0.8160714285714281,0.0,0.0,0.0
남원시,2023-11-13,1.0868558883967432,20,10.314285714285715,0.0,7,46,11.464285714285708,0.0,12.882142857142856,0.0,0.0832890219780144,0.03503398878016672,-3.1125000000000007,-1.8767857142857167,-0.484375,0.0,0.0,0.0
남원시,2023-11-20,1.0665552892329857,23,13.714285714285714,0.0,7,47,12.014285714285707,0.0,12.82857142857143,0.0,0.0644340993417293,0.0291028973513585,1.2232142857142847,-0.9446428571428598,-0.42321428571428577,0.0,0.0,0.0
남원시,2023-11-27,1.1428980479675612,19,8.014285714285714,0.0,7,48,10.864285714285707,0.0,11.164285714285713,0.0,0.13356718395562137,0.08280977534311902,-2.7357142857142858,-0.7562500000000032,-1.316517857142859,0.0,0.0,0.0
남원시,2023-12-04,1.1327318846577896,16,14.314285714285715,0.0,7,49,11.164285714285707,0.0,11.589285714285715,0.0,0.12463231208039154,0.052416224115475654,2.7767857142857153,0.020535714285712103,-0.4620535714285712,0.0,0.0,0.0
남원시,2023-12-11,1.1602206575143537,18,5.942857142857143,0.0,7,50,10.128571428571423,0.0,10.496428571428572,0.0,0.14861020902349606,0.059568572735517286,-4.610714285714286,-0.9169642857142879,-0.836607142857142,0.0,0.0,0.0
남원시,2023-12-18,1.194883063862689,18,8.057142857142857,0.0,7,51,6.999999999999993,0.0,9.082142857142857,0.0,0.17804832608719925,0.05276847419385969,-2.432142857142857,-3.521428571428574,-1.7504464285714292,0.0,0.0,0.0
남원시,2023-12-25,1.1187184345399106,19,9.528571428571428,0.0,7,52,8.792857142857136,0.0,9.460714285714285,0.0,0.1121837752724865,0.003157099633697244,-0.8571428571428577,-1.6446428571428608,-1.2808035714285726,0.0,0.0,0.0
남원시,2024-01-01,1.0992547006419968,16,9.042857142857143,0.0,7,1,9.285714285714278,0.0,8.142857142857142,0.0,0.0946324052961546,0.01942308420430397,-2.366071428571429,-1.549107142857146,-2.510714285714286,0.0,0.0,0.0
남원시,2024-01-08,1.1042381034352442,16,12.014285714285714,0.0,7,2,10.528571428571421,0.0,9.660714285714285,0.0,0.0991555980022283,0.007020271831043284,1.0749999999999993,-0.6455357142857174,-1.1558035714285726,0.0,0.0,0.0
남원시,2024-01-15,1.1049844412252596,16,6.928571428571429,0.0,7,3,9.471428571428564,0.0,9.378571428571428,0.0,0.09983125453145568,0.015476468256368073,-4.167857142857143,-1.5464285714285744,-1.5477678571428566,0.0,0.0,0.0
남원시,2024-01-22,1.089037678691079,17,9.057142857142857,0.0,7,4,7.992857142857136,0.0,9.260714285714286,0.0,0.08529444270129621,0.00023349865223459831,-1.7126984126984137,-2.8904761904761935,-1.6845238095238102,0.0,0.0,0.0
남원시,2024-01-29,1.0785211943969886,18,10.185714285714285,0.0,7,5,9.621428571428563,0.0,9.54642857142857,0.0,0.07559083838971468,-0.003453917914760421,-0.4444444444444464,-1.0785714285714327,-1.2444444444444454,0.0,0.0,0.0
남원시,2024-02-05,1.1184394275554048,16,8.971428571428572,0.0,7,6,9.578571428571422,0.0,8.785714285714285,0.0,0.11193434541268125,0.007221815496245745,-3.0555555555555536,-1.7500000000000036,-2.3202380952380963,0.0,0.0,0.0
남원시,2024-02-12,1.173951628866247,16,15.385714285714286,0.0,7,7,12.178571428571422,0.0,10.899999999999999,0.0,0.16037551856921495,0.05084062470193146,3.2301587301587293,0.08730158730158344,-0.495634920634922,0.0,0.0,0.0
남원시,2024-02-19,1.1479016656991607,17,4.914285714285714,0.0,7,8,10.149999999999993,0.0,9.864285714285714,0.0,0.13793563717211932,0.051255005921805014,-7.1761904761904765,-1.9730158730158767,-1.8615079365079374,0.0,0.0,0.0
남원시,2024-02-26,1.0885095784300565,18,10.87142857142857,0.0,7,9,7.892857142857135,0.0,10.035714285714285,0.0,0.08480940131388286,-0.004528578262735616,-2.4634920634920654,-4.819841269841273,-2.3662698412698404,0.0,0.0,0.0
남원시,2024-03-04,1.079594250942755,16,11.157142857142857,0.0,7,10,11.014285714285705,0.0,10.582142857142857,0.0,0.07658527697409448,0.030848977735619114,-1.6142857142857139,-2.038888888888895,-2.0059523809523814,0.0,0.0,0.0
남원시,2024-03-11,1.0490597324739936,15,16.0,0.0,7,11,13.57857142857142,0.0,10.735714285714286,0.0,0.04789427009424205,-0.017629774701289527,2.4936507936507937,0.43968253968253634,-2.190079365079365,0.0,0.0,0.0
남원시,2024-03-18,1.0648966225177052,16,12.057142857142859,0.0,7,12,14.028571428571421,0.0,12.521428571428572,0.0,0.06287772639148681,0.020316060352563246,-2.0333333333333314,0.2301587301587258,-0.9043650793650784,0.0,0.0,0.0
남원시,2024-03-25,1.1234282756837093,17,10.928571428571429,0.0,7,13,11.492857142857137,0.0,12.535714285714286,0.0,0.11638497053747844,0.02462053094050111,-4.025396825396825,-3.029365079365082,-1.2948412698412692,0.0,0.0,0.0
남원시,2024-04-01,1.0890312805361186,21,12.657142857142857,0.0,7,14,11.792857142857134,0.0,12.910714285714285,0.0,0.0852885676302309,0.033597698207341084,-1.9873015873015856,-3.00634920634921,-1.3880952380952394,0.0,0.0,0.0
남원시,2024-04-08,1.0291861867857852,18,14.685714285714285,0.0,7,15,13.671428571428564,0.0,12.582142857142857,0.0,0.028768380023478344,-0.007564237589377954,0.7587301587301578,-0.6142857142857174,-1.821825396825398,0.0,0.0,0.0
남원시,2024-04-15,1.118916503461347,16,11.614285714285714,0.0,7,16,13.149999999999991,0.0,12.471428571428572,0.0,0.11236080944243981,0.049619085342237135,-2.614285714285714,-0.9277777777777825,-1.9670634920634935,0.0,0.0,0.0
남원시,2024-04-22,1.009328064761956,13,13.657142857142857,0.0,7,17,12.635714285714277,0.0,13.153571428571428,0.0,0.009284827040717545,-0.06496640743391778,1.1238095238095234,-0.7452380952380988,-0.6797619047619055,0.0,0.0,0.0
남원시,2024-04-29,1.1216458432366352,12,10.514285714285714,0.0,7,18,12.085714285714278,0.0,12.617857142857142,0.0,0.11479710953408712,0.052327945187690926,-3.147619047619047,-1.0119047619047663,-0.96984126984127,0.0,0.0,0.0
남원시,2024-05-06,1.0641252233518488,13,11.5,0.0,7,19,11.00714285714285,0.0,11.821428571428571,0.0,0.06215307511455473,0.025059781220966137,-1.4518518518518508,-2.2997354497354543,-1.522486772486772,0.0,0.0,0.0
남원시,2024-05-13,1.0426241780498318,15,16.914285714285715,0.0,7,20,14.207142857142848,0.0,13.14642857142857,0.0,0.041740783232445705,0.025194690842064726,3.5994708994708997,1.073809523809519,0.030952380952379954,0.0,0.0,0.0
남원시,2024-05-20,1.0725387821327648,13,14.028571428571428,0.0,7,21,15.471428571428564,0.0,13.239285714285714,0.0,0.07002853166301035,0.03238804986644473,0.9031746031746017,2.251322751322748,-0.024206349206348676,0.0,0.0,0.0
남원시,2024-05-27,1.1464765008581632,16,12.514285714285714,0.0,7,22,13.271428571428565,0.0,13.739285714285714,0.0,0.13669332668898895,0.09629081198802583,-0.15238095238095184,0.3753968253968214,0.7246031746031747,0.0,0.0,0.0
남원시,2024-06-03,1.1051353947363474,17,11.4,0.0,7,23,11.95714285714285,0.0,13.714285714285714,0.0,0.09996785663679518,0.04369982845559317,-0.6031746031746028,-0.37777777777778,0.9367724867724849,0.0,0.0,0.0
남원시,2024-06-10,1.0296393834708568,17,14.271428571428572,0.0,7,24,12.835714285714278,0.0,13.053571428571429,0.0,0.029208627802540965,-0.019003853090288347,3.333333333333334,1.3650793650793638,0.8702380952380953,0.0,0.0,0.0
남원시,2024-06-17,1.0516078220687801,18,11.057142857142855,0.0,7,25,12.664285714285707,0.0,12.310714285714285,0.0,0.05032025210075626,-0.0062933891655204965,0.5079365079365061,1.9206349206349174,0.7714285714285705,0.0,0.0,0.0
남원시,2024-06-24,1.1162363140904017,19,9.128571428571428,0.0,7,26,10.092857142857135,0.0,11.464285714285714,0.0,0.10996259252010786,0.03493810556318851,0.39206349206349067,0.44999999999999574,0.9075396825396815,-0.3333333333333333,-0.3333333333333333,-0.3333333333333333
남원시,2024-07-01,1.0475967401584296,25,7.97142857142857,1.0,7,27,8.549999999999992,1.0,10.607142857142856,1.0,0.04649872192304803,-0.03356104530014189,-0.004761904761905633,0.1936507936507894,1.0571428571428552,0.7777777777777778,0.4444444444444444,0.4444444444444444
남원시,2024-07-08,1.262453919826304,24,5.657142857142857,1.0,7,28,6.814285714285706,2.0,8.453571428571427,2.0,0.2330573823537858,0.13319046930795547,-2.2396825396825397,-1.1222222222222262,-0.33611111111111214,0.33333333333333337,1.1111111111111112,0.7777777777777777
남원시,2024-07-15,1.1223925830859331,25,6.971428571428571,1.0,7,29,6.314285714285706,2.0,7.432142857142856,3.0,0.11546264169975921,0.011491808829535571,-0.9809523809523819,-1.6103174603174653,-0.708333333333333,0.33333333333333337,0.6666666666666667,1.1111111111111112
남원시,2024-07-22,1.1003303714927706,25,7.542857142857143,3.0,7,30,7.257142857142849,4.0,7.035714285714285,6.0,0.09561047243268055,0.015529375080404709,-1.3158730158730165,-1.1484126984127023,-1.1353174603174612,1.7777777777777777,2.111111111111111,3.2222222222222223
남원시,2024-07-29,1.1810848121219761,27,9.22857142857143,4.0,7,31,8.385714285714279,7.0,7.3500000000000005,9.0,0.1664333484572072,0.0795901021534532,-0.6698412698412692,-0.9928571428571455,-1.3015873015873014,3.0,4.777777777777778,5.444444444444445
남원시,2024-08-05,1.17359552511548,27,10.27142857142857,0.0,7,32,9.749999999999993,4.0,8.503571428571428,8.0,0.1600721348839122,0.0731507685297045,1.6238095238095234,0.4769841269841226,-0.3357142857142854,-1.5555555555555556,1.4444444444444446,3.5555555555555554
남원시,2024-08-12,1.1379746137998938,23,10.885714285714286,0.0,7,33,10.578571428571422,0.0,9.482142857142858,7.0,0.12925002772236005,0.03335847452645635,1.56607142857143,1.7553571428571395,0.4285714285714288,-0.375,-1.5,3.625
남원시,2024-08-19,1.1382525356993427,20,9.385714285714286,2.0,7,34,10.135714285714279,2.0,9.942857142857143,6.0,0.12949422294768373,0.0530134353287296,0.34642857142857153,0.9562499999999972,0.8392857142857153,1.75,1.375,3.25
남원시,2024-08-26,1.1565693513842055,25,9.957142857142859,0.0,7,35,9.671428571428565,2.0,10.125,2.0,0.14545816750120713,0.0632294105710812,2.2392857142857157,1.292857142857141,1.5241071428571438,-0.25,1.5,0.0
남원시,2024-09-02,1.1317234410304913,21,8.37142857142857,0.0,7,36,9.164285714285707,0.0,9.65,2.0,0.1237416398886952,0.07587507777711956,-0.4214285714285726,0.908928571428568,0.9325892857142861,0.0,-0.25,1.125
남원시,2024-09-09,1.1562075619262846,25,9.785714285714286,0.0,7,37,9.078571428571422,0.0,9.375,2.0,0.14514530597203001,0.06179607009767166,1.9875000000000007,0.7830357142857114,1.0379464285714288,0.0,0.0,1.5
남원시,2024-09-16,1.07098144466799,24,7.414285714285714,1.0,7,38,8.599999999999993,1.0,8.882142857142856,1.0,0.06857546607555598,-0.01566992046323966,-2.0303571428571425,-0.021428571428574017,0.44374999999999964,0.875,0.875,0.625
남원시,2024-09-23,1.0499539347096138,22,10.357142857142858,0.0,7,39,8.885714285714279,1.0,8.982142857142858,1.0,0.04874629150191093,-0.02410072601325794,-0.11250000000000071,-1.0714285714285747,-0.14419642857142811,0.0,0.875,0.875
남원시,2024-09-30,1.0239957081991198,23,11.614285714285714,0.0,7,40,10.985714285714277,0.0,9.792857142857143,1.0,0.0237123353967358,-0.06920938567216196,1.6410714285714274,0.7642857142857089,0.3714285714285719,0.0,0.0,0.875
남원시,2024-10-07,1.0110777878726456,22,11.685714285714285,0.0,7,41,11.649999999999991,0.0,10.267857142857142,1.0,0.01101687859445765,-0.0356104515784306,0.3910714285714274,1.0160714285714239,-0.027678571428571885,0.0,0.0,0.875
남원시,2024-10-14,1.0498768824593563,22,8.200000000000001,0.0,7,42,9.942857142857136,0.0,10.464285714285715,0.0,0.048672902493937395,-0.002002612454910596,-3.9107142857142847,-1.7598214285714313,-0.49776785714285765,0.0,0.0,0.0
남원시,2024-10-21,1.0282103058709278,20,11.757142857142856,0.0,7,43,9.97857142857142,0.0,10.814285714285713,0.0,0.02781972380526521,-0.025571092525293816,-1.192857142857143,-2.5517857142857174,-0.7678571428571441,0.0,0.0,0.0
남원시,2024-10-28,1.0770940974031544,22,9.900000000000002,0.0,7,44,10.828571428571422,0.0,10.385714285714286,0.0,0.07426676427708585,0.019754529623646114,-3.93392857142857,-2.56339285714286,-2.161607142857143,0.0,0.0,0.0
남원시,2024-11-04,1.05346490777799,21,13.400000000000002,0.0,7,45,11.649999999999995,0.0,10.814285714285717,0.0,0.05208464357725983,0.006865257196278507,0.14464285714285907,-1.894642857142859,-2.223214285714283,0.0,0.0,0.0
남원시,2024-11-11,1.0624226636032186,19,12.657142857142858,0.0,7,46,13.028571428571421,0.0,11.92857142857143,0.0,0.06055183197034752,0.01229679877249984,-0.7696428571428573,-0.31250000000000355,-1.4379464285714256,0.0,0.0,0.0
남원시,2024-11-18,1.1303881726094303,19,13.042857142857143,0.0,7,47,12.849999999999993,0.0,12.250000000000002,0.0,0.12256108931984619,0.08722988732947538,0.5517857142857139,-0.10892857142857437,-1.0017857142857132,0.0,0.0,0.0
남원시,2024-11-25,1.121917664838258,18,8.785714285714286,0.0,7,48,10.914285714285707,0.0,11.971428571428572,0.0,0.1150394219107812,0.06428201329827886,-1.9642857142857135,-0.7062500000000025,-0.5093750000000004,0.0,0.0,0.0
남원시,2024-12-02,1.1150154877551228,17,9.885714285714286,0.0,7,49,9.335714285714278,0.0,11.092857142857142,0.0,0.10886829517895073,0.03665220721403485,-1.6517857142857135,-1.808035714285717,-0.9584821428571448,0.0,0.0,0.0
남원시,2024-12-09,1.1183698961928998,19,10.27142857142857,0.0,7,50,10.07857142857142,0.0,10.496428571428572,0.0,0.11187217528330173,0.02283053899532296,-0.28214285714285836,-0.9669642857142904,-0.836607142857142,0.0,0.0,0.0
남원시,2024-12-16,1.1518642147031,19,9.114285714285714,0.0,7,51,9.692857142857134,0.0,9.514285714285714,0.0,0.1413816861452448,0.016101834251905228,-1.375,-0.8285714285714327,-1.3183035714285722,0.0,0.0,0.0
남원시,2024-12-23,1.128002730933973,20,8.685714285714285,0.0,7,52,8.899999999999991,0.0,9.489285714285714,0.0,0.12044857411369271,0.01142189847490345,-1.700000000000001,-1.537500000000005,-1.2522321428571441,0.0,0.0,0.0
남원시,2024-12-30,1.14652638868723,19,10.985714285714286,0.0,7,1,9.835714285714278,0.0,9.764285714285714,0.0,0.1367368397864229,0.061527518694572264,-0.42321428571428577,-0.9991071428571452,-0.8892857142857142,0.0,0.0,0.0
남원시,2025-01-06,1.1153988281440066,15,9.271428571428572,0.0,7,2,10.128571428571421,0.0,9.514285714285714,0.0,0.10921203435774429,0.017076708186559278,-1.6678571428571427,-1.0455357142857178,-1.302232142857143,0.0,0.0,0.0
남원시,2025-01-13,1.1164746837109258,15,11.957142857142857,0.0,7,3,10.614285714285707,0.0,10.225,0.0,0.11017611735307062,0.025821331077983012,0.8607142857142858,-0.403571428571432,-0.701339285714285,0.0,0.0,0.0
남원시,2025-01-20,1.121533346946175,19,13.242857142857142,0.0,7,4,12.59999999999999,0.0,11.364285714285714,0.0,0.11469680877251905,0.02963586472345743,2.4730158730158713,1.7166666666666615,0.41904761904761756,0.0,0.0,0.0
남원시,2025-01-27,1.1075786706612072,15,7.814285714285715,0.0,7,5,10.528571428571421,0.0,10.571428571428571,0.0,0.10217625487139803,0.023131498566922926,-2.8158730158730165,-0.17142857142857437,-0.219444444444445,0.0,0.0,0.0
남원시,2025-02-03,1.170330060274065,15,9.085714285714285,0.0,7,6,8.449999999999992,0.0,10.524999999999999,0.0,0.1572858118244983,0.05257328190806279,-2.9412698412698397,-2.8785714285714334,-0.5809523809523824,0.0,0.0,0.0
남원시,2025-02-10,1.1978226988953757,17,12.185714285714285,0.0,7,7,10.635714285714277,0.0,10.582142857142857,0.0,0.18050549115737582,0.07097059729009234,0.030158730158728275,-1.455555555555561,-0.8134920634920633,0.0,0.0,0.0
남원시,2025-02-17,1.081214868643474,17,10.12857142857143,0.0,7,8,11.15714285714285,0.0,9.803571428571429,0.0,0.07808528730809317,-0.00859534394222114,-1.9619047619047603,-0.9658730158730204,-1.9222222222222225,0.0,0.0,0.0
남원시,2025-02-24,1.0974541387569134,16,14.828571428571427,0.0,7,9,12.47857142857142,0.0,11.557142857142857,0.0,0.09299307808444189,0.0036550985078234177,1.493650793650792,-0.23412698412698774,-0.8448412698412682,0.0,0.0,0.0
남원시,2025-03-03,1.0452261694153073,19,9.37142857142857,0.0,7,10,12.09999999999999,0.0,11.628571428571426,0.0,0.04423329206166219,-0.0015030071768131759,-3.4000000000000004,-0.9531746031746096,-0.9595238095238123,0.0,0.0,0.0
남원시,2025-03-10,1.0901393252371734,16,13.985714285714286,0.0,7,11,11.67857142857142,0.0,12.078571428571427,0.0,0.08630550939111135,0.02078146459557978,0.47936507936507944,-1.460317460317464,-0.8472222222222232,0.0,0.0,0.0
남원시,2025-03-17,1.0620935013894655,17,16.3,0.0,7,12,15.142857142857135,0.0,13.621428571428572,0.0,0.060241961683822225,0.01768029564489866,2.2095238095238106,1.3444444444444397,0.19563492063492127,0.0,0.0,0.0
남원시,2025-03-24,1.1374193578021066,16,14.971428571428572,0.0,7,13,15.635714285714277,0.0,13.657142857142858,0.0,0.12876197508994672,0.036997535492969386,0.0174603174603174,1.1134920634920586,-0.17341269841269735,0.0,0.0,0.0
남원시,2025-03-31,1.061641098204238,17,15.0,0.0,7,14,14.985714285714279,0.0,15.064285714285717,0.0,0.05981591674190035,0.00812504731901053,0.35555555555555785,0.18650793650793496,0.7654761904761926,0.0,0.0,0.0
남원시,2025-04-07,1.0153353478814748,16,17.3,0.0,7,15,16.14999999999999,0.0,15.892857142857144,0.0,0.015218949927785146,-0.021113667685071152,3.3730158730158735,1.8642857142857103,1.488888888888889,0.0,0.0,0.0
남원시,2025-04-14,1.0452089618747165,18,12.414285714285713,0.0,7,16,14.85714285714285,0.0,14.92142857142857,0.0,0.04421682894321025,-0.018524895156992426,-1.814285714285715,0.7793650793650766,0.4829365079365058,0.0,0.0,0.0
남원시,2025-04-21,1.0441517336271846,16,13.785714285714286,0.0,7,17,13.099999999999993,0.0,14.625,0.0,0.04320481762315486,-0.03104641685148047,1.2523809523809533,-0.2809523809523835,0.7916666666666661,0.0,0.0,0.0
남원시,2025-04-28,1.0599565186523376,16,14.785714285714286,0.0,7,18,14.28571428571428,0.0,14.571428571428571,0.0,0.05822788714332274,-0.004241277203073449,1.1238095238095251,1.1880952380952348,0.9837301587301592,0.0,0.0,0.0
남원시,2025-05-05,1.0440872126008076,16,10.185714285714285,0.0,7,19,12.485714285714279,0.0,12.792857142857143,0.0,0.04314302294538193,0.006049729051793337,-2.766137566137566,-0.8211640211640248,-0.5510582010582006,0.0,0.0,0.0
남원시,2025-05-12,1.0201090651971707,12,12.314285714285715,0.0,7,20,11.249999999999993,0.0,12.767857142857144,0.0,0.01990954824382431,0.003363455853443331,-1.0005291005291,-1.8833333333333364,-0.3476190476190464,0.0,0.0,0.0
남원시,2025-05-19,0.9803446429777789,14,10.085714285714285,0.0,7,21,11.199999999999992,0.0,11.842857142857143,0.0,-0.01985109263327071,-0.05749157442983632,-3.0396825396825413,-2.020105820105824,-1.4206349206349191,0.0,0.0,0.0
남원시,2025-05-26,1.0807052370289072,18,15.657142857142857,0.0,7,22,12.871428571428563,0.0,12.060714285714285,0.0,0.07761382527518129,0.03721131057421818,2.9904761904761905,-0.024603174603180733,-0.9539682539682541,0.0,0.0,0.0
남원시,2025-06-02,1.0802975236285228,19,13.742857142857144,0.0,7,23,14.699999999999992,0.0,12.95,0.0,0.07723648803837188,0.02096845985716987,1.7396825396825406,2.365079365079362,0.1724867724867707,0.0,0.0,0.0
남원시,2025-06-09,1.110598515903938,17,10.442857142857141,0.0,7,24,12.092857142857135,0.0,12.482142857142856,0.0,0.10489907352332258,0.05668659263049326,-0.49523809523809703,0.62222222222222,0.2988095238095223,0.0,0.0,0.0
남원시,2025-06-16,1.1464154505992372,16,9.228571428571428,0.0,7,25,9.835714285714278,0.0,12.267857142857142,0.0,0.1366400749351053,0.08002643366882854,-1.3206349206349213,-0.9079365079365118,0.7285714285714278,0.0,0.0,0.0
남원시,2025-06-23,1.0460126641927978,18,10.342857142857142,0.0,7,26,9.785714285714278,0.0,10.939285714285713,0.0,0.044985472828327815,-0.030039014128591536,1.6063492063492042,0.1428571428571388,0.3825396825396812,-0.3333333333333333,-0.3333333333333333,-0.3333333333333333
남원시,2025-06-30,1.1829864180674852,19,10.542857142857143,1.0,7,27,10.442857142857136,1.0,10.139285714285712,1.0,0.1680421040068313,0.0879823367836414,2.5666666666666673,2.0865079365079335,0.5892857142857117,0.7777777777777778,0.4444444444444444,0.4444444444444444
남원시,2025-07-07,1.1537875298805407,19,9.442857142857141,3.0,7,28,9.992857142857135,4.0,9.889285714285712,4.0,0.14305003491306703,0.043183121867236676,1.546031746031745,2.0563492063492026,1.099603174603173,2.3333333333333335,3.111111111111111,2.7777777777777777
남원시,2025-07-14,1.2340174727586213,19,8.357142857142858,0.0,7,29,8.899999999999991,3.0,9.67142857142857,4.0,0.21027508483078128,0.10630425196055764,0.4047619047619051,0.9753968253968202,1.5309523809523817,-0.6666666666666666,1.6666666666666667,2.111111111111111
남원시,2025-07-21,1.1361001672341786,18,11.171428571428569,1.0,7,30,9.764285714285705,1.0,9.878571428571426,5.0,0.1276014917939386,0.047520394441662756,2.31269841269841,1.358730158730154,1.7075396825396805,-0.22222222222222232,-0.8888888888888888,2.2222222222222223
남원시,2025-07-28,1.1099212018107782,21,11.828571428571427,0.0,7,31,11.499999999999991,1.0,10.2,4.0,0.10428902344471969,0.017445777140965693,1.9301587301587286,2.1214285714285666,1.5484126984126974,-1.0,-1.2222222222222223,0.44444444444444464
남원시,2025-08-04,1.191260306547364,24,7.385714285714286,3.0,7,32,9.60714285714285,3.0,9.685714285714285,4.0,0.1750118278249138,0.08809046147070611,-1.261904761904761,0.3341269841269803,0.8464285714285715,1.4444444444444444,0.44444444444444464,-0.44444444444444464
남원시,2025-08-11,1.1821152439970912,22,9.2,0.0,7,33,8.292857142857136,3.0,9.89642857142857,4.0,0.16730541338268853,0.07141386018678483,-0.11964285714285694,-0.530357142857147,0.8428571428571416,-0.375,1.5,0.625
남원시,2025-08-18,1.1493620501266482,22,10.442857142857141,0.0,7,34,9.821428571428562,0.0,9.714285714285714,3.0,0.13920704943023446,0.06272626181128033,1.4035714285714267,0.6419642857142804,0.6107142857142858,-0.25,-0.625,0.25
남원시,2025-08-25,1.0742852147294102,24,9.22857142857143,1.0,7,35,9.835714285714278,1.0,9.064285714285713,4.0,0.07165552389380991,-0.010573233036316021,1.5107142857142861,1.4571428571428537,0.46339285714285694,0.75,0.5,2.0
남원시,2025-09-01,1.102916773075391,26,8.671428571428573,0.0,7,36,8.949999999999994,1.0,9.385714285714286,1.0,0.09795828237044704,0.0500917202588714,-0.12142857142857011,0.6946428571428545,0.6683035714285719,0.0,0.75,0.125
남원시,2025-09-08,1.1187772349370275,24,6.828571428571428,0.0,7,37,7.749999999999993,0.0,8.792857142857143,1.0,0.11223633438840579,0.02888709851404743,-0.9696428571428575,-0.5455357142857178,0.45580357142857153,0.0,0.0,0.5
남원시,2025-09-15,1.0704360334895233,26,8.371428571428572,0.0,7,38,7.599999999999993,0.0,8.275,1.0,0.06806607339914096,-0.016179313139654677,-1.0732142857142843,-1.0214285714285731,-0.16339285714285623,-0.125,-0.125,0.625
남원시,2025-09-22,1.1282963748659225,28,7.128571428571428,0.0,7,39,7.749999999999994,0.0,7.75,0.0,0.12070886224025577,0.04786184472508691,-3.3410714285714302,-2.20714285714286,-1.3763392857142858,0.0,-0.125,-0.125
남원시,2025-09-29,1.133710875482334,23,8.02857142857143,0.0,7,40,7.578571428571422,0.0,7.589285714285714,0.0,0.12549621290563973,0.032574491836741964,-1.9446428571428562,-2.642857142857146,-1.8321428571428564,0.0,0.0,-0.125
남원시,2025-10-06,1.0728019120278462,24,8.62857142857143,0.0,7,41,8.328571428571422,0.0,8.039285714285715,0.0,0.07027383526175078,0.023646505088862527,-2.6660714285714278,-2.3053571428571455,-2.2562499999999996,0.0,0.0,-0.125
남원시,2025-10-13,1.0838800998381353,25,6.3428571428571425,0.0,7,42,7.485714285714279,0.0,7.5321428571428575,0.0,0.08054728789441705,0.02987177294556906,-5.767857142857143,-4.216964285714289,-3.4299107142857155,0.0,0.0,0.0
남원시,2025-10-20,1.0842334006229455,22,11.0,0.0,7,43,8.671428571428564,0.0,8.5,0.0,0.08087319406848241,0.027482377737923384,-1.9499999999999993,-3.8589285714285744,-3.0821428571428573,0.0,0.0,0.0
남원시,2025-10-27,1.0656644062628207,22,12.685714285714285,0.0,7,44,11.842857142857135,0.0,9.664285714285715,0.0,0.06359846029019217,0.009086225636752432,-1.1482142857142872,-1.5491071428571477,-2.8830357142857146,0.0,0.0,0.0
남원시,2025-11-03,1.0638701164224724,23,14.571428571428571,0.0,7,45,13.628571428571421,0.0,11.149999999999999,0.0,0.061913312436667,0.016693926055685676,1.3160714285714281,0.08392857142856691,-1.887500000000001,0.0,0.0,0.0
남원시,2025-11-10,1.025679394623246,18,14.985714285714286,0.0,7,46,14.778571428571421,0.0,13.310714285714285,0.0,0.025355217042227277,-0.022899816155620402,1.55892857142857,1.4374999999999964,-0.055803571428571175,0.0,0.0,0.0
남원시,2025-11-17,1.0292920881419345,17,11.557142857142859,0.0,7,47,13.271428571428565,0.0,13.45,0.0,0.028871272881306972,-0.006459929109063834,-0.9339285714285701,0.3124999999999982,0.19821428571428434,0.0,0.0,0.0
남원시,2025-11-24,1.1441073941723563,18,11.942857142857141,0.0,7,48,11.749999999999993,0.0,13.264285714285714,0.0,0.13462476457631486,0.08386735596381252,1.1928571428571413,0.12946428571428292,0.7834821428571423,0.0,0.0,0.0
남원시,2025-12-01,1.1026214938579915,16,11.099999999999998,0.0,7,49,11.521428571428562,0.0,12.39642857142857,0.0,0.09769052077810401,0.025474432813188133,-0.4375000000000018,0.3776785714285662,0.345089285714284,0.0,0.0,0.0
남원시,2025-12-08,1.0822368613883289,16,11.271428571428572,0.0,7,50,11.185714285714278,0.0,11.467857142857143,0.0,0.0790300671769372,-0.010011569111041577,0.7178571428571434,0.14017857142856727,0.13482142857142954,0.0,0.0,0.0
남원시,2025-12-15,1.1217313338928636,18,12.1,0.0,7,51,11.68571428571428,0.0,11.603571428571428,0.0,0.11487332556868117,-0.010406526324658397,1.6107142857142858,1.1642857142857128,0.7709821428571413,0.0,0.0,0.0
남원시,2025-12-22,1.1348587727963788,18,10.342857142857143,0.0,7,52,11.221428571428564,0.0,11.20357142857143,0.0,0.1265082139371123,0.01748153829832305,-0.042857142857142705,0.783928571428568,0.4620535714285712,0.0,0.0,0.0
남원시,2025-12-29,1.0762391604887347,19,9.228571428571428,0.0,7,1,9.785714285714278,0.0,10.735714285714286,0.0,0.07347270515390242,-0.001736615937948216,-2.1803571428571438,-1.049107142857146,0.0821428571428573,0.0,0.0,0.0
남원시,2026-01-05,1.092934120156629,18,11.4,0.0,7,2,10.314285714285706,0.0,10.767857142857142,0.0,0.08886593304720794,-0.003269393123977074,0.4607142857142854,-0.8598214285714327,-0.048660714285714946,0.0,0.0,0.0
남원시,2026-01-12,1.132764311810899,17,14.657142857142857,0.0,7,3,13.028571428571421,0.0,11.407142857142857,0.0,0.12466093905682357,0.040306152781735965,3.560714285714285,2.0107142857142826,0.4808035714285719,0.0,0.0,0.0
남원시,2026-01-19,1.1131184735898343,16,9.771428571428572,0.0,7,4,12.214285714285708,0.0,11.264285714285714,0.0,0.10716551190239687,0.022104567853335255,-0.9984126984126984,1.3309523809523789,0.3190476190476179,0.0,0.0,0.0
남원시,2026-01-26,1.0669736930557565,15,11.785714285714286,0.0,7,5,10.778571428571421,0.0,11.903571428571428,0.0,0.06482631696015202,-0.014218439344323083,1.155555555555555,0.07857142857142563,1.1126984126984123,0.0,0.0,0.0
남원시,2026-02-02,1.090309793152347,16,11.314285714285713,0.0,7,6,11.549999999999994,0.0,11.882142857142856,0.0,0.08646186976116844,-0.018250660155267065,-0.7126984126984119,0.22142857142856798,0.7761904761904752,0.0,0.0,0.0
남원시,2026-02-09,1.125641281844194,17,14.185714285714285,0.0,7,7,12.749999999999993,0.0,11.764285714285714,0.0,0.11835290155791278,0.008818007690629293,2.0301587301587283,0.6587301587301546,0.3686507936507937,0.0,0.0,0.0
남원시,2026-02-16,1.2122683373195713,16,16.842857142857145,0.0,7,8,15.514285714285707,0.0,13.532142857142858,0.0,0.19249326357035393,0.10581263232003962,4.752380952380955,3.391269841269837,1.806349206349207,0.0,0.0,0.0
남원시,2026-02-23,1.189837611572475,20,10.928571428571429,0.0,7,9,13.885714285714279,0.0,13.317857142857143,0.0,0.1738168369483408,0.08447885737172232,-2.4063492063492067,1.1730158730158706,0.915873015873018,0.0,0.0,0.0
남원시,2026-03-02,1.062539067177605,17,10.5,0.0,7,10,10.714285714285708,0.0,13.114285714285716,0.0,0.0606613902488018,0.014925091010326436,-2.2714285714285705,-2.338888888888892,0.526190476190477,0.0,0.0,0.0
남원시,2026-03-09,1.089785749864264,16,14.1,0.0,7,11,12.299999999999994,0.0,13.092857142857145,0.0,0.08598111716309546,0.02045707236756389,0.5936507936507933,-0.8388888888888903,0.16706349206349458,0.0,0.0,0.0
남원시,2026-03-16,1.049149436401048,17,15.042857142857143,0.0,7,12,14.571428571428564,0.0,12.642857142857142,0.0,0.047979775322643255,0.005418109283719691,0.9523809523809526,0.7730158730158685,-0.7829365079365083,0.0,0.0,0.0
남원시,2026-03-23,1.0602805147963388,16,18.0,0.0,7,13,16.521428571428565,0.0,14.410714285714285,0.0,0.05853350971420676,-0.03323092988277057,3.046031746031746,1.9992063492063465,0.580158730158729,0.0,0.0,0.0
남원시,2026-03-30,1.0671675361888702,13,12.7,0.0,7,14,15.349999999999993,0.0,14.960714285714285,0.0,0.06500797610340875,0.013317106680518928,-1.9444444444444429,0.5507936507936488,0.6619047619047613,0.0,0.0,0.0
남원시,2026-04-06,1.052018772904475,16,13.128571428571428,0.0,7,15,12.914285714285707,0.0,14.717857142857143,0.0,0.05071095912252958,0.014378341509673279,-0.7984126984126991,-1.3714285714285737,0.3138888888888882,0.0,0.0,0.0
남원시,2026-04-13,1.1272118895951948,15,12.885714285714286,0.0,7,16,13.00714285714285,0.0,14.178571428571429,0.0,0.11974722944875826,0.057005505348555585,-1.3428571428571416,-1.0706349206349248,-0.2599206349206362,0.0,0.0,0.0
남원시,2026-04-20,1.127137539705955,15,16.342857142857145,0.0,7,17,14.61428571428571,0.0,13.764285714285714,0.0,0.11968126816671362,0.04543003369207829,3.809523809523812,1.2333333333333343,-0.06904761904761969,0.0,0.0,0.0
남원시,2026-04-27,1.1176043225802752,14,11.814285714285715,0.0,7,18,14.078571428571426,0.0,13.542857142857144,0.0,0.11118739668781251,0.04871823234141632,-1.8476190476190464,0.980952380952381,-0.04484126984126746,0.0,0.0,0.0
남원시,2026-05-04,1.0886779007011067,16,17.114285714285714,0.0,7,19,14.46428571428571,0.0,14.539285714285715,0.0,0.08496402490326044,0.047870731009671846,4.162433862433863,1.1574074074074066,1.1953703703703713,0.0,0.0,0.0
남원시,2026-05-11,1.1204516777442493,15,15.37142857142857,0.0,7,20,16.24285714285714,0.0,15.160714285714285,0.0,0.11373188771021073,0.09718579531982975,2.0566137566137552,3.109523809523811,2.045238095238094,0.0,0.0,0.0
남원시,2026-05-18,1.1290057342009991,14,11.000000000000002,0.0,7,21,13.185714285714283,0.0,13.825000000000001,0.0,0.12133736416348348,0.08369688236691786,-2.125396825396825,-0.034391534391533085,0.5615079365079385,0.0,0.0,0.0
남원시,2026-05-25,1.0793527437998838,16,11.742857142857142,0.0,7,22,11.371428571428568,0.0,13.807142857142857,0.0,0.07636155018092479,0.035959035479961675,-0.9238095238095241,-1.5246031746031754,0.7924603174603178,0.0,0.0,0.0
남원시,2026-06-01,1.0575412621767684,20,11.942857142857141,0.0,7,23,11.842857142857138,0.0,12.514285714285714,0.0,0.0559466497839631,-0.00032137839723891254,-0.06031746031746188,-0.4920634920634921,-0.26322751322751436,0.0,0.0,0.0
남원시,2026-06-08,1.1245276728413363,20,13.057142857142859,0.0,7,24,12.499999999999996,0.0,11.935714285714285,0.0,0.11736310113296575,0.06915062024013643,2.1190476190476204,1.029365079365082,-0.24761904761904852,0.0,0.0,0.0
남원시,2026-06-15,1.1200040619154505,22,10.042857142857143,0.0,7,25,11.549999999999997,0.0,11.696428571428571,0.0,0.11333231201065037,0.05671867074437362,-0.5063492063492063,0.806349206349207,0.15714285714285658,0.0,0.0,0.0
남원시,2026-06-22,1.1659860852788466,19,8.742857142857144,0.0,7,26,9.392857142857139,0.0,10.946428571428571,0.0,0.1535671541339771,0.07854266717705774,0.006349206349206327,-0.25,0.3896825396825392,-0.3333333333333333,-0.3333333333333333,-0.3333333333333333
남원시,2026-06-29,1.172068386005932,25,8.185714285714287,0.0,7,27,8.464285714285712,0.0,10.007142857142858,0.0,0.15877003928694847,0.07871027206375855,0.20952380952381144,0.10793650793650933,0.4571428571428573,-0.2222222222222222,-0.5555555555555556,-0.5555555555555556
남원시,2026-07-06,1.2147528210172105,21,8.342857142857143,1.0,7,28,8.264285714285712,1.0,8.82857142857143,1.0,0.19454061660388344,0.09467370355805309,0.4460317460317471,0.32777777777778017,0.03888888888888964,0.33333333333333337,0.11111111111111116,-0.22222222222222232
남원시,2026-07-13,1.1743980608665086,19,6.814285714285715,4.0,7,29,7.578571428571426,5.0,8.021428571428572,5.0,0.1607557277072248,0.05678489483700115,-1.1380952380952376,-0.3460317460317457,-0.11904761904761685,3.3333333333333335,3.666666666666667,3.111111111111111
남원시,2026-07-20,1.0887625879217877,25,9.014285714285714,4.0,7,30,7.914285714285711,8.0,8.089285714285715,9.0,0.08504181092879472,0.00496071357651888,0.155555555555555,-0.4912698412698404,-0.08174603174603057,2.7777777777777777,6.111111111111111,6.222222222222222
남원시,2026-07-27,1.126191831992699,22,11.257142857142856,1.0,7,31,10.135714285714283,5.0,8.857142857142858,10.0,0.11884188109737473,0.03199863479362074,1.3587301587301575,0.757142857142858,0.2055555555555557,0.0,2.7777777777777777,6.444444444444445
남원시,2026-08-03,1.150372889480223,24,11.214285714285714,5.0,7,32,11.23571428571428,6.0,9.575,14.0,0.14008614153886323,0.053164775184655524,2.5666666666666664,1.9626984126984102,0.7357142857142858,3.4444444444444446,3.4444444444444446,9.555555555555555
무주군,2018-06-04,0.71283726136743,2,13.6,0.0,7,23,15.485714285714284,0.0,15.092857142857142,0.0,-0.3385021295461442,-0.10592610177106734,0.41714285714285815,1.6371428571428552,0.5828571428571419,0.0,0.0,0.0
무주군,2018-06-11,0.6763115605839212,2,13.557142857142859,0.0,7,24,13.57857142857143,0.0,15.55,0.0,-0.39110142067787335,-0.030585222369926945,0.9107142857142865,0.7357142857142858,1.5098214285714295,0.0,0.0,0.0
무주군,2018-06-25,0.7363406837714361,2,9.87142857142857,0.0,7,26,11.714285714285715,0.0,13.6,0.0,-0.30606238179271644,0.06130510807452905,-0.348979591836736,0.3948979591836732,0.9520408163265319,-0.2857142857142857,-0.2857142857142857,-0.2857142857142857
무주군,2018-07-02,0.8345137921686813,3,8.214285714285714,0.0,7,27,9.042857142857141,0.0,11.310714285714285,0.0,-0.18090600855285635,0.15295371588531273,-1.0976190476190482,-0.8059523809523821,-0.507142857142858,0.0,0.0,0.0
무주군,2018-07-09,0.6694410469813737,4,11.342857142857143,0.0,7,28,9.778571428571428,0.0,10.746428571428572,0.0,-0.4013121730209491,0.10176599355733118,1.9809523809523828,-0.0015873015873015817,-0.043253968253967656,0.0,-0.2222222222222222,-0.2222222222222222
무주군,2018-07-16,0.6184609707781583,4,14.5,0.0,7,29,12.92142857142857,0.0,10.982142857142858,0.0,-0.48052119216709566,-0.02740739911340745,5.196825396825396,3.5888888888888886,0.9734126984126981,0.0,0.0,-0.2222222222222222
무주군,2018-07-23,0.8364020364615005,6,13.642857142857142,0.0,7,30,14.071428571428571,0.0,11.925,0.0,-0.17864587663686313,0.09303584947296942,3.587301587301587,4.392063492063491,2.1952380952380945,0.0,0.0,-0.2222222222222222
무주군,2018-07-30,0.8745492874305653,3,14.8,1.0,7,31,14.221428571428572,1.0,13.571428571428573,1.0,-0.13404662541349693,0.22458621632876835,4.071428571428571,3.829365079365079,3.7091269841269856,0.6666666666666667,0.6666666666666667,0.6666666666666667
무주군,2018-08-06,0.4377658517463934,3,12.971428571428572,0.0,7,32,13.885714285714286,1.0,13.97857142857143,1.0,-0.8260710966011224,-0.42434313201677987,3.3301587301587308,3.700793650793651,4.046428571428573,-0.4444444444444444,0.2222222222222222,0.2222222222222222
무주군,2018-08-13,0.5912101981040786,5,15.9,0.0,7,33,14.435714285714287,0.0,14.328571428571427,1.0,-0.5255836596591704,-0.17140464105533904,5.382142857142858,4.502678571428573,4.167857142857143,-0.125,-0.5,0.125
무주군,2018-08-20,0.6296838593499537,4,9.728571428571428,0.0,7,34,12.814285714285713,0.0,13.35,1.0,-0.46253739610124134,-0.2016865410729871,-0.3285714285714292,2.5267857142857135,3.183928571428572,-0.125,-0.25,0.0
무주군,2018-08-27,0.6220796869795807,5,8.842857142857143,0.0,7,35,9.285714285714285,0.0,11.860714285714284,0.0,-0.4746870803337885,-0.13137858172043448,-0.053571428571428825,-0.1910714285714299,2.155803571428569,0.0,-0.125,-0.625
무주군,2018-09-10,0.5855410429359614,3,9.728571428571428,0.0,7,37,9.285714285714285,0.0,11.05,0.0,-0.5352189994499239,-0.16708255190136467,0.6124999999999989,-0.13035714285714306,1.3830357142857146,0.0,0.0,-0.125
무주군,2018-09-17,0.5304046476175448,4,10.671428571428573,0.0,7,38,10.2,0.0,9.742857142857144,0.0,-0.6341150776723572,-0.2479128372775969,0.4023809523809536,0.7571428571428562,0.33095238095238066,0.0,0.0,0.0
무주군,2018-09-24,0.5093354994543987,3,15.242857142857144,0.0,7,39,12.957142857142859,0.0,11.121428571428572,0.0,-0.6746483450773294,-0.22621197059392323,3.365306122448981,1.9173469387755109,1.0301020408163257,0.0,0.0,0.0
무주군,2018-10-01,0.776975090718449,5,11.442857142857141,0.0,7,40,13.342857142857142,0.0,11.77142857142857,0.0,-0.25234698740578165,0.09658891375719575,1.0897959183673471,2.2275510204081606,1.5658163265306104,0.0,0.0,0.0
무주군,2018-10-08,0.9627075303247175,4,14.442857142857141,0.0,7,41,12.942857142857141,0.0,12.950000000000001,0.0,-0.03800562014018546,0.29568500215316795,2.6959183673469376,1.9479591836734667,1.9984693877551027,0.0,0.0,0.0
무주군,2018-10-15,0.7097263524719098,4,15.857142857142858,0.0,7,42,15.149999999999999,0.0,14.24642857142857,0.0,-0.3428758022934374,-0.011190589135121387,3.0020408163265326,2.8489795918367324,2.6096938775510186,0.0,0.0,0.0
무주군,2018-10-22,1.0406203744599738,2,14.485714285714286,0.0,7,43,15.17142857142857,0.0,14.057142857142857,0.0,0.03981704921340417,0.30529746559708437,1.0595238095238102,2.242857142857142,2.208333333333334,0.0,0.0,0.0
무주군,2019-07-08,0.8377202045799285,2,9.157142857142858,0.0,7,28,11.821428571428573,0.0,13.485714285714286,0.0,-0.17707111900146585,0.3260070475768144,-0.20476190476190226,2.041269841269843,2.6960317460317462,0.0,-0.2222222222222222,-0.2222222222222222
무주군,2019-07-15,0.5664039234144237,7,8.157142857142858,0.0,7,29,8.657142857142858,0.0,11.914285714285715,0.0,-0.5684478096943729,-0.11533401664068471,-1.1460317460317455,-0.6753968253968239,1.905555555555555,0.0,0.0,-0.2222222222222222
무주군,2019-07-22,1.0397525357627908,5,7.771428571428571,0.0,7,30,7.964285714285715,0.0,9.892857142857144,0.0,0.03898273845761752,0.31066446456745006,-2.284126984126984,-1.7150793650793652,0.16309523809523796,0.0,0.0,-0.2222222222222222
무주군,2019-07-29,0.7763713010050048,7,11.557142857142859,0.0,7,31,9.664285714285715,0.0,9.160714285714286,0.0,-0.2531243925577426,0.10550844918452268,0.8285714285714292,-0.7277777777777779,-0.7015873015873009,-0.3333333333333333,-0.3333333333333333,-0.3333333333333333
무주군,2019-08-05,0.7270763856587564,6,10.757142857142856,1.0,7,32,11.157142857142857,1.0,9.560714285714287,1.0,-0.3187237372861293,0.08300422729821327,1.1158730158730155,0.9722222222222214,-0.3714285714285701,0.5555555555555556,0.2222222222222222,0.2222222222222222
무주군,2019-08-12,0.6478433797238989,4,9.928571428571429,0.0,7,33,10.342857142857142,1.0,10.003571428571428,1.0,-0.434106309800467,-0.07992729119663561,-0.5892857142857135,0.4098214285714281,-0.15714285714285658,-0.125,0.5,0.125
무주군,2019-08-19,0.6874918523170983,3,11.757142857142856,0.0,7,34,10.842857142857142,0.0,11.0,1.0,-0.37470530068676616,-0.11385444565851194,1.6999999999999993,0.555357142857142,0.8339285714285722,-0.125,-0.25,0.0
무주군,2019-08-26,0.5193113180116342,2,9.157142857142858,0.0,7,35,10.457142857142857,0.0,10.4,1.0,-0.6552517336232957,-0.3119432350099417,0.2607142857142861,0.9803571428571427,0.6950892857142854,0.0,-0.125,0.375
무주군,2019-09-02,0.6170057983741444,2,7.028571428571427,0.0,7,36,8.092857142857142,0.0,9.467857142857142,0.0,-0.4828768574318564,-0.19311221677538404,-2.812244897959186,-1.2795918367346957,-0.1816326530612269,0.0,0.0,-0.2857142857142857
무주군,2019-09-09,0.5320336096425347,3,9.799999999999999,0.0,7,37,8.414285714285713,0.0,9.435714285714285,0.0,-0.6310486156162114,-0.26291216806765216,0.6839285714285701,-1.001785714285715,-0.23125000000000107,0.0,0.0,-0.125
무주군,2019-09-23,0.5983204130583077,3,12.0,0.0,7,39,10.899999999999999,0.0,9.496428571428572,0.0,-0.5136288607354325,-0.06519248625202628,0.12244897959183731,-0.13979591836734961,-0.5948979591836743,0.0,0.0,0.0
무주군,2019-09-30,0.6827035828497106,2,8.32857142857143,0.0,7,40,10.164285714285715,0.0,9.289285714285715,0.0,-0.38169450651292064,-0.03275860534994324,-2.024489795918365,-0.9510204081632665,-0.9163265306122454,0.0,0.0,0.0
무주군,2019-10-07,0.8663057381022702,2,13.514285714285714,0.0,7,41,10.92142857142857,0.0,10.910714285714285,0.0,-0.14351738641841394,0.19017323587493945,1.7673469387755105,-0.07346938775510381,-0.04081632653061362,0.0,0.0,0.0
무주군,2019-10-14,1.0411288729362371,2,13.757142857142856,0.0,7,42,13.635714285714286,0.0,11.9,0.0,0.04030557921961179,0.3719907923779278,0.9020408163265312,1.33469387755102,0.2632653061224488,0.0,0.0,0.0
무주군,2019-10-21,0.7935337984846512,5,13.1,0.0,7,43,13.428571428571427,0.0,12.175,0.0,-0.23125914573922435,0.03422127064445585,-0.3261904761904759,0.4999999999999982,0.3261904761904777,0.0,0.0,0.0
무주군,2019-10-28,0.8895635103667638,2,16.114285714285714,0.0,7,44,14.607142857142856,0.0,14.121428571428572,0.0,-0.11702437435005353,0.20598860705147792,2.002857142857142,0.9442857142857122,1.6171428571428574,0.0,0.0,0.0
무주군,2019-11-04,0.9464542903530667,5,16.342857142857145,0.0,7,45,16.228571428571428,0.0,14.82857142857143,0.0,-0.05503260283957895,0.41614530949269074,2.135714285714288,1.9619047619047603,1.4660714285714302,0.0,0.0,0.0
무주군,2019-11-11,0.9502474705159208,3,14.742857142857144,0.0,7,46,15.542857142857144,0.0,15.075000000000001,0.0,-0.05103283303063822,0.3262987202380105,0.132142857142858,1.1250000000000018,0.7678571428571441,0.0,0.0,0.0
무주군,2019-11-18,0.9111801862574852,2,16.614285714285714,0.0,7,47,15.678571428571429,0.0,15.95357142857143,0.0,-0.0930146117547173,0.18826113956080165,2.757142857142858,1.3285714285714274,2.223809523809523,0.0,0.0,0.0
무주군,2020-03-16,0.74190887810263,2,17.857142857142858,0.0,7,12,17.235714285714288,0.0,16.389285714285716,0.0,-0.2985288491476091,0.0580938293296413,2.671428571428571,2.207142857142859,1.0464285714285726,0.0,0.0,0.0
무주군,2020-03-23,0.6921390912905702,2,16.442857142857143,0.0,7,13,17.15,0.0,16.414285714285715,0.0,-0.36796834458724265,-0.05471828928718786,-1.8857142857142861,0.39285714285714235,0.6928571428571431,0.0,0.0,0.0
무주군,2020-03-30,0.5806374213877639,2,18.599999999999998,0.0,7,14,17.521428571428572,0.0,17.378571428571426,0.0,-0.543628776510009,0.0,0.0,0.0,0.0,0.0,0.0,0.0
무주군,2020-04-06,0.9773738273573369,2,16.52857142857143,0.0,7,15,17.564285714285713,0.0,17.357142857142858,0.0,-0.022886072326042214,0.0,0.0,0.0,0.0,0.0,0.0,0.0
무주군,2020-04-13,0.7007048886573479,2,16.657142857142855,0.0,7,16,16.59285714285714,0.0,17.057142857142857,0.0,-0.35566846681059483,0.008693976702274064,-0.10000000000000142,1.0214285714285705,1.5035714285714281,0.0,0.0,0.0
무주군,2020-06-15,0.5932302826931597,2,11.828571428571427,0.0,7,25,14.24285714285714,0.0,15.903571428571428,0.0,-0.5221726203026072,-0.19676307869425447,0.43428571428571416,1.8014285714285698,2.4935714285714283,0.0,0.0,0.0
무주군,2020-06-22,0.673771658449339,3,11.299999999999999,0.0,7,26,11.564285714285713,0.0,14.078571428571427,0.0,-0.39486401115413783,-0.02749652128689234,1.0795918367346928,0.24489795918367108,1.4306122448979597,-0.2857142857142857,-0.2857142857142857,-0.2857142857142857
무주군,2020-06-29,0.6705430549802205,5,8.514285714285714,0.0,7,27,9.907142857142857,0.0,12.074999999999998,0.0,-0.39966736507780926,-0.06580764063964017,-0.7976190476190474,0.05833333333333357,0.25714285714285445,0.0,0.0,0.0
무주군,2020-07-06,0.7101080907208347,6,9.142857142857142,0.0,7,28,8.82857142857143,0.0,10.196428571428571,0.0,-0.34233808008229766,0.16074008649598265,-0.21904761904761827,-0.9515873015873009,-0.5932539682539684,0.0,-0.2222222222222222,-0.2222222222222222
무주군,2020-07-13,0.8479893936535066,5,8.385714285714286,0.0,7,29,8.764285714285714,0.0,9.335714285714285,0.0,-0.16488715075252566,0.28822664230116257,-0.9174603174603178,-0.568253968253968,-0.6730158730158742,0.0,0.0,-0.2222222222222222
무주군,2020-07-20,0.9162998704387509,3,5.457142857142857,0.0,7,30,6.921428571428572,0.0,7.875,0.0,-0.08741159840708236,0.1842701277027502,-4.598412698412698,-2.757936507936509,-1.8547619047619062,0.0,0.0,-0.2222222222222222
무주군,2020-07-27,0.8939968040530561,2,7.071428571428571,1.0,7,31,6.264285714285714,1.0,7.514285714285714,1.0,-0.11205307869973749,0.2465797630425278,-3.6571428571428584,-4.127777777777778,-2.348015873015873,0.6666666666666667,0.6666666666666667,0.6666666666666667
무주군,2020-08-03,0.9124588993800774,4,7.385714285714286,0.0,7,32,7.228571428571429,1.0,7.074999999999999,1.0,-0.09161223631515934,0.3101157282691832,-2.2555555555555546,-2.9563492063492065,-2.8571428571428577,-0.4444444444444444,0.2222222222222222,0.2222222222222222
무주군,2020-08-10,0.9093077511918711,3,9.028571428571427,0.0,7,33,8.207142857142856,0.0,7.235714285714285,1.0,-0.09507168193614432,0.25910733666768704,-1.4892857142857157,-1.725892857142858,-2.925,-0.125,-0.5,0.125
무주군,2020-08-17,0.9533608602115166,5,10.928571428571429,0.0,7,34,9.978571428571428,0.0,8.603571428571428,1.0,-0.04776178990545978,0.21308906512279444,0.8714285714285719,-0.3089285714285719,-1.5625,-0.125,-0.25,0.0
무주군,2020-08-24,0.8588425612264017,5,9.857142857142858,0.0,7,35,10.392857142857142,0.0,9.3,0.0,-0.1521696552553503,0.19113884335800368,0.9607142857142854,0.9160714285714278,-0.40491071428571423,0.0,-0.125,-0.625
무주군,2020-08-31,0.8352171738992019,4,7.185714285714286,0.0,7,36,8.521428571428572,0.0,9.25,0.0,-0.1800634994463943,0.10970114121007804,-2.6551020408163266,-0.8510204081632651,-0.39948979591836853,0.0,0.0,-0.2857142857142857
무주군,2020-09-07,0.9694826623840419,4,7.771428571428571,0.0,7,37,7.478571428571429,0.0,8.935714285714287,0.0,-0.030992687508285287,0.33714376004027397,-1.3446428571428575,-1.9374999999999991,-0.7312499999999993,0.0,0.0,-0.125
무주군,2020-09-14,1.4615517460576766,2,11.057142857142859,0.0,7,38,9.414285714285715,0.0,8.967857142857143,0.0,0.37949871107147926,0.7657009514662396,0.7880952380952397,-0.02857142857142847,-0.4440476190476197,0.0,0.0,0.0
무주군,2020-09-21,1.1722181939666916,4,11.814285714285715,0.0,7,39,11.435714285714287,0.0,9.457142857142859,0.0,0.15889784615343255,0.6073342206368387,-0.06326530612244774,0.39591836734693864,-0.6341836734693871,0.0,0.0,0.0
무주군,2020-09-28,1.3434830281099062,4,12.2,0.0,7,40,12.007142857142858,0.0,10.710714285714285,0.0,0.29526551639957616,0.6442014175625536,1.8469387755102051,0.8918367346938769,0.5051020408163254,0.0,0.0,0.0
무주군,2021-07-12,0.6230459768365272,3,11.642857142857142,0.0,7,28,11.92142857142857,0.0,11.678571428571429,0.0,-0.4731349638221539,0.029943202756126386,2.2809523809523817,2.1412698412698408,0.8888888888888893,0.0,-0.2222222222222222,-0.2222222222222222
무주군,2021-07-19,0.9962862233963431,5,11.0,0.0,7,29,11.321428571428573,0.0,11.664285714285715,0.0,-0.0037206897933234747,0.44939310326036475,1.6968253968253961,1.9888888888888907,1.655555555555555,0.0,0.0,-0.2222222222222222
무주군,2021-07-26,0.8785205038930327,7,11.828571428571427,0.0,7,30,11.414285714285715,0.0,11.667857142857143,0.0,-0.12951603196538988,0.14216569414444266,1.773015873015872,1.734920634920634,1.9380952380952365,0.0,0.0,-0.2222222222222222
무주군,2021-08-02,0.9539501367023742,6,9.914285714285715,0.0,7,31,10.871428571428572,0.0,11.096428571428572,0.0,-0.04714387650742378,0.3114889652348415,-0.814285714285715,0.47936507936507944,1.2341269841269842,-0.3333333333333333,-0.3333333333333333,-0.3333333333333333
무주군,2021-08-09,0.787926405356251,6,9.985714285714286,0.0,7,32,9.950000000000001,0.0,10.682142857142857,0.0,-0.23835058770372503,0.16337737688061754,0.344444444444445,-0.23492063492063409,0.75,-0.4444444444444444,-0.7777777777777778,-0.7777777777777778
무주군,2021-08-16,0.775128690683131,7,8.628571428571428,0.0,7,33,9.307142857142857,0.0,10.089285714285714,0.0,-0.25472621091961695,0.09945280768421444,-1.8892857142857142,-0.6258928571428566,-0.07142857142857117,-0.125,-0.5,-0.875
무주군,2021-08-23,0.7462034510837724,3,6.685714285714285,0.0,7,34,7.6571428571428575,0.0,8.803571428571427,0.0,-0.2927569933280305,-0.03190613829977629,-3.371428571428572,-2.630357142857142,-1.3625000000000007,-0.125,-0.25,-1.0
무주군,2021-08-30,0.9035685503224489,2,8.5,0.0,7,35,7.592857142857143,0.0,8.45,0.0,-0.1014032998606934,0.2419051987526606,-0.39642857142857224,-1.8839285714285712,-1.2549107142857157,0.0,-0.125,-0.625
무주군,2021-09-06,0.8427860126577016,4,10.028571428571428,0.0,7,36,9.264285714285716,0.0,8.460714285714285,0.0,-0.1710421934668736,0.11872244718959873,0.1877551020408159,-0.1081632653061213,-1.1887755102040831,0.0,0.0,-0.2857142857142857
무주군,2021-09-13,0.9140297343506835,4,9.457142857142857,0.0,7,37,9.742857142857144,0.0,8.667857142857143,0.0,-0.08989217594479959,0.27824427160375964,0.34107142857142847,0.326785714285716,-0.9991071428571434,0.0,0.0,-0.125
무주군,2021-09-20,0.8050347712745382,6,10.642857142857142,0.0,7,38,10.05,0.0,9.657142857142857,0.0,-0.21686980836655217,0.16933243202820814,0.37380952380952337,0.6071428571428577,0.24523809523809348,0.0,0.0,0.0
무주군,2021-09-27,0.8490241991242309,6,11.357142857142858,0.0,7,39,11.0,0.0,10.371428571428572,0.0,-0.16366758998602823,0.28476878449737797,-0.520408163265305,-0.03979591836734819,0.2801020408163257,0.0,0.0,0.0
무주군,2021-10-04,0.8264628191435414,4,12.0,0.0,7,40,11.67857142857143,0.0,10.864285714285714,0.0,-0.19060034864518535,0.15833555251779205,1.6469387755102058,0.5632653061224495,0.6586734693877538,0.0,0.0,0.0
무주군,2021-10-11,0.7438879393470913,3,8.285714285714286,0.0,7,41,10.142857142857144,0.0,10.571428571428573,0.0,-0.2958648746503849,0.03782574764296848,-3.4612244897959172,-0.8520408163265305,-0.38010204081632537,0.0,0.0,0.0
무주군,2021-10-18,0.9231134179181585,2,14.642857142857142,0.0,7,42,11.464285714285715,0.0,11.571428571428571,0.0,-0.08000317237706153,0.25168204078125445,1.7877551020408173,-0.8367346938775508,-0.06530612244898037,0.0,0.0,0.0
무주군,2021-10-25,1.0270418408827156,2,15.657142857142857,0.0,7,43,15.15,0.0,12.646428571428572,0.0,0.02668267099551712,0.29216308737919733,2.230952380952381,2.2214285714285715,0.7976190476190492,0.0,0.0,0.0
무주군,2021-11-01,0.9557579892705083,3,14.657142857142857,0.0,7,44,15.157142857142858,0.0,13.310714285714287,0.0,-0.045250547277059676,0.27776243412447177,0.5457142857142845,1.4942857142857147,0.8064285714285724,0.0,0.0,0.0
무주군,2021-11-08,0.8338081564585824,2,8.485714285714286,0.0,7,45,11.571428571428573,0.0,13.360714285714284,0.0,-0.18175193131106018,0.28942598102120953,-5.7214285714285715,-2.6952380952380945,-0.0017857142857149455,0.0,0.0,0.0
무주군,2021-11-15,0.8634462856625275,4,14.685714285714285,0.0,7,46,11.585714285714285,0.0,13.37142857142857,0.0,-0.1468235887007911,0.2305079645678576,0.07499999999999929,-2.8321428571428573,-0.9357142857142868,0.0,0.0,0.0
무주군,2021-11-22,0.5531784989795784,3,12.414285714285715,0.0,7,47,13.55,0.0,12.560714285714285,0.0,-0.5920745465781365,-0.31079879526261756,-1.4428571428571413,-0.8000000000000007,-1.1690476190476211,0.0,0.0,0.0
무주군,2021-11-29,0.8288663782698265,2,12.242857142857142,0.0,7,48,12.32857142857143,0.0,11.957142857142857,0.0,-0.18769632107264303,0.29724120970796863,-0.10714285714285765,-0.08571428571428541,-0.6839285714285719,0.0,0.0,0.0
무주군,2022-04-18,0.6886263792994303,2,16.857142857142858,0.0,7,16,14.55,0.0,14.05,0.0,-0.37305642021514296,-0.008693976702274064,0.10000000000000142,-1.0214285714285705,-1.5035714285714281,0.0,0.0,0.0
무주군,2022-04-25,0.5487010391055148,3,11.871428571428572,0.0,7,17,14.364285714285717,0.0,13.346428571428573,0.0,-0.6002015411600888,-0.07995667185757116,-1.2785714285714285,0.9035714285714302,-0.15892857142856975,0.0,0.0,0.0
무주군,2022-05-02,0.5891391214662899,3,17.614285714285714,0.0,7,18,14.742857142857144,0.0,14.646428571428572,0.0,-0.5290929237878155,-0.04338526456605096,2.307142857142857,1.0071428571428562,0.6857142857142868,0.0,0.0,0.0
무주군,2022-05-09,0.5635577313432985,2,13.014285714285714,0.0,7,19,15.314285714285713,0.0,14.839285714285715,0.0,-0.5734854993866485,-0.00024907511825389417,-1.6333333333333329,0.6809523809523803,0.6738095238095241,0.0,0.0,0.0
무주군,2022-05-16,0.45357627048661514,2,17.014285714285716,0.0,7,20,15.014285714285716,0.0,14.87857142857143,0.0,-0.7905918416790364,-0.08230774119864392,0.9095238095238116,-1.576190476190476,-0.13214285714285623,0.0,0.0,0.0
무주군,2022-05-23,0.5331610159672184,3,17.157142857142855,0.0,7,21,17.08571428571429,0.0,16.2,0.0,-0.6289318066902944,-0.005412871933644148,3.657142857142855,2.9267857142857174,1.7803571428571416,0.0,0.0,0.0
무주군,2022-05-30,0.6564319885513699,2,14.885714285714288,0.0,7,22,16.021428571428572,0.0,15.517857142857144,0.0,-0.42093618763344526,0.07793845786978348,0.20952380952381056,1.545238095238096,1.50357142857143,0.0,0.0,0.0
무주군,2022-06-06,0.8876190046646181,3,10.299999999999999,0.0,7,23,12.592857142857143,0.0,14.839285714285715,0.0,-0.11921267685884494,0.11336335091623194,-2.8828571428571426,-1.2557142857142853,0.3292857142857155,0.0,0.0,0.0
무주군,2022-06-13,0.6723775884826073,5,9.971428571428573,0.0,7,24,10.135714285714286,0.0,13.07857142857143,0.0,-0.3969352086358026,-0.036419010327856216,-2.674999999999999,-2.7071428571428573,-0.961607142857142,0.0,0.0,0.0
무주군,2022-06-20,0.7018959274364366,5,10.557142857142855,0.0,7,25,10.264285714285714,0.0,11.428571428571427,0.0,-0.35397013746171563,-0.028560595853362847,-0.8371428571428581,-2.177142857142856,-1.981428571428573,0.0,0.0,0.0
무주군,2022-06-27,0.6303534655122561,3,9.228571428571428,2.0,7,26,9.892857142857142,2.0,10.014285714285712,2.0,-0.46147456056117675,-0.09410707069393126,-0.9918367346938783,-1.4265306122448997,-2.6336734693877553,1.7142857142857144,1.7142857142857144,1.7142857142857144
무주군,2022-07-11,0.5244504805145624,4,8.342857142857143,0.0,7,28,8.785714285714285,2.0,9.525,2.0,-0.6454042683492551,-0.14232610177097482,-1.0190476190476172,-0.9944444444444454,-1.2646825396825392,0.0,1.7777777777777777,1.7777777777777777
무주군,2022-07-18,0.6386806826738539,5,7.985714285714287,0.0,7,29,8.164285714285715,0.0,9.028571428571428,2.0,-0.4483506636287409,0.004763129424947332,-1.3174603174603172,-1.1682539682539677,-0.9801587301587311,0.0,0.0,1.7777777777777777
무주군,2022-07-25,0.48100139990502766,5,9.528571428571428,0.0,7,30,8.757142857142856,0.0,8.771428571428572,2.0,-0.7318850984751482,-0.4602033723653156,-0.5269841269841269,-0.9222222222222243,-0.9583333333333339,0.0,0.0,1.7777777777777777
무주군,2022-08-01,0.7024175149790494,4,8.671428571428573,0.0,7,31,9.1,0.0,8.632142857142858,0.0,-0.3532273010680111,0.0054055406742541945,-2.057142857142857,-1.2920634920634928,-1.2301587301587293,-0.3333333333333333,-0.3333333333333333,-0.3333333333333333
무주군,2022-08-08,0.7780049200107696,7,5.985714285714285,2.0,7,32,7.328571428571427,2.0,8.042857142857143,2.0,-0.2510224309024437,0.15070553368189887,-3.655555555555556,-2.8563492063492077,-1.8892857142857142,1.5555555555555556,1.2222222222222223,1.2222222222222223
무주군,2022-08-15,0.8185008138206391,6,8.685714285714285,1.0,7,33,7.3357142857142845,3.0,8.217857142857142,3.0,-0.20028088788843734,0.15389813071539404,-1.8321428571428573,-2.597321428571429,-1.942857142857143,0.875,2.5,2.125
무주군,2022-08-22,0.8153029020063931,6,9.642857142857142,0.0,7,34,9.164285714285713,1.0,8.24642857142857,3.0,-0.20419557588578713,0.056655279142467097,-0.4142857142857146,-1.1232142857142868,-1.9196428571428577,-0.125,0.75,2.0
무주군,2022-08-29,0.7989057682980398,8,6.300000000000002,0.0,7,35,7.9714285714285715,0.0,7.6535714285714285,3.0,-0.22451227721974412,0.11879622139360987,-2.5964285714285706,-1.505357142857143,-2.0513392857142865,0.0,-0.125,2.375
무주군,2022-09-05,0.9404471433151453,7,11.342857142857143,0.0,7,36,8.821428571428573,0.0,8.992857142857144,1.0,-0.06139983244222113,0.2283648082142512,1.5020408163265309,-0.5510204081632644,-0.6566326530612248,0.0,0.0,0.7142857142857143
무주군,2022-09-12,0.7133360349019097,7,9.157142857142857,0.0,7,37,10.25,0.0,9.110714285714286,0.0,-0.33780267239585343,0.0303337751527058,0.04107142857142776,0.8339285714285722,-0.5562500000000004,0.0,0.0,-0.125
무주군,2022-09-19,0.6952812175625203,4,13.042857142857143,0.0,7,38,11.1,0.0,9.960714285714285,0.0,-0.36343888567145993,0.022763354723300377,2.7738095238095237,1.6571428571428566,0.5488095238095223,0.0,0.0,0.0
무주군,2022-09-26,0.5857126304736937,9,15.614285714285714,0.0,7,39,14.32857142857143,0.0,12.289285714285715,0.0,-0.5349260013695674,-0.08648962688616119,3.736734693877551,3.288775510204081,2.1979591836734684,0.0,0.0,0.0
무주군,2022-10-03,0.6002288948543217,6,8.528571428571428,0.0,7,40,12.071428571428571,0.0,11.585714285714285,0.0,-0.5104442050914728,-0.1615083039284954,-1.8244897959183657,0.9561224489795901,1.3801020408163254,0.0,0.0,0.0
무주군,2022-10-10,0.9688568353841618,5,13.214285714285714,0.0,7,41,10.87142857142857,0.0,12.6,0.0,-0.0316384227082818,0.30205219958507157,1.4673469387755098,-0.12346938775510452,1.6484693877551013,0.0,0.0,0.0
무주군,2022-10-17,0.7130049718585597,7,14.742857142857144,0.0,7,42,13.978571428571428,0.0,13.025,0.0,-0.33826688543849326,-0.006581672280177253,1.8877551020408188,1.6775510204081616,1.3882653061224488,0.0,0.0,0.0
무주군,2022-10-24,0.49986759433082595,4,16.4,0.0,7,43,15.57142857142857,0.0,13.22142857142857,0.0,-0.6934120269670071,-0.4279316105833269,2.973809523809523,2.6428571428571406,1.3726190476190467,0.0,0.0,0.0
무주군,2022-10-31,0.5937901278011439,5,15.842857142857143,0.0,7,44,16.12142857142857,0.0,15.049999999999999,0.0,-0.5212293422518746,-0.1982163608503431,1.7314285714285713,2.4585714285714264,2.5457142857142845,0.0,0.0,0.0
무주군,2022-11-07,0.6921301592339852,2,17.285714285714285,0.0,7,45,16.564285714285713,0.0,16.067857142857143,0.0,-0.3679812496728416,0.10319666265942806,3.0785714285714274,2.2976190476190457,2.705357142857144,0.0,0.0,0.0
무주군,2022-11-14,0.5388487634506925,3,14.257142857142856,0.0,7,46,15.77142857142857,0.0,15.94642857142857,0.0,-0.6183203347351138,-0.24098878146646513,-0.35357142857142954,1.3535714285714278,1.6392857142857125,0.0,0.0,0.0
무주군,2023-01-09,0.9824602995460499,2,13.128571428571428,0.0,7,2,13.692857142857143,0.0,15.128571428571428,0.0,-0.017695343641846984,0.0,0.0,0.0,0.0,0.0,0.0,0.0
무주군,2023-03-20,0.660527508556921,3,12.514285714285714,0.0,7,12,12.821428571428571,0.0,14.29642857142857,0.0,-0.4147165078068916,-0.058093829329641244,-2.6714285714285726,-2.2071428571428573,-1.0464285714285726,0.0,0.0,0.0
무주군,2023-03-27,0.7721845014367746,3,20.214285714285715,0.0,7,13,16.364285714285714,0.0,15.028571428571428,0.0,-0.258531766012867,0.054718289287187805,1.8857142857142861,-0.39285714285714235,-0.6928571428571431,0.0,0.0,0.0
무주군,2023-05-15,0.49347032014601044,3,14.900000000000002,0.0,7,20,17.557142857142857,0.0,15.189285714285717,0.0,-0.7062925634652807,0.0019915370151117884,-1.2047619047619023,0.966666666666665,0.1785714285714306,0.0,0.0,0.0
무주군,2023-05-22,0.3117912240710992,3,11.171428571428569,0.0,7,21,13.035714285714285,0.0,14.7,0.0,-1.165421468774134,-0.5419025340174838,-2.328571428571431,-1.1232142857142868,0.28035714285714164,0.0,0.0,0.0
무주군,2023-06-05,0.7249985474771719,2,13.757142857142856,0.0,7,23,12.464285714285712,0.0,15.010714285714286,0.0,-0.3215856276092322,-0.08900959983415532,0.5742857142857147,-1.384285714285717,0.5007142857142863,0.0,0.0,0.0
무주군,2023-06-19,0.8255016100420729,2,11.200000000000001,0.0,7,25,12.478571428571428,0.0,12.757142857142856,0.0,-0.19176406523975836,0.13364547636859442,-0.19428571428571217,0.037142857142857366,-0.6528571428571439,0.0,0.0,0.0
무주군,2023-06-26,0.5878572711478812,6,8.557142857142859,0.0,7,26,9.87857142857143,0.0,11.17142857142857,0.0,-0.5312710966917551,-0.1639036068245096,-1.6632653061224474,-1.4408163265306122,-1.476530612244897,-0.2857142857142857,-0.2857142857142857,-0.2857142857142857
무주군,2023-07-03,0.7479729079830844,4,9.585714285714285,0.0,7,27,9.071428571428573,0.0,10.775,0.0,-0.29038852093754497,0.04347120350062411,0.2738095238095237,-0.7773809523809501,-1.0428571428571427,0.0,0.0,0.0
무주군,2023-07-10,0.6499422521572592,4,6.442857142857142,0.0,7,28,8.014285714285714,0.0,8.946428571428571,0.0,-0.43087176287419854,0.07220640370408177,-2.9190476190476184,-1.7658730158730158,-1.8432539682539684,0.0,-0.2222222222222222,-0.2222222222222222
무주군,2023-07-17,0.5659094594367416,6,9.057142857142859,0.0,7,29,7.75,0.0,8.410714285714286,0.0,-0.5693211792342919,-0.11620738618060372,-0.24603174603174516,-1.5825396825396822,-1.5980158730158731,0.0,0.0,-0.2222222222222222
무주군,2023-07-24,0.7066037839376623,7,10.700000000000001,0.0,7,30,9.87857142857143,0.0,8.946428571428573,0.0,-0.34728518893746213,-0.07560346282762959,0.6444444444444457,0.1992063492063494,-0.7833333333333332,0.0,0.0,-0.2222222222222222
무주군,2023-07-31,0.5739296923885471,8,11.42857142857143,0.0,7,31,11.064285714285717,0.0,9.407142857142858,0.0,-0.5552483772926983,-0.19661553555043298,0.7000000000000011,0.6722222222222243,-0.455158730158729,-0.3333333333333333,-0.3333333333333333,-0.3333333333333333
무주군,2023-08-07,0.6621811533906699,3,8.4,0.0,7,32,9.914285714285715,0.0,9.896428571428572,0.0,-0.41221611487401705,-0.01048815028967448,-1.2412698412698404,-0.27063492063492056,-0.0357142857142847,-0.4444444444444444,-0.7777777777777778,-0.7777777777777778
무주군,2023-08-14,0.565155212928935,4,10.057142857142859,0.0,7,33,9.22857142857143,0.0,10.146428571428572,0.0,-0.5706548724138863,-0.21647585381005496,-0.46071428571428363,-0.704464285714284,-0.014285714285712459,-0.125,-0.5,-0.875
무주군,2023-08-21,0.9003534783983898,3,10.271428571428572,0.0,7,34,10.164285714285715,0.0,10.039285714285715,0.0,-0.1049678389894131,0.15588301603884114,0.2142857142857153,-0.12321428571428505,-0.12678571428571317,-0.125,-0.25,-1.0
무주군,2023-08-28,0.6814437283140171,5,8.171428571428573,0.0,7,35,9.221428571428572,0.0,9.225000000000001,0.0,-0.3835416015936009,-0.040233102980246904,-0.7249999999999996,-0.25535714285714306,-0.4799107142857135,0.0,-0.125,-0.625
무주군,2023-09-04,0.7377085150842676,6,12.77142857142857,0.0,7,36,10.471428571428572,0.0,10.317857142857143,0.0,-0.30420649841176084,-0.0144418577552885,2.930612244897958,1.0989795918367342,0.6683673469387745,0.0,0.0,-0.2857142857142857
무주군,2023-09-11,0.5924280349318898,5,7.714285714285714,0.0,7,37,10.242857142857142,0.0,9.732142857142858,0.0,-0.5235258733802834,-0.15538942583172421,-1.4017857142857144,0.8267857142857142,0.06517857142857153,0.0,0.0,-0.125
무주군,2023-09-18,0.35080510802205866,3,8.285714285714286,0.0,7,38,8.0,0.0,9.235714285714288,0.0,-1.0475244575238185,-0.6613222171290583,-1.9833333333333325,-1.442857142857143,-0.17619047619047556,0.0,0.0,0.0
무주군,2023-09-25,0.39595557787562724,4,8.157142857142858,0.0,7,39,8.221428571428572,0.0,9.232142857142858,0.0,-0.9264532511017253,-0.4780168766183191,-3.7204081632653043,-2.8183673469387767,-0.8591836734693885,0.0,0.0,0.0
무주군,2023-10-02,0.4260391507358174,4,11.642857142857142,0.0,7,40,9.900000000000002,0.0,8.95,0.0,-0.8532240337998795,-0.5042881326369022,1.2897959183673482,-1.215306122448979,-1.2556122448979607,0.0,0.0,0.0
무주군,2023-10-09,0.5469927432520131,3,13.057142857142859,0.0,7,41,12.350000000000001,0.0,10.285714285714286,0.0,-0.6033197430978579,-0.26962912080450446,1.310204081632655,1.3551020408163268,-0.6658163265306118,0.0,0.0,0.0
무주군,2023-10-16,0.5484325940130882,2,15.4,0.0,7,42,14.228571428571431,0.0,12.064285714285717,0.0,-0.6006908983171029,-0.26900568515878687,2.5448979591836753,1.9275510204081652,0.42755102040816517,0.0,0.0,0.0
무주군,2023-11-06,0.365978287578746,2,13.242857142857144,0.0,7,45,14.321428571428573,0.0,13.335714285714287,0.0,-1.0051812708958212,-0.5340033585635515,-0.9642857142857135,0.054761904761905456,-0.026785714285711748,0.0,0.0,0.0
무주군,2024-05-06,0.7144275062973862,2,12.928571428571429,0.0,7,19,13.085714285714287,0.0,13.657142857142858,0.0,-0.33627374750514033,0.23696267676325428,-1.7190476190476183,-1.5476190476190457,-0.5083333333333329,0.0,0.0,0.0
무주군,2024-05-20,0.642467568122315,2,14.614285714285714,0.0,7,21,13.771428571428572,0.0,14.046428571428573,0.0,-0.4424389411174388,0.1810799936392114,1.1142857142857139,-0.3874999999999993,-0.37321428571428505,0.0,0.0,0.0
무주군,2024-05-27,0.5135418507818681,2,13.057142857142859,0.0,7,22,13.835714285714287,0.0,13.460714285714287,0.0,-0.6664237518987827,-0.16754910639555393,-1.6190476190476186,-0.6404761904761891,-0.553571428571427,0.0,0.0,0.0
무주군,2024-06-03,0.9507019841248172,2,13.042857142857143,0.0,7,23,13.05,0.0,13.410714285714286,0.0,-0.0505546366046912,0.18202139117038568,-0.1399999999999988,-0.798571428571428,-1.0992857142857133,0.0,0.0,0.0
무주군,2024-06-10,0.7729860194877416,3,15.028571428571428,0.0,7,24,14.035714285714286,0.0,13.935714285714285,0.0,-0.2574943166025883,0.10302188170535809,2.3821428571428562,1.192857142857143,-0.10446428571428612,0.0,0.0,0.0
무주군,2024-06-17,0.7514182183294558,5,13.228571428571428,0.0,7,25,14.12857142857143,0.0,13.589285714285714,0.0,-0.28579290028916776,0.03961664131918502,1.8342857142857145,1.6871428571428595,0.17928571428571338,0.0,0.0,0.0
무주군,2024-06-24,0.6513986476024584,7,11.314285714285715,0.0,7,26,12.271428571428572,0.0,13.153571428571428,0.0,-0.42863346228207566,-0.06126597241483017,1.0938775510204088,0.9520408163265301,0.5056122448979607,-0.2857142857142857,-0.2857142857142857,-0.2857142857142857
무주군,2024-07-01,0.5472022278322233,5,8.757142857142858,0.0,7,27,10.035714285714288,0.0,12.082142857142857,0.0,-0.6029368413512668,-0.2690771169130977,-0.5547619047619037,0.18690476190476524,0.26428571428571423,0.0,0.0,0.0
무주군,2024-07-08,0.6322598669396626,5,6.385714285714286,0.0,7,28,7.571428571428573,0.0,9.921428571428573,0.0,-0.45845478748082275,0.04462337909745756,-2.9761904761904745,-2.208730158730157,-0.868253968253967,0.0,-0.2222222222222222,-0.2222222222222222
무주군,2024-07-15,0.6358042150346501,5,8.114285714285716,0.0,7,29,7.250000000000002,0.0,8.642857142857144,0.0,-0.4528646010296901,0.0002491920239980905,-1.1888888888888882,-2.0825396825396805,-1.3658730158730155,0.0,0.0,-0.2222222222222222
무주군,2024-07-22,0.5778858070873184,7,8.72857142857143,0.0,7,30,8.421428571428574,0.0,7.996428571428572,0.0,-0.5483789954212869,-0.27669726931145433,-1.3269841269841258,-1.2579365079365061,-1.7333333333333343,0.0,0.0,-0.2222222222222222
무주군,2024-07-29,0.5346956415871151,8,9.642857142857142,1.0,7,31,9.185714285714287,1.0,8.217857142857143,1.0,-0.6260575881975428,-0.2674247464552775,-1.0857142857142872,-1.2063492063492056,-1.644444444444444,0.6666666666666667,0.6666666666666667,0.6666666666666667
무주군,2024-08-05,0.570774404968785,7,10.842857142857143,0.0,7,32,10.242857142857144,1.0,9.332142857142857,1.0,-0.5607612350141453,-0.15903327042980275,1.2015873015873026,0.05793650793650862,-0.5999999999999996,-0.4444444444444444,0.2222222222222222,0.2222222222222222
무주군,2024-08-12,0.7600717088794098,5,12.414285714285713,0.0,7,33,11.62857142857143,0.0,10.407142857142857,1.0,-0.27434249636410196,0.07983652223972942,1.8964285714285705,1.6955357142857164,0.24642857142857189,-0.125,-0.5,0.125
무주군,2024-08-19,0.7697244081841489,4,10.671428571428573,1.0,7,34,11.542857142857144,1.0,10.892857142857142,2.0,-0.26172273964915455,-0.0008718846209003206,0.6142857142857157,1.2553571428571448,0.7267857142857146,0.875,0.75,1.0
무주군,2024-08-26,0.7058511318560666,4,10.442857142857145,0.0,7,35,10.55714285714286,1.0,11.092857142857143,1.0,-0.34835092511695764,-0.0050424265036036475,1.5464285714285726,1.080357142857146,1.3879464285714285,0.0,0.875,0.375
무주군,2024-09-02,0.6253936822665972,4,10.585714285714287,0.0,7,36,10.514285714285716,0.0,11.028571428571428,1.0,-0.469373935917644,-0.17960929526117164,0.7448979591836746,1.1418367346938787,1.37908163265306,0.0,0.0,0.7142857142857143
무주군,2024-09-09,0.5619909665622547,2,11.428571428571429,0.0,7,37,11.00714285714286,0.0,10.782142857142858,1.0,-0.5762695029502728,-0.20813305540171356,2.3125,1.591071428571432,1.1151785714285722,0.0,0.0,0.875
무주군,2024-10-07,0.5010142676591139,3,12.042857142857143,0.0,7,41,11.735714285714288,0.0,11.125,0.0,-0.6911206999412682,-0.35743007764791485,0.295918367346939,0.7408163265306129,0.17346938775510168,0.0,0.0,0.0
무주군,2024-10-14,0.5340096716761249,2,8.514285714285714,0.0,7,42,10.278571428571428,0.0,10.642857142857142,0.0,-0.6273413284329151,-0.2956561152745991,-4.340816326530611,-2.0224489795918377,-0.9938775510204092,0.0,0.0,0.0
무주군,2024-10-21,0.7680880353646802,3,11.057142857142859,0.0,7,43,9.785714285714288,0.0,10.760714285714286,0.0,-0.2638509230228164,0.0016294933608638207,-2.369047619047617,-3.1428571428571406,-1.088095238095237,0.0,0.0,0.0
무주군,2024-10-28,0.5380870280464896,3,10.742857142857144,0.0,7,44,10.900000000000002,0.0,10.589285714285715,0.0,-0.6197349697342452,-0.2967219883327138,-3.3685714285714283,-2.7628571428571416,-1.9149999999999991,0.0,0.0,0.0
무주군,2024-11-04,0.6443226556120208,6,14.785714285714286,0.0,7,45,12.764285714285716,0.0,11.275,0.0,-0.43955566031432297,0.03162225201794672,0.5785714285714292,-1.5023809523809515,-2.0874999999999986,0.0,0.0,0.0
무주군,2024-11-11,0.49999886197724197,4,14.757142857142856,0.0,7,46,14.771428571428572,0.0,12.835714285714287,0.0,-0.6931494566080516,-0.3158179033394029,0.14642857142857046,0.35357142857142954,-1.4714285714285698,0.0,0.0,0.0
무주군,2024-12-09,0.5205401269308525,2,10.685714285714285,0.0,7,50,12.721428571428572,0.0,12.742857142857144,0.0,-0.6528883008518429,0.0,0.0,0.0,0.0,0.0,0.0,0.0
무주군,2025-04-21,0.643850838175677,2,14.428571428571429,0.0,7,17,12.557142857142857,0.0,13.664285714285715,0.0,-0.4402881974449466,0.07995667185757105,1.2785714285714285,-0.9035714285714302,0.15892857142857153,0.0,0.0,0.0
무주군,2025-05-19,0.7731489775994583,2,11.057142857142859,0.0,7,21,12.742857142857144,0.0,12.732142857142858,0.0,-0.25728352244473385,0.36623541231191636,-2.4428571428571413,-1.4160714285714278,-1.6875,0.0,0.0,0.0
무주군,2025-05-26,0.6641388785202563,3,16.085714285714285,0.0,7,22,13.571428571428573,0.0,13.064285714285713,0.0,-0.4092639969774585,0.08961064852577022,1.409523809523808,-0.9047619047619033,-0.9500000000000011,0.0,0.0,0.0
무주군,2025-06-02,0.7167522262018541,3,15.214285714285714,0.0,7,23,15.650000000000002,0.0,14.196428571428571,0.0,-0.3330250682564718,-0.10044904048139494,2.031428571428572,1.8014285714285734,-0.3135714285714286,0.0,0.0,0.0
무주군,2025-06-09,0.672647509003453,2,12.028571428571427,0.0,7,24,13.62142857142857,0.0,13.596428571428572,0.0,-0.3965338473155214,-0.03601764900757498,-0.6178571428571455,0.7785714285714267,-0.44374999999999964,0.0,0.0,0.0
무주군,2025-06-16,0.7608279850229411,4,10.157142857142857,0.0,7,25,11.092857142857142,0.0,13.37142857142857,0.0,-0.27334798474851474,0.05206155685983804,-1.2371428571428567,-1.3485714285714288,-0.03857142857143003,0.0,0.0,0.0
무주군,2025-06-23,0.7219181543970365,4,11.442857142857145,0.0,7,26,10.8,0.0,12.210714285714285,0.0,-0.32584350607588264,0.04152398379136285,1.2224489795918387,-0.5193877551020414,-0.4372448979591823,-0.2857142857142857,-0.2857142857142857,-0.2857142857142857
무주군,2025-06-30,0.6991071872313768,5,10.828571428571427,0.0,7,27,11.135714285714286,0.0,11.114285714285714,0.0,-0.3579512048256163,-0.02409148038744724,1.5166666666666657,1.286904761904763,-0.7035714285714292,0.0,0.0,0.0
무주군,2025-07-07,0.4532346476940845,3,11.414285714285713,0.0,7,28,11.12142857142857,0.0,10.960714285714285,0.0,-0.7913453015279268,-0.2882671349496465,2.052380952380952,1.34126984126984,0.17103174603174587,0.0,-0.2222222222222222,-0.2222222222222222
무주군,2025-07-14,0.5637570451432102,4,7.285714285714286,0.0,7,29,9.35,0.0,10.242857142857144,0.0,-0.5731318913152458,-0.12001809826155757,-2.0174603174603183,0.0174603174603174,0.23412698412698418,0.0,0.0,-0.2222222222222222
무주군,2025-07-21,0.9759493136304235,4,12.62857142857143,0.0,7,30,9.957142857142859,0.0,10.539285714285715,0.0,-0.024344626673310464,0.24733709943652207,2.5730158730158745,0.27777777777777857,0.8095238095238084,0.0,0.0,-0.2222222222222222
무주군,2025-07-28,0.5030745826365466,5,12.842857142857143,0.0,7,31,12.735714285714288,0.0,11.042857142857143,0.0,-0.6870168442547641,-0.3283840025124988,2.114285714285714,2.343650793650795,1.1805555555555554,-0.3333333333333333,-0.3333333333333333,-0.3333333333333333
무주군,2025-08-04,0.7210329058897409,7,8.457142857142857,0.0,7,32,10.650000000000002,0.0,10.303571428571429,0.0,-0.32707050350181505,0.07465746108252752,-1.1841269841269835,0.465079365079367,0.3714285714285719,-0.4444444444444444,-0.7777777777777778,-0.7777777777777778
무주군,2025-08-11,0.6196093811809518,3,9.5,0.0,7,33,8.97857142857143,0.0,10.857142857142858,0.0,-0.4786660298488269,-0.1244870112449955,-1.0178571428571423,-0.954464285714284,0.696428571428573,-0.125,-0.5,-0.875
무주군,2025-08-18,0.7130817521953744,4,10.771428571428572,0.0,7,34,10.135714285714286,0.0,10.392857142857142,0.0,-0.3381592056801815,-0.07730835065192726,0.7142857142857153,-0.15178571428571352,0.2267857142857146,-0.125,-0.25,-1.0
무주군,2025-08-25,0.6659428546823211,2,9.9,0.0,7,35,10.335714285714287,0.0,9.657142857142858,0.0,-0.40655141590340155,-0.06324291729004755,1.0035714285714281,0.8589285714285726,-0.047767857142856585,0.0,-0.125,-0.625
무주군,2025-09-01,0.6981022705929483,4,9.942857142857141,0.0,7,36,9.92142857142857,0.0,10.028571428571428,0.0,-0.35938966747855644,-0.0696250268220841,0.10204081632652873,0.5489795918367335,0.37908163265305994,0.0,0.0,-0.2857142857142857
무주군,2025-09-08,0.8022451430723248,6,7.871428571428571,0.0,7,37,8.907142857142857,0.0,9.621428571428572,0.0,-0.22034105314284397,0.14779539440571526,-1.2446428571428578,-0.5089285714285712,-0.045535714285714235,0.0,0.0,-0.125
무주군,2025-09-15,0.6474174886363638,4,7.914285714285714,0.0,7,38,7.892857142857143,0.0,8.907142857142857,0.0,-0.4347639242058532,-0.04856168381109288,-2.3547619047619053,-1.5499999999999998,-0.5047619047619065,0.0,0.0,0.0
무주군,2025-09-22,0.6159260204904571,4,8.957142857142857,0.0,7,39,8.435714285714287,0.0,8.67142857142857,0.0,-0.48462841926719297,-0.03619204478378679,-2.9204081632653054,-2.6040816326530614,-1.4198979591836753,0.0,0.0,0.0
무주군,2025-09-29,0.5772344650621358,9,8.328571428571427,0.0,7,40,8.642857142857142,0.0,8.267857142857142,0.0,-0.5495067430851778,-0.20057084192220037,-2.0244897959183668,-2.4724489795918387,-1.9377551020408177,0.0,0.0,0.0
무주군,2025-10-06,0.5872130316303674,5,7.671428571428572,0.0,7,41,8.0,0.0,8.217857142857143,0.0,-0.5323676090970813,-0.19867698680372786,-4.075510204081632,-2.9948979591836746,-2.733673469387755,0.0,0.0,0.0
무주군,2025-10-13,0.6887175840871688,8,7.071428571428571,0.0,7,42,7.371428571428572,0.0,8.007142857142856,0.0,-0.37292398446881336,-0.04123877131049736,-5.783673469387754,-4.929591836734694,-3.6295918367346953,0.0,0.0,0.0
무주군,2025-10-20,0.6244649207185463,5,9.857142857142858,0.0,7,43,8.464285714285715,0.0,8.232142857142858,0.0,-0.4708601227819547,-0.20537970639827452,-3.569047619047618,-4.4642857142857135,-3.6166666666666654,0.0,0.0,0.0
무주군,2025-10-27,0.7321091432064927,3,13.200000000000001,0.0,7,44,11.52857142857143,0.0,9.450000000000001,0.0,-0.3118256733944242,0.011187308007107266,-0.911428571428571,-2.1342857142857135,-3.0542857142857134,0.0,0.0,0.0
무주군,2025-11-03,0.45952370080624916,4,15.1,0.0,7,45,14.150000000000002,0.0,11.307142857142857,0.0,-0.7775647589599934,-0.30638684662772375,0.8928571428571423,-0.11666666666666536,-2.055357142857142,0.0,0.0,0.0
무주군,2025-11-17,0.8532197917147717,3,12.542857142857143,0.0,7,47,13.821428571428573,0.0,12.675,0.0,-0.1587380956137031,0.12253765570181585,-1.3142857142857132,-0.5285714285714285,-1.0547619047619055,0.0,0.0,0.0
무주군,2025-11-24,0.4574083507845198,2,12.457142857142857,0.0,7,48,12.5,0.0,13.325,0.0,-0.7821787404885803,-0.29724120970796863,0.10714285714285765,0.08571428571428541,0.6839285714285701,0.0,0.0,0.0
무주군,2026-04-27,0.6425424498076658,2,13.0,0.0,7,18,12.72857142857143,0.0,13.274999999999999,0.0,-0.44232239465571355,0.04338526456605096,-2.307142857142857,-1.007142857142858,-0.6857142857142868,0.0,0.0,0.0
무주군,2026-05-04,0.444880298153975,2,18.0,0.0,7,19,15.5,0.0,14.0,0.0,-0.8099500259133952,-0.23671360164500055,3.352380952380953,0.8666666666666671,-0.16547619047619122,0.0,0.0,0.0
무주군,2026-05-11,0.5336751831776317,2,16.400000000000002,0.0,7,20,17.200000000000003,0.0,14.964285714285715,0.0,-0.6279678962968603,0.08031620418353214,0.29523809523809774,0.6095238095238109,-0.04642857142857082,0.0,0.0,0.0
무주군,2026-06-22,0.8838893352824966,2,9.828571428571427,0.0,7,26,13.114285714285714,0.0,14.307142857142859,0.0,-0.12342341051297394,0.24394407935427154,-0.3918367346938787,1.7948979591836718,1.659183673469391,-0.2857142857142857,-0.2857142857142857,-0.2857142857142857
무주군,2026-06-29,0.8425616824172909,2,9.971428571428572,0.0,7,27,9.899999999999999,0.0,13.549999999999999,0.0,-0.17130840588392093,0.16255131855424815,0.6595238095238098,0.051190476190475565,1.7321428571428559,0.0,0.0,0.0
무주군,2026-07-06,0.4458507416077981,4,10.385714285714286,0.0,7,28,10.178571428571429,0.0,11.646428571428572,0.0,-0.8077710430454533,-0.304692876467173,1.0238095238095255,0.3984126984126988,0.8567460317460327,0.0,-0.2222222222222222,-0.2222222222222222
무주군,2026-07-13,0.4418525897568126,4,9.242857142857144,0.0,7,29,9.814285714285715,0.0,9.857142857142858,0.0,-0.8167789598679073,-0.36366516681421907,-0.0603174603174601,0.4817460317460327,-0.15158730158730194,0.0,0.0,-0.2222222222222222
무주군,2026-07-20,0.6461970072364255,4,10.214285714285714,0.0,7,30,9.728571428571428,0.0,9.95357142857143,0.0,-0.4366508569295677,-0.16496913081973513,0.15873015873015817,0.049206349206347255,0.22380952380952301,0.0,0.0,-0.2222222222222222
무주군,2026-07-27,0.6314241269932376,4,10.62857142857143,0.0,7,31,10.42142857142857,0.0,10.117857142857144,0.0,-0.4597774916889708,-0.10114464994670552,-0.09999999999999964,0.029365079365078373,0.2555555555555564,-0.3333333333333333,-0.3333333333333333,-0.3333333333333333
무주군,2026-08-03,0.554480444866071,2,11.985714285714284,1.0,7,32,11.307142857142857,1.0,10.517857142857142,1.0,-0.5897237390605256,-0.187995774476183,2.344444444444443,1.1222222222222218,0.5857142857142854,0.5555555555555556,0.2222222222222222,0.2222222222222222
부안군,2018-09-10,1.240855608895533,2,8.9,0.0,7,37,9.035714285714286,0.0,8.742857142857144,0.0,0.2158011488452622,0.2355509285286366,1.062857142857144,0.8457142857142852,0.720714285714287,-0.4,-0.4,-1.8
부안군,2018-09-17,1.1593257506134904,2,8.614285714285716,0.0,7,38,8.757142857142858,0.0,8.575000000000001,0.0,0.14783858665618338,0.19972484558367204,0.48214285714285765,0.7767857142857135,0.2776785714285719,-0.25,-0.75,-1.0
부안군,2018-10-01,0.8508508299218629,5,9.857142857142858,0.0,7,40,9.235714285714288,0.0,9.135714285714286,0.0,-0.16151845376190813,-0.09306981828327204,1.2142857142857153,0.8714285714285719,0.9321428571428569,0.0,0.0,0.0
부안군,2018-10-08,0.9559974349055281,5,11.285714285714286,0.0,7,41,10.571428571428573,0.0,9.664285714285715,0.0,-0.04500004908754868,0.009254550952762751,1.3571428571428577,0.6904761904761916,0.7773809523809536,0.0,0.0,0.0
부안군,2018-10-15,0.8996138368358242,3,13.057142857142859,0.0,7,42,12.171428571428573,0.0,10.70357142857143,0.0,-0.10578967791719385,-0.11509625382840642,2.5476190476190474,1.9523809523809526,1.132142857142858,0.0,0.0,0.0
부안군,2018-10-29,0.867190816861372,2,12.171428571428573,0.0,7,44,12.614285714285716,0.0,11.592857142857145,0.0,-0.14249623776544804,0.05027174019816402,1.682142857142857,2.323214285714286,2.1901785714285733,0.0,0.0,-0.75
부안군,2018-11-12,1.231595212977271,2,10.857142857142858,0.0,7,46,11.514285714285716,0.0,11.842857142857143,0.0,0.20831025022829897,0.1370699869157186,-0.9071428571428584,-0.5214285714285705,0.20535714285714413,0.0,0.0,0.0
부안군,2019-03-25,1.2418735198133644,2,10.614285714285714,0.0,7,13,10.735714285714286,0.0,11.675,0.0,0.21662114242659727,0.25214603823583115,-2.038095238095238,-0.6285714285714281,0.7619047619047628,0.0,0.0,0.0
부안군,2019-04-08,1.2940414794180892,2,11.785714285714286,0.0,7,15,11.2,0.0,11.357142857142858,0.0,0.25777025075667487,0.27571166282226356,0.6928571428571431,-0.11071428571428577,0.626785714285715,0.0,0.0,0.0
부안군,2019-04-22,1.4153935794049697,2,8.8,0.0,7,17,10.292857142857144,0.0,10.514285714285714,0.0,0.3474076404085984,0.23680706956731368,-0.48571428571428577,-0.3619047619047606,0.044047619047619335,0.0,0.0,-1.3333333333333333
부안군,2019-04-29,1.567470002034263,2,11.6,0.0,7,18,10.2,0.0,10.700000000000001,0.0,0.44946285588360974,0.3789971096416308,-0.7357142857142858,-0.4678571428571434,-0.3482142857142865,0.0,0.0,0.0
부안군,2019-05-06,1.3397714903142326,2,13.842857142857143,0.0,7,19,12.721428571428572,0.0,11.507142857142858,0.0,0.29249906980474744,0.15400262838714857,2.6238095238095234,1.3571428571428577,0.40238095238095184,0.0,0.0,0.0
부안군,2019-05-13,1.1083755964686233,5,12.114285714285714,0.0,7,20,12.978571428571428,0.0,11.589285714285715,0.0,0.10289551686483704,-0.021170237638293024,0.6809523809523821,1.6523809523809518,0.6011904761904763,0.0,0.0,0.0
부안군,2019-05-20,1.0731405029526553,2,12.757142857142858,0.0,7,21,12.435714285714287,0.0,12.57857142857143,0.0,0.07058939911402858,0.07521371921743479,0.49285714285714377,0.10714285714285765,0.47857142857142954,0.0,0.0,0.0
부안군,2019-07-15,1.3398315751163477,2,8.014285714285714,0.0,7,29,10.385714285714286,0.0,11.682142857142857,0.0,0.29254391585146255,0.3315233091301585,0.7510204081632654,3.0744897959183675,3.841836734693878,-0.5714285714285714,-1.2857142857142858,-2.5714285714285716
부안군,2019-07-22,1.5346692046802068,2,6.3999999999999995,4.0,7,30,7.207142857142857,4.0,9.821428571428571,4.0,0.4283148559783042,0.4796505364213565,-1.406122448979592,-0.46938775510204067,1.944897959183673,1.0,0.4285714285714284,-1.5714285714285712
부안군,2019-10-21,1.3552124349061478,2,11.0,0.0,7,43,8.7,4.0,9.542857142857143,4.0,0.30395822057171745,0.2547517000483214,-0.41904761904761756,-1.1547619047619069,-0.29404761904761934,0.0,2.666666666666667,2.666666666666667
부안군,2020-04-13,1.2998134604354719,2,11.37142857142857,0.0,7,16,11.185714285714287,0.0,9.19642857142857,4.0,0.26222076219881907,0.20170945413640548,-0.8666666666666689,-0.23809523809523725,-1.6095238095238127,0.0,0.0,2.666666666666667
부안군,2020-04-20,1.2562950780453674,2,9.857142857142858,0.0,7,17,10.614285714285714,0.0,9.657142857142857,4.0,0.22816697520265664,0.11756640436137192,0.5714285714285712,-0.04047619047619122,-0.8130952380952383,0.0,0.0,2.666666666666667
부안군,2020-05-04,1.4801773224514059,2,10.842857142857143,0.0,7,19,10.350000000000001,0.0,10.767857142857142,0.0,0.39216189306624943,0.25366545164865056,-0.37619047619047663,-1.0142857142857125,-0.3369047619047638,0.0,0.0,0.0
부안군,2020-05-11,1.5433226618911378,2,9.514285714285714,0.0,7,20,10.17857142857143,0.0,10.396428571428572,0.0,0.43393766486474805,0.309871910361618,-1.9190476190476176,-1.1476190476190453,-0.5916666666666668,0.0,0.0,0.0
부안군,2020-06-29,1.0195380560589244,2,6.457142857142857,0.0,7,27,7.985714285714287,0.0,9.167857142857143,0.0,0.019349638495502582,0.12688039361504339,-0.34761904761904727,0.7940476190476193,1.0232142857142854,-0.8333333333333334,-1.5,-1.5
부안군,2020-07-13,1.212703386555993,2,6.128571428571427,0.0,7,29,6.292857142857143,0.0,8.235714285714286,0.0,0.19285207125194945,0.23183146453064538,-1.1346938775510216,-1.018367346938776,0.3954081632653068,-0.5714285714285714,-1.2857142857142858,-2.5714285714285716
부안군,2020-08-03,0.9710780253192269,3,4.942857142857142,4.0,7,32,5.535714285714286,4.0,6.760714285714286,4.0,-0.029348458286581534,0.026676270086577376,-2.2071428571428564,-1.9452380952380954,-0.7285714285714278,0.6666666666666665,-3.166666666666667,-6.5
부안군,2021-07-05,0.8521905073155878,5,5.6000000000000005,0.0,7,27,5.271428571428572,4.0,5.782142857142857,4.0,-0.15994517701193944,-0.052414421892398644,-1.204761904761904,-1.920238095238095,-2.3625000000000007,-0.8333333333333334,2.5,2.5
부안군,2021-07-19,0.6376203520557716,3,10.4,0.0,7,29,8.000000000000002,0.0,6.767857142857143,4.0,-0.4500122322292154,-0.41103283895051945,3.1367346938775515,0.6887755102040831,-1.0724489795918357,-0.5714285714285714,-1.2857142857142858,1.4285714285714284
부안군,2021-07-26,0.8700558310062988,5,8.657142857142857,1.0,7,30,9.528571428571428,1.0,7.4,5.0,-0.13919789582208475,-0.08786221537903244,0.8510204081632651,1.8520408163265305,-0.4765306122448978,-2.0,-2.5714285714285716,-0.5714285714285712
부안군,2021-08-02,0.8042235858398519,2,7.828571428571429,0.0,7,31,8.242857142857144,1.0,8.121428571428572,1.0,-0.21787795662292755,-0.0840783311804082,-0.2666666666666675,0.1750000000000007,0.4404761904761907,-3.8333333333333335,-5.666666666666667,-7.166666666666666
부안군,2021-08-23,1.1428471819164843,3,6.042857142857143,0.0,7,34,6.935714285714287,0.0,8.232142857142858,1.0,0.13352267676346335,0.12338113375692096,-1.4714285714285715,-0.47499999999999964,0.40803571428571495,-0.75,-3.0,-8.75
부안군,2021-12-20,0.6526365027622183,2,10.071428571428571,0.0,7,51,8.057142857142857,0.0,8.15,1.0,-0.4267349620288974,-0.1492813106474204,-0.12857142857142811,-1.060714285714285,-0.9000000000000004,0.0,0.0,0.5
부안군,2022-01-24,0.8277139461330574,2,7.5,0.0,7,4,8.785714285714286,0.0,7.860714285714286,0.0,-0.18908765997206317,0.026493957293328763,-0.128571428571429,-0.5714285714285712,-0.6964285714285712,0.0,0.0,0.0
부안군,2022-03-28,0.8287441229103886,2,12.442857142857141,0.0,7,13,9.971428571428572,0.0,9.014285714285712,0.0,-0.18784382901805302,-0.15231893320881912,-0.20952380952381056,-1.3928571428571423,-1.8988095238095255,0.0,0.0,0.0
부안군,2022-04-11,0.7455350914284844,2,10.4,0.0,7,15,11.42142857142857,0.0,10.103571428571428,0.0,-0.29365307488785225,-0.27571166282226356,-0.6928571428571431,0.11071428571428577,-0.626785714285715,0.0,0.0,0.0
부안군,2022-04-18,0.8260655892859773,2,12.914285714285715,0.0,7,16,11.657142857142858,0.0,10.814285714285715,0.0,-0.19108110269841505,-0.2515924107608286,0.6761904761904756,0.23333333333333428,0.00833333333333286,0.0,0.0,-1.3333333333333333
부안군,2022-04-25,0.7836655820905996,2,9.200000000000001,0.0,7,17,11.057142857142859,0.0,11.239285714285714,0.0,-0.2437729030874009,-0.3543734739286856,-0.08571428571428541,0.4023809523809536,0.769047619047619,0.0,0.0,-1.3333333333333333
부안군,2022-05-02,0.7345249146394518,3,13.071428571428571,0.0,7,18,11.135714285714286,0.0,11.396428571428572,0.0,-0.3085313633996519,-0.3789971096416308,0.7357142857142858,0.4678571428571434,0.3482142857142847,0.0,0.0,0.0
부안군,2022-05-09,0.7640121104108081,4,8.971428571428572,0.0,7,19,11.021428571428572,0.0,11.039285714285715,0.0,-0.26917163861820026,-0.40766808003579913,-2.2476190476190485,-0.34285714285714164,-0.06547619047619158,0.0,0.0,0.0
부안군,2022-05-16,0.8482024629401113,4,12.671428571428573,0.0,7,20,10.821428571428573,0.0,10.978571428571428,0.0,-0.1646359182201949,-0.288701672723325,1.2380952380952408,-0.504761904761903,-0.009523809523811266,0.0,0.0,0.0
부안군,2022-05-23,0.9232658670449462,3,11.77142857142857,0.0,7,21,12.221428571428572,0.0,11.62142857142857,0.0,-0.079838039320841,-0.07521371921743479,-0.49285714285714377,-0.10714285714285765,-0.47857142857142954,0.0,0.0,0.0
부안군,2022-05-30,1.1188867981178836,2,10.414285714285715,0.0,7,22,11.092857142857143,0.0,10.957142857142857,0.0,0.1123342607788962,0.08788997947488134,-0.8714285714285701,0.6964285714285712,0.6732142857142858,0.0,0.0,0.0
부안군,2022-06-06,1.269662275456673,2,8.114285714285714,0.0,7,23,9.264285714285716,0.0,10.742857142857144,0.0,0.23875094026895546,0.15784283553624426,-1.0928571428571416,-0.9821428571428559,0.5267857142857153,0.0,0.0,0.0
부안군,2022-07-25,0.9183232826345472,6,7.742857142857141,2.0,7,30,7.928571428571429,2.0,9.510714285714284,2.0,-0.08520579062270897,-0.03387011017965665,-0.0632653061224504,0.25204081632653086,1.6341836734693862,-1.0,-1.5714285714285716,-3.571428571428571
부안군,2022-08-01,0.9531641997046489,3,6.528571428571429,7.0,7,31,7.135714285714286,9.0,8.2,9.0,-0.047968092473099536,0.08583153296941982,-1.5666666666666673,-0.9321428571428569,0.5190476190476181,3.1666666666666665,2.333333333333333,0.8333333333333339
부안군,2022-08-08,0.9659907577418293,3,4.928571428571428,3.0,7,32,5.7285714285714295,10.0,6.828571428571428,12.0,-0.034601012370430534,0.021423716002728375,-2.2214285714285706,-1.7523809523809515,-0.6607142857142856,-0.3333333333333335,2.833333333333333,1.5
부안군,2022-08-22,0.9971517512761054,4,8.042857142857143,0.0,7,34,6.485714285714286,3.0,6.810714285714285,12.0,-0.0028523127029409633,-0.01299385570948336,0.5285714285714285,-0.9250000000000007,-1.0133928571428577,-0.75,0.0,2.25
부안군,2022-08-29,0.9441287166233499,4,7.042857142857143,0.0,7,35,7.5428571428571445,0.0,6.635714285714286,10.0,-0.05749276977653033,0.00011448144062779081,-1.125,-0.4267857142857139,-1.0714285714285712,-0.25,-1.0,2.25
부안군,2022-09-12,0.9565968806198406,2,7.871428571428571,0.0,7,37,7.457142857142857,0.0,6.9714285714285715,3.0,-0.04437320864462275,-0.024623428961248344,0.0342857142857147,-0.732857142857144,-1.0507142857142853,-0.4,-0.4,1.2
부안군,2022-09-26,0.8271098561553125,2,12.214285714285714,0.0,7,39,10.042857142857144,0.0,8.792857142857143,0.0,-0.18981775583331822,-0.21218564877830837,2.9571428571428573,1.4410714285714281,0.4919642857142854,0.0,-0.25,-0.75
부안군,2022-10-10,0.8083493563038608,2,11.142857142857142,0.0,7,41,11.67857142857143,0.0,9.567857142857143,0.0,-0.21276094224354059,-0.15850634220322915,1.2142857142857135,1.7976190476190492,0.6809523809523821,0.0,0.0,0.0
부안군,2022-10-17,0.9838350164975932,3,11.085714285714287,0.0,7,42,11.114285714285716,0.0,10.578571428571427,0.0,-0.016297062148408262,-0.025603638059620834,0.5761904761904759,0.8952380952380956,1.0071428571428562,0.0,0.0,0.0
부안군,2022-10-24,0.9102873454327561,3,13.200000000000001,0.0,7,43,12.142857142857146,0.0,11.910714285714286,0.0,-0.09399496510244798,-0.14320148562584406,1.7809523809523835,2.2880952380952397,2.0738095238095244,0.0,-1.3333333333333333,-1.3333333333333333
부안군,2022-11-21,0.4775774782380807,2,11.914285714285715,0.0,7,47,12.557142857142859,0.0,11.835714285714285,0.0,-0.7390288741335509,-0.33637594350349,1.2714285714285722,0.7678571428571441,0.28749999999999787,0.0,0.0,0.0
부안군,2023-01-09,0.905933800798602,2,10.200000000000001,0.0,7,2,11.057142857142859,0.0,11.600000000000001,0.0,-0.09878904315993323,-0.002238683643359829,0.564285714285715,1.2392857142857157,1.2035714285714292,0.0,0.0,0.0
부안군,2023-02-13,0.9866845780697093,2,7.871428571428572,0.0,7,7,9.035714285714288,0.0,10.796428571428573,0.0,-0.013404867047882824,0.11109693681945591,-1.314285714285715,-0.0785714285714274,1.0535714285714288,0.0,0.0,0.0
부안군,2023-02-20,0.9537534140178918,2,10.342857142857143,0.0,7,8,9.107142857142858,0.0,10.082142857142857,0.0,-0.04735011681672694,0.24447343423712095,-0.9785714285714278,-1.1464285714285705,0.12857142857142811,0.0,0.0,0.0
부안군,2023-03-06,0.869338020663214,2,14.528571428571428,0.0,7,10,12.435714285714287,0.0,10.735714285714286,0.0,-0.14002325275104524,0.05001514088208539,2.6999999999999993,0.8607142857142875,0.3910714285714292,0.0,0.0,0.0
부안군,2023-06-12,0.8689879446260431,2,9.842857142857143,0.0,7,24,12.185714285714287,0.0,10.646428571428572,0.0,-0.14042602651027544,-0.11161448659605597,-0.19285714285714128,0.9607142857142854,0.33214285714285907,0.0,0.0,0.0
부안군,2023-06-19,1.0588267082110188,2,9.171428571428569,0.0,7,25,9.507142857142856,0.0,10.971428571428572,0.0,0.05716141603473752,0.24410200430814302,0.26428571428571246,0.021428571428570464,0.40625,0.0,0.0,0.0
부안군,2023-06-26,1.0610667815134387,4,5.914285714285713,0.0,7,26,7.542857142857142,0.0,9.864285714285714,0.0,0.059274799699559795,0.059187484621793615,-1.8392857142857153,-0.7875000000000005,0.33392857142857224,0.0,0.0,0.0
부안군,2023-07-03,0.9633165791720268,4,6.257142857142857,0.0,7,27,6.085714285714285,0.0,7.796428571428571,0.0,-0.037373178557957014,0.07015757656158378,-0.5476190476190474,-1.105952380952382,-0.3482142857142865,-0.8333333333333334,-1.5,-1.5
부안군,2023-07-10,0.7355562053138461,6,4.114285714285715,1.0,7,28,5.185714285714287,1.0,6.364285714285714,1.0,-0.30712832403050006,-0.15770891297035144,-2.560714285714285,-1.748214285714285,-1.2678571428571432,-0.25,-1.5,-1.5
부안군,2023-07-17,1.0154411718036314,7,6.328571428571428,0.0,7,29,5.221428571428572,1.0,5.653571428571428,1.0,0.015323170083205023,0.05430256336190095,-0.9346938775510205,-2.0897959183673462,-2.1867346938775514,-0.5714285714285714,-0.2857142857142858,-1.5714285714285716
부안군,2023-07-24,0.934858633502072,7,8.571428571428571,0.0,7,30,7.450000000000001,0.0,6.317857142857143,1.0,-0.06735995523986356,-0.01602427479681124,0.7653061224489797,-0.2265306122448969,-1.558673469387755,-3.0,-3.5714285714285716,-4.571428571428571
부안군,2023-07-31,0.8782542985272299,10,9.314285714285715,4.0,7,31,8.942857142857143,4.0,7.082142857142857,5.0,-0.1298190934249162,0.00398053201760315,1.2190476190476183,0.875,-0.5988095238095239,0.16666666666666652,-2.666666666666667,-3.166666666666666
부안군,2023-08-07,0.8798460185706424,8,7.457142857142857,2.0,7,32,8.385714285714286,6.0,7.917857142857144,6.0,-0.12800836571747545,-0.07198363734431654,0.3071428571428587,0.9047619047619051,0.4285714285714297,-1.3333333333333335,-1.166666666666667,-4.5
부안군,2023-08-14,0.9969514329846465,3,7.8,1.0,7,33,7.62857142857143,3.0,8.285714285714286,7.0,-0.0030532233616409332,0.10493521395107341,-0.04761904761904834,-0.07142857142857029,0.25238095238095326,-1.0,-1.666666666666667,-5.0
부안군,2023-08-21,0.9279228171797113,6,8.114285714285714,0.0,7,34,7.957142857142858,1.0,8.17142857142857,7.0,-0.07480672079740026,-0.08494826380394266,0.5999999999999996,0.5464285714285717,0.3473214285714281,-0.75,-2.0,-2.75
부안군,2023-08-28,1.0235389715133028,6,8.27142857142857,0.0,7,35,8.192857142857143,0.0,7.910714285714285,3.0,0.023266202104911194,0.08087345332206931,0.10357142857142776,0.2232142857142847,0.2035714285714274,-0.25,-1.0,-4.75
부안군,2023-09-04,0.9719791195816683,4,9.542857142857143,0.0,7,36,8.907142857142858,0.0,8.432142857142857,1.0,-0.02842095666430147,-0.0025549365525769155,0.7095238095238088,0.21904761904762005,0.21428571428571352,0.0,-0.3333333333333333,-2.6666666666666665
부안군,2023-09-11,0.9698107536624109,7,6.214285714285715,0.0,7,37,7.878571428571431,0.0,8.035714285714285,0.0,-0.03065432583615827,-0.010904546152783866,-1.622857142857141,-0.3114285714285705,0.013571428571427901,-0.4,-0.4,-1.8
부안군,2023-09-18,0.9128230801468735,3,9.114285714285716,0.0,7,38,7.664285714285717,0.0,8.285714285714286,0.0,-0.09121319575516545,-0.039326936827676795,0.9821428571428577,-0.3160714285714272,-0.011607142857142705,-0.25,-0.75,-1.0
부안군,2023-09-25,1.522283611565992,2,7.2714285714285705,0.0,7,39,8.192857142857145,0.0,8.035714285714285,0.0,0.4202115834506571,0.397843690505667,-1.9857142857142858,-0.40892857142857153,-0.2651785714285726,0.0,-0.25,-0.75
부안군,2023-10-30,0.6161273944665463,2,10.171428571428573,0.0,7,44,8.721428571428573,0.0,8.192857142857143,0.0,-0.4843015276317529,-0.2915335496681408,-0.31785714285714306,-1.5696428571428562,-1.2098214285714288,0.0,0.0,-0.75
부안군,2023-11-06,1.061598914176315,3,10.328571428571427,0.0,7,45,10.250000000000002,0.0,9.221428571428572,0.0,0.05977618121724692,0.020765394603015637,-1.0571428571428587,-0.6249999999999982,-0.44464285714285623,0.0,0.0,0.0
부안군,2024-01-01,0.4438130580916175,2,7.757142857142857,0.0,7,1,9.042857142857144,0.0,8.882142857142858,0.0,-0.8123518455464765,-0.34644924076621036,-0.1642857142857137,0.1785714285714306,-0.27500000000000036,0.0,0.0,0.0
부안군,2024-06-17,0.6831814760888348,2,9.814285714285715,0.0,7,25,8.785714285714288,0.0,9.517857142857142,0.0,-0.38099475032846386,-0.19405416205505835,0.9071428571428584,-0.6999999999999975,-1.0473214285714292,0.0,0.0,0.0
부안군,2024-06-24,1.1182309844215381,3,8.27142857142857,0.0,7,26,9.042857142857144,0.0,9.042857142857143,0.0,0.11174795842123722,0.11166064334347105,0.5178571428571423,0.7125000000000021,-0.48749999999999893,0.0,0.0,0.0
부안군,2024-07-01,0.9625772121140548,5,6.814285714285715,2.0,7,27,7.542857142857144,2.0,8.164285714285715,2.0,-0.0381409956594415,0.0693897594600993,0.009523809523810378,0.3511904761904763,0.019642857142857295,1.1666666666666665,0.5,0.5
부안군,2024-07-08,0.9773478560205682,6,4.757142857142857,1.0,7,28,5.7857142857142865,3.0,7.414285714285715,3.0,-0.022912645251478212,0.1265067658086704,-1.9178571428571427,-1.1482142857142854,-0.21785714285714253,-0.25,0.5,0.5
부안군,2024-07-15,0.9982096624666851,11,6.5,1.0,7,29,5.62857142857143,2.0,6.585714285714285,4.0,-0.0017919421029900671,0.03718745117570586,-0.7632653061224488,-1.6826530612244888,-1.2545918367346935,0.4285714285714286,0.7142857142857142,1.4285714285714284
부안군,2024-07-22,0.9051346638256202,10,6.428571428571429,7.0,7,30,6.464285714285715,8.0,6.125,11.0,-0.09967154654448898,-0.04833586610143666,-1.3775510204081627,-1.2122448979591827,-1.7515306122448981,4.0,4.428571428571429,5.428571428571429
부안군,2024-07-29,0.9717952593312127,12,7.571428571428571,6.0,7,31,7.000000000000001,13.0,6.314285714285714,15.0,-0.028610135257247787,0.10518949018527157,-0.5238095238095255,-1.0678571428571422,-1.3666666666666671,2.1666666666666665,6.333333333333333,6.833333333333334
부안군,2024-08-05,0.9362915795850756,14,8.228571428571426,5.0,7,32,7.8999999999999995,11.0,7.182142857142857,19.0,-0.06582833436506062,-0.009803605991901714,1.0785714285714274,0.41904761904761845,-0.30714285714285694,1.6666666666666665,3.833333333333333,8.5
부안군,2024-08-12,0.9444980068788276,11,8.671428571428573,5.0,7,33,8.45,10.0,7.725,23.0,-0.057101702282261975,0.05088673503045237,0.8238095238095244,0.7499999999999991,-0.30833333333333357,3.0,5.333333333333333,11.0
부안군,2024-08-19,0.9848189407173833,9,7.857142857142857,3.0,7,34,8.264285714285716,8.0,8.082142857142857,19.0,-0.015297471236952543,-0.02543901424349494,0.3428571428571425,0.8535714285714295,0.2580357142857146,2.25,5.0,9.25
부안군,2024-08-26,0.912556920574768,6,8.842857142857143,0.0,7,35,8.350000000000001,3.0,8.4,13.0,-0.09150481675888691,-0.03389756554172879,0.6750000000000007,0.38035714285714306,0.6928571428571431,-0.25,2.0,5.25
부안군,2024-09-02,0.9906257841341756,7,8.342857142857143,0.0,7,36,8.592857142857143,0.0,8.428571428571429,8.0,-0.009418430361801167,0.016447589749923386,-0.4904761904761905,-0.0952380952380949,0.2107142857142854,0.0,-0.3333333333333333,4.333333333333334
부안군,2024-09-09,0.8361951257027741,6,9.471428571428572,2.0,7,37,8.907142857142858,2.0,8.62857142857143,5.0,-0.17889328918121314,-0.15914350949783873,1.6342857142857152,0.7171428571428571,0.6064285714285731,1.6,1.6,3.2
부안군,2024-09-16,0.8213904440780989,6,7.428571428571429,1.0,7,38,8.450000000000001,3.0,8.521428571428572,3.0,-0.19675671122822874,-0.14487045230074008,-0.7035714285714292,0.4696428571428566,0.22410714285714306,0.75,2.25,2.0
부안군,2024-09-23,0.9007529320100711,2,9.985714285714286,0.0,7,39,8.707142857142859,1.0,8.807142857142857,3.0,-0.10452427428282796,-0.1268921672278181,0.7285714285714295,0.1053571428571427,0.5062499999999996,0.0,0.75,2.25
부안군,2024-10-28,0.9825315603975016,2,9.057142857142857,0.0,7,44,9.521428571428572,0.0,8.985714285714286,3.0,-0.017622813212652237,0.17514516475095981,-1.4321428571428587,-0.7696428571428573,-0.4169642857142861,0.0,0.0,2.25
부안군,2024-12-02,1.0345956134338588,2,7.242857142857142,0.0,7,49,8.15,0.0,8.428571428571427,1.0,0.03401063871153775,0.1391987131059742,-1.1071428571428577,-0.7857142857142847,-0.9714285714285715,0.0,0.0,0.5
부안군,2025-05-26,0.9385250815455956,3,12.157142857142857,0.0,7,22,9.7,0.0,9.610714285714286,0.0,-0.06344569817086647,-0.08788997947488134,0.8714285714285719,-0.696428571428573,-0.6732142857142858,0.0,0.0,0.0
부안군,2025-06-02,0.9259502876654769,3,10.299999999999999,0.0,7,23,11.228571428571428,0.0,9.689285714285713,0.0,-0.07693473080353307,-0.15784283553624429,1.0928571428571434,0.9821428571428559,-0.5267857142857153,0.0,0.0,0.0
부안군,2025-06-09,1.0863277229733694,3,10.228571428571428,0.0,7,24,10.264285714285714,0.0,9.982142857142856,0.0,0.08280294668183648,0.11161448659605597,0.19285714285714306,-0.9607142857142872,-0.3321428571428573,0.0,0.0,0.0
부안군,2025-06-16,0.6593733552252646,3,8.142857142857144,0.0,7,25,9.185714285714287,0.0,10.207142857142857,0.0,-0.4164653567659132,-0.22952476849250766,-0.7642857142857125,-0.29999999999999893,-0.35803571428571423,0.0,0.0,0.0
부안군,2025-06-23,0.8505825760223584,2,8.157142857142857,0.0,7,26,8.150000000000002,0.0,9.207142857142856,0.0,-0.16183378071010368,-0.16192109578786987,0.40357142857142847,-0.18035714285714022,-0.3232142857142861,0.0,0.0,0.0
부안군,2025-06-30,0.8036338225190219,4,8.485714285714286,3.0,7,27,8.321428571428573,3.0,8.753571428571428,3.0,-0.21861155817765918,-0.11108080305811838,1.6809523809523812,1.1297619047619056,0.6089285714285708,2.1666666666666665,1.5,1.5
부안군,2025-07-07,0.9689100446803106,3,9.985714285714286,2.0,7,28,9.235714285714288,5.0,8.692857142857143,5.0,-0.0315835045478884,0.11783590651226021,3.310714285714286,2.3017857142857157,1.060714285714286,0.75,2.5,2.5
부안군,2025-07-14,0.838416028722814,5,7.214285714285714,0.0,7,29,8.600000000000001,2.0,8.460714285714285,5.0,-0.17624084736956316,-0.13726145409086724,-0.04897959183673439,1.2887755102040828,0.6204081632653065,-0.5714285714285714,0.7142857142857142,2.4285714285714284
부안군,2025-07-21,0.9406095868920052,7,9.342857142857143,2.0,7,30,8.278571428571428,2.0,8.757142857142856,7.0,-0.061227117207581894,-0.009891436764529575,1.536734693877552,0.6020408163265305,0.8806122448979581,-1.0,-1.5714285714285716,1.4285714285714288
부안군,2025-07-28,0.8401890759081097,12,8.971428571428572,3.0,7,31,9.157142857142858,5.0,8.878571428571428,7.0,-0.17412832210701634,-0.04032869666449698,0.8761904761904749,1.0892857142857153,1.197619047619047,-0.8333333333333335,-1.666666666666667,-1.166666666666666
부안군,2025-08-04,0.8147189436981191,8,6.971428571428571,1.0,7,32,7.9714285714285715,4.0,8.125,6.0,-0.2049120795753486,-0.14888735120218968,-0.17857142857142794,0.4904761904761905,0.6357142857142861,-2.3333333333333335,-3.166666666666667,-4.5
부안군,2025-08-11,0.7681191717719722,4,7.071428571428571,0.0,7,33,7.021428571428572,1.0,8.089285714285714,6.0,-0.26381038629424014,-0.1558219489815258,-0.776190476190477,-0.6785714285714279,0.05595238095238031,-2.0,-3.666666666666667,-6.0
부안군,2025-08-25,0.9005968034849641,4,8.514285714285714,1.0,7,35,7.792857142857143,1.0,7.882142857142857,5.0,-0.10469762043812644,-0.04709036922096832,0.34642857142857153,-0.17678571428571566,0.17499999999999982,0.75,0.0,-2.75
부안군,2025-09-01,0.9610213312681064,4,8.614285714285714,0.0,7,36,8.564285714285713,1.0,7.792857142857143,2.0,-0.03975867330907102,-0.013892653197346467,-0.21904761904762005,-0.12380952380952515,-0.4250000000000007,0.0,0.6666666666666667,-1.6666666666666665
부안군,2025-09-08,0.9411721395076545,5,6.728571428571428,0.0,7,37,7.671428571428571,0.0,7.732142857142857,1.0,-0.06062922360014007,-0.040879443916765665,-1.1085714285714285,-0.5185714285714305,-0.29000000000000004,-0.4,-0.4,-0.8
부안군,2025-09-15,0.9348083767192801,5,7.371428571428572,0.0,7,38,7.05,0.0,7.807142857142857,1.0,-0.06741371538274384,-0.015527456455255176,-0.7607142857142861,-0.9303571428571447,-0.49017857142857224,-0.25,-0.75,0.0
부안군,2025-09-22,0.9642564608237661,3,7.557142857142857,0.0,7,39,7.464285714285714,0.0,7.567857142857143,0.0,-0.036397981554550395,-0.05876587449954053,-1.6999999999999993,-1.137500000000002,-0.7330357142857142,0.0,-0.25,-0.75
부안군,2025-09-29,1.0249267870844436,4,7.428571428571429,0.0,7,40,7.492857142857143,0.0,7.271428571428571,0.0,0.02462118280463595,0.09306981828327203,-1.2142857142857135,-0.8714285714285728,-0.9321428571428578,0.0,0.0,0.0
부안군,2025-10-06,1.0996557664198154,4,7.357142857142857,0.0,7,41,7.392857142857142,0.0,7.428571428571429,0.0,0.09499719121015497,0.1492517912504664,-2.571428571428572,-2.488095238095239,-1.4583333333333321,0.0,0.0,0.0
부안군,2025-10-13,1.1618417572632163,7,7.385714285714286,0.0,7,42,7.371428571428572,0.0,7.432142857142857,0.0,0.15000646779923982,0.14069989188802726,-3.123809523809525,-2.847619047619048,-2.1392857142857142,0.0,0.0,0.0
부안군,2025-10-20,0.939559910282755,5,10.057142857142855,0.0,7,43,8.72142857142857,0.0,8.057142857142857,0.0,-0.062343693899081266,-0.11155021442247734,-1.3619047619047624,-1.1333333333333364,-1.779761904761905,0.0,-1.3333333333333333,-1.3333333333333333
부안군,2025-10-27,0.8810408086901182,4,10.557142857142859,0.0,7,44,10.307142857142857,0.0,8.839285714285714,0.0,-0.12665133324459507,0.06611664471901699,0.06785714285714306,0.016071428571427404,-0.5633928571428584,0.0,0.0,-0.75
부안군,2025-11-03,1.0184128561083048,3,12.442857142857145,0.0,7,45,11.5,0.0,10.110714285714286,0.0,0.01824539201121565,-0.020765394603015633,1.0571428571428587,0.625,0.444642857142858,0.0,0.0,0.0
부안군,2025-11-10,0.936290278854065,5,12.671428571428573,0.0,7,46,12.557142857142857,0.0,11.432142857142857,0.0,-0.0658297236031382,-0.1370699869157186,0.9071428571428566,0.5214285714285705,-0.20535714285714235,0.0,0.0,0.0
부안군,2025-11-17,0.9358716040009634,2,9.371428571428572,0.0,7,47,11.021428571428572,0.0,11.260714285714288,0.0,-0.06627698712657097,0.3363759435034899,-1.2714285714285705,-0.7678571428571423,-0.28749999999999964,0.0,0.0,0.0
부안군,2025-11-24,0.7702695717123462,4,9.985714285714284,0.0,7,48,9.678571428571427,0.0,11.117857142857144,0.0,-0.2610147322697919,0.0,0.0,0.0,0.0,0.0,0.0,0.0
부안군,2025-12-01,0.7831846496383135,4,9.457142857142857,0.0,7,49,9.72142857142857,0.0,10.371428571428572,0.0,-0.24438678750041065,-0.1391987131059742,1.1071428571428577,0.7857142857142847,0.9714285714285733,0.0,0.0,-0.5
부안군,2025-12-08,0.8125542180987724,4,10.028571428571428,0.0,7,50,9.742857142857142,0.0,9.710714285714285,0.0,-0.2075726370368699,0.0,0.0,0.0,0.0,0.0,0.0,0.0
부안군,2025-12-15,0.8797017576330765,3,10.328571428571427,0.0,7,51,10.178571428571427,0.0,9.95,0.0,-0.1281723407340566,0.1492813106474204,0.12857142857142811,1.060714285714285,0.8999999999999986,0.0,0.0,-0.5
부안군,2025-12-22,0.751092969710602,4,9.285714285714286,0.0,7,52,9.807142857142857,0.0,9.775,0.0,-0.28622584032518616,0.0,0.0,0.0,0.0,0.0,0.0,0.0
부안군,2025-12-29,0.8874053918794322,4,8.085714285714285,0.0,7,1,8.685714285714285,0.0,9.432142857142857,0.0,-0.11945336401405583,0.34644924076621036,0.1642857142857146,-0.17857142857142883,0.2749999999999986,0.0,0.0,0.0
부안군,2026-01-05,0.909999093274657,4,9.071428571428571,0.0,7,2,8.578571428571427,0.0,9.192857142857143,0.0,-0.09431167587321355,0.002238683643359843,-0.564285714285715,-1.2392857142857157,-1.2035714285714292,0.0,0.0,0.0
부안군,2026-01-12,0.8475513654087921,4,12.099999999999998,0.0,7,3,10.585714285714284,0.0,9.635714285714286,0.0,-0.16540383341216452,0.0,0.0,0.0,0.0,0.0,0.0,0.0
부안군,2026-01-19,0.7849968495195132,4,7.757142857142858,0.0,7,4,9.928571428571427,0.0,9.253571428571428,0.0,-0.24207557455872072,-0.02649395729332879,0.128571428571429,0.5714285714285694,0.6964285714285712,0.0,0.0,0.0
부안군,2026-01-26,0.90673800558838,4,8.614285714285714,0.0,7,5,8.185714285714285,0.0,9.385714285714284,0.0,-0.09790172882127716,0.0,0.0,0.0,0.0,0.0,0.0,0.0
부안군,2026-02-02,0.7813552567824527,3,7.885714285714286,0.0,7,6,8.25,0.0,9.089285714285714,0.0,-0.2467253583250801,0.0,0.0,0.0,0.0,0.0,0.0,0.0
부안군,2026-02-09,0.7900976443730255,5,10.5,0.0,7,7,9.192857142857143,0.0,8.689285714285715,0.0,-0.23559874068679465,-0.11109693681945591,1.3142857142857132,0.0785714285714274,-1.0535714285714288,0.0,0.0,0.0
부안군,2026-02-16,0.5849101780751111,3,12.299999999999999,0.0,7,8,11.399999999999999,0.0,9.825,0.0,-0.5362969852909688,-0.24447343423712092,0.9785714285714278,1.1464285714285705,-0.1285714285714299,0.0,0.0,0.0
부안군,2026-03-02,0.7865857504525515,4,9.128571428571428,0.0,7,10,10.714285714285712,0.0,9.953571428571427,0.0,-0.240053534515216,-0.05001514088208536,-2.700000000000001,-0.8607142857142875,-0.3910714285714292,0.0,0.0,0.0
부안군,2026-03-16,0.8991232812720953,6,11.87142857142857,0.0,7,12,10.499999999999998,0.0,10.95,0.0,-0.10633512235257304,0.0,0.0,0.0,0.0,0.0,0.0,0.0
부안군,2026-03-23,0.8734084170788337,3,14.9,0.0,7,13,13.385714285714284,0.0,12.049999999999999,0.0,-0.13535200083624593,-0.09982710502701203,2.2476190476190485,2.0214285714285705,1.136904761904761,0.0,0.0,0.0
부안군,2026-03-30,0.9116561547124885,4,10.428571428571429,0.0,7,14,12.664285714285715,0.0,11.582142857142857,0.0,-0.09249238334054458,0.0,0.0,0.0,0.0,0.0,0.0,0.0
부안군,2026-04-13,1.11671826625387,2,12.428571428571429,0.0,7,16,11.428571428571427,0.0,12.407142857142858,0.0,0.11039426468683675,0.04988295662442316,0.1904761904761898,0.004761904761902969,1.6011904761904763,0.0,0.0,-1.3333333333333333
부안군,2026-06-15,0.9925641219251645,2,8.5,0.0,7,25,10.464285714285714,0.0,11.564285714285713,0.0,-0.00746366203398251,0.179476926239423,-0.4071428571428566,0.9785714285714278,0.9991071428571416,0.0,0.0,0.0
부안군,2026-06-22,0.9911992383300737,3,8.671428571428573,0.0,7,26,8.585714285714285,0.0,10.007142857142858,0.0,-0.008839717099628611,-0.008927032177394791,0.9178571428571445,0.25535714285714306,0.47678571428571637,0.0,0.0,0.0
부안군,2026-06-29,0.8102088218360246,4,7.2142857142857135,0.0,7,27,7.942857142857142,0.0,9.20357142857143,0.0,-0.21046325980575026,-0.10293250468620946,0.40952380952380896,0.7511904761904749,1.0589285714285719,-0.8333333333333334,-1.5,-1.5
부안군,2026-07-06,0.7897386820863567,7,7.842857142857142,1.0,7,28,7.528571428571427,1.0,8.057142857142857,1.0,-0.23605317041072774,-0.08663375935057913,1.1678571428571418,0.5946428571428548,0.4249999999999998,-0.25,-1.5,-1.5
부안군,2026-07-13,0.8645640492207732,4,6.257142857142857,3.0,7,29,7.049999999999999,4.0,7.496428571428571,4.0,-0.1455298884357199,-0.10655049515702397,-1.0061224489795917,-0.2612244897959197,-0.34387755102040796,2.428571428571429,2.7142857142857144,1.4285714285714284
부안군,2026-07-20,0.7153364313175596,9,7.5,5.0,7,30,6.878571428571428,8.0,7.203571428571427,9.0,-0.3350023136429423,-0.28366663319989,-0.3061224489795915,-0.7979591836734699,-0.6729591836734707,2.0,4.428571428571429,3.428571428571429
부안군,2026-07-27,0.8151410177702629,10,8.35714285714286,3.0,7,31,7.928571428571429,8.0,7.489285714285715,12.0,-0.20439415276990874,-0.07059452732738938,0.26190476190476275,-0.13928571428571423,-0.19166666666666643,-0.8333333333333335,1.333333333333333,3.833333333333334
부안군,2026-08-03,1.134906058964669,4,10.37142857142857,5.0,7,32,9.364285714285714,8.0,8.121428571428572,16.0,0.1265498800759433,0.18257460844910223,3.2214285714285715,1.8833333333333329,0.632142857142858,1.6666666666666665,0.833333333333333,5.5
순창군,2018-01-22,0.9998989804161044,5,9.200000000000001,0.0,7,4,10.235714285714288,0.0,10.085714285714285,0.0,-0.00010102468671745878,0.008961621528348881,-1.3539682539682545,-0.6071428571428505,-0.8353174603174605,0.0,0.0,0.0
순창군,2018-01-29,1.0651689430741276,4,10.714285714285714,0.0,7,5,9.957142857142857,0.0,10.396428571428572,0.0,0.06313341857515004,0.019368699859346444,0.2746031746031736,-0.539682539682536,-0.35317460317460103,0.0,0.0,0.0
순창군,2018-02-05,0.9579494132057647,5,12.528571428571428,0.0,7,6,11.62142857142857,0.0,10.928571428571429,0.0,-0.04296030699237228,0.009460805525812424,0.8349206349206337,0.554761904761909,-0.02619047619047521,0.0,0.0,0.0
순창군,2018-02-12,1.0537989680320796,4,11.842857142857143,0.0,7,7,12.185714285714287,0.0,11.071428571428573,0.0,0.05240169951004809,0.018900361761501512,-0.16825396825396766,0.33333333333333925,-0.10317460317460103,0.0,0.0,0.0
순창군,2018-02-19,1.1467389247791744,6,14.014285714285714,0.0,7,8,12.928571428571429,0.0,12.275,0.0,0.13692219652757706,0.13232689370556383,2.2936507936507926,1.0626984126984187,0.8087301587301585,0.0,0.0,0.0
순창군,2018-02-26,0.948264282655678,4,15.442857142857141,0.0,7,9,14.728571428571428,0.0,13.457142857142856,0.0,-0.053122036406152186,-0.0799367883749868,1.7825396825396798,2.0380952380952433,1.185714285714285,0.0,0.0,0.0
순창군,2018-03-05,0.9334062311097217,4,11.014285714285714,0.0,7,10,13.228571428571428,0.0,13.07857142857143,0.0,-0.06891476977655338,-0.10416041410077152,-1.9285714285714288,-0.0730158730158692,0.4948412698412703,0.0,0.0,0.0
순창군,2018-03-12,1.0080496610394931,5,13.957142857142857,0.0,7,11,12.485714285714286,0.0,13.607142857142858,0.0,0.00801743533986185,0.023148790248699216,0.3682539682539687,-0.7801587301587247,0.6289682539682548,0.0,0.0,0.0
순창군,2018-03-19,1.0276298220677675,6,11.842857142857143,0.0,7,12,12.9,0.0,13.064285714285713,0.0,0.02725500691828737,0.0031025931657803485,-2.0777777777777757,-0.8547619047618991,-0.46388888888889035,0.0,0.0,0.0
순창군,2018-03-26,1.053635202020233,6,16.514285714285716,0.0,7,13,14.17857142857143,0.0,13.332142857142859,0.0,0.05224628206972813,0.03635694929631875,1.3936507936507958,-0.3420634920634864,-0.5611111111111082,0.0,0.0,0.0
순창군,2018-04-02,1.0123825679498089,7,10.185714285714285,0.0,7,14,13.350000000000001,0.0,13.125,0.0,0.012306531000299638,0.004031321760460768,-4.442857142857145,-1.52460317460317,-1.18968253968254,0.0,0.0,0.0
순창군,2018-04-09,1.0018840058160634,6,13.471428571428572,0.0,7,15,11.828571428571426,0.0,13.00357142857143,0.0,0.0018822333030399784,-0.030694899582642897,-0.38412698412698454,-2.413492063492061,-1.3777777777777764,0.0,0.0,0.0
순창군,2018-04-16,0.9473390756296504,7,18.228571428571428,0.0,7,16,15.849999999999998,0.0,14.600000000000001,0.0,-0.05409819747429137,-0.0636644452270171,3.795238095238094,1.7055555555555593,0.09047619047619193,0.0,0.0,0.0
순창군,2018-04-23,1.1235535959834995,6,13.242857142857144,0.0,7,17,15.735714285714284,0.0,13.782142857142858,0.0,0.11649651598561962,0.1183337716613548,0.776190476190477,2.2857142857142883,-0.06388888888889,0.0,0.0,0.0
순창군,2018-04-30,0.9610950807661564,6,11.857142857142858,0.0,7,18,12.549999999999999,0.0,14.200000000000001,0.0,-0.039681935503156254,-0.06276883592484975,-1.474603174603173,-0.3492063492063444,0.6781746031746039,0.0,0.0,0.0
순창군,2018-05-07,0.8332853533482653,6,10.357142857142858,0.0,7,19,11.107142857142856,0.0,13.42142857142857,0.0,-0.1823791344335968,-0.18725451543237118,-2.7380952380952372,-2.1063492063492024,0.08968253968254025,0.0,0.0,0.0
순창군,2018-05-14,0.8362757813929288,6,10.157142857142857,0.0,7,20,10.257142857142856,0.0,11.403571428571428,0.0,-0.17879683824759746,-0.17885243944188933,-3.068253968253968,-2.903174603174598,-1.6261904761904766,0.0,0.0,0.0
순창군,2018-05-21,1.084184676227318,5,15.514285714285714,0.0,7,21,12.835714285714284,0.0,11.971428571428572,0.0,0.08082825403025279,0.03952640585115041,2.4761904761904763,-0.2960317460317423,-1.201190476190476,0.0,0.0,0.0
순창군,2018-05-28,1.1282220404562568,7,13.942857142857141,0.0,7,22,14.728571428571426,0.0,12.492857142857142,0.0,0.12064297808066922,0.08455586871923816,1.0285714285714267,1.752380952380955,-0.575396825396826,0.0,0.0,0.0
순창군,2018-06-04,1.0768302588918224,5,12.214285714285714,0.0,7,23,13.078571428571426,0.0,12.957142857142857,0.0,0.07402178026742874,0.046318032916610505,0.011111111111111072,0.5198412698412742,0.1119047619047624,0.0,0.0,0.0
순창군,2018-06-11,0.9566052070228028,5,11.485714285714284,0.0,7,24,11.849999999999998,0.0,13.289285714285715,0.0,-0.04436450449045518,-0.08723077654883465,0.11746031746031527,0.0642857142857185,0.9083333333333332,0.0,0.0,0.0
순창군,2018-06-18,0.9348245738152177,5,12.842857142857142,0.0,7,25,12.164285714285711,0.0,12.62142857142857,0.0,-0.06739638888458455,-0.07844394409514618,2.019047619047619,1.0682539682539716,0.7940476190476176,0.0,0.0,0.0
순창군,2018-06-25,0.9624600340671423,9,7.985714285714286,0.0,7,26,10.414285714285711,0.0,11.132142857142856,0.0,-0.03826273672942822,-0.029935281136857964,-0.8730158730158735,0.5730158730158763,0.31865079365079296,-0.2222222222222222,-0.2222222222222222,-0.2222222222222222
순창군,2018-07-02,1.2082424968587486,7,7.5857142857142845,0.0,7,27,7.785714285714283,0.0,9.975,0.0,0.18916682179929606,0.1517650634721056,-0.866666666666668,-0.8698412698412668,0.09920634920634974,-0.2222222222222222,-0.4444444444444444,-0.4444444444444444
순창군,2018-07-09,0.9866359783576092,8,9.242857142857142,0.0,7,28,8.414285714285711,0.0,9.414285714285715,0.0,-0.013454123831786149,-0.014257930513733306,1.1910714285714281,0.023214285714288962,0.3084821428571427,-0.375,-0.625,-0.875
순창군,2018-07-16,1.1654276196988076,7,12.0,0.0,7,29,10.62142857142857,0.0,9.20357142857143,0.0,0.1530880752047179,0.032423552684919255,3.9746031746031747,2.6841269841269897,0.7674603174603192,-0.4444444444444444,-0.7777777777777778,-1.2222222222222223
순창군,2018-07-23,1.2016665186895659,8,12.142857142857142,0.0,7,30,12.07142857142857,0.0,10.242857142857142,0.0,0.18370935892557672,0.12702555543377175,3.0634920634920633,3.5190476190476225,1.8210317460317462,-1.1111111111111112,-1.5555555555555556,-2.111111111111111
순창군,2018-07-30,1.221975756830981,7,12.071428571428571,1.0,7,31,12.107142857142856,1.0,11.364285714285714,1.0,0.20046902162542538,0.14380484019482775,1.8920634920634924,2.4777777777777814,2.5809523809523807,0.0,-1.1111111111111112,-1.8888888888888888
순창군,2018-08-06,1.2361372345491866,7,10.828571428571427,2.0,7,32,11.45,3.0,11.760714285714284,3.0,0.2119913840606551,0.1608680695266421,1.9031746031746035,1.8976190476190524,2.708333333333334,0.33333333333333326,0.3333333333333335,-1.2222222222222223
순창군,2018-08-13,1.2909670660823787,7,12.428571428571429,0.0,7,33,11.628571428571426,2.0,11.867857142857144,3.0,0.2553916011459097,0.15707345174811357,2.75,2.506250000000003,2.5205357142857157,-0.5,0.125,-0.75
순창군,2018-08-20,1.0219967511819623,7,8.571428571428571,0.0,7,34,10.5,0.0,10.975,3.0,0.02175831289383999,-0.052531203177951166,-0.6410714285714274,1.0544642857142925,1.6125000000000007,-0.25,-0.75,-0.25
순창군,2018-08-27,1.123563570397762,7,6.614285714285714,0.0,7,35,7.592857142857142,0.0,9.610714285714286,2.0,0.11650539350603718,0.03605428574831908,-1.7102040816326536,-1.3602040816326486,0.5816326530612255,-0.14285714285714285,-0.42857142857142855,-0.5714285714285716
순창군,2018-09-03,1.0592372693696195,6,9.657142857142857,0.0,7,36,8.135714285714284,0.0,9.317857142857143,0.0,0.057549091919969,0.025701135862898232,0.2632653061224488,-0.7234693877550971,0.04489795918367534,0.0,-0.14285714285714285,-1.0
순창군,2018-09-10,1.0640359208220869,6,9.485714285714286,0.0,7,37,9.57142857142857,0.0,8.582142857142856,0.0,0.06206915052072516,-0.003899795194474115,0.8081632653061224,0.53571428571429,-0.4122448979591855,-0.2857142857142857,-0.2857142857142857,-0.7142857142857143
순창군,2018-09-17,0.9852238065907816,5,9.8,0.0,7,38,9.642857142857142,0.0,8.889285714285714,0.0,-0.014886448806448134,-0.01299041565869977,-0.180357142857142,0.4419642857142918,-0.164732142857142,0.0,-0.25,-0.375
순창군,2018-09-24,0.9726038667309836,6,12.757142857142858,0.0,7,39,11.278571428571428,0.0,10.425,0.0,-0.027778405356172327,-0.07482937012923574,1.31607142857143,0.5678571428571484,0.6316964285714288,0.0,0.0,-0.25
순창군,2018-10-01,1.072687945312031,5,11.457142857142857,0.0,7,40,12.107142857142858,0.0,10.875,0.0,0.07016759685141058,0.06703543846359025,1.3464285714285715,1.331250000000006,0.8866071428571427,0.0,0.0,-0.25
순창군,2018-10-08,1.0831655194424776,6,13.0,0.0,7,41,12.228571428571428,0.0,11.75357142857143,0.0,0.07988779054447696,0.056702033082783064,1.4089285714285715,1.377678571428575,0.9727678571428573,0.0,0.0,0.0
순창군,2018-10-15,1.0460695271149962,5,15.62857142857143,0.0,7,42,14.314285714285713,0.0,13.210714285714285,0.0,0.0450398329509355,0.01690162723333917,3.2910714285714295,2.350000000000005,1.8406249999999993,0.0,0.0,0.0
순창군,2018-10-22,0.9847055064611732,7,12.77142857142857,0.0,7,43,14.2,0.0,13.214285714285714,0.0,-0.015412660724951089,-0.011818988643507403,-0.3500000000000014,1.4705357142857185,1.4241071428571423,0.0,0.0,0.0
순창군,2018-10-29,0.9948984315020555,6,15.3,0.0,7,44,14.035714285714285,0.0,14.175,0.0,-0.005114625926355557,-0.004022570303947107,1.2696428571428573,0.45982142857143415,1.4049107142857142,0.0,0.0,0.0
순창군,2018-11-05,1.097959356609934,6,11.785714285714286,0.0,7,45,13.542857142857143,0.0,13.871428571428572,0.0,0.09345332656428862,0.043928065581953765,-1.3714285714285719,-0.050892857142851966,0.7098214285714288,0.0,0.0,0.0
순창군,2018-11-12,1.0630771282648248,5,12.571428571428571,0.0,7,46,12.178571428571427,0.0,13.107142857142858,0.0,0.061167653891190076,0.01874094877890751,-1.0875000000000004,-1.2294642857142808,-0.38482142857142776,0.0,0.0,0.0
순창군,2018-11-19,0.9955215994532075,5,12.757142857142856,0.0,7,47,12.664285714285713,0.0,13.10357142857143,0.0,-0.00448845862315151,0.05983208701496525,-0.03750000000000142,-0.5624999999999964,-0.30669642857142776,0.0,0.0,0.0
순창군,2018-11-26,1.0483455444979561,7,16.2,0.0,7,48,14.478571428571428,0.0,13.328571428571427,0.0,0.047213249586206235,0.05646067018944688,5.2839285714285715,2.6232142857142904,0.6968749999999986,0.0,0.0,0.0
순창군,2018-12-03,0.924124875224933,5,8.028571428571428,0.0,7,49,12.114285714285712,0.0,12.389285714285712,0.0,-0.07890807012456766,-0.05467657294919828,-3.100340136054422,1.0896258503401395,0.24175170068027185,0.0,0.0,0.0
순창군,2018-12-10,1.0249714262910885,6,10.814285714285715,0.0,7,50,9.42142857142857,0.0,11.95,0.0,0.024664735412624646,0.09586774884144009,0.3714285714285719,-1.3492559523809469,0.5476934523809511,0.0,0.0,0.0
순창군,2018-12-17,0.90008108593599,6,13.242857142857144,0.0,7,51,12.028571428571428,0.0,12.071428571428571,0.0,-0.10527042423174736,-0.06938469672760773,2.639285714285716,1.5053571428571484,1.268229166666666,0.0,0.0,0.0
순창군,2018-12-24,0.9477637281249509,4,9.057142857142857,0.0,7,52,11.149999999999999,0.0,10.285714285714286,0.0,-0.05365003972626137,-0.02817640724981293,-1.5857142857142854,0.5267857142857189,-0.41123511904761756,0.0,0.0,0.0
순창군,2018-12-31,0.9475842359234168,7,12.671428571428573,0.0,7,1,10.864285714285714,0.0,11.446428571428571,0.0,-0.05383944262797164,0.01938232889802414,1.3392857142857153,-0.05982142857142314,0.7330357142857142,0.0,0.0,0.0
순창군,2019-01-07,0.974902180415614,4,11.214285714285714,0.0,7,2,11.942857142857141,0.0,11.546428571428573,0.0,-0.025418140796315512,-0.0030170100960415433,0.2821428571428566,0.8107142857142904,0.6156250000000014,0.0,0.0,0.0
순창군,2019-01-14,1.146473258979522,6,11.514285714285714,0.0,7,3,11.364285714285712,0.0,11.114285714285714,0.0,0.13669049899629537,0.11494137536675353,0.40000000000000036,0.341071428571432,0.140625,0.0,0.0,0.0
순창군,2019-01-21,1.0469340467775092,6,14.12857142857143,0.0,7,4,12.82142857142857,0.0,12.382142857142856,0.0,0.04586593733266002,0.05492858354772636,3.5746031746031743,1.9785714285714313,1.4611111111111104,0.0,0.0,0.0
순창군,2019-01-28,0.9653472180092301,6,12.157142857142857,0.0,7,5,13.142857142857142,0.0,12.253571428571428,0.0,-0.035267430951224026,-0.07903214966702762,1.7174603174603167,2.646031746031749,1.5039682539682548,0.0,0.0,0.0
순창군,2019-02-04,1.0073696429653292,5,11.228571428571428,0.0,7,6,11.69285714285714,0.0,12.257142857142856,0.0,0.007342619832619239,0.05976373235080394,-0.465079365079367,0.6261904761904784,1.3023809523809522,0.0,0.0,0.0
순창군,2019-02-11,1.0944333320727666,5,9.757142857142856,0.0,7,7,10.49285714285714,0.0,11.817857142857143,0.0,0.09023672436018083,0.056735386611634256,-2.253968253968255,-1.3595238095238074,0.6432539682539691,0.0,0.0,0.0
순창군,2019-02-18,1.0168968128902331,5,13.0,0.0,7,8,11.378571428571426,0.0,11.535714285714285,0.0,0.016755649667288968,0.012160346845275751,1.2793650793650784,-0.4873015873015838,0.06944444444444287,0.0,0.0,0.0
순창군,2019-02-25,1.1432775556683925,4,14.957142857142857,0.0,7,9,13.978571428571428,0.0,12.235714285714286,0.0,0.13389918619001986,0.10708443422118524,1.2968253968253958,1.2880952380952433,-0.0357142857142847,0.0,0.0,0.0
순창군,2019-03-04,1.0888716774590876,5,14.814285714285715,0.0,7,10,14.885714285714284,0.0,13.132142857142858,0.0,0.08514200180026056,0.049896357476042416,1.8714285714285719,1.5841269841269874,0.5484126984126991,0.0,0.0,0.0
순창군,2019-03-11,0.9859327894098777,5,12.4,0.0,7,11,13.607142857142856,0.0,13.792857142857143,0.0,-0.014167091601538062,0.0009642633072993022,-1.1888888888888882,0.3412698412698454,0.8146825396825399,0.0,0.0,0.0
순창군,2019-03-18,1.0636191304571498,5,14.314285714285713,0.0,7,12,13.357142857142854,0.0,14.12142857142857,0.0,0.061677366739780325,0.037524952987273305,0.39365079365079403,-0.3976190476190453,0.5932539682539666,0.0,0.0,0.0
순창군,2019-03-25,1.054976983523909,5,14.457142857142857,0.0,7,13,14.385714285714283,0.0,13.996428571428572,0.0,0.053518950125029836,0.03762961735162045,-0.6634920634920629,-0.13492063492063444,0.10317460317460458,0.0,0.0,0.0
순창군,2019-04-01,1.0459940828993743,5,16.6,0.0,7,14,15.528571428571427,0.0,14.442857142857143,0.0,0.044967708742767586,0.036692499502928716,1.9714285714285715,0.6539682539682552,0.12817460317460316,0.0,0.0,0.0
순창군,2019-04-08,1.0660062813299178,5,12.171428571428573,0.0,7,15,14.385714285714283,0.0,14.385714285714286,0.0,0.06391921815585894,0.03134208527017606,-1.6841269841269835,0.1436507936507958,0.004365079365079794,0.0,0.0,0.0
순창군,2019-04-15,1.0200786588950959,6,15.742857142857144,0.0,7,16,13.957142857142856,0.0,14.742857142857144,0.0,0.019879740886669835,0.010313493133944108,1.3095238095238102,-0.18730158730158308,0.23333333333333428,0.0,0.0,0.0
순창군,2019-04-22,0.9614212550366634,5,8.985714285714286,0.0,7,17,12.36428571428571,0.0,13.375,0.0,-0.039342615344921596,-0.037505359669186424,-3.480952380952381,-1.0857142857142854,-0.47103174603174836,0.0,0.0,0.0
순창군,2019-04-29,0.9922253889293827,5,15.528571428571427,0.0,7,18,12.257142857142853,0.0,13.107142857142858,0.0,-0.007804990922731668,-0.030891891344425153,2.196825396825396,-0.6420634920634907,-0.41468253968253954,0.0,0.0,0.0
순창군,2019-05-06,1.0709398678846567,5,18.47142857142857,0.0,7,19,16.999999999999996,0.0,14.682142857142857,0.0,0.06853664412341905,0.06366126312464468,5.376190476190477,3.786507936507938,1.3503968253968264,0.0,0.0,0.0
순창군,2019-05-13,0.8932050895400797,7,12.628571428571428,0.0,7,20,15.549999999999997,0.0,13.903571428571427,0.0,-0.11293906093554823,-0.1129946621298401,-0.5968253968253965,2.3896825396825427,0.8738095238095216,0.0,0.0,0.0
순창군,2019-05-20,1.1354532367964676,7,16.642857142857142,0.0,7,21,14.635714285714279,0.0,15.817857142857141,0.0,0.12703189879731017,0.08573005061820779,3.6047619047619044,1.503968253968253,2.645238095238094,0.0,0.0,0.0
순창군,2019-05-27,1.0128125263319672,8,14.214285714285714,0.0,7,22,15.428571428571423,0.0,15.489285714285714,0.0,0.01273114035258594,-0.023355969008845116,1.299999999999999,2.4523809523809526,2.421031746031746,0.0,0.0,0.0
순창군,2019-06-03,0.9030951336856048,8,13.185714285714285,0.0,7,23,13.699999999999992,0.0,14.167857142857143,0.0,-0.10192737819565993,-0.12963112554647818,0.9825396825396826,1.1412698412698408,1.3226190476190478,0.0,0.0,0.0
순창군,2019-06-10,0.9354748639407536,7,9.914285714285715,0.0,7,24,11.549999999999994,0.0,13.489285714285714,0.0,-0.066701002746287,-0.10956727480466648,-1.4539682539682541,-0.23571428571428577,1.1083333333333325,0.0,0.0,0.0
순창군,2019-06-17,0.9283237451427517,7,11.514285714285714,0.0,7,25,10.714285714285708,0.0,12.207142857142857,0.0,-0.07437474373420946,-0.0854222989447711,0.6904761904761916,-0.3817460317460313,0.37976190476190474,0.0,0.0,0.0
순창군,2019-06-24,1.0119240652931165,8,8.571428571428571,0.0,7,26,10.042857142857136,0.0,10.79642857142857,0.0,0.011853533754720825,0.02018098934729108,-0.28730158730158806,0.20158730158730087,-0.017063492063492447,-0.2222222222222222,-0.2222222222222222,-0.2222222222222222
순창군,2019-07-01,0.9358093301416812,7,11.857142857142858,0.0,7,27,10.214285714285708,0.0,10.464285714285715,0.0,-0.06634353036924566,-0.1037452886964361,3.404761904761905,1.5587301587301585,0.5884920634920654,-0.2222222222222222,-0.4444444444444444,-0.4444444444444444
순창군,2019-07-08,0.9866627272992987,9,8.342857142857142,0.0,7,28,10.099999999999993,0.0,10.071428571428571,0.0,-0.013427012942173258,-0.014230819624120416,0.29107142857142776,1.7089285714285705,0.9656249999999993,-0.375,-0.625,-0.875
순창군,2019-07-15,1.0713955295624218,7,7.071428571428571,0.0,7,29,7.707142857142849,0.0,8.960714285714285,0.0,0.0689620319363444,-0.05170249058345425,-0.9539682539682541,-0.23015873015873112,0.5246031746031754,-0.4444444444444444,-0.7777777777777778,-1.2222222222222223
순창군,2019-07-22,0.8225424052268584,5,5.914285714285713,2.0,7,30,6.492857142857135,2.0,8.29642857142857,2.0,-0.1953552411647824,-0.25203904465658733,-3.1650793650793663,-2.059523809523812,-0.12539682539682495,0.8888888888888888,0.4444444444444444,-0.11111111111111116
순창군,2019-07-29,0.8878774836243396,5,11.200000000000001,0.0,7,31,8.55714285714285,2.0,8.132142857142856,2.0,-0.11892151440005948,-0.1755856958306571,1.0206349206349223,-1.0722222222222246,-0.651190476190477,-1.0,-0.11111111111111116,-0.8888888888888888
순창군,2019-08-05,1.0633224905663043,7,10.142857142857142,0.0,7,32,10.671428571428564,0.0,8.582142857142857,2.0,0.06139843111706578,0.010275116583052774,1.2174603174603185,1.1190476190476168,-0.4702380952380931,-1.6666666666666667,-2.6666666666666665,-2.2222222222222223
순창군,2019-08-12,0.936926146580265,7,8.8,0.0,7,33,9.471428571428564,0.0,9.014285714285714,2.0,-0.06515081886795711,-0.16346896826575325,-0.8785714285714281,0.3491071428571413,-0.3330357142857139,-0.5,-1.875,-1.75
순창군,2019-08-19,1.0779564830536623,5,9.757142857142856,0.0,7,34,9.278571428571421,0.0,9.975,0.0,0.07506710344718365,0.0007775873753924911,0.5446428571428577,-0.16696428571428612,0.6125000000000007,-0.25,-0.75,-3.25
순창군,2019-08-26,0.9751270943054995,6,8.185714285714287,0.0,7,35,8.971428571428564,0.0,9.221428571428572,0.0,-0.025187463345675756,-0.10563857110339386,-0.13877551020408063,0.018367346938774176,0.19234693877551123,-0.14285714285714285,-0.42857142857142855,-2.5714285714285716
순창군,2019-09-02,0.9899992583471711,5,6.185714285714286,0.0,7,36,7.18571428571428,0.0,8.232142857142858,0.0,-0.010051084998053704,-0.04189904105512447,-3.208163265306122,-1.6734693877551017,-1.04081632653061,0.0,-0.14285714285714285,-1.0
순창군,2019-09-09,0.9744531752895533,5,9.171428571428573,0.0,7,37,7.678571428571422,0.0,8.325,0.0,-0.02587881117402491,-0.09184775688922418,0.4938775510204092,-1.3571428571428577,-0.6693877551020417,-0.2857142857142857,-0.2857142857142857,-0.7142857142857143
순창군,2019-09-16,1.0202166891855864,5,11.057142857142855,0.0,7,38,10.114285714285707,0.0,8.65,0.0,0.020015045111943845,0.02191107825969221,1.0767857142857125,0.9133928571428562,-0.4040178571428559,0.0,-0.25,-0.375
순창군,2019-09-23,1.064796158602788,6,12.571428571428571,0.0,7,39,11.814285714285706,0.0,9.74642857142857,0.0,0.06278338046903052,0.015732415695967117,1.130357142857143,1.103571428571426,-0.046875000000001776,0.0,0.0,-0.25
순창군,2019-09-30,0.8190538776078139,6,7.414285714285714,0.0,7,40,9.992857142857135,0.0,10.053571428571429,0.0,-0.19960541266785578,-0.2027375710556761,-2.696428571428572,-0.7830357142857167,0.06517857142857153,0.0,0.0,-0.25
순창군,2019-10-07,0.9895717651212919,6,13.614285714285716,0.0,7,41,10.514285714285709,0.0,11.164285714285715,0.0,-0.010482989918318327,-0.03366874738001223,2.023214285714287,-0.33660714285714377,0.383482142857142,0.0,0.0,0.0
순창군,2019-10-14,0.9048997365521649,6,12.385714285714286,0.0,7,42,12.999999999999993,0.0,11.49642857142857,0.0,-0.09993112975984164,-0.12806933547743798,0.048214285714285765,1.0357142857142847,0.126339285714284,0.0,0.0,0.0
순창군,2019-10-21,1.0720239168263135,6,12.028571428571428,0.0,7,43,12.207142857142852,0.0,11.360714285714286,0.0,0.06954837287204271,0.0731420449534864,-1.0928571428571434,-0.5223214285714288,-0.4294642857142854,0.0,0.0,0.0
순창군,2019-10-28,0.8796460135855658,6,14.828571428571431,0.0,7,44,13.428571428571423,0.0,13.214285714285715,0.0,-0.12823570972618106,-0.12714365410377262,0.7982142857142875,-0.14732142857142705,0.4441964285714288,0.0,0.0,0.0
순창군,2019-11-04,1.0719896846912647,5,15.200000000000001,0.0,7,45,15.014285714285709,0.0,13.610714285714288,0.0,0.06951644011282188,0.019991179130487022,2.0428571428571427,1.4205357142857142,0.4491071428571445,0.0,0.0,0.0
순창군,2019-11-11,0.9796427835159566,5,13.514285714285716,0.0,7,46,14.357142857142852,0.0,13.892857142857146,0.0,-0.020567280382574795,-0.06299398549485737,-0.14464285714285552,0.9491071428571445,0.4008928571428605,0.0,0.0,0.0
순창군,2019-11-18,1.0264388228741532,5,14.571428571428571,0.0,7,47,14.042857142857137,0.0,14.52857142857143,0.0,0.02609535791627664,0.0904159035543934,1.7767857142857135,0.8160714285714281,1.118303571428573,0.0,0.0,0.0
순창군,2019-11-25,1.0400395029700964,5,11.72857142857143,0.0,7,48,13.149999999999995,0.0,13.75357142857143,0.0,0.03925869605701436,0.048506116660255005,0.8125000000000018,1.2946428571428577,1.121875000000001,0.0,0.0,0.0
순창군,2019-12-02,1.0288837189455353,6,9.616666666666667,0.0,6,49,10.672619047619042,0.0,12.357738095238096,0.0,0.028474446526287337,0.05270594370165671,-1.5122448979591834,-0.3520408163265305,0.21020408163265536,0.0,0.0,0.0
순창군,2019-12-09,0.8600050199939187,5,12.657142857142857,0.0,7,50,11.136904761904756,0.0,12.143452380952382,0.0,-0.15081705254938904,-0.0796140391205736,2.2142857142857135,0.36622023809523796,0.7411458333333343,0.0,0.0,0.0
순창군,2019-12-16,1.032322905259988,5,9.814285714285715,0.0,7,51,11.23571428571428,0.0,10.954166666666666,0.0,0.03181151081244747,0.0676972383165871,-0.7892857142857128,0.7125000000000004,0.15096726190476062,0.0,0.0,0.0
순창군,2019-12-23,1.0493735390749805,5,11.700000000000001,0.0,7,52,10.757142857142853,0.0,10.94702380952381,0.0,0.04819335666285569,0.07366698913930413,1.0571428571428587,0.13392857142857295,0.25007440476190546,0.0,0.0,0.0
순창군,2019-12-30,0.9254294738197398,6,11.842857142857143,0.0,7,1,11.771428571428565,0.0,11.50357142857143,0.0,-0.07749735320041794,-0.0042755816744221575,0.5107142857142861,0.8473214285714281,0.790178571428573,0.0,0.0,0.0
순창군,2020-01-06,0.9406311857436638,4,8.742857142857144,0.0,7,2,10.292857142857137,0.0,10.525,0.0,-0.06120415486063125,-0.03880302416035728,-2.189285714285713,-0.8392857142857135,-0.4058035714285708,0.0,0.0,0.0
순창군,2020-01-13,0.9693627307729255,6,9.828571428571427,0.0,7,3,9.28571428571428,0.0,10.52857142857143,0.0,-0.03111640197432029,-0.052865525603862124,-1.2857142857142865,-1.7375000000000007,-0.44508928571428363,0.0,0.0,0.0
순창군,2020-01-20,0.9935249742686757,5,10.285714285714286,0.0,7,4,10.05714285714285,0.0,10.175,0.0,-0.006496079642722909,0.0025665665723434315,-0.2682539682539691,-0.7857142857142883,-0.7460317460317452,0.0,0.0,0.0
순창군,2020-01-27,1.0304832929136072,5,8.642857142857142,0.0,7,5,9.464285714285708,0.0,9.375,0.0,0.030027908614920145,-0.013736810100883446,-1.7968253968253975,-1.032539682539685,-1.3746031746031733,0.0,0.0,0.0
순창군,2020-02-03,0.8937227282472688,4,10.585714285714285,0.0,7,6,9.614285714285707,0.0,9.835714285714285,0.0,-0.1123596992886863,-0.0599385867705016,-1.1079365079365093,-1.4523809523809543,-1.1190476190476186,0.0,0.0,0.0
순창군,2020-02-10,1.0184367215339931,6,13.285714285714286,0.0,7,7,11.93571428571428,0.0,10.7,0.0,0.01826882567656962,-0.01523251207197696,1.2746031746031754,0.08333333333333215,-0.4746031746031747,0.0,0.0,0.0
순창군,2020-02-17,1.0376468000202226,5,11.457142857142856,0.0,7,8,12.371428571428565,0.0,10.992857142857142,0.0,0.036955457108780364,0.03236015428676715,-0.2634920634920661,0.5055555555555546,-0.47341269841269984,0.0,0.0,0.0
순창군,2020-02-24,0.958834820091885,6,10.985714285714286,0.0,7,9,11.221428571428564,0.0,11.578571428571427,0.0,-0.04203646075687703,-0.06885121272571165,-2.6746031746031758,-1.46904761904762,-0.6928571428571431,0.0,0.0,0.0
순창군,2020-03-02,1.0175502808315418,7,11.957142857142857,0.0,7,10,11.471428571428564,0.0,11.92142857142857,0.0,0.01739805316433548,-0.017847591159882666,-0.9857142857142858,-1.8301587301587325,-0.6623015873015881,0.0,0.0,0.0
순창군,2020-03-09,0.9492975449095056,7,11.700000000000001,0.0,7,11,11.828571428571422,0.0,11.525,0.0,-0.052032994309141566,-0.0369016394003042,-1.8888888888888875,-1.4373015873015884,-1.4531746031746025,0.0,0.0,0.0
순창군,2020-03-16,0.9353781661878193,7,16.185714285714287,0.0,7,12,13.94285714285714,0.0,12.707142857142859,0.0,-0.06680437564780645,-0.09095678940031347,2.2650793650793677,0.1880952380952401,-0.8210317460317444,0.0,0.0,0.0
순창군,2020-03-23,0.953231897609224,4,14.200000000000001,0.0,7,13,15.19285714285714,0.0,13.510714285714286,0.0,-0.04789707060655365,-0.06378640337996302,-0.9206349206349191,0.6722222222222225,-0.3825396825396812,0.0,0.0,0.0
순창군,2020-03-30,0.9950021479316558,6,16.37142857142857,0.0,7,14,15.285714285714281,0.0,14.614285714285716,0.0,-0.005010383100592159,-0.01328559234043103,1.7428571428571402,0.41111111111110965,0.29960317460317576,0.0,0.0,0.0
순창군,2020-04-06,0.9477072879487864,8,13.314285714285715,0.0,7,15,14.842857142857138,0.0,15.017857142857144,0.0,-0.053709592392276864,-0.08628672527795975,-0.5412698412698411,0.6007936507936513,0.6365079365079378,0.0,0.0,0.0
순창군,2020-04-13,0.9649789023788481,6,13.442857142857145,0.0,7,16,13.378571428571426,0.0,14.332142857142857,0.0,-0.035649040701992596,-0.045215288454718325,-0.9904761904761887,-0.7658730158730123,-0.1773809523809522,0.0,0.0,0.0
순창군,2020-04-20,0.9232764471596384,5,13.114285714285714,0.0,7,17,13.278571428571425,0.0,14.060714285714287,0.0,-0.07982657994120917,-0.077989324265474,0.6476190476190471,-0.17142857142857082,0.21468253968253848,0.0,0.0,0.0
순창군,2020-04-27,0.9308724410645044,6,13.957142857142857,0.0,7,18,13.535714285714281,0.0,13.457142857142857,0.0,-0.07163302391226507,-0.09471992433395857,0.6253968253968267,0.6365079365079378,-0.0646825396825399,0.0,0.0,0.0
순창군,2020-05-04,0.9231118587523813,6,12.200000000000001,0.0,7,19,13.078571428571426,0.0,13.178571428571429,0.0,-0.08000486140796893,-0.0848802424067433,-0.8952380952380938,-0.13492063492063266,-0.15317460317460174,0.0,0.0,0.0
순창군,2020-05-11,0.9976120673185431,5,11.957142857142857,0.0,7,20,12.078571428571426,0.0,12.807142857142857,0.0,-0.0023907883396880004,-0.002446389533979871,-1.2682539682539673,-1.0817460317460288,-0.22261904761904816,0.0,0.0,0.0
순창군,2020-05-18,0.7757871907946214,5,11.585714285714287,0.0,7,21,11.771428571428569,0.0,12.425,0.0,-0.2538770350759427,-0.2951788832550451,-1.4523809523809508,-1.3603174603174573,-0.7476190476190467,0.0,0.0,0.0
순창군,2020-05-25,0.8592044562149656,7,12.428571428571429,0.0,7,22,12.007142857142854,0.0,12.042857142857144,0.0,-0.15174836877105452,-0.18783547813248558,-0.48571428571428577,-0.9690476190476165,-1.0253968253968235,0.0,0.0,0.0
순창군,2020-06-01,0.908650878532392,8,12.271428571428572,0.0,7,23,12.349999999999998,0.0,12.060714285714287,0.0,-0.09579433060077847,-0.1234980779515967,0.06825396825396979,-0.20873015873015355,-0.7845238095238081,0.0,0.0,0.0
순창군,2020-06-08,1.0872279801573308,8,10.314285714285715,0.0,7,24,11.292857142857141,0.0,11.650000000000002,0.0,0.0836313195035171,0.04076504744513762,-1.0539682539682538,-0.49285714285713844,-0.7309523809523792,0.0,0.0,0.0
순창군,2020-06-15,1.0256818701893917,8,10.757142857142856,0.0,7,25,10.535714285714281,0.0,11.442857142857143,0.0,0.02535763062601488,0.014310075415453243,-0.06666666666666643,-0.5603174603174583,-0.3845238095238095,0.0,0.0,0.0
순창군,2020-06-22,1.0168877968076213,9,9.857142857142858,0.0,7,26,10.307142857142853,0.0,10.8,0.0,0.01674678335709181,0.025074238949662063,0.9984126984126984,0.46587301587301866,-0.013492063492062556,-0.2222222222222222,-0.2222222222222222,-0.2222222222222222
순창군,2020-06-29,1.103975910950019,8,6.8999999999999995,0.0,7,27,8.378571428571425,0.0,9.457142857142857,0.0,0.0989181278251989,0.06151636949800847,-1.552380952380953,-0.2769841269841251,-0.4186507936507926,-0.2222222222222222,-0.4444444444444444,-0.4444444444444444
순창군,2020-07-06,0.9914577119989436,8,8.27142857142857,0.0,7,28,7.585714285714282,0.0,8.946428571428571,0.0,-0.008578982462412324,-0.009382789144359482,0.21964285714285658,-0.8053571428571402,-0.1593750000000007,-0.375,-0.625,-0.875
순창군,2020-07-13,1.2071788796918212,7,6.285714285714286,0.0,7,29,7.278571428571425,0.0,7.828571428571428,0.0,0.18828613303335281,0.06762161051355417,-1.7396825396825397,-0.6587301587301555,-0.6075396825396817,-0.4444444444444444,-0.7777777777777778,-1.2222222222222223
순창군,2020-07-20,1.1593275343335574,7,5.357142857142857,0.0,7,30,5.821428571428568,0.0,6.703571428571428,0.0,0.14784012523901383,0.09115632174720886,-3.7222222222222223,-2.7309523809523792,-1.7182539682539675,-1.1111111111111112,-1.5555555555555556,-2.111111111111111
순창군,2020-07-27,0.991352849090471,7,6.385714285714286,0.0,7,31,5.871428571428568,0.0,6.575,0.0,-0.008684754451555561,-0.0653489358821532,-3.7936507936507926,-3.757936507936506,-2.208333333333333,-1.0,-2.111111111111111,-2.888888888888889
순창군,2020-08-03,0.8288689414599588,9,5.371428571428571,1.0,7,32,5.878571428571425,1.0,5.85,1.0,-0.18769322867290725,-0.23881654320692025,-3.553968253968253,-3.6738095238095223,-3.2023809523809508,-0.6666666666666667,-1.6666666666666665,-3.2222222222222223
순창군,2020-08-10,1.1227679152628676,7,7.542857142857144,2.0,7,33,6.457142857142854,3.0,6.164285714285715,3.0,0.11579698944969241,0.01747884005189629,-2.1357142857142852,-2.6651785714285694,-3.1830357142857135,1.5,1.125,-0.75
순창군,2020-08-17,0.872727580955743,5,10.314285714285713,0.0,7,34,8.928571428571425,2.0,7.4035714285714285,3.0,-0.13613182114618685,-0.210421337217978,1.1017857142857146,-0.5169642857142822,-1.9589285714285705,-0.25,1.25,-0.25
순창군,2020-08-24,0.9759624108379583,6,8.185714285714285,1.0,7,35,9.249999999999996,1.0,7.853571428571428,4.0,-0.024331206796406345,-0.10478231455412446,-0.1387755102040824,0.2969387755102062,-1.1755102040816325,0.8571428571428572,0.5714285714285714,1.4285714285714284
순창군,2020-08-31,0.7719636166457969,6,7.914285714285714,0.0,7,36,8.049999999999995,1.0,8.489285714285714,3.0,-0.25881785876510705,-0.2906658148221778,-1.479591836734694,-0.809183673469386,-0.7836734693877538,0.0,0.8571428571428572,2.0
순창군,2020-09-07,0.9364099409492238,6,6.6000000000000005,0.0,7,37,7.257142857142854,0.0,8.253571428571428,1.0,-0.06570192728629448,-0.13167087300149377,-2.077551020408163,-1.7785714285714258,-0.7408163265306129,-0.2857142857142857,-0.2857142857142857,0.2857142857142857
순창군,2020-09-14,0.8836177710897442,6,9.957142857142857,0.0,7,38,8.278571428571425,0.0,8.164285714285715,1.0,-0.12373069549520709,-0.12183466234745872,-0.02321428571428541,-0.9223214285714256,-0.8897321428571416,0.0,-0.25,0.625
순창군,2020-09-21,0.9888602480563597,8,11.957142857142857,0.0,7,39,10.957142857142854,0.0,9.107142857142858,0.0,-0.011202263657186785,-0.05825322843025019,0.5160714285714292,0.24642857142857366,-0.6861607142857142,0.0,0.0,-0.25
순창군,2020-09-28,0.8050301021673296,8,11.057142857142859,0.0,7,40,11.507142857142856,0.0,9.892857142857144,0.0,-0.216875608266029,-0.22000776665384933,0.946428571428573,0.7312500000000046,-0.09553571428571317,0.0,0.0,-0.25
순창군,2020-10-05,1.0233350439082811,11,11.785714285714286,0.0,7,41,11.42142857142857,0.0,11.189285714285715,0.0,0.023066944501209233,-0.00011881296048466689,0.194642857142858,0.5705357142857181,0.40848214285714235,0.0,0.0,0.0
순창군,2020-10-12,0.9757076311325943,7,12.171428571428573,0.0,7,42,11.978571428571428,0.0,11.742857142857144,0.0,-0.02459229571136872,-0.05273050142896505,-0.16607142857142776,0.014285714285719564,0.37276785714285765,0.0,0.0,0.0
순창군,2020-10-19,1.0150672610725808,7,11.757142857142858,0.0,7,43,11.964285714285712,0.0,11.692857142857145,0.0,0.01495487736476769,0.018548549446211378,-1.3642857142857139,-0.765178571428569,-0.09732142857142634,0.0,0.0,0.0
순창군,2020-10-26,1.0166043764519639,7,14.557142857142859,0.0,7,44,13.157142857142855,0.0,12.567857142857143,0.0,0.016468031010542738,0.017560086632951187,0.5267857142857153,-0.41874999999999574,-0.20223214285714342,0.0,0.0,0.0
순창군,2020-11-02,0.9986009443235004,8,12.671428571428573,0.0,7,45,13.614285714285714,0.0,12.789285714285715,0.0,-0.0014000352686684592,-0.05092529625100331,-0.48571428571428577,0.02053571428571921,-0.37232142857142847,0.0,0.0,0.0
순창군,2020-11-09,0.9531604797524736,9,16.514285714285712,0.0,7,46,14.592857142857142,0.0,13.875,0.0,-0.047971995220848,-0.09039870033313058,2.855357142857141,1.1848214285714338,0.3830357142857146,0.0,0.0,0.0
순창군,2020-11-16,0.9713002739031312,5,11.085714285714287,0.0,7,47,13.8,0.0,13.707142857142857,0.0,-0.029119616577463207,0.03520092906065356,-1.7089285714285705,0.5732142857142914,0.296875,0.0,0.0,0.0
순창군,2020-11-23,0.9807575735080226,6,8.357142857142858,0.0,7,48,9.721428571428572,0.0,12.157142857142858,0.0,-0.01942997176269601,-0.010182551159455364,-2.55892857142857,-2.133928571428566,-0.47455357142857046,0.0,0.0,0.0
순창군,2020-11-30,0.824496411589557,4,12.37142857142857,0.0,7,49,10.364285714285714,0.0,12.082142857142856,0.0,-0.19298248921808298,-0.1687509920427136,1.2425170068027196,-0.6603741496598587,-0.06539115646258509,0.0,0.0,0.0
순창군,2020-12-07,0.9980659727062218,4,11.799999999999999,0.0,7,50,12.085714285714285,0.0,10.903571428571428,0.0,-0.0019358999394528766,0.06926711348936256,1.3571428571428559,1.3150297619047677,-0.4987351190476197,0.0,0.0,0.0
순창군,2020-12-14,1.0789830748959939,5,8.757142857142856,0.0,7,51,10.278571428571428,0.0,10.32142857142857,0.0,0.07601900023637723,0.11190472774051685,-1.8464285714285715,-0.2446428571428516,-0.4817708333333357,0.0,0.0,0.0
순창군,2020-12-21,0.884902597503785,4,11.471428571428572,0.0,7,52,10.114285714285714,0.0,11.1,0.0,-0.12227769934893576,-0.09680406687248733,0.8285714285714292,-0.5089285714285658,0.4030505952380956,0.0,0.0,0.0
순창군,2020-12-28,0.9734788414352327,4,10.457142857142857,0.0,7,53,10.964285714285715,0.0,10.62142857142857,0.0,-0.026879188935888216,0.0,0.0,0.0,0.0,0.0,0.0,0.0
순창군,2021-01-04,1.0597352588544575,3,13.528571428571428,0.0,7,1,11.992857142857144,0.0,11.053571428571429,0.0,0.05801912113212089,0.13124089265811667,2.196428571428571,1.0687500000000068,0.3401785714285719,0.0,0.0,0.0
순창군,2021-01-11,0.9850158462082448,4,12.085714285714285,0.0,7,2,12.807142857142857,0.0,11.885714285714284,0.0,-0.015097550418390256,0.007303580281883713,1.1535714285714285,1.675000000000006,0.9549107142857132,0.0,0.0,0.0
순창군,2021-01-18,0.9963485403287786,4,10.457142857142857,0.0,7,3,11.271428571428572,0.0,11.632142857142856,0.0,-0.0036581425231560685,-0.025407266152697908,-0.6571428571428566,0.24821428571429216,0.6584821428571423,0.0,0.0,0.0
순창군,2021-01-25,0.9911988854088677,2,11.671428571428573,0.0,7,4,11.064285714285715,0.0,11.935714285714287,0.0,-0.008840073154451112,0.00022257306061522833,1.117460317460317,0.22142857142857686,1.014682539682541,0.0,0.0,0.0
순창군,2021-02-01,1.0663341938587148,4,11.12857142857143,0.0,7,5,11.400000000000002,0.0,11.335714285714285,0.0,0.06422677929367658,0.02046206057787299,0.68888888888889,0.9031746031746088,0.5861111111111121,0.0,0.0,0.0
순창군,2021-02-08,0.911891886091507,5,15.342857142857142,0.0,7,6,13.235714285714286,0.0,12.15,0.0,-0.09223384188722744,-0.03981272936904274,3.649206349206347,2.1690476190476247,1.1952380952380963,0.0,0.0,0.0
순창군,2021-02-15,1.0934374510773754,4,11.742857142857142,0.0,7,7,13.542857142857141,0.0,12.471428571428572,0.0,0.08932635883782894,0.05582502108928236,-0.2682539682539691,1.6904761904761934,1.2968253968253975,0.0,0.0,0.0
순창군,2021-02-22,0.8570813610835238,6,10.714285714285714,0.0,7,8,11.228571428571428,0.0,12.232142857142856,0.0,-0.15422242780363832,-0.15881773062565152,-1.006349206349208,-0.6373015873015824,0.765873015873014,0.0,0.0,0.0
순창군,2021-03-01,0.996403679424549,6,11.728571428571428,0.0,7,9,11.221428571428572,0.0,12.382142857142856,0.0,-0.003602802882594764,-0.030417554851429385,-1.9317460317460338,-1.469047619047613,0.11071428571428577,0.0,0.0,0.0
순창군,2021-03-08,1.067234315202373,5,13.571428571428571,0.0,7,10,12.649999999999999,0.0,11.939285714285713,0.0,0.06507055008729205,0.02982490576307391,0.6285714285714281,-0.6515873015872984,-0.6444444444444457,0.0,0.0,0.0
순창군,2021-03-15,1.0298775406079808,4,14.185714285714285,0.0,7,11,13.878571428571428,0.0,12.549999999999999,0.0,0.02943990255964645,0.04457125746848382,0.5968253968253965,0.6126984126984176,-0.4281746031746039,0.0,0.0,0.0
순창군,2021-03-22,1.0536885295714844,3,14.342857142857143,0.0,7,12,14.264285714285714,0.0,13.457142857142857,0.0,0.052296893706149476,0.028144479953642453,0.4222222222222243,0.5095238095238148,-0.07103174603174622,0.0,0.0,0.0
순창군,2021-03-29,0.9535291223908956,5,11.414285714285713,0.0,7,13,12.878571428571428,0.0,13.378571428571428,0.0,-0.047585311785221185,-0.06347464455863057,-3.7063492063492074,-1.642063492063489,-0.5146825396825392,0.0,0.0,0.0
순창군,2021-04-05,1.0214177871975758,5,16.3,0.0,7,14,13.857142857142858,0.0,14.060714285714285,0.0,0.02119164960647971,0.01291644036664084,1.6714285714285708,-1.0174603174603138,-0.25396825396825484,0.0,0.0,0.0
순창군,2021-04-12,1.0037545432183919,6,11.271428571428572,0.0,7,15,13.785714285714286,0.0,13.332142857142857,0.0,0.0037475125135641705,-0.028829620372118704,-2.584126984126984,-0.4563492063492003,-1.049206349206349,0.0,0.0,0.0
순창군,2021-04-19,0.9104507651935564,4,17.02857142857143,0.0,7,16,14.149999999999999,0.0,14.00357142857143,0.0,-0.09381545574820827,-0.103381703500934,2.595238095238095,0.005555555555559977,-0.5059523809523796,0.0,0.0,0.0
순창군,2021-04-26,0.9064278339053782,7,9.985714285714284,0.0,7,17,13.507142857142854,0.0,13.646428571428572,0.0,-0.09824386154766257,-0.0964066058719274,-2.480952380952383,0.057142857142858716,-0.19960317460317611,0.0,0.0,0.0
순창군,2021-05-03,1.1358912181398608,6,15.299999999999999,0.0,7,18,12.642857142857139,0.0,13.39642857142857,0.0,0.12741755703410454,0.10433065661241106,1.9682539682539684,-0.25634920634920455,-0.12539682539682673,0.0,0.0,0.0
순창군,2021-05-10,0.9410557520060845,6,10.6,0.0,7,19,12.949999999999998,0.0,13.228571428571428,0.0,-0.060752893536435405,-0.06562827453520978,-2.4952380952380953,-0.2634920634920608,-0.10317460317460281,0.0,0.0,0.0
순창군,2021-05-17,0.9010713125206894,7,10.342857142857143,0.0,7,20,10.47142857142857,0.0,11.557142857142857,0.0,-0.10417087631418785,-0.10422647750847973,-2.882539682539681,-2.6888888888888847,-1.4726190476190482,0.0,0.0,0.0
순창군,2021-05-24,0.983745164980897,7,12.714285714285714,0.0,7,21,11.528571428571427,0.0,12.239285714285714,0.0,-0.016388394148602634,-0.05769024232770502,-0.32380952380952444,-1.6031746031745993,-0.9333333333333336,0.0,0.0,0.0
순창군,2021-05-31,1.1090519179090481,8,12.057142857142855,0.0,7,22,12.385714285714283,0.0,11.428571428571429,0.0,0.10350552233920911,0.06741841297777805,-0.8571428571428594,-0.5904761904761884,-1.6396825396825392,0.0,0.0,0.0
순창군,2021-06-07,1.0601604631372472,9,12.571428571428571,0.0,7,23,12.314285714285711,0.0,11.92142857142857,0.0,0.05842027698528937,0.03071652963447113,0.3682539682539687,-0.24444444444444002,-0.9238095238095241,0.0,0.0,0.0
순창군,2021-06-14,1.0020484127064158,7,8.442857142857141,0.0,7,24,10.507142857142854,0.0,11.446428571428571,0.0,0.0020463175697563595,-0.04081995448862312,-2.9253968253968274,-1.278571428571425,-0.9345238095238102,0.0,0.0,0.0
순창군,2021-06-21,1.0296345547874064,5,11.257142857142856,0.0,7,25,9.849999999999998,0.0,11.082142857142856,0.0,0.029203938107439483,0.018156382896877845,0.43333333333333357,-1.2460317460317416,-0.745238095238097,0.0,0.0,0.0
순창군,2021-06-28,0.9176822473055433,8,8.757142857142856,0.0,7,26,10.007142857142854,0.0,10.257142857142856,0.0,-0.08590408411322259,-0.07757662852065234,-0.101587301587303,0.16587301587301972,-0.556349206349207,-0.2222222222222222,-0.2222222222222222,-0.2222222222222222
순창군,2021-07-05,1.13668107087869,3,6.228571428571428,0.0,7,27,7.49285714285714,0.0,8.67142857142857,0.0,0.1281126748743158,0.09071091654712536,-2.223809523809525,-1.1626984126984095,-1.204365079365079,-0.2222222222222222,-0.4444444444444444,-0.4444444444444444
순창군,2021-07-19,1.0093347096396437,2,10.957142857142856,0.0,7,29,8.59285714285714,0.0,9.299999999999999,0.0,0.009291410485730681,-0.11137311203406797,2.93174603174603,0.6555555555555594,0.8638888888888889,-0.4444444444444444,-0.7777777777777778,-1.2222222222222223
순창군,2021-07-26,0.9895742947089705,2,11.257142857142856,0.0,7,30,11.107142857142854,0.0,9.299999999999999,0.0,-0.010480433676785679,-0.06716423716859063,2.177777777777777,2.5547619047619072,0.8781746031746032,-1.1111111111111112,-1.5555555555555556,-2.111111111111111
순창군,2021-08-02,0.8842684804475301,3,9.728571428571428,0.0,7,31,10.49285714285714,0.0,9.542857142857141,0.0,-0.12299455154182146,-0.17965873297241908,-0.45079365079365097,0.8634920634920658,0.7595238095238077,-1.0,-2.111111111111111,-2.888888888888889
순창군,2021-08-09,0.7833986011378489,3,9.599999999999998,0.0,7,32,9.664285714285711,0.0,10.385714285714284,0.0,-0.2441136433815014,-0.2952369579155144,0.674603174603174,0.11190476190476417,1.333333333333334,-1.6666666666666667,-2.6666666666666665,-4.222222222222222
순창군,2021-08-16,1.1073526347505893,3,8.885714285714284,0.0,7,33,9.24285714285714,0.0,9.86785714285714,0.0,0.10197215291044757,0.003654003512651452,-0.7928571428571445,0.12053571428571708,0.5205357142857121,-0.5,-1.875,-3.75
순창군,2021-08-23,1.0948786672652182,4,6.628571428571429,0.0,7,34,7.7571428571428545,0.0,8.710714285714285,0.0,0.09064355097852346,0.016354034906732304,-2.5839285714285696,-1.688392857142853,-0.6517857142857135,-0.25,-0.75,-3.25
순창군,2021-09-20,0.9899327287192152,2,10.842857142857142,0.0,7,38,8.735714285714284,0.0,8.989285714285714,0.0,-0.010118288950932358,-0.008222255803183993,0.8624999999999989,-0.46517857142856656,-0.06473214285714235,0.0,-0.25,-0.375
순창군,2021-09-27,1.06655441661635,3,10.771428571428572,0.0,7,39,10.807142857142853,0.0,9.282142857142857,0.0,0.06443328117786908,0.01738231640480567,-0.6696428571428559,0.0964285714285733,-0.5111607142857153,0.0,0.0,-0.25
순창군,2021-10-04,0.9534875428481687,3,11.071428571428571,0.0,7,40,10.921428571428569,0.0,9.82857142857143,0.0,-0.04762891868545585,-0.050761077073276185,0.9607142857142854,0.14553571428571743,-0.15982142857142811,0.0,0.0,-0.25
순창군,2021-10-11,0.9282985402951588,3,7.942857142857142,0.0,7,41,9.507142857142854,0.0,10.157142857142858,0.0,-0.07440189502695455,-0.09758765248864845,-3.6482142857142863,-1.3437499999999982,-0.6236607142857142,0.0,0.0,0.0
순창군,2021-10-18,0.9016435837354266,3,15.114285714285714,0.0,7,42,11.528571428571425,0.0,11.225,0.0,-0.10353597699078497,-0.1316741827083813,2.7767857142857135,-0.4357142857142833,-0.14508928571428648,0.0,0.0,0.0
순창군,2021-10-25,0.987435847561116,2,15.514285714285714,0.0,7,43,15.314285714285711,0.0,12.410714285714285,0.0,-0.012643748812216709,-0.009050076730773023,2.3928571428571423,2.5848214285714306,0.6205357142857135,0.0,0.0,0.0
순창군,2021-11-01,0.9210829447322855,3,14.87142857142857,0.0,7,44,15.19285714285714,0.0,13.360714285714286,0.0,-0.08220518735491689,-0.08111313173250843,0.8410714285714267,1.616964285714289,0.5906249999999993,0.0,0.0,0.0
순창군,2021-11-08,0.9522424208304825,3,8.5,0.0,7,45,11.685714285714283,0.0,13.5,0.0,-0.04893563287748487,-0.09846089385981972,-4.657142857142858,-1.9080357142857114,0.33839285714285694,0.0,0.0,0.0
순창군,2021-11-15,0.8829461201716695,3,13.742857142857144,0.0,7,46,11.12142857142857,0.0,13.157142857142857,0.0,-0.12449109929804743,-0.16691780441033,0.08392857142857224,-2.2866071428571377,-0.3348214285714288,0.0,0.0,0.0
순창군,2021-11-22,0.9826284408567556,3,12.1,0.0,7,47,12.921428571428569,0.0,12.303571428571429,0.0,-0.017524215175575664,0.0467963304625411,-0.694642857142858,-0.3053571428571402,-1.1066964285714285,0.0,0.0,0.0
순창군,2021-11-29,0.982569837374933,4,10.885714285714286,0.0,7,48,11.49285714285714,0.0,11.307142857142857,0.0,-0.017583856467234777,-0.00833643586399413,-0.03035714285714164,-0.36249999999999716,-1.3245535714285719,0.0,0.0,0.0
순창군,2021-12-13,1.039623846472085,2,11.514285714285714,0.0,7,50,11.199999999999998,0.0,12.060714285714285,0.0,0.03885896164456,0.11006197507337544,1.0714285714285712,0.42931547619047983,0.6584077380952369,0.0,0.0,0.0
순창군,2021-12-20,1.0700494368105615,5,12.828571428571427,0.0,7,51,12.171428571428567,0.0,11.832142857142857,0.0,0.06770485003319934,0.10359057753733897,2.2249999999999996,1.6482142857142872,1.0289434523809522,0.0,0.0,0.0
순창군,2021-12-27,1.1805882928695983,7,10.257142857142856,0.0,7,52,11.54285714285714,0.0,11.37142857142857,0.0,0.16601286752049843,0.19148649999694686,-0.3857142857142861,0.9196428571428594,0.6744791666666661,0.0,0.0,0.0
순창군,2022-01-03,1.0140735255373055,8,12.642857142857142,0.0,7,1,11.449999999999996,0.0,11.810714285714285,0.0,0.013975412932060007,0.08719718445805578,1.310714285714285,0.5258928571428587,1.0973214285714281,0.0,0.0,0.0
순창군,2022-01-10,1.0548438369177078,5,9.857142857142858,0.0,7,2,11.249999999999996,0.0,11.396428571428572,0.0,0.053392734092760324,0.0757938647930343,-1.0749999999999993,0.11785714285714555,0.46562500000000107,0.0,0.0,0.0
순창군,2022-01-17,1.1452683870780502,6,13.299999999999999,0.0,7,3,11.578571428571426,0.0,11.514285714285714,0.0,0.13563900873380752,0.11388988510426568,2.185714285714285,0.5553571428571455,0.5406250000000004,0.0,0.0,0.0
순창군,2022-01-24,1.11272945690741,5,8.442857142857141,0.0,7,4,10.871428571428567,0.0,11.060714285714283,0.0,0.10681596719086908,0.11587861340593542,-2.1111111111111143,0.02857142857142847,0.1396825396825374,0.0,0.0,0.0
순창군,2022-01-31,1.1975947728377037,4,9.728571428571428,0.0,7,5,9.085714285714282,0.0,10.332142857142856,0.0,0.18031518941577998,0.1365504706999764,-0.7111111111111121,-1.4111111111111114,-0.41746031746031775,0.0,0.0,0.0
순창군,2022-02-07,1.0704890242347829,6,13.714285714285714,0.0,7,6,11.721428571428568,0.0,11.29642857142857,0.0,0.06811557606162714,0.12053668857981184,2.020634920634919,0.6547619047619069,0.3416666666666668,0.0,0.0,0.0
순창군,2022-02-14,1.039464863343601,4,9.828571428571427,0.0,7,7,11.771428571428569,0.0,10.428571428571427,0.0,0.038706026247389745,0.005204688498843167,-2.1825396825396837,-0.08095238095237889,-0.7460317460317469,0.0,0.0,0.0
순창군,2022-02-21,0.9990935399261895,7,12.700000000000001,0.0,7,8,11.264285714285712,0.0,11.492857142857142,0.0,-0.0009068711571823786,-0.005502173979195595,0.9793650793650794,-0.6015873015872977,0.02658730158730016,0.0,0.0,0.0
순창군,2022-02-28,1.1314194111197524,5,14.37142857142857,0.0,7,9,13.535714285714283,0.0,12.653571428571428,0.0,0.12347296050570446,0.09665820853686984,0.7111111111111086,0.8452380952380985,0.382142857142858,0.0,0.0,0.0
순창군,2022-03-07,1.1469439292711399,6,15.814285714285715,0.0,7,10,15.09285714285714,0.0,13.178571428571427,0.0,0.13710095227155392,0.10185530794733577,2.871428571428572,1.791269841269843,0.5948412698412682,0.0,0.0,0.0
순창군,2022-03-14,0.8501071023219254,7,10.37142857142857,0.0,7,11,13.09285714285714,0.0,13.314285714285715,0.0,-0.16239293470377536,-0.147261579794938,-3.2174603174603185,-0.17301587301587062,0.33611111111111214,0.0,0.0,0.0
순창군,2022-03-21,1.0413985666309669,5,13.814285714285715,0.0,7,12,12.09285714285714,0.0,13.592857142857143,0.0,0.04056458535908764,0.01641217160658062,-0.1063492063492042,-1.6619047619047596,0.0646825396825399,0.0,0.0,0.0
순창군,2022-03-28,1.0472984354875996,6,15.428571428571429,0.0,7,13,14.62142857142857,0.0,13.857142857142858,0.0,0.04621392994270062,0.030324597169291236,0.3079365079365086,0.1007936507936531,-0.03611111111110965,0.0,0.0,0.0
순창군,2022-04-04,1.0766385478068423,7,19.042857142857144,0.0,7,14,17.235714285714284,0.0,14.664285714285715,0.0,0.0738437316373393,0.06556852239750044,4.414285714285715,2.3611111111111125,0.3496031746031747,0.0,0.0,0.0
순창군,2022-04-11,1.0223161545441704,7,13.928571428571429,0.0,7,15,16.485714285714284,0.0,15.553571428571429,0.0,0.022070792812068127,-0.01050634007361475,0.07301587301587276,2.2436507936507972,1.1722222222222225,0.0,0.0,0.0
순창군,2022-04-18,1.2517565112850457,9,15.928571428571429,0.0,7,16,14.928571428571425,0.0,16.082142857142856,0.0,0.22454777395998082,0.2149815262072551,1.4952380952380953,0.7841269841269867,1.572619047619046,0.0,0.0,0.0
순창군,2022-04-25,1.0496383290338958,7,10.914285714285715,0.0,7,17,13.421428571428567,0.0,14.95357142857143,0.0,0.04844565629426118,0.050282911969996354,-1.5523809523809522,-0.02857142857142847,1.1075396825396808,0.0,0.0,0.0
순창군,2022-05-02,1.0453413380906122,7,16.771428571428572,0.0,7,18,13.842857142857138,0.0,14.385714285714286,0.0,0.0443434714029252,0.021256570981231716,3.4396825396825417,0.9436507936507947,0.8638888888888889,0.0,0.0,0.0
순창군,2022-05-09,0.9422417761885635,7,11.271428571428572,0.0,7,19,14.021428571428567,0.0,13.721428571428572,0.0,-0.05949337471743377,-0.06436875571620813,-1.8238095238095227,0.8079365079365086,0.38968253968254096,0.0,0.0,0.0
순창군,2022-05-16,0.9547521974331076,10,16.1,0.0,7,20,13.685714285714282,0.0,13.764285714285716,0.0,-0.04630345129957635,-0.04635905249386822,2.874603174603177,0.5253968253968271,0.7345238095238109,0.0,0.0,0.0
순창군,2022-05-23,1.0257862979706576,8,15.771428571428572,0.0,7,21,15.935714285714282,0.0,14.978571428571431,0.0,0.025459438475609452,-0.01584240970349293,2.7333333333333343,2.8039682539682556,1.8059523809523839,0.0,0.0,0.0
순창군,2022-05-30,1.0070131839281766,7,14.0,0.0,7,22,14.88571428571428,0.0,14.285714285714288,0.0,0.00698870593292328,-0.02909840342850778,1.0857142857142854,1.9095238095238098,1.2174603174603202,0.0,0.0,0.0
순창군,2022-06-06,0.9765312999925431,8,10.528571428571428,0.0,7,23,12.264285714285709,0.0,14.100000000000001,0.0,-0.023748475935325968,-0.05145222328614421,-1.674603174603174,-0.2944444444444425,1.2547619047619065,0.0,0.0,0.0
순창군,2022-06-13,1.0677400213942516,6,9.128571428571428,0.0,7,24,9.828571428571422,0.0,12.357142857142856,0.0,0.06554428524435481,0.02267801318597533,-2.2396825396825406,-1.9571428571428573,-0.0238095238095255,0.0,0.0,0.0
순창군,2022-06-20,0.9508307788474901,8,9.314285714285715,0.0,7,25,9.221428571428566,0.0,10.742857142857144,0.0,-0.05041917249344597,-0.06146672770400761,-1.5095238095238077,-1.8746031746031733,-1.0845238095238088,0.0,0.0,0.0
순창군,2022-06-27,0.9695622332122764,8,8.071428571428571,2.0,7,26,8.692857142857138,2.0,9.260714285714286,2.0,-0.030910615320622295,-0.02258315972805204,-0.7873015873015881,-1.148412698412697,-1.5527777777777771,1.7777777777777777,1.7777777777777777,1.7777777777777777
순창군,2022-07-04,0.954616690836657,8,8.485714285714284,1.0,7,27,8.278571428571421,3.0,8.75,3.0,-0.04644538992391505,-0.08384714825110548,0.03333333333333144,-0.3769841269841283,-1.12579365079365,0.7777777777777778,2.5555555555555554,2.5555555555555554
순창군,2022-07-11,0.973320095516125,6,7.8999999999999995,0.0,7,28,8.192857142857136,1.0,8.442857142857143,3.0,-0.02704227297753879,-0.027846079659485948,-0.1517857142857144,-0.19821428571428612,-0.6629464285714288,-0.375,0.375,2.125
순창군,2022-07-18,1.2717924163629766,4,7.385714285714286,0.0,7,29,7.642857142857137,0.0,7.960714285714285,3.0,0.24042725691703465,0.119762734397236,-0.6396825396825392,-0.2944444444444434,-0.4753968253968246,-0.4444444444444444,-0.7777777777777778,1.7777777777777777
순창군,2022-07-25,1.1856681199812746,6,9.385714285714286,0.0,7,30,8.38571428571428,0.0,8.289285714285715,1.0,0.17030643003370236,0.11362262654189739,0.30634920634920704,-0.16666666666666607,-0.13253968253968118,-1.1111111111111112,-1.5555555555555556,-1.1111111111111112
순창군,2022-08-01,1.2384413468946143,6,6.971428571428573,5.0,7,31,8.178571428571423,5.0,7.9107142857142865,5.0,0.21385361064628267,0.15718942921568504,-3.2079365079365054,-1.450793650793651,-0.8726190476190467,4.0,2.888888888888889,2.111111111111111
순창군,2022-08-08,1.0381253351469653,6,6.014285714285715,4.0,7,32,6.492857142857138,9.0,7.439285714285715,9.0,0.03741652422410851,-0.013706790309904494,-2.9111111111111088,-3.0595238095238084,-1.6130952380952355,2.333333333333333,6.333333333333334,4.777777777777778
순창군,2022-08-15,0.9627692507935803,8,8.471428571428572,1.0,7,33,7.2428571428571376,5.0,7.710714285714286,10.0,-0.03794151085620004,-0.13625966025399616,-1.2071428571428573,-1.8794642857142856,-1.6366071428571418,0.5,3.125,6.25
순창군,2022-08-22,1.1015861497185806,6,9.142857142857142,0.0,7,34,8.807142857142852,1.0,7.65,10.0,0.09675109547616327,0.022461579404372115,-0.06964285714285623,-0.6383928571428559,-1.7124999999999986,-0.25,0.25,6.75
순창군,2022-08-29,1.1589315994919773,6,7.242857142857143,0.0,7,35,8.192857142857138,0.0,7.7178571428571425,5.0,0.14749854578428184,0.06704743802656374,-1.0816326530612246,-0.7602040816326525,-1.3112244897959178,-0.14285714285714285,-0.42857142857142855,2.4285714285714284
순창군,2022-09-05,0.9870733101180894,6,10.714285714285714,0.0,7,36,8.978571428571422,0.0,8.892857142857142,1.0,-0.01301096660474061,-0.04485892266181138,1.3204081632653057,0.11938775510204103,-0.38010204081632537,0.0,-0.14285714285714285,0.0
순창군,2022-09-12,1.041842414365013,6,8.328571428571427,0.0,7,37,9.521428571428565,0.0,8.857142857142856,0.0,0.0409906980794218,-0.024978247635777474,-0.348979591836736,0.48571428571428577,-0.13724489795918515,-0.2857142857142857,-0.2857142857142857,-0.7142857142857143
순창군,2022-09-19,1.0502329782157578,7,12.042857142857143,0.0,7,38,10.18571428571428,0.0,9.582142857142856,0.0,0.04901202357182206,0.050908056719570424,2.0625,0.9848214285714292,0.5281249999999993,0.0,-0.25,-0.375
순창군,2022-09-26,1.1199891136780047,5,14.485714285714284,0.0,7,39,13.264285714285709,0.0,11.392857142857142,0.0,0.1133189653294114,0.06626800055634799,3.044642857142856,2.553571428571429,1.5995535714285705,0.0,0.0,-0.25
순창군,2022-10-03,1.256962127266038,5,8.928571428571429,0.0,7,40,11.707142857142852,0.0,10.946428571428571,0.0,0.22869779969202766,0.22556564130420734,-1.182142857142857,0.9312500000000004,0.9580357142857139,0.0,0.0,-0.25
순창군,2022-10-10,0.9890399082811652,5,13.442857142857141,0.0,7,41,11.18571428571428,0.0,12.225,0.0,-0.011020596018682513,-0.034206353480376414,1.8517857142857128,0.33482142857142705,1.444196428571427,0.0,0.0,0.0
순창군,2022-10-17,1.0633557780176786,6,13.157142857142857,0.0,7,42,13.299999999999994,0.0,12.503571428571428,0.0,0.0614297357594921,0.03329153004189577,0.8196428571428562,1.3357142857142854,1.133482142857142,0.0,0.0,0.0
순창군,2022-10-24,0.9459112758843486,7,16.042857142857144,0.0,7,43,14.599999999999994,0.0,12.892857142857142,0.0,-0.05560650303445699,-0.0520128309530133,2.9214285714285726,1.8705357142857135,1.1026785714285712,0.0,0.0,0.0
순창군,2022-10-31,1.0334815570543952,6,15.185714285714283,0.0,7,44,15.614285714285707,0.0,14.457142857142857,0.0,0.03293325484683131,0.03402531046923976,1.1553571428571399,2.0383928571428562,1.6870535714285708,0.0,0.0,0.0
순창군,2022-11-07,1.0256760318485028,8,17.428571428571427,0.0,7,45,16.30714285714285,0.0,15.45357142857143,0.0,0.02535193845412895,-0.024173322528205903,4.271428571428569,2.713392857142855,2.291964285714286,0.0,0.0,0.0
순창군,2022-11-14,1.0626619172571123,9,14.657142857142857,0.0,7,46,16.042857142857134,0.0,15.828571428571427,0.0,0.06077700291842131,0.01835029780613874,0.998214285714285,2.634821428571426,2.336607142857142,0.0,0.0,0.0
순창군,2022-11-21,1.0070942567209629,8,13.799999999999999,0.0,7,47,14.22857142857142,0.0,15.267857142857142,0.0,0.007069210866467339,0.0713897565045841,1.0053571428571413,1.0017857142857114,1.857589285714285,0.0,0.0,0.0
순창군,2022-11-28,1.064461149055378,2,10.571428571428571,0.0,7,48,12.185714285714278,0.0,14.114285714285714,0.0,0.062468707790468266,0.07171612839370892,-0.3446428571428566,0.3303571428571406,1.482589285714285,0.0,0.0,0.0
순창군,2022-12-05,0.9271553549759489,3,12.228571428571428,0.0,7,49,11.399999999999991,0.0,12.814285714285713,0.0,-0.07563413848692602,-0.05140264131155664,1.0996598639455772,0.37534013605441885,0.6667517006802726,0.0,0.0,0.0
순창군,2022-12-12,0.9668357726000935,7,9.571428571428571,0.0,7,50,10.899999999999991,0.0,11.542857142857143,0.0,-0.03372662980289374,0.0374763836259217,-0.8714285714285719,0.1293154761904738,0.14055059523809454,0.0,0.0,0.0
순창군,2022-12-19,0.9918071810280423,3,10.657142857142857,0.0,7,51,10.114285714285707,0.0,10.757142857142856,0.0,-0.008226564553998396,0.02765916295014123,0.053571428571428825,-0.4089285714285733,-0.04605654761904887,0.0,0.0,0.0
순창군,2022-12-26,1.0447943843130922,5,13.971428571428572,0.0,7,52,12.314285714285706,0.0,11.607142857142856,0.0,0.04382010463382774,0.06929373711027617,3.328571428571429,1.6910714285714263,0.9101934523809518,0.0,0.0,0.0
순창군,2023-01-02,0.7953735900468185,3,12.285714285714286,0.0,7,1,13.128571428571423,0.0,11.62142857142857,0.0,-0.22894335012059205,-0.1557215785945963,0.9535714285714292,2.2044642857142858,0.9080357142857132,0.0,0.0,0.0
순창군,2023-01-09,1.1727160103958747,4,12.542857142857143,0.0,7,2,12.414285714285707,0.0,12.364285714285714,0.0,0.1593224349847402,0.18172356568501416,1.6107142857142858,1.2821428571428566,1.4334821428571427,0.0,0.0,0.0
순창군,2023-01-16,1.0776927538007435,3,10.12857142857143,0.0,7,3,11.335714285714278,0.0,12.232142857142858,0.0,0.07482241683516369,0.05307329320562185,-0.985714285714284,0.3124999999999982,1.2584821428571438,0.0,0.0,0.0
순창군,2023-01-23,0.9776051024847977,5,11.071428571428571,0.0,7,4,10.599999999999994,0.0,11.507142857142858,0.0,-0.022649471179084203,-0.013586824964017863,0.5174603174603156,-0.24285714285714377,0.5861111111111121,0.0,0.0,0.0
순창군,2023-01-30,1.0965413900895662,4,12.814285714285715,0.0,7,5,11.942857142857136,0.0,11.639285714285716,0.0,0.0921610356230931,0.0483963169072895,2.374603174603175,1.4460317460317427,0.8896825396825427,0.0,0.0,0.0
순창군,2023-02-06,1.0148056107757761,5,14.014285714285716,0.0,7,6,13.414285714285707,0.0,12.007142857142858,0.0,0.01469707767506046,0.06711819019324516,2.3206349206349213,2.3476190476190464,1.052380952380954,0.0,0.0,0.0
순창군,2023-02-13,1.0993048450151968,6,9.0,0.0,7,7,11.507142857142851,0.0,11.725,0.0,0.09467802095692457,0.06117668320837799,-3.011111111111111,-0.3452380952380967,0.5503968253968257,0.0,0.0,0.0
순창군,2023-02-20,0.9693459038752495,6,13.357142857142858,0.0,7,8,11.178571428571422,0.0,12.296428571428573,0.0,-0.031133760846484573,-0.03572906366849779,1.636507936507936,-0.6873015873015884,0.8301587301587308,0.0,0.0,0.0
순창군,2023-02-27,1.0844448655922767,6,16.928571428571427,0.0,7,9,15.142857142857135,0.0,13.325,0.0,0.08106821144224018,0.054253459473405555,3.2682539682539655,2.4523809523809508,1.0535714285714288,0.0,0.0,0.0
순창군,2023-03-06,1.0765837698115803,6,18.24285714285714,0.0,7,10,17.585714285714275,0.0,14.382142857142856,0.0,0.07379285161921428,0.03854720729499614,5.299999999999997,4.284126984126978,1.7984126984126974,0.0,0.0,0.0
순창군,2023-03-13,1.0718948281280343,7,14.828571428571427,0.0,7,11,16.535714285714278,0.0,15.839285714285714,0.0,0.06942794974617657,0.08455930465501393,1.2396825396825388,3.269841269841267,2.8611111111111107,0.0,0.0,0.0
순창군,2023-03-20,1.0569338941479638,8,12.042857142857143,0.0,7,12,13.435714285714278,0.0,15.510714285714283,0.0,0.05537216391810445,0.031219750165597426,-1.8777777777777764,-0.31904761904762147,1.982539682539679,0.0,0.0,0.0
순창군,2023-03-27,0.969219534597083,9,20.085714285714285,0.0,7,13,16.064285714285706,0.0,16.299999999999997,0.0,-0.03126413486000783,-0.04715346763341721,4.965079365079365,1.543650793650789,2.40674603174603,0.0,0.0,0.0
순창군,2023-04-03,0.9591517748442083,7,12.328571428571431,0.0,7,14,16.207142857142852,0.0,14.821428571428571,0.0,-0.041705952967046434,-0.0499811622068853,-2.299999999999999,1.3325396825396805,0.5067460317460313,0.0,0.0,0.0
순창군,2023-04-10,1.0638050357677076,7,15.342857142857143,0.0,7,15,13.835714285714282,0.0,14.95,0.0,0.06185213706906621,0.029275004183383337,1.4873015873015873,-0.4063492063492049,0.568650793650793,0.0,0.0,0.0
순창군,2023-04-17,1.010032974754379,8,12.185714285714285,0.0,7,16,13.764285714285709,0.0,14.985714285714286,0.0,0.009982978591887268,0.0004167308391615412,-2.2476190476190485,-0.3801587301587297,0.4761904761904763,0.0,0.0,0.0
순창군,2023-04-24,0.9592746215732125,5,12.814285714285715,0.0,7,17,12.499999999999995,0.0,13.167857142857144,0.0,-0.041577882659630395,-0.03974062698389522,0.34761904761904816,-0.9500000000000011,-0.6781746031746039,0.0,0.0,0.0
순창군,2023-05-01,1.0335896459415945,5,10.042857142857143,0.0,7,18,11.428571428571423,0.0,12.596428571428572,0.0,0.033037836524657624,0.009950936102964138,-3.288888888888888,-1.4706349206349199,-0.9253968253968257,0.0,0.0,0.0
순창군,2023-05-08,1.1453463548377567,7,16.614285714285714,0.0,7,19,13.328571428571422,0.0,12.914285714285715,0.0,0.1357070845724109,0.13083170357363652,3.519047619047619,0.11507936507936378,-0.417460317460316,0.0,0.0,0.0
순창군,2023-05-15,1.0897730849272202,6,13.614285714285714,0.0,7,20,15.114285714285707,0.0,13.27142857142857,0.0,0.08596949560295059,0.08591389440865871,0.3888888888888893,1.9539682539682524,0.24166666666666536,0.0,0.0,0.0
순창군,2023-05-22,1.1858720224458719,6,10.314285714285715,0.0,7,21,11.964285714285708,0.0,12.646428571428572,0.0,0.17047838787784916,0.1291765396987468,-2.723809523809523,-1.1674603174603178,-0.5261904761904752,0.0,0.0,0.0
순창군,2023-05-29,1.1595903725548369,7,9.185714285714285,0.0,7,22,9.749999999999993,0.0,12.432142857142857,0.0,0.1480668156463148,0.11197970628488374,-3.7285714285714295,-3.226190476190478,-0.6361111111111111,0.0,0.0,0.0
순창군,2023-06-05,1.0453466862551772,8,11.700000000000001,0.0,7,23,10.442857142857136,0.0,11.20357142857143,0.0,0.04434858757951656,0.01664484022869832,-0.5031746031746014,-2.1158730158730155,-1.6416666666666657,0.0,0.0,0.0
순창군,2023-06-12,1.1124291284020726,6,13.757142857142858,0.0,7,24,12.728571428571422,0.0,11.239285714285714,0.0,0.1065460282218951,0.06367975616351562,2.3888888888888893,0.9428571428571431,-1.1416666666666675,0.0,0.0,0.0
순창군,2023-06-19,1.2142486803853145,5,10.62857142857143,0.0,7,25,12.192857142857136,0.0,11.317857142857143,0.0,0.194125515469657,0.18307796025909537,-0.19523809523809277,1.0968253968253965,-0.5095238095238095,0.0,0.0,0.0
순창군,2023-06-26,1.071425553024758,7,6.785714285714286,0.0,7,26,8.70714285714285,0.0,10.717857142857143,0.0,0.06899005430609072,0.07731750989866097,-2.0730158730158736,-1.1341269841269845,-0.09563492063491985,-0.2222222222222222,-0.2222222222222222,-0.2222222222222222
순창군,2023-07-03,0.8049565769290443,9,7.685714285714285,0.0,7,27,7.235714285714279,0.0,9.714285714285714,0.0,-0.2169669447215302,-0.2543687030487206,-0.7666666666666675,-1.419841269841271,-0.16150793650793638,-0.2222222222222222,-0.4444444444444444,-0.4444444444444444
순창군,2023-07-10,0.9042138811627973,8,5.557142857142856,0.0,7,28,6.621428571428563,0.0,7.664285714285715,0.0,-0.10068935236732184,-0.10149315904926899,-2.494642857142858,-1.769642857142859,-1.4415178571428573,-0.375,-0.625,-0.875
순창군,2023-07-17,1.0403069924288966,6,7.057142857142858,0.0,7,29,6.30714285714285,0.0,6.771428571428571,0.0,0.039515854622537816,-0.08114866789726083,-0.9682539682539675,-1.6301587301587306,-1.6646825396825387,-0.4444444444444444,-0.7777777777777778,-1.2222222222222223
순창군,2023-07-24,1.0300527331613654,5,9.814285714285715,0.0,7,30,8.43571428571428,0.0,7.5285714285714285,0.0,0.029609998175054275,-0.02707380531675068,0.7349206349206359,-0.11666666666666714,-0.8932539682539673,-1.1111111111111112,-1.5555555555555556,-2.111111111111111
순창군,2023-07-31,0.9818724568760545,6,11.885714285714286,0.0,7,31,10.849999999999994,0.0,8.57857142857143,0.0,-0.018293860044550803,-0.07495804147514842,1.7063492063492074,1.2206349206349199,-0.20476190476190403,-1.0,-2.111111111111111,-2.888888888888889
순창군,2023-08-07,1.0711940592188824,5,8.7,0.0,7,32,10.292857142857134,0.0,9.364285714285714,0.0,0.06877396946727608,0.01765065493326308,-0.2253968253968246,0.740476190476187,0.31190476190476346,-1.6666666666666667,-2.6666666666666665,-4.222222222222222
순창군,2023-08-14,1.1560018506314276,5,10.12857142857143,0.0,7,33,9.414285714285707,0.0,10.132142857142856,0.0,0.1449673711411427,0.04664922174334657,0.45000000000000107,0.29196428571428434,0.7848214285714281,-0.5,-1.875,-3.75
순창군,2023-08-21,1.1255118843945873,5,9.457142857142857,0.0,7,34,9.792857142857136,0.0,10.042857142857143,0.0,0.11823794052221788,0.043948424450426724,0.24464285714285872,0.3473214285714281,0.6803571428571438,-0.25,-0.75,-3.25
순창군,2023-08-28,1.0842961947413714,6,7.92857142857143,0.0,7,35,8.692857142857136,0.0,9.053571428571429,0.0,0.08093110807489275,0.000480000317174642,-0.39591836734693775,-0.2602040816326543,0.02448979591836853,-0.14285714285714285,-0.42857142857142855,-2.5714285714285716
순창군,2023-09-04,1.2095590959585643,6,12.471428571428572,0.0,7,36,10.199999999999992,0.0,9.996428571428572,0.0,0.19025590969953,0.15840795364245921,3.0775510204081638,1.3408163265306108,0.7234693877551042,0.0,-0.14285714285714285,-1.0
순창군,2023-09-11,1.1465803743039598,7,7.742857142857142,0.0,7,37,10.107142857142849,0.0,9.4,0.0,0.1367839249179232,0.07081497920272393,-0.9346938775510214,1.0714285714285694,0.40561224489795933,-0.2857142857142857,-0.2857142857142857,-0.7142857142857143
순창군,2023-09-18,1.0535082662278517,9,9.614285714285714,0.0,7,38,8.67857142857142,0.0,9.439285714285715,0.0,0.052125800674466975,0.05402183382221534,-0.3660714285714288,-0.5223214285714306,0.3852678571428587,0.0,-0.25,-0.375
순창군,2023-09-25,0.9664040541258281,7,8.557142857142859,0.0,7,39,9.085714285714278,0.0,9.596428571428572,0.0,-0.03417325672985185,-0.08122422150291525,-2.8839285714285694,-1.6250000000000018,-0.19687500000000036,0.0,0.0,-0.25
순창군,2023-10-02,0.9994396452166826,7,10.757142857142856,0.0,7,40,9.65714285714285,0.0,9.167857142857143,0.0,-0.0005605118407336463,-0.0036926702285539808,0.6464285714285705,-1.1187500000000021,-0.8205357142857146,0.0,0.0,-0.25
순창군,2023-10-09,1.012890778453581,8,12.214285714285714,0.0,7,41,11.485714285714277,0.0,10.285714285714286,0.0,0.01280839956568777,-0.010377357896006129,0.623214285714285,0.6348214285714242,-0.4950892857142861,0.0,0.0,0.0
순창군,2023-10-16,1.1226480494769167,7,13.87142857142857,0.0,7,42,13.042857142857134,0.0,11.35,0.0,0.11569022456697398,0.08755201884937765,1.5339285714285698,1.0785714285714256,-0.020089285714286476,0.0,0.0,0.0
순창군,2023-10-23,0.9851988252247146,7,14.157142857142858,0.0,7,43,14.014285714285705,0.0,12.75,0.0,-0.014911805159613151,-0.011318133078169465,1.0357142857142865,1.2848214285714246,0.9598214285714288,0.0,0.0,0.0
순창군,2023-10-30,1.0312310011238934,9,13.828571428571427,0.0,7,44,13.992857142857135,0.0,13.517857142857142,0.0,0.03075323534445714,0.03184529096686559,-0.201785714285716,0.41696428571428434,0.7477678571428559,0.0,0.0,0.0
순창군,2023-11-06,0.968251048201733,7,12.299999999999999,0.0,7,45,13.064285714285706,0.0,13.539285714285713,0.0,-0.03226387801442173,-0.08178913899675658,-0.8571428571428594,-0.5294642857142886,0.37767857142856975,0.0,0.0,0.0
순창군,2023-11-13,1.0323379717973045,4,10.314285714285715,0.0,7,46,11.30714285714285,0.0,12.65,0.0,0.031826105497205735,-0.010600599615076832,-3.3446428571428566,-2.100892857142858,-0.841964285714285,0.0,0.0,0.0
순창군,2023-11-20,0.8326967661873143,3,13.77142857142857,0.0,7,47,12.042857142857134,0.0,12.553571428571429,0.0,-0.1830857292746075,-0.11876518363649075,0.9767857142857128,-1.1839285714285754,-0.8566964285714285,0.0,0.0,0.0
순창군,2023-11-27,0.8083354880915299,3,7.871428571428572,0.0,7,48,10.821428571428562,0.0,11.064285714285713,0.0,-0.21277809860197294,-0.20353067799873228,-3.044642857142856,-1.033928571428575,-1.5674107142857157,0.0,0.0,0.0
순창군,2023-12-04,0.9032647361056615,5,14.785714285714286,0.0,7,49,11.328571428571422,0.0,11.685714285714287,0.0,-0.10173959455033936,-0.07750809737496998,3.656802721088436,0.30391156462584945,-0.4618197278911538,0.0,0.0,0.0
순창군,2023-12-11,0.8331254286681883,3,6.128571428571428,0.0,7,50,10.457142857142848,0.0,10.639285714285714,0.0,-0.18257107351883775,-0.11136806009002231,-4.314285714285715,-0.31354166666666927,-0.7630208333333339,0.0,0.0,0.0
순창군,2023-12-18,0.7695964598669499,4,8.485714285714286,0.0,7,51,7.307142857142849,0.0,9.317857142857143,0.0,-0.2618889796062021,-0.22600325210206249,-2.117857142857142,-3.216071428571431,-1.485342261904762,0.0,0.0,0.0
순창군,2023-12-25,0.9286449714782709,4,9.62857142857143,0.0,7,52,9.05714285714285,0.0,9.757142857142858,0.0,-0.07402877523635808,-0.048555142759909645,-1.0142857142857125,-1.56607142857143,-0.939806547619046,0.0,0.0,0.0
순창군,2024-01-01,0.8994560388499816,4,8.8,0.0,7,1,9.214285714285708,0.0,8.260714285714286,0.0,-0.10596509965970631,-0.03274332813371053,-2.5321428571428566,-1.7098214285714288,-2.452678571428571,0.0,0.0,0.0
순창군,2024-01-08,0.9560445456566349,3,12.714285714285714,0.0,7,2,10.75714285714285,0.0,9.907142857142858,0.0,-0.044950771141148746,-0.022549640440874777,1.7821428571428566,-0.3750000000000018,-1.0236607142857128,0.0,0.0,0.0
순창군,2024-01-15,0.9810641445688584,2,6.942857142857142,0.0,7,3,9.82857142857142,0.0,9.52142857142857,0.0,-0.019117434634060532,-0.04086655826360237,-4.171428571428572,-1.1946428571428598,-1.4522321428571434,0.0,0.0,0.0
순창군,2024-01-22,1.0186980363850662,2,7.914285714285714,0.0,7,4,7.42857142857142,0.0,9.092857142857143,0.0,0.018525377042639554,0.027588023257705895,-2.639682539682542,-3.414285714285718,-1.8281746031746025,0.0,0.0,0.0
순창군,2024-01-29,0.9941683093355281,2,10.557142857142859,0.0,7,5,9.235714285714279,0.0,9.532142857142857,0.0,-0.0058487613722197854,-0.049613480088023375,0.11746031746031882,-1.2611111111111146,-1.2174603174603167,0.0,0.0,0.0
순창군,2024-02-05,0.9373195448103271,3,8.971428571428572,0.0,7,6,9.764285714285705,0.0,8.596428571428572,0.0,-0.06473102520094058,-0.012309912682755879,-2.722222222222223,-1.3023809523809557,-2.3583333333333325,0.0,0.0,0.0
순창군,2024-02-12,1.09707772967138,4,15.457142857142857,0.0,7,7,12.214285714285706,0.0,10.725,0.0,0.09265003536572829,0.05914869761718171,3.4460317460317462,0.36190476190475884,-0.44960317460317434,0.0,0.0,0.0
순창군,2024-02-19,1.0413369108299644,4,5.528571428571429,0.0,7,8,10.492857142857135,0.0,10.12857142857143,0.0,0.0405053787995531,0.03591007597753988,-6.192063492063492,-1.3730158730158752,-1.337698412698412,0.0,0.0,0.0
순창군,2024-02-26,1.1185554988342947,5,11.12857142857143,0.0,7,9,8.328571428571422,0.0,10.271428571428572,0.0,0.11203811970168369,0.08522336773284907,-2.5317460317460316,-4.361904761904762,-1.9999999999999982,0.0,0.0,0.0
순창군,2024-03-04,0.9580139596864441,5,11.200000000000001,0.0,7,10,11.164285714285707,0.0,10.82857142857143,0.0,-0.04289292941969309,-0.07813857374391123,-1.742857142857142,-2.1373015873015895,-1.7551587301587297,0.0,0.0,0.0
순창군,2024-03-11,0.9860517739945898,2,15.814285714285715,0.0,7,11,13.50714285714285,0.0,10.917857142857144,0.0,-0.014046416635755348,0.001084938273082016,2.2253968253968264,0.24126984126983864,-2.0603174603174583,0.0,0.0,0.0
순창군,2024-03-18,1.0081755991447243,4,12.071428571428571,0.0,7,12,13.942857142857136,0.0,12.55357142857143,0.0,0.008142359977879213,-0.01601005377462781,-1.849206349206348,0.18809523809523654,-0.9746031746031729,0.0,0.0,0.0
순창군,2024-03-25,1.0840838532458155,5,11.299999999999999,0.0,7,13,11.685714285714276,0.0,12.596428571428572,0.0,0.08073525541849905,0.06484592264508966,-3.8206349206349213,-2.834920634920641,-1.2968253968253958,0.0,0.0,0.0
순창군,2024-04-01,0.9479771092773234,5,13.014285714285714,0.0,7,14,12.157142857142848,0.0,13.049999999999999,0.0,-0.05342492335057999,-0.06170013259041886,-1.6142857142857157,-2.717460317460324,-1.264682539682541,0.0,0.0,0.0
순창군,2024-04-08,1.06764067093808,4,15.542857142857144,0.0,7,15,14.278571428571421,0.0,12.982142857142858,0.0,0.0654512334933484,0.032874100607665525,1.6873015873015884,0.0365079365079346,-1.3992063492063487,0.0,0.0,0.0
순창군,2024-04-15,0.9837738716922004,6,11.957142857142856,0.0,7,16,13.749999999999993,0.0,12.953571428571427,0.0,-0.016359213529995788,-0.025925461282721517,-2.476190476190478,-0.3944444444444457,-1.555952380952382,0.0,0.0,0.0
순창군,2024-04-22,1.0543290604852351,5,14.342857142857143,0.0,7,17,13.149999999999991,0.0,13.714285714285715,0.0,0.05290460299328724,0.05474185866902241,1.8761904761904766,-0.30000000000000426,-0.13174603174603305,0.0,0.0,0.0
순창군,2024-04-29,1.0638677242641725,6,10.085714285714285,0.0,7,18,12.214285714285706,0.0,12.982142857142858,0.0,0.06191106389057814,0.038824163468884655,-3.246031746031745,-0.6849206349206369,-0.5396825396825395,0.0,0.0,0.0
순창군,2024-05-06,0.957232937718995,8,11.142857142857142,0.0,7,19,10.614285714285707,0.0,11.882142857142856,0.0,-0.04370851305206997,-0.048583894050844345,-1.9523809523809526,-2.5992063492063515,-1.4496031746031743,0.0,0.0,0.0
순창군,2024-05-13,0.986190556190621,8,16.485714285714284,0.0,7,20,13.814285714285704,0.0,13.014285714285714,0.0,-0.01390568119555487,-0.01396128238984674,3.2603174603174594,0.6539682539682499,-0.015476190476190865,0.0,0.0,0.0
순창군,2024-05-20,0.8994183607098212,8,14.242857142857144,0.0,7,21,15.364285714285705,0.0,12.989285714285714,0.0,-0.10600699045561197,-0.14730883863471436,1.2047619047619058,2.232539682539679,-0.18333333333333357,0.0,0.0,0.0
순창군,2024-05-27,0.9051496101105874,9,12.57142857142857,0.0,7,22,13.407142857142848,0.0,13.610714285714284,0.0,-0.09965503390591321,-0.13574214326734427,-0.3428571428571452,0.43095238095237676,0.542460317460316,0.0,0.0,0.0
순창군,2024-06-03,1.0294479123933795,8,11.414285714285715,0.0,7,23,11.992857142857133,0.0,13.678571428571429,0.0,0.029022651153164564,0.0013189038023463245,-0.7888888888888879,-0.5658730158730183,0.8333333333333339,0.0,0.0,0.0
순창군,2024-06-10,0.975221074290025,7,14.914285714285713,0.0,7,24,13.164285714285704,0.0,13.285714285714285,0.0,-0.02509109082500325,-0.06795736288338272,3.546031746031744,1.3785714285714246,0.9047619047619033,0.0,0.0,0.0
순창군,2024-06-17,0.9590307972900755,9,11.642857142857142,0.0,7,25,13.278571428571418,0.0,12.635714285714284,0.0,-0.04183209065180151,-0.05287964586236315,0.8190476190476197,2.1825396825396783,0.8083333333333318,0.0,0.0,0.0
순창군,2024-06-24,0.8978910809612248,8,9.271428571428572,0.0,7,26,10.457142857142848,0.0,11.810714285714287,0.0,-0.10770650872530713,-0.09937905313273687,0.412698412698413,0.6158730158730137,0.9972222222222236,-0.2222222222222222,-0.2222222222222222,-0.2222222222222222
순창군,2024-07-01,1.033020424519567,7,7.742857142857143,1.0,7,27,8.50714285714285,1.0,10.892857142857142,1.0,0.03248696198421257,-0.004914796342977867,-0.7095238095238097,-0.14841269841270055,1.0170634920634924,0.7777777777777778,0.5555555555555556,0.5555555555555556
순창군,2024-07-08,0.8796629873523013,6,5.5,1.0,7,28,6.621428571428563,2.0,8.539285714285715,2.0,-0.12821641377904844,-0.1290202204609956,-2.551785714285714,-1.769642857142859,-0.5665178571428573,0.625,1.375,1.125
순창군,2024-07-15,1.1372589761930256,5,6.614285714285714,0.0,7,29,6.057142857142848,1.0,7.282142857142857,2.0,0.1286209603302334,0.007956437810434758,-1.4111111111111114,-1.8801587301587324,-1.1539682539682534,-0.4444444444444444,0.2222222222222222,0.7777777777777777
순창군,2024-07-22,1.1160723866643145,4,7.585714285714287,4.0,7,30,7.099999999999992,4.0,6.860714285714286,6.0,0.10981572445806392,0.05313192096625897,-1.493650793650792,-1.4523809523809552,-1.56111111111111,2.888888888888889,2.4444444444444446,3.888888888888889
순창군,2024-07-29,1.1462926888089426,5,9.585714285714287,3.0,7,31,8.585714285714278,7.0,7.321428571428572,8.0,0.1365329860402723,0.07986880460967469,-0.5936507936507915,-1.0436507936507962,-1.4619047619047612,2.0,4.888888888888889,5.111111111111111
순창군,2024-08-05,1.1356332610146658,5,10.485714285714284,1.0,7,32,10.035714285714278,4.0,8.567857142857143,8.0,0.12719043456311982,0.07606712002910682,1.56031746031746,0.48333333333333073,-0.48452380952380736,-0.6666666666666667,1.3333333333333335,3.7777777777777777
순창군,2024-08-12,1.1439839856233593,4,11.5,1.0,7,33,10.992857142857133,2.0,9.789285714285715,9.0,0.13451689427864552,0.0361987448808494,1.8214285714285712,1.87053571428571,0.4419642857142865,0.5,0.125,5.25
순창군,2024-08-19,1.237059046838416,4,8.885714285714284,2.0,7,34,10.192857142857132,3.0,10.114285714285714,7.0,0.2127368261744517,0.13844731010266054,-0.32678571428571423,0.7473214285714249,0.751785714285715,1.75,2.25,3.75
순창군,2024-08-26,1.2048404530117005,4,10.57142857142857,0.0,7,35,9.728571428571417,2.0,10.360714285714284,4.0,0.18634715403674879,0.10589604627903068,2.246938775510202,0.7755102040816269,1.3316326530612237,-0.14285714285714285,1.5714285714285714,1.4285714285714284
순창군,2024-09-02,1.07334588265635,4,8.914285714285713,0.0,7,36,9.742857142857133,0.0,9.967857142857142,3.0,0.07078076273571136,0.038932806678640595,-0.47959183673469497,0.8836734693877517,0.6948979591836739,0.0,-0.14285714285714285,2.0
순창군,2024-09-09,1.2285886326319984,3,11.285714285714286,2.0,7,37,10.09999999999999,2.0,9.914285714285713,4.0,0.20586605741121833,0.13989711169601904,2.608163265306123,1.0642857142857114,0.9198979591836718,1.7142857142857144,1.7142857142857144,3.2857142857142856
순창군,2024-09-16,1.0336485414689374,3,8.1,0.0,7,38,9.692857142857134,2.0,9.717857142857142,2.0,0.03309481643893886,0.034990849586687224,-1.880357142857143,0.49196428571428363,0.6638392857142854,0.0,1.75,1.625
순창군,2024-09-23,1.0759336099169678,4,11.928571428571429,0.0,7,39,10.014285714285705,0.0,10.057142857142857,2.0,0.07318875901535689,0.026137794242293483,0.4875000000000007,-0.6964285714285747,0.26383928571428505,0.0,0.0,1.75
순창군,2024-09-30,1.0468862428187036,4,11.414285714285715,0.0,7,40,11.671428571428564,0.0,10.682142857142857,2.0,0.04582027538253804,0.0426881169947177,1.3035714285714288,0.8955357142857121,0.6937499999999996,0.0,0.0,1.75
순창군,2024-10-07,1.0135076375254692,6,11.642857142857142,0.0,7,41,11.52857142857142,0.0,10.771428571428572,0.0,0.013417222673797281,-0.009768534787896618,0.05178571428571388,0.6776785714285669,-0.009375000000000355,0.0,0.0,0.0
순창군,2024-10-14,1.0957550997662149,7,9.414285714285715,0.0,7,42,10.52857142857142,0.0,11.1,0.0,0.09144371443893293,0.0633055087213366,-2.9232142857142858,-1.4357142857142886,-0.2700892857142865,0.0,0.0,0.0
순창군,2024-10-21,0.9877498261552936,7,11.771428571428572,0.0,7,43,10.592857142857135,0.0,11.060714285714285,0.0,-0.012325825691367578,-0.008732153609923892,-1.3499999999999996,-2.1366071428571463,-0.7294642857142861,0.0,0.0,0.0
순창군,2024-10-28,1.117164221696627,7,10.928571428571429,0.0,7,44,11.34999999999999,0.0,10.939285714285715,0.0,0.11079352959990793,0.11188558522231638,-3.1017857142857146,-2.22589285714286,-1.8308035714285715,0.0,0.0,0.0
순창군,2024-11-04,1.1336133786346554,7,12.471428571428572,0.0,7,45,11.699999999999992,0.0,11.146428571428572,0.0,0.12541021122541104,0.07588495024307619,-0.6857142857142868,-1.8937500000000025,-2.015178571428571,0.0,0.0,0.0
순창군,2024-11-11,1.2711243881362841,7,13.085714285714285,0.0,7,46,12.77857142857142,0.0,12.064285714285715,0.0,0.23990185377299325,0.1974751486607107,-0.5732142857142861,-0.6294642857142883,-1.4276785714285705,0.0,0.0,0.0
순창군,2024-11-18,0.7933329584975615,5,13.257142857142856,0.0,7,47,13.171428571428562,0.0,12.435714285714287,0.0,-0.23151227346690337,-0.1671917278287866,0.4624999999999986,-0.05535714285714732,-0.9745535714285705,0.0,0.0,0.0
순창군,2024-11-25,0.9640859018924262,7,9.614285714285714,0.0,7,48,11.435714285714276,0.0,12.107142857142858,0.0,-0.0365748784947229,-0.027327457891482252,-1.3017857142857139,-0.4196428571428612,-0.5245535714285712,0.0,0.0,0.0
순창군,2024-12-02,1.2191996929951172,5,9.842857142857143,0.0,7,49,9.72857142857142,0.0,11.45,0.0,0.19819465414174622,0.2224261513171156,-1.286054421768707,-1.296088435374152,-0.6975340136054413,0.0,0.0,0.0
순창군,2024-12-09,0.9924714943891191,4,9.685714285714285,0.0,7,50,9.764285714285705,0.0,10.6,0.0,-0.0075569878517677425,0.0636460255770477,-0.757142857142858,-1.0063988095238123,-0.8023065476190485,0.0,0.0,0.0
순창군,2024-12-16,1.161882466991864,6,8.657142857142857,0.0,7,51,9.171428571428562,0.0,9.45,0.0,0.15004150614692918,0.1859272336510688,-1.9464285714285712,-1.3517857142857181,-1.3531994047619058,0.0,0.0,0.0
순창군,2024-12-23,0.8983608436222077,5,8.628571428571428,0.0,7,52,8.642857142857133,0.0,9.20357142857143,0.0,-0.1071834610778547,-0.08170982860140627,-2.0142857142857142,-1.9803571428571463,-1.4933779761904749,0.0,0.0,0.0
순창군,2024-12-30,0.9510881486468531,3,10.62857142857143,0.0,7,1,9.62857142857142,0.0,9.4,0.0,-0.05014853025185158,0.0230732412741442,-0.7035714285714274,-1.2955357142857178,-1.3133928571428566,0.0,0.0,0.0
순창군,2025-01-06,0.7387343488253877,4,9.142857142857142,0.0,7,2,9.885714285714277,0.0,9.264285714285714,0.0,-0.30281689650941995,-0.28041576580914596,-1.7892857142857146,-1.2464285714285737,-1.666517857142857,0.0,0.0,0.0
순창군,2025-01-13,0.8823159234016087,6,11.957142857142857,0.0,7,3,10.54999999999999,0.0,10.089285714285714,0.0,-0.1252050973122546,-0.14695422094179644,0.8428571428571434,-0.47321428571429003,-0.8843750000000004,0.0,0.0,0.0
순창군,2025-01-20,0.7956300711257113,5,14.042857142857143,0.0,7,4,12.999999999999991,0.0,11.442857142857143,0.0,-0.22862093592711932,-0.219558289712053,3.488888888888887,2.157142857142853,0.5218253968253972,0.0,0.0,0.0
순창군,2025-01-27,0.9822608573617396,5,7.757142857142857,0.0,7,5,10.899999999999991,0.0,10.725,0.0,-0.01789836704218455,-0.06166308575798814,-2.682539682539683,0.4031746031745982,-0.024603174603173628,0.0,0.0,0.0
순창군,2025-02-03,0.7937900716886875,4,8.657142857142857,0.0,7,6,8.207142857142848,0.0,10.603571428571428,0.0,-0.23093624603226662,-0.1785151335140819,-3.036507936507938,-2.8595238095238127,-0.3511904761904763,0.0,0.0,0.0
순창군,2025-02-10,0.7605084236674503,3,12.614285714285714,0.0,7,7,10.635714285714275,0.0,10.767857142857142,0.0,-0.2737680908583341,-0.30726942860688067,0.6031746031746028,-1.2166666666666721,-0.40674603174603163,0.0,0.0,0.0
순창군,2025-02-17,0.9173142725142259,6,7.942857142857143,0.0,7,8,10.278571428571418,0.0,9.242857142857144,0.0,-0.08630514732209006,-0.09090045014410328,-3.7777777777777786,-1.5873015873015923,-2.223412698412698,0.0,0.0,0.0
순창군,2025-02-24,0.9363799421863452,5,14.842857142857143,0.0,7,9,11.392857142857133,0.0,11.014285714285714,0.0,-0.06573396372898489,-0.09254871569781951,1.182539682539682,-1.297619047619051,-1.2571428571428562,0.0,0.0,0.0
순창군,2025-03-03,0.9409304947526118,7,9.485714285714284,0.0,7,10,12.164285714285704,0.0,11.221428571428572,0.0,-0.060886005299471246,-0.09613164962368939,-3.457142857142859,-1.137301587301593,-1.3623015873015873,0.0,0.0,0.0
순창군,2025-03-10,0.9931868891538675,8,14.357142857142858,0.0,7,11,11.92142857142856,0.0,11.657142857142857,0.0,-0.006836426045536704,0.00829492886330066,0.7682539682539691,-1.3444444444444503,-1.3210317460317462,0.0,0.0,0.0
순창군,2025-03-17,1.0383632379949017,8,15.7,0.0,7,12,15.028571428571418,0.0,13.596428571428572,0.0,0.03764566379372089,0.013493250041213867,1.7793650793650801,1.2738095238095184,0.06825396825396801,0.0,0.0,0.0
순창군,2025-03-24,1.0205417264919605,8,13.971428571428572,0.0,7,13,14.835714285714275,0.0,13.378571428571428,0.0,0.020333590714035312,0.004444257940625928,-1.1492063492063487,0.31507936507935774,-0.5146825396825392,0.0,0.0,0.0
순창군,2025-03-31,1.0209500507490625,8,15.457142857142857,0.0,7,14,14.714285714285705,0.0,14.87142857142857,0.0,0.020733616094591942,0.012458406854753072,0.8285714285714274,-0.16031746031746685,0.5567460317460302,0.0,0.0,0.0
순창군,2025-04-07,1.102190827205913,7,17.085714285714285,0.0,7,15,16.27142857142856,0.0,15.553571428571429,0.0,0.09729986017317076,0.06472272728748787,3.2301587301587293,2.029365079365075,1.1722222222222225,0.0,0.0,0.0
순창군,2025-04-14,1.123527627367506,7,11.842857142857143,0.0,7,16,14.464285714285705,0.0,14.589285714285714,0.0,0.11647340278817517,0.10690715503544944,-2.59047619047619,0.31984126984126604,0.07976190476190403,0.0,0.0,0.0
순창군,2025-04-21,1.0185530298401415,9,12.714285714285714,0.0,7,17,12.278571428571418,0.0,14.275,0.0,0.018383021937200122,0.020220277612935298,0.24761904761904674,-1.171428571428578,0.428968253968252,0.0,0.0,0.0
순창군,2025-04-28,1.1201051395547303,9,14.685714285714285,0.0,7,18,13.699999999999989,0.0,14.082142857142856,0.0,0.11342255550349623,0.09033565508180275,1.3539682539682545,0.8007936507936453,0.5603174603174583,0.0,0.0,0.0
순창군,2025-05-05,1.2116848468622239,8,10.528571428571428,0.0,7,19,12.607142857142847,0.0,12.442857142857143,0.0,0.19201182649275247,0.1871364454939781,-2.5666666666666664,-0.6063492063492113,-0.8888888888888875,0.0,0.0,0.0
순창군,2025-05-12,1.2368035580222683,6,12.314285714285713,0.0,7,20,11.42142857142856,0.0,12.560714285714285,0.0,0.2125302756436712,0.2124746744493793,-0.9111111111111114,-1.7388888888888943,-0.46904761904762005,0.0,0.0,0.0
순창군,2025-05-19,1.3134435793240844,6,9.814285714285715,0.0,7,21,11.064285714285703,0.0,11.835714285714285,0.0,0.2726523747664419,0.2313505265873395,-3.223809523809523,-2.0674603174603234,-1.336904761904762,0.0,0.0,0.0
순창군,2025-05-26,1.2862190296119078,7,15.557142857142859,0.0,7,22,12.685714285714276,0.0,12.053571428571429,0.0,0.25170692982913384,0.21561982046770278,2.642857142857144,-0.2904761904761948,-1.0146825396825392,0.0,0.0,0.0
순창군,2025-06-02,1.3056655784355875,5,13.414285714285713,0.0,7,23,14.485714285714275,0.0,12.774999999999999,0.0,0.26671293254747175,0.2390091851966535,1.2111111111111104,1.9269841269841237,-0.07023809523809632,0.0,0.0,0.0
순창군,2025-06-09,1.1737718646654531,6,10.528571428571428,0.0,7,24,11.97142857142856,0.0,12.32857142857143,0.0,0.16022237940982034,0.11735610735144086,-0.8396825396825403,0.1857142857142815,-0.052380952380952195,0.0,0.0,0.0
순창군,2025-06-16,1.0681565636416748,5,9.185714285714285,0.0,7,25,9.857142857142847,0.0,12.17142857142857,0.0,0.06593432496408862,0.05488676975352698,-1.6380952380952376,-1.2388888888888925,0.34404761904761827,0.0,0.0,0.0
순창군,2025-06-23,1.0608634879958965,6,10.928571428571429,0.0,7,26,10.057142857142846,0.0,11.014285714285714,0.0,0.05908318782514017,0.06741064341771043,2.0698412698412696,0.21587301587301155,0.20079365079365097,-0.2222222222222222,-0.2222222222222222,-0.2222222222222222
순창군,2025-06-30,1.20709715742863,6,10.757142857142858,0.0,7,27,10.842857142857133,0.0,10.35,0.0,0.18821843384571565,0.15081667551852523,2.3047619047619055,2.187301587301583,0.47420634920634974,-0.2222222222222222,-0.4444444444444444,-0.4444444444444444
순창군,2025-07-07,1.2678200327113198,5,11.5,2.0,7,28,11.12857142857142,2.0,10.592857142857143,2.0,0.23729891590362184,0.2364951092216747,3.448214285714286,2.737499999999997,1.4870535714285715,1.625,1.375,1.125
순창군,2025-07-14,1.1851762281385692,6,8.071428571428571,0.0,7,29,9.785714285714274,2.0,10.314285714285715,2.0,0.16989147925875708,0.04922695673895844,0.04603174603174587,1.8484126984126936,1.878174603174605,-0.4444444444444444,1.2222222222222223,0.7777777777777777
순창군,2025-07-21,1.069063302825927,6,11.757142857142858,0.0,7,30,9.914285714285704,0.0,10.521428571428572,2.0,0.0667828471520791,0.01009904366027415,2.677777777777779,1.361904761904757,2.0996031746031765,-1.1111111111111112,-1.5555555555555556,-0.11111111111111116
순창군,2025-07-28,1.1623943706954059,6,12.114285714285712,0.0,7,31,11.935714285714274,0.0,10.860714285714284,2.0,0.150481990433068,0.09381780900247039,1.9349206349206334,2.3063492063492,2.0773809523809508,-1.0,-2.111111111111111,-0.8888888888888888
순창군,2025-08-04,1.2369164199797393,5,7.385714285714285,3.0,7,32,9.749999999999988,3.0,9.832142857142856,3.0,0.2126215244176254,0.1614982098836124,-1.5396825396825387,0.1976190476190407,0.7797619047619051,1.3333333333333333,0.3333333333333335,-1.2222222222222223
순창군,2025-08-11,1.1468195656685045,5,9.671428571428569,0.0,7,33,8.528571428571418,3.0,10.232142857142856,3.0,0.1369925159806882,0.038674366582892084,-0.007142857142859782,-0.5937500000000053,0.8848214285714278,-0.5,1.125,-0.75
순창군,2025-08-18,1.1221574423745604,7,10.942857142857141,0.0,7,34,10.307142857142845,0.0,10.028571428571427,3.0,0.1152531202281362,0.04096360415634505,1.7303571428571427,0.861607142857137,0.6660714285714278,-0.25,-0.75,-0.25
순창군,2025-08-25,1.0847984648356854,6,9.542857142857143,0.0,7,35,10.242857142857133,0.0,9.385714285714284,3.0,0.08139422304414817,0.0009431152864300685,1.2183673469387752,1.2897959183673429,0.35663265306122405,-0.14285714285714285,-0.42857142857142855,0.4285714285714284
순창군,2025-09-01,1.2046991146922161,5,9.9,0.0,7,36,9.72142857142856,0.0,10.014285714285712,0.0,0.1862298384121864,0.15438188235511563,0.5061224489795926,0.8622448979591795,0.7413265306122447,0.0,-0.14285714285714285,-1.0
순창군,2025-09-08,1.1136618253798864,6,8.128571428571428,0.0,7,37,9.014285714285705,0.0,9.628571428571428,0.0,0.10765352753742582,0.04168458182222655,-0.5489795918367353,-0.021428571428574017,0.6341836734693871,-0.2857142857142857,-0.2857142857142857,-0.7142857142857143
순창군,2025-09-15,0.9795318576496799,7,8.428571428571429,0.0,7,38,8.278571428571418,0.0,9.0,0.0,-0.020680517726571077,-0.018784484578822713,-1.5517857142857139,-0.9223214285714327,-0.05401785714285623,0.0,-0.25,-0.375
순창군,2025-09-22,1.145495458129726,8,8.5,0.0,7,39,8.464285714285705,0.0,8.739285714285714,0.0,0.13583725793605034,0.08878629316298693,-2.941071428571428,-2.2464285714285754,-1.054017857142858,0.0,0.0,-0.25
순창군,2025-09-29,1.156088178865705,7,8.785714285714286,0.0,7,40,8.642857142857133,0.0,8.460714285714285,0.0,0.14504204663666068,0.14190988824884035,-1.3249999999999993,-2.133035714285718,-1.5276785714285719,0.0,0.0,-0.25
순창군,2025-10-06,1.16440611367846,6,9.085714285714285,0.0,7,41,8.935714285714276,0.0,8.7,0.0,0.15221118337233536,0.12902542591064145,-2.505357142857143,-1.9151785714285765,-2.0808035714285733,0.0,0.0,0.0
순창군,2025-10-13,1.1497695609189484,6,6.957142857142857,0.0,7,42,8.021428571428562,0.0,8.332142857142857,0.0,0.13956154048643146,0.11142333476883513,-5.380357142857143,-3.9428571428571466,-3.037946428571429,0.0,0.0,0.0
순창군,2025-10-20,0.997650680515098,5,10.928571428571429,0.0,7,43,8.942857142857132,0.0,8.939285714285713,0.0,-0.002352083465754386,0.0012415886156893008,-2.192857142857143,-3.7866071428571484,-2.850892857142858,0.0,0.0,0.0
순창군,2025-10-27,1.015997640922018,6,12.742857142857144,0.0,7,44,11.835714285714277,0.0,9.928571428571429,0.0,0.015871027226446777,0.016963082848855227,-1.2874999999999996,-1.740178571428574,-2.8415178571428577,0.0,0.0,0.0
순창군,2025-11-03,1.1794753461092353,4,14.9,0.0,7,45,13.821428571428562,0.0,11.382142857142858,0.0,0.16506971766260337,0.11554445668026851,1.742857142857142,0.22767857142856762,-1.779464285714285,0.0,0.0,0.0
순창군,2025-11-10,1.1488614399357244,4,14.87142857142857,0.0,7,46,14.885714285714275,0.0,13.360714285714286,0.0,0.1387713997199204,0.09634469460763782,1.2124999999999986,1.4776785714285676,-0.13124999999999964,0.0,0.0,0.0
순창군,2025-11-17,0.9212732109177054,3,11.014285714285714,0.0,7,47,12.942857142857132,0.0,13.382142857142856,0.0,-0.08199864076997686,-0.017678095131860097,-1.7803571428571434,-0.28392857142857686,-0.028125000000001066,0.0,0.0,0.0
순창군,2025-11-24,1.0655027857645558,6,12.099999999999998,0.0,7,48,11.557142857142846,0.0,13.22142857142857,0.0,0.0634467870670126,0.07269420767025324,1.18392857142857,-0.2982142857142911,0.5897321428571409,0.0,0.0,0.0
순창군,2025-12-01,1.0544029804958732,4,11.028571428571428,0.0,7,49,11.564285714285703,0.0,12.253571428571426,0.0,0.05297471148429684,0.07720620865966621,-0.10034013605442205,0.5396258503401299,0.10603741496598573,0.0,0.0,0.0
순창군,2025-12-08,0.7737239205442422,3,11.37142857142857,0.0,7,50,11.199999999999989,0.0,11.378571428571428,0.0,-0.25654016082536707,-0.18533714739655163,0.928571428571427,0.42931547619047095,-0.023735119047620046,0.0,0.0,0.0
순창군,2025-12-15,0.7887729894449133,4,12.385714285714284,0.0,7,51,11.878571428571417,0.0,11.721428571428572,0.0,-0.2372767188701224,-0.20139099136598276,1.7821428571428566,1.3553571428571374,0.9182291666666664,0.0,0.0,0.0
순창군,2025-12-22,0.9006168034392587,6,10.428571428571429,0.0,7,52,11.407142857142848,0.0,11.303571428571427,0.0,-0.10467541323935943,-0.079201780762911,-0.21428571428571352,0.783928571428568,0.606622023809523,0.0,0.0,0.0
순창군,2025-12-29,0.8681637496779211,4,8.257142857142856,0.0,7,1,9.342857142857133,0.0,10.610714285714286,0.0,-0.1413749304116076,-0.06815315888561181,-3.075000000000001,-1.5812500000000043,-0.10267857142857117,0.0,0.0,0.0
순창군,2026-01-05,1.0592523181941282,5,11.157142857142857,0.0,7,2,9.707142857142847,0.0,10.557142857142857,0.0,0.05756329904621343,0.0799644297464874,0.22499999999999964,-1.4250000000000043,-0.37366071428571423,0.0,0.0,0.0
순창군,2026-01-12,1.0059558066234675,6,14.785714285714286,0.0,7,3,12.97142857142856,0.0,11.157142857142857,0.0,0.005938140914859623,-0.015810982714682214,3.6714285714285726,1.9482142857142808,0.1834821428571427,0.0,0.0,0.0
순창군,2026-01-19,1.0140340526379819,5,8.22857142857143,0.0,7,4,11.50714285714285,0.0,10.607142857142858,0.0,0.013936487088329274,0.022999133303395612,-2.325396825396826,0.664285714285711,-0.3138888888888882,0.0,0.0,0.0
순창군,2026-01-26,1.023299997108838,5,10.457142857142857,0.0,7,5,9.342857142857135,0.0,11.157142857142858,0.0,0.023032696285240815,-0.020732022430562776,0.0174603174603174,-1.1539682539682588,0.4075396825396851,0.0,0.0,0.0
순창군,2026-02-02,0.9814500413846103,5,10.200000000000001,0.0,7,6,10.328571428571419,0.0,10.917857142857143,0.0,-0.01872416683147593,0.03369694568670877,-1.4936507936507937,-0.7380952380952426,-0.03690476190476133,0.0,0.0,0.0
순창군,2026-02-09,1.104080033832253,7,14.571428571428571,0.0,7,7,12.385714285714275,0.0,10.864285714285714,0.0,0.09901243964058318,0.0655111018920366,2.56031746031746,0.5333333333333279,-0.3103174603174601,0.0,0.0,0.0
순창군,2026-02-16,1.0863106718274966,5,16.771428571428572,0.0,7,8,15.67142857142856,0.0,13.0,0.0,0.0827872504243148,0.07819194760230158,5.050793650793651,3.80555555555555,1.5337301587301582,0.0,0.0,0.0
순창군,2026-02-23,0.956331712658941,5,12.557142857142859,0.0,7,9,14.664285714285704,0.0,13.525000000000002,0.0,-0.044650446345527735,-0.07146519831436235,-1.1031746031746028,1.9738095238095195,1.2535714285714317,0.0,0.0,0.0
순창군,2026-03-02,1.1178420598243926,5,10.385714285714286,0.0,7,10,11.47142857142856,0.0,13.571428571428573,0.0,0.11140009447102474,0.0761544501468066,-2.557142857142857,-1.830158730158736,0.9876984126984141,0.0,0.0,0.0
순창군,2026-03-09,1.006428959079968,4,14.685714285714285,0.0,7,11,12.535714285714274,0.0,13.600000000000001,0.0,0.00640838147052588,0.021539736379363246,1.0968253968253965,-0.7301587301587364,0.6218253968253986,0.0,0.0,0.0
순창군,2026-03-16,1.0012228060257382,6,14.971428571428572,0.0,7,12,14.828571428571419,0.0,13.150000000000002,0.0,0.0012220590073602877,-0.022930354745146736,1.0507936507936524,1.073809523809519,-0.3781746031746014,0.0,0.0,0.0
순창군,2026-03-23,1.0168427706081211,5,18.714285714285715,0.0,7,13,16.842857142857135,0.0,14.689285714285713,0.0,0.0167025039424742,0.0008131711690648157,3.593650793650795,2.3222222222222175,0.7960317460317459,0.0,0.0,0.0
순창군,2026-03-30,1.001576146310253,7,12.357142857142858,0.0,7,14,15.535714285714278,0.0,15.182142857142857,0.0,0.0015749054952902291,-0.006700303744548641,-2.2714285714285722,0.6611111111111061,0.867460317460317,0.0,0.0,0.0
순창군,2026-04-06,1.0311563071259995,9,12.571428571428571,0.0,7,15,12.464285714285705,0.0,14.653571428571428,0.0,0.03068080084330615,-0.0018963320423767242,-1.284126984126985,-1.7777777777777821,0.27222222222222214,0.0,0.0,0.0
순창군,2026-04-13,0.9186355946876092,7,13.542857142857144,0.0,7,16,13.05714285714285,0.0,14.29642857142857,0.0,-0.08486575899769352,-0.09443200675041925,-0.8904761904761891,-1.0873015873015888,-0.21309523809523867,0.0,0.0,0.0
순창군,2026-04-20,1.006245262033525,5,16.085714285714285,0.0,7,17,14.814285714285706,0.0,13.639285714285716,0.0,0.006225841201439007,0.008063096877174181,3.6190476190476186,1.3642857142857103,-0.20674603174603234,0.0,0.0,0.0
순창군,2026-04-27,0.9481615022417816,5,11.757142857142856,0.0,7,18,13.921428571428562,0.0,13.489285714285714,0.0,-0.05323043022236738,-0.07631733064406086,-1.5746031746031743,1.0222222222222186,-0.03253968253968331,0.0,0.0,0.0
순창군,2026-05-04,1.0767655117677182,6,16.67142857142857,0.0,7,19,14.214285714285705,0.0,14.514285714285716,0.0,0.0739616509478918,0.06908626994911743,3.576190476190476,1.0007936507936463,1.1825396825396854,0.0,0.0,0.0
순창군,2026-05-11,1.1741063861587568,6,15.428571428571429,0.0,7,20,16.04999999999999,0.0,14.985714285714286,0.0,0.16050733583415783,0.16045173463986595,2.2031746031746042,2.8896825396825356,1.9559523809523807,0.0,0.0,0.0
순창군,2026-05-18,1.0741597191741166,6,10.742857142857142,0.0,7,21,13.085714285714277,0.0,13.649999999999999,0.0,0.07153869934461532,0.03023685116551294,-2.295238095238096,-0.04603174603174942,0.47738095238095113,0.0,0.0,0.0
순창군,2026-05-25,0.9347700598323914,6,12.271428571428572,0.0,7,22,11.50714285714285,0.0,13.778571428571428,0.0,-0.06745470525098894,-0.10354181461242,-0.6428571428571423,-1.4690476190476218,0.7103174603174605,0.0,0.0,0.0
순창군,2026-06-01,0.9982791646941495,8,12.528571428571428,0.0,7,23,12.399999999999991,0.0,12.742857142857142,0.0,-0.001722317643742485,-0.029426064994560724,0.325396825396826,-0.15873015873015994,-0.1023809523809529,0.0,0.0,0.0
순창군,2026-06-08,1.1095590860511335,6,13.828571428571427,0.0,7,24,13.17857142857142,0.0,12.342857142857143,0.0,0.10396271663781703,0.06109644457943755,2.4603174603174587,1.3928571428571406,-0.03809523809523796,0.0,0.0,0.0
순창군,2026-06-15,1.019007366633711,7,10.271428571428572,0.0,7,25,12.04999999999999,0.0,12.225000000000001,0.0,0.01882898349189625,0.007781428281334612,-0.5523809523809504,0.9539682539682506,0.39761904761904887,0.0,0.0,0.0
순창군,2026-06-22,1.0316539440707952,9,9.500000000000002,0.0,7,26,9.885714285714279,0.0,11.532142857142858,0.0,0.031163285312404403,0.03949074090497466,0.6412698412698425,0.04444444444444429,0.7186507936507951,-0.2222222222222222,-0.2222222222222222,-0.2222222222222222
순창군,2026-06-29,1.0299071675944715,8,8.828571428571427,0.0,7,27,9.164285714285706,0.0,10.607142857142858,0.0,0.029468669630665908,-0.007933088696524527,0.37619047619047485,0.508730158730156,0.7313492063492077,-0.2222222222222222,-0.4444444444444444,-0.4444444444444444
순창군,2026-07-06,1.0624097700582729,6,8.1,0.0,7,28,8.464285714285705,0.0,9.175,0.0,0.060539695912236194,0.05973588923028904,0.048214285714285765,0.07321428571428257,0.06919642857142883,-0.375,-0.625,-0.875
순창군,2026-07-13,1.0918761999530446,6,6.785714285714286,4.0,7,29,7.442857142857134,4.0,8.303571428571429,4.0,0.087897500889479,-0.03276702163031965,-1.2396825396825397,-0.49444444444444624,-0.13253968253968118,3.5555555555555554,3.2222222222222223,2.7777777777777777
순창군,2026-07-20,1.0079569115771916,7,8.5,4.0,7,30,7.642857142857134,8.0,8.053571428571427,8.0,0.007925422284322465,-0.04875838120748249,-0.5793650793650791,-0.9095238095238125,-0.3682539682539687,2.888888888888889,6.444444444444445,5.888888888888889
순창군,2026-07-27,1.080619734249207,6,11.671428571428573,0.0,7,31,10.085714285714278,4.0,8.764285714285714,8.0,0.07753470456831763,0.020870523137719997,1.4920634920634939,0.45634920634920384,-0.01904761904761898,-1.0,1.8888888888888888,5.111111111111111
순창군,2026-08-03,1.1883008564043533,3,11.8,4.0,7,32,11.735714285714277,4.0,9.689285714285715,12.0,0.172524435010675,0.12140112047666199,2.874603174603177,2.18333333333333,0.6369047619047645,2.333333333333333,1.3333333333333335,7.777777777777778
완주군,2018-01-22,0.9621577800081116,13,11.0,0.0,7,4,10.75,0.0,10.389285714285714,0.0,-0.03857682928256281,0.05186649440157115,-0.9730158730158731,-1.1039682539682545,-1.3412698412698418,0.0,0.0,0.0
완주군,2018-01-29,0.9503588701469151,13,12.5,0.0,7,5,11.75,0.0,10.821428571428571,0.0,-0.050915607670774396,0.05467351070828834,0.8317460317460323,-0.07063492063492305,-0.8345238095238088,0.0,0.0,0.0
완주군,2018-02-05,0.9601622231614493,16,13.757142857142856,0.0,7,6,13.128571428571428,0.0,11.939285714285715,0.0,-0.04065302633633976,0.050188095439831625,0.9063492063492049,0.8690476190476186,-0.11746031746031704,0.0,0.0,0.0
완주군,2018-02-12,0.9566451374116215,17,13.571428571428571,0.0,7,7,13.664285714285715,0.0,12.707142857142857,0.0,-0.04432276359759125,0.09007926806634983,0.8444444444444432,0.875396825396825,0.40238095238095184,0.0,0.0,0.0
완주군,2018-02-19,0.9887919249436832,14,14.614285714285714,0.0,7,8,14.092857142857142,0.0,13.610714285714286,0.0,-0.011271358833412955,0.09320844096862566,0.9555555555555557,0.8999999999999986,0.8845238095238095,0.0,0.0,0.0
완주군,2018-02-26,0.9801368880984942,12,15.971428571428572,0.0,7,9,15.292857142857143,0.0,14.478571428571428,0.0,-0.020063035338947047,0.05513243515247278,1.6126984126984123,1.2841269841269831,1.079761904761904,0.0,0.0,0.0
완주군,2018-03-05,0.9303719540601563,13,12.200000000000001,0.0,7,10,14.085714285714285,0.0,14.089285714285714,0.0,-0.07217082219143997,-0.005875897774962904,-1.8555555555555543,-0.12142857142857189,0.38928571428571246,0.0,0.0,0.0
완주군,2018-03-12,0.9531417573089184,13,15.171428571428573,0.0,7,11,13.685714285714287,0.0,14.489285714285714,0.0,-0.04799163790204712,0.026775109550351395,0.8793650793650798,-0.48809523809523725,0.39801587301587205,0.0,0.0,0.0
완주군,2018-03-19,0.9836800706672221,12,11.642857142857142,0.0,7,12,13.407142857142858,0.0,13.746428571428572,0.0,-0.016454566232318203,0.07234599068678896,-3.730158730158731,-1.4253968253968257,-0.773412698412697,0.0,0.0,0.0
완주군,2018-03-26,0.9271036646359866,15,17.057142857142857,0.0,7,13,14.350000000000001,0.0,14.017857142857144,0.0,-0.0756898915822908,0.009361222448305381,1.1031746031746028,-1.3134920634920633,-0.9007936507936485,0.0,0.0,0.0
완주군,2018-04-02,0.9209845628585751,13,10.985714285714286,0.0,7,14,14.021428571428572,0.0,13.714285714285715,0.0,-0.08231200415006526,-0.014885769588980913,-4.515873015873018,-1.7063492063492074,-1.5658730158730148,0.0,0.0,0.0
완주군,2018-04-09,0.9588685978601689,14,14.071428571428571,0.0,7,15,12.52857142857143,0.0,13.439285714285713,0.0,-0.04200123344490467,0.05232760436983222,-1.1920634920634914,-2.8539682539682527,-2.083730158730159,0.0,0.0,0.0
완주군,2018-04-16,0.9523768267887167,14,18.928571428571427,0.0,7,16,16.5,0.0,15.260714285714286,0.0,-0.04879449605066204,0.044156326226969606,3.3968253968253954,1.1023809523809494,-0.30198412698412724,0.0,0.0,0.0
완주군,2018-04-23,0.933597763157733,14,14.157142857142858,0.0,7,17,16.542857142857144,0.0,14.535714285714285,0.0,-0.06870959394482365,0.04031349222183418,0.5222222222222221,1.9595238095238106,-0.44722222222222463,0.0,0.0,0.0
완주군,2018-04-30,0.9637496544190847,13,13.357142857142858,0.0,7,18,13.75714285714286,0.0,15.128571428571428,0.0,-0.03692371268408138,0.047999673378420295,-1.4634920634920618,-0.47063492063491985,0.31587301587301475,0.0,0.0,0.0
완주군,2018-05-07,0.9179141220391993,15,11.5,0.0,7,19,12.42857142857143,0.0,14.485714285714286,0.0,-0.08565144171453211,-0.020233835268332986,-2.965079365079365,-2.2142857142857153,-0.12738095238095148,0.0,0.0,0.0
완주군,2018-05-14,0.8849869523327958,16,12.685714285714285,0.0,7,20,12.092857142857145,0.0,12.925,0.0,-0.12218237720967293,-0.04750417312211991,-1.533333333333335,-2.2492063492063465,-1.359920634920634,0.0,0.0,0.0
완주군,2018-05-21,0.8251487928241165,14,16.17142857142857,0.0,7,21,14.42857142857143,0.0,13.428571428571429,0.0,-0.19219155397112972,-0.08287112085216307,2.174603174603174,0.32063492063492127,-0.9468253968253979,0.0,0.0,0.0
완주군,2018-05-28,0.9595845744143735,13,15.77142857142857,0.0,7,22,15.971428571428575,0.0,14.032142857142857,0.0,-0.04125482316208639,0.042446327863050755,2.0777777777777775,2.12619047619048,-0.061507936507936734,0.0,0.0,0.0
완주군,2018-06-04,0.9444817756383003,12,13.571428571428571,0.0,7,23,14.671428571428574,0.0,14.549999999999999,0.0,-0.0571188874746901,0.05437026793934806,0.0952380952380949,1.086507936507937,0.7035714285714274,0.0,0.0,0.0
완주군,2018-06-11,0.847055434975753,12,12.299999999999999,0.0,7,24,12.935714285714289,0.0,14.453571428571427,0.0,-0.16598913785810984,-0.06684015281911751,-0.1793650793650805,-0.042063492063491026,1.042063492063491,0.0,0.0,0.0
완주군,2018-06-18,0.9885928024831869,11,12.857142857142858,0.0,7,25,12.578571428571433,0.0,13.625,0.0,-0.011472758650461636,0.060949372843347054,1.1968253968253961,0.5087301587301631,0.7976190476190474,0.0,0.0,0.0
완주군,2018-06-25,0.8734127762084,15,10.285714285714286,0.0,7,26,11.571428571428577,0.0,12.253571428571428,0.0,-0.13534700990805812,-0.023138657439162158,0.37460317460317505,0.78571428571429,0.37182539682539684,-0.1111111111111111,-0.1111111111111111,-0.1111111111111111
완주군,2018-07-02,0.9287843438575154,14,8.757142857142858,0.0,7,27,9.521428571428576,0.0,11.05,0.0,-0.07387870505241578,0.028200344467057492,-0.5222222222222204,-0.07380952380952088,0.21746031746031846,-0.1111111111111111,-0.2222222222222222,-0.2222222222222222
완주군,2018-07-09,0.9259492890306537,16,9.971428571428572,0.0,7,28,9.364285714285717,0.0,10.467857142857143,0.0,-0.0769358093013478,0.03759523808374593,0.8555555555555561,0.16666666666666785,0.4761904761904763,0.0,-0.1111111111111111,-0.2222222222222222
완주군,2018-07-16,0.9363930596098251,14,12.685714285714287,0.0,7,29,11.328571428571433,0.0,10.425,0.0,-0.0657199551721897,0.018087671549963796,3.604761904761906,2.230158730158733,1.0781746031746042,-0.1111111111111111,-0.1111111111111111,-0.3333333333333333
완주군,2018-07-23,0.9271942604970823,13,12.514285714285716,0.0,7,30,12.600000000000005,0.0,10.982142857142858,0.0,-0.07559217712126501,0.05003926294952668,2.765079365079366,3.1849206349206387,1.6757936507936524,0.0,-0.1111111111111111,-0.2222222222222222
완주군,2018-07-30,0.9716852938974074,16,13.171428571428573,0.0,7,31,12.842857142857149,0.0,12.085714285714285,0.0,-0.028723298657560622,0.10213623335033761,3.1444444444444457,2.9547619047619094,2.5924603174603167,-0.2222222222222222,-0.2222222222222222,-0.3333333333333333
완주군,2018-08-06,0.9733387809651002,17,12.071428571428571,1.0,7,32,12.621428571428575,1.0,12.610714285714288,1.0,-0.027023075521629556,0.07110443345434209,2.6698412698412692,2.90714285714286,3.0460317460317476,0.33333333333333337,0.11111111111111116,0.0
완주군,2018-08-13,0.9668899770506222,17,14.457142857142856,0.0,7,33,13.264285714285716,1.0,13.053571428571429,1.0,-0.033670567612531205,0.10255934411640344,4.383928571428569,3.701785714285716,3.340625000000001,0.0,0.625,0.375
완주군,2018-08-20,0.9611636239475074,21,9.242857142857142,1.0,7,34,11.850000000000001,1.0,12.235714285714286,2.0,-0.03961062025176782,0.0502886563213615,-0.28392857142857153,2.0500000000000007,2.588392857142857,0.75,0.75,1.125
완주군,2018-08-27,0.8876441413228083,17,8.2,0.0,7,35,8.721428571428575,1.0,10.992857142857144,2.0,-0.11918435806199643,0.019080365160118684,-0.8642857142857139,-0.5741071428571409,1.5638392857142875,-0.125,0.625,1.25
완주군,2018-09-03,0.9582503311344832,13,11.857142857142858,0.0,7,36,10.028571428571432,0.0,10.939285714285713,1.0,-0.04264622915984879,0.07381221804368665,1.7803571428571434,0.45803571428571743,1.2540178571428555,0.0,-0.125,0.625
완주군,2018-09-10,1.0074664749516706,15,9.985714285714284,0.0,7,37,10.921428571428574,0.0,9.82142857142857,1.0,0.0074387388028470825,0.08078108624205177,0.7821428571428548,1.2812500000000018,0.35357142857142776,0.0,0.0,0.625
완주군,2018-09-17,1.0163853181484845,14,10.385714285714284,0.0,7,38,10.185714285714287,0.0,10.107142857142856,0.0,0.016252527405277106,0.11829532928815281,0.05892857142857011,0.42053571428571423,0.43928571428571317,0.0,0.0,-0.125
완주군,2018-09-24,0.9466832653115027,11,14.414285714285713,0.0,7,39,12.400000000000002,0.0,11.660714285714285,0.0,-0.05479070286895356,0.048215119889505234,2.7839285714285698,1.4214285714285726,1.3513392857142854,0.0,0.0,0.0
완주군,2018-10-01,0.8995099049546149,12,11.285714285714286,0.0,7,40,12.850000000000003,0.0,11.517857142857142,0.0,-0.10590521402948089,-0.010125228420982207,1.0374999999999996,1.9107142857142883,1.1656249999999986,0.0,0.0,0.0
완주군,2018-10-08,0.9044850262792227,13,13.857142857142858,0.0,7,41,12.571428571428577,0.0,12.485714285714286,0.0,-0.10038952897787776,0.0223426188759715,2.1732142857142858,1.6053571428571463,1.5133928571428577,0.0,0.0,0.0
완주군,2018-10-15,0.8935620919104909,12,14.700000000000001,0.0,7,42,14.278571428571432,0.0,13.564285714285715,0.0,-0.11253945389231612,-0.016944103234097854,1.9464285714285712,2.0598214285714302,1.9852678571428566,0.0,0.0,0.0
완주군,2018-10-22,0.8719849320371865,13,13.271428571428572,0.0,7,43,13.985714285714291,0.0,13.278571428571428,0.0,-0.1369831349963231,-0.02147176704236632,0.05535714285714377,1.000892857142862,1.3031249999999996,0.0,0.0,0.0
완주군,2018-10-29,0.8512453009111618,13,15.214285714285714,0.0,7,44,14.242857142857147,0.0,14.260714285714286,0.0,-0.16105494175548776,-0.056493552248525994,1.1910714285714281,0.6232142857142886,1.3415178571428577,0.0,0.0,0.0
완주군,2018-11-05,0.8893191659519775,12,11.457142857142857,0.0,7,45,13.335714285714289,0.0,13.660714285714286,0.0,-0.11729909108047752,0.019714124510030115,-1.9910714285714288,-0.3999999999999986,0.3004464285714299,0.0,0.0,0.0
완주군,2018-11-12,0.8719891078720607,13,13.857142857142858,0.0,7,46,12.657142857142862,0.0,13.45,0.0,-0.13697834612357768,0.01221010966019248,0.058928571428571885,-0.9660714285714249,-0.17142857142857082,0.0,0.0,0.0
완주군,2018-11-19,0.8835360458349314,11,13.242857142857144,0.0,7,47,13.550000000000004,0.0,13.442857142857143,0.0,-0.12382318914696316,-0.01810638197247008,-0.2107142857142854,-0.0758928571428541,-0.23794642857142811,0.0,0.0,0.0
완주군,2018-11-26,0.8429065507643972,11,14.885714285714286,0.0,7,48,14.064285714285718,0.0,13.360714285714286,0.0,-0.1708991803107185,-0.05076725446321145,3.2964285714285726,1.5428571428571445,0.288392857142858,0.0,0.0,0.0
완주군,2018-12-03,0.8473756701809451,16,9.5,0.0,7,49,12.192857142857147,0.0,12.871428571428572,0.0,-0.16561115234069312,-0.03846576717983094,-2.5839285714285722,0.35625000000000284,0.1401785714285726,0.0,0.0,0.0
완주군,2018-12-10,0.861013088380258,13,11.37142857142857,0.0,7,50,10.435714285714289,0.0,12.25,0.0,-0.14964557329914682,0.003507424907842782,0.2732142857142854,-1.1553571428571416,0.19374999999999964,0.0,0.0,0.0
완주군,2018-12-17,0.868727530847981,12,13.4,0.0,7,51,12.38571428571429,0.0,12.289285714285715,0.0,-0.14072574620971642,0.0050601746191391295,2.385714285714286,1.3294642857142875,0.8428571428571434,0.0,0.0,0.0
완주군,2018-12-24,0.809392628732309,13,10.414285714285715,0.0,7,52,11.907142857142862,0.0,11.17142857142857,0.0,-0.21147115365830682,-0.09243865129257371,-0.37678571428571495,1.0044642857142883,-0.07544642857142847,0.0,0.0,0.0
완주군,2018-12-31,0.860078664003404,13,13.37142857142857,0.0,7,1,11.892857142857146,0.0,12.139285714285714,0.0,-0.15073142414628804,-0.060537587291175116,1.2553571428571413,0.4723214285714299,0.8973214285714288,0.0,0.0,0.0
완주군,2019-01-07,0.8488250651247699,13,11.585714285714285,0.0,7,2,12.478571428571431,0.0,12.192857142857141,0.0,-0.16390216204677263,-0.07051661405873294,0.09285714285714164,0.6741071428571441,0.798214285714284,0.0,0.0,0.0
완주군,2019-01-14,0.7844761390367327,13,11.971428571428572,0.0,7,3,11.778571428571432,0.0,11.835714285714285,0.0,-0.24273912277609405,-0.14508566618981475,0.0821428571428573,0.08750000000000213,0.27991071428571423,0.0,0.0,0.0
완주군,2019-01-21,0.8737253546719163,15,14.685714285714285,0.0,7,4,13.328571428571433,0.0,12.903571428571428,0.0,-0.13498919221599753,-0.04454586853186357,2.712698412698412,1.4746031746031782,1.1730158730158724,0.0,0.0,0.0
완주군,2019-01-28,0.8786800832089777,14,13.142857142857142,0.0,7,5,13.914285714285718,0.0,12.846428571428572,0.0,-0.12933440293845347,-0.023745284559390734,1.4746031746031747,2.093650793650795,1.1904761904761916,0.0,0.0,0.0
완주군,2019-02-04,0.948222202059935,10,11.971428571428572,0.0,7,6,12.55714285714286,0.0,12.942857142857143,0.0,-0.05316641383366248,0.037674707942508906,-0.8793650793650798,0.297619047619051,0.8861111111111111,0.0,0.0,0.0
완주군,2019-02-11,0.8007381157043901,14,11.6,0.0,7,7,11.785714285714288,0.0,12.85,0.0,-0.2222213320586527,-0.08781930039471161,-1.1269841269841283,-1.0031746031746014,0.5452380952380942,0.0,0.0,0.0
완주군,2019-02-18,0.8622970124471722,11,13.771428571428572,0.0,7,8,12.68571428571429,0.0,12.621428571428572,0.0,-0.14815550566261887,-0.043675705860580255,0.11269841269841407,-0.5071428571428527,-0.10476190476190439,0.0,0.0,0.0
완주군,2019-02-25,0.8879553015440486,11,15.742857142857142,0.0,7,9,14.75714285714286,0.0,13.27142857142857,0.0,-0.11883387335591535,-0.043638402864495524,1.3841269841269828,0.7484126984127002,-0.12738095238095326,0.0,0.0,0.0
완주군,2019-03-04,0.9026470657582585,11,15.385714285714284,0.0,7,10,15.564285714285717,0.0,14.125,0.0,-0.10242364830185814,-0.036128723885381075,1.330158730158729,1.3571428571428594,0.42499999999999893,0.0,0.0,0.0
완주군,2019-03-11,0.8930938838233011,12,14.114285714285714,0.0,7,11,14.750000000000004,0.0,14.753571428571428,0.0,-0.1130635705709234,-0.03829682311852488,-0.17777777777777892,0.5761904761904795,0.6623015873015863,0.0,0.0,0.0
완주군,2019-03-18,0.9326667934590558,9,15.9,0.0,7,12,15.00714285714286,0.0,15.285714285714285,0.0,-0.0697072764787368,0.01909328044037037,0.5269841269841269,0.17460317460317576,0.7658730158730158,0.0,0.0,0.0
완주군,2019-03-25,0.8920882983363672,13,14.27142857142857,0.0,7,13,15.085714285714289,0.0,14.917857142857143,0.0,-0.114190162134901,-0.02913904810430483,-1.6825396825396837,-0.5777777777777757,-0.0007936507936499027,0.0,0.0,0.0
완주군,2019-04-01,0.9087355804587433,11,18.228571428571428,0.0,7,14,16.250000000000004,0.0,15.628571428571428,0.0,-0.09570111770597173,-0.02827488314488738,2.7269841269841244,0.5222222222222239,0.34841269841269806,0.0,0.0,0.0
완주군,2019-04-08,0.8595901046019212,11,13.87142857142857,0.0,7,15,16.050000000000004,0.0,15.567857142857143,0.0,-0.1512996259111238,-0.05697078809638692,-1.3920634920634924,0.6674603174603213,0.044841269841271014,0.0,0.0,0.0
완주군,2019-04-15,0.8820795880043611,14,14.871428571428572,0.0,7,16,14.371428571428574,0.0,15.310714285714285,0.0,-0.12547299121374458,-0.03252216893611294,-0.6603174603174597,-1.026190476190477,-0.2519841269841283,0.0,0.0,0.0
완주군,2019-04-22,0.9854499410012508,11,9.957142857142857,0.0,7,17,12.414285714285718,0.0,14.232142857142858,0.0,-0.01465694921349104,0.09436613695316678,-3.677777777777779,-2.169047619047616,-0.7507936507936517,0.0,0.0,0.0
완주군,2019-04-29,0.9654935132197148,12,16.3,0.0,7,18,13.128571428571433,0.0,13.75,0.0,-0.0351158957071218,0.049807490355379874,1.4793650793650812,-1.0992063492063462,-1.0626984126984134,0.0,0.0,0.0
완주군,2019-05-06,0.9607801798352408,12,19.214285714285715,0.0,7,19,17.75714285714286,0.0,15.085714285714287,0.0,-0.04000963724341914,0.025407969202779983,4.74920634920635,3.114285714285714,0.47261904761904994,0.0,0.0,0.0
완주군,2019-05-13,0.9310562946381497,13,15.085714285714287,0.0,7,20,17.150000000000002,0.0,15.139285714285716,0.0,-0.0714355366822574,0.003242667405295621,0.8666666666666671,2.8079365079365104,0.8543650793650812,0.0,0.0,0.0
완주군,2019-05-20,0.9714925595850616,11,17.785714285714285,0.0,7,21,16.435714285714287,0.0,17.096428571428575,0.0,-0.02892166888150322,0.08039876423746344,3.788888888888888,2.3277777777777775,2.7210317460317484,0.0,0.0,0.0
완주군,2019-05-27,0.9598404232864425,10,14.785714285714286,0.0,7,22,16.285714285714285,0.0,16.717857142857145,0.0,-0.04098823408057427,0.042712916944562876,1.0920634920634935,2.44047619047619,2.624206349206352,0.0,0.0,0.0
완주군,2019-06-03,0.8948016077219816,10,13.942857142857141,0.0,7,23,14.364285714285714,0.0,15.4,0.0,-0.11115325262886115,0.0003359027851770058,0.466666666666665,0.7793650793650766,1.5535714285714288,0.0,0.0,0.0
완주군,2019-06-10,0.8894469881951579,11,11.271428571428572,0.0,7,24,12.607142857142858,0.0,14.446428571428571,0.0,-0.11715537095953592,-0.018006385920543586,-1.2079365079365072,-0.370634920634922,1.0349206349206348,0.0,0.0,0.0
완주군,2019-06-17,0.9017525741408939,12,11.585714285714285,0.0,7,25,11.428571428571429,0.0,12.896428571428572,0.0,-0.10341510459663687,-0.030992973102828184,-0.07460317460317611,-0.6412698412698408,0.06904761904761969,0.0,0.0,0.0
완주군,2019-06-24,0.8551401406509592,13,9.22857142857143,0.0,7,26,10.407142857142858,0.0,11.507142857142858,0.0,-0.156489916282589,-0.044281563813693026,-0.6825396825396819,-0.3785714285714281,-0.3746031746031733,-0.1111111111111111,-0.1111111111111111,-0.1111111111111111
완주군,2019-07-01,0.8042894407484628,17,11.857142857142858,0.0,7,27,10.542857142857144,0.0,10.985714285714286,0.0,-0.21779607365703407,-0.1157170241375608,2.5777777777777793,0.9476190476190478,0.15317460317460352,-0.1111111111111111,-0.2222222222222222,-0.2222222222222222
완주군,2019-07-08,0.7696199979412615,15,8.585714285714285,0.0,7,28,10.221428571428572,0.0,10.314285714285715,0.0,-0.2618583951173292,-0.1473273477322355,-0.53015873015873,1.023809523809522,0.3226190476190478,0.0,-0.1111111111111111,-0.2222222222222222
완주군,2019-07-15,0.9326607555629484,15,8.071428571428571,0.0,7,29,8.32857142857143,0.0,9.435714285714287,0.0,-0.06971375029735447,0.014093876424799034,-1.0095238095238095,-0.7698412698412707,0.08888888888889035,-0.1111111111111111,-0.1111111111111111,-0.3333333333333333
완주군,2019-07-22,0.9740810593298892,14,6.8,0.0,7,30,7.435714285714285,0.0,8.82857142857143,0.0,-0.02626075567115154,0.09937068439964014,-2.9492063492063503,-1.9793650793650812,-0.4777777777777761,0.0,-0.1111111111111111,-0.2222222222222222
완주군,2019-07-29,0.9362099825939438,14,9.828571428571431,0.0,7,31,8.314285714285717,0.0,8.321428571428571,0.0,-0.06591548728693956,0.06494404472095867,-0.19841269841269593,-1.5738095238095227,-1.1718253968253975,-0.2222222222222222,-0.2222222222222222,-0.3333333333333333
완주군,2019-08-05,0.9299981261612715,17,10.157142857142858,0.0,7,32,9.992857142857144,0.0,8.714285714285715,0.0,-0.0725727077172185,0.025554801258753146,0.7555555555555564,0.27857142857142847,-0.8503968253968246,-0.6666666666666666,-0.8888888888888888,-1.0
완주군,2019-08-12,0.845441108508633,20,8.542857142857143,0.0,7,33,9.350000000000001,0.0,8.832142857142857,0.0,-0.16789676592728991,-0.03166685419835527,-1.5303571428571434,-0.21249999999999858,-0.8808035714285705,0.0,-0.375,-0.625
완주군,2019-08-19,0.8867012467949019,14,10.357142857142858,0.0,7,34,9.450000000000001,0.0,9.721428571428572,0.0,-0.12024716649036163,-0.030347889917232307,0.8303571428571441,-0.34999999999999964,0.0741071428571427,-0.25,-0.25,-0.875
완주군,2019-08-26,0.8190066048285392,13,8.628571428571428,0.0,7,35,9.492857142857144,0.0,9.42142857142857,0.0,-0.19966313065787475,-0.06139840743575964,-0.43571428571428505,0.19732142857142776,-0.00758928571428541,-0.125,-0.375,-0.75
완주군,2019-09-02,0.8834893473575691,14,6.8999999999999995,0.0,7,36,7.764285714285714,0.0,8.607142857142858,0.0,-0.12387604461531472,-0.007417597411779275,-3.1767857142857148,-1.8062500000000004,-1.078125,0.0,-0.125,-0.375
완주군,2019-09-09,0.9751185975336855,12,9.114285714285716,0.0,7,37,8.00714285714286,0.0,8.75,0.0,-0.025196176885564227,0.04814617055364046,-0.08928571428571352,-1.6330357142857128,-0.7178571428571416,0.0,0.0,-0.375
완주군,2019-09-16,0.8757354877837545,15,10.857142857142858,0.0,7,38,9.985714285714288,0.0,8.875,0.0,-0.13269118822796547,-0.030648386345089762,0.5303571428571434,0.22053571428571495,-0.7928571428571427,0.0,0.0,-0.125
완주군,2019-09-23,0.937251715162104,13,11.657142857142857,0.0,7,39,11.257142857142858,0.0,9.632142857142858,0.0,-0.0648033933735473,0.03820242938491149,0.026785714285713524,0.27857142857142847,-0.6772321428571413,0.0,0.0,0.0
완주군,2019-09-30,0.9182480655975203,14,7.985714285714287,0.0,7,40,9.821428571428573,0.0,9.90357142857143,0.0,-0.08528770090312515,0.010492284705373528,-2.2625,-1.117857142857142,-0.4486607142857135,0.0,0.0,0.0
완주군,2019-10-07,0.8697891114297884,16,13.071428571428571,0.0,7,41,10.528571428571428,0.0,10.892857142857142,0.0,-0.13950449737271065,-0.01677234951886139,1.3874999999999993,-0.4375000000000018,-0.07946428571428577,0.0,0.0,0.0
완주군,2019-10-14,0.9829375753564684,13,13.285714285714286,0.0,7,42,13.178571428571429,0.0,11.5,0.0,-0.017209665066638354,0.0783856855915799,0.5321428571428566,0.959821428571427,-0.07901785714285836,0.0,0.0,0.0
완주군,2019-10-21,0.8644406097472501,17,12.428571428571429,0.0,7,43,12.857142857142858,0.0,11.692857142857143,0.0,-0.14567267518079033,-0.030161307226833536,-0.7874999999999996,-0.12767857142857153,-0.28258928571428577,0.0,0.0,0.0
완주군,2019-10-28,0.9340396689834981,16,14.200000000000001,0.0,7,44,13.314285714285717,0.0,13.246428571428572,0.0,-0.06823636951013753,0.036325019996824234,0.17678571428571566,-0.305357142857142,0.3272321428571434,0.0,0.0,0.0
완주군,2019-11-04,0.8423950007098313,14,15.014285714285714,0.0,7,45,14.607142857142858,0.0,13.732142857142858,0.0,-0.17150625275995332,-0.034493037169445684,1.5660714285714281,0.8714285714285701,0.37187500000000107,0.0,0.0,0.0
완주군,2019-11-11,0.8097607001229281,16,12.442857142857141,0.0,7,46,13.728571428571428,0.0,13.52142857142857,0.0,-0.2110165069112696,-0.06182805112749945,-1.3553571428571445,0.10535714285714093,-0.09999999999999964,0.0,0.0,0.0
완주군,2019-11-18,0.9415272597939007,13,14.671428571428573,0.0,7,47,13.557142857142857,0.0,14.082142857142859,0.0,-0.0602519777258497,0.045464829448643385,1.2178571428571434,-0.06875000000000142,0.4013392857142879,0.0,0.0,0.0
완주군,2019-11-25,0.9418301334449087,12,12.685714285714285,0.0,7,48,13.67857142857143,0.0,13.70357142857143,0.0,-0.05993034609639237,0.06020157975111467,1.0964285714285715,1.1571428571428566,0.6312500000000014,0.0,0.0,0.0
완주군,2019-12-02,0.8386233875586727,14,12.12857142857143,0.0,7,49,12.407142857142858,0.0,12.982142857142856,0.0,-0.17599355582125206,-0.04884817066038988,0.04464285714285765,0.5705357142857146,0.2508928571428566,0.0,0.0,0.0
완주군,2019-12-09,0.7808700201397191,14,14.442857142857141,0.0,7,50,13.285714285714286,0.0,13.482142857142858,0.0,-0.2473465704709931,-0.09419357226400349,3.3446428571428566,1.6946428571428562,1.4258928571428573,0.0,0.0,0.0
완주군,2019-12-16,0.8430825402577472,14,10.7,0.0,7,51,12.571428571428571,0.0,12.489285714285714,0.0,-0.17069041324938186,-0.02490449242052631,-0.31428571428571495,1.515178571428569,1.0428571428571427,0.0,0.0,0.0
완주군,2019-12-23,0.8548077087393354,13,11.671428571428573,0.0,7,52,11.185714285714287,0.0,12.235714285714286,0.0,-0.15687873739889432,-0.037846235033161216,0.8803571428571431,0.28303571428571317,0.9888392857142865,0.0,0.0,0.0
완주군,2019-12-30,0.9767604043671742,15,11.657142857142857,0.0,7,1,11.664285714285715,0.0,12.117857142857144,0.0,-0.023513893076892334,0.06667994377822059,-0.45892857142857224,0.24374999999999858,0.8758928571428584,0.0,0.0,0.0
완주군,2020-01-06,0.9497741176919945,13,9.771428571428572,0.0,7,2,10.714285714285715,0.0,10.95,0.0,-0.05153109351005292,0.041854454477986774,-1.7214285714285715,-1.0901785714285719,-0.444642857142858,0.0,0.0,0.0
완주군,2020-01-13,0.990913623898115,17,10.685714285714285,0.0,7,3,10.22857142857143,0.0,10.946428571428571,0.0,-0.009127908997656519,0.08852554758862279,-1.2035714285714292,-1.4625000000000004,-0.609375,0.0,0.0,0.0
완주군,2020-01-20,0.9837854936374322,15,12.3,0.0,7,4,11.492857142857144,0.0,11.103571428571428,0.0,-0.016347399964990666,0.0740959237191433,0.3269841269841276,-0.3611111111111107,-0.6269841269841283,0.0,0.0,0.0
완주군,2020-01-27,0.8739648510550884,16,9.271428571428572,0.0,7,5,10.785714285714288,0.0,10.507142857142856,0.0,-0.13471512031940341,-0.02912600194034068,-2.3968253968253954,-1.0349206349206348,-1.1488095238095237,0.0,0.0,0.0
완주군,2020-02-03,0.8427588504633401,12,12.771428571428572,0.0,7,6,11.021428571428572,0.0,11.257142857142856,0.0,-0.17107442303840048,-0.08023330126222909,-0.07936507936507908,-1.2380952380952372,-0.7996031746031758,0.0,0.0,0.0
완주군,2020-02-10,0.8572546605698045,13,12.385714285714286,0.0,7,7,12.57857142857143,0.0,11.682142857142857,0.0,-0.1540202510020288,-0.019618219338087717,-0.34126984126984183,-0.21031746031746046,-0.6226190476190485,0.0,0.0,0.0
완주군,2020-02-17,0.9036167168836244,11,12.771428571428572,0.0,7,8,12.57857142857143,0.0,11.8,0.0,-0.10134999424553481,0.0031298055565038008,-0.8873015873015859,-0.6142857142857139,-0.9261904761904756,0.0,0.0,0.0
완주군,2020-02-24,0.8619790602199678,12,10.700000000000001,0.0,7,9,11.735714285714288,0.0,12.157142857142858,0.0,-0.14852430070170586,-0.07332883021028604,-3.658730158730158,-2.273015873015872,-1.2416666666666654,0.0,0.0,0.0
완주군,2020-03-02,0.8963307284428973,12,14.457142857142856,0.0,7,10,12.57857142857143,0.0,12.57857142857143,0.0,-0.1094458175482335,-0.043150893131756435,0.40158730158730016,-1.6285714285714281,-1.1214285714285719,0.0,0.0,0.0
완주군,2020-03-09,0.8821951113027077,13,14.542857142857143,0.0,7,11,14.5,0.0,13.117857142857144,0.0,-0.12534203281077366,-0.05057528535837515,0.2507936507936499,0.3261904761904759,-0.9734126984126981,0.0,0.0,0.0
완주군,2020-03-16,0.8628465107992511,12,17.285714285714285,0.0,7,12,15.914285714285715,0.0,14.246428571428572,0.0,-0.14751845910590294,-0.058717902186795776,1.9126984126984112,1.0817460317460306,-0.273412698412697,0.0,0.0,0.0
완주군,2020-03-23,0.88248990799092,13,15.114285714285714,0.0,7,13,16.2,0.0,15.35,0.0,-0.12500792594441335,-0.03995681191381717,-0.8396825396825403,0.5365079365079346,0.43134920634920704,0.0,0.0,0.0
완주군,2020-03-30,0.9728215455236322,14,17.2,0.0,7,14,16.15714285714286,0.0,16.035714285714285,0.0,-0.027554620067683958,0.03987161449340039,1.698412698412696,0.42936507936507873,0.7555555555555546,0.0,0.0,0.0
완주군,2020-04-06,0.937074429791328,13,16.057142857142857,0.0,7,15,16.628571428571426,0.0,16.414285714285715,0.0,-0.06499256575614681,0.029336272058590074,0.7936507936507944,1.2460317460317434,0.8912698412698425,0.0,0.0,0.0
완주군,2020-04-13,0.8768554460332557,15,15.485714285714284,0.0,7,16,15.77142857142857,0.0,15.964285714285714,0.0,-0.1314131279797471,-0.038462305702115465,-0.046031746031747645,0.3738095238095198,0.40158730158730016,0.0,0.0,0.0
완주군,2020-04-20,0.8181124177594584,14,14.028571428571428,0.0,7,17,14.757142857142856,0.0,15.692857142857143,0.0,-0.2007555217982428,-0.09173243563158497,0.39365079365079225,0.1738095238095223,0.7099206349206337,0.0,0.0,0.0
완주군,2020-04-27,0.9582445432396554,16,16.67142857142857,0.0,7,18,15.35,0.0,15.560714285714283,0.0,-0.042652269243655186,0.04227111681884649,1.8507936507936513,1.12222222222222,0.7480158730158699,0.0,0.0,0.0
완주군,2020-05-04,0.9727195751956633,17,13.485714285714284,0.0,7,19,15.078571428571427,0.0,14.917857142857143,0.0,-0.027659444712073437,0.03775816173412569,-0.9793650793650812,0.4357142857142815,0.30476190476190546,0.0,0.0,0.0
완주군,2020-05-11,0.8888429083914728,13,11.700000000000001,0.0,7,20,12.592857142857142,0.0,13.971428571428572,0.0,-0.11783476505391872,-0.043156560966365706,-2.519047619047619,-1.74920634920635,-0.31349206349206327,0.0,0.0,0.0
완주군,2020-05-18,0.8993393426702556,13,12.214285714285714,0.0,7,21,11.957142857142857,0.0,13.517857142857142,0.0,-0.1060948489142225,0.0032255842047441557,-1.7825396825396833,-2.150793650793652,-0.8575396825396844,0.0,0.0,0.0
완주군,2020-05-25,0.9787924858330066,15,12.442857142857141,0.0,7,22,12.328571428571427,0.0,12.460714285714284,0.0,-0.021435624360735667,0.06226552666440148,-1.2507936507936517,-1.5166666666666675,-1.6329365079365097,0.0,0.0,0.0
완주군,2020-06-01,0.8892920229507799,15,12.5,0.0,7,23,12.471428571428572,0.0,12.214285714285714,0.0,-0.11732961264850657,-0.00584045723446841,-0.9761904761904763,-1.1134920634920658,-1.632142857142858,0.0,0.0,0.0
완주군,2020-06-08,0.8272233241006902,18,11.685714285714287,0.0,7,24,12.092857142857143,0.0,12.210714285714285,0.0,-0.1896805791788089,-0.09053159413981657,-0.7936507936507926,-0.8849206349206362,-1.200793650793651,0.0,0.0,0.0
완주군,2020-06-15,0.9262177496584815,15,10.757142857142858,0.0,7,25,11.221428571428572,0.0,11.846428571428572,0.0,-0.07664592116048353,-0.004223789666674846,-0.9031746031746035,-0.8484126984126981,-0.980952380952381,0.0,0.0,0.0
완주군,2020-06-22,0.9025173943449452,21,9.700000000000001,0.0,7,26,10.22857142857143,0.0,11.160714285714286,0.0,-0.10256731544842822,0.009641037020467744,-0.21111111111111036,-0.5571428571428569,-0.7210317460317448,-0.1111111111111111,-0.1111111111111111,-0.1111111111111111
완주군,2020-06-29,0.8513387654399142,17,7.728571428571429,0.0,7,27,8.714285714285715,0.0,9.967857142857143,0.0,-0.16094515037344276,-0.05886610085396948,-1.5507936507936497,-0.8809523809523814,-0.8646825396825388,-0.1111111111111111,-0.2222222222222222,-0.2222222222222222
완주군,2020-07-06,0.8650484381605582,16,8.685714285714285,0.0,7,28,8.207142857142856,0.0,9.217857142857142,0.0,-0.14496977574460243,-0.0304387283595087,-0.4301587301587304,-0.9904761904761941,-0.7738095238095255,0.0,-0.1111111111111111,-0.2222222222222222
완주군,2020-07-13,0.834455468310805,19,8.0,0.0,7,29,8.342857142857142,0.0,8.528571428571428,0.0,-0.1809759006225081,-0.0971682739003546,-1.0809523809523807,-0.7555555555555582,-0.818253968253968,-0.1111111111111111,-0.1111111111111111,-0.3333333333333333
완주군,2020-07-20,0.8462339822063095,21,5.857142857142857,0.0,7,30,6.928571428571427,0.0,7.567857142857142,0.0,-0.16695938290369902,-0.04132794283290733,-3.8920634920634933,-2.486507936507939,-1.738492063492063,0.0,-0.1111111111111111,-0.2222222222222222
완주군,2020-07-27,0.8005608482493325,15,6.257142857142857,0.0,7,31,6.057142857142856,0.0,7.199999999999999,0.0,-0.22244273663053113,-0.09158320462263289,-3.7698412698412698,-3.8309523809523833,-2.2932539682539694,-0.2222222222222222,-0.2222222222222222,-0.3333333333333333
완주군,2020-08-03,0.8315269545661346,17,6.171428571428572,0.0,7,32,6.2142857142857135,0.0,6.571428571428571,0.0,-0.1844915640782543,-0.08636405510228265,-3.2301587301587302,-3.5000000000000018,-2.9932539682539687,-0.6666666666666666,-0.8888888888888888,-1.0
완주군,2020-08-10,0.8559281700224052,18,8.214285714285714,0.0,7,33,7.192857142857141,0.0,6.625,0.0,-0.15556881988655938,-0.019338908157624735,-1.8589285714285726,-2.3696428571428587,-3.0879464285714278,0.0,-0.375,-0.625
완주군,2020-08-17,1.0031993684173677,17,10.814285714285713,0.0,7,34,9.514285714285712,0.0,7.864285714285714,0.0,0.003194261328306342,0.09309353790143567,1.2874999999999996,-0.28571428571428825,-1.783035714285715,-0.25,-0.25,-0.875
완주군,2020-08-24,0.925169166393106,17,9.27142857142857,1.0,7,35,10.042857142857141,1.0,8.617857142857142,1.0,-0.07777867560355198,0.06048604761856313,0.2071428571428573,0.7473214285714249,-0.8111607142857142,0.875,0.625,0.25
완주군,2020-08-31,0.7828909889882549,16,7.942857142857143,0.0,7,36,8.607142857142856,1.0,9.060714285714285,1.0,-0.24476181492087154,-0.12830336771733608,-2.133928571428571,-0.9633928571428587,-0.6245535714285726,0.0,0.875,0.625
완주군,2020-09-07,0.9005887885799899,14,7.728571428571428,0.0,7,37,7.8357142857142845,0.0,8.939285714285713,1.0,-0.10470652002627495,-0.03136417258707026,-1.4750000000000014,-1.804464285714288,-0.5285714285714285,0.0,0.0,0.625
완주군,2020-09-14,0.9116891345806027,14,9.700000000000001,0.0,7,38,8.714285714285714,0.0,8.660714285714285,1.0,-0.09245620821967032,0.009586593663205384,-0.6267857142857132,-1.050892857142859,-1.007142857142858,0.0,0.0,0.875
완주군,2020-09-21,0.8867993198144496,15,12.428571428571429,0.0,7,39,11.064285714285713,0.0,9.45,0.0,-0.12013656825149538,-0.017130745493036587,0.7982142857142858,0.08571428571428363,-0.859375,0.0,0.0,0.0
완주군,2020-09-28,0.9066144192263703,14,11.271428571428572,0.0,7,40,11.85,0.0,10.282142857142857,0.0,-0.09803803587390504,-0.002258050265406361,1.0232142857142854,0.9107142857142847,-0.07008928571428719,0.0,0.0,0.0
완주군,2020-10-05,0.8624537057105958,14,13.657142857142858,0.0,7,41,12.464285714285715,0.0,11.764285714285714,0.0,-0.14797380605559152,-0.025241658201742262,1.9732142857142865,1.498214285714285,0.7919642857142861,0.0,0.0,0.0
완주군,2020-10-12,0.8933308528002575,13,13.414285714285715,0.0,7,42,13.535714285714285,0.0,12.692857142857145,0.0,-0.11279827086532915,-0.01720292020711088,0.6607142857142847,1.316964285714283,1.1138392857142865,0.0,0.0,0.0
완주군,2020-10-19,0.8772184767715006,17,14.814285714285715,0.0,7,43,14.114285714285714,0.0,13.289285714285715,0.0,-0.13099919930922935,-0.015487831355272555,1.5982142857142865,1.1294642857142847,1.3138392857142858,0.0,0.0,0.0
완주군,2020-10-26,0.846190368693744,12,15.028571428571428,0.0,7,44,14.92142857142857,0.0,14.22857142857143,0.0,-0.16701092259296432,-0.062449533086002554,1.005357142857143,1.301785714285712,1.309375000000001,0.0,0.0,0.0
완주군,2020-11-02,0.9069015898844431,12,14.271428571428572,0.0,7,45,14.649999999999999,0.0,14.382142857142858,0.0,-0.09772133543229838,0.03929188015820925,0.8232142857142861,0.914285714285711,1.0218750000000014,0.0,0.0,0.0
완주군,2020-11-09,0.9629692802756875,15,16.757142857142856,0.0,7,46,15.514285714285714,0.0,15.217857142857142,0.0,-0.03773376771807473,0.11145468806569542,2.9589285714285705,1.8910714285714274,1.5964285714285715,0.0,0.0,0.0
완주군,2020-11-16,0.9448363536951575,12,11.62857142857143,0.0,7,47,14.192857142857143,0.0,14.42142857142857,0.0,-0.05674353717712501,0.04897326999736807,-1.8249999999999993,0.5669642857142847,0.7406249999999996,0.0,0.0,0.0
완주군,2020-11-23,0.8696234826855646,14,10.657142857142857,0.0,7,48,11.142857142857142,0.0,13.32857142857143,0.0,-0.1396949395315001,-0.019563013683993075,-0.9321428571428569,-1.3785714285714317,0.2562500000000014,0.0,0.0,0.0
완주군,2020-11-30,0.9187799759556201,12,12.799999999999999,0.0,7,49,11.728571428571428,0.0,12.960714285714285,0.0,-0.08470860209686516,0.04243678306399702,0.7160714285714267,-0.10803571428571601,0.22946428571428612,0.0,0.0,0.0
완주군,2020-12-07,0.8354353145326768,11,11.714285714285714,0.0,7,50,12.257142857142856,0.0,11.700000000000001,0.0,-0.17980235520936702,-0.026649357002377416,0.6160714285714288,0.666071428571426,-0.3562499999999993,0.0,0.0,0.0
완주군,2020-12-14,0.8374756476960385,13,9.985714285714286,0.0,7,51,10.85,0.0,11.289285714285715,0.0,-0.17736309308353512,-0.03157717225467957,-1.0285714285714285,-0.2062500000000025,-0.15714285714285658,0.0,0.0,0.0
완주군,2020-12-21,0.8674293759412501,12,11.828571428571427,0.0,7,52,10.907142857142857,0.0,11.582142857142856,0.0,-0.14222118149391147,-0.02318867912817836,1.0374999999999979,0.004464285714282923,0.33526785714285623,0.0,0.0,0.0
완주군,2020-12-28,0.8750727393842718,12,11.299999999999999,0.0,7,53,11.564285714285713,0.0,11.207142857142856,0.0,-0.13344826535480783,0.0,0.0,0.0,0.0,0.0,0.0,0.0
완주군,2021-01-04,0.87956267392376,14,13.614285714285714,0.0,7,1,12.457142857142856,0.0,11.682142857142857,0.0,-0.12833045648642608,-0.03813661963131315,1.498214285714285,1.0366071428571395,0.44017857142857153,0.0,0.0,0.0
완주군,2021-01-11,0.9480255853057519,12,12.285714285714286,0.0,7,2,12.95,0.0,12.257142857142858,0.0,-0.05337378837215663,0.04001175961588306,0.7928571428571427,1.145535714285712,0.8625000000000007,0.0,0.0,0.0
완주군,2021-01-18,0.953066942783373,14,11.285714285714286,0.0,7,3,11.785714285714286,0.0,12.121428571428572,0.0,-0.048070133531177506,0.0495833230551018,-0.6035714285714278,0.09464285714285658,0.5656250000000007,0.0,0.0,0.0
완주군,2021-01-25,0.908802504486001,14,12.257142857142856,0.0,7,4,11.771428571428572,0.0,12.360714285714284,0.0,-0.09562747520258506,-0.0051841515184510994,0.2841269841269831,-0.08253968253968225,0.6301587301587279,0.0,0.0,0.0
완주군,2021-02-01,0.9108267582642997,16,11.828571428571427,0.0,7,5,12.042857142857141,0.0,11.914285714285713,0.0,-0.09340256636562697,0.01218655201343577,0.16031746031745975,0.22222222222221788,0.25833333333333286,0.0,0.0,0.0
완주군,2021-02-08,0.861383817351402,13,16.114285714285714,0.0,7,6,13.97142857142857,0.0,12.87142857142857,0.0,-0.14921509298925378,-0.058373971213082396,3.2634920634920626,1.7119047619047603,0.8146825396825381,0.0,0.0,0.0
완주군,2021-02-15,0.8525200262131665,17,13.200000000000001,0.0,7,7,14.657142857142858,0.0,13.35,0.0,-0.1595585789412386,-0.02515654727729752,0.4730158730158731,1.8682539682539687,1.0452380952380942,0.0,0.0,0.0
완주군,2021-02-22,0.8824047051540939,16,14.314285714285715,0.0,7,8,13.757142857142858,0.0,13.864285714285714,0.0,-0.1251044788334728,-0.020624679031434195,0.6555555555555568,0.564285714285715,1.1380952380952376,0.0,0.0,0.0
완주군,2021-03-01,0.8384114732327665,14,12.342857142857142,0.0,7,9,13.32857142857143,0.0,13.992857142857144,0.0,-0.17624628083250685,-0.10105081034108702,-2.0158730158730176,-0.6801587301587304,0.59404761904762,0.0,0.0,0.0
완주군,2021-03-08,0.8857373808279366,15,14.814285714285715,0.0,7,10,13.57857142857143,0.0,13.667857142857143,0.0,-0.12133478221590213,-0.055039857799425065,0.7587301587301596,-0.6285714285714281,-0.03214285714285836,0.0,0.0,0.0
완주군,2021-03-15,0.9275723005335949,14,14.4,0.0,7,11,14.607142857142858,0.0,13.967857142857142,0.0,-0.07518453548086641,-0.000417788028467897,0.10793650793650755,0.43333333333333357,-0.1234126984127002,0.0,0.0,0.0
완주군,2021-03-22,0.8662781690802909,11,16.614285714285714,0.0,7,12,15.507142857142856,0.0,14.542857142857141,0.0,-0.1435492105879302,-0.05474865366882302,1.2412698412698404,0.6746031746031722,0.023015873015872046,0.0,0.0,0.0
완주군,2021-03-29,0.8499176900787637,16,13.0,0.0,7,13,14.807142857142857,0.0,14.707142857142856,0.0,-0.1626157693880602,-0.07756465535746401,-2.953968253968254,-0.8563492063492077,-0.2115079365079371,0.0,0.0,0.0
완주군,2021-04-05,0.8131464257834691,18,17.857142857142858,0.0,7,14,15.428571428571429,0.0,15.467857142857143,0.0,-0.20684408013665542,-0.13941784557557108,2.3555555555555543,-0.2992063492063508,0.18769841269841336,0.0,0.0,0.0
완주군,2021-04-12,0.8757021943672091,15,13.257142857142856,0.0,7,15,15.557142857142857,0.0,15.182142857142857,0.0,-0.1327292066135338,-0.03840036879879691,-2.0063492063492063,0.17460317460317398,-0.3408730158730151,0.0,0.0,0.0
완주군,2021-04-19,0.9645802258291905,16,17.857142857142858,0.0,7,16,15.557142857142857,0.0,15.492857142857144,0.0,-0.036062271423459046,0.0568885508541726,2.325396825396826,0.1595238095238063,-0.0698412698412696,0.0,0.0,0.0
완주군,2021-04-26,0.8645586806793552,14,10.014285714285714,0.0,7,17,13.935714285714287,0.0,14.746428571428572,0.0,-0.14553609799080267,-0.036513011824144834,-3.620634920634922,-0.6476190476190471,-0.23650793650793744,0.0,0.0,0.0
완주군,2021-05-03,0.8883729381266054,18,15.685714285714285,0.0,7,18,12.85,0.0,14.20357142857143,0.0,-0.11836364878713895,-0.03344026272463728,0.8650793650793656,-1.37777777777778,-0.6091269841269842,0.0,0.0,0.0
완주군,2021-05-10,0.8880367668202428,19,12.342857142857143,0.0,7,19,14.014285714285714,0.0,13.975000000000001,0.0,-0.11874213277024212,-0.053324526324043,-2.122222222222222,-0.6285714285714317,-0.6380952380952358,0.0,0.0,0.0
완주군,2021-05-17,0.9837697127834275,18,9.285714285714286,0.0,7,20,10.814285714285715,0.0,11.832142857142857,0.0,-0.016363441043740077,0.058314763043812945,-4.933333333333334,-3.527777777777777,-2.4527777777777775,0.0,0.0,0.0
완주군,2021-05-24,0.8888386997115658,19,13.1,0.0,7,21,11.192857142857143,0.0,12.60357142857143,0.0,-0.11783950007495719,-0.008519066955990542,-0.8968253968253972,-2.9150793650793663,-1.7718253968253972,0.0,0.0,0.0
완주군,2021-05-31,0.9350396618242434,14,12.985714285714286,0.0,7,22,13.042857142857143,0.0,11.928571428571427,0.0,-0.0671663315297512,0.016534819495385947,-0.7079365079365072,-0.8023809523809522,-2.1650793650793663,0.0,0.0,0.0
완주군,2021-06-07,0.9080199547852564,13,13.157142857142858,0.0,7,23,13.071428571428573,0.0,12.132142857142856,0.0,-0.09648892398658152,0.015000231427456642,-0.3190476190476179,-0.5134920634920643,-1.7142857142857153,0.0,0.0,0.0
완주군,2021-06-14,0.9840505119464322,13,8.828571428571427,0.0,7,24,10.992857142857144,0.0,12.017857142857142,0.0,-0.016078049968496762,0.08307093507049557,-3.650793650793652,-1.9849206349206359,-1.393650793650794,0.0,0.0,0.0
완주군,2021-06-21,0.8567686593434524,15,11.528571428571428,0.0,7,25,10.178571428571427,0.0,11.625,0.0,-0.15458733924841403,-0.08216520775460534,-0.13174603174603305,-1.8912698412698425,-1.2023809523809526,0.0,0.0,0.0
완주군,2021-06-28,0.822677946199163,15,10.085714285714287,0.0,7,26,10.807142857142857,0.0,10.900000000000002,0.0,-0.19519047177994736,-0.0829821193110514,0.17460317460317576,0.021428571428570464,-0.9817460317460291,-0.1111111111111111,-0.1111111111111111,-0.1111111111111111
완주군,2021-07-05,0.938514961277832,13,7.242857142857143,0.0,7,27,8.664285714285715,0.0,9.42142857142857,0.0,-0.06345648139075821,0.03862256812871506,-2.0365079365079355,-0.9309523809523821,-1.4111111111111114,-0.1111111111111111,-0.2222222222222222,-0.2222222222222222
완주군,2021-07-12,0.9118708655467692,12,12.114285714285716,0.0,7,28,9.67857142857143,0.0,10.242857142857144,0.0,-0.09225689372850425,0.022274153656589482,2.9984126984127,0.480952380952381,0.25119047619047663,0.0,-0.1111111111111111,-0.2222222222222222
완주군,2021-07-19,0.9449891384240168,14,12.342857142857142,0.0,7,29,12.228571428571428,0.0,10.446428571428573,0.0,-0.056581845285646915,0.027225781436506585,3.261904761904761,3.130158730158728,1.0996031746031765,-0.1111111111111111,-0.1111111111111111,-0.3333333333333333
완주군,2021-07-26,0.8512484545039543,14,12.771428571428572,0.0,7,30,12.557142857142857,0.0,11.117857142857144,0.0,-0.1610512370807629,-0.03541979700997122,3.022222222222222,3.1420634920634907,1.8115079365079385,0.0,-0.1111111111111111,-0.2222222222222222
완주군,2021-08-02,0.8195036077039562,12,9.6,0.0,7,31,11.185714285714287,0.0,11.707142857142857,0.0,-0.19905647848462835,-0.06819694647673011,-0.42698412698412724,1.2976190476190474,2.2138888888888886,-0.2222222222222222,-0.2222222222222222,-0.3333333333333333
완주군,2021-08-09,0.8720229205568534,11,10.657142857142858,0.0,7,32,10.12857142857143,0.0,11.342857142857142,0.0,-0.13693957037634005,-0.038812061400368414,1.2555555555555564,0.4142857142857146,1.7781746031746017,-0.6666666666666666,-0.8888888888888888,-1.0
완주군,2021-08-16,0.8790298655556351,15,9.214285714285714,0.0,7,33,9.935714285714287,0.0,10.560714285714285,0.0,-0.1289364051328196,0.007293506596115051,-0.8589285714285726,0.37321428571428683,0.8477678571428573,0.0,-0.375,-0.625
완주군,2021-08-23,0.8681644146556227,15,6.457142857142857,0.0,7,34,7.835714285714286,0.0,8.982142857142858,0.0,-0.14137416445305756,-0.05147488787992824,-3.0696428571428562,-1.9642857142857144,-0.6651785714285712,-0.25,-0.25,-0.875
완주군,2021-08-30,0.8258222288382978,14,8.499999999999998,0.0,7,35,7.478571428571429,0.0,8.707142857142856,0.0,-0.19137574794825585,-0.05311102472614074,-0.564285714285715,-1.8169642857142874,-0.7218750000000007,-0.125,-0.375,-0.75
완주군,2021-09-06,0.9494169369713487,13,9.285714285714286,0.0,7,36,8.892857142857142,0.0,8.364285714285714,0.0,-0.05190723336599842,0.06455121383753702,-0.7910714285714278,-0.6776785714285722,-1.3209821428571438,0.0,-0.125,-0.375
완주군,2021-09-13,0.8612518030751671,14,10.557142857142859,0.0,7,37,9.921428571428574,0.0,8.7,0.0,-0.14936836310038806,-0.07602601566118337,1.3535714285714295,0.2812500000000018,-0.7678571428571423,0.0,0.0,-0.375
완주군,2021-09-20,0.9156544450378432,9,11.157142857142857,0.0,7,38,10.857142857142858,0.0,9.875,0.0,-0.08811622889067007,0.013926572992205635,0.8303571428571423,1.091964285714285,0.2071428571428573,0.0,0.0,-0.125
완주군,2021-09-27,0.845453367764421,16,10.585714285714285,0.0,7,39,10.871428571428572,0.0,10.396428571428572,0.0,-0.1678822656069443,-0.06487644284848551,-1.0446428571428577,-0.10714285714285765,0.08705357142857295,0.0,0.0,0.0
완주군,2021-10-04,0.8418750455453653,12,10.928571428571429,0.0,7,40,10.757142857142858,0.0,10.807142857142857,0.0,-0.17212367771759585,-0.07634369210909717,0.680357142857142,-0.18214285714285694,0.45491071428571317,0.0,0.0,0.0
완주군,2021-10-11,0.8965437632510598,14,8.62857142857143,0.0,7,41,9.77857142857143,0.0,10.325,0.0,-0.10920817145515556,0.013523976398693696,-3.055357142857142,-1.1875,-0.6473214285714288,0.0,0.0,0.0
완주군,2021-10-18,0.8721041072883695,12,14.5,0.0,7,42,11.564285714285717,0.0,11.160714285714286,0.0,-0.13684647310730103,-0.04125112244908276,1.74642857142857,-0.654464285714285,-0.4183035714285719,0.0,0.0,0.0
완주군,2021-10-25,0.845834462071478,12,14.314285714285713,0.0,7,43,14.407142857142858,0.0,12.092857142857142,0.0,-0.16743160983235184,-0.05192024187839504,1.0982142857142847,1.4223214285714292,0.11741071428571281,0.0,0.0,0.0
완주군,2021-11-01,0.9128288821829745,16,14.757142857142856,0.0,7,44,14.535714285714285,0.0,13.049999999999999,0.0,-0.09120683963009808,0.013354549876863686,0.7339285714285708,0.916071428571426,0.13080357142857046,0.0,0.0,0.0
완주군,2021-11-08,0.8543427964764988,12,8.528571428571428,0.0,7,45,11.642857142857142,0.0,13.024999999999999,0.0,-0.15742276470706218,-0.020409549116554543,-4.919642857142858,-2.092857142857145,-0.335267857142858,0.0,0.0,0.0
완주군,2021-11-15,0.7893471922501629,13,13.242857142857144,0.0,7,46,10.885714285714286,0.0,12.710714285714285,0.0,-0.2365490140511241,-0.08736055826735395,-0.555357142857142,-2.7375000000000007,-0.9107142857142847,0.0,0.0,0.0
완주군,2021-11-22,0.8679778719188694,17,12.457142857142857,0.0,7,47,12.850000000000001,0.0,12.24642857142857,0.0,-0.14158905782776954,-0.035872250653276455,-0.9964285714285719,-0.7758928571428569,-1.434375000000001,0.0,0.0,0.0
완주군,2021-11-29,0.8219594556282065,14,12.171428571428573,0.0,7,48,12.314285714285717,0.0,11.600000000000001,0.0,-0.19606420919570502,-0.07593228334819799,0.5821428571428591,-0.2071428571428573,-1.4723214285714263,0.0,0.0,0.0
완주군,2021-12-06,0.8291729986422309,16,13.0,0.0,7,49,12.585714285714287,0.0,12.717857142857145,0.0,-0.1873264620932129,-0.060181076932350724,0.9160714285714278,0.7491071428571434,-0.013392857142854098,0.0,0.0,0.0
완주군,2021-12-13,0.784845183953119,16,11.642857142857142,0.0,7,50,12.321428571428573,0.0,12.317857142857143,0.0,-0.24226879854385075,-0.08911580033686115,0.5446428571428577,0.7303571428571427,0.2616071428571427,0.0,0.0,0.0
완주군,2021-12-20,0.8123791052927598,16,12.742857142857144,0.0,7,51,12.192857142857143,0.0,12.389285714285716,0.0,-0.2077881693349275,-0.062002248506071944,1.7285714285714295,1.136607142857141,0.9428571428571448,0.0,0.0,0.0
완주군,2021-12-27,0.888322691394237,16,11.557142857142859,0.0,7,52,12.150000000000002,0.0,12.235714285714286,0.0,-0.11842021079083496,0.0006122915748981439,0.7660714285714292,1.2473214285714285,0.9888392857142865,0.0,0.0,0.0
완주군,2022-01-03,0.9679183862806572,16,13.614285714285714,0.0,7,1,12.585714285714287,0.0,12.389285714285716,0.0,-0.03260750695352663,0.0575863299015863,1.498214285714285,1.1651785714285712,1.1473214285714306,0.0,0.0,0.0
완주군,2022-01-10,0.8464597063758774,14,12.057142857142859,0.0,7,2,12.835714285714287,0.0,12.492857142857144,0.0,-0.16669267880663943,-0.07330713081859974,0.564285714285715,1.03125,1.0982142857142865,0.0,0.0,0.0
완주군,2022-01-17,0.8850854269935866,16,14.257142857142856,0.0,7,3,13.157142857142858,0.0,12.87142857142857,0.0,-0.12207111095633486,-0.024417654370055553,2.367857142857142,1.4660714285714285,1.315624999999999,0.0,0.0,0.0
완주군,2022-01-24,0.8525015408460025,17,11.471428571428572,0.0,7,4,12.864285714285714,0.0,12.85,0.0,-0.15958026238210743,-0.06913693869797347,-0.5015873015873016,1.0103174603174594,1.1194444444444436,0.0,0.0,0.0
완주군,2022-01-31,0.8357389990851567,17,11.328571428571427,0.0,7,5,11.4,0.0,12.278571428571428,0.0,-0.17943891669388964,-0.07384979831482691,-0.33968253968254025,-0.4206349206349227,0.6226190476190485,0.0,0.0,0.0
완주군,2022-02-07,0.9395916888439663,15,15.342857142857143,0.0,7,6,13.335714285714285,0.0,13.1,0.0,-0.062309871655863554,0.028531250120307834,2.492063492063492,1.076190476190476,1.0432539682539677,0.0,0.0,0.0
완주군,2022-02-14,0.8848553129825851,13,12.885714285714286,0.0,7,7,14.114285714285716,0.0,12.757142857142856,0.0,-0.1223311354951238,0.012070896168817277,0.15873015873015817,1.325396825396826,0.4523809523809508,0.0,0.0,0.0
완주군,2022-02-21,0.8784017656751506,12,15.700000000000001,0.0,7,8,14.292857142857144,0.0,13.814285714285715,0.0,-0.1296511981251222,-0.0251713983230836,2.041269841269843,1.1000000000000014,1.0880952380952387,0.0,0.0,0.0
완주군,2022-02-28,0.9545788583813591,12,15.728571428571428,0.0,7,9,15.714285714285715,0.0,14.914285714285715,0.0,-0.04648502175242871,0.02871044873899111,1.3698412698412685,1.7055555555555557,1.5154761904761909,0.0,0.0,0.0
완주군,2022-03-07,0.951033700635658,13,16.285714285714285,0.0,7,10,16.007142857142856,0.0,15.15,0.0,-0.05020578001345917,0.016089144403017897,2.2301587301587293,1.799999999999999,1.4499999999999993,0.0,0.0,0.0
완주군,2022-03-14,0.8690652839646337,15,10.37142857142857,0.0,7,11,13.328571428571427,0.0,14.521428571428572,0.0,-0.1403370311476831,-0.06557028369528457,-3.9206349206349227,-0.8452380952380967,0.4301587301587304,0.0,0.0,0.0
완주군,2022-03-21,0.855025695200591,13,14.599999999999998,0.0,7,12,12.485714285714284,0.0,14.24642857142857,0.0,-0.15662375763076686,-0.06782320071165969,-0.7730158730158756,-2.3468253968254,-0.2734126984126988,0.0,0.0,0.0
완주군,2022-03-28,0.8962414002265819,13,16.142857142857142,0.0,7,13,15.37142857142857,0.0,14.349999999999998,0.0,-0.10954548239849043,-0.02449436836789426,0.18888888888888822,-0.2920634920634946,-0.5686507936507947,0.0,0.0,0.0
완주군,2022-04-04,0.9867135145964153,14,19.62857142857143,0.0,7,14,17.885714285714286,0.0,15.185714285714285,0.0,-0.013375540449447765,0.054050694111636585,4.1269841269841265,2.1579365079365065,-0.094444444444445,0.0,0.0,0.0
완주군,2022-04-11,0.9537563758971194,14,14.857142857142858,0.0,7,15,17.242857142857144,0.0,16.307142857142857,0.0,-0.04734701132364563,0.046981826491091255,-0.4063492063492049,1.8603174603174608,0.7841269841269849,0.0,0.0,0.0
완주군,2022-04-18,0.8683358878482865,14,17.385714285714286,0.0,7,16,16.121428571428574,0.0,17.00357142857143,0.0,-0.1411766716072758,-0.048225849329644147,1.8539682539682545,0.723809523809523,1.4408730158730165,0.0,0.0,0.0
완주군,2022-04-25,0.9325099880972997,15,12.557142857142859,0.0,7,17,14.971428571428572,0.0,16.107142857142858,0.0,-0.0698754164252299,0.03914766974142793,-1.0777777777777775,0.3880952380952376,1.1242063492063483,0.0,0.0,0.0
완주군,2022-05-02,0.8726809215163237,17,17.428571428571427,0.0,7,18,14.992857142857144,0.0,15.557142857142857,0.0,-0.13618528649755224,-0.051261900435050564,2.6079365079365076,0.7650793650793641,0.7444444444444436,0.0,0.0,0.0
완주군,2022-05-09,0.9934709002562482,19,14.5,0.0,7,19,15.964285714285715,0.0,15.467857142857142,0.0,-0.006550507548823918,0.0588670988973752,0.0349206349206348,1.3214285714285694,0.8547619047619044,0.0,0.0,0.0
완주군,2022-05-16,0.9561970821331671,16,17.67142857142857,0.0,7,20,16.085714285714285,0.0,15.539285714285713,0.0,-0.044791234318354994,0.029886969769198024,3.4523809523809508,1.7436507936507937,1.254365079365078,0.0,0.0,0.0
완주군,2022-05-23,0.9509322107776101,18,17.5,0.0,7,21,17.585714285714285,0.0,16.775,0.0,-0.05031250101990321,0.059007932099063444,3.503174603174603,3.477777777777776,2.399603174603172,0.0,0.0,0.0
완주군,2022-05-30,1.0133243679879793,15,14.299999999999999,0.0,7,22,15.899999999999999,0.0,15.992857142857142,0.0,0.013236379330598767,0.0969375303557359,0.606349206349206,2.0547619047619037,1.8992063492063487,0.0,0.0,0.0
완주군,2022-06-06,0.8920000937637519,15,10.671428571428573,0.0,7,23,12.485714285714286,0.0,15.035714285714285,0.0,-0.11428904128581942,-0.0027998858717812602,-2.8047619047619037,-1.0992063492063515,1.1892857142857132,0.0,0.0,0.0
완주군,2022-06-13,0.9340162602411536,17,10.1,0.0,7,24,10.385714285714286,0.0,13.142857142857142,0.0,-0.06826143165306327,0.030887553385929065,-2.37936507936508,-2.5920634920634935,-0.26865079365079403,0.0,0.0,0.0
완주군,2022-06-20,0.9047751166782821,16,10.757142857142858,0.0,7,25,10.428571428571429,0.0,11.457142857142857,0.0,-0.100068856019183,-0.02764672452537431,-0.9031746031746035,-1.6412698412698408,-1.3702380952380953,0.0,0.0,0.0
완주군,2022-06-27,0.9388580086945881,15,8.885714285714284,1.0,7,26,9.821428571428571,1.0,10.10357142857143,1.0,-0.06309102665580563,0.049117325813090335,-1.025396825396827,-0.9642857142857153,-1.7781746031746017,0.8888888888888888,0.8888888888888888,0.8888888888888888
완주군,2022-07-04,0.7979952257310369,15,9.085714285714285,1.0,7,27,8.985714285714284,2.0,9.707142857142857,2.0,-0.22565266434341213,-0.12357361482393886,-0.19365079365079296,-0.6095238095238127,-1.125396825396825,0.8888888888888888,1.7777777777777777,1.7777777777777777
완주군,2022-07-11,0.8645013489059977,14,7.714285714285714,0.0,7,28,8.4,1.0,9.110714285714286,2.0,-0.14560241352918474,-0.031071366144091006,-1.401587301587301,-0.7976190476190492,-0.8809523809523814,0.0,0.8888888888888888,1.7777777777777777
완주군,2022-07-18,0.8458922973559618,12,7.0,0.0,7,29,7.357142857142858,0.0,8.17142857142857,2.0,-0.16736323557015612,-0.08355560884800262,-2.0809523809523807,-1.7412698412698422,-1.1753968253968257,-0.1111111111111111,-0.1111111111111111,1.6666666666666667
완주군,2022-07-25,0.8234106625146704,15,10.471428571428573,0.0,7,30,8.735714285714286,0.0,8.567857142857143,1.0,-0.19430022035603084,-0.06866878028523915,0.7222222222222232,-0.6793650793650805,-0.7384920634920622,0.0,-0.1111111111111111,0.7777777777777778
완주군,2022-08-01,0.8761334440018325,13,8.185714285714285,0.0,7,31,9.32857142857143,0.0,8.342857142857143,0.0,-0.1322368663118648,-0.0013773343039665542,-1.8412698412698418,-0.5595238095238102,-1.1503968253968253,-0.2222222222222222,-0.2222222222222222,-0.3333333333333333
완주군,2022-08-08,0.9368889200725389,15,6.257142857142857,0.0,7,32,7.22142857142857,0.0,7.9785714285714295,0.0,-0.06519055225295703,0.03293695672301461,-3.144444444444445,-2.4928571428571455,-1.5861111111111104,-0.6666666666666666,-0.8888888888888888,-1.0
완주군,2022-08-15,0.8608402672538399,13,8.714285714285714,0.0,7,33,7.485714285714285,0.0,8.407142857142858,0.0,-0.1498463117957592,-0.013616400066824547,-1.3589285714285726,-2.076785714285715,-1.3058035714285694,0.0,-0.375,-0.625
완주군,2022-08-22,0.8634277183017521,15,9.37142857142857,0.0,7,34,9.042857142857141,0.0,8.132142857142856,0.0,-0.14684509271409307,-0.05694581614096375,-0.15535714285714342,-0.7571428571428598,-1.5151785714285726,-0.25,-0.25,-0.875
완주군,2022-08-29,0.9010537129486986,14,7.971428571428572,0.0,7,35,8.67142857142857,0.0,8.07857142857143,0.0,-0.10419040833526585,0.034074314886849255,-1.0928571428571408,-0.6241071428571452,-1.350446428571427,-0.125,-0.375,-0.75
완주군,2022-09-05,0.9336746202119284,17,11.428571428571429,0.0,7,36,9.700000000000001,0.0,9.37142857142857,0.0,-0.06862727381314573,0.04783117339038971,1.3517857142857146,0.12946428571428648,-0.31383928571428754,0.0,-0.125,-0.375
완주군,2022-09-12,0.9242314044656169,14,9.057142857142857,0.0,7,37,10.242857142857144,0.0,9.457142857142857,0.0,-0.07879280096139564,-0.005450453522190951,-0.14642857142857224,0.6026785714285712,-0.010714285714284344,0.0,0.0,-0.375
완주군,2022-09-19,0.7801383330815104,13,13.171428571428569,0.0,7,38,11.114285714285714,0.0,10.407142857142857,0.0,-0.24828402491866977,-0.14624122303579407,2.844642857142855,1.3491071428571413,0.7392857142857139,0.0,0.0,-0.125
완주군,2022-09-26,0.790231850269327,14,14.728571428571428,0.0,7,39,13.95,0.0,12.09642857142857,0.0,-0.23542889522471977,-0.13242307246626098,3.0982142857142847,2.9714285714285698,1.7870535714285705,0.0,0.0,0.0
완주군,2022-10-03,0.8709730754130973,16,9.12857142857143,0.0,7,40,11.928571428571429,0.0,11.521428571428572,0.0,-0.1381442148771214,-0.04236422926862271,-1.119642857142857,0.9892857142857139,1.1691964285714285,0.0,0.0,0.0
완주군,2022-10-10,0.8360788813825912,15,12.657142857142857,0.0,7,41,10.892857142857142,0.0,12.42142857142857,0.0,-0.17903231462785354,-0.05630016677400429,0.9732142857142847,-0.0732142857142879,1.4491071428571427,0.0,0.0,0.0
완주군,2022-10-17,0.9247859216149636,16,14.342857142857143,0.0,7,42,13.5,0.0,12.714285714285715,0.0,-0.0781930043471082,0.017402346311110067,1.5892857142857135,1.2812499999999982,1.135267857142857,0.0,0.0,0.0
완주군,2022-10-24,0.8960285712885289,15,15.657142857142857,0.0,7,43,15.0,0.0,12.946428571428573,0.0,-0.10978297891680072,0.00572838903715607,2.441071428571428,2.015178571428571,0.9709821428571441,0.0,0.0,0.0
완주군,2022-10-31,0.8758279560996575,17,15.385714285714286,0.0,7,44,15.521428571428572,0.0,14.510714285714286,0.0,-0.13258560448070045,-0.02802421497373868,1.3625000000000007,1.9017857142857135,1.5915178571428577,0.0,0.0,0.0
완주군,2022-11-07,0.795743261962124,14,15.742857142857144,0.0,7,45,15.564285714285715,0.0,15.282142857142857,0.0,-0.22847868038688862,-0.09146546479638099,2.2946428571428577,1.8285714285714274,1.921875,0.0,0.0,0.0
완주군,2022-11-14,0.8142036941337918,13,13.971428571428572,0.0,7,46,14.857142857142858,0.0,15.189285714285713,0.0,-0.2055447057904246,-0.05635625000665445,0.17321428571428577,1.2339285714285708,1.567857142857143,0.0,0.0,0.0
완주군,2022-11-21,0.909501963996218,13,15.671428571428573,0.0,7,47,14.821428571428573,0.0,15.192857142857143,0.0,-0.09485812160219274,0.010858685572300339,2.2178571428571434,1.1955357142857146,1.5120535714285719,0.0,0.0,0.0
완주군,2022-11-28,0.9546376836481472,10,11.200000000000001,0.0,7,48,13.435714285714287,0.0,14.146428571428572,0.0,-0.04642339933767202,0.07370852650983502,-0.38928571428571246,0.9142857142857128,1.0741071428571445,0.0,0.0,0.0
완주군,2022-12-05,0.9384384840248398,12,12.5,0.0,7,49,11.850000000000001,0.0,13.335714285714285,0.0,-0.06353797222711957,0.06360741293374261,0.41607142857142776,0.01339285714285765,0.6044642857142861,0.0,0.0,0.0
완주군,2022-12-12,0.956423029875039,15,9.614285714285714,0.0,7,50,11.057142857142857,0.0,12.24642857142857,0.0,-0.044554963935643434,0.10859803427134618,-1.4839285714285708,-0.5339285714285733,0.19017857142856975,0.0,0.0,0.0
완주군,2022-12-19,0.9520031662586613,13,10.271428571428572,0.0,7,51,9.942857142857143,0.0,10.896428571428572,0.0,-0.04918691829434736,0.09659900253450819,-0.742857142857142,-1.113392857142859,-0.5499999999999989,0.0,0.0,0.0
완주군,2022-12-26,1.0025804605778879,15,10.671428571428573,0.0,7,52,10.471428571428572,0.0,10.764285714285714,0.0,0.0025771369059991835,0.1216096392717323,-0.11964285714285694,-0.43125000000000213,-0.48258928571428505,0.0,0.0,0.0
완주군,2023-01-02,0.9666687829009751,15,12.857142857142858,0.0,7,1,11.764285714285716,0.0,10.85357142857143,0.0,-0.033899362470172355,0.05629447438494057,0.7410714285714288,0.34375,-0.3883928571428559,0.0,0.0,0.0
완주군,2023-01-09,0.9058382960413315,14,12.614285714285714,0.0,7,2,12.735714285714286,0.0,11.60357142857143,0.0,-0.09889447005940423,-0.005508922071364539,1.12142857142857,0.9312499999999986,0.20892857142857224,0.0,0.0,0.0
완주군,2023-01-16,0.8513733205247179,14,11.228571428571428,0.0,7,3,11.92142857142857,0.0,11.842857142857143,0.0,-0.16090456208480214,-0.06325110549852284,-0.6607142857142865,0.23035714285714093,0.28705357142857224,0.0,0.0,0.0
완주군,2023-01-23,0.9253053070906447,12,12.385714285714286,0.0,7,4,11.807142857142857,0.0,12.271428571428572,0.0,-0.07763153420848255,0.012811789475651411,0.412698412698413,-0.04682539682539755,0.5408730158730162,0.0,0.0,0.0
완주군,2023-01-30,0.9601302476271321,15,14.285714285714286,0.0,7,5,13.335714285714285,0.0,12.628571428571428,0.0,-0.04068632911162695,0.06490278926743578,2.617460317460319,1.5150793650793624,0.9726190476190482,0.0,0.0,0.0
완주군,2023-02-06,0.9996138851057067,18,14.442857142857141,0.0,7,6,14.364285714285714,0.0,13.085714285714285,0.0,-0.00038618945584259745,0.09045493232032879,1.59206349206349,2.1047619047619044,1.0289682539682534,0.0,0.0,0.0
완주군,2023-02-13,0.9710698807616092,18,10.357142857142858,0.0,7,7,12.399999999999999,0.0,12.867857142857142,0.0,-0.029356845451732366,0.10504518621220871,-2.3698412698412703,-0.38888888888889106,0.5630952380952365,0.0,0.0,0.0
완주군,2023-02-20,0.9223280936879147,13,15.799999999999999,0.0,7,8,13.07857142857143,0.0,13.721428571428572,0.0,-0.0808542687382412,0.023625531063797417,2.1412698412698408,-0.11428571428571388,0.9952380952380953,0.0,0.0,0.0
완주군,2023-02-27,0.975904365047093,16,18.114285714285714,0.0,7,9,16.957142857142856,0.0,14.678571428571427,0.0,-0.024390684002125077,0.05080478648929475,3.7555555555555546,2.948412698412696,1.2797619047619033,0.0,0.0,0.0
완주군,2023-03-06,0.9822947548092594,13,19.957142857142856,0.0,7,10,19.035714285714285,0.0,16.057142857142857,0.0,-0.017863858019061797,0.04843106639741527,5.9015873015873,4.828571428571427,2.357142857142856,0.0,0.0,0.0
완주군,2023-03-13,0.9448688060276456,18,15.585714285714285,0.0,7,11,17.771428571428572,0.0,17.364285714285714,0.0,-0.05670919072649035,0.01805755672590817,1.2936507936507926,3.597619047619048,3.273015873015872,0.0,0.0,0.0
완주군,2023-03-20,0.9248996997572476,18,15.942857142857141,0.0,7,12,15.764285714285716,0.0,17.4,0.0,-0.07806998004382897,0.010730576875278203,0.5698412698412678,0.931746031746032,2.8801587301587297,0.0,0.0,0.0
완주군,2023-03-27,0.9508145803736425,20,21.25714285714286,0.0,7,13,18.6,0.0,18.185714285714287,0.0,-0.05043620876550316,0.03461490526509302,5.303174603174606,2.9365079365079367,3.2670634920634942,0.0,0.0,0.0
완주군,2023-04-03,0.9600609177402721,18,13.857142857142858,0.0,7,14,17.55714285714286,0.0,16.66071428571429,0.0,-0.04075854055405048,0.026667694007033865,-1.6444444444444457,1.8293650793650809,1.3805555555555582,0.0,0.0,0.0
완주군,2023-04-10,0.9068708344790518,22,16.571428571428573,0.0,7,15,15.214285714285717,0.0,16.90714285714286,0.0,-0.09775524862337037,-0.0034264108086334844,1.3079365079365104,-0.16825396825396588,1.3841269841269863,0.0,0.0,0.0
완주군,2023-04-17,0.9239605296240488,19,13.457142857142857,0.0,7,16,15.014285714285716,0.0,16.28571428571429,0.0,-0.07908592510993381,0.013864897167697829,-2.0746031746031743,-0.38333333333333464,0.7230158730158749,0.0,0.0,0.0
완주군,2023-04-24,0.8489560783194415,18,13.457142857142857,0.0,7,17,13.457142857142857,0.0,14.335714285714285,0.0,-0.16374782743722932,-0.05472474127057149,-0.17777777777777892,-1.1261904761904766,-0.6472222222222239,0.0,0.0,0.0
완주군,2023-05-01,0.9375942960110635,18,11.971428571428572,0.0,7,18,12.714285714285715,0.0,13.864285714285714,0.0,-0.06443794378384174,0.020485442278659935,-2.849206349206348,-1.5134920634920643,-0.9484126984126995,0.0,0.0,0.0
완주군,2023-05-08,0.9244417607631858,17,17.057142857142857,0.0,7,19,14.514285714285716,0.0,13.985714285714286,0.0,-0.07856522552790816,-0.013147619081709042,2.5920634920634917,-0.1285714285714299,-0.6273809523809515,0.0,0.0,0.0
완주군,2023-05-15,0.9016353857060416,15,14.9,0.0,7,20,15.978571428571431,0.0,14.346428571428572,0.0,-0.103545069349232,-0.028866865261678976,0.6809523809523803,1.6365079365079396,0.061507936507936734,0.0,0.0,0.0
완주군,2023-05-22,0.8975236598865587,16,12.014285714285714,0.0,7,21,13.457142857142859,0.0,13.985714285714288,0.0,-0.10811579697657964,0.0012046361423870139,-1.9825396825396826,-0.6507936507936503,-0.3896825396825392,0.0,0.0,0.0
완주군,2023-05-29,0.8894268723321093,15,10.22857142857143,0.0,7,22,11.121428571428574,0.0,13.55,0.0,-0.11717798736140211,-0.03347683633626497,-3.4650793650793634,-2.7238095238095212,-0.5436507936507926,0.0,0.0,0.0
완주군,2023-06-05,0.8525064217510253,16,13.057142857142859,0.0,7,23,11.642857142857146,0.0,12.55,0.0,-0.15957453700705945,-0.048085381593021295,-0.41904761904761756,-1.9420634920634914,-1.2964285714285708,0.0,0.0,0.0
완주군,2023-06-12,0.961658219951767,17,14.142857142857142,0.0,7,24,13.600000000000001,0.0,12.360714285714288,0.0,-0.03909617215899517,0.06005281287999716,1.663492063492063,0.6222222222222218,-1.0507936507936488,0.0,0.0,0.0
완주군,2023-06-19,1.016785439086878,19,12.299999999999999,0.0,7,25,13.221428571428572,0.0,12.432142857142857,0.0,0.016646120459018404,0.0890682519528271,0.6396825396825374,1.151587301587302,-0.3952380952380956,0.0,0.0,0.0
완주군,2023-06-26,0.9705605407103072,15,7.614285714285714,0.0,7,26,9.957142857142859,0.0,11.778571428571428,0.0,-0.02988149737040107,0.08232685509849488,-2.2968253968253975,-0.8285714285714274,-0.10317460317460281,-0.1111111111111111,-0.1111111111111111,-0.1111111111111111
완주군,2023-07-03,0.869313355304967,16,8.728571428571428,0.0,7,27,8.171428571428573,0.0,10.696428571428571,0.0,-0.14005162572861804,-0.037972576209144765,-0.5507936507936506,-1.423809523809524,-0.13611111111111107,-0.1111111111111111,-0.2222222222222222,-0.2222222222222222
완주군,2023-07-10,0.950454514847894,17,6.185714285714286,0.0,7,28,7.457142857142859,0.0,8.707142857142857,0.0,-0.050814972119894296,0.06371607526519943,-2.9301587301587295,-1.7404761904761905,-1.2845238095238098,0.0,-0.1111111111111111,-0.2222222222222222
완주군,2023-07-17,0.9825471710726986,18,8.471428571428572,0.0,7,29,7.328571428571431,0.0,7.75,0.0,-0.01760692512130262,0.06620070160085088,-0.6095238095238091,-1.7698412698412689,-1.5968253968253965,-0.1111111111111111,-0.1111111111111111,-0.3333333333333333
완주군,2023-07-24,0.9279024944624507,14,8.685714285714285,0.0,7,30,8.57857142857143,0.0,8.017857142857142,0.0,-0.07482862233860021,0.050802817732191474,-1.063492063492065,-0.8365079365079371,-1.288492063492063,0.0,-0.1111111111111111,-0.2222222222222222
완주군,2023-07-31,1.0231732611478972,15,11.128571428571428,0.0,7,31,9.907142857142858,0.0,8.617857142857144,0.0,0.022908838364702255,0.1537683703726005,1.1015873015873012,0.01904761904761898,-0.875396825396825,-0.2222222222222222,-0.2222222222222222,-0.3333333333333333
완주군,2023-08-07,0.9385090085534227,15,8.285714285714286,1.0,7,32,9.707142857142859,1.0,9.142857142857142,1.0,-0.06346282411680218,0.03466468485916946,-1.1158730158730155,-0.007142857142856229,-0.42182539682539755,0.33333333333333337,0.11111111111111116,0.0
완주군,2023-08-14,0.7645047093737437,15,10.62857142857143,0.0,7,33,9.457142857142859,1.0,9.682142857142857,1.0,-0.2685270935616941,-0.13229718183275943,0.5553571428571438,-0.10535714285714093,-0.03080357142857082,0.0,0.625,0.375
완주군,2023-08-21,0.8701352821382391,15,9.842857142857143,0.0,7,34,10.235714285714288,0.0,9.971428571428572,1.0,-0.1391065827112484,-0.04920730613811908,0.3160714285714299,0.43571428571428683,0.3241071428571427,-0.25,-0.25,0.125
완주군,2023-08-28,0.8145136608236668,17,9.2,0.0,7,35,9.521428571428572,0.0,9.489285714285714,1.0,-0.2051640790442629,-0.06689935582214779,0.13571428571428612,0.22589285714285623,0.06026785714285765,-0.125,-0.375,0.25
완주군,2023-09-04,0.8498427935705386,14,12.0,0.0,7,36,10.600000000000001,0.0,10.417857142857144,0.0,-0.16270389534344512,-0.046245448139909676,1.9232142857142858,1.0294642857142868,0.7325892857142868,0.0,-0.125,-0.375
완주군,2023-09-11,0.9432286412735207,14,7.142857142857143,0.0,7,37,9.571428571428573,0.0,9.54642857142857,0.0,-0.058446564153941866,0.014895783285262823,-2.060714285714286,-0.06874999999999964,0.07857142857142918,0.0,0.0,-0.375
완주군,2023-09-18,0.9526613252547541,17,9.385714285714286,0.0,7,38,8.264285714285716,0.0,9.432142857142857,0.0,-0.048495815976620234,0.05354698590625547,-0.9410714285714281,-1.5008928571428566,-0.23571428571428577,0.0,0.0,-0.125
완주군,2023-09-25,0.8932984269256868,18,7.9142857142857155,0.0,7,39,8.650000000000002,0.0,9.110714285714286,0.0,-0.11283456924568389,-0.009828746487225093,-3.7160714285714276,-2.3285714285714274,-1.1986607142857135,0.0,0.0,0.0
완주군,2023-10-02,0.8722422124346659,12,11.37142857142857,0.0,7,40,9.642857142857144,0.0,8.95357142857143,0.0,-0.13668812708962844,-0.040908141481129756,1.1232142857142833,-1.2964285714285708,-1.3986607142857146,0.0,0.0,0.0
완주군,2023-10-09,0.9368976324996587,13,11.985714285714286,0.0,7,41,11.67857142857143,0.0,10.164285714285715,0.0,-0.06518125297913317,0.05755089487471608,0.3017857142857139,0.7125000000000004,-0.8080357142857135,0.0,0.0,0.0
완주군,2023-10-16,0.8793156400567432,18,14.0,0.0,7,42,12.992857142857144,0.0,11.317857142857143,0.0,-0.12861135581491007,-0.0330160051566918,1.24642857142857,0.774107142857142,-0.2611607142857153,0.0,0.0,0.0
완주군,2023-10-23,0.96725502975991,16,12.457142857142857,0.0,7,43,13.228571428571431,0.0,12.453571428571427,0.0,-0.033293085353096545,0.08221828260086025,-0.7589285714285712,0.24375000000000213,0.4781249999999986,0.0,0.0,0.0
완주군,2023-10-30,0.9431231647080112,19,13.614285714285714,0.0,7,44,13.035714285714288,0.0,13.014285714285714,0.0,-0.058558395430891357,0.04600299407607041,-0.40892857142857153,-0.5839285714285705,0.09508928571428577,0.0,0.0,0.0
완주군,2023-11-06,0.880267327944392,18,13.014285714285716,0.0,7,45,13.314285714285717,0.0,13.271428571428572,0.0,-0.1275296358872288,0.009483579703278844,-0.4339285714285701,-0.4214285714285708,-0.08883928571428434,0.0,0.0,0.0
완주군,2023-11-13,0.8903780304950545,14,10.828571428571427,0.0,7,46,11.921428571428574,0.0,12.478571428571428,0.0,-0.11610915307289653,0.03307930271087363,-2.9696428571428584,-1.7017857142857125,-1.1428571428571423,0.0,0.0,0.0
완주군,2023-11-20,0.9237159749588013,13,13.485714285714286,0.0,7,47,12.157142857142858,0.0,12.735714285714286,0.0,-0.07935064100156207,0.026366166172931013,0.032142857142856585,-1.46875,-0.9450892857142854,0.0,0.0,0.0
완주군,2023-11-27,0.8826859719747476,15,8.971428571428572,0.0,7,48,11.228571428571431,0.0,11.575,0.0,-0.124785779259928,-0.004653853412420958,-2.617857142857142,-1.2928571428571427,-1.4973214285714285,0.0,0.0,0.0
완주군,2023-12-04,0.8923491721604482,16,15.128571428571428,0.0,7,49,12.05,0.0,12.103571428571428,0.0,-0.11389777438777876,0.013247610773083424,3.044642857142856,0.21339285714285694,-0.6276785714285715,0.0,0.0,0.0
완주군,2023-12-11,0.8553293994069933,17,6.528571428571428,0.0,7,50,10.82857142857143,0.0,11.028571428571428,0.0,-0.15626862177558482,-0.0031156235685952105,-4.569642857142857,-0.7625000000000011,-1.0276785714285719,0.0,0.0,0.0
완주군,2023-12-18,0.8255278517855451,16,8.4,0.0,7,51,7.464285714285716,0.0,9.757142857142856,0.0,-0.19173227689911254,-0.04594635607025699,-2.614285714285714,-3.591964285714286,-1.689285714285715,0.0,0.0,0.0
완주군,2023-12-25,0.8984475525276847,14,9.614285714285714,0.0,7,52,9.00714285714286,0.0,9.917857142857143,0.0,-0.10708694671858288,0.011945555647150233,-1.1767857142857157,-1.8955357142857139,-1.3290178571428566,0.0,0.0,0.0
완주군,2024-01-01,0.8862302200959725,15,9.642857142857142,0.0,7,1,9.62857142857143,0.0,8.54642857142857,0.0,-0.12077852003538925,-0.030584683180276323,-2.4732142857142865,-1.7919642857142861,-2.6955357142857146,0.0,0.0,0.0
완주군,2024-01-08,0.9430346718769923,15,12.085714285714285,0.0,7,2,10.864285714285716,0.0,9.935714285714287,0.0,-0.058652229392575084,0.03473331859546461,0.5928571428571416,-0.9401785714285715,-1.4589285714285705,0.0,0.0,0.0
완주군,2024-01-15,0.9562450645119889,16,7.5857142857142845,0.0,7,3,9.835714285714287,0.0,9.732142857142856,0.0,-0.04474105514936314,0.05291240143691616,-4.30357142857143,-1.8553571428571427,-1.8236607142857153,0.0,0.0,0.0
완주군,2024-01-22,0.9342344557871417,17,9.642857142857142,0.0,7,4,8.614285714285716,0.0,9.739285714285714,0.0,-0.06802784892767397,0.022415474756459997,-2.3301587301587308,-3.239682539682539,-1.9912698412698422,0.0,0.0,0.0
완주군,2024-01-29,0.8948143834058172,19,11.9,0.0,7,5,10.771428571428572,0.0,10.303571428571429,0.0,-0.11113897505881352,-0.005549856679750789,0.2317460317460327,-1.0492063492063508,-1.3523809523809511,0.0,0.0,0.0
완주군,2024-02-05,0.8683732427657713,19,9.157142857142857,0.0,7,6,10.52857142857143,0.0,9.571428571428571,0.0,-0.14113365356029015,-0.05029253178411876,-3.6936507936507947,-1.7309523809523792,-2.485317460317461,0.0,0.0,0.0
완주군,2024-02-12,0.8278161911528714,23,14.885714285714284,0.0,7,7,12.021428571428572,0.0,11.39642857142857,0.0,-0.1889641406018732,-0.05456210893793212,2.1587301587301564,-0.7674603174603174,-0.908333333333335,0.0,0.0,0.0
완주군,2024-02-19,0.8772233388957205,18,5.771428571428571,0.0,7,8,10.32857142857143,0.0,10.428571428571427,0.0,-0.13099365666406837,-0.026513856862029755,-7.887301587301587,-2.864285714285714,-2.2976190476190492,0.0,0.0,0.0
완주군,2024-02-26,0.996603842940517,17,11.257142857142856,0.0,7,9,8.514285714285716,0.0,10.267857142857142,0.0,-0.0034019370911767405,0.07179353340024308,-3.101587301587303,-5.494444444444444,-3.1309523809523814,0.0,0.0,0.0
완주군,2024-03-04,0.9608558803914417,14,11.700000000000001,0.0,7,10,11.47857142857143,0.0,10.903571428571428,0.0,-0.039930849633416546,0.02636407478306052,-2.3555555555555543,-2.7285714285714278,-2.7964285714285726,0.0,0.0,0.0
완주군,2024-03-11,1.001438377877695,16,15.242857142857142,0.0,7,11,13.471428571428572,0.0,10.992857142857142,0.0,0.0014373444031347078,0.07620409185553323,0.9507936507936492,-0.7023809523809526,-3.0984126984127,0.0,0.0,0.0
완주군,2024-03-18,0.962406371327363,18,14.0,0.0,7,12,14.621428571428572,0.0,13.049999999999999,0.0,-0.03831849409486706,0.05048206282424011,-1.3730158730158735,-0.21111111111111214,-1.46984126984127,0.0,0.0,0.0
완주군,2024-03-25,0.9757260813122345,19,10.914285714285715,0.0,7,13,12.457142857142859,0.0,12.964285714285715,0.0,-0.02457338635306146,0.06047772767753472,-5.0396825396825395,-3.2063492063492056,-1.9543650793650773,0.0,0.0,0.0
완주군,2024-04-01,0.9793025354393349,19,12.971428571428573,0.0,7,14,11.942857142857145,0.0,13.282142857142857,0.0,-0.020914659226436233,0.046511575334648114,-2.53015873015873,-3.784920634920635,-1.9980158730158735,0.0,0.0,0.0
완주군,2024-04-08,0.8402939278986142,17,16.7,0.0,7,15,14.835714285714287,0.0,13.646428571428572,0.0,-0.17400353418544484,-0.07967469637070795,1.4365079365079367,-0.5468253968253958,-1.8765873015872998,0.0,0.0,0.0
완주군,2024-04-15,0.9593409020233385,21,11.299999999999999,0.0,7,16,14.0,0.0,12.971428571428572,0.0,-0.04150879070312612,0.051442031574505526,-4.231746031746033,-1.3976190476190506,-2.591269841269842,0.0,0.0,0.0
완주군,2024-04-22,0.8953361985399542,18,15.514285714285714,0.0,7,17,13.407142857142857,0.0,14.121428571428574,0.0,-0.1105559904158692,-0.0015329042492113615,1.879365079365078,-1.1761904761904773,-0.8615079365079357,0.0,0.0,0.0
완주군,2024-04-29,0.9174215554502941,15,12.585714285714285,0.0,7,18,14.05,0.0,14.025,0.0,-0.08618820085540499,-0.0012648147929033154,-2.234920634920634,-0.17777777777777892,-0.787698412698413,0.0,0.0,0.0
완주군,2024-05-06,1.012714826695266,17,11.642857142857142,0.0,7,19,12.114285714285714,0.0,12.760714285714286,0.0,0.012634672006571254,0.07805227845277038,-2.822222222222223,-2.528571428571432,-1.8523809523809511,0.0,0.0,0.0
완주군,2024-05-13,1.0043707207573263,16,16.557142857142857,0.0,7,20,14.1,0.0,14.075,0.0,0.004361196898025942,0.07903940098557896,2.338095238095237,-0.2420634920634921,-0.2099206349206355,0.0,0.0,0.0
완주군,2024-05-20,0.9474439886154609,18,15.0,0.0,7,21,15.778571428571428,0.0,13.94642857142857,0.0,-0.05398745869063066,0.05533297442833599,1.0031746031746032,1.6706349206349191,-0.42896825396825733,0.0,0.0,0.0
완주군,2024-05-27,0.7802476318476125,20,13.485714285714286,0.0,7,22,14.242857142857144,0.0,14.17142857142857,0.0,-0.24814393295586387,-0.16444278193072673,-0.2079365079365072,0.39761904761904887,0.0777777777777775,0.0,0.0,0.0
완주군,2024-06-03,0.8702762256142184,18,13.985714285714286,0.0,7,23,13.735714285714286,0.0,14.757142857142858,0.0,-0.1389446170201925,-0.02745546160615435,0.5095238095238095,0.15079365079364848,0.9107142857142865,0.0,0.0,0.0
완주군,2024-06-10,0.9386425636754531,22,15.785714285714286,0.0,7,24,14.885714285714286,0.0,14.564285714285715,0.0,-0.06332052860456801,0.035828456434424324,3.306349206349207,1.9079365079365065,1.1527777777777786,0.0,0.0,0.0
완주군,2024-06-17,0.9503370417301015,22,13.557142857142859,0.0,7,25,14.671428571428573,0.0,14.20357142857143,0.0,-0.05093857653883814,0.02148355495497055,1.8968253968253972,2.601587301587303,1.3761904761904766,0.0,0.0,0.0
완주군,2024-06-24,0.8960139852772017,22,11.1,0.0,7,26,12.32857142857143,0.0,13.607142857142858,0.0,-0.10979925756071358,0.002409094908182377,1.1888888888888882,1.5428571428571427,1.7253968253968264,-0.1111111111111111,-0.1111111111111111,-0.1111111111111111
완주군,2024-07-01,1.019592845380229,19,9.071428571428571,0.0,7,27,10.085714285714285,0.0,12.37857142857143,0.0,0.01940337641029663,0.1214824259297699,-0.2079365079365072,0.49047619047618873,1.5460317460317476,-0.1111111111111111,-0.2222222222222222,-0.2222222222222222
완주군,2024-07-08,0.8509467206517627,15,6.6,0.0,7,28,7.835714285714285,0.0,10.082142857142857,0.0,-0.16140576029849474,-0.04687471291340101,-2.515873015873016,-1.3619047619047642,0.09047619047619015,0.0,-0.1111111111111111,-0.2222222222222222
완주군,2024-07-15,0.962803232239317,18,8.22857142857143,0.0,7,29,7.414285714285715,0.0,8.75,0.0,-0.03790621595451279,0.04590141076764071,-0.8523809523809511,-1.6841269841269852,-0.5968253968253965,-0.1111111111111111,-0.1111111111111111,-0.3333333333333333
완주군,2024-07-22,0.8311095178277377,19,8.628571428571428,0.0,7,30,8.428571428571429,0.0,8.132142857142856,0.0,-0.18499370240385835,-0.05936226233306666,-1.120634920634922,-0.9865079365079374,-1.174206349206349,0.0,-0.1111111111111111,-0.2222222222222222
완주군,2024-07-29,0.7424542021161374,17,9.385714285714284,2.0,7,31,9.007142857142856,2.0,8.210714285714285,2.0,-0.2977940908592787,-0.16693455885138048,-0.6412698412698425,-0.8809523809523832,-1.2825396825396833,1.7777777777777777,1.7777777777777777,1.6666666666666667
완주군,2024-08-05,0.8805424732090931,15,10.257142857142854,0.0,7,32,9.82142857142857,2.0,9.124999999999998,2.0,-0.12721711460666768,-0.02908960563069604,0.8555555555555525,0.1071428571428541,-0.4396825396825417,-0.6666666666666666,1.1111111111111112,1.0
완주군,2024-08-12,0.9149613434890799,16,11.214285714285714,0.0,7,33,10.735714285714284,0.0,9.87142857142857,2.0,-0.08887346215198691,0.047356449576947734,1.1410714285714274,1.173214285714284,0.15848214285714235,0.0,-0.375,1.375
완주군,2024-08-19,0.9162601616438015,18,9.157142857142857,1.0,7,34,10.185714285714285,1.0,10.003571428571428,3.0,-0.08745493537204989,0.0024443412010794335,-0.36964285714285694,0.38571428571428434,0.3562499999999993,0.75,0.75,2.125
완주군,2024-08-26,0.9021772612702461,19,10.828571428571431,0.0,7,35,9.992857142857144,1.0,10.364285714285714,1.0,-0.10294425797182748,0.03532046525028763,1.7642857142857178,0.6973214285714278,0.9352678571428577,-0.125,0.625,0.25
완주군,2024-09-02,0.8884002956237198,18,10.871428571428572,0.0,7,36,10.850000000000001,0.0,10.517857142857144,1.0,-0.11833285420221742,-0.0018744069986819795,0.7946428571428577,1.2794642857142868,0.8325892857142865,0.0,-0.125,0.625
완주군,2024-09-09,0.985361558885658,21,11.571428571428571,0.0,7,37,11.221428571428572,0.0,10.607142857142858,1.0,-0.014746640303336144,0.05859570713586854,2.367857142857142,1.581249999999999,1.139285714285716,0.0,0.0,0.625
완주군,2024-09-16,0.8561872382191502,21,9.5,0.0,7,38,10.535714285714285,0.0,10.692857142857143,0.0,-0.15526619052235274,-0.05322338863947704,-0.8267857142857142,0.7705357142857121,1.0250000000000004,0.0,0.0,-0.125
완주군,2024-09-23,0.9487950953649829,17,12.057142857142859,0.0,7,39,10.778571428571428,0.0,11.0,0.0,-0.052562420055385535,0.05044340270307326,0.42678571428571566,-0.20000000000000107,0.6906250000000007,0.0,0.0,0.0
완주군,2024-09-30,0.9871616721111104,15,11.771428571428572,0.0,7,40,11.914285714285715,0.0,11.225,0.0,-0.012921451431647881,0.0828585341768508,1.5232142857142854,0.9749999999999996,0.8727678571428559,0.0,0.0,0.0
완주군,2024-10-07,0.9473850645250701,18,11.628571428571428,0.0,7,41,11.7,0.0,11.239285714285714,0.0,-0.05404965331479699,0.06868249453905226,-0.05535714285714377,0.733928571428569,0.26696428571428577,0.0,0.0,0.0
완주군,2024-10-14,0.9267726882771037,21,9.62857142857143,0.0,7,42,10.62857142857143,0.0,11.271428571428572,0.0,-0.07604695570027181,0.019548394957946455,-3.125,-1.5901785714285719,-0.3075892857142861,0.0,0.0,0.0
완주군,2024-10-21,0.8779301184010716,19,11.042857142857143,0.0,7,43,10.335714285714285,0.0,11.017857142857144,0.0,-0.13018828031293955,-0.01467691235898276,-2.1732142857142858,-2.6491071428571438,-0.9575892857142847,0.0,0.0,0.0
완주군,2024-10-28,0.9110291164219216,20,10.742857142857144,0.0,7,44,10.892857142857142,0.0,10.760714285714286,0.0,-0.09318042128679195,0.011380968220169818,-3.2803571428571416,-2.7267857142857164,-2.1584821428571423,0.0,0.0,0.0
완주군,2024-11-04,0.9242378521330256,19,14.799999999999999,0.0,7,45,12.771428571428572,0.0,11.553571428571429,0.0,-0.07878582473781426,0.05822739085269338,1.3517857142857128,-0.9642857142857153,-1.8066964285714278,0.0,0.0,0.0
완주군,2024-11-11,0.8935976202442714,19,14.214285714285714,0.0,7,46,14.507142857142856,0.0,12.700000000000001,0.0,-0.11249969434140016,0.03668876144237,0.41607142857142776,0.8839285714285694,-0.921428571428569,0.0,0.0,0.0
완주군,2024-11-18,0.8698349770162397,21,14.185714285714285,0.0,7,47,14.2,0.0,13.485714285714286,0.0,-0.13945176691586483,-0.03373495974137175,0.7321428571428559,0.5741071428571409,-0.1950892857142854,0.0,0.0,0.0
완주군,2024-11-25,0.8963149867340039,14,10.057142857142855,0.0,7,48,12.12142857142857,0.0,13.314285714285713,0.0,-0.10946338009141818,0.01066854575608886,-1.5321428571428584,-0.4000000000000039,0.2419642857142854,0.0,0.0,0.0
완주군,2024-12-02,0.9076891751581498,19,10.514285714285714,0.0,7,49,10.285714285714285,0.0,12.242857142857142,0.0,-0.09685327709282628,0.03029210806803591,-1.569642857142858,-1.550892857142859,-0.4883928571428573,0.0,0.0,0.0
완주군,2024-12-09,0.8735127476054249,14,11.12857142857143,0.0,7,50,10.821428571428573,0.0,11.471428571428572,0.0,-0.13523255580481075,0.017920442402178854,0.030357142857145192,-0.7696428571428573,-0.5848214285714288,0.0,0.0,0.0
완주군,2024-12-16,0.9426561564071302,15,10.114285714285714,0.0,7,51,10.621428571428572,0.0,10.45357142857143,0.0,-0.059053690193326125,0.08673223063552943,-0.9000000000000004,-0.43482142857143025,-0.992857142857142,0.0,0.0,0.0
완주군,2024-12-23,0.9004192423363789,18,9.385714285714286,0.0,7,52,9.75,0.0,10.285714285714285,0.0,-0.10489479930232634,0.014137703063406767,-1.4053571428571434,-1.1526785714285737,-0.9611607142857146,0.0,0.0,0.0
완주군,2024-12-30,0.9067723648432577,17,11.285714285714286,0.0,7,1,10.335714285714285,0.0,10.47857142857143,0.0,-0.09786383628375211,-0.00766999942863919,-0.8303571428571423,-1.0848214285714306,-0.7633928571428559,0.0,0.0,0.0
완주군,2025-01-06,0.9213285036473766,16,9.5,0.0,7,2,10.392857142857142,0.0,10.071428571428571,0.0,-0.08193862483788397,0.011446923150155719,-1.9928571428571438,-1.4116071428571448,-1.3232142857142861,0.0,0.0,0.0
완주군,2025-01-13,0.9305251683617214,15,12.842857142857143,0.0,7,3,11.17142857142857,0.0,10.75357142857143,0.0,-0.07200615505313851,0.025647301533140793,0.9535714285714292,-0.5196428571428591,-0.8022321428571413,0.0,0.0,0.0
완주군,2025-01-20,0.8812294089250879,21,13.428571428571429,0.0,7,4,13.135714285714286,0.0,11.764285714285714,0.0,-0.12643729088740768,-0.03599396720327372,1.4555555555555557,1.2817460317460316,0.033730158730158166,0.0,0.0,0.0
완주군,2025-01-27,0.8966166365906962,16,8.37142857142857,0.0,7,5,10.899999999999999,0.0,11.035714285714286,0.0,-0.10912689223475451,-0.0035377738556917754,-3.2968253968253975,-0.9206349206349245,-0.6202380952380935,0.0,0.0,0.0
완주군,2025-02-03,0.8858019436457164,16,10.485714285714286,0.0,7,6,9.428571428571427,0.0,11.282142857142858,0.0,-0.12126189326907896,-0.030420771492907575,-2.3650793650793656,-2.8309523809523824,-0.7746031746031736,0.0,0.0,0.0
완주군,2025-02-10,0.8237203414210437,18,12.271428571428572,0.0,7,7,11.37857142857143,0.0,11.139285714285716,0.0,-0.19392419815830383,-0.05952216649436276,-0.4555555555555557,-1.4103174603174597,-1.1654761904761894,0.0,0.0,0.0
완주군,2025-02-17,0.9936917599969015,18,12.414285714285715,0.0,7,8,12.342857142857143,0.0,10.885714285714286,0.0,-0.006328221023437403,0.09815157877860121,-1.2444444444444436,-0.8499999999999996,-1.8404761904761902,0.0,0.0,0.0
완주군,2025-02-24,1.007159004109102,15,15.085714285714285,0.0,7,9,13.75,0.0,12.564285714285713,0.0,0.00713350008909949,0.08232897058051931,0.7269841269841262,-0.2587301587301596,-0.8345238095238106,0.0,0.0,0.0
완주군,2025-03-03,0.9891383032556412,20,10.200000000000001,0.0,7,10,12.642857142857142,0.0,12.492857142857144,0.0,-0.010921115624061482,0.05537380879241559,-3.8555555555555543,-1.564285714285715,-1.2071428571428573,0.0,0.0,0.0
완주군,2025-03-10,0.9396872545686049,20,14.514285714285714,0.0,7,11,12.357142857142858,0.0,13.05357142857143,0.0,-0.06220816698338158,0.012558580469016936,0.22222222222222143,-1.8166666666666664,-1.0376984126984112,0.0,0.0,0.0
완주군,2025-03-17,0.9196955897145348,18,16.385714285714286,0.0,7,12,15.45,0.0,14.04642857142857,0.0,-0.08371254443723382,0.00508801248187335,1.0126984126984127,0.6174603174603153,-0.47341269841269806,0.0,0.0,0.0
완주군,2025-03-24,0.9307590945364007,18,16.114285714285717,0.0,7,13,16.25,0.0,14.303571428571429,0.0,-0.071754795085643,0.013296318944953173,0.1603174603174633,0.5865079365079353,-0.6150793650793638,0.0,0.0,0.0
완주군,2025-03-31,0.9607957912985244,19,15.085714285714287,0.0,7,14,15.600000000000001,0.0,15.525000000000002,0.0,-0.03999338863964961,0.02743284592143474,-0.41587301587301617,-0.1277777777777782,0.24484126984127208,0.0,0.0,0.0
완주군,2025-04-07,0.9755120590843572,21,18.414285714285715,0.0,7,15,16.75,0.0,16.5,0.0,-0.02479275704319367,0.06953608077154322,3.150793650793652,1.367460317460317,0.976984126984128,0.0,0.0,0.0
완주군,2025-04-14,0.9531877840738867,20,13.028571428571428,0.0,7,16,15.721428571428572,0.0,15.660714285714285,0.0,-0.04794334954058795,0.04500747273704369,-2.503174603174603,0.3238095238095209,0.09801587301587134,0.0,0.0,0.0
완주군,2025-04-21,0.9104309139523256,21,14.514285714285716,0.0,7,17,13.771428571428574,0.0,15.260714285714286,0.0,-0.09383725973630806,0.01518582643034977,0.8793650793650798,-0.8119047619047599,0.2777777777777768,0.0,0.0,0.0
완주군,2025-04-28,0.8469188096141222,21,16.228571428571428,0.0,7,18,15.371428571428574,0.0,15.54642857142857,0.0,-0.16615044534240406,-0.08122705927990238,1.4079365079365083,1.143650793650794,0.7337301587301575,0.0,0.0,0.0
완주군,2025-05-05,0.8766972735366845,18,12.071428571428571,0.0,7,19,14.150000000000002,0.0,13.960714285714285,0.0,-0.13159353030838541,-0.06617592386218629,-2.393650793650794,-0.49285714285714377,-0.6523809523809518,0.0,0.0,0.0
완주군,2025-05-12,0.9222176194000552,20,13.185714285714285,0.0,7,20,12.62857142857143,0.0,14.0,0.0,-0.08097405355811062,-0.006295849470557599,-1.033333333333335,-1.7134920634920618,-0.2849206349206348,0.0,0.0,0.0
완주군,2025-05-19,0.864689858147629,22,10.62857142857143,0.0,7,21,11.907142857142858,0.0,13.028571428571428,0.0,-0.14538438183713231,-0.036063948718165664,-3.368253968253967,-2.200793650793651,-1.3468253968253983,0.0,0.0,0.0
완주군,2025-05-26,0.8676614584644141,23,16.385714285714283,0.0,7,22,13.50714285714286,0.0,13.067857142857143,0.0,-0.1419536652118287,-0.058252514186691556,2.6920634920634896,-0.3380952380952351,-1.0257936507936503,0.0,0.0,0.0
완주군,2025-06-02,0.9221754646005798,21,15.114285714285714,0.0,7,23,15.750000000000002,0.0,13.82857142857143,0.0,-0.08101976485452402,0.030469390559514142,1.6380952380952376,2.1650793650793645,-0.01785714285714235,0.0,0.0,0.0
완주군,2025-06-09,0.8820341673737476,22,13.485714285714286,0.0,7,24,14.300000000000004,0.0,13.903571428571428,0.0,-0.12552448520667456,-0.026375500167682225,1.0063492063492063,1.3222222222222246,0.4920634920634921,0.0,0.0,0.0
완주군,2025-06-16,0.9178995039446126,22,10.028571428571428,0.0,7,25,11.75714285714286,0.0,13.753571428571428,0.0,-0.08566736718145326,-0.013245235687644574,-1.631746031746033,-0.3126984126984098,0.9261904761904756,0.0,0.0,0.0
완주군,2025-06-23,0.9947057573630521,22,10.528571428571428,0.0,7,26,10.278571428571432,0.0,12.289285714285715,0.0,-0.005308306800857108,0.10690004566803886,0.617460317460317,-0.5071428571428545,0.4075396825396833,-0.1111111111111111,-0.1111111111111111,-0.1111111111111111
완주군,2025-06-30,0.9860482516198594,20,10.814285714285713,0.0,7,27,10.671428571428574,0.0,11.214285714285715,0.0,-0.014049988842727195,0.08802906067674608,1.5349206349206348,1.0761904761904777,0.38174603174603305,-0.1111111111111111,-0.2222222222222222,-0.2222222222222222
완주군,2025-07-07,0.9236076325601459,21,12.5,0.0,7,28,11.65714285714286,0.0,10.967857142857143,0.0,-0.07946793761200831,0.035063109773085424,3.3841269841269845,2.4595238095238106,0.9761904761904763,0.0,-0.1111111111111111,-0.2222222222222222
완주군,2025-07-14,0.9688149884146157,19,8.371428571428572,0.0,7,29,10.43571428571429,0.0,10.553571428571427,0.0,-0.03168161574957874,0.05212601097257476,-0.7095238095238088,1.3373015873015905,1.2067460317460306,-0.1111111111111111,-0.1111111111111111,-0.3333333333333333
완주군,2025-07-21,0.8376239777212388,21,12.585714285714285,0.0,7,30,10.478571428571431,0.0,11.067857142857143,0.0,-0.1771859931387471,-0.05155455306795542,2.8365079365079353,1.063492063492065,1.7615079365079378,0.0,-0.1111111111111111,-0.2222222222222222
완주군,2025-07-28,0.8236679133832021,18,11.942857142857141,0.0,7,31,12.264285714285716,0.0,11.35,0.0,-0.19398784804497307,-0.06312831603707483,1.9158730158730144,2.3761904761904766,1.856746031746031,-0.2222222222222222,-0.2222222222222222,-0.3333333333333333
완주군,2025-08-04,0.9222997711019006,20,8.557142857142855,1.0,7,32,10.250000000000002,1.0,10.364285714285714,1.0,-0.080884976922322,0.017242532053649645,-0.8444444444444468,0.5357142857142865,0.799603174603174,0.33333333333333337,0.11111111111111116,0.0
완주군,2025-08-11,0.907991857653658,20,9.600000000000003,0.0,7,33,9.078571428571433,1.0,10.671428571428573,1.0,-0.09651986776283698,0.03971004396609766,-0.4732142857142829,-0.48392857142856727,0.9584821428571448,0.0,0.625,0.375
완주군,2025-08-18,0.9533721842844786,19,10.971428571428573,0.0,7,34,10.285714285714292,0.0,10.267857142857142,1.0,-0.04774991192076253,0.042149364652366794,1.4446428571428598,0.4857142857142911,0.6205357142857135,-0.25,-0.25,0.125
완주군,2025-08-25,0.8995891425620053,21,9.914285714285713,0.0,7,35,10.442857142857147,0.0,9.760714285714286,1.0,-0.10581712815388557,0.03244759506822954,0.8499999999999996,1.1473214285714306,0.3316964285714299,-0.125,-0.375,0.25
완주군,2025-09-01,0.8879745181245008,20,10.328571428571427,0.0,7,36,10.121428571428574,0.0,10.20357142857143,0.0,-0.11881223220744186,-0.002353785003906414,0.25178571428571317,0.5508928571428591,0.5183035714285715,0.0,-0.125,-0.375
완주군,2025-09-08,0.849658773630131,20,8.471428571428572,0.0,7,37,9.400000000000002,0.0,9.92142857142857,0.0,-0.16292045288558368,-0.089578105446379,-0.7321428571428577,-0.24017857142857046,0.4535714285714292,0.0,0.0,-0.375
완주군,2025-09-15,0.9349284415607773,19,8.457142857142857,0.0,7,38,8.464285714285719,0.0,9.292857142857143,0.0,-0.06728528571233422,0.034757516170541486,-1.869642857142857,-1.3008928571428537,-0.375,0.0,0.0,-0.125
완주군,2025-09-22,0.9845134025445823,21,9.257142857142856,0.0,7,39,8.857142857142861,0.0,9.128571428571428,0.0,-0.015607767440940572,0.08739805531751822,-2.373214285714287,-2.1214285714285683,-1.1808035714285712,0.0,0.0,0.0
완주군,2025-09-29,0.9830144461655138,24,8.242857142857144,0.0,7,40,8.750000000000004,0.0,8.607142857142858,0.0,-0.017131462945484798,0.07864852266301388,-2.005357142857143,-2.1892857142857114,-1.7450892857142861,0.0,0.0,0.0
완주군,2025-10-06,0.8298436594455373,19,7.985714285714286,0.0,7,41,8.114285714285717,0.0,8.485714285714286,0.0,-0.18651795804767493,-0.06378581019382568,-3.698214285714286,-2.851785714285713,-2.4866071428571423,0.0,0.0,0.0
완주군,2025-10-13,0.9025622406247685,19,8.157142857142857,0.0,7,42,8.071428571428575,0.0,8.410714285714286,0.0,-0.10251762647187139,-0.006922275813653123,-4.596428571428573,-4.147321428571427,-3.168303571428572,0.0,0.0,0.0
완주군,2025-10-20,0.9326362927211892,21,11.742857142857144,0.0,7,43,9.950000000000003,0.0,9.032142857142857,0.0,-0.0697399797301229,0.04577138822383389,-1.4732142857142847,-3.0348214285714263,-2.9433035714285722,0.0,0.0,0.0
완주군,2025-10-27,0.9373883501822807,22,13.242857142857144,0.0,7,44,12.492857142857147,0.0,10.282142857142858,0.0,-0.06465762136862269,0.03990376813833908,-0.7803571428571416,-1.1267857142857114,-2.63705357142857,0.0,0.0,0.0
완주군,2025-11-03,0.8892630973450341,21,14.757142857142856,0.0,7,45,14.000000000000004,0.0,11.975,0.0,-0.11736213973233807,0.019651075858169567,1.30892857142857,0.264285714285716,-1.385267857142857,0.0,0.0,0.0
완주군,2025-11-10,0.8719035593532777,23,15.071428571428571,0.0,7,46,14.914285714285718,0.0,13.70357142857143,0.0,-0.1370764582613938,0.01211199752237635,1.2732142857142854,1.2910714285714313,0.08214285714285907,0.0,0.0,0.0
완주군,2025-11-17,0.8609953579790477,21,12.285714285714286,0.0,7,47,13.678571428571432,0.0,13.839285714285715,0.0,-0.14966616599861754,-0.04394935882412446,-1.1678571428571427,0.05267857142857402,0.15848214285714413,0.0,0.0,0.0
완주군,2025-11-24,0.8924416256007579,19,12.085714285714285,0.0,7,48,12.18571428571429,0.0,13.549999999999999,0.0,-0.11379417295672209,0.006337752890784948,0.4964285714285719,-0.33571428571428363,0.4776785714285712,0.0,0.0,0.0
완주군,2025-12-01,0.8787680590517735,18,11.1,0.0,7,49,11.592857142857145,0.0,12.635714285714286,0.0,-0.12923428522714955,-0.002088900066287369,-0.9839285714285726,-0.24374999999999858,-0.09553571428571317,0.0,0.0,0.0
완주군,2025-12-08,0.9322963463821651,16,12.342857142857143,0.0,7,50,11.721428571428575,0.0,11.95357142857143,0.0,-0.07010454661652017,0.08304845159046943,1.2446428571428587,0.13035714285714484,-0.10267857142857117,0.0,0.0,0.0
완주군,2025-12-15,0.8438782407002335,19,12.5,0.0,7,51,12.421428571428574,0.0,12.007142857142856,0.0,-0.16974705936649742,-0.02396113853764187,1.4857142857142858,1.3651785714285722,0.560714285714285,0.0,0.0,0.0
완주군,2025-12-22,0.8923791983580656,21,11.185714285714285,0.0,7,52,11.842857142857145,0.0,11.782142857142858,0.0,-0.11386412646900723,0.005168375896725877,0.3946428571428555,0.9401785714285715,0.5352678571428591,0.0,0.0,0.0
완주군,2025-12-29,0.8747425229715168,20,10.885714285714286,0.0,7,1,11.035714285714288,0.0,11.728571428571428,0.0,-0.1338256953884566,-0.04363185853334367,-1.2303571428571427,-0.38482142857142776,0.48660714285714235,0.0,0.0,0.0
완주군,2026-01-05,0.9304384643673601,19,12.042857142857143,0.0,7,2,11.464285714285719,0.0,11.653571428571428,0.0,-0.07209933687883262,0.021286211109207073,0.5499999999999989,-0.34017857142856833,0.2589285714285712,0.0,0.0,0.0
완주군,2026-01-12,0.9216703990114498,21,15.257142857142856,0.0,7,3,13.650000000000002,0.0,12.342857142857143,0.0,-0.0815676041416677,0.01608585244461161,3.367857142857142,1.9589285714285722,0.7870535714285722,0.0,0.0,0.0
완주군,2026-01-19,0.9077628797951052,21,10.585714285714287,0.0,7,4,12.921428571428574,0.0,12.192857142857143,0.0,-0.09677208008539803,-0.0063287564012640685,-1.387301587301586,1.0674603174603199,0.462301587301587,0.0,0.0,0.0
완주군,2026-01-26,0.9034421000925382,20,12.385714285714286,0.0,7,5,11.485714285714291,0.0,12.567857142857143,0.0,-0.10154325501822167,0.004045863360841062,0.7174603174603185,-0.33492063492063195,0.9119047619047631,0.0,0.0,0.0
완주군,2026-02-02,0.9246226858766831,20,11.614285714285714,0.0,7,6,12.000000000000004,0.0,12.460714285714285,0.0,-0.07836953184681081,0.01247158992936058,-1.2365079365079374,-0.25952380952380594,0.4039682539682534,0.0,0.0,0.0
완주군,2026-02-09,0.9094465605824334,18,13.385714285714286,0.0,7,7,12.500000000000004,0.0,11.992857142857144,0.0,-0.09491903966892526,0.039482991995015815,0.6587301587301582,-0.2888888888888861,-0.3119047619047617,0.0,0.0,0.0
완주군,2026-02-16,0.8133371830691667,16,17.771428571428572,0.0,7,8,15.578571428571433,0.0,13.789285714285715,0.0,-0.2066095160924388,-0.10212971629040019,4.112698412698414,2.3857142857142897,1.0630952380952383,0.0,0.0,0.0
완주군,2026-02-23,0.864202984992773,21,14.285714285714286,0.0,7,9,16.028571428571432,0.0,14.264285714285714,0.0,-0.14594760143707228,-0.07075213094565246,-0.07301587301587276,2.0198412698412724,0.8654761904761905,0.0,0.0,0.0
완주군,2026-03-02,0.930198154476919,23,11.5,0.0,7,10,12.892857142857146,0.0,14.235714285714288,0.0,-0.07235764620086087,-0.006062721784383801,-2.5555555555555554,-1.3142857142857114,0.5357142857142865,0.0,0.0,0.0
완주군,2026-03-09,0.9479041344365644,22,14.685714285714285,0.0,7,11,13.092857142857145,0.0,14.560714285714287,0.0,-0.053501905852555744,0.021264841599842772,0.39365079365079225,-1.0809523809523789,0.469444444444445,0.0,0.0,0.0
완주군,2026-03-16,0.9368325478436347,19,15.985714285714286,0.0,7,12,15.335714285714289,0.0,14.114285714285716,0.0,-0.06525072366037961,0.02354983325872756,0.6126984126984123,0.5031746031746049,-0.4055555555555532,0.0,0.0,0.0
완주군,2026-03-23,0.9688491020823888,22,19.714285714285715,0.0,7,13,17.850000000000005,0.0,15.471428571428572,0.0,-0.03164640462300216,0.053404709407594016,3.760317460317461,2.1865079365079403,0.5527777777777789,0.0,0.0,0.0
완주군,2026-03-30,0.9236868607045998,23,13.700000000000001,0.0,7,14,16.707142857142863,0.0,16.021428571428572,0.0,-0.07938216011979862,-0.011955925558714275,-1.8015873015873023,0.979365079365083,0.7412698412698422,0.0,0.0,0.0
완주군,2026-04-06,0.8922237318155697,26,13.571428571428571,0.0,7,15,13.63571428571429,0.0,15.742857142857144,0.0,-0.11403835743126844,-0.019709519616531557,-1.6920634920634914,-1.7468253968253933,0.21984126984127172,0.0,0.0,0.0
완주군,2026-04-13,0.8310213630047761,22,17.47142857142857,0.0,7,16,15.521428571428576,0.0,16.114285714285714,0.0,-0.1850997768701483,-0.09214895459251667,1.93968253968254,0.12380952380952515,0.5515873015873005,0.0,0.0,0.0
완주군,2026-04-20,0.8926746318429718,22,18.514285714285712,0.0,7,17,17.992857142857147,0.0,15.814285714285713,0.0,-0.1135331185379238,-0.0045100323712659734,4.879365079365076,3.4095238095238134,0.8313492063492038,0.0,0.0,0.0
완주군,2026-04-27,0.924693385401574,23,13.157142857142857,0.0,7,18,15.835714285714285,0.0,15.678571428571427,0.0,-0.07829307166131477,0.006630314401186901,-1.663492063492063,1.6079365079365058,0.8658730158730137,0.0,0.0,0.0
완주군,2026-05-04,0.8934890405621142,24,18.37142857142857,0.0,7,19,15.764285714285716,0.0,16.878571428571426,0.0,-0.11262121019697906,-0.047203603750779935,3.906349206349205,1.12142857142857,2.265476190476189,0.0,0.0,0.0
완주군,2026-05-11,0.887507278560988,22,16.900000000000002,0.0,7,20,17.635714285714286,0.0,16.735714285714284,0.0,-0.11933855647071638,-0.04466035238316336,2.680952380952382,3.2936507936507944,2.450793650793649,0.0,0.0,0.0
완주군,2026-05-18,0.8344051629418475,23,11.557142857142859,0.0,7,21,14.228571428571435,0.0,14.996428571428574,0.0,-0.18103618770464142,-0.07171575458567477,-2.439682539682538,0.12063492063492554,0.6210317460317469,0.0,0.0,0.0
완주군,2026-05-25,0.9153707176169329,23,12.857142857142858,0.0,7,22,12.207142857142863,0.0,14.921428571428573,0.0,-0.08842613989459076,-0.00472498886945362,-0.8365079365079353,-1.6380952380952323,0.8277777777777793,0.0,0.0,0.0
완주군,2026-06-01,0.8803077103131224,24,15.285714285714286,0.0,7,23,14.071428571428577,0.0,14.150000000000002,0.0,-0.12748376182010873,-0.015994606406070574,1.8095238095238102,0.4865079365079392,0.3035714285714306,0.0,0.0,0.0
완주군,2026-06-08,0.8983144456643445,23,14.714285714285714,0.0,7,24,15.000000000000004,0.0,13.603571428571428,0.0,-0.10723510976267848,-0.008086124723686153,2.234920634920634,2.022222222222224,0.19206349206349138,0.0,0.0,0.0
완주군,2026-06-15,0.917916014051893,24,11.571428571428571,0.0,7,25,13.142857142857146,0.0,13.607142857142858,0.0,-0.08564938050782617,-0.013227249014017478,-0.08888888888889035,1.0730158730158763,0.7797619047619051,0.0,0.0,0.0
완주군,2026-06-22,0.8088026212139279,23,11.77142857142857,0.0,7,26,11.671428571428574,0.0,13.335714285714285,0.0,-0.21220037041326364,-0.09999201794436768,1.860317460317459,0.8857142857142879,1.4539682539682541,-0.1111111111111111,-0.1111111111111111,-0.1111111111111111
완주군,2026-06-29,0.9585973730172962,22,10.228571428571428,0.0,7,27,11.000000000000004,0.0,12.07142857142857,0.0,-0.042284132697147925,0.05979491682232535,0.9492063492063494,1.4047619047619069,1.2388888888888872,-0.1111111111111111,-0.2222222222222222,-0.2222222222222222
완주군,2026-07-06,0.9826842028306838,24,9.685714285714285,0.0,7,28,9.957142857142859,0.0,10.814285714285713,0.0,-0.017467469014477814,0.09706357837061591,0.5698412698412696,0.7595238095238095,0.822619047619046,0.0,-0.1111111111111111,-0.2222222222222222
완주군,2026-07-13,0.8809810202222141,20,8.557142857142857,1.0,7,29,9.121428571428574,1.0,10.060714285714285,1.0,-0.12671919672613202,-0.04291157000397852,-0.5238095238095237,0.023015873015873822,0.7138888888888886,0.8888888888888888,0.8888888888888888,0.6666666666666667
완주군,2026-07-20,0.9328499936016927,21,9.428571428571429,0.0,7,30,8.992857142857147,1.0,9.475,1.0,-0.06951086962301023,0.05612057044778146,-0.32063492063492127,-0.42222222222221895,0.16865079365079438,0.0,0.8888888888888888,0.7777777777777778
완주군,2026-07-27,0.9413052338957157,23,10.742857142857142,0.0,7,31,10.085714285714289,0.0,9.603571428571428,1.0,-0.06048782016001018,0.07037171184788805,0.7158730158730151,0.19761904761904958,0.11031746031745904,-0.2222222222222222,-0.2222222222222222,0.6666666666666667
완주군,2026-08-03,0.8821746778002627,20,12.200000000000001,3.0,7,32,11.471428571428575,3.0,10.232142857142858,4.0,-0.12536519519155356,-0.027237686215581924,2.798412698412699,1.7571428571428598,0.6674603174603178,2.3333333333333335,2.111111111111111,3.0
익산시,2018-01-22,0.9661727446469301,6,9.842857142857142,0.0,7,4,10.107142857142856,0.0,9.985714285714286,0.0,-0.03441263607058426,-0.07693503682911412,-1.4063492063492085,-0.7452380952380917,-0.7559523809523814,0.0,0.0,0.0
익산시,2018-01-29,1.0552179961100445,7,11.642857142857142,0.0,7,5,10.742857142857142,0.0,10.353571428571428,0.0,0.053747376966634224,-0.01209232475049097,0.6111111111111107,-0.39761904761904354,-0.43849206349206504,0.0,0.0,0.0
익산시,2018-02-05,0.9845231417376304,7,13.785714285714286,0.0,7,6,12.714285714285715,0.0,11.410714285714285,0.0,-0.01559787509732054,-0.026005472866481142,1.4222222222222225,1.0166666666666728,0.13571428571428612,0.0,0.0,0.0
익산시,2018-02-12,0.9648324552210866,10,13.257142857142856,0.0,7,7,13.521428571428572,0.0,12.132142857142858,0.0,-0.035800814249666926,-0.05765165851083279,1.1984126984126977,1.3103174603174672,0.4563492063492074,0.0,0.0,0.0
익산시,2018-02-19,0.9463482289952532,9,13.957142857142857,0.0,7,8,13.607142857142858,0.0,13.160714285714285,0.0,-0.055144670904620476,-0.06332934948525899,1.4142857142857146,1.3063492063492124,1.1615079365079364,0.0,0.0,0.0
익산시,2018-02-26,0.8709511914372488,5,15.414285714285713,0.0,7,9,14.685714285714285,0.0,14.103571428571428,0.0,-0.1381693410852651,-0.1575439583186521,1.9317460317460302,1.6730158730158777,1.4916666666666671,0.0,0.0,0.0
익산시,2018-03-05,0.9574753850870329,8,11.285714285714286,0.0,7,10,13.35,0.0,13.478571428571428,0.0,-0.043455265738684544,-0.06527866048690338,-1.4682539682539684,0.23174603174603625,0.769047619047619,0.0,0.0,0.0
익산시,2018-03-12,1.0638041723318243,7,14.028571428571428,0.0,7,11,12.657142857142858,0.0,13.67142857142857,0.0,0.06185132542012246,0.054452840126929206,0.693650793650793,-0.3873015873015806,0.6428571428571423,0.0,0.0,0.0
익산시,2018-03-19,1.0924954667675775,8,10.299999999999999,0.0,7,12,12.164285714285715,0.0,12.757142857142856,0.0,0.08846449856717092,0.057667887156493305,-3.841269841269842,-1.573809523809519,-0.6710317460317476,0.0,0.0,0.0
익산시,2018-03-26,0.9022488976754836,9,15.185714285714285,0.0,7,13,12.742857142857142,0.0,12.7,0.0,-0.10286485721062712,-0.11735852100044922,0.11269841269841052,-1.8642857142857103,-1.1257936507936517,0.0,0.0,0.0
익산시,2018-04-02,0.9700240589159533,7,10.271428571428572,0.0,7,14,12.728571428571428,0.0,12.44642857142857,0.0,-0.03043440478616056,-0.03532329984723921,-4.041269841269841,-1.96428571428571,-1.7690476190476208,0.0,0.0,0.0
익산시,2018-04-09,0.9422176647801416,7,13.528571428571428,0.0,7,15,11.9,0.0,12.321428571428571,0.0,-0.05951896445197417,-0.08635499829816043,-0.4063492063492067,-2.2238095238095195,-2.0440476190476193,0.0,0.0,0.0
익산시,2018-04-16,0.9817938574378747,5,17.67142857142857,0.0,7,16,15.6,0.0,14.164285714285715,0.0,-0.018373913806892007,-0.05463441809115044,3.095238095238095,1.3444444444444485,-0.3099206349206334,0.0,0.0,0.0
익산시,2018-04-23,0.951668555845546,5,13.285714285714286,0.0,7,17,15.478571428571428,0.0,13.689285714285715,0.0,-0.04953846043543822,-0.118066148905358,0.4984126984126984,1.7968253968254029,-0.21349206349206362,0.0,0.0,0.0
익산시,2018-04-30,0.9270625344264634,5,12.814285714285715,0.0,7,18,13.05,0.0,14.325,0.0,-0.07573425676330939,-0.10148942067488492,-1.0936507936507933,-0.29761904761904034,0.5234126984126988,0.0,0.0,0.0
익산시,2018-05-07,0.9077883710135396,6,10.714285714285714,0.0,7,19,11.764285714285714,0.0,13.621428571428572,0.0,-0.09674399911723507,-0.10267944448901516,-2.049206349206349,-1.5714285714285658,0.1126984126984123,0.0,0.0,0.0
익산시,2018-05-14,1.104558189226918,8,11.385714285714286,0.0,7,20,11.05,0.0,12.05,0.0,0.09944542626296726,0.0393238744499058,-1.0968253968253965,-1.5730158730158657,-0.9353174603174601,0.0,0.0,0.0
익산시,2018-05-21,1.0678520923178723,5,14.814285714285715,0.0,7,21,13.100000000000001,0.0,12.432142857142857,0.0,0.06564924060825968,-0.0065591845783740665,2.549206349206349,0.7261904761904834,-0.42261904761904745,0.0,0.0,0.0
익산시,2018-05-28,1.0878481739727264,6,14.87142857142857,0.0,7,22,14.842857142857142,0.0,12.946428571428571,0.0,0.08420159271535457,0.04899972918257022,3.1412698412698408,2.8452380952381002,0.6361111111111111,0.0,0.0,0.0
익산시,2018-06-04,1.0152801136033336,8,11.814285714285713,0.0,7,23,13.342857142857142,0.0,13.221428571428572,0.0,0.015164548413364998,-0.023204649978058146,0.6968253968253961,1.9190476190476247,1.3226190476190478,0.0,0.0,0.0
익산시,2018-06-11,0.9986065866032539,9,11.157142857142857,0.0,7,24,11.485714285714284,0.0,13.164285714285713,0.0,-0.0013943850999543327,-0.07478875294771527,0.8857142857142843,0.7912698412698465,1.8182539682539662,0.0,0.0,0.0
익산시,2018-06-18,0.9765192581683724,8,11.042857142857143,0.0,7,25,11.1,0.0,12.221428571428572,0.0,-0.023760807233274738,-0.05652328814947184,1.3920634920634907,1.1388888888888946,1.5289682539682534,0.0,0.0,0.0
익산시,2018-07-02,1.0929135215753893,8,7.400000000000001,0.0,6,27,9.221428571428572,0.0,10.353571428571428,0.0,0.0888470858221343,0.04950341707079139,-0.5380952380952362,1.0023809523809586,1.242063492063492,-0.5555555555555556,-0.7777777777777778,-0.7777777777777778
익산시,2018-07-09,1.0066732406760284,11,9.642857142857142,0.0,7,28,8.521428571428572,0.0,9.810714285714287,0.0,0.006651073170220997,-0.048382521160078976,1.5825396825396822,0.5222222222222292,1.2702380952380956,-0.4444444444444444,-1.0,-1.2222222222222223
익산시,2018-07-16,0.9544792352262442,12,12.028571428571428,0.0,7,29,10.835714285714285,0.0,10.028571428571428,0.0,-0.046589390661409456,-0.047094431493965284,3.8126984126984116,2.697619047619053,1.8499999999999996,-0.3333333333333333,-0.7777777777777778,-1.5555555555555556
익산시,2018-07-23,0.9088532619426647,11,11.428571428571429,0.0,7,30,11.728571428571428,0.0,10.125,0.0,-0.09557162584143057,-0.13249638686079218,2.84126984126984,3.326984126984131,1.924603174603174,-1.6666666666666667,-2.0,-3.0
익산시,2018-07-30,1.0243389634678417,11,12.071428571428571,3.0,7,31,11.75,3.0,11.292857142857144,3.0,0.024047490854174507,0.022184345567233858,2.96984126984127,2.9055555555555603,2.8015873015873023,0.44444444444444464,-1.2222222222222223,-2.0
익산시,2018-08-06,0.9306261117587117,11,10.471428571428572,4.0,7,32,11.27142857142857,7.0,11.5,7.0,-0.07189768090794947,-0.08440557559817252,2.06031746031746,2.5150793650793695,2.921031746031746,1.5555555555555554,2.0,0.0
익산시,2018-08-13,0.9448695431231925,9,12.6,1.0,7,33,11.535714285714285,5.0,11.642857142857144,8.0,-0.056708410623205405,-0.03249143526277108,3.2642857142857142,2.7410714285714324,2.7857142857142865,0.125,2.125,1.375
익산시,2018-08-20,1.0082456250779537,12,8.77142857142857,1.0,7,34,10.685714285714283,2.0,10.978571428571428,9.0,0.008211815637655362,0.008295282984654491,-0.1875,1.5383928571428598,2.048660714285713,0.375,0.5,3.0
익산시,2018-08-27,1.1211490843990135,10,8.185714285714285,0.0,7,35,8.478571428571428,1.0,10.007142857142856,6.0,0.1143541275747256,0.0939994775493752,-0.41607142857142954,-0.3017857142857103,1.2196428571428566,-0.25,0.125,2.25
익산시,2018-09-03,1.064523739786243,7,11.1,0.0,7,36,9.642857142857142,0.0,10.164285714285715,2.0,0.06252750645194417,0.05127440364109871,1.5035714285714281,0.5437500000000028,1.0410714285714295,0.0,-0.25,0.25
익산시,2018-09-10,1.0811172318818982,10,9.571428571428571,0.0,7,37,10.335714285714285,0.0,9.407142857142857,1.0,0.07799498040138042,0.04537228556980559,1.0303571428571434,1.266964285714291,0.48258928571428505,0.0,0.0,0.125
익산시,2018-09-17,1.1234323665468662,11,10.200000000000001,0.0,7,38,9.885714285714286,0.0,9.764285714285714,0.0,0.11638861194102613,0.06821238227795917,0.13750000000000107,0.5839285714285776,0.5638392857142858,-0.125,-0.125,-0.375
익산시,2018-09-24,1.060107513045782,5,14.071428571428571,0.0,7,39,12.135714285714286,0.0,11.235714285714286,0.0,0.05837033038224578,0.018651517698493693,2.746428571428572,1.4419642857142918,1.3544642857142861,0.0,-0.125,-0.125
익산시,2018-10-01,1.0581062678176378,9,12.057142857142859,0.0,7,40,13.064285714285713,0.0,11.475000000000001,0.0,0.05648077056381084,0.021219875932982725,1.6439285714285727,2.195178571428576,1.3895535714285714,0.0,0.0,-0.125
익산시,2018-10-08,1.022399463731488,9,13.87142857142857,0.0,7,41,12.964285714285714,0.0,12.55,0.0,0.022152280121715554,0.0007972070658048627,1.7714285714285705,1.7076785714285752,1.574821428571429,0.0,0.0,-0.125
익산시,2018-10-15,1.0712586541345805,6,14.914285714285715,0.0,7,42,14.392857142857142,0.0,13.728571428571428,0.0,0.06883426943591957,0.032517203665061944,2.00357142857143,1.8875000000000046,2.041339285714285,0.0,0.0,0.0
익산시,2018-10-22,1.1513443032896844,8,13.542857142857143,0.0,7,43,14.228571428571428,0.0,13.596428571428572,0.0,0.14093021905645559,0.09604526893430068,-0.16607142857142776,0.9187500000000046,1.3132142857142846,0.0,0.0,0.0
익산시,2018-10-29,1.064250411815607,9,14.728571428571428,0.0,7,44,14.135714285714284,0.0,14.264285714285712,0.0,0.06227071267987372,0.028248001858857855,0.9160714285714278,0.37500000000000533,1.1312499999999979,0.0,0.0,0.0
익산시,2018-11-05,1.0903020724034886,6,10.514285714285714,0.0,7,45,12.62142857142857,0.0,13.425,0.0,0.08645478849285064,0.06022214822994211,-2.4375,-0.7607142857142808,0.07901785714285836,0.0,0.0,0.0
익산시,2018-11-12,1.0539428332521572,8,12.8,0.0,7,46,11.657142857142857,0.0,12.896428571428572,0.0,0.052538210747063316,0.008356894805315734,-0.6482142857142854,-1.5428571428571374,-0.5839285714285705,0.0,0.0,0.0
익산시,2018-11-19,1.0138127589597696,7,12.671428571428573,0.0,7,47,12.735714285714286,0.0,12.678571428571429,0.0,0.013718232259784007,-0.03856241636871312,0.21785714285714342,-0.21517857142856478,-0.4879464285714281,0.0,0.0,0.0
익산시,2018-11-26,1.0744733423479678,9,13.885714285714286,0.0,7,48,13.278571428571428,0.0,12.467857142857143,0.0,0.0718306274375921,0.02915709625728042,3.4053571428571434,1.8116071428571487,0.13437500000000036,0.0,0.0,0.0
익산시,2018-12-03,1.079612789583021,10,7.385714285714286,0.0,7,49,10.635714285714286,0.0,11.685714285714287,0.0,0.07660244868567057,0.020734916288170105,-3.671428571428571,-0.13303571428570748,-0.17410714285714235,0.0,0.0,0.0
익산시,2018-12-10,1.0429893988031045,11,10.528571428571428,0.0,7,50,8.957142857142856,0.0,11.117857142857144,0.0,0.04209101182805831,-0.005152772780329211,0.14107142857142918,-1.7651785714285673,0.023214285714287186,0.0,0.0,0.0
익산시,2018-12-17,1.1732219031815114,7,12.485714285714286,0.0,7,51,11.507142857142856,0.0,11.071428571428573,0.0,0.1597537275526728,0.126496372582879,2.2142857142857135,1.1776785714285758,0.5223214285714306,0.0,0.0,0.0
익산시,2018-12-24,1.1082064876521627,7,9.585714285714287,0.0,7,52,11.035714285714285,0.0,9.996428571428572,0.0,0.10274293165899227,0.06515605472005583,-0.6017857142857128,0.8062500000000057,-0.4794642857142861,0.0,0.0,0.0
익산시,2018-12-31,1.076433328532097,6,12.214285714285714,0.0,7,1,10.899999999999999,0.0,11.20357142857143,0.0,0.07365310235308552,0.026463450595242917,1.3017857142857139,0.4428571428571466,0.7933035714285719,0.0,0.0,0.0
익산시,2019-01-07,1.1484220728016739,9,10.957142857142857,0.0,7,2,11.585714285714285,0.0,11.310714285714285,0.0,0.13838888956218703,0.10418091997778352,0.41607142857142776,0.8589285714285761,0.8098214285714285,0.0,0.0,0.0
익산시,2019-01-14,1.121601441886059,8,11.842857142857143,0.0,7,3,11.399999999999999,0.0,11.149999999999999,0.0,0.11475752285911237,0.06480209975941113,1.376785714285715,0.8964285714285758,0.6696428571428559,0.0,0.0,0.0
익산시,2019-01-21,1.1093611350450725,8,14.700000000000001,0.0,7,4,13.271428571428572,0.0,12.428571428571429,0.0,0.10378429561600279,0.061261894857472916,3.450793650793651,2.4190476190476247,1.6869047619047617,0.0,0.0,0.0
익산시,2019-01-28,1.1901375528716127,6,12.242857142857144,0.0,7,5,13.471428571428572,0.0,12.435714285714287,0.0,0.17406889109176782,0.10822918937464263,1.2111111111111121,2.330952380952386,1.643650793650794,0.0,0.0,0.0
익산시,2019-02-04,0.9983470407809015,6,11.171428571428569,0.0,7,6,11.707142857142856,0.0,12.489285714285714,0.0,-0.0016543268635032058,-0.012061924632663808,-1.192063492063495,0.009523809523813043,1.2142857142857153,0.0,0.0,0.0
익산시,2019-02-11,1.0608918395242601,6,10.714285714285714,0.0,7,7,10.94285714285714,0.0,12.207142857142857,0.0,0.059109912422456,0.03725906816129014,-1.344444444444445,-1.2682539682539655,0.5313492063492067,0.0,0.0,0.0
익산시,2019-02-18,1.0389889883748715,5,13.057142857142859,0.0,7,8,11.885714285714286,0.0,11.79642857142857,0.0,0.03824811376917783,0.03006343518853931,0.514285714285716,-0.41507936507935916,-0.2027777777777775,0.0,0.0,0.0
익산시,2019-02-25,1.065080466315019,6,13.585714285714287,0.0,7,9,13.321428571428573,0.0,12.132142857142856,0.0,0.06305035153260617,0.04367573429921917,0.10317460317460458,0.3087301587301656,-0.4797619047619044,0.0,0.0,0.0
익산시,2019-03-04,1.0651308135909738,5,14.828571428571427,0.0,7,10,14.207142857142856,0.0,13.046428571428573,0.0,0.06309762128132929,0.04127422653311045,2.0746031746031726,1.0888888888888921,0.3369047619047638,0.0,0.0,0.0
익산시,2019-03-11,1.0591867715532235,6,13.471428571428572,0.0,7,11,14.149999999999999,0.0,13.735714285714288,0.0,0.057501417030116866,0.05010293173692361,0.13650793650793602,1.1055555555555596,0.7071428571428591,0.0,0.0,0.0
익산시,2019-03-18,1.0594601257037648,5,15.057142857142859,0.0,7,12,14.264285714285714,0.0,14.235714285714286,0.0,0.05775946300503799,0.026962851594360373,0.915873015873018,0.5261904761904805,0.8075396825396819,0.0,0.0,0.0
익산시,2019-03-25,1.0220969325682303,6,12.62857142857143,0.0,7,13,13.842857142857143,0.0,13.996428571428572,0.0,0.021856333241091794,0.007362669451269687,-2.4444444444444446,-0.7642857142857089,0.17063492063492092,0.0,0.0,0.0
익산시,2019-04-01,1.0079933584918646,6,17.457142857142856,0.0,7,14,15.042857142857141,0.0,14.653571428571428,0.0,0.007961580829717232,0.0030726857686385793,3.144444444444442,0.3500000000000032,0.4380952380952383,0.0,0.0,0.0
익산시,2019-04-08,1.1093379489312138,6,13.828571428571427,0.0,7,15,15.642857142857139,0.0,14.742857142857142,0.0,0.10376339497740159,0.07692736113121532,-0.10634920634920775,1.519047619047619,0.3773809523809515,0.0,0.0,0.0
익산시,2019-04-15,1.090991803767302,7,14.571428571428571,0.0,7,16,14.199999999999998,0.0,14.62142857142857,0.0,0.08708719423545666,0.05082668995119823,-0.004761904761904745,-0.05555555555555358,0.14722222222222214,0.0,0.0,0.0
익산시,2019-04-22,1.095027740113039,6,9.671428571428573,0.0,7,17,12.12142857142857,0.0,13.882142857142856,0.0,0.0907796963841434,0.022252007914223618,-3.1158730158730155,-1.5603174603174548,-0.020634920634922338,0.0,0.0,0.0
익산시,2019-04-29,1.10037098587053,7,15.714285714285714,0.0,7,18,12.692857142857141,0.0,13.446428571428571,0.0,0.0956473828272946,0.06989221891571906,1.8063492063492053,-0.6547619047618998,-0.35515873015872934,0.0,0.0,0.0
익산시,2019-05-06,1.0336568009107556,6,18.37142857142857,0.0,7,19,17.04285714285714,0.0,14.582142857142856,0.0,0.03310280697778088,0.027167361606000785,5.6079365079365076,3.707142857142861,1.073412698412696,0.0,0.0,0.0
익산시,2019-05-13,1.0405997235201885,6,13.87142857142857,0.0,7,20,16.121428571428567,0.0,14.407142857142857,0.0,0.039797204181342416,-0.020324347631719045,1.3888888888888875,3.4984126984127,1.4218253968253958,0.0,0.0,0.0
익산시,2019-05-20,1.0335244815108766,6,16.642857142857142,0.0,7,21,15.257142857142854,0.0,16.15,0.0,0.03297478782321044,-0.0392336373634233,4.377777777777776,2.8833333333333364,3.295238095238094,0.0,0.0,0.0
익산시,2019-05-27,1.0815239616206282,7,13.357142857142858,0.0,7,22,14.999999999999998,0.0,15.560714285714285,0.0,0.07837112207920235,0.043169258546418,1.6269841269841283,3.002380952380957,3.250396825396825,0.0,0.0,0.0
익산시,2019-06-03,1.0181912233870043,5,12.214285714285714,0.0,7,23,12.785714285714285,0.0,14.02142857142857,0.0,0.018027742715108642,-0.020341455676314502,1.0968253968253965,1.3619047619047677,2.1226190476190467,0.0,0.0,0.0
익산시,2019-06-10,1.1823201706671214,6,10.985714285714286,0.0,7,24,11.599999999999998,0.0,13.3,0.0,0.16747875427351794,0.094084386425757,0.7142857142857135,0.9055555555555603,1.9539682539682541,0.0,0.0,0.0
익산시,2019-06-17,0.9067599417420737,5,10.871428571428572,0.0,7,25,10.928571428571427,0.0,11.857142857142858,0.0,-0.09787753673026645,-0.13064001764646355,1.2206349206349199,0.967460317460322,1.1646825396825395,0.0,0.0,0.0
익산시,2019-06-24,1.1489922381119524,7,9.028571428571428,0.0,7,26,9.95,0.0,10.775,0.0,0.1388852435017232,0.07042286228802225,0.8464285714285715,1.1205357142857189,1.0625000000000018,-0.25,-0.25,-0.25
익산시,2019-07-01,1.2311561798075972,10,12.97142857142857,0.0,7,27,10.999999999999996,0.0,10.964285714285714,0.0,0.20795371145982172,0.16861004270847882,5.033333333333332,2.7809523809523835,1.8527777777777779,-0.5555555555555556,-0.7777777777777778,-0.7777777777777778
익산시,2019-07-08,1.1815667941442114,7,8.785714285714286,0.0,7,28,10.878571428571426,0.0,10.414285714285713,0.0,0.1668413493894166,0.11180775505911664,0.7253968253968264,2.8793650793650833,1.8738095238095216,-0.4444444444444444,-1.0,-1.2222222222222223
익산시,2019-07-15,1.1166652585584034,8,8.700000000000001,0.0,7,29,8.742857142857142,0.0,9.871428571428572,0.0,0.11034679617559573,0.1098417553430399,0.4841269841269842,0.6047619047619097,1.692857142857143,-0.3333333333333333,-0.7777777777777778,-1.5555555555555556
익산시,2019-07-22,1.1535711333867553,11,6.914285714285713,3.0,7,30,7.807142857142855,3.0,9.342857142857142,3.0,0.14286246416573176,0.10593770314637016,-1.673015873015876,-0.5944444444444414,1.1424603174603156,1.3333333333333333,1.0,0.0
익산시,2019-07-29,0.9192777399651231,8,10.799999999999999,1.0,7,31,8.857142857142854,4.0,8.8,4.0,-0.08416698251946038,-0.08603012780640103,1.6984126984126977,0.01269841269841443,0.3087301587301585,-1.5555555555555554,-0.22222222222222232,-1.0
익산시,2019-08-05,1.0831635414342378,10,10.485714285714284,3.0,7,32,10.642857142857139,4.0,9.225,7.0,0.07988596440617177,0.06737806971594872,2.0746031746031726,1.8865079365079378,0.6460317460317455,0.5555555555555554,-1.0,0.0
익산시,2019-08-12,1.0066497934148733,11,8.971428571428572,2.0,7,33,9.728571428571426,5.0,9.292857142857141,9.0,0.006627781069788882,0.030844756430223202,-0.3642857142857139,0.9339285714285737,0.4357142857142833,1.125,2.125,2.375
익산시,2019-08-19,1.0298449539191856,8,11.328571428571427,0.0,7,34,10.149999999999999,2.0,10.39642857142857,6.0,0.02940826073519249,0.02949172808219162,2.369642857142857,1.002678571428575,1.4665178571428559,-0.625,0.5,0.0
익산시,2019-08-26,1.1070655718878337,9,9.742857142857144,0.0,7,35,10.535714285714285,0.0,10.132142857142856,5.0,0.1017128858365922,0.0813582358112418,1.1410714285714292,1.7553571428571466,1.3446428571428566,-0.25,-0.875,1.25
익산시,2019-09-02,1.1103720710041183,7,7.514285714285713,0.0,7,36,8.628571428571426,0.0,9.389285714285714,2.0,0.10469515826038375,0.09344205544953829,-2.082142857142858,-0.47053571428571317,0.2660714285714292,0.0,-0.25,0.25
익산시,2019-09-09,1.1971425026054596,7,8.328571428571427,0.0,7,37,7.921428571428569,0.0,9.228571428571428,0.0,0.17993746928567717,0.14731477445410235,-0.21250000000000036,-1.1473214285714253,0.30401785714285623,0.0,0.0,-0.875
익산시,2019-09-16,1.0482029354873283,6,10.842857142857143,0.0,7,38,9.585714285714285,0.0,9.107142857142856,0.0,0.047077207885087326,-0.0010990217779796377,0.7803571428571434,0.28392857142857686,-0.0933035714285726,-0.125,-0.125,-0.375
익산시,2019-09-23,1.0259137976736963,7,11.671428571428573,0.0,7,39,11.257142857142856,0.0,9.589285714285715,0.0,0.025583725356985065,-0.014135087326767024,0.3464285714285733,0.5633928571428619,-0.29196428571428434,0.0,-0.125,-0.125
익산시,2019-09-30,1.0716889118553456,6,8.942857142857145,0.0,7,40,10.307142857142857,0.0,9.946428571428571,0.0,0.06923582636934632,0.033974931738518205,-1.4703571428571411,-0.5619642857142804,-0.13901785714285886,0.0,0.0,-0.125
익산시,2019-10-07,1.0869128248222832,8,12.571428571428571,0.0,7,41,10.757142857142856,0.0,11.007142857142858,0.0,0.08334140696746321,0.06198633391155252,0.47142857142857153,-0.49946428571428214,0.031964285714286333,0.0,0.0,-0.125
익산시,2019-10-14,0.9825901642511399,6,13.742857142857144,0.0,7,42,13.157142857142855,0.0,11.732142857142858,0.0,-0.017563169219182908,-0.053880234990040535,0.8321428571428591,0.6517857142857171,0.0449107142857148,0.0,0.0,0.0
익산시,2019-10-21,1.1002991857156017,9,13.085714285714285,0.0,7,43,13.414285714285713,0.0,12.085714285714285,0.0,0.09558212983674584,0.05069717971459094,-0.623214285714285,0.10446428571428967,-0.19750000000000156,0.0,0.0,0.0
익산시,2019-10-28,1.0604329846531724,10,14.414285714285713,0.0,7,44,13.749999999999996,0.0,13.453571428571427,0.0,0.05867730080822854,0.024654589987212677,0.6017857142857128,-0.010714285714282568,0.3205357142857128,0.0,0.0,0.0
익산시,2019-11-04,0.9973273936489484,10,15.857142857142858,0.0,7,45,15.135714285714283,0.0,14.275,0.0,-0.002676184139507317,-0.028908824402415843,2.9053571428571434,1.7535714285714317,0.929017857142858,0.0,0.0,0.0
익산시,2019-11-11,1.0380100370020047,11,13.057142857142855,0.0,7,46,14.457142857142856,0.0,14.103571428571428,0.0,0.03730545425571837,-0.00687586168602921,-0.39107142857143096,1.2571428571428616,0.623214285714285,0.0,0.0,0.0
익산시,2019-11-18,1.0700951259890186,8,13.299999999999999,0.0,7,47,13.178571428571425,0.0,14.157142857142857,0.0,0.06774754731567097,0.015466898687173838,0.8464285714285698,0.22767857142857473,0.9906249999999996,0.0,0.0,0.0
익산시,2019-11-25,1.1008419343029554,8,10.971428571428572,0.0,7,48,12.135714285714283,0.0,13.29642857142857,0.0,0.09607528185995531,0.05340175067964364,0.4910714285714288,0.6687500000000028,0.9629464285714278,0.0,0.0,0.0
익산시,2019-12-02,1.1181440579473036,6,10.757142857142856,0.0,7,49,10.864285714285712,0.0,12.02142857142857,0.0,0.11167021969438559,0.05580268729688513,-0.3000000000000007,0.0955357142857185,0.16160714285714128,0.0,0.0,0.0
익산시,2019-12-09,1.1015746614621513,8,13.685714285714285,0.0,7,50,12.221428571428568,0.0,12.178571428571427,0.0,0.0967406665901999,0.04949688198181239,3.2982142857142858,1.4991071428571452,1.0839285714285705,0.0,0.0,0.0
익산시,2019-12-16,0.9429663121966926,7,10.385714285714286,0.0,7,51,12.035714285714285,0.0,11.45,0.0,-0.05872472106241717,-0.09198207603221098,0.11428571428571388,1.7062500000000043,0.9008928571428569,0.0,0.0,0.0
익산시,2019-12-23,1.0026401776145606,8,10.87142857142857,0.0,7,52,10.628571428571426,0.0,11.425,0.0,0.0026366984680068636,-0.034950178470929585,0.6839285714285701,0.3991071428571473,0.9491071428571427,0.0,0.0,0.0
익산시,2019-12-30,1.0832546336921773,7,11.62857142857143,0.0,7,1,11.249999999999998,0.0,11.642857142857142,0.0,0.07997005921209532,0.03278040745425272,0.7160714285714302,0.7928571428571463,1.232589285714285,0.0,0.0,0.0
익산시,2020-01-06,0.9967658332208713,6,8.942857142857143,0.0,7,2,10.285714285714285,0.0,10.457142857142857,0.0,-0.0032394080002126546,-0.03744737758461617,-1.5982142857142865,-0.44107142857142456,-0.04374999999999929,0.0,0.0,0.0
익산시,2020-01-13,1.0456848336337397,7,9.771428571428572,0.0,7,3,9.357142857142856,0.0,10.303571428571429,0.0,0.04467201396337904,-0.0052834091363221924,-0.6946428571428562,-1.146428571428567,-0.17678571428571388,0.0,0.0,0.0
익산시,2020-01-20,1.0999153476064543,6,10.828571428571427,0.0,7,4,10.299999999999997,0.0,10.292857142857143,0.0,0.09523322012159922,0.05271081936306935,-0.4206349206349227,-0.5523809523809504,-0.44880952380952444,0.0,0.0,0.0
익산시,2020-01-27,1.196400437537711,5,9.471428571428572,0.0,7,5,10.149999999999999,0.0,9.753571428571428,0.0,0.17931741348548394,0.11347771176835875,-1.56031746031746,-0.990476190476187,-1.0384920634920647,0.0,0.0,0.0
익산시,2020-02-03,0.9510324464981381,9,11.942857142857141,0.0,7,6,10.707142857142856,0.0,10.503571428571428,0.0,-0.050207098724190366,-0.06061469649335097,-0.4206349206349227,-0.990476190476187,-0.7714285714285705,0.0,0.0,0.0
익산시,2020-02-10,0.9728247416295235,10,12.114285714285714,0.0,7,7,12.028571428571425,0.0,11.089285714285714,0.0,-0.02755133467515153,-0.04940217893631739,0.05555555555555536,-0.18253968253968011,-0.5865079365079371,0.0,0.0,0.0
익산시,2020-02-17,0.9973482431182463,8,12.242857142857144,0.0,7,8,12.178571428571427,0.0,11.442857142857143,0.0,-0.002655279016975742,-0.010839957597614264,-0.29999999999999893,-0.12222222222221824,-0.5563492063492053,0.0,0.0,0.0
익산시,2020-02-24,1.0323026552171661,5,10.5,0.0,7,9,11.37142857142857,0.0,11.7,0.0,0.03179189462323602,0.012417277389849019,-2.9825396825396826,-1.6412698412698372,-0.9119047619047613,0.0,0.0,0.0
익산시,2020-03-02,1.046281561831166,6,14.114285714285716,0.0,7,10,12.307142857142857,0.0,12.242857142857144,0.0,0.04524250899131497,0.02341911424309613,1.3603174603174608,-0.8111111111111065,-0.466666666666665,0.0,0.0,0.0
익산시,2020-03-09,1.012647618303541,8,13.5,0.0,7,11,13.807142857142857,0.0,12.589285714285715,0.0,0.012568305226723598,0.005169819933530342,0.1650793650793645,0.762698412698418,-0.43928571428571317,0.0,0.0,0.0
익산시,2020-03-16,1.004229366187713,8,16.085714285714285,0.0,7,12,14.792857142857141,0.0,13.549999999999999,0.0,0.004220447556466845,-0.02657616385421077,1.9444444444444446,1.0547619047619072,0.12182539682539506,0.0,0.0,0.0
익산시,2020-03-23,1.0693058151199248,11,14.585714285714285,0.0,7,13,15.335714285714284,0.0,14.571428571428573,0.0,0.06700966701493834,0.05251600322511623,-0.4873015873015891,0.7285714285714313,0.745634920634922,0.0,0.0,0.0
익산시,2020-03-30,0.9209752352608623,13,16.52857142857143,0.0,7,14,15.557142857142855,0.0,15.174999999999999,0.0,-0.08232213205592116,-0.08721102711699981,2.215873015873015,0.8642857142857174,0.9595238095238088,0.0,0.0,0.0
익산시,2020-04-06,0.8951904019109124,9,15.842857142857143,0.0,7,15,16.185714285714283,0.0,15.760714285714284,0.0,-0.11071884376786889,-0.13755487761405516,1.9079365079365083,2.0619047619047635,1.3952380952380938,0.0,0.0,0.0
익산시,2020-04-13,1.0756420329341092,12,14.728571428571428,0.0,7,16,15.285714285714285,0.0,15.42142857142857,0.0,0.07291772324153932,0.03665721895728089,0.15238095238095184,1.0301587301587336,0.9472222222222229,0.0,0.0,0.0
익산시,2020-04-20,0.9101230273970832,12,13.857142857142858,0.0,7,17,14.292857142857141,0.0,15.239285714285714,0.0,-0.09417549366740424,-0.16270318213732404,1.0698412698412696,0.611111111111116,1.3365079365079353,0.0,0.0,0.0
익산시,2020-04-27,0.9425682999634396,12,16.071428571428573,0.0,7,18,14.964285714285714,0.0,15.125,0.0,-0.059146895480852814,-0.08490205939242836,2.1634920634920647,1.6166666666666725,1.3234126984126995,0.0,0.0,0.0
익산시,2020-05-04,0.9976353525028604,12,12.857142857142858,0.0,7,19,14.464285714285714,0.0,14.37857142857143,0.0,-0.0023674476912180385,-0.008302893062998135,0.0936507936507951,1.1285714285714334,0.8698412698412703,0.0,0.0,0.0
익산시,2020-05-11,1.0089630891589167,10,11.599999999999998,0.0,7,20,12.228571428571426,0.0,13.596428571428572,0.0,0.008923159095724975,-0.051198392717336484,-0.8825396825396847,-0.3944444444444404,0.6111111111111107,0.0,0.0,0.0
익산시,2020-05-18,1.025659766750605,7,12.171428571428573,0.0,7,21,11.885714285714283,0.0,13.174999999999999,0.0,0.025336080399188263,-0.04687234478744548,-0.09365079365079332,-0.4880952380952355,0.32023809523809454,0.0,0.0,0.0
익산시,2020-05-25,0.8345975234649665,9,12.142857142857142,0.0,7,22,12.157142857142855,0.0,12.192857142857143,0.0,-0.18080567816078336,-0.2160075416935677,0.412698412698413,0.1595238095238134,-0.11746031746031704,0.0,0.0,0.0
익산시,2020-06-01,0.9361126501391632,9,11.442857142857141,0.0,7,23,11.792857142857141,0.0,11.839285714285712,0.0,-0.06601945703357047,-0.10438865542499362,0.32539682539682424,0.36904761904762395,-0.05952380952381198,0.0,0.0,0.0
익산시,2020-06-08,1.022575258416333,11,11.299999999999999,0.0,7,24,11.371428571428568,0.0,11.764285714285714,0.0,0.022324208589460597,-0.051070159258300336,1.0285714285714267,0.6769841269841308,0.41825396825396766,0.0,0.0,0.0
익산시,2020-06-15,0.9157172205656607,9,9.714285714285714,0.0,7,25,10.507142857142854,0.0,11.149999999999999,0.0,-0.08804767314196962,-0.12081015405816672,0.06349206349206149,0.5460317460317494,0.45753968253968047,0.0,0.0,0.0
익산시,2020-06-22,1.0256516707491616,10,9.414285714285715,0.0,7,26,9.564285714285713,0.0,10.467857142857142,0.0,0.025328186910861226,-0.04313419430283974,1.2321428571428577,0.7348214285714327,0.7553571428571431,-0.25,-0.25,-0.25
익산시,2020-06-29,0.9849281455050146,10,7.3428571428571425,0.0,7,27,8.378571428571426,0.0,9.442857142857143,0.0,-0.015186589196809364,-0.05453025794815228,-0.5952380952380949,0.1595238095238134,0.3313492063492074,-0.5555555555555556,-0.7777777777777778,-0.7777777777777778
익산시,2020-07-06,1.0723140234560762,11,9.257142857142856,0.0,7,28,8.299999999999997,0.0,8.932142857142857,0.0,0.06981895208074193,0.014785357750441958,1.1968253968253961,0.30079365079365417,0.3916666666666657,-0.4444444444444444,-1.0,-1.2222222222222223
익산시,2020-07-13,1.0044080798339727,16,7.585714285714287,0.0,7,29,8.42142857142857,0.0,8.4,0.0,0.0043983927073801546,0.0038933518748243234,-0.6301587301587297,0.28333333333333854,0.22142857142857153,-0.3333333333333333,-0.7777777777777778,-1.5555555555555556
익산시,2020-07-20,0.9982754361728544,14,5.642857142857143,0.0,7,30,6.614285714285714,0.0,7.457142857142857,0.0,-0.0017260525992437556,-0.038650813618605354,-2.9444444444444455,-1.7873015873015827,-0.7432539682539687,-1.6666666666666667,-2.0,-3.0
익산시,2020-07-27,1.0693719315762855,9,6.214285714285714,0.0,7,31,5.928571428571427,0.0,7.175000000000001,0.0,0.06707149629846072,0.06520835101152007,-2.887301587301587,-2.9158730158730126,-1.3162698412698415,-2.5555555555555554,-4.222222222222222,-5.0
익산시,2020-08-03,1.000086807604764,13,6.142857142857143,1.0,7,32,6.178571428571427,1.0,6.396428571428572,1.0,8.680383720189455e-05,-0.01242109085302116,-2.268253968253968,-2.577777777777774,-2.182539682539682,-1.4444444444444446,-4.0,-6.0
익산시,2020-08-10,1.0120726553704125,13,8.714285714285714,0.0,7,33,7.428571428571427,1.0,6.678571428571428,1.0,0.0120003621325002,0.03621733749293452,-0.6214285714285719,-1.3660714285714253,-2.1785714285714297,-0.875,-1.875,-5.625
익산시,2020-08-17,1.0060302340357294,16,10.799999999999999,0.0,7,34,9.757142857142854,0.0,7.967857142857142,1.0,0.006012124939392416,0.006095592286391546,1.8410714285714285,0.609821428571431,-0.962053571428573,-0.625,-1.5,-5.0
익산시,2020-08-24,1.0053077823600085,14,9.842857142857142,2.0,7,35,10.321428571428568,2.0,8.874999999999998,3.0,0.005293745730227855,-0.015060904295122546,1.241071428571427,1.5410714285714295,0.08749999999999858,1.75,1.125,-0.75
익산시,2020-08-31,0.9843839669751587,14,8.042857142857143,0.0,7,36,8.94285714285714,2.0,9.349999999999998,2.0,-0.015739247701530904,-0.02699235051237637,-1.5535714285714288,-0.15625,0.2267857142857128,0.0,1.75,0.25
익산시,2020-09-07,1.0076622729394704,13,7.757142857142857,0.0,7,37,7.899999999999997,0.0,9.110714285714286,2.0,0.007633066821462127,-0.024989628010112702,-0.7839285714285706,-1.1687499999999975,0.18616071428571423,0.0,0.0,1.125
익산시,2020-09-14,0.9389423696709873,14,10.585714285714285,0.0,7,38,9.171428571428567,0.0,9.057142857142857,2.0,-0.06300117580964766,-0.11117740547271462,0.5232142857142854,-0.13035714285714128,-0.14330357142857153,-0.125,-0.125,1.625
익산시,2020-09-21,1.007246589077209,15,12.014285714285714,0.0,7,39,11.299999999999997,0.0,9.6,0.0,0.007220458711989001,-0.03249835397176309,0.689285714285715,0.6062500000000028,-0.28125,0.0,-0.125,-0.125
익산시,2020-09-28,1.0588788104576343,13,11.571428571428571,0.0,7,40,11.792857142857141,0.0,10.482142857142858,0.0,0.05721062235371508,0.021949727722886968,1.1582142857142852,0.9237500000000036,0.3966964285714276,0.0,0.0,-0.125
익산시,2020-10-05,0.9321533591689416,20,13.657142857142857,0.0,7,41,12.61428571428571,0.0,11.957142857142856,0.0,-0.07025792936862992,-0.09161300242454061,1.557142857142857,1.357678571428572,0.9819642857142838,0.0,0.0,-0.125
익산시,2020-10-12,0.9997561300173892,14,13.785714285714286,0.0,7,42,13.721428571428568,0.0,12.757142857142856,0.0,-0.00024389972373045217,-0.03656096549458807,0.8750000000000018,1.2160714285714302,1.0699107142857134,0.0,0.0,0.0
익산시,2020-10-19,0.9903997510091169,13,14.457142857142857,0.0,7,43,14.12142857142857,0.0,13.367857142857144,0.0,-0.009646628456201978,-0.05453157857835688,0.7482142857142868,0.811607142857147,1.0846428571428568,0.0,0.0,0.0
익산시,2020-10-26,0.9481347249451292,12,14.828571428571427,0.0,7,44,14.642857142857139,0.0,14.182142857142857,0.0,-0.053258671903461646,-0.08728138272447751,1.0160714285714274,0.8821428571428598,1.0491071428571423,0.0,0.0,0.0
익산시,2020-11-02,0.9193397456306683,12,13.714285714285714,0.0,7,45,14.271428571428569,0.0,14.196428571428571,0.0,-0.0840995343786105,-0.11033217464151902,0.7624999999999993,0.8892857142857178,0.8504464285714288,0.0,0.0,0.0
익산시,2020-11-09,0.9702699175589194,16,16.7,0.0,7,46,15.207142857142852,0.0,14.925,0.0,-0.030180980668719735,-0.07436229661046731,3.251785714285713,2.007142857142858,1.444642857142858,0.0,0.0,0.0
익산시,2020-11-16,0.9941221847091171,14,10.414285714285715,0.0,7,47,13.557142857142852,0.0,13.914285714285715,0.0,-0.0058951576373103215,-0.05817580626580745,-2.0392857142857146,0.6062500000000011,0.7477678571428577,0.0,0.0,0.0
익산시,2020-11-23,1.0099628518109116,11,8.742857142857144,0.0,7,48,9.578571428571426,0.0,12.392857142857144,0.0,0.009913549791517099,-0.03275998138879457,-1.737499999999999,-1.888392857142854,0.059375000000001066,0.0,0.0,0.0
익산시,2020-11-30,1.0922237482284427,12,12.1,0.0,7,49,10.421428571428567,0.0,11.989285714285716,0.0,0.08821575397915184,0.032348221581651376,1.0428571428571427,-0.34732142857142634,0.12946428571428648,0.0,0.0,0.0
익산시,2020-12-07,1.029450070996269,9,11.214285714285714,0.0,7,50,11.657142857142853,0.0,10.617857142857144,0.0,0.029024748005856596,-0.018219036602530922,0.8267857142857142,0.9348214285714302,-0.4767857142857128,0.0,0.0,0.0
익산시,2020-12-14,1.0396671240486344,12,9.542857142857143,0.0,7,51,10.378571428571425,0.0,10.4,0.0,0.03890058888881695,0.005643233919023133,-0.7285714285714295,0.049107142857144126,-0.149107142857142,0.0,0.0,0.0
익산시,2020-12-21,1.0012758250293676,10,11.757142857142856,0.0,7,52,10.649999999999995,0.0,11.153571428571428,0.0,0.0012750118561858281,-0.03631186508275062,1.5696428571428562,0.420535714285716,0.6776785714285705,0.0,0.0,0.0
익산시,2020-12-28,1.0403016138606256,11,10.271428571428572,0.0,7,53,11.01428571428571,0.0,10.696428571428571,0.0,0.039510684435069846,0.0,0.0,0.0,0.0,0.0,0.0,0.0
익산시,2021-01-04,1.0358730358000345,11,11.442857142857141,0.0,7,1,10.857142857142854,0.0,10.753571428571428,0.0,0.03524458401057359,-0.011945067747269007,0.5303571428571416,0.40000000000000213,0.3433035714285708,0.0,0.0,0.0
익산시,2021-01-11,0.9748478964684347,8,11.285714285714286,0.0,7,2,11.36428571428571,0.0,11.189285714285713,0.0,-0.025473823776238868,-0.05968179336064239,0.7446428571428569,0.6375000000000011,0.6883928571428566,0.0,0.0,0.0
익산시,2021-01-18,0.9616251290092084,8,10.428571428571429,0.0,7,3,10.857142857142854,0.0,10.857142857142858,0.0,-0.03913058304554477,-0.089086006145246,-0.037499999999999645,0.3535714285714313,0.37678571428571495,0.0,0.0,0.0
익산시,2021-01-25,0.9834406431159417,10,12.014285714285714,0.0,7,4,11.221428571428568,0.0,11.292857142857143,0.0,-0.016697995677989824,-0.0592203964365197,0.7650793650793641,0.3690476190476204,0.5511904761904756,0.0,0.0,0.0
익산시,2021-02-01,1.059548164627837,11,11.085714285714285,0.0,7,5,11.549999999999997,0.0,11.20357142857143,0.0,0.05784255746438921,-0.007997144252735983,0.053968253968253777,0.4095238095238116,0.4115079365079364,0.0,0.0,0.0
익산시,2021-02-08,0.9905360761454393,11,15.142857142857142,0.0,7,6,13.11428571428571,0.0,12.167857142857143,0.0,-0.009508991350881544,-0.019916589120042148,2.7793650793650784,1.4166666666666679,0.8928571428571441,0.0,0.0,0.0
익산시,2021-02-15,1.0193959892497206,11,12.299999999999999,0.0,7,7,13.721428571428568,0.0,12.635714285714286,0.0,0.019210284493581236,-0.002640559767584625,0.2412698412698404,1.510317460317463,0.9599206349206355,0.0,0.0,0.0
익산시,2021-02-22,0.9579929179175188,10,12.37142857142857,0.0,7,8,12.335714285714282,0.0,12.725,0.0,-0.04291489360904132,-0.051099572189679844,-0.1714285714285726,0.03492063492063657,0.7257936507936513,0.0,0.0,0.0
익산시,2021-03-01,1.0938307856612939,9,11.614285714285714,0.0,7,9,11.992857142857138,0.0,12.857142857142856,0.0,0.0896860171381249,0.07031139990473789,-1.8682539682539687,-1.0198412698412689,0.24523809523809526,0.0,0.0,0.0
익산시,2021-03-08,0.9706157061125916,9,13.428571428571429,0.0,7,10,12.521428571428569,0.0,12.428571428571429,0.0,-0.029824660282692428,-0.051648055030911265,0.674603174603174,-0.5968253968253947,-0.28095238095237995,0.0,0.0,0.0
익산시,2021-03-15,0.9593978292381488,10,13.328571428571427,0.0,7,11,13.378571428571425,0.0,12.685714285714283,0.0,-0.041449452541135204,-0.04884793783432846,-0.006349206349208103,0.3341269841269856,-0.3428571428571452,0.0,0.0,0.0
익산시,2021-03-22,0.9811267486435526,9,14.128571428571428,0.0,7,12,13.728571428571424,0.0,13.125,0.0,-0.019053624252581267,-0.049850235663258885,-0.012698412698412653,-0.00952380952380949,-0.3031746031746039,0.0,0.0,0.0
익산시,2021-03-29,0.9638349796479718,11,12.942857142857145,0.0,7,13,13.535714285714283,0.0,13.457142857142857,0.0,-0.036835181962851404,-0.05132884575267351,-2.1301587301587297,-1.0714285714285694,-0.3686507936507937,0.0,0.0,0.0
익산시,2021-04-05,0.978157992256234,9,16.242857142857144,0.0,7,14,14.592857142857142,0.0,14.160714285714285,0.0,-0.022084075720246045,-0.0269729707813247,1.9301587301587304,-0.09999999999999609,-0.054761904761905456,0.0,0.0,0.0
익산시,2021-04-12,1.0311540092912173,11,11.62857142857143,0.0,7,15,13.935714285714283,0.0,13.735714285714288,0.0,0.03067857243493915,0.0038425385887528793,-2.3063492063492053,-0.18809523809523654,-0.629761904761903,0.0,0.0,0.0
익산시,2021-04-19,0.9865619823086422,15,17.342857142857145,0.0,7,16,14.485714285714282,0.0,14.539285714285715,0.0,-0.013529124972550216,-0.049789629256808646,2.7666666666666693,0.23015873015873112,0.06507936507936662,0.0,0.0,0.0
익산시,2021-04-26,1.0693713164090857,14,10.028571428571428,0.0,7,17,13.685714285714282,0.0,13.810714285714287,0.0,0.06707092103801239,-0.0014567674319073964,-2.7587301587301596,0.003968253968256619,-0.09206349206349174,0.0,0.0,0.0
익산시,2021-05-03,0.9933460818641796,14,16.37142857142857,0.0,7,18,13.199999999999994,0.0,13.842857142857142,0.0,-0.006676154141696874,-0.032431318053272415,2.463492063492062,-0.1476190476190471,0.04126984126984112,0.0,0.0,0.0
익산시,2021-05-10,0.969307204003134,13,11.028571428571428,0.0,7,19,13.699999999999994,0.0,13.692857142857143,0.0,-0.031173685340416413,-0.03710913071219651,-1.734920634920634,0.3642857142857139,0.18412698412698347,0.0,0.0,0.0
익산시,2021-05-17,1.0077051475018177,11,9.728571428571428,0.0,7,20,10.378571428571423,0.0,11.789285714285715,0.0,0.007675614460090111,-0.05244593735297135,-2.753968253968255,-2.2444444444444436,-1.1960317460317462,0.0,0.0,0.0
익산시,2021-05-24,1.0816767913015315,8,12.985714285714286,0.0,7,21,11.35714285714285,0.0,12.528571428571428,0.0,0.07851242166126941,0.00630399647463567,0.7206349206349199,-1.0166666666666675,-0.3261904761904759,0.0,0.0,0.0
익산시,2021-05-31,1.017870545385821,6,12.5,0.0,7,22,12.742857142857137,0.0,11.560714285714287,0.0,0.017712744409307583,-0.017489119123476768,0.7698412698412707,0.7452380952380953,-0.7496031746031733,0.0,0.0,0.0
익산시,2021-06-07,1.2253489494734957,9,13.014285714285714,0.0,7,23,12.757142857142853,0.0,12.057142857142857,0.0,0.20322566014577764,0.1648564617543545,1.8968253968253972,1.3333333333333357,0.15833333333333321,0.0,0.0,0.0
익산시,2021-06-14,1.2810180623260579,7,8.642857142857142,0.0,7,24,10.828571428571422,0.0,11.785714285714285,0.0,0.24765512299166048,0.17426075514389955,-1.62857142857143,0.13412698412698454,0.4396825396825381,0.0,0.0,0.0
익산시,2021-06-21,1.1189743367055993,7,10.87142857142857,0.0,7,25,9.757142857142851,0.0,11.257142857142856,0.0,0.11241249493417792,0.07965001401798082,1.220634920634918,-0.20396825396825413,0.5646825396825381,0.0,0.0,0.0
익산시,2021-06-28,1.2806283359741972,6,8.785714285714286,0.0,7,26,9.828571428571422,0.0,10.328571428571427,0.0,0.24735084496552373,0.17888846375182277,0.6035714285714295,0.9991071428571416,0.6160714285714288,-0.25,-0.25,-0.25
익산시,2021-07-05,1.2002473148142663,8,7.0,0.0,7,27,7.892857142857138,0.0,8.825,0.0,0.18252763123771304,0.14318396248637014,-0.9380952380952374,-0.32619047619047503,-0.2865079365079364,-0.5555555555555556,-0.7777777777777778,-0.7777777777777778
익산시,2021-07-12,1.1821632163995794,8,10.742857142857144,1.0,7,28,8.871428571428567,1.0,9.35,1.0,0.16734599439148115,0.11231240006118118,2.6825396825396837,0.8722222222222236,0.8095238095238084,0.5555555555555556,0.0,-0.22222222222222232
익산시,2021-07-19,0.9141104230940693,9,12.514285714285714,0.0,7,29,11.628571428571423,1.0,9.760714285714286,1.0,-0.08980390181208645,-0.09030894264464227,4.298412698412697,3.4904761904761905,1.5821428571428573,-0.3333333333333333,0.2222222222222222,-0.5555555555555556
익산시,2021-07-26,1.0446831353928299,14,11.171428571428573,1.0,7,30,11.842857142857138,1.0,10.357142857142858,2.0,0.04371361971660005,0.006788858697238456,2.584126984126984,3.4412698412698415,2.1567460317460316,-0.6666666666666667,-1.0,-1.0
익산시,2021-08-02,0.948569333395132,11,9.714285714285714,0.0,7,31,10.442857142857138,1.0,11.035714285714286,2.0,-0.05280039433960227,-0.05466353962654292,0.6126984126984123,1.598412698412698,2.5444444444444443,-2.5555555555555554,-3.2222222222222223,-3.0
익산시,2021-08-09,1.0675547519371031,10,10.428571428571429,0.0,7,32,10.071428571428566,0.0,10.957142857142857,1.0,0.06537075467618474,0.052862859985961685,2.0174603174603174,1.3150793650793648,2.378174603174603,-2.4444444444444446,-5.0,-6.0
익산시,2021-08-16,1.0605225441940542,7,9.657142857142857,0.0,7,33,10.042857142857137,0.0,10.242857142857144,1.0,0.058761752876852306,0.08297872823728662,0.3214285714285712,1.248214285714285,1.3857142857142861,-0.875,-2.875,-5.625
익산시,2021-08-23,0.9684376050615352,8,6.1428571428571415,0.0,7,34,7.899999999999993,0.0,8.985714285714286,0.0,-0.03207122251446322,-0.03198775516746409,-2.816071428571429,-1.2473214285714302,0.055803571428571175,-0.625,-1.5,-6.0
익산시,2021-08-30,1.0143719508647366,6,7.642857142857143,0.0,7,35,6.892857142857137,0.0,8.467857142857142,0.0,0.014269653357110616,-0.006084996668239785,-0.9589285714285714,-1.887500000000001,-0.319642857142858,-0.25,-0.875,-3.75
익산시,2021-09-06,1.0490398841536428,8,9.271428571428572,0.0,7,36,8.457142857142852,0.0,8.178571428571427,0.0,0.0478753498101963,0.036622246999350835,-0.3249999999999993,-0.6419642857142875,-0.944642857142858,0.0,-0.25,-1.75
익산시,2021-09-13,0.9752153142201906,12,10.142857142857142,0.0,7,37,9.707142857142852,0.0,8.3,0.0,-0.025096997267139366,-0.05771969209871419,1.6017857142857146,0.6383928571428577,-0.6245535714285708,0.0,0.0,-0.875
익산시,2021-09-20,1.1233560538621963,11,11.514285714285716,0.0,7,38,10.828571428571424,0.0,9.642857142857142,0.0,0.1163206814817038,0.06814445181863683,1.451785714285716,1.5267857142857153,0.4424107142857139,-0.125,-0.125,-0.375
익산시,2021-09-27,1.0591448972374742,10,10.528571428571427,0.0,7,39,11.021428571428565,0.0,10.364285714285714,0.0,0.05746188184648939,0.017743069162737303,-0.7964285714285726,0.3276785714285708,0.48303571428571423,0.0,-0.125,-0.125
익산시,2021-10-04,1.083443272712947,11,11.471428571428573,0.0,7,40,10.999999999999995,0.0,10.914285714285715,0.0,0.08014418502879425,0.04488329039796614,1.0582142857142873,0.13089285714285737,0.8288392857142846,0.0,0.0,-0.125
익산시,2021-10-11,1.119046909000806,11,8.328571428571427,0.0,7,41,9.899999999999995,0.0,10.460714285714287,0.0,0.1124773489165709,0.0911222758606602,-3.7714285714285722,-1.3566071428571433,-0.5144642857142845,0.0,0.0,-0.125
익산시,2021-10-18,1.1123392102163763,8,14.799999999999999,0.0,7,42,11.564285714285708,0.0,11.282142857142857,0.0,0.10646519447018757,0.07014812869932995,1.8892857142857142,-0.9410714285714299,-0.40508928571428626,0.0,0.0,0.0
익산시,2021-10-25,1.0706459216160558,9,15.485714285714286,0.0,7,43,15.142857142857137,0.0,12.521428571428572,0.0,0.06826213140309009,0.02337718128093519,1.7767857142857153,1.8330357142857139,0.23821428571428527,0.0,0.0,0.0
익산시,2021-11-01,0.9615140928114232,13,15.085714285714285,0.0,7,44,15.285714285714281,0.0,13.424999999999999,0.0,-0.03924605695055249,-0.07326876777156835,1.2732142857142854,1.5250000000000021,0.29196428571428434,0.0,0.0,0.0
익산시,2021-11-08,1.0533137057037378,9,8.714285714285714,0.0,7,45,11.899999999999995,0.0,13.52142857142857,0.0,0.051941104931533824,0.025708464668625298,-4.237500000000001,-1.4821428571428559,0.17544642857142811,0.0,0.0,0.0
익산시,2021-11-15,1.1601672874488997,7,12.257142857142856,0.0,7,46,10.48571428571428,0.0,12.885714285714286,0.0,0.1485642080385494,0.10438289209680181,-1.19107142857143,-2.7142857142857135,-0.5946428571428566,0.0,0.0,0.0
익산시,2021-11-22,1.214931101493421,11,11.828571428571427,0.0,7,47,12.042857142857137,0.0,11.97142857142857,0.0,0.19468736859485536,0.14240671996635823,-0.6250000000000018,-0.9080357142857132,-1.1950892857142872,0.0,0.0,0.0
익산시,2021-11-29,1.1969388834393522,8,11.714285714285714,0.0,7,48,11.771428571428565,0.0,11.128571428571428,0.0,0.17976736715983857,0.1370938359795269,1.2339285714285708,0.3044642857142854,-1.204910714285715,0.0,0.0,0.0
익산시,2021-12-06,1.1375850781559602,9,12.671428571428573,0.0,7,49,12.192857142857138,0.0,12.117857142857142,0.0,0.12890766302929965,0.07304013063179919,1.6142857142857157,1.4241071428571441,0.2580357142857128,0.0,0.0,0.0
익산시,2021-12-13,1.1932021391372256,11,12.12857142857143,0.0,7,50,12.399999999999995,0.0,12.085714285714285,0.0,0.17664056643025336,0.12939678182186584,1.7410714285714306,1.6776785714285722,0.9910714285714288,0.0,0.0,0.0
익산시,2021-12-20,1.1183099183656369,9,11.557142857142859,0.0,7,51,11.842857142857138,0.0,12.017857142857144,0.0,0.11181854415837546,0.07856118918858164,1.2857142857142865,1.5133928571428577,1.4687500000000018,0.0,0.0,0.0
익산시,2021-12-27,1.0455022995044105,8,10.814285714285715,0.0,7,52,11.185714285714282,0.0,11.792857142857144,0.0,0.04449743931446297,0.006910562375526522,0.626785714285715,0.9562500000000025,1.3169642857142865,0.0,0.0,0.0
익산시,2022-01-03,1.0417772530766878,10,12.342857142857143,0.0,7,1,11.578571428571424,0.0,11.710714285714287,0.0,0.04092815183898785,-0.006261499918854753,1.4303571428571438,1.1214285714285719,1.30044642857143,0.0,0.0,0.0
익산시,2022-01-10,1.0596792437204678,10,11.385714285714286,0.0,7,2,11.86428571428571,0.0,11.525,0.0,0.05796626206756824,0.023758292483164724,0.8446428571428566,1.137500000000001,1.0241071428571438,0.0,0.0,0.0
익산시,2022-01-17,1.1134392761635887,9,12.857142857142858,0.0,7,3,12.121428571428567,0.0,11.850000000000001,0.0,0.10745367202401043,0.0574982489243092,2.391071428571429,1.6178571428571438,1.3696428571428587,0.0,0.0,0.0
익산시,2022-01-24,1.1507116160447972,9,11.0,0.0,7,4,11.928571428571423,0.0,11.896428571428572,0.0,0.1403805475602045,0.09785814680167462,-0.2492063492063501,1.076190476190476,1.154761904761905,0.0,0.0,0.0
익산시,2022-01-31,1.0219915706968457,5,11.314285714285715,0.0,7,5,11.157142857142851,0.0,11.639285714285714,0.0,0.02175324389705442,-0.04408645782007077,0.2825396825396833,0.01666666666666572,0.8472222222222214,0.0,0.0,0.0
익산시,2022-02-07,1.0377821298030823,9,14.928571428571429,0.0,7,6,13.121428571428567,0.0,12.525,0.0,0.03708586849613922,0.02667827072697862,2.565079365079365,1.423809523809524,1.2500000000000018,0.0,0.0,0.0
익산시,2022-02-14,0.9557054821469965,6,11.014285714285714,0.0,7,7,12.971428571428566,0.0,12.064285714285715,0.0,-0.045305486462987266,-0.06715633072415313,-1.0444444444444443,0.7603174603174612,0.38849206349206433,0.0,0.0,0.0
익산시,2022-02-21,1.0812073268500557,6,14.928571428571429,0.0,7,8,12.971428571428566,0.0,13.04642857142857,0.0,0.07807831198807104,0.06989363340743251,2.385714285714286,0.6706349206349209,1.0472222222222225,0.0,0.0,0.0
익산시,2022-02-28,1.068663356403593,4,14.942857142857141,0.0,7,9,14.93571428571428,0.0,13.95357142857143,0.0,0.06640866795075444,0.04703405071736744,1.4603174603174587,1.9230158730158724,1.3416666666666686,0.0,0.0,0.0
익산시,2022-03-07,1.0810731800307283,6,13.471428571428572,0.0,7,10,14.207142857142852,0.0,13.589285714285714,0.0,0.0779542329714285,0.05613083822320967,0.7174603174603167,1.0888888888888886,0.8797619047619047,0.0,0.0,0.0
익산시,2022-03-14,1.0239594921810586,9,9.128571428571428,0.0,7,11,11.299999999999994,0.0,13.117857142857144,0.0,0.02367696741792631,0.016278482124733054,-4.206349206349207,-1.7444444444444454,0.0892857142857153,0.0,0.0,0.0
익산시,2022-03-21,1.0573837116561433,7,12.62857142857143,0.0,7,12,10.878571428571423,0.0,12.542857142857143,0.0,0.05579766055468471,0.025001049144007092,-1.5126984126984109,-2.859523809523811,-0.8853174603174612,0.0,0.0,0.0
익산시,2022-03-28,1.0134533022454375,9,14.328571428571431,0.0,7,13,13.478571428571424,0.0,12.389285714285714,0.0,0.013363610116220427,-0.0011300536736016803,-0.7444444444444436,-1.1285714285714281,-1.4365079365079367,0.0,0.0,0.0
익산시,2022-04-04,1.0754247635742595,10,17.814285714285713,0.0,7,14,16.07142857142857,0.0,13.475000000000001,0.0,0.07271571244304509,0.06782681738196644,3.5015873015873,1.3785714285714317,-0.7404761904761887,0.0,0.0,0.0
익산시,2022-04-11,1.144338769739742,13,12.171428571428573,0.0,7,15,14.99285714285714,0.0,14.235714285714286,0.0,0.13482697651542258,0.10799094266923631,-1.7634920634920626,0.8690476190476204,-0.12976190476190474,0.0,0.0,0.0
익산시,2022-04-18,1.0500889109161688,10,15.471428571428572,0.0,7,16,13.821428571428566,0.0,14.946428571428573,0.0,0.048874837647549824,0.012614333363291395,0.8952380952380956,-0.43412698412698525,0.472222222222225,0.0,0.0,0.0
익산시,2022-04-25,1.2452068088565726,10,10.299999999999999,0.0,7,17,12.885714285714279,0.0,13.939285714285715,0.0,0.2193016276530618,0.15077393918314203,-2.487301587301589,-0.7960317460317459,0.03650793650793638,0.0,0.0,0.0
익산시,2022-05-02,1.1560112038865995,15,15.471428571428573,0.0,7,18,12.88571428571428,0.0,13.35357142857143,0.0,0.14497546214664433,0.1192202982350688,1.563492063492065,-0.46190476190476026,-0.448015873015871,0.0,0.0,0.0
익산시,2022-05-09,1.093475639849968,15,11.557142857142859,0.0,7,19,13.51428571428571,0.0,13.200000000000001,0.0,0.08936128365743422,0.08342583828565413,-1.2063492063492038,0.1785714285714306,-0.3087301587301585,0.0,0.0,0.0
익산시,2022-05-16,1.2354270925691175,14,13.414285714285713,0.0,7,20,12.48571428571428,0.0,12.685714285714285,0.0,0.21141673423922877,0.1512951824261673,0.9317460317460302,-0.13730158730158593,-0.29960317460317576,0.0,0.0,0.0
익산시,2022-05-23,1.172798049851687,11,13.314285714285713,0.0,7,21,13.364285714285707,0.0,13.439285714285715,0.0,0.15939238933482164,0.0871839641481879,1.0492063492063473,0.9904761904761887,0.5845238095238106,0.0,0.0,0.0
익산시,2022-05-30,1.1467663331481366,8,10.314285714285715,0.0,7,22,11.81428571428571,0.0,12.149999999999999,0.0,0.13694609738315067,0.10174423385036632,-1.4158730158730144,-0.1833333333333318,-0.16031746031746152,0.0,0.0,0.0
익산시,2022-06-06,1.0892131902376319,10,8.5,0.0,7,23,9.407142857142851,0.0,11.385714285714286,0.0,0.08545559176767448,0.04708639337625133,-2.617460317460317,-2.0166666666666657,-0.5130952380952376,0.0,0.0,0.0
익산시,2022-06-13,1.1362908910989187,10,7.485714285714287,0.0,7,24,7.992857142857138,0.0,9.903571428571428,0.0,0.12776935362783245,0.05437498578007152,-2.7857142857142856,-2.701587301587299,-1.442460317460318,0.0,0.0,0.0
익산시,2022-06-20,1.1588328043389677,7,8.185714285714285,0.0,7,25,7.83571428571428,0.0,8.62142857142857,0.0,0.14741329539998382,0.11465081448378672,-1.465079365079367,-2.125396825396825,-2.071031746031748,0.0,0.0,0.0
익산시,2022-06-27,1.1503595959622825,9,7.071428571428571,2.0,7,26,7.628571428571422,2.0,7.810714285714285,2.0,0.1400745856382753,0.07161220442457433,-1.1107142857142858,-1.2008928571428585,-1.9017857142857135,1.75,1.75,1.75
익산시,2022-07-04,0.9782498614221554,7,7.185714285714285,2.0,7,27,7.128571428571423,4.0,7.482142857142857,4.0,-0.021990159550551464,-0.06133382830189438,-0.7523809523809524,-1.0904761904761902,-1.629365079365079,1.4444444444444444,3.2222222222222223,3.2222222222222223
익산시,2022-07-11,0.8961504543562935,9,6.2714285714285705,0.0,7,28,6.728571428571422,2.0,7.178571428571427,4.0,-0.10964696229546048,-0.16468055662576045,-1.7888888888888896,-1.2706349206349206,-1.3619047619047642,-0.4444444444444444,1.0,2.7777777777777777
익산시,2022-07-18,1.0442543441475236,9,5.928571428571429,0.0,7,29,6.099999999999994,0.0,6.614285714285714,4.0,0.043303084451156916,0.04279804361860109,-2.287301587301588,-2.038095238095238,-1.564285714285715,-0.3333333333333333,-0.7777777777777778,2.4444444444444446
익산시,2022-07-25,1.0620439343304124,11,8.042857142857143,2.0,7,30,6.98571428571428,2.0,6.857142857142858,4.0,0.0601952913900564,0.023270530370694806,-0.5444444444444461,-1.4158730158730162,-1.3432539682539684,0.33333333333333326,0.0,1.0
익산시,2022-08-01,1.0198443546445806,10,6.485714285714285,6.0,7,31,7.264285714285709,8.0,6.682142857142857,8.0,0.01965002216690394,0.017786876879963293,-2.6158730158730163,-1.5801587301587308,-1.8091269841269852,3.4444444444444446,3.7777777777777777,3.0
익산시,2022-08-08,1.008430246328545,13,5.1000000000000005,3.0,7,32,5.792857142857137,9.0,6.389285714285714,11.0,0.008394910257593844,-0.00411298443262921,-3.311111111111111,-2.9634920634920636,-2.18968253968254,0.5555555555555554,4.0,4.0
익산시,2022-08-15,0.8302087451484116,10,8.085714285714285,0.0,7,33,6.592857142857138,3.0,6.928571428571429,11.0,-0.18607810963355262,-0.1618611342731183,-1.25,-2.2017857142857142,-1.9285714285714288,-0.875,0.125,4.375
익산시,2022-08-22,0.9925257597975888,15,8.700000000000001,0.0,7,34,8.392857142857139,0.0,7.0928571428571425,9.0,-0.007502312301593737,-0.0074188449545946064,-0.2589285714285694,-0.7544642857142847,-1.837053571428572,-0.625,-1.5,3.0
익산시,2022-08-29,0.9448458757796403,16,6.900000000000001,0.0,7,35,7.799999999999995,0.0,7.196428571428572,3.0,-0.056733459202813405,-0.07708810922816381,-1.7017857142857133,-0.9803571428571427,-1.5910714285714276,-0.25,-0.875,-0.75
익산시,2022-09-05,0.9525864184672594,17,11.142857142857142,0.0,7,36,9.021428571428565,0.0,8.707142857142859,0.0,-0.04857444804720537,-0.05982755085805083,1.5464285714285708,-0.07767857142857437,-0.416071428571426,0.0,-0.25,-1.75
익산시,2022-09-12,1.0058720202112859,11,8.014285714285714,0.0,7,37,9.578571428571422,0.0,8.689285714285715,0.0,0.005854847095067979,-0.026767847736506853,-0.5267857142857135,0.5098214285714278,-0.23526785714285658,0.0,0.0,-0.875
익산시,2022-09-19,1.100974177388507,10,11.971428571428572,0.0,7,38,9.992857142857137,0.0,9.507142857142858,0.0,0.0961954036857593,0.04801917402269233,1.9089285714285715,0.6910714285714281,0.30669642857142954,-0.125,-0.125,-0.375
익산시,2022-09-26,1.1424485478764452,10,15.071428571428571,0.0,7,39,13.521428571428565,0.0,11.55,0.0,0.13317380809068263,0.09345499540693054,3.746428571428572,2.827678571428571,1.668750000000001,0.0,-0.125,-0.125
익산시,2022-10-03,1.004776933154857,12,8.514285714285714,0.0,7,40,11.792857142857137,0.0,10.892857142857144,0.0,0.004765559815081633,-0.03049533481574648,-1.8989285714285717,0.9237500000000001,0.8074107142857141,0.0,0.0,-0.125
익산시,2022-10-10,1.1154236143846996,11,13.614285714285714,0.0,7,41,11.064285714285708,0.0,12.292857142857143,0.0,0.10923425597450905,0.08787918291859835,1.5142857142857142,-0.19232142857143053,1.317678571428571,0.0,0.0,-0.125
익산시,2022-10-17,1.082357191149913,14,14.342857142857143,0.0,7,42,13.978571428571422,0.0,12.885714285714286,0.0,0.07914124715691266,0.04282418138605504,1.4321428571428587,1.4732142857142847,1.1984821428571433,0.0,0.0,0.0
익산시,2022-10-24,1.1384883143374007,10,16.214285714285715,0.0,7,43,15.278571428571423,0.0,13.171428571428573,0.0,0.1297013423823766,0.0848163922602217,2.505357142857145,1.96875,0.8882142857142856,0.0,0.0,0.0
익산시,2022-10-31,1.0905748732808738,13,14.142857142857142,0.0,7,44,15.178571428571422,0.0,14.57857142857143,0.0,0.08670496389073157,0.052682253069715704,0.33035714285714235,1.4178571428571427,1.4455357142857146,0.0,0.0,0.0
익산시,2022-11-07,1.0092543298529644,11,14.8,0.0,7,45,14.471428571428564,0.0,14.875,0.0,0.009211770910612423,-0.017020869352296103,1.8482142857142865,1.0892857142857135,1.5290178571428577,0.0,0.0,0.0
익산시,2022-11-14,1.0972944561098756,11,13.585714285714285,0.0,7,46,14.192857142857136,0.0,14.685714285714287,0.0,0.09284756470063743,0.04866624875888985,0.1374999999999993,0.992857142857142,1.2053571428571441,0.0,0.0,0.0
익산시,2022-11-21,1.0757036332835013,11,14.200000000000001,0.0,7,47,13.892857142857135,0.0,14.182142857142857,0.0,0.07297499004935751,0.02069434142086038,1.7464285714285719,0.9419642857142847,1.015625,0.0,0.0,0.0
익산시,2022-11-28,0.8906551931373967,9,9.4,0.0,7,48,11.799999999999994,0.0,12.996428571428574,0.0,-0.11579791503319918,-0.15847144621351086,-1.0803571428571423,0.3330357142857139,0.6629464285714306,0.0,0.0,0.0
익산시,2022-12-05,0.9973531435992434,10,12.428571428571429,0.0,7,49,10.914285714285707,0.0,12.403571428571428,0.0,-0.0026503655186147874,-0.058517897916115245,1.3714285714285719,0.14553571428571388,0.5437499999999993,0.0,0.0,0.0
익산시,2022-12-12,1.0053353509650214,12,8.914285714285715,0.0,7,50,10.671428571428564,0.0,11.235714285714286,0.0,0.0053211684036577125,-0.041922616204729805,-1.4732142857142847,-0.05089285714285907,0.14107142857142918,0.0,0.0,0.0
익산시,2022-12-19,0.994434308727421,11,11.4,0.0,7,51,10.157142857142851,0.0,10.535714285714286,0.0,-0.005581237442538535,-0.038838592412332354,1.1285714285714281,-0.17232142857142918,-0.013392857142855874,0.0,0.0,0.0
익산시,2022-12-26,1.1286181022023922,14,11.271428571428572,0.0,7,52,11.335714285714278,0.0,11.00357142857143,0.0,0.12099396594437745,0.083407089005441,1.0839285714285722,1.1062499999999993,0.5276785714285719,0.0,0.0,0.0
익산시,2023-01-02,1.0006706634522675,9,11.0,0.0,7,1,11.135714285714279,0.0,10.646428571428572,0.0,0.0006704386580363149,-0.046519213099806285,0.08750000000000036,0.678571428571427,0.23616071428571495,0.0,0.0,0.0
익산시,2023-01-09,1.0046515672470562,15,11.042857142857143,0.0,7,2,11.021428571428565,0.0,11.178571428571429,0.0,0.004640782140296528,-0.02956718744410699,0.5017857142857132,0.2946428571428559,0.6776785714285722,0.0,0.0,0.0
익산시,2023-01-16,1.0893070594967897,12,8.557142857142857,0.0,7,3,9.799999999999994,0.0,10.467857142857143,0.0,0.08554176884978094,0.03558634575007971,-1.9089285714285715,-0.7035714285714292,-0.01249999999999929,0.0,0.0,0.0
익산시,2023-01-23,0.9729371824207288,10,10.928571428571429,0.0,7,4,9.742857142857137,0.0,10.382142857142856,0.0,-0.027435759598940332,-0.06995816035747021,-0.32063492063492127,-1.109523809523811,-0.3595238095238109,0.0,0.0,0.0
익산시,2023-01-30,1.0129463247315216,11,12.728571428571428,0.0,7,5,11.828571428571422,0.0,10.814285714285713,0.0,0.012863237418017719,-0.052976464299107476,1.6968253968253961,0.6880952380952365,0.022222222222220367,0.0,0.0,0.0
익산시,2023-02-06,1.0159984027395221,12,13.885714285714284,0.0,7,6,13.30714285714285,0.0,11.524999999999999,0.0,0.015871777048284835,0.005464179279124232,1.5222222222222204,1.6095238095238074,0.25,0.0,0.0,0.0
익산시,2023-02-13,0.9962454132268614,15,9.657142857142857,0.0,7,7,11.771428571428563,0.0,11.799999999999999,0.0,-0.0037616529265929893,-0.02561249718775885,-2.401587301587302,-0.4396825396825417,0.12420634920634832,0.0,0.0,0.0
익산시,2023-02-20,1.001938755454664,14,14.185714285714285,0.0,7,8,11.921428571428564,0.0,12.614285714285714,0.0,0.0019368784938945138,-0.006247800086744009,1.6428571428571423,-0.37936507936508157,0.6150793650793656,0.0,0.0,0.0
익산시,2023-02-27,1.0299827288468422,14,17.257142857142856,0.0,7,9,15.721428571428564,0.0,13.746428571428572,0.0,0.029542033991096103,0.010167416757709102,3.7746031746031736,2.708730158730157,1.1345238095238113,0.0,0.0,0.0
익산시,2023-03-06,0.9786710303136233,14,18.62857142857143,0.0,7,10,17.942857142857136,0.0,14.932142857142857,0.0,-0.021559719158454508,-0.04338311390667335,5.874603174603175,4.824603174603173,2.222619047619048,0.0,0.0,0.0
익산시,2023-03-13,0.9823469805654814,13,14.757142857142856,0.0,7,11,16.692857142857136,0.0,16.207142857142856,0.0,-0.017810692339748434,-0.02520917763294169,1.4222222222222207,3.648412698412697,3.178571428571427,0.0,0.0,0.0
익산시,2023-03-20,1.0688905884563165,14,16.414285714285715,0.0,7,12,15.585714285714277,0.0,16.764285714285716,0.0,0.06662127737202854,0.03582466596135092,2.273015873015874,1.8476190476190428,3.336111111111112,0.0,0.0,0.0
익산시,2023-03-27,1.044710909924631,10,21.457142857142856,0.0,7,13,18.935714285714276,0.0,17.814285714285713,0.0,0.04374020592408449,0.02924654213426238,6.384126984126981,4.328571428571424,3.988492063492062,0.0,0.0,0.0
익산시,2023-04-03,1.0883008535784948,11,13.057142857142859,0.0,7,14,17.25714285714285,0.0,16.42142857142857,0.0,0.08461763004236361,0.07972873498128497,-1.2555555555555546,2.5642857142857114,2.2059523809523807,0.0,0.0,0.0
익산시,2023-04-10,1.0135325241681463,13,15.757142857142856,0.0,7,15,14.407142857142848,0.0,16.67142857142857,0.0,0.013441777335464703,-0.013394256510721566,1.822222222222221,0.2833333333333279,2.3059523809523803,0.0,0.0,0.0
익산시,2023-04-17,1.0807289736917316,14,13.114285714285714,0.0,7,16,14.435714285714276,0.0,15.846428571428572,0.0,0.07763578908301558,0.04137528479875715,-1.461904761904762,0.18015873015872508,1.3722222222222236,0.0,0.0,0.0
익산시,2023-04-24,1.1799065313382777,10,13.657142857142857,0.0,7,17,13.385714285714275,0.0,13.896428571428572,0.0,0.1654352246099647,0.09690753614004492,0.8698412698412685,-0.2960317460317494,-0.006349206349206327,0.0,0.0,0.0
익산시,2023-05-01,1.0003278380245817,14,10.87142857142857,0.0,7,18,12.264285714285705,0.0,13.349999999999998,0.0,0.0003277842974387268,-0.025427379614136814,-3.036507936507938,-1.0833333333333357,-0.45158730158730265,0.0,0.0,0.0
익산시,2023-05-08,0.97280876634971,13,14.357142857142858,0.0,7,19,12.614285714285705,0.0,13.0,0.0,-0.027567756349375677,-0.03350320172115577,1.593650793650795,-0.7214285714285751,-0.5087301587301596,0.0,0.0,0.0
익산시,2023-05-15,1.0741119747054655,12,11.714285714285714,0.0,7,20,13.035714285714278,0.0,12.65,0.0,0.07149425015432438,0.011372698341262921,-0.7682539682539691,0.41269841269841123,-0.33531746031746046,0.0,0.0,0.0
익산시,2023-05-22,1.116136832606069,12,9.557142857142859,0.0,7,21,10.635714285714277,0.0,11.625,0.0,0.1098734663052134,0.037665041118579656,-2.707936507936507,-1.7380952380952408,-1.2297619047619044,0.0,0.0,0.0
익산시,2023-05-29,0.9347702873380084,11,8.428571428571429,0.0,7,22,8.992857142857135,0.0,11.014285714285716,0.0,-0.0674544618696494,-0.10265632540243375,-3.3015873015873005,-3.0047619047619065,-1.296031746031744,0.0,0.0,0.0
익산시,2023-06-05,1.0417280798701167,11,9.857142857142858,0.0,7,23,9.142857142857135,0.0,9.889285714285714,0.0,0.04088094945769071,0.0025117510662675674,-1.2603174603174594,-2.2809523809523817,-2.0095238095238095,0.0,0.0,0.0
익산시,2023-06-12,0.8925156107112581,12,10.271428571428572,0.0,7,24,10.064285714285706,0.0,9.528571428571428,0.0,-0.1137112744883023,-0.18710564233606325,0.0,-0.6301587301587315,-1.817460317460318,0.0,0.0,0.0
익산시,2023-06-19,0.9797509335799028,19,9.242857142857144,0.0,7,25,9.75714285714285,0.0,9.450000000000001,0.0,-0.02045688902721576,-0.053219369943412864,-0.40793650793650826,-0.2039682539682559,-1.242460317460317,0.0,0.0,0.0
익산시,2023-06-26,1.1148022468415653,17,6.085714285714286,0.0,7,26,7.664285714285706,0.0,8.864285714285714,0.0,0.10867703208968645,0.04021465087598548,-2.0964285714285706,-1.1651785714285747,-0.8482142857142847,-0.25,-0.25,-0.25
익산시,2023-07-03,0.9387524795155112,17,7.17142857142857,0.0,7,27,6.628571428571419,0.0,8.192857142857143,0.0,-0.06320343461246189,-0.10254710336380479,-0.7666666666666675,-1.5904761904761937,-0.9186507936507926,-0.5555555555555556,-0.7777777777777778,-0.7777777777777778
익산시,2023-07-10,1.0827936390280712,19,4.385714285714287,0.0,7,28,5.77857142857142,0.0,6.721428571428572,0.0,0.07954440418226767,0.0245108098519677,-3.674603174603173,-2.2206349206349234,-1.8190476190476188,-0.4444444444444444,-1.0,-1.2222222222222223
익산시,2023-07-17,1.0625119797996323,19,7.071428571428572,0.0,7,29,5.728571428571421,0.0,6.178571428571429,0.0,0.060635896858407604,0.060130856025851775,-1.1444444444444448,-2.4095238095238116,-2.0,-0.3333333333333333,-0.7777777777777778,-1.5555555555555556
익산시,2023-07-24,1.0489227588538315,19,8.657142857142857,0.0,7,30,7.864285714285705,0.0,6.821428571428571,0.0,0.047763693579973704,0.010838932560612108,0.06984126984126782,-0.5373015873015916,-1.3789682539682548,-1.6666666666666667,-2.0,-3.0
익산시,2023-07-31,1.0646074513569157,19,9.785714285714286,4.0,7,31,9.221428571428563,4.0,7.475,4.0,0.06260614094009974,0.06074299565315909,0.6841269841269852,0.376984126984123,-1.0162698412698425,1.4444444444444446,-0.22222222222222232,-1.0
익산시,2023-08-07,1.0717146687043981,23,7.4142857142857155,2.0,7,32,8.599999999999993,6.0,8.232142857142858,6.0,0.06925985996646011,0.05675196527623706,-0.996825396825396,-0.15634920634920846,-0.3468253968253965,-0.44444444444444464,1.0,-1.0
익산시,2023-08-14,1.0421815788654996,17,8.814285714285713,1.0,7,33,8.114285714285707,3.0,8.667857142857144,7.0,0.04131618809737046,0.06553316345780479,-0.5214285714285722,-0.6803571428571455,-0.18928571428571317,0.125,0.125,0.375
익산시,2023-08-21,0.9809567949770679,20,8.528571428571428,0.0,7,34,8.671428571428564,1.0,8.635714285714286,7.0,-0.01922686220410721,-0.01914339485710808,-0.430357142857142,-0.4758928571428598,-0.29419642857142847,-0.625,-0.5,1.0
익산시,2023-08-28,0.9688975496374892,18,8.757142857142856,0.0,7,35,8.642857142857135,0.0,8.37857142857143,3.0,-0.03159640060924994,-0.05195105063460034,0.15535714285714164,-0.13750000000000284,-0.40892857142856975,-0.25,-0.875,-0.75
익산시,2023-09-04,1.0682958055980332,15,11.414285714285715,0.0,7,36,10.085714285714278,0.0,9.378571428571428,1.0,0.06606467372220776,0.054811570911362295,1.817857142857143,0.9866071428571388,0.25535714285714306,0.0,-0.25,-0.75
익산시,2023-09-11,0.9525281828264827,16,6.9142857142857155,0.0,7,37,9.164285714285707,0.0,8.903571428571428,0.0,-0.04863558414973209,-0.08125827898130691,-1.6267857142857123,0.09553571428571317,-0.02098214285714306,0.0,0.0,-0.875
익산시,2023-09-18,1.0101490308581866,15,9.071428571428571,0.0,7,38,7.992857142857135,0.0,9.039285714285715,0.0,0.010097875273090097,-0.038078354389976865,-0.9910714285714288,-1.3089285714285737,-0.16116071428571388,-0.125,-0.125,-0.375
익산시,2023-09-25,1.1072240501160953,15,8.257142857142858,0.0,7,39,8.664285714285707,0.0,8.914285714285715,0.0,0.1018560272097507,0.062137214525998616,-3.0678571428571413,-2.029464285714287,-0.966964285714285,0.0,-0.125,-0.125
익산시,2023-10-02,1.000012497495442,17,11.514285714285716,0.0,7,40,9.885714285714279,0.0,8.939285714285715,0.0,1.2497417349030939e-05,-0.03524839721347908,1.10107142857143,-0.9833928571428583,-1.146160714285715,0.0,0.0,-0.125
익산시,2023-10-09,0.9554672742139936,16,13.414285714285715,0.0,7,41,12.464285714285706,0.0,10.564285714285715,0.0,-0.045554765795212546,-0.06690983885112324,1.314285714285715,1.207678571428568,-0.4108928571428567,0.0,0.0,-0.125
익산시,2023-10-16,1.0641987915718092,15,14.942857142857141,0.0,7,42,14.17857142857142,0.0,12.032142857142857,0.0,0.06222220765215131,0.025905141881293683,2.0321428571428566,1.6732142857142822,0.34491071428571374,0.0,0.0,0.0
익산시,2023-10-23,1.0184822016528068,16,14.114285714285714,0.0,7,43,14.528571428571418,0.0,13.496428571428572,0.0,0.018313481473423893,-0.02657146864873101,0.4053571428571434,1.2187499999999947,1.213214285714285,0.0,0.0,0.0
익산시,2023-10-30,1.0721860752138523,17,13.257142857142856,0.0,7,44,13.685714285714276,0.0,13.932142857142857,0.0,0.0696996252106196,0.03567691438960374,-0.5553571428571438,-0.07500000000000284,0.7991071428571423,0.0,0.0,0.0
익산시,2023-11-06,1.0834658931594667,14,11.214285714285714,0.0,7,45,12.235714285714277,0.0,13.382142857142856,0.0,0.08016506310423624,0.05393242284132771,-1.7375000000000007,-1.146428571428574,0.03616071428571388,0.0,0.0,0.0
익산시,2023-11-13,0.9579712088818149,13,10.328571428571427,0.0,7,46,10.771428571428562,0.0,12.228571428571428,0.0,-0.04293755482216243,-0.08711887076391,-3.1196428571428587,-2.4285714285714324,-1.251785714285715,0.0,0.0,0.0
익산시,2023-11-20,1.0015026969516123,16,12.0,0.0,7,47,11.164285714285704,0.0,11.7,0.0,0.0015015690323539588,-0.05077907959614317,-0.4535714285714292,-1.7866071428571466,-1.4665178571428577,0.0,0.0,0.0
익산시,2023-11-27,0.9979332610759148,15,7.8,0.0,7,48,9.899999999999991,0.0,10.335714285714285,0.0,-0.002068877576173726,-0.0447424087564854,-2.680357142857143,-1.5669642857142883,-1.9977678571428577,0.0,0.0,0.0
익산시,2023-12-04,1.0235053179006284,14,14.414285714285713,0.0,7,49,11.107142857142847,0.0,11.135714285714286,0.0,0.023233321905052846,-0.032634210492447614,3.357142857142856,0.3383928571428534,-0.7241071428571431,0.0,0.0,0.0
익산시,2023-12-11,1.0195575453417147,16,6.142857142857143,0.0,7,50,10.278571428571418,0.0,10.089285714285714,0.0,0.01936875411006963,-0.02787503049831789,-4.244642857142856,-0.443750000000005,-1.005357142857143,0.0,0.0,0.0
익산시,2023-12-18,1.0194957566882412,17,7.585714285714286,0.0,7,51,6.864285714285706,0.0,8.985714285714286,0.0,0.01930814887387408,-0.013949206095919736,-2.685714285714286,-3.4651785714285745,-1.5633928571428566,0.0,0.0,0.0
익산시,2023-12-25,0.9101424473078821,14,8.514285714285714,0.0,7,52,8.049999999999992,0.0,9.164285714285715,0.0,-0.09415415621847768,-0.13174103315741414,-1.6732142857142858,-2.179464285714287,-1.3116071428571434,0.0,0.0,0.0
익산시,2024-01-01,1.0930771185135824,18,8.72857142857143,0.0,7,1,8.621428571428563,0.0,7.742857142857144,0.0,0.08899676344242985,0.04180711168458725,-2.18392857142857,-1.835714285714289,-2.6674107142857135,0.0,0.0,0.0
익산시,2024-01-08,1.0109166409445542,18,10.585714285714285,0.0,7,2,9.657142857142848,0.0,8.85357142857143,0.0,0.010857484556436712,-0.023350485027966807,0.044642857142855874,-1.0696428571428616,-1.647321428571427,0.0,0.0,0.0
익산시,2024-01-15,0.990887592870182,17,6.257142857142857,0.0,7,3,8.421428571428562,0.0,8.52142857142857,0.0,-0.00915417906724192,-0.05910960216694315,-4.208928571428571,-2.082142857142861,-1.9589285714285722,0.0,0.0,0.0
익산시,2024-01-22,1.0727329398683532,16,8.114285714285714,0.0,7,4,7.185714285714276,0.0,8.42142857142857,0.0,0.07020954158741975,0.02768714082888988,-3.134920634920636,-3.6666666666666714,-2.3202380952380963,0.0,0.0,0.0
익산시,2024-01-29,1.0473385417836774,18,9.985714285714286,0.0,7,5,9.04999999999999,0.0,8.735714285714286,0.0,0.04625222421184401,-0.019587477505281184,-1.0460317460317459,-2.0904761904761955,-2.056349206349207,0.0,0.0,0.0
익산시,2024-02-05,1.0630167353030058,18,8.1,0.0,7,6,9.042857142857134,0.0,8.114285714285714,0.0,0.061110842700611755,0.050703244931451154,-4.263492063492064,-2.6547619047619087,-3.1607142857142847,0.0,0.0,0.0
익산시,2024-02-12,1.1135083255432274,19,13.485714285714286,0.0,7,7,10.792857142857134,0.0,9.92142857142857,0.0,0.10751568460087385,0.08566484033970799,1.4269841269841272,-1.4182539682539712,-1.7543650793650798,0.0,0.0,0.0
익산시,2024-02-19,1.0591710937788443,17,4.814285714285715,0.0,7,8,9.149999999999991,0.0,9.096428571428572,0.0,0.057486615211561065,0.04930193663092254,-7.728571428571428,-3.150793650793654,-2.902777777777777,0.0,0.0,0.0
익산시,2024-02-26,1.0609756446579284,14,9.442857142857141,0.0,7,9,7.128571428571419,0.0,8.960714285714285,0.0,0.05918890428630853,0.03981428705292153,-4.039682539682541,-5.884126984126988,-3.651190476190475,0.0,0.0,0.0
익산시,2024-03-04,1.012573072709679,13,10.528571428571427,0.0,7,10,9.985714285714275,0.0,9.567857142857143,0.0,0.012494687971846954,-0.009328706776371883,-2.225396825396828,-3.1325396825396883,-3.1416666666666657,0.0,0.0,0.0
익산시,2024-03-11,1.0165758788435382,14,14.842857142857143,0.0,7,11,12.685714285714276,0.0,9.907142857142857,0.0,0.016439998465613816,0.00904151317242056,1.507936507936508,-0.3587301587301628,-3.121428571428572,0.0,0.0,0.0
익산시,2024-03-18,1.0334797488583423,17,12.914285714285715,0.0,7,12,13.87857142857142,0.0,11.932142857142857,0.0,0.032931505229121756,0.002134893818444141,-1.2269841269841262,0.14047619047618554,-1.496031746031747,0.0,0.0,0.0
익산시,2024-03-25,1.02562417960189,20,10.200000000000001,0.0,7,13,11.55714285714285,0.0,12.121428571428572,0.0,0.025301382961242572,0.010807719171420465,-4.8730158730158735,-3.0500000000000025,-1.704365079365079,0.0,0.0,0.0
익산시,2024-04-01,0.9743791326512786,19,11.414285714285713,0.0,7,14,10.807142857142848,0.0,12.342857142857142,0.0,-0.025954797843589693,-0.030843692904668346,-2.8984126984127005,-3.8857142857142897,-1.8726190476190485,0.0,0.0,0.0
익산시,2024-04-08,1.0436304260811053,15,14.785714285714286,0.0,7,15,13.09999999999999,0.0,12.32857142857143,0.0,0.04270542878175759,0.015869394935571324,0.8507936507936513,-1.023809523809529,-2.0369047619047613,0.0,0.0,0.0
익산시,2024-04-15,0.9873452255432609,17,10.357142857142858,0.0,7,16,12.571428571428562,0.0,11.689285714285715,0.0,-0.012735528117936204,-0.048996032402194634,-4.219047619047618,-1.6841269841269888,-2.784920634920633,0.0,0.0,0.0
익산시,2024-04-22,1.1070730801852933,17,13.714285714285714,0.0,7,17,12.035714285714278,0.0,12.567857142857143,0.0,0.10171966797505723,0.03319197950513744,0.9269841269841255,-1.6460317460317473,-1.3349206349206355,0.0,0.0,0.0
익산시,2024-04-29,1.0198521640825313,17,11.299999999999999,0.0,7,18,12.507142857142847,0.0,12.539285714285715,0.0,0.01965767961778361,-0.006097484293791932,-2.6079365079365093,-0.8404761904761937,-1.262301587301586,0.0,0.0,0.0
익산시,2024-05-06,1.0179480369846337,15,9.371428571428572,0.0,7,19,10.335714285714277,0.0,11.185714285714285,0.0,0.017788872606113653,0.011853427234333556,-3.3920634920634907,-3.0000000000000036,-2.3230158730158745,0.0,0.0,0.0
익산시,2024-05-13,1.015568155513554,18,13.642857142857142,0.0,7,20,11.50714285714285,0.0,12.007142857142856,0.0,0.015448215013703593,-0.044673336799357866,1.1603174603174597,-1.1158730158730172,-0.9781746031746046,0.0,0.0,0.0
익산시,2024-05-20,1.008804450575135,16,12.014285714285716,0.0,7,21,12.82857142857142,0.0,11.582142857142857,0.0,0.008765917410560882,-0.06344250777607285,-0.2507936507936499,0.45476190476190226,-1.272619047619047,0.0,0.0,0.0
익산시,2024-05-27,1.1121163134476695,18,10.371428571428572,0.0,7,22,11.192857142857136,0.0,11.350000000000001,0.0,0.1062647887825201,0.07106292524973576,-1.3587301587301575,-0.8047619047619055,-0.9603174603174587,0.0,0.0,0.0
익산시,2024-06-03,0.984363271305029,17,10.642857142857142,0.0,7,23,10.50714285714285,0.0,11.667857142857143,0.0,-0.015760271903854192,-0.054129470295277336,-0.4746031746031747,-0.9166666666666679,-0.23095238095238102,0.0,0.0,0.0
익산시,2024-06-10,1.1176024878447302,15,11.542857142857144,0.0,7,24,11.092857142857135,0.0,11.142857142857144,0.0,0.11118575501820369,0.03779138717044275,1.2714285714285722,0.398412698412697,-0.20317460317460245,0.0,0.0,0.0
익산시,2024-06-17,1.1425548004165131,15,10.0,0.0,7,25,10.771428571428563,0.0,10.639285714285714,0.0,0.13326680798954393,0.10050432707334683,0.34920634920634797,0.8103174603174583,-0.053174603174603874,0.0,0.0,0.0
익산시,2024-06-24,1.0289317979907868,19,8.414285714285715,0.0,7,26,9.207142857142848,0.0,10.149999999999999,0.0,0.02852117476296798,-0.039941206450732986,0.23214285714285765,0.377678571428568,0.4375,-0.25,-0.25,-0.25
익산시,2024-07-01,1.0698678627903018,21,6.985714285714285,0.0,7,27,7.69999999999999,0.0,9.235714285714286,0.0,0.06753514812861697,0.028191479377274058,-0.9523809523809526,-0.5190476190476225,0.1242063492063501,-0.5555555555555556,-0.7777777777777778,-0.7777777777777778
익산시,2024-07-08,1.0016040004528008,20,5.557142857142858,0.0,7,28,6.2714285714285625,0.0,7.739285714285714,0.0,0.001602715418021947,-0.053430878912278025,-2.5031746031746023,-1.7277777777777805,-0.8011904761904773,-0.4444444444444444,-1.0,-1.2222222222222223
익산시,2024-07-15,0.9495055784234012,20,6.8999999999999995,0.0,7,29,6.22857142857142,0.0,6.964285714285714,0.0,-0.05181387363025532,-0.052318914462811145,-1.3158730158730174,-1.9095238095238125,-1.2142857142857144,-0.3333333333333333,-0.7777777777777778,-1.5555555555555556
익산시,2024-07-22,1.1201242720912068,21,6.928571428571429,4.0,7,30,6.914285714285706,4.0,6.5928571428571425,4.0,0.11343963637599745,0.07651487535663586,-1.65873015873016,-1.487301587301591,-1.6075396825396835,2.333333333333333,2.0,1.0
익산시,2024-07-29,1.0407024495131996,21,7.785714285714286,4.0,7,31,7.357142857142849,8.0,6.792857142857143,8.0,0.039895917375827566,0.03803277208888692,-1.3158730158730156,-1.487301587301591,-1.6984126984126995,1.4444444444444446,3.7777777777777777,3.0
익산시,2024-08-05,1.012102027117088,22,8.9,1.0,7,32,8.342857142857135,5.0,7.628571428571429,9.0,0.012029383092925875,-0.00047851159729717964,0.48888888888888893,-0.41349206349206646,-0.9503968253968251,-1.4444444444444446,0.0,2.0
익산시,2024-08-12,0.9646839254780619,19,9.900000000000002,3.0,7,33,9.399999999999991,4.0,8.37857142857143,12.0,-0.035954769660259775,-0.011737794299825455,0.5642857142857167,0.6053571428571392,-0.47857142857142776,2.125,1.125,5.375
익산시,2024-08-19,1.0067694512073848,17,7.957142857142857,3.0,7,34,8.92857142857142,6.0,8.635714285714286,11.0,0.006746641354820951,0.006830108701820081,-1.0017857142857132,-0.21875000000000355,-0.29419642857142847,2.375,4.5,5.0
익산시,2024-08-26,0.9633886234483517,20,9.028571428571428,0.0,7,35,8.492857142857133,3.0,8.946428571428573,7.0,-0.03729839360771087,-0.05765304363306127,0.4267857142857139,-0.287500000000005,0.1589285714285733,-0.25,2.125,3.25
익산시,2024-09-02,0.9483359496405339,17,9.028571428571428,0.0,7,36,9.028571428571428,0.0,8.97857142857143,6.0,-0.05304646224595788,-0.06429956505680334,-0.5678571428571431,-0.07053571428571104,-0.14464285714285552,0.0,-0.25,4.25
익산시,2024-09-09,1.0164488368147548,23,10.342857142857143,0.0,7,37,9.685714285714276,0.0,9.089285714285715,3.0,0.0163150201237666,-0.01630767470780823,1.8017857142857157,0.6169642857142819,0.16473214285714377,0.0,0.0,2.125
익산시,2024-09-16,1.0751408225211865,23,8.257142857142856,1.0,7,38,9.29999999999999,1.0,9.164285714285715,1.0,0.0724516506943044,0.024275421031237435,-1.8053571428571438,-0.0017857142857184982,-0.03616071428571388,0.875,0.875,0.625
익산시,2024-09-23,0.9892620266368778,16,10.757142857142858,0.0,7,39,9.507142857142847,1.0,9.596428571428572,1.0,-0.010796041462347635,-0.05051485414609973,-0.5678571428571413,-1.186607142857147,-0.2848214285714281,0.0,0.875,0.875
익산시,2024-09-30,0.9790136593589498,12,10.520000000000001,0.0,5,40,10.63857142857142,0.0,9.969285714285714,1.0,-0.021209684190482088,-0.0564705788213102,0.10678571428571537,-0.2305357142857165,-0.11616071428571573,0.0,0.0,0.875
익산시,2024-10-07,0.9814746217199019,13,12.928571428571429,0.0,7,41,11.724285714285706,0.0,10.615714285714287,1.0,-0.018699122227620456,-0.040054195283531144,0.8285714285714292,0.46767857142856784,-0.3594642857142851,0.0,0.0,0.875
익산시,2024-10-14,0.9676235037852782,14,9.185714285714285,0.0,7,42,11.057142857142846,0.0,10.847857142857144,0.0,-0.03291220973384255,-0.06922927550470018,-3.7249999999999996,-1.4482142857142914,-0.8393749999999986,0.0,0.0,0.0
익산시,2024-10-21,0.9209408755760624,11,11.571428571428571,0.0,7,43,10.37857142857142,0.0,11.051428571428572,0.0,-0.082359440687516,-0.1272443908096709,-2.1374999999999993,-2.931250000000004,-1.2317857142857154,0.0,0.0,0.0
익산시,2024-10-28,1.0297816956878252,15,10.828571428571431,0.0,7,44,11.199999999999992,0.0,11.12857142857143,0.0,0.029346833843680475,-0.004675876977335389,-2.983928571428569,-2.560714285714287,-2.0044642857142847,0.0,0.0,0.0
익산시,2024-11-04,1.0732725065214237,16,14.2,0.0,7,45,12.514285714285705,0.0,11.446428571428571,0.0,0.07071239833957574,0.04447975807666721,1.248214285714285,-0.8678571428571455,-1.8995535714285712,0.0,0.0,0.0
익산시,2024-11-11,1.1195950623803845,17,13.914285714285715,0.0,7,46,14.057142857142846,0.0,12.62857142857143,0.0,0.11296706848543564,0.06878575254368806,0.46607142857142847,0.8571428571428523,-0.8517857142857128,0.0,0.0,0.0
익산시,2024-11-18,1.0408517274249858,16,13.87142857142857,0.0,7,47,13.892857142857132,0.0,13.20357142857143,0.0,0.04003934665928892,-0.01224130196920821,1.417857142857141,0.9419642857142811,0.03705357142857224,0.0,0.0,0.0
익산시,2024-11-25,1.01691331292911,15,9.342857142857143,0.0,7,48,11.607142857142847,0.0,12.832142857142856,0.0,0.016771875408982017,-0.02590165577132966,-1.1374999999999993,0.14017857142856727,0.49866071428571246,0.0,0.0,0.0
익산시,2024-12-02,0.9998668288804258,16,8.714285714285714,0.0,7,49,9.028571428571418,0.0,11.460714285714285,0.0,-0.00013317998763509302,-0.056000712385135556,-2.3428571428571434,-1.7401785714285758,-0.39910714285714377,0.0,0.0,0.0
익산시,2024-12-09,0.9911989102639707,16,9.685714285714285,0.0,7,50,9.199999999999989,0.0,10.403571428571428,0.0,-0.00884004807865348,-0.056083832687040994,-0.7017857142857142,-1.5223214285714342,-0.6910714285714281,0.0,0.0,0.0
익산시,2024-12-16,0.9829649994701997,13,8.257142857142858,0.0,7,51,8.97142857142856,0.0,9.0,0.0,-0.017181765297764565,-0.05043912026755838,-2.0142857142857142,-1.3580357142857196,-1.5491071428571423,0.0,0.0,0.0
익산시,2024-12-23,1.0740267258895935,15,9.328571428571427,0.0,7,52,8.792857142857134,0.0,8.996428571428572,0.0,0.07141488021802264,0.033828003279086194,-0.8589285714285726,-1.4366071428571452,-1.4794642857142861,0.0,0.0,0.0
익산시,2024-12-30,1.0344464537164106,11,10.885714285714286,0.0,7,1,10.107142857142847,0.0,9.539285714285715,0.0,0.033866456319043475,-0.013323195438799125,-0.026785714285713524,-0.350000000000005,-0.8709821428571427,0.0,0.0,0.0
익산시,2025-01-06,1.0703522266193037,16,9.457142857142857,0.0,7,2,10.171428571428562,0.0,9.482142857142858,0.0,0.0679877780610881,0.03377980847668459,-1.0839285714285722,-0.5553571428571473,-1.018749999999999,0.0,0.0,0.0
익산시,2025-01-13,1.0596728349045785,17,10.914285714285715,0.0,7,3,10.185714285714276,0.0,10.146428571428572,0.0,0.05796021416646302,0.008004791066761788,0.4482142857142861,-0.3178571428571466,-0.33392857142857046,0.0,0.0,0.0
익산시,2025-01-20,1.0146379972906445,16,13.471428571428572,0.0,7,4,12.192857142857132,0.0,11.182142857142857,0.0,0.014531895962352099,-0.027990504796177776,2.2222222222222214,1.3404761904761848,0.4404761904761898,0.0,0.0,0.0
익산시,2025-01-27,0.9980035577247931,13,8.6,0.0,7,5,11.035714285714276,0.0,10.610714285714286,0.0,-0.001998437822525052,-0.06783813953965025,-2.431746031746032,-0.10476190476190972,-0.18134920634920704,0.0,0.0,0.0
익산시,2025-02-03,1.026426381768765,19,10.571428571428571,0.0,7,6,9.585714285714275,0.0,10.889285714285714,0.0,0.026083237193142816,0.015675639423982216,-1.7920634920634928,-2.1119047619047677,-0.38571428571428434,0.0,0.0,0.0
익산시,2025-02-10,1.0775701290822544,10,11.5,0.0,7,7,11.035714285714276,0.0,11.035714285714285,0.0,0.07470862587296105,0.05285778161179519,-0.5587301587301585,-1.1753968253968292,-0.6400793650793659,0.0,0.0,0.0
익산시,2025-02-17,0.9677384590259231,12,10.171428571428573,0.0,7,8,10.835714285714277,0.0,10.210714285714285,0.0,-0.03279341516932275,-0.040978093749961274,-2.37142857142857,-1.4650793650793688,-1.788492063492063,0.0,0.0,0.0
익산시,2025-02-24,0.963937894062685,10,14.585714285714285,0.0,7,9,12.37857142857142,0.0,11.707142857142857,0.0,-0.03672841169316409,-0.05610302892655109,1.1031746031746028,-0.6341269841269881,-0.9047619047619033,0.0,0.0,0.0
익산시,2025-03-03,1.0159785909656665,14,8.885714285714286,0.0,7,10,11.735714285714277,0.0,11.285714285714286,0.0,0.015852277050088313,-0.005971117698130524,-3.8682539682539687,-1.3825396825396865,-1.4238095238095223,0.0,0.0,0.0
익산시,2025-03-10,0.9627211937780366,11,13.785714285714286,0.0,7,11,11.335714285714277,0.0,11.857142857142858,0.0,-0.037991427505424905,-0.04538991279861816,0.45079365079365097,-1.7087301587301624,-1.1714285714285708,0.0,0.0,0.0
익산시,2025-03-17,0.9758507071323688,11,15.057142857142859,0.0,7,12,14.421428571428564,0.0,13.07857142857143,0.0,-0.024445668272951464,-0.055242279683629075,0.915873015873018,0.68333333333333,-0.3496031746031747,0.0,0.0,0.0
익산시,2025-03-24,1.1198258139280766,13,16.185714285714287,0.0,7,13,15.621428571428563,0.0,13.47857142857143,0.0,0.11317314993350097,0.09867948614367886,1.1126984126984123,1.0142857142857107,-0.34722222222222143,0.0,0.0,0.0
익산시,2025-03-31,0.9768805342878535,14,14.242857142857144,0.0,7,14,15.214285714285706,0.0,14.817857142857143,0.0,-0.023390912524577083,-0.028279807585655736,-0.0698412698412696,0.5214285714285687,0.6023809523809529,0.0,0.0,0.0
익산시,2025-04-07,1.0229144359710212,16,17.114285714285714,0.0,7,15,15.678571428571418,0.0,15.650000000000002,0.0,0.022655843169412215,-0.004180190676774054,3.1793650793650787,1.5547619047618984,1.2845238095238116,0.0,0.0,0.0
익산시,2025-04-14,1.0488337654523092,14,13.1,0.0,7,16,15.107142857142847,0.0,15.160714285714286,0.0,0.047678847316315845,0.011418343032057417,-1.4761904761904763,0.8515873015872959,0.6865079365079385,0.0,0.0,0.0
익산시,2025-04-21,1.044276750316384,15,13.485714285714284,0.0,7,17,13.29285714285713,0.0,14.485714285714286,0.0,0.04332454084117241,-0.025203147628747376,0.6984126984126959,-0.3888888888888946,0.5829365079365072,0.0,0.0,0.0
익산시,2025-04-28,1.114172295892,14,14.614285714285714,0.0,7,18,14.049999999999988,0.0,14.57857142857143,0.0,0.10811179372176423,0.08235662981018868,0.7063492063492056,0.7023809523809472,0.7769841269841287,0.0,0.0,0.0
익산시,2025-05-05,1.0172929675738507,16,10.342857142857143,0.0,7,19,12.478571428571417,0.0,12.885714285714286,0.0,0.01714514595955276,0.011209700587772663,-2.420634920634919,-0.857142857142863,-0.6230158730158735,0.0,0.0,0.0
익산시,2025-05-12,1.0208464635403616,16,11.942857142857141,0.0,7,20,11.142857142857132,0.0,12.596428571428572,0.0,0.020632149363637234,-0.03948940244942423,-0.5396825396825413,-1.4801587301587347,-0.3888888888888893,0.0,0.0,0.0
익산시,2025-05-19,1.0654806520707165,19,8.814285714285713,0.0,7,21,10.378571428571416,0.0,11.428571428571427,0.0,0.06342601384705497,-0.008782411339578772,-3.4507936507936527,-1.9952380952381024,-1.4261904761904773,0.0,0.0,0.0
익산시,2025-05-26,1.0792757824044807,19,13.27142857142857,0.0,7,22,11.04285714285713,0.0,11.092857142857142,0.0,0.07629024435456201,0.04108838082177766,1.5412698412698411,-0.9547619047619111,-1.2174603174603185,0.0,0.0,0.0
익산시,2025-06-02,1.013049179001697,19,10.828571428571427,0.0,7,23,12.049999999999988,0.0,11.214285714285714,0.0,0.01296477196740282,-0.025404426424020327,-0.28888888888888964,0.6261904761904713,-0.6845238095238102,0.0,0.0,0.0
익산시,2025-06-09,1.0578440393858464,19,10.200000000000001,0.0,7,24,10.514285714285704,0.0,10.778571428571428,0.0,0.05623291178164452,-0.01716145606611641,-0.07142857142857117,-0.18015873015873396,-0.5674603174603181,0.0,0.0,0.0
익산시,2025-06-16,1.1300214334465306,20,7.828571428571428,0.0,7,25,9.014285714285704,0.0,10.532142857142857,0.0,0.12223660019616257,0.08947411927996547,-1.8222222222222237,-0.9468253968254015,-0.16031746031746152,0.0,0.0,0.0
익산시,2025-06-23,0.9489573420281757,18,8.32857142857143,0.0,7,26,8.078571428571419,0.0,9.29642857142857,0.0,-0.052391431827004134,-0.1208538130407051,0.14642857142857224,-0.7508928571428619,-0.41607142857142776,-0.25,-0.25,-0.25
익산시,2025-06-30,1.0193832759042818,16,7.757142857142859,3.0,7,27,8.042857142857132,3.0,8.528571428571428,3.0,0.01919781296647058,-0.02014585578487233,-0.18095238095237853,-0.1761904761904809,-0.5829365079365072,2.4444444444444446,2.2222222222222223,2.2222222222222223
익산시,2025-07-07,0.9962667667305711,18,9.9,3.0,7,28,8.828571428571419,6.0,8.45357142857143,6.0,-0.003740219176852036,-0.05877381350715201,1.8396825396825403,0.8293650793650755,-0.08690476190476204,2.5555555555555554,5.0,4.777777777777778
익산시,2025-07-14,0.9108159309108845,17,6.785714285714286,0.0,7,29,8.342857142857131,3.0,8.192857142857143,6.0,-0.09341445382685044,-0.09391949465940627,-1.4301587301587313,0.2047619047618987,0.014285714285714235,-0.3333333333333333,2.2222222222222223,4.444444444444445
익산시,2025-07-21,1.0040639577069048,18,10.557142857142859,0.0,7,30,8.671428571428562,0.0,8.75,6.0,0.004055722135917708,-0.03286903888344389,1.96984126984127,0.26984126984126533,0.549603174603174,-1.6666666666666667,-2.0,3.0
익산시,2025-07-28,0.9450877975725636,20,10.514285714285716,2.0,7,31,10.535714285714278,2.0,9.439285714285715,5.0,-0.05647744831983306,-0.05834059360677371,1.4126984126984148,1.691269841269838,0.9480158730158728,-0.5555555555555554,-2.2222222222222223,0.0
익산시,2025-08-04,0.9417782799028419,21,7.0857142857142845,2.0,7,32,8.79999999999999,4.0,8.735714285714286,4.0,-0.05998540376306287,-0.07249329845328592,-1.325396825396827,0.043650793650789055,0.15674603174603163,-0.44444444444444464,-1.0,-3.0
익산시,2025-08-11,0.9668609422345799,22,7.942857142857142,0.0,7,33,7.514285714285703,2.0,9.025,4.0,-0.0337005971429686,-0.009483621782534282,-1.3928571428571432,-1.2803571428571496,0.1678571428571427,-0.875,-0.875,-2.625
익산시,2025-08-18,1.0077839542513267,17,9.442857142857141,1.0,7,34,8.69285714285713,1.0,8.74642857142857,5.0,0.007753815577109905,0.007837282924109035,0.4839285714285708,-0.45446428571429287,-0.18348214285714448,0.375,-0.5,-1.0
익산시,2025-08-25,1.0542557219356736,20,8.714285714285714,0.0,7,35,9.078571428571417,1.0,8.29642857142857,3.0,0.052835041123921136,0.03248039109857073,0.11249999999999893,0.29821428571427866,-0.4910714285714288,-0.25,0.125,-0.75
익산시,2025-09-01,0.928878153295612,21,9.257142857142858,0.0,7,36,8.985714285714277,0.0,8.839285714285714,1.0,-0.07377770776327412,-0.08503081057411958,-0.3392857142857135,-0.11339285714286262,-0.28392857142857153,0.0,-0.25,-0.75
익산시,2025-09-08,1.0480997433707773,21,7.257142857142857,0.0,7,37,8.257142857142847,0.0,8.667857142857143,1.0,0.04697875634211583,0.014356061510541002,-1.2839285714285706,-0.811607142857147,-0.2566964285714288,0.0,0.0,0.125
익산시,2025-09-15,0.9899306212577753,23,8.057142857142859,0.0,7,38,7.657142857142849,0.0,8.321428571428573,0.0,-0.01012041784678766,-0.058296647509854624,-2.0053571428571413,-1.64464285714286,-0.8790178571428555,-0.125,-0.125,-0.375
익산시,2025-09-22,0.9463718711880541,23,8.228571428571428,0.0,7,39,8.142857142857133,0.0,8.2,0.0,-0.05511968866577822,-0.09483850134953031,-3.0964285714285715,-2.550892857142861,-1.6812500000000004,0.0,-0.125,-0.125
익산시,2025-09-29,1.0360831276772458,23,8.714285714285714,0.0,7,40,8.47142857142856,0.0,8.064285714285715,0.0,0.03544737968900981,0.0001864850581816957,-1.6989285714285725,-2.3976785714285764,-2.021160714285715,0.0,0.0,-0.125
익산시,2025-10-06,0.9783841544194768,21,8.414285714285715,0.0,7,41,8.564285714285706,0.0,8.35357142857143,0.0,-0.021852890141510265,-0.04320796319742096,-3.685714285714285,-2.6923214285714323,-2.621607142857142,0.0,0.0,-0.125
익산시,2025-10-13,1.0248977854733574,23,7.571428571428571,0.0,7,42,7.992857142857134,0.0,8.232142857142858,0.0,0.024592886128445793,-0.01172417964241183,-5.3392857142857135,-4.512500000000004,-3.455089285714285,0.0,0.0,0.0
익산시,2025-10-20,0.9982978163295764,24,11.2,0.0,7,43,9.385714285714275,0.0,8.975,0.0,-0.0017036340311347778,-0.04658858415328968,-2.508928571428571,-3.9241071428571477,-3.3082142857142873,0.0,0.0,0.0
익산시,2025-10-27,1.0597011972395143,24,13.214285714285714,0.0,7,44,12.207142857142848,0.0,10.1,0.0,0.05798697898900711,0.023964268167991243,-0.5982142857142865,-1.5535714285714306,-3.033035714285715,0.0,0.0,0.0
익산시,2025-11-03,0.9981534218697358,23,14.6,0.0,7,45,13.907142857142848,0.0,11.646428571428572,0.0,-0.001848285157422854,-0.02808092542033138,1.6482142857142854,0.5249999999999968,-1.69955357142857,0.0,0.0,0.0
익산시,2025-11-10,0.9825014659266399,20,14.942857142857141,0.0,7,46,14.771428571428562,0.0,13.489285714285714,0.0,-0.017653443202541325,-0.0618347591442889,1.4946428571428552,1.5714285714285676,0.008928571428571175,0.0,0.0,0.0
익산시,2025-11-17,1.0340377589238532,17,11.342857142857143,0.0,7,47,13.142857142857133,0.0,13.524999999999999,0.0,0.0334712927539766,-0.018809355874520525,-1.1107142857142858,0.19196428571428292,0.35848214285714164,0.0,0.0,0.0
익산시,2025-11-24,1.0886042165653,20,11.985714285714286,0.0,7,48,11.664285714285706,0.0,13.217857142857142,0.0,0.08489634039398122,0.04222280921366955,1.505357142857143,0.19732142857142598,0.8843749999999986,0.0,0.0,0.0
익산시,2025-12-01,1.0213184568866944,17,9.985714285714286,0.0,7,49,10.985714285714277,0.0,12.064285714285715,0.0,0.021094397392693098,-0.03477313500480736,-1.0714285714285712,0.21696428571428328,0.20446428571428577,0.0,0.0,0.0
익산시,2025-12-08,1.0177592627647445,18,10.799999999999999,0.0,7,50,10.392857142857133,0.0,11.028571428571428,0.0,0.017603409577658137,-0.02964037503072938,0.41249999999999964,-0.3294642857142893,-0.06607142857142811,0.0,0.0,0.0
익산시,2025-12-15,1.0179243002209681,19,10.957142857142857,0.0,7,51,10.87857142857142,0.0,10.932142857142857,0.0,0.017765554087331506,-0.015491800882462312,0.685714285714285,0.5491071428571388,0.3830357142857146,0.0,0.0,0.0
익산시,2025-12-22,1.0526262630474974,25,9.357142857142858,0.0,7,52,10.157142857142848,0.0,10.275,0.0,0.05128824426992124,0.013701367330984794,-0.8303571428571423,-0.07232142857143131,-0.20089285714285765,0.0,0.0,0.0
익산시,2025-12-29,1.024482552433768,21,9.057142857142859,0.0,7,1,9.207142857142848,0.0,10.042857142857143,0.0,0.024187658228488864,-0.023001993529353736,-1.855357142857141,-1.2500000000000036,-0.3674107142857146,0.0,0.0,0.0
익산시,2026-01-05,1.0227916413333096,25,10.671428571428573,0.0,7,2,9.864285714285707,0.0,10.010714285714286,0.0,0.022535792064103017,-0.0116721775203005,0.13035714285714306,-0.8625000000000025,-0.49017857142857046,0.0,0.0,0.0
익산시,2026-01-12,1.0382565944854663,20,13.1,0.0,7,3,11.885714285714277,0.0,10.546428571428573,0.0,0.03754295504765077,-0.012412468052050464,2.633928571428571,1.3821428571428545,0.06607142857142989,0.0,0.0,0.0
익산시,2026-01-19,1.037805613864769,18,10.342857142857143,0.0,7,4,11.721428571428563,0.0,10.792857142857144,0.0,0.03710849732670491,-0.005413903431824962,-0.9063492063492067,0.8690476190476151,0.05119047619047734,0.0,0.0,0.0
익산시,2026-01-26,1.0499166801066164,20,12.214285714285714,0.0,7,5,11.27857142857142,0.0,11.582142857142857,0.0,0.04871080874146039,-0.017128892975664806,1.182539682539682,0.13809523809523405,0.7900793650793645,0.0,0.0,0.0
익산시,2026-02-02,1.03095437048114,18,11.742857142857144,0.0,7,6,11.97857142857142,0.0,11.85,0.0,0.030484946520162447,0.020077348751001846,-0.6206349206349202,0.2809523809523782,0.5750000000000011,0.0,0.0,0.0
익산시,2026-02-09,1.0497293607457212,19,14.485714285714284,0.0,7,7,13.114285714285705,0.0,12.196428571428571,0.0,0.04853237927501932,0.02668153501385346,2.4269841269841255,0.9031746031746,0.5206349206349206,0.0,0.0,0.0
익산시,2026-02-16,1.0319192795015917,21,17.157142857142855,0.0,7,8,15.82142857142856,0.0,13.899999999999999,0.0,0.031420446463002544,0.02323576788236402,4.614285714285712,3.5206349206349152,1.9007936507936503,0.0,0.0,0.0
익산시,2026-02-23,1.0096476800431227,17,14.0,0.0,7,9,15.578571428571419,0.0,14.34642857142857,0.0,0.009601438356786052,-0.009773178876600949,0.5174603174603174,2.565873015873011,1.7345238095238091,0.0,0.0,0.0
익산시,2026-03-02,1.0796197217581054,21,9.614285714285714,0.0,7,10,11.807142857142848,0.0,13.814285714285713,0.0,0.076608869647793,0.05478547489957416,-3.139682539682541,-1.3111111111111153,1.1047619047619044,0.0,0.0,0.0
익산시,2026-03-09,0.9918334553584816,18,13.171428571428573,0.0,7,11,11.392857142857135,0.0,13.485714285714284,0.0,-0.008200073535455215,-0.015598558828648471,-0.1634920634920629,-1.6515873015873037,0.4571428571428555,0.0,0.0,0.0
익산시,2026-03-16,1.0149851105092318,22,14.685714285714285,0.0,7,12,13.92857142857142,0.0,12.867857142857144,0.0,0.014873942937120518,-0.015922668473557097,0.5444444444444443,0.19047619047618625,-0.5603174603174601,0.0,0.0,0.0
익산시,2026-03-23,0.9858004424287743,19,18.142857142857146,0.0,7,13,16.414285714285707,0.0,13.903571428571428,0.0,-0.014301335909201093,-0.028794999699023202,3.0698412698412714,1.8071428571428552,0.0777777777777775,0.0,0.0,0.0
익산시,2026-03-30,1.064911242342688,17,11.785714285714286,0.0,7,14,14.964285714285708,0.0,14.446428571428573,0.0,0.06289145516507648,0.058002560103997826,-2.526984126984127,0.27142857142857046,0.2309523809523828,0.0,0.0,0.0
익산시,2026-04-06,1.0657620888259849,18,10.757142857142856,0.0,7,15,11.271428571428565,0.0,13.842857142857143,0.0,0.06369011962112166,0.03685408577493539,-3.177777777777779,-2.8523809523809547,-0.5226190476190471,0.0,0.0,0.0
익산시,2026-04-13,1.037473793920426,20,14.828571428571427,0.0,7,16,12.792857142857134,0.0,13.878571428571428,0.0,0.03678871393182702,0.0005282096475685907,0.2523809523809515,-1.4626984126984173,-0.5956349206349199,0.0,0.0,0.0
익산시,2026-04-20,1.0755492612921198,17,17.085714285714285,0.0,7,17,15.95714285714285,0.0,13.614285714285714,0.0,0.07283147183070857,0.004303783360788779,4.298412698412697,2.2753968253968253,-0.2884920634920647,0.0,0.0,0.0
익산시,2026-04-27,1.004644431070386,18,11.942857142857145,0.0,7,18,14.514285714285709,0.0,13.653571428571428,0.0,0.004633678979113449,-0.021121484932462093,-1.9650793650793634,1.1666666666666679,-0.14801587301587205,0.0,0.0,0.0
익산시,2026-05-04,1.0553513953624192,18,16.271428571428572,0.0,7,19,14.10714285714285,0.0,15.032142857142858,0.0,0.05387378764338456,0.04793834227160446,3.5079365079365097,0.7714285714285705,1.5234126984126988,0.0,0.0,0.0
익산시,2026-05-11,1.0685057889023593,20,15.042857142857144,0.0,7,20,15.657142857142851,0.0,15.085714285714287,0.0,0.06626121354653441,0.006139661733472954,2.560317460317462,3.034126984126985,2.1003968253968264,0.0,0.0,0.0
익산시,2026-05-18,1.111761294193827,18,10.071428571428571,0.0,7,21,12.55714285714285,0.0,13.332142857142859,0.0,0.10594550929012503,0.033737084103491286,-2.1936507936507947,0.1833333333333318,0.4773809523809547,0.0,0.0,0.0
익산시,2026-05-25,1.0674688892128017,21,10.314285714285715,0.0,7,22,10.192857142857136,0.0,12.925,0.0,0.06529032210139461,0.03008845856861026,-1.4158730158730144,-1.8047619047619055,0.6146825396825406,0.0,0.0,0.0
익산시,2026-06-01,1.0527262733176737,20,11.742857142857144,0.0,7,23,11.028571428571421,0.0,11.792857142857144,0.0,0.05138324999321369,0.013014051601790547,0.6253968253968267,-0.3952380952380956,-0.10595238095237924,0.0,0.0,0.0
익산시,2026-06-08,1.0439471482900873,20,10.857142857142858,0.0,7,24,11.299999999999994,0.0,10.746428571428572,0.0,0.04300886393578531,-0.03038550391197562,0.5857142857142854,0.6055555555555561,-0.5996031746031747,0.0,0.0,0.0
익산시,2026-06-15,1.0097230000471058,18,9.1,0.0,7,25,9.97857142857142,0.0,10.50357142857143,0.0,0.009676035858632222,-0.02308644505756488,-0.5507936507936524,0.017460317460315622,-0.18888888888888822,0.0,0.0,0.0
익산시,2026-06-22,0.915077437323996,18,8.32857142857143,0.0,7,26,8.714285714285708,0.0,10.007142857142858,0.0,-0.08874658633242605,-0.157208967546127,0.14642857142857224,-0.11517857142857224,0.2946428571428594,-0.25,-0.25,-0.25
익산시,2026-06-29,0.8944125119282289,20,7.628571428571427,0.0,7,27,7.978571428571421,0.0,8.978571428571428,0.0,-0.11158818749284766,-0.15093185624419056,-0.3095238095238102,-0.2404761904761923,-0.1329365079365079,-0.5555555555555556,-0.7777777777777778,-0.7777777777777778
익산시,2026-07-06,1.1239902103863237,19,8.0,0.0,7,28,7.814285714285706,0.0,8.264285714285714,0.0,0.11688504181286195,0.06185144748256198,-0.0603174603174601,-0.18492063492063693,-0.276190476190477,-0.4444444444444444,-1.0,-1.2222222222222223
익산시,2026-07-13,1.0698118771096818,21,6.428571428571429,3.0,7,29,7.214285714285706,3.0,7.5964285714285715,3.0,0.06748281723106375,0.06697777639850792,-1.787301587301588,-0.9238095238095259,-0.5821428571428573,2.6666666666666665,2.2222222222222223,1.4444444444444444
익산시,2026-07-20,1.017745717164044,20,7.942857142857142,5.0,7,30,7.185714285714278,8.0,7.499999999999999,8.0,0.017590100250651615,-0.01933466076870998,-0.6444444444444466,-1.2158730158730187,-0.7003968253968269,3.333333333333333,6.0,5.0
익산시,2026-07-27,0.9969467358466093,15,8.542857142857143,3.0,7,31,8.242857142857135,8.0,7.728571428571429,11.0,-0.003057934874104935,-0.004921080161045583,-0.5587301587301585,-0.6015873015873048,-0.7626984126984135,0.44444444444444464,3.7777777777777777,6.0
익산시,2026-08-03,1.009471029659245,20,9.671428571428573,6.0,7,32,9.10714285714285,9.0,8.146428571428572,17.0,0.009426460646481592,-0.003081434043741463,1.2603174603174612,0.35079365079364955,-0.4325396825396819,3.5555555555555554,4.0,10.0
임실군,2019-04-08,0.844046731396064,2,13.485714285714286,0.0,7,15,13.614285714285714,0.0,12.414285714285715,0.0,-0.16954741696630135,-0.09049813869447292,-2.064285714285715,-1.4035714285714285,-1.7910714285714278,0.0,0.0,0.0
임실군,2019-05-27,0.6258143649187023,3,15.042857142857143,0.0,7,22,14.264285714285714,0.0,13.34642857142857,0.0,-0.46870149352262663,-0.26597573245452094,0.40952380952380985,0.6857142857142868,0.2595238095238077,0.0,0.0,0.0
임실군,2019-06-03,0.6378017440330934,3,14.285714285714286,0.0,7,23,14.664285714285715,0.0,14.139285714285716,0.0,-0.4497277899585333,-0.23904890935464937,0.3642857142857139,-0.060714285714285054,0.5803571428571441,0.0,0.0,0.0
임실군,2019-06-10,0.6700708093823879,2,9.785714285714286,0.0,7,24,12.035714285714286,0.0,13.15,0.0,-0.40037188653610456,0.43893628178255817,0.8214285714285712,1.325000000000001,2.487499999999999,0.0,0.0,0.0
임실군,2019-06-17,0.7934823509176293,3,11.957142857142857,0.0,7,25,10.871428571428572,0.0,12.767857142857142,0.0,-0.23132398133281212,0.1074557381842457,0.7785714285714267,-1.4071428571428566,-1.3785714285714281,0.0,0.0,0.0
임실군,2019-07-01,0.8454043251058387,5,12.928571428571429,0.0,7,27,12.442857142857143,0.0,12.239285714285716,0.0,-0.16794027481588347,-0.18251718989941657,3.1392857142857142,1.2535714285714281,0.1830357142857153,-0.25,-0.25,-0.25
임실군,2019-07-08,0.8454002473023841,2,8.542857142857143,0.0,7,28,10.735714285714286,0.0,10.80357142857143,0.0,-0.16794509832242138,-0.20281319539241136,1.137142857142858,2.484285714285715,0.21642857142857252,-0.2,-0.4,-0.4
임실군,2019-07-15,0.7009501088674903,2,8.014285714285714,0.0,7,29,8.278571428571428,0.0,10.360714285714286,0.0,-0.35531856585340166,-0.23128962767244368,1.2028571428571428,1.17,1.4942857142857147,-0.6,-0.8,-1.0
임실군,2019-07-22,1.3553182606847152,2,5.914285714285714,0.0,7,30,6.9642857142857135,0.0,8.85,0.0,0.30403630548608,0.39983330745110135,-2.6238095238095243,-0.8214285714285712,0.829761904761904,0.0,-0.5,-0.8333333333333334
임실군,2019-07-29,0.6734823826321337,2,10.628571428571428,0.0,7,31,8.271428571428572,0.0,8.274999999999999,0.0,-0.3952934414068295,-0.2972248793297017,0.19428571428571395,-0.9814285714285695,0.0942857142857143,-0.4,-0.4,-1.2
임실군,2021-06-14,0.2785258375079793,2,8.142857142857142,0.0,7,24,9.385714285714286,0.0,8.175,0.0,-1.278244450101221,-0.43893628178255817,-0.821428571428573,-1.3249999999999993,-2.4875000000000007,0.0,0.0,0.0
임실군,2021-07-26,0.4556720064668264,2,10.87142857142857,0.0,7,30,9.507142857142856,0.0,8.889285714285714,0.0,-0.7859820123406227,-0.6901850103756014,2.333333333333332,1.7214285714285715,0.8690476190476186,0.0,-0.5,-0.8333333333333334
임실군,2021-08-09,0.8966972656128622,2,9.671428571428569,0.0,7,32,10.27142857142857,0.0,9.828571428571427,0.0,-0.10903697041780853,-0.155792501210537,0.4514285714285702,0.41999999999999993,0.9399999999999995,-0.2,-0.6,-1.2
임실군,2022-04-04,0.8519005919235443,2,19.014285714285712,0.0,7,14,14.342857142857142,0.0,11.924999999999997,0.0,-0.16028543510608714,-0.14967634730048252,3.1285714285714263,0.3571428571428559,-0.790476190476193,0.0,0.0,0.0
임실군,2022-04-18,0.5795416575047667,2,15.714285714285714,0.0,7,16,17.364285714285714,0.0,13.817857142857141,0.0,-0.5455177335318245,-0.41975356182597084,2.6190476190476186,2.4761904761904763,0.584523809523807,0.0,0.0,0.0
임실군,2022-05-16,0.5076001941152464,2,16.97142857142857,0.0,7,20,16.34285714285714,0.0,15.342857142857142,0.0,-0.6780611607242345,-0.3784337305510737,1.4666666666666668,2.442857142857143,1.454761904761904,0.0,0.0,0.0
임실군,2023-06-19,0.6400330536068725,3,10.400000000000002,0.0,7,25,13.685714285714285,0.0,15.524999999999999,0.0,-0.4462354577013035,-0.1074557381842457,-0.7785714285714285,1.4071428571428566,1.3785714285714281,0.0,0.0,0.0
임실군,2023-06-26,1.1912970315196163,2,6.328571428571428,0.0,7,26,8.364285714285716,0.0,12.353571428571428,0.0,0.17504265602087662,0.200776539137627,-1.5285714285714294,-1.3749999999999982,-0.5125000000000011,0.0,0.0,0.0
임실군,2023-07-10,0.9250190908586218,3,4.7285714285714295,0.0,7,28,5.5285714285714285,0.0,9.607142857142858,0.0,-0.07794090291661067,-0.11280899998660064,-2.6771428571428553,-2.7228571428571424,-0.9800000000000004,-0.2,-0.4,-0.4
임실군,2023-07-17,1.0968736198869453,2,6.557142857142858,0.0,7,29,5.642857142857144,0.0,7.00357142857143,0.0,0.0924639694485741,0.21649290762953208,-0.25428571428571356,-1.4657142857142844,-1.8628571428571412,-0.6,-0.8,-1.0
임실군,2023-07-24,0.870650474673313,3,8.700000000000001,0.0,7,30,7.628571428571429,0.0,6.578571428571429,0.0,-0.13851467466271372,-0.0427176726976924,0.1619047619047631,-0.1571428571428557,-1.4416666666666664,0.0,-0.5,-0.8333333333333334
임실군,2023-07-31,0.7881245220542072,2,10.900000000000002,0.0,7,31,9.8,0.0,7.721428571428572,0.0,-0.23809917869713249,-0.1400306166200047,0.46571428571428797,0.5471428571428589,-0.45928571428571185,-0.4,-0.4,-1.2
임실군,2023-08-07,1.0427306433449135,4,8.014285714285714,0.0,7,32,9.457142857142859,0.0,8.542857142857144,0.0,0.041842890839344976,-0.00491263995338348,-1.2057142857142846,-0.39428571428571146,-0.3457142857142834,-0.2,-0.6,-1.2
임실군,2023-08-14,1.1713074580509282,2,9.028571428571428,0.0,7,33,8.521428571428572,0.0,9.160714285714286,0.0,0.15812061040111472,0.022191160230072532,-0.12380952380952337,-0.25714285714285623,-0.02023809523809561,0.0,0.0,-0.6666666666666666
임실군,2023-08-21,1.0245270849062176,2,8.571428571428571,0.0,7,34,8.8,0.0,9.12857142857143,0.0,0.024231125542302424,-0.024337564994228053,-0.4666666666666668,-0.2952380952380942,-0.11547619047618873,-0.3333333333333333,-0.3333333333333333,-1.0
임실군,2023-08-28,1.062842239130718,2,7.7,0.0,7,35,8.135714285714286,0.0,8.32857142857143,0.0,0.060946677368124265,-0.04155555204207711,-1.3095238095238075,-0.8880952380952376,-0.5726190476190478,0.0,-0.3333333333333333,-0.3333333333333333
임실군,2023-09-04,1.2969831665637834,3,11.928571428571429,0.0,7,36,9.814285714285713,0.0,9.307142857142857,0.0,0.2600409265020355,0.0935829033310562,2.1952380952380963,0.44285714285714484,0.07380952380952444,0.0,0.0,-0.3333333333333333
임실군,2023-09-11,0.9959708652120121,2,7.114285714285716,0.0,7,37,9.521428571428572,0.0,8.82857142857143,0.0,-0.004037273620549539,0.05691547823011363,-1.5428571428571427,0.0535714285714306,-0.29464285714285765,0.0,0.0,-0.5
임실군,2024-02-26,0.803158640458804,2,11.557142857142859,0.0,7,9,9.335714285714285,0.0,9.575000000000001,0.0,-0.21920302482318987,0.13515275974135793,-1.6666666666666643,-2.359523809523809,-1.779761904761905,0.0,0.0,0.0
임실군,2024-04-01,1.0438639804395702,5,13.414285714285715,0.0,7,14,12.485714285714286,0.0,11.00357142857143,0.0,0.042929194037089356,0.05353828184269399,-2.4714285714285715,-1.5,-1.7119047619047603,0.0,0.0,0.0
임실군,2024-04-15,1.1348372657071661,2,11.885714285714286,0.0,7,16,12.649999999999999,0.0,10.992857142857144,0.0,0.12648926242215308,0.25225343412800677,-1.2095238095238088,-2.238095238095239,-2.2404761904761905,0.0,0.0,0.0
임실군,2024-04-22,1.162652946704762,3,14.728571428571428,0.0,7,17,13.307142857142857,0.0,12.896428571428572,0.0,0.15070441688304775,0.036419264526804135,0.5857142857142854,0.3428571428571434,-0.8125,0.0,0.0,0.0
임실군,2024-04-29,1.1253631397043906,3,10.357142857142858,0.0,7,18,12.542857142857141,0.0,12.596428571428572,0.0,0.11810577441897302,0.03441941832982448,-2.0214285714285722,-0.7178571428571434,-0.8589285714285726,0.0,0.0,0.0
임실군,2024-05-13,1.000213200295234,5,17.0,0.0,7,20,13.678571428571427,0.0,13.492857142857144,0.0,0.00021317757128080727,0.2998406077444416,1.4952380952380953,-0.22142857142857153,-0.39523809523809383,0.0,0.0,0.0
임실군,2024-05-20,0.9118943822832722,3,14.285714285714286,0.0,7,21,15.642857142857142,0.0,14.092857142857143,0.0,-0.09223110451409487,0.01542697218178686,2.2428571428571438,2.2357142857142875,1.1017857142857146,0.0,0.0,0.0
임실군,2024-05-27,0.9446955603033076,3,12.842857142857142,0.0,7,22,13.564285714285713,0.0,13.621428571428572,0.0,-0.0568925618017608,0.1458331992663449,-1.7904761904761912,-0.014285714285714235,0.5345238095238098,0.0,0.0,0.0
임실군,2024-06-24,0.7973110324912851,2,9.385714285714286,0.0,7,26,11.114285714285712,0.0,13.37857142857143,0.0,-0.2265104222543774,-0.200776539137627,1.5285714285714285,1.3749999999999982,0.5125000000000011,0.0,0.0,0.0
임실군,2024-07-01,0.9557537206097567,2,7.471428571428571,1.0,7,27,8.428571428571427,1.0,10.996428571428572,1.0,-0.045255013543972385,-0.05983192862750548,-2.317857142857144,-2.760714285714288,-1.0598214285714285,0.75,0.75,0.75
임실군,2024-07-08,1.2865292664594092,2,5.0857142857142845,0.0,7,28,6.278571428571426,1.0,8.69642857142857,1.0,0.2519481013805669,0.21708000431057692,-2.3200000000000003,-1.972857142857145,-1.8907142857142887,-0.2,0.6,0.6
임실군,2024-07-15,0.923925996028509,3,6.114285714285714,0.0,7,29,5.599999999999998,0.0,7.014285714285713,1.0,-0.07912330142613555,0.044905636754822426,-0.6971428571428575,-1.5085714285714307,-1.8521428571428578,-0.6,-0.8,0.0
임실군,2024-07-22,0.8848882736600262,3,6.785714285714286,0.0,7,30,6.4499999999999975,0.0,6.364285714285714,1.0,-0.1222938863956569,-0.02649688443063558,-1.7523809523809524,-1.3357142857142872,-1.6559523809523817,0.0,-0.5,0.16666666666666663
임실군,2024-07-29,1.3120804211096828,4,8.728571428571428,2.0,7,31,7.7571428571428545,2.0,6.678571428571428,2.0,0.271613985220841,0.3696825472979688,-1.7057142857142864,-1.4957142857142873,-1.5021428571428563,1.6,1.6,0.8
임실군,2024-08-05,1.0769361488755589,8,9.728571428571428,0.0,7,32,9.228571428571426,2.0,7.8392857142857135,2.0,0.07412011032164441,0.027364579528915953,0.5085714285714289,-0.6228571428571446,-1.0492857142857144,-0.2,1.4,0.8
임실군,2024-08-12,1.154662945171387,5,10.085714285714284,0.0,7,33,9.907142857142855,0.0,8.832142857142856,2.0,0.14380847902289007,0.00787902885184788,0.9333333333333318,1.1285714285714263,-0.34880952380952657,0.0,0.0,1.3333333333333335
임실군,2024-08-19,1.150254543676461,6,8.285714285714286,1.0,7,34,9.185714285714283,1.0,9.207142857142856,3.0,0.1399832602099173,0.09141456967338682,-0.7523809523809515,0.09047619047618838,-0.036904761904763106,0.6666666666666667,0.6666666666666667,2.0
임실군,2024-08-26,1.0941482748058469,3,10.557142857142855,0.0,7,35,9.421428571428569,1.0,9.664285714285713,1.0,0.08997622937325801,-0.01252600003694336,1.5476190476190474,0.3976190476190453,0.7630952380952358,0.0,0.6666666666666667,0.6666666666666667
임실군,2024-09-02,1.0960426536087535,2,8.628571428571428,0.0,7,36,9.59285714285714,0.0,9.389285714285712,1.0,0.09170610529479148,-0.07475191787618779,-1.1047619047619044,0.22142857142857153,0.15595238095237995,0.0,0.0,0.6666666666666667
임실군,2024-09-09,0.8888131637373765,6,10.2,0.0,7,37,9.414285714285711,0.0,9.417857142857143,1.0,-0.11786823008077679,-0.05691547823011363,1.542857142857141,-0.0535714285714306,0.2946428571428559,0.0,0.0,0.5
임실군,2024-09-23,1.1107853375874042,5,11.214285714285714,0.0,7,39,10.707142857142856,0.0,10.149999999999999,0.0,0.10506727649608932,0.11791257830185507,1.5214285714285705,1.2821428571428566,0.8625000000000007,0.0,0.0,0.0
임실군,2024-09-30,1.093419441586577,3,11.671428571428573,0.0,7,40,11.442857142857141,0.0,10.428571428571427,0.0,0.08930988817542825,0.15320884603118373,1.7142857142857135,1.617857142857142,1.067857142857143,0.0,0.0,0.0
임실군,2024-10-07,1.1664270250343733,5,11.771428571428572,0.0,7,41,11.721428571428572,0.0,11.214285714285715,0.0,0.1539452516149336,0.0,0.0,0.0,0.0,0.0,0.0,0.0
임실군,2024-10-14,1.138152369319183,4,8.8,0.0,7,42,10.285714285714285,0.0,10.864285714285714,0.0,0.1294062189374978,0.08639658909591022,0.6214285714285719,1.192857142857143,1.4214285714285708,0.0,0.0,0.0
임실군,2024-10-21,1.3066298300804498,3,12.299999999999999,0.0,7,43,10.549999999999997,0.0,11.135714285714286,0.0,0.2674511734719184,0.18416453483205,0.6999999999999993,0.6607142857142847,1.2089285714285722,0.0,0.0,0.0
임실군,2024-10-28,1.0475185228981057,2,11.528571428571428,0.0,7,44,11.914285714285711,0.0,11.1,0.0,0.046424055615432856,-0.022456673286612834,-0.8714285714285719,-0.08571428571428719,0.5535714285714288,0.0,0.0,0.0
임실군,2024-11-04,0.95858903044065,4,14.028571428571427,0.0,7,45,12.778571428571425,0.0,11.664285714285715,0.0,-0.04229283563456828,-0.05338066689251712,-0.9000000000000004,-0.8857142857142879,-0.11250000000000071,0.0,0.0,0.0
임실군,2024-11-11,0.8748304723349456,9,13.957142857142857,0.0,7,46,13.99285714285714,0.0,12.953571428571427,0.0,-0.13372515729860399,-0.197317839922106,-0.8428571428571434,-0.8714285714285719,-0.47857142857142954,0.0,0.0,0.0
임실군,2024-11-18,0.8668616761918345,4,14.114285714285714,0.0,7,47,14.035714285714285,0.0,13.407142857142857,0.0,-0.1428758579612712,-0.06438569878715923,0.992857142857142,0.07499999999999929,-0.4053571428571434,0.0,0.0,0.0
임실군,2024-12-09,0.9495568264915366,2,10.242857142857144,0.0,7,50,12.178571428571427,0.0,13.085714285714285,0.0,-0.051759901661756334,0.062390289033783734,-0.5571428571428569,0.4821428571428559,0.6339285714285712,0.0,0.0,0.0
임실군,2024-12-16,0.7588435745484317,5,9.257142857142856,0.0,7,51,9.749999999999998,0.0,11.892857142857142,0.0,-0.2759596169659113,-0.20825057250633972,-1.4785714285714278,-1.0178571428571441,0.0267857142857153,0.0,0.0,0.0
임실군,2024-12-23,0.7050001626681385,7,8.857142857142858,0.0,7,52,9.057142857142855,0.0,10.617857142857144,0.0,-0.3495572454349468,-0.10144399421523359,-1.0357142857142847,-1.257142857142858,-0.3874999999999993,0.0,0.0,0.0
임실군,2024-12-30,0.8891393826765175,7,11.299999999999999,0.0,7,1,10.078571428571426,0.0,9.914285714285715,0.0,-0.11750126984501609,-0.04040787398034981,1.0999999999999996,0.03214285714285481,-0.492857142857142,0.0,0.0,0.0
임실군,2025-01-06,1.0479428009496927,5,10.12857142857143,0.0,7,2,10.714285714285712,0.0,9.885714285714286,0.0,0.046829005162872736,0.13602300740647255,-0.8214285714285712,0.13928571428571246,-0.5589285714285719,0.0,0.0,0.0
임실군,2025-01-13,0.9188489492678347,6,12.414285714285715,0.0,7,3,11.27142857142857,0.0,10.675,0.0,-0.08463353437094921,0.06833812039019548,-1.3000000000000007,-1.060714285714285,-0.5142857142857142,0.0,0.0,0.0
임실군,2025-01-20,0.9655543202145118,10,14.471428571428572,0.0,7,4,13.442857142857141,0.0,12.07857142857143,0.0,-0.035052917469333665,-0.06418018220895882,2.62857142857143,0.6642857142857128,0.4017857142857153,0.0,0.0,0.0
임실군,2025-01-27,0.8893445485664099,4,8.457142857142857,0.0,7,5,11.464285714285712,0.0,11.367857142857144,0.0,-0.11727054986245307,-0.047378983916971096,-1.6357142857142861,0.4964285714285701,-0.28214285714285836,0.0,0.0,0.0
임실군,2025-02-03,1.2467757199269043,5,10.314285714285715,0.0,7,6,9.385714285714284,0.0,11.414285714285715,0.0,0.2205607948097354,0.08923286092535782,-0.4142857142857128,-1.0250000000000004,-0.180357142857142,0.0,0.0,0.0
임실군,2025-02-10,0.9018079621475713,4,13.271428571428572,0.0,7,7,11.792857142857141,0.0,11.62857142857143,0.0,-0.10335368386183995,-0.040683685738308634,-0.12142857142857011,-0.2678571428571441,0.11428571428571566,0.0,0.0,0.0
임실군,2025-02-17,1.0814413834106231,3,9.87142857142857,0.0,7,8,11.57142857142857,0.0,10.478571428571428,0.0,0.07829476559921072,0.0,0.0,0.0,0.0,0.0,0.0,0.0
임실군,2025-02-24,0.9374937139569487,6,15.257142857142856,0.0,7,9,12.564285714285711,0.0,12.178571428571427,0.0,-0.0645452262726386,0.2898105582919092,2.033333333333333,0.8690476190476168,0.8238095238095209,0.0,0.0,0.0
임실군,2025-03-03,1.0385108852962994,2,10.142857142857142,0.0,7,10,12.699999999999998,0.0,12.135714285714284,0.0,0.037787846028061095,0.0,0.0,0.0,0.0,0.0,0.0,0.0
임실군,2025-03-10,1.1473109150321912,4,14.5,0.0,7,11,12.32142857142857,0.0,12.442857142857143,0.0,0.1374208694464855,0.0,0.0,0.0,0.0,0.0,0.0,0.0
임실군,2025-03-17,0.9722316531971038,4,16.114285714285714,0.0,7,12,15.307142857142855,0.0,14.003571428571428,0.0,-0.02816117658243843,-0.08124594624310133,0.3285714285714292,0.5749999999999975,0.38035714285714306,0.0,0.0,0.0
임실군,2025-03-24,1.1038802568920176,4,15.028571428571428,0.0,7,13,15.57142857142857,0.0,13.94642857142857,0.0,0.09883147901224239,0.0,0.0,0.0,0.0,0.0,0.0,0.0
임실군,2025-03-31,1.0892931260440608,3,15.228571428571428,0.0,7,14,15.128571428571426,0.0,15.217857142857142,0.0,0.08552897765218388,0.09613806545778852,-0.6571428571428584,1.1428571428571406,2.5023809523809515,0.0,0.0,0.0
임실군,2025-04-07,1.011514649455229,3,17.614285714285714,0.0,7,15,16.42142857142857,0.0,15.99642857142857,0.0,0.011448860422644485,0.09049813869447292,2.064285714285713,1.4035714285714285,1.7910714285714278,0.0,0.0,0.0
임실군,2025-04-14,1.0426191450644926,4,11.685714285714285,0.0,7,16,14.649999999999999,0.0,14.889285714285714,0.0,0.041735955992110364,0.16750012769796405,-1.4095238095238098,-0.23809523809523903,1.65595238095238,0.0,0.0,0.0
임실군,2025-04-21,1.0809776766858283,6,13.557142857142859,0.0,7,17,12.62142857142857,0.0,14.52142857142857,0.0,0.07786588782943948,-0.036419264526804135,-0.5857142857142836,-0.3428571428571434,0.8124999999999982,0.0,0.0,0.0
임실군,2025-04-28,1.0505007316277093,6,14.400000000000002,0.0,7,18,13.978571428571428,0.0,14.314285714285717,0.0,0.04926693775932407,-0.03441941832982447,2.0214285714285722,0.7178571428571434,0.8589285714285726,0.0,0.0,0.0
임실군,2025-05-05,1.0324999434249105,6,10.814285714285715,0.0,7,19,12.607142857142858,0.0,12.614285714285716,0.0,0.031982991058773697,0.0,0.0,0.0,0.0,0.0,0.0,0.0
임실군,2025-05-12,0.8016891759739955,4,12.542857142857143,0.0,7,20,11.678571428571427,0.0,12.82857142857143,0.0,-0.22103430736652863,0.07859312280663217,-2.961904761904762,-2.2214285714285715,-1.0595238095238084,0.0,0.0,0.0
임실군,2025-05-19,0.8841884601267436,4,9.799999999999999,0.0,7,21,11.171428571428569,0.0,11.889285714285714,0.0,-0.1230850488776686,-0.015426972181786874,-2.2428571428571438,-2.2357142857142858,-1.1017857142857146,0.0,0.0,0.0
임실군,2025-05-26,0.9207348038621035,4,16.014285714285712,0.0,7,22,12.907142857142855,0.0,12.292857142857143,0.0,-0.0825832278799296,0.1201425331881761,1.3809523809523796,-0.6714285714285726,-0.7940476190476193,0.0,0.0,0.0
임실군,2025-06-02,1.0287762908051337,2,13.557142857142859,0.0,7,23,14.785714285714285,0.0,12.978571428571428,0.0,0.02837002875076544,0.23904890935464937,-0.3642857142857139,0.060714285714285054,-0.5803571428571441,0.0,0.0,0.0
임실군,2025-06-30,0.9421767060199471,4,10.514285714285714,0.0,7,27,12.035714285714286,0.0,12.471428571428572,0.0,-0.05956243598939291,-0.074139351072926,0.7249999999999996,0.8464285714285715,0.4151785714285712,-0.25,-0.25,-0.25
임실군,2025-07-07,1.033599283966292,4,10.942857142857145,1.0,7,28,10.72857142857143,1.0,12.757142857142858,1.0,0.03304716128888993,-0.0018209357811000415,3.53714285714286,2.4771428571428586,2.17,0.8,0.6,0.6
임실군,2025-07-14,0.9299972740458962,5,6.6428571428571415,0.0,7,29,8.792857142857143,1.0,10.414285714285715,1.0,-0.0725736239725762,0.05145531420838177,-0.16857142857142993,1.6842857142857142,1.5478571428571435,-0.6,0.19999999999999996,0.0
임실군,2025-07-21,0.9927978295898239,4,10.871428571428572,0.0,7,30,8.757142857142856,0.0,9.742857142857144,1.0,-0.00722823124458866,0.08856877072043266,2.333333333333334,0.9714285714285715,1.7226190476190482,0.0,-0.5,0.16666666666666663
임실군,2025-07-28,0.9533394803691159,7,11.514285714285714,0.0,7,31,11.192857142857143,0.0,9.992857142857144,1.0,-0.047784215917504314,0.05028434615962346,1.08,1.9400000000000013,1.8121428571428595,-0.4,-0.4,-0.19999999999999996
임실군,2025-08-04,1.076840406733557,7,7.471428571428571,0.0,7,32,9.492857142857144,0.0,9.125,0.0,0.07403120403114224,0.02727567323841379,-1.7485714285714282,-0.35857142857142676,0.2364285714285721,-0.2,-0.6,-1.2
임실군,2025-08-11,1.1116654109171973,7,8.342857142857143,0.0,7,33,7.9071428571428575,0.0,9.55,0.0,0.10585926108912175,-0.03007018908192044,-0.8095238095238084,-0.871428571428571,0.3690476190476186,0.0,0.0,-0.6666666666666666
임실군,2025-08-18,0.9816619128807063,5,10.257142857142858,0.0,7,34,9.3,0.0,9.396428571428572,0.0,-0.0185083141426283,-0.06707700467915878,1.21904761904762,0.2047619047619058,0.15238095238095362,-0.3333333333333333,-0.3333333333333333,-1.0
임실군,2025-08-25,1.1695087413985814,4,8.77142857142857,0.0,7,35,9.514285714285714,0.0,8.710714285714285,0.0,0.15658378148922183,0.05408155207902046,-0.23809523809523725,0.4904761904761905,-0.19047619047619158,0.0,-0.3333333333333333,-0.3333333333333333
임실군,2025-09-01,1.1590805224195462,3,8.642857142857142,0.0,7,36,8.707142857142856,0.0,9.00357142857143,0.0,0.14762703771611085,-0.018830985454868415,-1.0904761904761902,-0.6642857142857128,-0.2297619047619026,0.0,0.0,-0.3333333333333333
임실군,2025-09-15,0.9315923306528398,4,8.114285714285714,0.0,7,38,8.378571428571428,0.0,8.946428571428571,0.0,-0.07085997345233881,0.0,0.0,0.0,0.0,0.0,0.0,0.0
임실군,2025-09-22,0.8774301919783962,6,8.171428571428573,0.0,7,39,8.142857142857142,0.0,8.424999999999999,0.0,-0.13075788010762082,-0.11791257830185507,-1.5214285714285705,-1.2821428571428566,-0.8624999999999989,0.0,0.0,0.0
임실군,2025-09-29,0.804843199402747,5,8.242857142857144,0.0,7,40,8.207142857142859,0.0,8.292857142857143,0.0,-0.21710780388693918,-0.1532088460311837,-1.7142857142857153,-1.6178571428571402,-1.0678571428571413,0.0,0.0,0.0
임실군,2025-10-13,0.9575407890981849,6,7.557142857142857,0.0,7,42,7.9,0.0,8.021428571428572,0.0,-0.043386959254322635,-0.08639658909591022,-0.6214285714285719,-1.1928571428571413,-1.4214285714285708,0.0,0.0,0.0
임실군,2025-10-20,0.9040434132899889,5,10.9,0.0,7,43,9.228571428571428,0.0,8.717857142857143,0.0,-0.10087789619218164,-0.18416453483205003,-0.6999999999999993,-0.6607142857142847,-1.2089285714285705,0.0,0.0,0.0
임실군,2025-10-27,1.095638613767863,3,13.271428571428572,0.0,7,44,12.085714285714285,0.0,9.992857142857144,0.0,0.09133740218865852,0.022456673286612827,0.8714285714285719,0.08571428571428719,-0.553571428571427,0.0,0.0,0.0
임실군,2025-11-03,1.06659197809541,6,15.828571428571427,0.0,7,45,14.55,0.0,11.889285714285714,0.0,0.06446849815046597,0.05338066689251712,0.9000000000000004,0.8857142857142879,0.11249999999999893,0.0,0.0,0.0
임실군,2025-11-10,1.2981115085237556,5,15.642857142857142,0.0,7,46,15.735714285714284,0.0,13.910714285714285,0.0,0.26091052254560804,0.197317839922106,0.8428571428571416,0.8714285714285719,0.47857142857142776,0.0,0.0,0.0
임실군,2025-11-17,0.9859945415117624,3,12.12857142857143,0.0,7,47,13.885714285714286,0.0,14.217857142857143,0.0,-0.014104460386952723,0.06438569878715925,-0.992857142857142,-0.07499999999999929,0.4053571428571434,0.0,0.0,0.0
임실군,2025-11-24,0.862611398911833,6,12.714285714285714,0.0,7,48,12.42142857142857,0.0,14.07857142857143,0.0,-0.14779098025817208,0.0,0.0,0.0,0.0,0.0,0.0,0.0
임실군,2025-12-01,0.834668245682348,6,11.071428571428571,0.0,7,49,11.892857142857142,0.0,12.889285714285714,0.0,-0.18072094364009658,0.0,0.0,0.0,0.0,0.0,0.0,0.0
임실군,2025-12-08,0.8381648497822152,4,11.357142857142858,0.0,7,50,11.214285714285715,0.0,11.817857142857143,0.0,-0.1765404797293238,-0.06239028903378373,0.5571428571428569,-0.4821428571428559,-0.6339285714285712,0.0,0.0,0.0
임실군,2025-12-15,1.1508968730716256,2,12.214285714285714,0.0,7,51,11.785714285714285,0.0,11.839285714285714,0.0,0.1405415280467681,0.20825057250633972,1.4785714285714295,1.0178571428571423,-0.026785714285713524,0.0,0.0,0.0
임실군,2025-12-22,0.8635795530758961,5,10.928571428571429,0.0,7,52,11.571428571428571,0.0,11.392857142857142,0.0,-0.1466692570044796,0.10144399421523362,1.0357142857142865,1.257142857142858,0.3874999999999993,0.0,0.0,0.0
임실군,2025-12-29,0.9639792380613141,5,9.1,0.0,7,1,10.014285714285714,0.0,10.899999999999999,0.0,-0.036685521884316466,0.04040787398034981,-1.0999999999999996,-0.032142857142856585,0.492857142857142,0.0,0.0,0.0
임실군,2026-01-05,0.7983429518351443,3,11.771428571428572,0.0,7,2,10.435714285714287,0.0,11.00357142857143,0.0,-0.22521700965007235,-0.13602300740647255,0.8214285714285712,-0.13928571428571246,0.5589285714285719,0.0,0.0,0.0
임실군,2026-01-12,0.8014683668468794,2,15.014285714285714,0.0,7,3,13.392857142857142,0.0,11.70357142857143,0.0,-0.22130977515134018,-0.06833812039019549,1.299999999999999,1.0607142857142868,0.5142857142857142,0.0,0.0,0.0
임실군,2026-01-19,1.0977991984031252,4,9.214285714285714,0.0,7,4,12.114285714285714,0.0,11.274999999999999,0.0,0.09330744694858399,0.06418018220895882,-2.628571428571428,-0.6642857142857146,-0.4017857142857153,0.0,0.0,0.0
임실군,2026-01-26,0.9777389351767858,3,11.72857142857143,0.0,7,5,10.471428571428572,0.0,11.932142857142859,0.0,-0.02251258202851087,0.0473789839169711,1.6357142857142861,-0.4964285714285701,0.2821428571428566,0.0,0.0,0.0
임실군,2026-02-02,1.0429936345282453,3,11.142857142857142,0.0,7,6,11.435714285714287,0.0,11.774999999999999,0.0,0.04209507295901976,-0.08923286092535782,0.4142857142857146,1.0250000000000021,0.180357142857142,0.0,0.0,0.0
임실군,2026-02-09,0.9782536249183446,3,13.514285714285714,0.0,7,7,12.32857142857143,0.0,11.399999999999999,0.0,-0.021986312385222688,0.04068368573830863,0.12142857142857189,0.2678571428571441,-0.11428571428571566,0.0,0.0,0.0
임실군,2026-02-23,0.4587182450549786,2,12.857142857142858,0.0,7,9,13.185714285714287,0.0,12.310714285714287,0.0,-0.779319102597815,-0.4249633180332672,-0.36666666666666536,1.4904761904761923,0.9559523809523807,0.0,0.0,0.0
임실군,2026-03-16,1.1437710203694034,2,15.457142857142857,0.0,7,12,14.157142857142858,0.0,13.242857142857142,0.0,0.13433071590376422,0.08124594624310133,-0.3285714285714274,-0.5749999999999993,-0.38035714285714306,0.0,0.0,0.0
임실군,2026-06-29,1.39245083428871,2,8.242857142857144,0.0,7,27,11.850000000000001,0.0,12.517857142857144,0.0,0.33106538468338115,0.31648846959984805,-1.5464285714285708,0.6607142857142865,0.46160714285714377,-0.25,-0.25,-0.25
임실군,2026-07-06,1.1448014592310352,2,7.728571428571428,0.0,7,28,7.985714285714286,0.0,11.071428571428573,0.0,0.13523122391952508,0.1003631268495351,0.32285714285714295,-0.2657142857142851,0.4842857142857149,-0.2,-0.4,-0.4
임실군,2026-07-13,0.814164236083229,5,6.728571428571429,3.0,7,29,7.228571428571428,3.0,9.539285714285715,3.0,-0.20559316910125056,-0.08156423092029258,-0.08285714285714274,0.11999999999999922,0.6728571428571435,2.4,2.2,2.0
임실군,2026-07-20,1.1914850703730018,2,8.085714285714285,0.0,7,30,7.407142857142857,3.0,7.696428571428572,3.0,0.17520048736737404,0.27099748933239537,-0.45238095238095255,-0.3785714285714281,-0.32380952380952355,0.0,2.5,2.1666666666666665
임실군,2026-07-27,0.9223966336540965,5,10.399999999999997,0.0,7,31,9.24285714285714,0.0,8.235714285714286,3.0,-0.08077995958501363,0.01728860249211414,-0.03428571428571736,-0.010000000000001563,0.05500000000000149,-0.4,-0.4,1.8
임실군,2026-08-03,1.1651157277276265,4,11.214285714285714,1.0,7,32,10.807142857142855,1.0,9.107142857142858,4.0,0.15282041918931918,0.10606488839659073,1.9942857142857147,0.9557142857142846,0.21857142857142975,0.8,0.4,2.8
장수군,2018-01-22,1.0624629351394077,8,10.214285714285714,0.0,7,4,10.785714285714285,0.0,10.864285714285714,0.0,0.060589736633278816,-0.03194064405628146,-1.1650793650793663,-0.9749999999999996,-1.0101190476190478,0.0,0.0,0.0
장수군,2018-01-29,1.151813311664449,7,11.442857142857141,0.0,7,5,10.828571428571427,0.0,10.842857142857142,0.0,0.14133749329439937,0.053558546559157316,-0.08809523809523867,-0.6265873015873016,-0.8041666666666671,0.0,0.0,0.0
장수군,2018-02-05,1.1118319323253847,9,12.657142857142857,0.0,7,6,12.049999999999999,0.0,11.417857142857141,0.0,0.10600904441043293,0.03794989882126691,-0.04682539682539755,-0.06746031746031811,-0.5212301587301589,0.0,0.0,0.0
장수군,2018-02-12,1.1824474701836731,7,11.557142857142859,0.0,7,7,12.107142857142858,0.0,11.467857142857142,0.0,0.16758641771957974,0.08373330060566521,-0.954761904761904,-0.5007936507936481,-0.5636904761904766,0.0,0.0,0.0
장수군,2018-02-19,1.0641430680299326,8,14.042857142857143,0.0,7,8,12.8,0.0,12.424999999999999,0.0,0.062169844314337044,0.00047734996091945703,1.4746031746031747,0.259920634920638,0.09623015873015817,0.0,0.0,0.0
장수군,2018-02-26,0.975935475017706,6,15.728571428571428,0.0,7,9,14.885714285714286,0.0,13.49642857142857,0.0,-0.02435880641670336,-0.050829093294802306,1.966666666666665,1.7206349206349234,0.6099206349206341,0.0,0.0,0.0
장수군,2018-03-05,1.0652065649432658,8,11.457142857142857,0.0,7,10,13.592857142857142,0.0,13.196428571428573,0.0,0.06316873804723425,0.014733590573944959,-2.007142857142858,-0.020238095238093834,0.1198412698412703,0.0,0.0,0.0
장수군,2018-03-12,0.960708396008543,5,15.271428571428572,0.0,7,11,13.364285714285714,0.0,14.125,0.0,-0.0400843541349309,-0.09571535087695374,1.3658730158730155,-0.3206349206349195,0.6999999999999993,0.0,0.0,0.0
장수군,2018-03-19,1.0299732021152959,7,11.614285714285714,0.0,7,12,13.442857142857143,0.0,13.517857142857142,0.0,0.029532784539296496,-0.06275325518782413,-2.7023809523809526,-0.6682539682539659,-0.34424603174603163,0.0,0.0,0.0
장수군,2018-03-26,1.1484568788571243,5,18.3,0.0,7,13,14.957142857142857,0.0,14.160714285714286,0.0,0.13841919682363676,0.08427038059482544,2.5357142857142865,-0.08333333333333215,-0.20198412698412582,0.0,0.0,0.0
장수군,2018-04-02,1.0346205122104386,7,10.928571428571429,0.0,7,14,14.614285714285714,0.0,14.028571428571428,0.0,0.034034704613859386,-0.0017093638253155574,-4.290476190476193,-0.8773809523809515,-0.7728174603174605,0.0,0.0,0.0
장수군,2018-04-09,1.0314065789082458,7,13.642857142857142,0.0,7,15,12.285714285714285,0.0,13.62142857142857,0.0,0.030923481233968896,-0.046785705017961386,-0.9412698412698433,-2.6158730158730155,-1.3496031746031747,0.0,0.0,0.0
장수군,2018-04-16,1.162570423030332,9,19.157142857142855,0.0,7,16,16.4,0.0,15.507142857142856,0.0,0.150633435595367,0.07598480418566038,3.9531746031746007,1.5059523809523814,0.31428571428571317,0.0,0.0,0.0
장수군,2018-04-23,1.0097607588918727,10,14.057142857142859,0.0,7,17,16.607142857142858,0.0,14.446428571428571,0.0,0.009713430410189402,-0.05262709342299868,0.9984126984127002,2.4757936507936513,-0.07003968253968296,0.0,0.0,0.0
장수군,2018-04-30,1.1710522028674974,8,10.357142857142858,0.0,7,18,12.207142857142859,0.0,14.303571428571429,0.0,0.15790266335506542,0.09167599917764117,-3.708730158730159,-1.3551587301587258,0.0753968253968278,0.0,0.0,0.0
장수군,2018-05-07,1.065266417822756,12,11.785714285714286,0.0,7,19,11.071428571428573,0.0,13.839285714285715,0.0,0.0632249254572508,-0.01636106528405283,-2.136507936507936,-2.922619047619044,-0.22341269841269806,0.0,0.0,0.0
장수군,2018-05-14,1.158659289912273,11,9.27142857142857,0.0,7,20,10.528571428571428,0.0,11.367857142857144,0.0,0.1472635521258217,0.058269732682528774,-4.355555555555556,-3.246031746031745,-2.3005952380952372,0.0,0.0,0.0
장수군,2018-05-21,1.0838039331726996,11,16.0,0.0,7,21,12.635714285714286,0.0,11.85357142857143,0.0,0.08047701320095889,-0.039590589336645,2.1015873015873012,-1.1269841269841248,-2.024801587301587,0.0,0.0,0.0
장수군,2018-05-28,1.026372176940711,15,14.928571428571429,0.0,7,22,15.464285714285715,0.0,12.99642857142857,0.0,0.026030426528563293,-0.04834017687664675,1.492063492063492,1.7968253968253993,-0.7246031746031765,0.0,0.0,0.0
장수군,2018-06-04,1.0641497309729553,14,12.228571428571428,0.0,7,23,13.57857142857143,0.0,13.107142857142858,0.0,0.062176105617317345,0.0059802934665753454,-0.4468253968253961,0.5226190476190506,-0.30218253968253883,0.0,0.0,0.0
장수군,2018-06-11,1.1934738653110393,17,11.814285714285713,0.0,7,24,12.021428571428572,0.0,13.742857142857142,0.0,0.17686826903796488,0.10671487774700884,0.05793650793650684,-0.1944444444444411,0.8011904761904756,0.0,0.0,0.0
장수군,2018-06-18,1.1619548150402144,17,13.042857142857144,0.0,7,25,12.42857142857143,0.0,13.003571428571428,0.0,0.15010377216609774,0.07969494864167291,2.1801587301587304,1.1190476190476222,0.8208333333333329,0.0,0.0,0.0
장수군,2018-06-25,1.0696671423965676,17,8.414285714285713,0.0,7,26,10.72857142857143,0.0,11.375,0.0,0.06734751820544539,-0.011580787273475404,-0.6031746031746046,0.7884920634920665,0.2970238095238109,0.0,0.0,0.0
장수군,2018-07-02,1.1276573168277693,14,7.328571428571428,0.0,7,27,7.871428571428572,0.0,10.15,0.0,0.12014230978166583,0.07548222088462365,-1.2587301587301605,-0.9309523809523785,0.09404761904761827,0.0,0.0,0.0
장수군,2018-07-09,1.0753418178011076,22,10.228571428571428,0.0,7,28,8.778571428571428,0.0,9.753571428571428,0.0,0.07263858108540606,0.03409809179449546,1.5198412698412689,0.13055555555555642,0.4595238095238088,0.0,0.0,0.0
장수군,2018-07-16,1.0229906253670034,20,12.328571428571427,0.0,7,29,11.278571428571428,0.0,9.575,0.0,0.022730323063379132,-0.007398128218854969,3.9261904761904756,2.723015873015875,0.8960317460317455,0.0,0.0,0.0
장수군,2018-07-23,0.9173884721543525,21,12.257142857142856,0.0,7,30,12.292857142857143,0.0,10.535714285714285,0.0,-0.08622426267700778,-0.11624189766956991,3.106349206349204,3.5162698412698425,1.8234126984126977,0.0,0.0,0.0
장수군,2018-07-30,0.9237541898478456,19,13.514285714285714,0.0,7,31,12.885714285714286,0.0,12.082142857142856,0.0,-0.07930927103545626,-0.12912951484963733,3.299206349206349,3.2027777777777793,2.9628968253968235,-0.1111111111111111,-0.1111111111111111,-0.1111111111111111
장수군,2018-08-06,0.9981678863529232,19,11.485714285714286,0.0,7,32,12.5,0.0,12.39642857142857,0.0,-0.0018337940200211726,-0.022774167074992434,2.5650793650793666,2.9321428571428587,3.224206349206348,-0.3333333333333333,-0.4444444444444444,-0.4444444444444444
장수군,2018-08-13,1.0183882248170877,17,14.14285714285714,0.0,7,33,12.814285714285713,0.0,12.849999999999998,0.0,0.01822120576008983,-0.016405432958847894,4.493749999999999,3.7080357142857157,3.5122767857142847,0.0,-0.25,-0.375
장수군,2018-08-20,1.0797782154295794,19,8.357142857142858,0.0,7,34,11.25,0.0,11.875,0.0,0.07675566396395786,0.03953848994177866,-1.3544642857142861,1.5696428571428598,2.381026785714287,0.0,0.0,-0.375
장수군,2018-08-27,0.9759783005700327,16,6.457142857142857,0.0,7,35,7.407142857142858,0.0,10.110714285714284,0.0,-0.0243149258387094,-0.07745030051018383,-1.8258928571428559,-1.5901785714285683,1.05892857142857,0.0,0.0,-0.25
장수군,2018-09-03,1.0490189516816177,17,10.757142857142856,0.0,7,36,8.607142857142858,0.0,9.928571428571429,0.0,0.0478553956776732,-0.005611292462876463,1.0,-0.41294642857142705,0.5783482142857146,0.0,0.0,0.0
장수군,2018-09-10,1.0449684785552669,20,10.171428571428573,0.0,7,37,10.464285714285715,0.0,8.935714285714287,0.0,0.04398672089988428,0.04899005032528313,1.2437500000000004,1.1218750000000028,-0.2341517857142854,0.0,0.0,0.0
장수군,2018-09-17,1.0120659997447772,18,10.842857142857143,0.0,7,38,10.50714285714286,0.0,9.557142857142857,0.0,0.011993785877836526,-0.006876233650113549,0.413392857142858,0.8285714285714327,0.2078124999999993,0.0,0.0,0.0
장수군,2018-09-24,1.0120680294418447,19,14.114285714285714,0.0,7,39,12.47857142857143,0.0,11.471428571428572,0.0,0.011995791374545997,-0.015652905221805374,2.0732142857142843,1.2433035714285747,1.1825892857142861,0.0,0.0,0.0
장수군,2018-10-01,1.0593485739050506,18,11.257142857142856,0.0,7,40,12.685714285714287,0.0,11.596428571428572,0.0,0.05765416628916372,0.039654271379788705,0.4374999999999982,1.2553571428571448,1.0419642857142861,0.0,0.0,0.0
장수군,2018-10-08,1.0834357617366257,19,14.214285714285714,0.0,7,41,12.735714285714286,0.0,12.607142857142858,0.0,0.08013725249938032,0.04485019276879541,1.5392857142857128,0.9883928571428573,1.1158482142857142,0.0,0.0,0.0
장수군,2018-10-15,1.0771940015532708,18,16.385714285714286,0.0,7,42,15.3,0.0,13.992857142857144,0.0,0.0743595133854678,0.04412648271199751,3.0142857142857142,2.276785714285717,1.7660714285714292,0.0,0.0,0.0
장수군,2018-10-22,1.0768734204418093,19,13.87142857142857,0.0,7,43,15.128571428571428,0.0,13.932142857142857,0.0,0.0740618615008936,0.00333059191136946,-0.2723214285714306,1.3709821428571427,1.1796875,0.0,0.0,0.0
장수군,2018-10-29,1.0710712239277358,19,16.428571428571427,0.0,7,44,15.149999999999999,0.0,15.224999999999998,0.0,0.06865929152122746,0.04031204901675232,1.1535714285714285,0.4406250000000007,1.3587053571428562,0.0,0.0,0.0
장수군,2018-11-05,1.0153628974227882,17,13.414285714285715,0.0,7,45,14.92142857142857,0.0,15.025,0.0,0.015246083000243093,-0.05384404423784363,-0.8232142857142861,0.16517857142857295,0.7680803571428587,0.0,0.0,0.0
장수군,2018-11-12,1.058158287928725,15,13.257142857142856,0.0,7,46,13.335714285714285,0.0,14.24285714285714,0.0,0.05652993276421381,-0.012636113321335962,-1.3321428571428573,-1.0776785714285708,-0.3185267857142886,0.0,0.0,0.0
장수군,2018-11-19,1.041251470346062,17,13.314285714285715,0.0,7,47,13.285714285714285,0.0,14.103571428571428,0.0,0.04042332659497675,-0.015073175899712118,-0.4464285714285712,-0.8892857142857125,-0.36205357142857153,0.0,0.0,0.0
장수군,2018-11-26,1.052370189783691,17,16.25714285714286,0.0,7,48,14.785714285714286,0.0,14.060714285714285,0.0,0.051044943845613956,-0.008507197507892264,5.061607142857145,2.307589285714288,0.6149553571428559,0.0,0.0,0.0
장수군,2018-12-03,1.0234002434307192,18,9.0,0.0,7,49,12.62857142857143,0.0,12.957142857142857,0.0,0.023130655253511673,-0.05254308009454901,-2.8196428571428562,1.1209821428571463,0.11584821428571423,0.0,0.0,0.0
장수군,2018-12-10,1.0349368072549692,10,13.328571428571427,0.0,7,50,11.164285714285715,0.0,12.975,0.0,0.03434036906105132,-0.04838934398735418,1.836607142857142,-0.49151785714285445,0.908035714285715,0.0,0.0,0.0
장수군,2018-12-17,1.0115348657396717,10,11.642857142857142,0.0,7,51,12.485714285714284,0.0,12.557142857142857,0.0,0.011468846373844927,-0.05461852949767603,0.5660714285714281,1.2013392857142868,1.1611607142857139,0.0,0.0,0.0
장수군,2018-12-24,1.044638726586249,11,10.485714285714286,0.0,7,52,11.064285714285713,0.0,11.114285714285714,0.0,0.04367110945774928,-0.02620443613583176,-0.49375000000000036,0.036160714285715656,-0.22767857142857117,0.0,0.0,0.0
장수군,2018-12-31,1.1146884602097358,9,14.614285714285714,0.0,7,1,12.55,0.0,12.517857142857142,0.0,0.10857495798678178,0.04747837324390978,2.0598214285714285,0.7651785714285744,1.0122767857142847,0.0,0.0,0.0
장수군,2019-01-07,1.053488327626244,9,12.0,0.0,7,2,13.307142857142857,0.0,12.185714285714285,0.0,0.052106874586340855,-0.02790390820788497,0.3169642857142865,1.1883928571428584,0.5582589285714281,0.0,0.0,0.0
장수군,2019-01-14,1.0577186481474725,9,12.428571428571429,0.0,7,3,12.214285714285715,0.0,12.382142857142858,0.0,0.056114370044016426,-0.01701070336711913,0.18839285714285658,0.2526785714285751,0.508928571428573,0.0,0.0,0.0
장수군,2019-01-21,1.130457066982938,7,14.342857142857143,0.0,7,4,13.385714285714286,0.0,13.346428571428572,0.0,0.12262203499832297,0.03009165430876269,2.9634920634920636,1.6250000000000018,1.4720238095238098,0.0,0.0,0.0
장수군,2019-01-28,1.1017941794316286,9,15.342857142857143,0.0,7,5,14.842857142857143,0.0,13.528571428571428,0.0,0.09693992326128412,0.009160976526042058,3.8119047619047635,3.3876984126984144,1.8815476190476197,0.0,0.0,0.0
장수군,2019-02-04,0.97504120663712,6,11.700000000000001,0.0,7,6,13.521428571428572,0.0,13.45357142857143,0.0,-0.0252755456597955,-0.09333469124896152,-1.003968253968253,1.4039682539682552,1.5144841269841294,0.0,0.0,0.0
장수군,2019-02-11,1.0617939655736766,10,11.057142857142859,0.0,7,7,11.37857142857143,0.0,13.110714285714286,0.0,0.05995989794698676,-0.023893219166927777,-1.454761904761904,-1.2293650793650759,1.0791666666666675,0.0,0.0,0.0
장수군,2019-02-18,1.1151031110321425,7,13.528571428571428,0.0,7,8,12.292857142857144,0.0,12.907142857142858,0.0,0.10894687689842741,0.047254382545009826,0.9603174603174605,-0.24722222222221824,0.5783730158730176,0.0,0.0,0.0
장수군,2019-02-25,0.9364379664006824,10,15.157142857142857,0.0,7,9,14.342857142857142,0.0,12.860714285714288,0.0,-0.06567199912037054,-0.09214228599846949,1.3952380952380938,1.177777777777779,-0.02579365079364848,0.0,0.0,0.0
장수군,2019-03-04,1.0252699733308,6,15.514285714285714,0.0,7,10,15.335714285714285,0.0,13.814285714285715,0.0,0.02495596652509425,-0.02347918094819504,2.049999999999999,1.72261904761905,0.7376984126984123,0.0,0.0,0.0
장수군,2019-03-11,1.0864622719246977,6,11.771428571428572,0.0,7,11,13.642857142857142,0.0,13.992857142857144,0.0,0.08292679569790906,0.02729579895588622,-2.1341269841269845,-0.042063492063491026,0.5678571428571431,0.0,0.0,0.0
장수군,2019-03-18,1.0243682203001665,6,14.799999999999999,0.0,7,12,13.285714285714285,0.0,14.310714285714285,0.0,0.02407605211715888,-0.06820998760996173,0.4833333333333325,-0.8253968253968242,0.44861111111111107,0.0,0.0,0.0
장수군,2019-03-25,1.0075833686993618,8,13.414285714285715,0.0,7,13,14.107142857142858,0.0,13.875,0.0,0.007554759503963358,-0.04659405672484796,-2.3499999999999996,-0.9333333333333318,-0.4876984126984123,0.0,0.0,0.0
장수군,2019-04-01,1.035510145605344,9,17.071428571428573,0.0,7,14,15.242857142857144,0.0,14.264285714285714,0.0,0.034894199589515354,-0.0008498688496595894,1.8523809523809511,-0.2488095238095216,-0.5371031746031747,0.0,0.0,0.0
장수군,2019-04-08,1.147906407273107,8,11.842857142857142,0.0,7,15,14.457142857142857,0.0,14.282142857142857,0.0,0.13793976780830114,0.06023058155637086,-2.741269841269844,-0.44444444444444287,-0.6888888888888882,0.0,0.0,0.0
장수군,2019-04-15,1.041156858681544,10,17.04285714285714,0.0,7,16,14.442857142857141,0.0,14.842857142857142,0.0,0.040332459051599955,-0.034316172358106654,1.8388888888888868,-0.4511904761904759,-0.3500000000000014,0.0,0.0,0.0
장수군,2019-04-22,0.9962870464711509,9,9.685714285714285,0.0,7,17,13.364285714285714,0.0,13.910714285714286,0.0,-0.0037198636507467363,-0.06606038748393482,-3.3730158730158735,-0.7670634920634924,-0.6057539682539677,0.0,0.0,0.0
장수군,2019-04-29,1.1561442385422713,13,16.3,0.0,7,18,12.992857142857142,0.0,13.717857142857142,0.0,0.14509053629207364,0.07886387211464939,2.234126984126984,-0.5694444444444429,-0.5103174603174594,0.0,0.0,0.0
장수군,2019-05-06,1.0956281015622948,14,18.657142857142855,0.0,7,19,17.478571428571428,0.0,15.42142857142857,0.0,0.09132780755054826,0.011741816809244632,4.734920634920632,3.484523809523811,1.3587301587301575,0.0,0.0,0.0
장수군,2019-05-13,1.0630515837825525,13,13.028571428571428,0.0,7,20,15.842857142857142,0.0,14.417857142857141,0.0,0.061143624788785496,-0.027850194654507436,-0.5984126984126981,2.068253968253968,0.7494047619047599,0.0,0.0,0.0
장수군,2019-05-20,1.0392539174890023,14,17.228571428571428,0.0,7,21,15.128571428571428,0.0,16.303571428571427,0.0,0.03850306867826796,-0.08156453385933593,3.330158730158729,1.3658730158730172,2.4251984126984105,0.0,0.0,0.0
장수군,2019-05-27,1.101055890653097,14,14.142857142857142,0.0,7,22,15.685714285714285,0.0,15.764285714285712,0.0,0.09626961998808276,0.021899016582872716,0.7063492063492056,2.018253968253969,2.043253968253966,0.0,0.0,0.0
장수군,2019-06-03,1.0894110901661125,14,13.485714285714286,0.0,7,23,13.814285714285713,0.0,14.47142857142857,0.0,0.08563726598365105,0.029441453832909054,0.8103174603174619,0.7583333333333346,1.0621031746031733,0.0,0.0,0.0
장수군,2019-06-10,1.1394169640494598,15,10.071428571428571,0.0,7,24,11.778571428571428,0.0,13.732142857142858,0.0,0.13051669653455988,0.06036330524360385,-1.6849206349206352,-0.43730158730158486,0.7904761904761912,0.0,0.0,0.0
장수군,2019-06-17,1.077950535830975,18,10.785714285714286,0.0,7,25,10.428571428571429,0.0,12.121428571428572,0.0,0.0750615863050851,0.004652762780660263,-0.0769841269841276,-0.8809523809523796,-0.06130952380952337,0.0,0.0,0.0
장수군,2019-06-24,1.1179714281776738,16,8.857142857142858,0.0,7,26,9.821428571428573,0.0,10.799999999999999,0.0,0.11151581821463738,0.032587512735716584,-0.16031746031745975,-0.11865079365079012,-0.27797619047619015,0.0,0.0,0.0
장수군,2019-07-01,1.1266012687481677,21,12.028571428571427,0.0,7,27,10.442857142857143,0.0,10.435714285714287,0.0,0.11920537365232109,0.07454528475527891,3.441269841269838,1.6404761904761926,0.37976190476190474,0.0,0.0,0.0
장수군,2019-07-08,1.1073017838337678,21,8.128571428571428,0.0,7,28,10.078571428571427,0.0,9.95,0.0,0.1019262306966667,0.06338574140575609,-0.5801587301587308,1.4305555555555554,0.65595238095238,0.0,0.0,0.0
장수군,2019-07-15,1.1754317727262276,19,7.714285714285714,0.0,7,29,7.921428571428571,0.0,9.182142857142857,0.0,0.16163554624695275,0.13150709496471866,-0.6880952380952374,-0.6341269841269828,0.5031746031746032,0.0,0.0,0.0
장수군,2019-07-22,1.075198375089952,18,5.214285714285714,0.0,7,30,6.464285714285714,0.0,8.27142857142857,0.0,0.0725051795225407,0.04248754452997856,-3.9365079365079376,-2.3123015873015857,-0.4408730158730165,0.0,0.0,0.0
장수군,2019-07-29,1.0398874583972537,18,10.014285714285714,0.0,7,31,7.614285714285714,0.0,7.767857142857142,0.0,0.03911249421825984,-0.010707749595921232,-0.20079365079365097,-2.068650793650793,-1.3513888888888896,-0.1111111111111111,-0.1111111111111111,-0.1111111111111111
장수군,2019-08-05,0.9838509105944826,23,9.985714285714284,0.0,7,32,10.0,0.0,8.232142857142858,0.0,-0.01628090703272551,-0.037221280087696776,1.0650793650793648,0.4321428571428587,-0.9400793650793648,-0.3333333333333333,-0.4444444444444444,-0.4444444444444444
장수군,2019-08-12,1.0725506573002483,20,9.585714285714285,0.0,7,33,9.785714285714285,0.0,8.7,0.0,0.0700396036185805,0.035412964899642775,-0.06339285714285658,0.6794642857142872,-0.6377232142857139,0.0,-0.25,-0.375
장수군,2019-08-19,0.9954285194985053,18,11.457142857142857,0.0,7,34,10.521428571428572,0.0,10.260714285714286,0.0,-0.004581961673663922,-0.04179913569584312,1.7455357142857135,0.841071428571432,0.766741071428573,0.0,0.0,-0.375
장수군,2019-08-26,1.1415717606053302,18,8.885714285714284,0.0,7,35,10.17142857142857,0.0,9.978571428571428,0.0,0.13240605019384802,0.0792706755223736,0.6026785714285712,1.1741071428571441,0.9267857142857139,0.0,0.0,-0.25
장수군,2019-09-02,1.0759446575138103,17,7.428571428571429,0.0,7,36,8.157142857142858,0.0,9.339285714285714,0.0,0.07319902687949191,0.01973233873894225,-2.3285714285714274,-0.8629464285714263,-0.01093750000000071,0.0,0.0,0.0
장수군,2019-09-09,0.9938078550271404,17,9.814285714285715,0.0,7,37,8.621428571428574,0.0,9.396428571428572,0.0,-0.006211395813013863,-0.0012080663876150102,0.8866071428571427,-0.7209821428571388,0.2265625,0.0,0.0,0.0
장수군,2019-09-16,1.0317811005353343,18,11.471428571428572,0.0,7,38,10.642857142857144,0.0,9.4,0.0,0.03128653267609772,0.012416513148147644,1.0419642857142861,0.9642857142857171,0.050669642857142705,0.0,0.0,0.0
장수군,2019-09-23,1.0153548638418886,18,12.9,0.0,7,39,12.185714285714287,0.0,10.403571428571428,0.0,0.015238170939736305,-0.012410525656615067,0.8589285714285708,0.950446428571432,0.11473214285714306,0.0,0.0,0.0
장수군,2019-09-30,1.046869587207877,19,7.5,0.0,7,40,10.200000000000001,0.0,10.42142857142857,0.0,0.045804365589630934,0.02780447068025592,-3.319642857142858,-1.230357142857141,-0.1330357142857146,0.0,0.0,0.0
장수군,2019-10-07,1.0785093391424971,18,14.900000000000002,0.0,7,41,11.200000000000003,0.0,11.692857142857143,0.0,0.07557984619066398,0.04029278646007907,2.2250000000000014,-0.5473214285714256,0.20156249999999964,0.0,0.0,0.0
장수군,2019-10-14,0.9951644191812861,17,13.614285714285714,0.0,7,42,14.25714285714286,0.0,12.228571428571428,0.0,-0.0048473100667351865,-0.035080340740205475,0.242857142857142,1.2339285714285761,0.0017857142857131691,0.0,0.0,0.0
장수군,2019-10-21,1.1160726272492234,17,13.414285714285715,0.0,7,43,13.514285714285716,0.0,12.357142857142858,0.0,0.109815940021934,0.03908467043240986,-0.7294642857142861,-0.2433035714285694,-0.3953124999999993,0.0,0.0,0.0
장수군,2019-10-28,1.0791099730079108,18,15.914285714285713,0.0,7,44,14.664285714285715,0.0,14.460714285714285,0.0,0.07613660231306842,0.04778935980859327,0.6392857142857142,-0.04508928571428328,0.5944196428571438,0.0,0.0,0.0
장수군,2019-11-04,1.0264388995815463,20,16.400000000000002,0.0,7,45,16.15714285714286,0.0,14.835714285714285,0.0,0.026095432647851996,-0.04299469459023472,2.1625000000000014,1.4008928571428605,0.5787946428571438,0.0,0.0,0.0
장수군,2019-11-11,1.133417594059387,14,14.15,0.0,6,46,15.275000000000002,0.0,14.969642857142857,0.0,0.12523748788981182,0.056071441804262045,-0.43928571428571317,0.8616071428571459,0.40825892857142776,0.0,0.0,0.0
장수군,2019-11-18,0.9903192952129876,14,15.657142857142857,0.0,7,47,14.903571428571428,0.0,15.530357142857143,0.0,-0.00972786743487194,-0.06522436992956081,1.8964285714285705,0.7285714285714313,1.0647321428571441,0.0,0.0,0.0
장수군,2019-11-25,1.0233460362327873,12,11.799999999999999,0.0,7,48,13.728571428571428,0.0,14.501785714285715,0.0,0.02307768611074767,-0.03647445524275855,0.6044642857142843,1.2504464285714292,1.0560267857142858,0.0,0.0,0.0
장수군,2019-12-02,1.084990858003928,11,10.328571428571427,0.0,7,49,11.064285714285713,0.0,12.98392857142857,0.0,0.08157156115409428,0.005897825806033596,-1.4910714285714288,-0.44330357142857046,0.14263392857142776,0.0,0.0,0.0
장수군,2019-12-09,1.1471381582190023,9,13.37142857142857,0.0,7,50,11.849999999999998,0.0,12.789285714285715,0.0,0.1372702826973357,0.05454056964893021,1.8794642857142847,0.19419642857142883,0.7223214285714299,0.0,0.0,0.0
장수군,2019-12-16,1.143909771677633,11,10.614285714285714,0.0,7,51,11.992857142857142,0.0,11.528571428571428,0.0,0.1344520189359723,0.06836464306445135,-0.46250000000000036,0.7084821428571448,0.1325892857142854,0.0,0.0,0.0
장수군,2019-12-23,1.0959574028886727,10,12.085714285714285,0.0,7,52,11.35,0.0,11.6,0.0,0.09162832179303372,0.021752776199452678,1.1062499999999993,0.32187500000000213,0.2580357142857146,0.0,0.0,0.0
장수군,2019-12-30,1.0746958667540287,10,12.085714285714285,0.0,7,1,12.085714285714285,0.0,12.039285714285715,0.0,0.0720377069043123,0.010941122161440296,-0.46875,0.30089285714285907,0.5337053571428569,0.0,0.0,0.0
장수군,2020-01-06,1.0588917004267866,8,9.142857142857142,0.0,7,2,10.614285714285714,0.0,10.982142857142858,0.0,0.05722279550381438,-0.022787987290411447,-2.540178571428571,-1.5044642857142847,-0.6453124999999993,0.0,0.0,0.0
장수군,2020-01-13,1.0359374139075694,9,10.0,0.0,7,3,9.571428571428571,0.0,10.82857142857143,0.0,0.03530673072632619,-0.03781834268480937,-2.2401785714285722,-2.390178571428569,-1.0446428571428559,0.0,0.0,0.0
장수군,2020-01-20,0.9867177523507429,8,9.828571428571427,0.0,7,4,9.914285714285715,0.0,10.264285714285714,0.0,-0.013371245641314797,-0.10590162633087508,-1.5507936507936524,-1.8464285714285698,-1.6101190476190474,0.0,0.0,0.0
장수군,2020-01-27,1.057774513567021,7,7.657142857142857,0.0,7,5,8.742857142857142,0.0,9.157142857142857,0.0,0.05616718554876246,-0.0316117611864796,-3.8738095238095234,-2.712301587301587,-2.489880952380952,0.0,0.0,0.0
장수군,2020-02-03,1.1640519764665918,7,12.085714285714287,0.0,7,6,9.871428571428572,0.0,9.892857142857142,0.0,0.1519070016341304,0.08384785604496438,-0.618253968253967,-2.246031746031745,-2.0462301587301575,0.0,0.0,0.0
장수군,2020-02-10,1.157211797576195,7,13.442857142857141,0.0,7,7,12.764285714285714,0.0,10.753571428571428,0.0,0.1460134890006395,0.06216037188672498,0.9309523809523785,0.15634920634920846,-1.2779761904761902,0.0,0.0,0.0
장수군,2020-02-17,1.0363816599043179,10,11.742857142857144,0.0,7,8,12.592857142857142,0.0,11.232142857142858,0.0,0.03573547358660048,-0.025957020766817107,-0.8253968253968242,0.05277777777777892,-1.0966269841269831,0.0,0.0,0.0
장수군,2020-02-24,1.1604462271031932,6,11.071428571428571,0.0,7,9,11.407142857142858,0.0,12.085714285714285,0.0,0.14880460968568945,0.1223343228075905,-2.6904761904761916,-1.7579365079365044,-0.8007936507936506,0.0,0.0,0.0
장수군,2020-03-02,1.036552649065965,7,12.285714285714286,0.0,7,10,11.678571428571429,0.0,12.135714285714286,0.0,0.03590044665043074,-0.012534700822858548,-1.1785714285714288,-1.9345238095238066,-0.9408730158730165,0.0,0.0,0.0
장수군,2020-03-09,1.042720866918242,7,12.185714285714287,0.0,7,11,12.235714285714288,0.0,11.821428571428573,0.0,0.04183351500238736,-0.013797481739635478,-1.71984126984127,-1.4492063492063458,-1.6035714285714278,0.0,0.0,0.0
장수군,2020-03-16,1.1119029318768872,5,15.271428571428572,0.0,7,12,13.72857142857143,0.0,12.70357142857143,0.0,0.10607290054064841,0.013786860813527799,0.9547619047619058,-0.3825396825396794,-1.1585317460317448,0.0,0.0,0.0
장수군,2020-03-23,1.0428449730075888,9,14.757142857142856,0.0,7,13,15.014285714285714,0.0,13.625,0.0,0.041952529312190005,-0.012196286916621314,-1.007142857142858,-0.02619047619047521,-0.7376984126984123,0.0,0.0,0.0
장수군,2020-03-30,1.1139912750162924,10,17.285714285714285,0.0,7,14,16.021428571428572,0.0,14.875,0.0,0.10794930935260091,0.07220524091342598,2.066666666666663,0.5297619047619069,0.07361111111111107,0.0,0.0,0.0
장수군,2020-04-06,1.137964469144286,8,14.142857142857142,0.0,7,15,15.714285714285714,0.0,15.364285714285714,0.0,0.12924111302364613,0.05153192677171585,-0.44126984126984325,0.8126984126984134,0.3932539682539691,0.0,0.0,0.0
장수군,2020-04-13,1.1192327928931045,6,14.700000000000001,0.0,7,16,14.42142857142857,0.0,15.221428571428572,0.0,0.11264344423751636,0.037994812827809754,-0.5039682539682531,-0.4726190476190464,0.02857142857142847,0.0,0.0,0.0
장수군,2020-04-20,1.1789146162622153,8,10.942857142857141,0.0,7,17,12.821428571428571,0.0,14.267857142857142,0.0,0.16459419845964496,0.10225367462645688,-2.1158730158730172,-1.3099206349206352,-0.24861111111111178,0.0,0.0,0.0
장수군,2020-04-27,1.0124345996397166,10,14.900000000000002,0.0,7,18,12.92142857142857,0.0,13.67142857142857,0.0,0.012357924963914777,-0.05386873921350947,0.8341269841269856,-0.640873015873014,-0.5567460317460302,0.0,0.0,0.0
장수군,2020-05-04,1.1393803555363025,10,13.1,0.0,7,19,14.0,0.0,13.410714285714286,0.0,0.13048456685558768,0.050898576114284055,-0.8222222222222229,0.005952380952383152,-0.6519841269841269,0.0,0.0,0.0
장수군,2020-05-11,1.0274729173080923,10,12.028571428571428,0.0,7,20,12.564285714285713,0.0,12.742857142857144,0.0,0.027102309189873313,-0.061891510253419615,-1.598412698412698,-1.2103174603174605,-0.9255952380952372,0.0,0.0,0.0
장수군,2020-05-18,1.2070614404312425,12,11.12857142857143,0.0,7,21,11.57857142857143,0.0,12.789285714285715,0.0,0.18818884424259533,0.06812124170499144,-2.769841269841269,-2.1841269841269817,-1.089087301587302,0.0,0.0,0.0
장수군,2020-05-25,1.0516494798908782,14,12.585714285714285,0.0,7,22,11.857142857142858,0.0,12.210714285714285,0.0,0.050359864773979565,-0.024010738631230474,-0.8507936507936513,-1.8103174603174583,-1.5103174603174612,0.0,0.0,0.0
장수군,2020-06-01,1.0125047187376737,19,12.542857142857143,0.0,7,23,12.564285714285713,0.0,12.071428571428573,0.0,0.01242718046935015,-0.04376863168139185,-0.13253968253968118,-0.49166666666666536,-1.3378968253968235,0.0,0.0,0.0
장수군,2020-06-08,1.1309904791107712,16,10.771428571428572,0.0,7,24,11.657142857142858,0.0,11.757142857142856,0.0,0.12309377898252188,0.05294038769156585,-0.9849206349206341,-0.558730158730155,-1.1845238095238102,0.0,0.0,0.0
장수군,2020-06-15,1.0858655031651372,15,10.62857142857143,0.0,7,25,10.700000000000001,0.0,11.632142857142858,0.0,0.08237736776956792,0.011968544245143084,-0.23412698412698418,-0.6095238095238074,-0.5505952380952372,0.0,0.0,0.0
장수군,2020-06-22,1.075389015920814,17,9.185714285714285,0.0,7,26,9.907142857142858,0.0,10.782142857142857,0.0,0.0726824713937365,-0.006245834085184296,0.16825396825396766,-0.03293650793650471,-0.2958333333333325,0.0,0.0,0.0
장수군,2020-06-29,1.1102439368352601,15,6.814285714285715,0.0,7,27,8.0,0.0,9.350000000000001,0.0,0.1045797540945595,0.05991966519751732,-1.7730158730158738,-0.8023809523809504,-0.7059523809523807,0.0,0.0,0.0
장수군,2020-07-06,1.1381073159547856,17,8.4,0.0,7,28,7.607142857142858,0.0,8.757142857142858,0.0,0.1293666335029406,0.09082614421202997,-0.3087301587301585,-1.0408730158730144,-0.5369047619047613,0.0,0.0,0.0
장수군,2020-07-13,1.1109163966298659,20,7.085714285714286,0.0,7,29,7.742857142857144,0.0,7.871428571428572,0.0,0.10518525726785109,0.075056805985617,-1.3166666666666655,-0.8126984126984098,-0.8075396825396819,0.0,0.0,0.0
장수군,2020-07-20,1.108289933583894,17,4.985714285714287,0.0,7,30,6.0357142857142865,0.0,6.821428571428573,0.0,0.10281822700435922,0.07280059201179709,-4.165079365079365,-2.7408730158730137,-1.890873015873014,0.0,0.0,0.0
장수군,2020-07-27,1.0876960230198922,16,5.685714285714285,0.0,7,31,5.335714285714285,0.0,6.539285714285715,0.0,0.08406171879020742,0.03424147497602635,-4.52936507936508,-4.347222222222221,-2.5799603174603174,-0.1111111111111111,-0.1111111111111111,-0.1111111111111111
장수군,2020-08-03,1.1106483553592437,16,4.8999999999999995,0.0,7,32,5.292857142857143,0.0,5.664285714285715,0.0,0.104943948729189,0.08400357567421773,-4.02063492063492,-4.274999999999999,-3.507936507936508,-0.3333333333333333,-0.4444444444444444,-0.4444444444444444
장수군,2020-08-10,1.0100777780939811,16,6.828571428571428,0.0,7,33,5.864285714285714,0.0,5.6,0.0,0.010027335902045912,-0.02459930281689181,-2.8205357142857137,-3.2419642857142836,-3.7377232142857135,0.0,-0.25,-0.375
장수군,2020-08-17,1.0768169055850731,18,10.657142857142857,0.0,7,34,8.742857142857142,0.0,7.017857142857142,0.0,0.0740093796226345,0.0367922056004553,0.9455357142857128,-0.9374999999999982,-2.476116071428571,0.0,0.0,-0.375
장수군,2020-08-24,1.0528433651837732,18,8.471428571428572,0.0,7,35,9.564285714285713,0.0,7.7142857142857135,0.0,0.051494471074748256,-0.0016409035967261676,0.18839285714285836,0.5669642857142865,-1.3375000000000004,0.0,0.0,-0.25
장수군,2020-08-31,1.0859348513237406,19,6.928571428571429,0.0,7,36,7.700000000000001,0.0,8.221428571428572,0.0,0.0824412301393144,0.028974541998764737,-2.8285714285714274,-1.3200892857142836,-1.1287946428571427,0.0,0.0,0.0
장수군,2020-09-07,1.03212919768267,20,6.471428571428571,0.0,7,37,6.700000000000001,0.0,8.132142857142856,0.0,0.03162385077653739,0.03662718020193624,-2.4562500000000016,-2.6424107142857114,-1.037723214285716,0.0,0.0,0.0
장수군,2020-09-14,1.0586737885883306,18,10.485714285714284,0.0,7,38,8.478571428571428,0.0,8.089285714285714,0.0,0.05701698195013151,0.038146962422181435,0.05624999999999858,-1.1999999999999993,-1.2600446428571441,0.0,0.0,0.0
장수군,2020-09-21,1.074512690914821,22,12.642857142857142,0.0,7,39,11.564285714285713,0.0,9.132142857142856,0.0,0.0718672480263243,0.04421855142997293,0.6017857142857128,0.32901785714285836,-1.1566964285714292,0.0,0.0,0.0
장수군,2020-09-28,1.038869444090359,19,12.542857142857144,0.0,7,40,12.592857142857145,0.0,10.535714285714285,0.0,0.038133048870841506,0.02013315396146649,1.7232142857142865,1.1625000000000032,-0.01875000000000071,0.0,0.0,0.0
장수군,2020-10-05,0.9808962287519222,23,14.257142857142856,0.0,7,41,13.400000000000002,0.0,12.482142857142858,0.0,-0.01928860610075227,-0.054575665831337175,1.5821428571428555,1.6526785714285737,0.9908482142857142,0.0,0.0,0.0
장수군,2020-10-12,1.0899822101878942,17,13.928571428571429,0.0,7,42,14.092857142857143,0.0,13.342857142857143,0.0,0.08616137517932711,0.05592834450585682,0.5571428571428569,1.0696428571428598,1.1160714285714288,0.0,0.0,0.0
장수군,2020-10-19,1.0803806185270137,18,14.328571428571427,0.0,7,43,14.12857142857143,0.0,13.764285714285712,0.0,0.07731340361122899,0.00658213402170485,0.1848214285714267,0.3709821428571445,1.0118303571428555,0.0,0.0,0.0
장수군,2020-10-26,1.0552287528256854,20,16.842857142857145,0.0,7,44,15.585714285714285,0.0,14.839285714285714,0.0,0.05375757074730781,0.025410328242832667,1.5678571428571466,0.8763392857142875,0.9729910714285719,0.0,0.0,0.0
장수군,2020-11-02,1.0421816752317214,19,14.285714285714286,0.0,7,45,15.564285714285713,0.0,14.846428571428572,0.0,0.041316280563231875,-0.027773846674854843,0.048214285714285765,0.8080357142857153,0.5895089285714299,0.0,0.0,0.0
장수군,2020-11-09,1.0329054820561967,17,17.642857142857142,0.0,7,46,15.964285714285715,0.0,15.775,0.0,0.03237568745774175,-0.03679035862780802,3.053571428571429,1.550892857142859,1.2136160714285715,0.0,0.0,0.0
장수군,2020-11-16,1.0235803422263683,17,12.928571428571429,0.0,7,47,15.285714285714288,0.0,15.425,0.0,0.0233066205727489,-0.03218988192193997,-0.8321428571428573,1.110714285714291,0.9593750000000014,0.0,0.0,0.0
장수군,2020-11-23,1.0561769219349884,20,9.157142857142857,0.0,7,48,11.042857142857143,0.0,13.50357142857143,0.0,0.05465571096202293,-0.0048964303914832905,-2.038392857142858,-1.4352678571428559,0.05781250000000071,0.0,0.0,0.0
장수군,2020-11-30,1.0872894655662513,10,12.385714285714286,0.0,7,49,10.771428571428572,0.0,13.028571428571428,0.0,0.08368787035718607,0.008014135009125387,0.5660714285714299,-0.7361607142857114,0.1872767857142854,0.0,0.0,0.0
장수군,2020-12-07,1.1108731728179688,11,12.028571428571428,0.0,7,50,12.207142857142857,0.0,11.625,0.0,0.10514634826179863,0.022416635213393127,0.5366071428571431,0.5513392857142883,-0.4419642857142847,0.0,0.0,0.0
장수군,2020-12-14,1.0933472419338444,12,9.657142857142857,0.0,7,51,10.842857142857142,0.0,10.807142857142857,0.0,0.08924385492798308,0.02315647905646212,-1.4196428571428577,-0.4415178571428555,-0.5888392857142861,0.0,0.0,0.0
장수군,2020-12-21,1.1546637039873766,8,11.1,0.0,7,52,10.378571428571428,0.0,11.292857142857141,0.0,0.14380913619799335,0.0739335906044123,0.12053571428571352,-0.6495535714285694,-0.049107142857144126,0.0,0.0,0.0
장수군,2020-12-28,1.0861863514093393,10,11.385714285714286,0.0,7,53,11.242857142857144,0.0,11.042857142857141,0.0,0.08267280109070159,0.0,0.0,0.0,0.0,0.0,0.0,0.0
장수군,2021-01-04,1.0938325993621647,10,14.87142857142857,0.0,7,1,13.128571428571428,0.0,11.753571428571428,0.0,0.08968767525507583,0.028591090512203828,2.3169642857142847,1.3437500000000018,0.24799107142857046,0.0,0.0,0.0
장수군,2021-01-11,1.037497148939004,9,11.87142857142857,0.0,7,2,13.37142857142857,0.0,12.307142857142857,0.0,0.03681122510834188,-0.043199557685883946,0.18839285714285658,1.2526785714285715,0.6796875,0.0,0.0,0.0
장수군,2021-01-18,0.9883229693327167,11,11.771428571428572,0.0,7,3,11.821428571428571,0.0,12.475000000000001,0.0,-0.011745742614667716,-0.08487081602580326,-0.46875,-0.14017857142856904,0.6017857142857164,0.0,0.0,0.0
장수군,2021-01-25,1.0152578322334371,11,11.871428571428572,0.0,7,4,11.821428571428573,0.0,12.596428571428572,0.0,0.015142602140513474,-0.0773877785490468,0.4920634920634921,0.06071428571428861,0.7220238095238098,0.0,0.0,0.0
장수군,2021-02-01,1.0276682137363482,11,11.814285714285715,0.0,7,5,11.842857142857143,0.0,11.832142857142857,0.0,0.02729236565450599,-0.06048658108073607,0.283333333333335,0.38769841269841443,0.18511904761904852,0.0,0.0,0.0
장수군,2021-02-08,1.1017547069392795,11,15.657142857142857,0.0,7,6,13.735714285714286,0.0,12.778571428571428,0.0,0.09690409696979813,0.028844951380632103,2.9531746031746025,1.6182539682539687,0.8394841269841287,0.0,0.0,0.0
장수군,2021-02-15,1.072541114791479,9,11.171428571428569,0.0,7,7,13.414285714285713,0.0,12.628571428571426,0.0,0.07003070655516008,-0.013822410558754453,-1.3404761904761937,0.806349206349207,0.5970238095238081,0.0,0.0,0.0
장수군,2021-02-22,1.1247477154091554,7,12.299999999999999,0.0,7,8,11.735714285714284,0.0,12.735714285714286,0.0,0.11755875753828682,0.05586626318486923,-0.2682539682539691,-0.8043650793650787,0.406944444444445,0.0,0.0,0.0
장수군,2021-03-01,1.004128789098382,9,11.6,0.0,7,9,11.95,0.0,12.682142857142857,0.0,0.004120289037280081,-0.022349997840818866,-2.161904761904763,-1.2150793650793634,-0.20436507936507908,0.0,0.0,0.0
장수군,2021-03-08,1.0253153817420935,10,13.842857142857142,0.0,7,10,12.721428571428572,0.0,12.228571428571428,0.0,0.025000254768145054,-0.023434892705144234,0.37857142857142634,-0.8916666666666639,-0.8480158730158749,0.0,0.0,0.0
장수군,2021-03-15,1.0562037680332812,10,13.785714285714286,0.0,7,11,13.814285714285713,0.0,12.882142857142858,0.0,0.05468112882199654,-0.0009498679200262983,-0.1198412698412703,0.1293650793650798,-0.5428571428571427,0.0,0.0,0.0
장수군,2021-03-22,1.1794759069681222,7,15.514285714285714,0.0,7,12,14.65,0.0,13.685714285714285,0.0,0.16507019317805638,0.07278415345093577,1.1976190476190478,0.5388888888888914,-0.17638888888888893,0.0,0.0,0.0
장수군,2021-03-29,1.190616005705943,6,13.1,0.0,7,13,14.307142857142857,0.0,14.060714285714285,0.0,0.17447082504167005,0.12032200881285873,-2.6642857142857146,-0.7333333333333325,-0.30198412698412724,0.0,0.0,0.0
장수군,2021-04-05,1.0573317176361663,11,16.742857142857144,0.0,7,14,14.92142857142857,0.0,14.785714285714286,0.0,0.055748487016470255,0.020004418577295312,1.523809523809522,-0.5702380952380945,-0.015674603174602453,0.0,0.0,0.0
장수군,2021-04-12,1.1345100839762041,11,12.414285714285715,0.0,7,15,14.57857142857143,0.0,14.442857142857143,0.0,0.12620091367441763,0.04849172742248735,-2.169841269841271,-0.323015873015871,-0.5281746031746017,0.0,0.0,0.0
장수군,2021-04-19,1.0799956614378303,8,17.514285714285712,0.0,7,16,14.964285714285715,0.0,14.942857142857143,0.0,0.07695702394086526,0.002308392531158651,2.3103174603174583,0.0702380952380981,-0.25,0.0,0.0,0.0
장수군,2021-04-26,1.111018701047257,11,9.885714285714286,0.0,7,17,13.700000000000001,0.0,14.139285714285712,0.0,0.10527734314161974,0.042936819308431656,-3.1730158730158724,-0.43134920634920526,-0.3771825396825417,0.0,0.0,0.0
장수군,2021-05-03,1.0972775824131753,9,16.52857142857143,0.0,7,18,13.207142857142859,0.0,14.085714285714285,0.0,0.09283218703574016,0.02660552285831591,2.462698412698412,-0.3551587301587258,-0.14246031746031562,0.0,0.0,0.0
장수군,2021-05-10,1.1320676583043283,11,10.914285714285715,0.0,7,19,13.721428571428573,0.0,13.710714285714285,0.0,0.12404574681498445,0.04445975607368083,-3.007936507936508,-0.27261904761904354,-0.35198412698412795,0.0,0.0,0.0
장수군,2021-05-17,1.2160637083675272,12,10.028571428571427,0.0,7,20,10.471428571428572,0.0,11.839285714285714,0.0,0.19561917392118666,0.10662535447789373,-3.5984126984127,-3.303174603174602,-1.8291666666666675,0.0,0.0,0.0
장수군,2021-05-24,1.3251957065194808,14,13.37142857142857,0.0,7,21,11.7,0.0,12.710714285714285,0.0,0.2815601515647369,0.161492549027133,-0.5269841269841287,-2.0626984126984116,-1.1676587301587311,0.0,0.0,0.0
장수군,2021-05-31,1.2804210262635152,14,11.971428571428573,0.0,7,22,12.671428571428574,0.0,11.571428571428571,0.0,0.24718895061534712,0.17281834721013709,-1.4650793650793634,-0.9960317460317416,-2.1496031746031754,0.0,0.0,0.0
장수군,2021-06-07,1.0585384601607208,13,12.671428571428569,0.0,7,23,12.321428571428573,0.0,12.010714285714284,0.0,0.05688914552005793,0.0006933333693159294,-0.003968253968254842,-0.7345238095238056,-1.3986111111111121,0.0,0.0,0.0
장수군,2021-06-14,1.1095918508792035,17,8.314285714285715,0.0,7,24,10.492857142857144,0.0,11.582142857142856,0.0,0.10399224579469153,0.0338388545037355,-3.4420634920634914,-1.7230158730158696,-1.359523809523811,0.0,0.0,0.0
장수군,2021-06-21,1.1956748454148831,13,10.457142857142857,0.0,7,25,9.385714285714288,0.0,10.85357142857143,0.0,0.1787107501833271,0.10830192665890227,-0.4055555555555568,-1.9238095238095205,-1.3291666666666657,0.0,0.0,0.0
장수군,2021-06-28,1.1401336717777253,17,8.628571428571428,0.0,7,26,9.542857142857144,0.0,10.017857142857142,0.0,0.13114551147783612,0.05221720599891533,-0.3888888888888893,-0.3972222222222186,-1.0601190476190467,0.0,0.0,0.0
장수군,2021-07-05,1.0717070323070257,14,6.357142857142857,0.0,7,27,7.492857142857144,0.0,8.439285714285713,0.0,0.06925273453951415,0.024592645642471975,-2.230158730158732,-1.3095238095238066,-1.616666666666669,0.0,0.0,0.0
장수군,2021-07-12,1.1361976827938747,12,10.971428571428572,0.0,7,28,8.664285714285715,0.0,9.103571428571428,0.0,0.12768732170374086,0.08914683241283025,2.2626984126984127,0.016269841269842544,-0.19047619047619158,0.0,0.0,0.0
장수군,2021-07-19,1.0296071799029032,17,11.1,0.0,7,29,11.035714285714286,0.0,9.264285714285714,0.0,0.029177350763133405,-0.0009511005191006963,2.697619047619048,2.480158730158733,0.5853174603174605,0.0,0.0,0.0
장수군,2021-07-26,1.1413579764293313,16,11.714285714285714,0.0,7,30,11.407142857142858,0.0,10.035714285714285,0.0,0.13221876087595474,0.10220112588339261,2.5634920634920615,2.630555555555558,1.3234126984126977,0.0,0.0,0.0
장수군,2021-08-02,1.079235122873479,17,10.114285714285714,0.0,7,31,10.914285714285715,0.0,10.975000000000001,0.0,0.07625257066858966,0.02643232685440859,-0.10079365079365132,1.2313492063492077,1.8557539682539694,-0.1111111111111111,-0.1111111111111111,-0.1111111111111111
장수군,2021-08-09,1.069306273282219,17,9.685714285714287,0.0,7,32,9.900000000000002,0.0,10.653571428571428,0.0,0.06701009548188341,0.04606972242691215,0.7650793650793677,0.33214285714286085,1.481349206349206,-0.3333333333333333,-0.4444444444444444,-0.4444444444444444
장수군,2021-08-16,1.0606058831677043,14,8.714285714285714,0.0,7,33,9.200000000000001,0.0,10.057142857142857,0.0,0.05884033272389781,0.02421369400496009,-0.9348214285714285,0.09375000000000355,0.7194196428571438,0.0,-0.25,-0.375
장수군,2021-08-23,1.0807128065725733,14,7.300000000000002,0.0,7,34,8.007142857142858,0.0,8.95357142857143,0.0,0.07762082951361499,0.040403655491435785,-2.411607142857142,-1.6732142857142822,-0.540401785714284,0.0,0.0,-0.375
장수군,2021-08-30,1.1348596800366275,11,7.7,0.0,7,35,7.500000000000002,0.0,8.350000000000001,0.0,0.12650901336688086,0.07337363869540645,-0.583035714285713,-1.497321428571425,-0.7017857142857125,0.0,0.0,-0.25
장수군,2021-09-06,1.133641842001272,11,9.528571428571427,0.0,7,36,8.614285714285714,0.0,8.310714285714285,0.0,0.1254353194411593,0.07196863130060963,-0.22857142857142954,-0.4058035714285708,-1.0395089285714292,0.0,0.0,0.0
장수군,2021-09-13,1.0400415979310087,12,9.957142857142857,0.0,7,37,9.742857142857144,0.0,8.62142857142857,0.0,0.039260710363967485,0.04426403978936634,1.029464285714285,0.4004464285714313,-0.5484375000000021,0.0,0.0,0.0
장수군,2021-09-20,1.0464947763239607,10,10.914285714285715,0.0,7,38,10.435714285714287,0.0,9.524999999999999,0.0,0.04544627132333782,0.026576251795387744,0.4848214285714292,0.7571428571428598,0.17566964285714093,0.0,0.0,0.0
장수군,2021-09-27,1.0820848248947255,14,12.100000000000003,0.0,7,39,11.50714285714286,0.0,10.625,0.0,0.07888957374214231,0.05124087714579094,0.05892857142857366,0.271875000000005,0.3361607142857146,0.0,0.0,0.0
장수군,2021-10-04,1.0426826282411779,11,12.271428571428572,0.0,7,40,12.185714285714289,0.0,11.310714285714287,0.0,0.041796842313234266,0.02379694740385925,1.4517857142857142,0.7553571428571466,0.7562500000000014,0.0,0.0,0.0
장수군,2021-10-11,0.9727733712015205,15,9.12857142857143,0.0,7,41,10.700000000000003,0.0,11.103571428571431,0.0,-0.027604141498591698,-0.0628912012291766,-3.546428571428571,-1.0473214285714256,-0.3877232142857121,0.0,0.0,0.0
장수군,2021-10-18,1.056838105668843,14,16.342857142857145,0.0,7,42,12.735714285714288,0.0,12.460714285714287,0.0,0.055281531173234415,0.025048500499764127,2.9714285714285733,-0.2874999999999961,0.2339285714285726,0.0,0.0,0.0
장수군,2021-10-25,1.1162039861992683,12,16.87142857142857,0.0,7,43,16.607142857142858,0.0,13.653571428571428,0.0,0.10993363058895884,0.03920236099943471,2.7276785714285694,2.8495535714285722,0.9011160714285715,0.0,0.0,0.0
장수군,2021-11-01,1.0882426094315032,13,15.828571428571427,0.0,7,44,16.349999999999998,0.0,14.542857142857143,0.0,0.08456411018576954,0.05621686768129439,0.5535714285714288,1.640625,0.6765625000000011,0.0,0.0,0.0
장수군,2021-11-08,1.13207144834467,13,8.157142857142857,0.0,7,45,11.992857142857142,0.0,14.299999999999999,0.0,0.12404909470145543,0.054958967463368716,-6.080357142857144,-2.763392857142856,0.043080357142857295,0.0,0.0,0.0
장수군,2021-11-15,1.051721350672789,15,15.214285714285714,0.0,7,46,11.685714285714285,0.0,14.017857142857142,0.0,0.050428203443409,-0.01873784264214077,0.625,-2.727678571428571,-0.5435267857142865,0.0,0.0,0.0
장수군,2021-11-22,1.1442601957737444,13,11.62142857142857,0.0,7,47,13.417857142857141,0.0,12.705357142857142,0.0,0.1347583109543413,0.07926180845965242,-2.139285714285716,-0.7571428571428562,-1.760267857142857,0.0,0.0,0.0
장수군,2021-11-29,1.0495192723575735,13,11.47857142857143,0.0,7,48,11.55,0.0,11.617857142857144,0.0,0.0483322234806687,-0.01121991787283752,0.28303571428571495,-0.9281249999999979,-1.8279017857142854,0.0,0.0,0.0
장수군,2021-12-06,1.1717910248911065,12,13.549999999999999,0.0,7,49,12.514285714285714,0.0,12.966071428571428,0.0,0.15853336884943792,0.08285963350137723,1.7303571428571427,1.0066964285714306,0.12477678571428541,0.0,0.0,0.0
장수군,2021-12-13,1.123067455450502,10,12.035714285714286,0.0,7,50,12.792857142857143,0.0,12.17142857142857,0.0,0.11606374113890058,0.033334028090495085,0.5437500000000011,1.1370535714285737,0.10446428571428612,0.0,0.0,0.0
장수군,2021-12-20,1.1400065460074549,9,12.885714285714286,0.0,7,51,12.460714285714285,0.0,12.4875,0.0,0.13103400450172076,0.0649466286301998,1.8089285714285719,1.1763392857142883,1.0915178571428577,0.0,0.0,0.0
장수군,2021-12-27,0.945825802172568,10,10.37142857142857,0.0,7,52,11.628571428571428,0.0,12.210714285714285,0.0,-0.05569686835301029,-0.12557241394659133,-0.608035714285716,0.6004464285714306,0.8687500000000004,0.0,0.0,0.0
장수군,2022-01-03,1.0116861928404355,7,14.5,0.0,7,1,12.435714285714285,0.0,12.448214285714286,0.0,0.011618436652578197,-0.04947814809029381,1.9455357142857146,0.6508928571428587,0.9426339285714285,0.0,0.0,0.0
장수군,2022-01-10,1.1611205384814653,6,12.471428571428572,0.0,7,2,13.485714285714286,0.0,12.557142857142857,0.0,0.14938552030797336,0.06937473751374754,0.788392857142858,1.3669642857142872,0.9296875,0.0,0.0,0.0
장수군,2022-01-17,1.1608520921655383,6,14.535714285714286,0.0,7,3,13.50357142857143,0.0,12.969642857142857,0.0,0.14915429767116883,0.07602922426003328,2.2955357142857142,1.5419642857142897,1.0964285714285715,0.0,0.0,0.0
장수군,2022-01-24,1.1547114370435967,7,10.4,0.0,7,4,12.467857142857143,0.0,12.976785714285715,0.0,0.14385047470153814,0.05132009401197786,-0.9793650793650794,0.7071428571428591,1.102380952380953,0.0,0.0,0.0
장수군,2022-01-31,1.1858203308428734,3,10.057142857142859,0.0,7,5,10.22857142857143,0.0,11.866071428571429,0.0,0.17043479739872572,0.08265585066348366,-1.4738095238095212,-1.2265873015872995,0.21904761904762005,0.0,0.0,0.0
장수군,2022-02-07,1.1137631184345107,7,15.121428571428572,0.0,7,6,12.589285714285715,0.0,12.528571428571428,0.0,0.10774447835035927,0.03968533276119325,2.4174603174603178,0.47182539682539826,0.5894841269841287,0.0,0.0,0.0
장수군,2022-02-14,1.1194118950797578,5,10.542857142857143,0.0,7,7,12.832142857142857,0.0,11.530357142857143,0.0,0.11280345371825053,0.02895033660433599,-1.96904761904762,0.22420634920635152,-0.5011904761904749,0.0,0.0,0.0
장수군,2022-02-21,1.2388703341909966,5,14.442857142857141,0.0,7,8,12.492857142857142,0.0,12.54107142857143,0.0,0.21419994357156258,0.152507449218145,1.8746031746031733,-0.04722222222222072,0.21230158730158877,0.0,0.0,0.0
장수군,2022-02-28,1.1729260152265852,5,14.814285714285715,0.0,7,9,14.628571428571428,0.0,13.730357142857143,0.0,0.1595014945590296,0.13303120768093066,1.0523809523809522,1.4634920634920654,0.8438492063492067,0.0,0.0,0.0
장수군,2022-03-07,1.1004623382094803,6,16.557142857142857,0.0,7,10,15.685714285714287,0.0,14.089285714285714,0.0,0.09573039896304941,0.047295251489760125,3.0928571428571416,2.0726190476190514,1.0126984126984109,0.0,0.0,0.0
장수군,2022-03-14,1.1933280723490336,10,10.957142857142857,0.0,7,11,13.757142857142856,0.0,14.192857142857143,0.0,0.1767461030887199,0.12111510634669706,-2.9484126984126995,0.07222222222222285,0.7678571428571423,0.0,0.0,0.0
장수군,2022-03-21,1.1770027064391346,6,14.107142857142858,0.0,7,12,12.532142857142858,0.0,14.108928571428573,0.0,0.16297112771401306,0.07068508798689245,-0.20952380952380878,-1.5789682539682506,0.2468253968253986,0.0,0.0,0.0
장수군,2022-03-28,1.0699165883398323,6,15.542857142857143,0.0,7,13,14.825,0.0,14.291071428571428,0.0,0.06758069061259304,0.013431874383781725,-0.22142857142857153,-0.21547619047619015,-0.07162698412698454,0.0,0.0,0.0
장수군,2022-04-04,0.9834927877259962,9,19.5,0.0,7,14,17.521428571428572,0.0,15.026785714285715,0.0,-0.016644974452920264,-0.05238904289209521,4.280952380952378,2.029761904761907,0.22539682539682637,0.0,0.0,0.0
장수군,2022-04-11,1.0389102015559892,9,15.135714285714286,0.0,7,15,17.317857142857143,0.0,16.071428571428573,0.0,0.03817228062067685,-0.03953690563125343,0.5515873015873005,2.416269841269843,1.1003968253968281,0.0,0.0,0.0
장수군,2022-04-18,1.1926030722202245,11,16.492857142857144,0.0,7,16,15.814285714285713,0.0,16.667857142857144,0.0,0.17613837377283142,0.10148974236312482,1.2888888888888896,0.920238095238096,1.4750000000000014,0.0,0.0,0.0
장수군,2022-04-25,1.110597914757232,10,11.928571428571429,0.0,7,17,14.210714285714285,0.0,15.764285714285714,0.0,0.10489853224142813,0.04255800840824005,-1.1301587301587297,0.07936507936507908,1.24781746031746,0.0,0.0,0.0
장수군,2022-05-02,1.117858409015899,11,17.664285714285715,0.0,7,18,14.796428571428569,0.0,15.305357142857144,0.0,0.11141472003624203,0.045188055858817786,3.598412698412698,1.2341269841269842,1.0771825396825427,0.0,0.0,0.0
장수군,2022-05-09,1.0585916420398562,11,12.85,0.0,7,19,15.257142857142856,0.0,14.733928571428573,0.0,0.05693938511477277,-0.022646605626530855,-1.0722222222222229,1.2630952380952394,0.6712301587301592,0.0,0.0,0.0
장수군,2022-05-16,1.148674721894999,13,17.32857142857143,0.0,7,20,15.089285714285712,0.0,14.942857142857143,0.0,0.13860886209005552,0.049615042646762586,3.7015873015873026,1.3146825396825381,1.274404761904762,0.0,0.0,0.0
장수군,2022-05-23,1.2098069703315177,10,18.099999999999998,0.0,7,21,17.714285714285708,0.0,16.485714285714284,0.0,0.19046081823096267,0.07039321569335878,4.201587301587299,3.9515873015872973,2.6073412698412675,0.0,0.0,0.0
장수군,2022-05-30,1.0716902149731407,9,14.242857142857144,0.0,7,22,16.171428571428567,0.0,15.630357142857143,0.0,0.06923704231642605,-0.005133561088783989,0.806349206349207,2.5039682539682513,1.9093253968253965,0.0,0.0,0.0
장수군,2022-06-06,1.0661045289557263,15,9.828571428571427,0.0,7,23,12.035714285714281,0.0,14.875,0.0,0.06401137811809357,0.00781556596735157,-2.8468253968253965,-1.0202380952380974,1.4656746031746035,0.0,0.0,0.0
장수군,2022-06-13,1.1114429049166195,14,10.014285714285714,0.0,7,24,9.921428571428567,0.0,13.04642857142857,0.0,0.1056590855063703,0.035505694215414274,-1.742063492063492,-2.294444444444446,0.10476190476190439,0.0,0.0,0.0
장수군,2022-06-20,1.045382223366518,17,9.671428571428569,0.0,7,25,9.842857142857138,0.0,10.939285714285715,0.0,0.04438258252853231,-0.02602624099589252,-1.191269841269845,-1.4666666666666703,-1.2434523809523803,0.0,0.0,0.0
장수군,2022-06-27,1.0261605528506035,15,8.485714285714286,0.0,7,26,9.078571428571424,0.0,9.5,0.0,0.02582421876604059,-0.05310408671288021,-0.5317460317460316,-0.8615079365079392,-1.577976190476189,0.0,0.0,0.0
장수군,2022-07-04,1.0754791500863004,19,9.6,0.0,7,27,9.04285714285714,0.0,9.442857142857141,0.0,0.07276628328603532,0.028106194388993144,1.0126984126984109,0.24047619047618873,-0.6130952380952408,0.0,0.0,0.0
장수군,2022-07-11,1.0781911552113104,17,8.221428571428572,0.0,7,28,8.910714285714281,0.0,8.994642857142857,0.0,0.07528478071047488,0.03674429141956428,-0.48730158730158735,0.2626984126984091,-0.2994047619047624,0.0,0.0,0.0
장수군,2022-07-18,0.9710725806716849,18,7.114285714285714,0.0,7,29,7.667857142857139,0.0,8.355357142857143,0.0,-0.029354065109785936,-0.05948251639202004,-1.288095238095238,-0.8876984126984144,-0.32361111111111107,0.0,0.0,0.0
장수군,2022-07-25,1.0588376614840085,17,9.071428571428571,0.0,7,30,8.092857142857138,0.0,8.501785714285713,0.0,0.0571717607079979,0.027154125715435764,-0.07936507936508086,-0.6837301587301621,-0.21051587301587382,0.0,0.0,0.0
장수군,2022-08-01,1.0081257213712276,20,7.464285714285714,0.0,7,31,8.267857142857139,0.0,7.9678571428571425,0.0,0.008092885454404564,-0.041727358359776506,-2.750793650793651,-1.415079365079368,-1.1513888888888895,-0.1111111111111111,-0.1111111111111111,-0.1111111111111111
장수군,2022-08-08,0.9922208584189128,22,5.8500000000000005,2.0,7,32,6.657142857142854,2.0,7.375,2.0,-0.007809556942573176,-0.028749929997544436,-3.0706349206349186,-2.9107142857142874,-1.7972222222222225,1.6666666666666667,1.5555555555555556,1.5555555555555556
장수군,2022-08-15,1.039892786959392,19,8.007142857142856,0.0,7,33,6.928571428571425,2.0,7.598214285714285,2.0,0.039117618377074316,0.004490979658136593,-1.6419642857142858,-2.1776785714285722,-1.7395089285714285,0.0,1.75,1.625
장수군,2022-08-22,0.973890121374228,23,9.842857142857142,0.0,7,34,8.924999999999995,0.0,7.791071428571428,2.0,-0.026456793434095897,-0.0636739674562751,0.13124999999999787,-0.7553571428571448,-1.7029017857142854,0.0,0.0,1.625
장수군,2022-08-29,1.027858479266454,23,7.114285714285714,0.0,7,35,8.478571428571424,0.0,7.703571428571427,2.0,0.027477491472912424,-0.025657883198562,-1.1687499999999993,-0.5187500000000025,-1.3482142857142865,0.0,0.0,1.75
장수군,2022-09-05,1.0813017591063379,19,11.928571428571429,0.0,7,36,9.521428571428569,0.0,9.223214285714285,0.0,0.07816564781195767,0.024698959671408012,2.1714285714285726,0.501339285714284,-0.12700892857142954,0.0,0.0,0.0
장수군,2022-09-12,1.0012221335739229,18,8.778571428571428,0.0,7,37,10.353571428571424,0.0,9.416071428571428,0.0,0.0012213873765932746,0.006224716801992127,-0.14910714285714377,1.0111607142857117,0.24620535714285552,0.0,0.0,0.0
장수군,2022-09-19,1.007032411355624,18,14.442857142857141,0.0,7,38,11.61071428571428,0.0,10.566071428571428,0.0,0.007007799271716521,-0.011862220256233553,4.013392857142856,1.9321428571428534,1.2167410714285705,0.0,0.0,0.0
장수군,2022-09-26,1.0620477407842486,17,15.200000000000001,0.0,7,39,14.821428571428568,0.0,12.5875,0.0,0.06019887546684624,0.03255017887049487,3.1589285714285715,3.586160714285713,2.298660714285715,0.0,0.0,0.0
장수군,2022-10-03,0.9953178895769328,18,9.278571428571428,0.0,7,40,12.23928571428571,0.0,11.925,0.0,-0.004693105836659327,-0.022693000746034343,-1.5410714285714295,0.8089285714285683,1.3705357142857153,0.0,0.0,0.0
장수군,2022-10-10,0.9727705052724435,20,14.599999999999998,0.0,7,41,11.93928571428571,0.0,13.380357142857143,0.0,-0.027607087645539822,-0.06289414737612473,1.9249999999999972,0.19196428571428115,1.8890624999999996,0.0,0.0,0.0
장수군,2022-10-17,1.002984581674204,15,16.107142857142858,0.0,7,42,15.353571428571424,0.0,13.79642857142857,0.0,0.002980136652476378,-0.027252894020993908,2.7357142857142858,2.3303571428571406,1.5696428571428562,0.0,0.0,0.0
장수군,2022-10-24,1.1276290032263945,15,16.8,0.0,7,43,16.453571428571426,0.0,14.196428571428571,0.0,0.12011720112816626,0.049385931538642125,2.65625,2.69598214285714,1.4439732142857142,0.0,0.0,0.0
장수군,2022-10-31,1.0454676831841543,19,17.107142857142858,0.0,7,44,16.953571428571426,0.0,16.15357142857143,0.0,0.0444643290158494,0.016117086511374258,1.832142857142859,2.2441964285714278,2.287276785714287,0.0,0.0,0.0
장수군,2022-11-07,1.1083385883507557,15,18.192857142857143,0.0,7,45,17.65,0.0,17.051785714285714,0.0,0.10286212679757041,0.03377199955948369,3.9553571428571423,2.8937500000000007,2.7948660714285722,0.0,0.0,0.0
장수군,2022-11-14,1.2152017112439377,13,14.692857142857141,0.0,7,46,16.44285714285714,0.0,16.698214285714286,0.0,0.19491008049785663,0.12574403441230686,0.10357142857142776,2.0294642857142833,2.1368303571428573,0.0,0.0,0.0
장수군,2022-11-21,1.0254018822977982,11,15.064285714285715,0.0,7,47,14.878571428571425,0.0,16.264285714285712,0.0,0.025084616037514378,-0.030411886457174492,1.3035714285714288,0.7035714285714274,1.7986607142857132,0.0,0.0,0.0
장수군,2022-11-28,1.1163604733773425,10,11.714285714285714,0.0,7,48,13.38928571428571,0.0,14.916071428571428,0.0,0.11007381662270059,0.05052167526919437,0.5187499999999989,0.9111607142857121,1.4703124999999986,0.0,0.0,0.0
장수군,2022-12-05,1.0940476838062005,11,12.842857142857143,0.0,7,49,12.278571428571425,0.0,13.57857142857143,0.0,0.08988428971006535,0.014210554362004663,1.0232142857142872,0.7709821428571413,0.7372767857142861,0.0,0.0,0.0
장수군,2022-12-12,1.0672532706378441,12,10.692857142857141,0.0,7,50,11.767857142857139,0.0,12.57857142857143,0.0,0.06508831119829339,-0.017641401850112107,-0.7991071428571441,0.11205357142856975,0.5116071428571445,0.0,0.0,0.0
장수군,2022-12-19,1.029678669136026,10,11.12857142857143,0.0,7,51,10.910714285714281,0.0,11.594642857142857,0.0,0.02924678185565018,-0.03684059401587078,0.051785714285715656,-0.373660714285716,0.19866071428571352,0.0,0.0,0.0
장수군,2022-12-26,1.0966108775248098,9,12.707142857142857,0.0,7,52,11.917857142857141,0.0,11.842857142857142,0.0,0.09222440325724504,0.022348857663664,1.7276785714285712,0.8897321428571434,0.5008928571428566,0.0,0.0,0.0
장수군,2023-01-02,0.9515795340328559,9,14.435714285714285,0.0,7,1,13.571428571428568,0.0,12.241071428571429,0.0,-0.049632007685771425,-0.11072859242864343,1.8812499999999996,1.7866071428571413,0.7354910714285712,0.0,0.0,0.0
장수군,2023-01-09,1.1063165369291952,6,13.235714285714286,0.0,7,2,13.835714285714282,0.0,12.876785714285713,0.0,0.10103606190795504,0.021025279113729214,1.5526785714285722,1.7169642857142833,1.2493303571428562,0.0,0.0,0.0
장수군,2023-01-16,1.069789799954521,8,11.507142857142856,0.0,7,3,12.371428571428567,0.0,12.971428571428572,0.0,0.06746218053461848,-0.00566289287651707,-0.733035714285716,0.40982142857142634,1.0982142857142865,0.0,0.0,0.0
장수군,2023-01-23,1.261333485104145,4,12.328571428571427,0.0,7,4,11.917857142857137,0.0,12.876785714285715,0.0,0.23216948284721117,0.1396391021576509,0.9492063492063476,0.15714285714285303,1.0023809523809533,0.0,0.0,0.0
장수군,2023-01-30,1.0030733451437155,10,14.692857142857141,0.0,7,5,13.51071428571428,0.0,12.941071428571426,0.0,0.0030686320726561987,-0.08471031466258586,3.1619047619047613,2.055555555555552,1.2940476190476176,0.0,0.0,0.0
장수군,2023-02-06,0.9184177760708345,9,16.214285714285715,0.0,7,6,15.453571428571426,0.0,13.685714285714287,0.0,-0.08510289812632488,-0.15316204371549091,3.510317460317461,3.3361111111111086,1.746626984126987,0.0,0.0,0.0
장수군,2023-02-13,1.0273503718470545,10,10.15,0.0,7,7,13.182142857142853,0.0,13.346428571428572,0.0,0.026983033277603975,-0.056870083836310564,-2.3619047619047624,0.5742063492063476,1.3148809523809533,0.0,0.0,0.0
장수군,2023-02-20,1.073867777159197,10,14.835714285714285,0.0,7,8,12.49285714285714,0.0,13.973214285714285,0.0,0.07126687599299102,0.009574381639573429,2.2674603174603174,-0.0472222222222225,1.644444444444444,0.0,0.0,0.0
장수군,2023-02-27,1.0301674118046837,8,17.65,0.0,7,9,16.24285714285714,0.0,14.7125,0.0,0.02972132476674597,0.0032510378886470223,3.888095238095236,3.0777777777777775,1.8259920634920643,0.0,0.0,0.0
장수군,2023-03-06,1.0387691832266357,8,19.585714285714285,0.0,7,10,18.61785714285714,0.0,15.555357142857144,0.0,0.03803653462386625,-0.01039861284942304,6.12142857142857,5.004761904761905,2.478769841269841,0.0,0.0,0.0
장수군,2023-03-13,1.163419965742071,9,15.771428571428572,0.0,7,11,17.678571428571427,0.0,16.960714285714285,0.0,0.1513639138927976,0.09573291715077475,1.8658730158730155,3.9936507936507937,3.5357142857142847,0.0,0.0,0.0
장수군,2023-03-20,1.095034842761864,10,12.014285714285716,0.0,7,12,13.892857142857142,0.0,16.255357142857143,0.0,0.09078618263607102,-0.0014998570910495918,-2.3023809523809504,-0.2182539682539666,2.393253968253969,0.0,0.0,0.0
장수군,2023-03-27,1.0646217457939033,10,20.428571428571427,0.0,7,13,16.221428571428568,0.0,16.95,0.0,0.0626195678055654,0.008470751576754074,4.664285714285713,1.1809523809523785,2.587301587301587,0.0,0.0,0.0
장수군,2023-04-03,1.0280965948133356,8,13.0,0.0,7,14,16.71428571428571,0.0,15.303571428571427,0.0,0.02770912644485151,-0.008034941994323433,-2.219047619047622,1.2226190476190464,0.5021825396825381,0.0,0.0,0.0
장수군,2023-04-10,1.087040862614941,11,16.585714285714285,0.0,7,15,14.792857142857141,0.0,15.507142857142856,0.0,0.0834591995345687,0.005750013282638425,2.0015873015873,-0.10873015873015923,0.5361111111111114,0.0,0.0,0.0
장수군,2023-04-17,1.0237497048589046,10,12.571428571428571,0.0,7,16,14.578571428571426,0.0,15.64642857142857,0.0,0.023472067890990288,-0.05117656351871632,-2.632539682539683,-0.3154761904761916,0.4535714285714274,0.0,0.0,0.0
장수군,2023-04-24,1.0763921898719155,9,13.4,0.0,7,17,12.985714285714284,0.0,13.889285714285716,0.0,0.07361488405825871,0.011274360225070626,0.34126984126984183,-1.1456349206349223,-0.6271825396825381,0.0,0.0,0.0
장수군,2023-05-01,1.026494340509557,10,10.757142857142856,0.0,7,18,12.078571428571426,0.0,13.32857142857143,0.0,0.02614944407593107,-0.04007722010149317,-3.3087301587301603,-1.4837301587301592,-0.8996031746031719,0.0,0.0,0.0
장수군,2023-05-08,1.0924433291509015,10,16.72142857142857,0.0,7,19,13.739285714285714,0.0,13.3625,0.0,0.08841677401142292,0.008830783270119297,2.799206349206349,-0.25476190476190297,-0.7001984126984127,0.0,0.0,0.0
장수군,2023-05-15,1.150547154058543,11,14.15,0.0,7,20,15.435714285714287,0.0,13.757142857142858,0.0,0.14023761536268653,0.0512437959193936,0.5230158730158738,1.6611111111111132,0.08869047619047699,0.0,0.0,0.0
장수군,2023-05-22,1.0835207236843045,14,10.921428571428573,0.0,7,21,12.535714285714286,0.0,13.137500000000001,0.0,0.0802156684235523,-0.03985193411405159,-2.976984126984126,-1.2269841269841244,-0.7408730158730155,0.0,0.0,0.0
장수군,2023-05-29,0.990946930229861,15,10.042857142857143,0.0,7,22,10.482142857142858,0.0,12.958928571428572,0.0,-0.009094297821855283,-0.08346490122706532,-3.393650793650794,-3.1853174603174583,-0.7621031746031743,0.0,0.0,0.0
장수군,2023-06-05,1.0659998776622657,14,13.035714285714286,0.0,7,23,11.539285714285715,0.0,12.0375,0.0,0.06391321098029318,0.007717398829551178,0.3603174603174626,-1.516666666666664,-1.3718253968253968,0.0,0.0,0.0
장수군,2023-06-12,1.0803823150186183,12,13.835714285714287,0.0,7,24,13.435714285714287,0.0,11.958928571428572,0.0,0.07731497388215339,0.007161582591197355,2.079365079365081,1.2198412698412735,-0.9827380952380942,0.0,0.0,0.0
장수군,2023-06-19,1.1081753058684296,13,10.87857142857143,0.0,7,25,12.357142857142858,0.0,11.948214285714286,0.0,0.10271479410270455,0.03230597057827972,0.015873015873015817,1.0476190476190492,-0.23452380952380913,0.0,0.0,0.0
장수군,2023-06-26,1.0914904937811196,14,7.085714285714286,0.0,7,26,8.982142857142858,0.0,11.208928571428572,0.0,0.08754418765350794,0.008615882174587142,-1.931746031746031,-0.9579365079365054,0.13095238095238315,0.0,0.0,0.0
장수군,2023-07-03,1.0518715913740373,16,7.6571428571428575,0.0,7,27,7.371428571428572,0.0,9.864285714285716,0.0,0.05057104543389185,0.005910956536849671,-0.9301587301587313,-1.4309523809523785,-0.19166666666666643,0.0,0.0,0.0
장수군,2023-07-10,0.9840848756463539,22,5.221428571428571,0.0,7,28,6.439285714285714,0.0,7.710714285714285,0.0,-0.016043129911531336,-0.05458361920244194,-3.4873015873015882,-2.208730158730158,-1.583333333333334,0.0,0.0,0.0
장수군,2023-07-17,0.9761995738614511,20,8.021428571428572,0.0,7,29,6.621428571428572,0.0,6.996428571428572,0.0,-0.024088232057098487,-0.05421668333933259,-0.3809523809523796,-1.9341269841269817,-1.682539682539682,0.0,0.0,0.0
장수군,2023-07-24,1.0833876363744546,18,9.728571428571428,0.0,7,30,8.875,0.0,7.657142857142857,0.0,0.08009283230138818,0.05007519730882605,0.5777777777777757,0.09841269841269984,-1.0551587301587304,0.0,0.0,0.0
장수군,2023-07-31,1.0820725959312953,20,11.392857142857142,0.0,7,31,10.560714285714285,0.0,8.591071428571428,0.0,0.07887827237994696,0.029058028565765892,1.1777777777777771,0.8777777777777782,-0.5281746031746035,-0.1111111111111111,-0.1111111111111111,-0.1111111111111111
장수군,2023-08-07,1.0603835531629047,20,8.292857142857143,0.0,7,32,9.842857142857142,0.0,9.35892857142857,0.0,0.058630685281241414,0.03769031222627015,-0.6277777777777764,0.27500000000000036,0.18670634920634832,-0.3333333333333333,-0.4444444444444444,-0.4444444444444444
장수군,2023-08-14,1.0709687141681594,20,9.392857142857142,0.0,7,33,8.842857142857142,0.0,9.701785714285714,0.0,0.06856357924450329,0.03393694052556557,-0.25624999999999964,-0.2633928571428559,0.36406250000000107,0.0,-0.25,-0.375
장수군,2023-08-21,1.091192602379258,17,10.014285714285714,0.0,7,34,9.70357142857143,0.0,9.773214285714285,0.0,0.08727122873955909,0.050054054717379885,0.30267857142857046,0.023214285714288962,0.27924107142857224,0.0,0.0,-0.375
장수군,2023-08-28,1.124403529326409,19,7.835714285714286,0.0,7,35,8.925,0.0,8.883928571428571,0.0,0.11725269889839875,0.06411732422692432,-0.44732142857142687,-0.07232142857142598,-0.1678571428571427,0.0,0.0,-0.25
장수군,2023-09-04,1.0421377626594137,16,12.700000000000001,0.0,7,36,10.267857142857142,0.0,9.985714285714286,0.0,0.04127414443811022,-0.01219254370243944,2.942857142857145,1.2477678571428577,0.6354910714285715,0.0,0.0,0.0
장수군,2023-09-11,1.0091216753997208,19,7.792857142857143,0.0,7,37,10.246428571428572,0.0,9.585714285714287,0.0,0.009080324189992085,0.014083653615390938,-1.1348214285714295,0.9040178571428594,0.41584821428571495,0.0,0.0,0.0
장수군,2023-09-18,1.096806133382339,18,9.071428571428571,0.0,7,38,8.432142857142857,0.0,9.350000000000001,0.0,0.09240244132029819,0.07353242179234812,-1.3580357142857142,-1.24642857142857,0.0006696428571437707,0.0,0.0,0.0
장수군,2023-09-25,1.0396019923173254,18,8.907142857142857,0.0,7,39,8.989285714285714,0.0,9.617857142857144,0.0,0.03883794021018502,0.011189243613833645,-3.133928571428573,-2.245982142857141,-0.6709821428571416,0.0,0.0,0.0
장수군,2023-10-02,1.0297217975966741,19,12.200000000000001,0.0,7,40,10.553571428571427,0.0,9.492857142857144,0.0,0.029288666337421578,0.011288771428046563,1.380357142857143,-0.876785714285715,-1.0616071428571416,0.0,0.0,0.0
장수군,2023-10-09,1.0694510176519247,21,13.021428571428572,0.0,7,41,12.610714285714286,0.0,10.8,0.0,0.06714544919456537,0.031858389463980466,0.34642857142857153,0.8633928571428573,-0.6912946428571427,0.0,0.0,0.0
장수군,2023-10-16,1.0337338205807145,20,14.778571428571428,0.0,7,42,13.899999999999999,0.0,12.226785714285715,0.0,0.03317731604171283,0.0029442853682425454,1.4071428571428566,0.876785714285715,0.0,0.0,0.0,0.0
장수군,2023-10-23,0.9788438766951518,20,15.014285714285716,0.0,7,43,14.896428571428572,0.0,13.75357142857143,0.0,-0.02138312139017308,-0.09211439097969722,0.8705357142857153,1.1388392857142868,1.001116071428573,0.0,0.0,0.0
장수군,2023-10-30,1.0030126515294322,22,15.12142857142857,0.0,7,44,15.067857142857143,0.0,14.48392857142857,0.0,0.003008122588613677,-0.025339119915861467,-0.15357142857142847,0.3584821428571452,0.6176339285714292,0.0,0.0,0.0
장수군,2023-11-06,1.055928320869832,19,13.692857142857141,0.0,7,45,14.407142857142855,0.0,14.651785714285714,0.0,0.05442030501608224,-0.014669822222004476,-0.5446428571428594,-0.34910714285714306,0.3948660714285719,0.0,0.0,0.0
장수군,2023-11-13,1.0248103926309282,17,10.978571428571428,0.0,7,46,12.335714285714284,0.0,13.701785714285714,0.0,0.02450761267984885,-0.04465843340570092,-3.6107142857142858,-2.0776785714285726,-0.8595982142857146,0.0,0.0,0.0
장수군,2023-11-20,1.0581157642362626,16,14.764285714285716,0.0,7,47,12.87142857142857,0.0,13.639285714285714,0.0,0.0564897454430825,0.0009932429483936328,1.00357142857143,-1.303571428571427,-0.826339285714285,0.0,0.0,0.0
장수군,2023-11-27,1.0772633005346202,13,8.671428571428573,0.0,7,48,11.717857142857143,0.0,12.026785714285715,0.0,0.07442384418590285,0.014871702832396631,-2.524107142857142,-0.7602678571428552,-1.4189732142857139,0.0,0.0,0.0
장수군,2023-12-04,1.0048615853177114,12,15.114285714285714,0.0,7,49,11.892857142857142,0.0,12.382142857142856,0.0,0.004849805973907019,-0.07082392937415366,3.2946428571428577,0.3852678571428587,-0.45915178571428683,0.0,0.0,0.0
장수군,2023-12-11,1.1480404718615282,12,7.378571428571428,0.0,7,50,11.24642857142857,0.0,11.482142857142858,0.0,0.13805655151073945,0.05532683846233395,-4.113392857142857,-0.40937499999999893,-0.584821428571427,0.0,0.0,0.0
장수군,2023-12-18,1.1235732431627012,11,9.37142857142857,0.0,7,51,8.374999999999998,0.0,10.133928571428571,0.0,0.11651400247446396,0.050426626602943,-1.7053571428571441,-2.909374999999999,-1.2620535714285719,0.0,0.0,0.0
장수군,2023-12-25,1.118828286420074,8,10.328571428571427,0.0,7,52,9.849999999999998,0.0,10.548214285714284,0.0,0.11228196484700817,0.04240641925342713,-0.6508928571428587,-1.1781249999999996,-0.7937500000000011,0.0,0.0,0.0
장수군,2024-01-01,1.1308777015323943,8,8.428571428571429,0.0,7,1,9.378571428571426,0.0,8.876785714285713,0.0,0.12299405824774565,0.061897473504873644,-4.125892857142857,-2.40625,-2.6287946428571445,0.0,0.0,0.0
장수군,2024-01-08,1.0202275375637955,10,12.549999999999999,0.0,7,2,10.489285714285714,0.0,10.169642857142858,0.0,0.02002567846135567,-0.05998510433287016,0.8669642857142854,-1.6294642857142847,-1.4578124999999993,0.0,0.0,0.0
장수군,2024-01-15,1.0405248950158061,8,8.864285714285714,0.0,7,3,10.707142857142856,0.0,10.042857142857141,0.0,0.039725292577637274,-0.03339978083349828,-3.3758928571428584,-1.2544642857142847,-1.8303571428571441,0.0,0.0,0.0
장수군,2024-01-22,1.0874300007083897,8,9.492857142857144,0.0,7,4,9.178571428571427,0.0,9.833928571428572,0.0,0.08381711474434812,-0.008713265945212156,-1.886507936507936,-2.5821428571428573,-2.0404761904761894,0.0,0.0,0.0
장수군,2024-01-29,1.0829052049759438,8,11.657142857142857,0.0,7,5,10.575,0.0,10.641071428571427,0.0,0.07964743415643062,-0.008131512578811437,0.12619047619047663,-0.8801587301587297,-1.0059523809523814,0.0,0.0,0.0
장수군,2024-02-05,1.148605955614906,7,9.128571428571428,0.0,7,6,10.392857142857142,0.0,9.785714285714285,0.0,0.13854899454249212,0.07048984895332609,-3.575396825396826,-1.7246031746031747,-2.153373015873015,0.0,0.0,0.0
장수군,2024-02-12,1.1326415030236663,7,16.064285714285713,0.0,7,7,12.596428571428568,0.0,11.585714285714285,0.0,0.12455251805203156,0.040699400938117025,3.5523809523809504,-0.0115079365079378,-0.44583333333333286,0.0,0.0,0.0
장수군,2024-02-19,0.9516539113479984,8,4.735714285714287,0.0,7,8,10.399999999999999,0.0,10.39642857142857,0.0,-0.04955384878691342,-0.11124634314033101,-7.832539682539681,-2.140079365079364,-1.9323412698412703,0.0,0.0,0.0
장수군,2024-02-26,0.9221188649210945,13,10.557142857142859,0.0,7,9,7.646428571428569,0.0,10.121428571428572,0.0,-0.08108114299639325,-0.1075514298744922,-3.204761904761904,-5.518650793650794,-2.765079365079364,0.0,0.0,0.0
장수군,2024-03-04,0.9885918860261732,11,10.9,0.0,7,10,10.728571428571424,0.0,10.564285714285715,0.0,-0.01147368568274046,-0.059908833156029746,-2.564285714285715,-2.8845238095238113,-2.5123015873015877,0.0,0.0,0.0
장수군,2024-03-11,1.0299323900537771,9,16.357142857142858,0.0,7,11,13.628571428571426,0.0,10.6375,0.0,0.029493159362609538,-0.026137837379413303,2.451587301587301,-0.05634920634920704,-2.7875000000000014,0.0,0.0,0.0
장수군,2024-03-18,1.0085814878867512,8,12.957142857142857,0.0,7,12,14.657142857142855,0.0,12.692857142857143,0.0,0.008544876225489818,-0.0837411635016308,-1.3595238095238091,0.5460317460317459,-1.169246031746031,0.0,0.0,0.0
장수군,2024-03-25,1.0025629678667278,10,11.942857142857141,0.0,7,13,12.449999999999996,0.0,13.039285714285715,0.0,0.002559689065697764,-0.051589127163113556,-3.821428571428573,-2.5904761904761937,-1.3234126984126977,0.0,0.0,0.0
장수군,2024-04-01,0.9823270185016838,12,13.285714285714286,0.0,7,14,12.61428571428571,0.0,13.635714285714286,0.0,-0.017831013333264697,-0.05357508177243964,-1.9333333333333353,-2.877380952380955,-1.1656746031746028,0.0,0.0,0.0
장수군,2024-04-08,1.020699786136163,12,15.542857142857143,0.0,7,15,14.414285714285711,0.0,13.432142857142857,0.0,0.020488456900658144,-0.057220729351272134,0.9587301587301571,-0.4873015873015891,-1.5388888888888879,0.0,0.0,0.0
장수군,2024-04-15,0.9990063664875959,12,12.485714285714286,0.0,7,16,14.01428571428571,0.0,13.314285714285713,0.0,-0.000994127493433779,-0.07564275890314039,-2.7182539682539684,-0.8797619047619065,-1.87857142857143,0.0,0.0,0.0
장수군,2024-04-22,1.0436573280510457,11,14.921428571428573,0.0,7,17,13.703571428571426,0.0,14.05892857142857,0.0,0.04273120574508103,-0.01960931808810705,1.862698412698414,-0.4277777777777807,-0.457539682539684,0.0,0.0,0.0
장수군,2024-04-29,1.0325558991907273,12,11.364285714285714,0.0,7,18,13.142857142857139,0.0,13.57857142857143,0.0,0.03203718403958885,-0.0341894801378354,-2.7015873015873026,-0.41944444444444606,-0.6496031746031719,0.0,0.0,0.0
장수군,2024-05-06,1.0767002668786496,11,12.0,0.0,7,19,11.682142857142853,0.0,12.692857142857143,0.0,0.07390105570673636,-0.005684935034567268,-1.9222222222222225,-2.3119047619047635,-1.3698412698412703,0.0,0.0,0.0
장수군,2024-05-13,1.0328295055243997,13,17.392857142857142,0.0,7,20,14.696428571428568,0.0,13.919642857142856,0.0,0.03230212862053555,-0.05669169082275738,3.765873015873016,0.921825396825394,0.25119047619047485,0.0,0.0,0.0
장수군,2024-05-20,1.142894602543682,13,15.371428571428572,0.0,7,21,16.382142857142853,0.0,14.032142857142857,0.0,0.13356416931308276,0.013496566775478877,1.4730158730158731,2.619444444444442,0.15376984126984006,0.0,0.0,0.0
장수군,2024-05-27,1.1439538450292157,14,13.521428571428572,0.0,7,22,14.44642857142857,0.0,14.571428571428571,0.0,0.13449054688953244,0.0601199434843224,0.08492063492063551,0.7789682539682534,0.8503968253968246,0.0,0.0,0.0
장수군,2024-06-03,1.0679767054422493,13,12.985714285714286,0.0,7,23,13.253571428571426,0.0,14.817857142857143,0.0,0.06576592891646972,0.00957011676572772,0.3103174603174619,0.1976190476190478,1.4085317460317466,0.0,0.0,0.0
장수군,2024-06-10,1.0710895411320978,13,15.071428571428571,0.0,7,24,14.028571428571425,0.0,14.2375,0.0,0.06867639313625204,-0.0014769981547039929,3.315079365079365,1.8126984126984116,1.2958333333333343,0.0,0.0,0.0
장수군,2024-06-17,1.063907721031687,14,12.164285714285715,0.0,7,25,13.61785714285714,0.0,13.435714285714285,0.0,0.06194865880465384,-0.008460164719770992,1.3015873015873005,2.308333333333332,1.2529761904761898,0.0,0.0,0.0
장수군,2024-06-24,1.1017701590454172,17,9.992857142857144,0.0,7,26,11.078571428571426,0.0,12.553571428571429,0.0,0.09691812186815668,0.017989816389235885,0.9753968253968264,1.1384920634920626,1.4755952380952397,0.0,0.0,0.0
장수군,2024-07-01,1.0514028300014442,19,7.814285714285715,0.0,7,27,8.903571428571425,0.0,11.260714285714286,0.0,0.05012530105019132,0.005465212153149143,-0.7730158730158738,0.1011904761904745,1.204761904761904,0.0,0.0,0.0
장수군,2024-07-08,0.958326680390846,17,5.8,0.0,7,28,6.807142857142853,0.0,8.942857142857143,0.0,-0.042566556643749455,-0.08110704593466006,-2.908730158730159,-1.8408730158730187,-0.3511904761904763,0.0,0.0,0.0
장수군,2024-07-15,0.9534028302064449,23,6.971428571428571,0.0,7,29,6.385714285714282,0.0,7.6446428571428555,0.0,-0.04771776767538898,-0.07784621895762309,-1.4309523809523812,-2.169841269841272,-1.0343253968253983,0.0,0.0,0.0
장수군,2024-07-22,1.041004755518497,24,7.942857142857143,0.0,7,30,7.457142857142854,0.0,7.132142857142856,0.0,0.04018635784381629,0.010168722851254152,-1.207936507936509,-1.3194444444444464,-1.5801587301587308,0.0,0.0,0.0
장수군,2024-07-29,0.9899155606994722,24,9.392857142857142,1.0,7,31,8.66785714285714,1.0,7.5267857142857135,1.0,-0.010135631713845291,-0.059955875528026364,-0.8222222222222229,-1.0150793650793677,-1.5924603174603185,0.8888888888888888,0.8888888888888888,0.8888888888888888
장수군,2024-08-05,1.0242274189598506,21,10.692857142857141,0.0,7,32,10.042857142857137,1.0,8.749999999999998,1.0,0.02393859078722216,0.0029982177322508997,1.7722222222222221,0.4749999999999961,-0.4222222222222243,-0.3333333333333333,0.5555555555555556,0.5555555555555556
장수군,2024-08-12,1.0204104578976914,21,11.299999999999999,0.0,7,33,10.996428571428567,0.0,9.832142857142856,1.0,0.02020495605472857,-0.014421682664209155,1.650892857142857,1.890178571428569,0.49441964285714235,0.0,-0.25,0.625
장수군,2024-08-19,1.0155613971507829,19,9.5,0.0,7,34,10.399999999999995,0.0,10.22142857142857,1.0,0.015441560231134598,-0.021775613791044604,-0.21160714285714377,0.7196428571428548,0.7274553571428566,0.0,0.0,0.625
장수군,2024-08-26,1.0127384386396932,22,10.435714285714285,0.0,7,35,9.967857142857138,0.0,10.482142857142854,0.0,0.0126579872267567,-0.040477387444717725,2.152678571428572,0.9705357142857114,1.4303571428571402,0.0,0.0,-0.25
장수군,2024-09-02,0.9660413366825271,20,9.607142857142858,0.0,7,36,10.021428571428569,0.0,10.210714285714285,0.0,-0.03454865408833435,-0.08801534222888402,-0.14999999999999858,1.001339285714284,0.8604910714285712,0.0,0.0,0.0
장수군,2024-09-09,0.9284330214296848,22,10.992857142857146,0.0,7,37,10.299999999999997,0.0,10.133928571428571,0.0,-0.07425703710830507,-0.06925370768290622,2.0651785714285733,0.9575892857142847,0.9640624999999989,0.0,0.0,0.0
장수군,2024-09-16,0.9135519193530284,17,7.578571428571428,0.0,7,38,9.285714285714283,0.0,9.653571428571428,0.0,-0.09041506914366014,-0.10928508867161021,-2.850892857142857,-0.3928571428571441,0.3042410714285708,0.0,0.0,0.0
장수군,2024-09-23,0.9619343399254852,17,11.971428571428572,0.0,7,39,9.774999999999995,0.0,10.0375,0.0,-0.038809084361533304,-0.06645778095788468,-0.069642857142858,-1.4602678571428598,-0.25133928571428577,0.0,0.0,0.0
장수군,2024-09-30,0.9811893594772355,17,13.1,0.0,7,40,12.535714285714281,0.0,10.910714285714285,0.0,-0.018989811054040007,-0.036989705963415026,2.2803571428571416,1.1053571428571392,0.3562499999999993,0.0,0.0,0.0
장수군,2024-10-07,1.0517153963479564,15,12.5,0.0,7,41,12.799999999999995,0.0,11.287499999999998,0.0,0.0504225419231936,0.015135482192608692,-0.1750000000000007,1.052678571428567,-0.20379464285714555,0.0,0.0,0.0
장수군,2024-10-14,0.984702651879385,20,8.7,0.0,7,42,10.599999999999994,0.0,11.567857142857141,0.0,-0.015415559648443492,-0.045648590321913776,-4.671428571428573,-2.4232142857142893,-0.6589285714285733,0.0,0.0,0.0
장수군,2024-10-21,1.0914579365334134,14,11.971428571428572,0.0,7,43,10.335714285714282,0.0,11.567857142857141,0.0,0.08751435896194883,0.01678308937242469,-2.172321428571429,-3.4218750000000036,-1.1845982142857157,0.0,0.0,0.0
장수군,2024-10-28,0.9851304234080014,18,11.4,0.0,7,44,11.685714285714282,0.0,11.142857142857142,0.0,-0.014981237024148622,-0.043328479528623766,-3.8749999999999982,-3.0236607142857164,-2.7234374999999993,0.0,0.0,0.0
장수군,2024-11-04,1.0830186898304006,18,14.342857142857143,0.0,7,45,12.871428571428567,0.0,11.603571428571428,0.0,0.07975222533107236,0.010662098092985642,0.1053571428571427,-1.8848214285714313,-2.653348214285714,0.0,0.0,0.0
장수군,2024-11-11,1.0308451409371229,16,13.992857142857144,0.0,7,46,14.16785714285714,0.0,12.926785714285714,0.0,0.03037899097645966,-0.03878705510909011,-0.5964285714285698,-0.24553571428571708,-1.634598214285715,0.0,0.0,0.0
장수군,2024-11-18,1.0759953902483832,10,14.185714285714285,0.0,7,47,14.08928571428571,0.0,13.480357142857141,0.0,0.07324617757463796,0.01774967507994909,0.42499999999999893,-0.08571428571428719,-0.9852678571428584,0.0,0.0,0.0
장수군,2024-11-25,1.0674486753651902,11,8.621428571428572,0.0,7,48,11.403571428571425,0.0,12.785714285714285,0.0,0.06527138568160257,0.005719244328096347,-2.5741071428571427,-1.0745535714285737,-0.6600446428571445,0.0,0.0,0.0
장수군,2024-12-02,1.146895296783109,11,9.757142857142856,0.0,7,49,9.18928571428571,0.0,11.639285714285714,0.0,0.13705854957176067,0.061384814223699985,-2.0625,-2.318303571428574,-1.2020089285714288,0.0,0.0,0.0
장수군,2024-12-09,0.9746597932650614,13,10.835714285714285,0.0,7,50,10.296428571428567,0.0,10.849999999999998,0.0,-0.025666798859074084,-0.10839651190747958,-0.65625,-1.3593750000000018,-1.2169642857142868,0.0,0.0,0.0
장수군,2024-12-16,1.008561575108226,11,10.221428571428572,0.0,7,51,10.528571428571425,0.0,9.85892857142857,0.0,0.008525132679391227,-0.05756224319212973,-0.8553571428571427,-0.7558035714285722,-1.5370535714285722,0.0,0.0,0.0
장수군,2024-12-23,1.1298183100485344,9,9.200000000000001,0.0,7,52,9.710714285714282,0.0,10.003571428571426,0.0,0.1220568322288738,0.052181286635292756,-1.779464285714285,-1.3174107142857157,-1.3383928571428587,0.0,0.0,0.0
장수군,2024-12-30,1.0447727935854125,10,11.685714285714285,0.0,7,1,10.44285714285714,0.0,10.485714285714286,0.0,0.04379943937079255,-0.01729714537207945,-0.8687500000000004,-1.3419642857142868,-1.0198660714285719,0.0,0.0,0.0
장수군,2025-01-06,1.1396470901384996,7,10.071428571428571,0.0,7,2,10.878571428571423,0.0,10.294642857142856,0.0,0.13071864442575587,0.05070786163153004,-1.6116071428571423,-1.2401785714285758,-1.332812500000001,0.0,0.0,0.0
장수군,2025-01-13,1.2427363984831832,9,12.535714285714286,0.0,7,3,11.303571428571423,0.0,10.873214285714285,0.0,0.2173157212400804,0.14419064782894483,0.29553571428571423,-0.6580357142857167,-1.0,0.0,0.0,0.0
장수군,2025-01-20,1.2183830158549873,10,14.35,0.0,7,4,13.44285714285714,0.0,12.160714285714285,0.0,0.19752458278972865,0.10499420210016837,2.97063492063492,1.6821428571428552,0.286309523809523,0.0,0.0,0.0
장수군,2025-01-27,1.1953223614311395,7,8.657142857142857,0.0,7,5,11.503571428571423,0.0,11.403571428571428,0.0,0.17841590752496855,0.0906369607897265,-2.8738095238095234,0.0484126984126938,-0.2434523809523803,0.0,0.0,0.0
장수군,2025-02-03,1.065817998957666,10,9.671428571428573,0.0,7,6,9.164285714285711,0.0,11.303571428571429,0.0,0.06374257848205239,-0.004316567107113631,-3.0325396825396815,-2.953174603174606,-0.635515873015871,0.0,0.0,0.0
장수군,2025-02-10,1.06115549124356,11,13.792857142857144,0.0,7,7,11.732142857142854,0.0,11.617857142857142,0.0,0.059358400490402155,-0.02449471662351238,1.2809523809523817,-0.8757936507936517,-0.4136904761904763,0.0,0.0,0.0
장수군,2025-02-17,1.112902806358281,11,10.107142857142858,0.0,7,8,11.949999999999996,0.0,10.557142857142857,0.0,0.10697174265663924,0.04527924830322165,-2.4611111111111104,-0.590079365079367,-1.7716269841269838,0.0,0.0,0.0
장수군,2025-02-24,1.0739178169889947,10,15.592857142857143,0.0,7,9,12.849999999999996,0.0,12.29107142857143,0.0,0.0713134726644122,0.044843185786313244,1.8309523809523807,-0.3150793650793666,-0.5954365079365065,0.0,0.0,0.0
장수군,2025-03-03,1.1277490412943076,10,9.85,0.0,7,10,12.721428571428568,0.0,12.335714285714285,0.0,0.12022364720120324,0.07178849972791396,-3.6142857142857157,-0.8916666666666675,-0.7408730158730172,0.0,0.0,0.0
장수군,2025-03-10,1.0256020800400603,10,14.528571428571428,0.0,7,11,12.18928571428571,0.0,12.519642857142857,0.0,0.02527983530239547,-0.03035116143962737,0.6230158730158717,-1.4956349206349238,-0.9053571428571434,0.0,0.0,0.0
장수군,2025-03-17,1.1631293569897923,9,16.228571428571428,0.0,7,12,15.378571428571423,0.0,14.049999999999999,0.0,0.1511140943416274,0.05882805461450678,1.9119047619047613,1.2674603174603138,0.18789682539682495,0.0,0.0,0.0
장수군,2025-03-24,0.9475396456239583,11,15.185714285714287,0.0,7,13,15.707142857142852,0.0,13.948214285714286,0.0,-0.05388650055373667,-0.10803531678254799,-0.5785714285714274,0.6666666666666625,-0.4144841269841262,0.0,0.0,0.0
장수군,2025-03-31,1.0474253349528113,10,15.6,0.0,7,14,15.392857142857139,0.0,15.385714285714284,0.0,0.046335090992341336,0.010591022553166393,0.3809523809523778,-0.09880952380952657,0.5843253968253954,0.0,0.0,0.0
장수군,2025-04-07,1.103234731083655,10,17.642857142857142,0.0,7,15,16.621428571428567,0.0,16.16428571428571,0.0,0.09824652912944436,0.020537342877514075,3.0587301587301567,1.7198412698412664,1.1932539682539662,0.0,0.0,0.0
장수군,2025-04-14,1.0739789799049473,9,12.164285714285715,0.0,7,16,14.903571428571421,0.0,15.148214285714285,0.0,0.07137042411204002,-0.003278207297666591,-3.0396825396825395,0.009523809523804161,-0.04464285714285765,0.0,0.0,0.0
장수군,2025-04-21,1.0888541455154397,11,14.278571428571428,0.0,7,17,13.221428571428566,0.0,14.92142857142857,0.0,0.08512590065156372,0.02278537681837564,1.21984126984127,-0.9099206349206401,0.4049603174603167,0.0,0.0,0.0
장수군,2025-04-28,1.0005193460727966,10,15.571428571428571,0.0,7,18,14.924999999999994,0.0,14.914285714285713,0.0,0.0005192112592994675,-0.06570745291812478,1.5055555555555546,1.3626984126984087,0.6861111111111118,0.0,0.0,0.0
장수군,2025-05-05,1.0445261218056403,12,11.107142857142858,0.0,7,19,13.339285714285708,0.0,13.280357142857143,0.0,0.04356331061094759,-0.03602268013035603,-2.815079365079365,-0.6547619047619087,-0.78234126984127,0.0,0.0,0.0
장수군,2025-05-12,1.0648258286255432,11,12.985714285714286,0.0,7,20,12.046428571428567,0.0,13.485714285714284,0.0,0.06281124459039569,-0.02618257485289724,-0.6412698412698408,-1.7281746031746064,-0.18273809523809703,0.0,0.0,0.0
장수군,2025-05-19,1.056885616407654,13,11.085714285714285,0.0,7,21,12.035714285714281,0.0,12.6875,0.0,0.055326485713246366,-0.06474111682435751,-2.8126984126984134,-1.7269841269841297,-1.1908730158730165,0.0,0.0,0.0
장수군,2025-05-26,1.0421070584153356,11,16.599999999999998,0.0,7,22,13.842857142857135,0.0,12.944642857142856,0.0,0.04124468125435187,-0.03312592215085817,3.163492063492061,0.17539682539681856,-0.7763888888888903,0.0,0.0,0.0
장수군,2025-06-02,1.0121778724377046,11,14.114285714285714,0.0,7,23,15.357142857142849,0.0,13.69642857142857,0.0,0.012104318699082746,-0.044091493451659254,1.43888888888889,2.3011904761904702,0.2871031746031729,0.0,0.0,0.0
장수군,2025-06-09,0.912135064899425,12,11.721428571428572,0.0,7,24,12.917857142857136,0.0,13.380357142857143,0.0,-0.09196720239571479,-0.1621205936866708,-0.0349206349206348,0.7019841269841223,0.43869047619047663,0.0,0.0,0.0
장수군,2025-06-16,0.9536398313277226,11,9.485714285714284,0.0,7,25,10.60357142857142,0.0,12.980357142857141,0.0,-0.04746921411413079,-0.11787803763855562,-1.37698412698413,-0.7059523809523878,0.7976190476190457,0.0,0.0,0.0
장수군,2025-06-23,1.110580233609075,12,11.021428571428572,0.0,7,26,10.253571428571421,0.0,11.585714285714285,0.0,0.10488261172810028,0.02595430624917948,2.003968253968255,0.31349206349205794,0.5077380952380963,0.0,0.0,0.0
장수군,2025-06-30,0.9275906483383621,15,11.114285714285716,0.0,7,27,11.067857142857136,0.0,10.835714285714287,0.0,-0.0751647552186754,-0.11982484411571757,2.526984126984127,2.2654761904761855,0.7797619047619051,0.0,0.0,0.0
장수군,2025-07-07,0.9448286258445184,18,12.007142857142858,0.0,7,28,11.56071428571428,0.0,10.907142857142858,0.0,-0.05675171624666674,-0.09529220553757735,3.298412698412699,2.9126984126984077,1.613095238095239,0.0,0.0,0.0
장수군,2025-07-14,1.0717570854466087,15,7.392857142857143,0.0,7,29,9.699999999999994,0.0,10.383928571428573,0.0,0.06929943757426765,0.039170986292033555,-1.0095238095238086,1.1444444444444404,1.7049603174603192,0.0,0.0,0.0
장수군,2025-07-21,0.9012469058958344,17,11.778571428571428,0.0,7,30,9.585714285714278,0.0,10.573214285714286,0.0,-0.10397602351415912,-0.13399365850672126,2.6277777777777764,0.8091269841269781,1.8609126984126991,0.0,0.0,0.0
장수군,2025-07-28,1.2056349648554237,18,12.835714285714285,0.0,7,31,12.30714285714285,0.0,11.00357142857143,0.0,0.1870063699462796,0.13718612613209852,2.62063492063492,2.624206349206343,1.884325396825398,-0.1111111111111111,-0.1111111111111111,-0.1111111111111111
장수군,2025-08-04,1.0276509922236747,23,7.614285714285714,0.0,7,32,10.224999999999994,0.0,9.905357142857142,0.0,0.027275607661271718,0.006335234606300456,-1.3063492063492053,0.657142857142853,0.7331349206349191,-0.3333333333333333,-0.4444444444444444,-0.4444444444444444
장수군,2025-08-11,0.9920304050356543,21,9.221428571428572,0.0,7,33,8.417857142857137,0.0,10.362499999999999,0.0,-0.008001521929418437,-0.04262816064835616,-0.42767857142857046,-0.6883928571428601,1.0247767857142858,0.0,-0.25,-0.375
장수군,2025-08-18,0.9976801801649993,17,10.564285714285715,0.0,7,34,9.892857142857137,0.0,10.058928571428572,0.0,-0.002322514785707627,-0.03953968880788683,0.8526785714285712,0.2124999999999968,0.5649553571428587,0.0,0.0,-0.375
장수군,2025-08-25,0.9817684536382664,18,9.364285714285714,0.0,7,35,9.964285714285708,0.0,9.191071428571428,0.0,-0.018399789023040205,-0.07153516369451463,1.0812500000000007,0.9669642857142815,0.13928571428571423,0.0,0.0,-0.25
장수군,2025-09-01,1.0140086085477598,20,9.178571428571429,0.0,7,36,9.271428571428565,0.0,9.582142857142857,0.0,0.013911394825024959,-0.0395552933155247,-0.5785714285714274,0.25133928571428044,0.23191964285714306,0.0,0.0,0.0
장수군,2025-09-08,0.9187592172827224,20,7.442857142857142,0.0,7,37,8.31071428571428,0.0,9.1375,0.0,-0.08473119608884641,-0.07972786666344756,-1.48482142857143,-1.0316964285714327,-0.03236607142857295,0.0,0.0,0.0
장수군,2025-09-15,0.9962285428247839,23,8.628571428571428,0.0,7,38,8.035714285714278,0.0,8.653571428571428,0.0,-0.003778587052157545,-0.02264860658010762,-1.8008928571428573,-1.6428571428571495,-0.6957589285714292,0.0,0.0,0.0
장수군,2025-09-22,0.9831152302853031,22,8.492857142857142,0.0,7,39,8.560714285714278,0.0,8.435714285714285,0.0,-0.017028942627435872,-0.044677639223787244,-3.5482142857142875,-2.674553571428577,-1.8531250000000004,0.0,0.0,0.0
장수군,2025-09-29,0.9560022491801587,15,8.407142857142857,0.0,7,40,8.449999999999992,0.0,8.242857142857142,0.0,-0.04499501323459253,-0.06299490814396755,-2.4125000000000014,-2.98035714285715,-2.3116071428571434,0.0,0.0,0.0
장수군,2025-10-06,1.0870974160250115,17,8.778571428571428,0.0,7,41,8.592857142857136,0.0,8.576785714285712,0.0,0.08351122328175982,0.04822416355117491,-3.8964285714285722,-3.154464285714292,-2.914508928571431,0.0,0.0,0.0
장수군,2025-10-13,1.01021910469807,17,7.114285714285714,0.0,7,42,7.946428571428565,0.0,8.198214285714286,0.0,0.010167242670722448,-0.020065788002747838,-6.257142857142858,-5.076785714285719,-4.0285714285714285,0.0,0.0,0.0
장수군,2025-10-20,1.0085129127967625,18,10.87857142857143,0.0,7,43,8.996428571428567,0.0,8.794642857142858,0.0,0.0084768822932357,-0.06225438729628844,-3.265178571428571,-4.761160714285719,-3.9578124999999993,0.0,0.0,0.0
장수군,2025-10-27,0.915000333421238,18,13.557142857142859,0.0,7,44,12.217857142857138,0.0,10.082142857142857,0.0,-0.08883084931188652,-0.11717809181636166,-1.7178571428571399,-2.49151785714286,-3.7841517857142843,0.0,0.0,0.0
장수군,2025-11-03,1.115139456122995,14,15.414285714285715,0.0,7,45,14.48571428571428,0.0,11.741071428571429,0.0,0.1089794698471864,0.03988934260909968,1.1767857142857139,-0.27053571428571743,-2.515848214285713,0.0,0.0,0.0
장수군,2025-11-10,1.0397292814556325,13,16.785714285714285,0.0,7,46,16.099999999999994,0.0,14.158928571428572,0.0,0.038960372975056674,-0.030205673110493096,2.196428571428571,1.686607142857138,-0.4024553571428573,0.0,0.0,0.0
장수군,2025-11-17,1.1056032241375244,12,12.549999999999999,0.0,7,47,14.667857142857137,0.0,14.576785714285712,0.0,0.10039109021508112,0.04489458772039225,-1.2107142857142872,0.4928571428571402,0.11116071428571317,0.0,0.0,0.0
장수군,2025-11-24,1.0507850168647292,13,11.864285714285714,0.0,7,48,12.207142857142852,0.0,14.153571428571427,0.0,0.04953751993879053,-0.010014621414715694,0.6687499999999993,-0.2709821428571466,0.7078124999999975,0.0,0.0,0.0
장수군,2025-12-01,1.0270327114651832,12,11.578571428571427,0.0,7,49,11.721428571428564,0.0,13.194642857142856,0.0,0.026673781914522448,-0.04899995343353823,-0.24107142857142883,0.2138392857142808,0.35334821428571317,0.0,0.0,0.0
장수군,2025-12-08,1.0958594041128593,12,12.264285714285714,0.0,7,50,11.921428571428565,0.0,12.064285714285713,0.0,0.09153889937819899,0.008809186329793495,0.7723214285714288,0.26562499999999645,-0.00267857142857153,0.0,0.0,0.0
장수군,2025-12-15,1.0082481956896425,12,13.092857142857143,0.0,7,51,12.678571428571423,0.0,12.2,0.0,0.00821436522314119,-0.05787301064837977,2.016071428571429,1.3941964285714263,0.8040178571428562,0.0,0.0,0.0
장수군,2025-12-22,1.0090703539164658,12,11.557142857142859,0.0,7,52,12.324999999999996,0.0,12.123214285714287,0.0,0.009029465319755263,-0.06084608027382578,0.5776785714285726,1.2968749999999982,0.7812500000000018,0.0,0.0,0.0
장수군,2025-12-29,1.093837779717915,12,9.814285714285715,0.0,7,1,10.685714285714282,0.0,11.682142857142857,0.0,0.08969241121146114,0.028595826468589138,-2.7401785714285705,-1.0991071428571448,0.1765624999999993,0.0,0.0,0.0
장수군,2026-01-05,1.0972197299959272,9,12.12142857142857,0.0,7,2,10.967857142857138,0.0,11.646428571428572,0.0,0.09277946205226958,0.012768679258043758,0.4383928571428566,-1.1508928571428605,0.0189732142857153,0.0,0.0,0.0
장수군,2026-01-12,1.0321744950426779,9,16.27857142857143,0.0,7,3,14.199999999999992,0.0,12.442857142857143,0.0,0.031667737109904615,-0.04145733630123094,4.038392857142856,2.238392857142852,0.569642857142858,0.0,0.0,0.0
장수군,2026-01-19,0.9904743026388556,9,9.585714285714285,0.0,7,4,12.93214285714285,0.0,11.95,0.0,-0.009571357007584042,-0.10210173769714433,-1.7936507936507944,1.1714285714285655,0.0755952380952376,0.0,0.0,0.0
장수군,2026-01-26,1.037388794864806,9,12.457142857142857,0.0,7,5,11.021428571428565,0.0,12.610714285714284,0.0,0.03670678170544542,-0.05107216502979664,0.9261904761904773,-0.43373015873016385,0.9636904761904752,0.0,0.0,0.0
장수군,2026-02-02,1.0597728150191372,8,12.099999999999998,0.0,7,6,12.278571428571421,0.0,12.605357142857143,0.0,0.058054559699349376,-0.010004585889816647,-0.6039682539682563,0.16111111111110432,0.6662698412698429,0.0,0.0,0.0
장수군,2026-02-09,0.9874693084550008,9,14.828571428571427,0.0,7,7,13.464285714285705,0.0,12.24285714285714,0.0,-0.012609862735423548,-0.09646297984933808,2.3166666666666647,0.8563492063491989,0.21130952380952195,0.0,0.0,0.0
장수군,2026-02-16,0.893987740856454,9,17.37857142857143,0.0,7,8,16.10357142857142,0.0,14.191071428571428,0.0,-0.11206321659117283,-0.1737557109445904,4.810317460317462,3.563492063492058,1.8623015873015873,0.0,0.0,0.0
장수군,2026-02-23,0.9958918015536417,11,11.685714285714285,0.0,7,9,14.532142857142851,0.0,13.998214285714285,0.0,-0.0041166602767996,-0.03058694715489855,-2.0761904761904777,1.3670634920634885,1.111706349206349,0.0,0.0,0.0
장수군,2026-03-02,1.0453732787326961,11,11.185714285714285,0.0,7,10,11.43571428571428,0.0,13.769642857142856,0.0,0.04437402616332087,-0.00406112130996842,-2.2785714285714302,-2.1773809523809557,0.6930555555555529,0.0,0.0,0.0
장수군,2026-03-09,0.9786696531314347,11,14.521428571428572,0.0,7,11,12.853571428571424,0.0,13.692857142857143,0.0,-0.02156112635567906,-0.0771921230977019,0.6158730158730155,-0.8313492063492092,0.26785714285714235,0.0,0.0,0.0
장수군,2026-03-16,1.0968101969813782,11,16.342857142857145,0.0,7,12,15.432142857142853,0.0,13.433928571428572,0.0,0.092406146251724,0.00012010652460338334,2.0261904761904788,1.3210317460317444,-0.4281746031746021,0.0,0.0,0.0
장수군,2026-03-23,1.047146230628406,11,19.207142857142856,0.0,7,13,17.774999999999995,0.0,15.314285714285715,0.0,0.04606858844772217,-0.008080227781089147,3.4428571428571413,2.7345238095238056,0.9515873015873026,0.0,0.0,0.0
장수군,2026-03-30,1.0507473634887605,8,13.557142857142859,0.0,7,14,16.382142857142853,0.0,15.907142857142857,0.0,0.049501685729120705,0.013757617289945762,-1.661904761904763,0.8904761904761873,1.1057539682539677,0.0,0.0,0.0
장수군,2026-04-06,1.0353203899702224,9,14.307142857142859,0.0,7,15,13.932142857142853,0.0,15.853571428571431,0.0,0.034710934341690584,-0.0429982519102397,-0.2769841269841269,-0.9694444444444468,0.8825396825396865,0.0,0.0,0.0
장수군,2026-04-13,1.021512713978701,10,14.707142857142856,0.0,7,16,14.507142857142853,0.0,15.444642857142856,0.0,0.021284581579582934,-0.053364049830123675,-0.4968253968253986,-0.3869047619047645,0.25178571428571317,0.0,0.0,0.0
장수군,2026-04-20,0.9790516141360556,10,18.428571428571427,0.0,7,17,16.567857142857136,0.0,15.25,0.0,-0.021170916558346124,-0.08351144039153421,5.3698412698412685,2.4365079365079296,0.7335317460317459,0.0,0.0,0.0
장수군,2026-04-27,1.017894325287248,7,13.15,0.0,7,18,15.789285714285707,0.0,15.148214285714285,0.0,0.017736106538962883,-0.048490557638461364,-0.9158730158730162,2.2269841269841226,0.9200396825396844,0.0,0.0,0.0
장수군,2026-05-04,1.0453694300790508,9,18.164285714285715,0.0,7,19,15.657142857142853,0.0,16.112499999999997,0.0,0.044370344549481806,-0.03521564619182182,4.242063492063492,1.6630952380952362,2.049801587301584,0.0,0.0,0.0
장수군,2026-05-11,0.9958644393811221,6,16.428571428571427,0.0,7,20,17.296428571428564,0.0,16.54285714285714,0.0,-0.004144135699704171,-0.09313795514299711,2.8015873015873005,3.52182539682539,2.87440476190476,0.0,0.0,0.0
장수군,2026-05-18,1.0328399111796736,7,11.87857142857143,0.0,7,21,14.153571428571425,0.0,14.905357142857143,0.0,0.032312203471031795,-0.08775539906657209,-2.019841269841269,0.39087301587301404,1.0269841269841269,0.0,0.0,0.0
장수군,2026-05-25,1.01370161451747,8,12.892857142857142,0.0,7,22,12.385714285714283,0.0,14.841071428571428,0.0,0.013608596102462601,-0.06076200730274744,-0.5436507936507944,-1.2817460317460334,1.120039682539682,0.0,0.0,0.0
장수군,2026-06-01,1.0863655586566914,10,13.185714285714285,0.0,7,23,13.039285714285711,0.0,13.596428571428572,0.0,0.08283777505236228,0.026641962901620284,0.5103174603174612,-0.016666666666667496,0.18710317460317505,0.0,0.0,0.0
장수군,2026-06-08,0.9391559629288192,12,14.192857142857145,0.0,7,24,13.689285714285711,0.0,13.0375,0.0,-0.06277371886019488,-0.1329271101511509,2.4365079365079385,1.473412698412698,0.09583333333333321,0.0,0.0,0.0
장수군,2026-06-15,0.9859487671476217,13,10.65,0.0,7,25,12.421428571428569,0.0,12.730357142857143,0.0,-0.014150886026014326,-0.08455970955043916,-0.21269841269841372,1.1119047619047606,0.5476190476190474,0.0,0.0,0.0
장수군,2026-06-22,1.012572669737045,16,9.485714285714284,0.0,7,26,10.06785714285714,0.0,11.878571428571428,0.0,0.012494290002826276,-0.06643401547609452,0.4682539682539666,0.12777777777777644,0.800595238095239,0.0,0.0,0.0
장수군,2026-06-29,0.8962487815688346,19,8.571428571428571,0.0,7,27,9.028571428571425,0.0,10.725,0.0,-0.1095372465461241,-0.15419733544316627,-0.015873015873017593,0.2261904761904745,0.6690476190476176,0.0,0.0,0.0
장수군,2026-07-06,0.9563056100046209,18,9.4,0.0,7,28,8.985714285714282,0.0,9.526785714285714,0.0,-0.04467774127908617,-0.08321823056999678,0.6912698412698415,0.33769841269841017,0.2327380952380942,0.0,0.0,0.0
장수군,2026-07-13,0.9844109977113256,19,7.892857142857143,0.0,7,29,8.646428571428569,0.0,8.8375,0.0,-0.015711788533203708,-0.045840239815437805,-0.5095238095238086,0.0908730158730151,0.15853174603174658,0.0,0.0,0.0
장수군,2026-07-20,0.9756668265067642,24,9.664285714285715,0.0,7,30,8.778571428571425,0.0,8.882142857142856,0.0,-0.024634117131830918,-0.05465175212439305,0.5134920634920626,0.0019841269841247566,0.16984126984126924,0.0,0.0,0.0
장수군,2026-07-27,1.0665432225906866,23,11.521428571428572,0.0,7,31,10.592857142857142,0.0,9.619642857142857,0.0,0.0644227856192431,0.014602541805062028,1.306349206349207,0.9099206349206348,0.500396825396825,-0.1111111111111111,-0.1111111111111111,-0.1111111111111111
장수군,2026-08-03,0.9348106230029387,24,11.778571428571428,1.0,7,32,11.649999999999999,1.0,10.214285714285715,1.0,-0.0674113124507465,-0.08835168550571776,2.8579365079365093,2.0821428571428573,1.0420634920634928,0.6666666666666667,0.5555555555555556,0.5555555555555556
전주시,2018-01-22,0.9628097153720125,9,9.200000000000001,0.0,7,4,8.528571428571428,0.0,7.953571428571429,0.0,-0.03789948237629953,0.050332755553434805,-0.05555555555555358,-0.6817460317460338,-1.0027777777777782,0.0,0.0,0.0
전주시,2018-01-29,0.9234380836359846,10,8.757142857142856,0.0,7,5,8.978571428571428,0.0,8.264285714285714,0.0,-0.07965152692238739,0.04093420072894596,0.03333333333333144,-0.011111111111114624,-0.6980158730158745,0.0,0.0,0.0
전주시,2018-02-05,0.9522724162021715,7,10.385714285714286,0.0,7,6,9.571428571428573,0.0,9.05,0.0,-0.04890413365142661,0.057017199520256065,0.42539682539682566,0.22936507936507766,-0.2261904761904745,0.0,0.0,0.0
전주시,2018-02-12,0.9174806212771813,5,10.014285714285714,0.0,7,7,10.200000000000001,0.0,9.589285714285715,0.0,-0.08612382050024847,0.023510432672655235,0.11904761904761862,0.2722222222222186,0.13055555555555642,0.0,0.0,0.0
전주시,2018-02-19,0.9609098880899234,10,11.057142857142859,0.0,7,8,10.535714285714288,0.0,10.053571428571429,0.0,-0.03987464330548446,0.03787678867892032,0.6920634920634932,0.405555555555555,0.3174603174603181,0.0,0.0,0.0
전주시,2018-02-26,0.7577204502936812,5,12.971428571428572,0.0,7,9,12.014285714285716,0.0,11.107142857142858,0.0,-0.2774407604477263,-0.14599395398064835,1.7174603174603167,1.2047619047619023,0.738492063492064,0.0,0.0,0.0
전주시,2018-03-05,0.8302570958266335,7,9.942857142857141,0.0,7,10,11.457142857142857,0.0,10.996428571428572,0.0,-0.18601987214736956,-0.1194263117393612,-1.180952380952382,0.2682539682539655,0.33690476190476204,0.0,0.0,0.0
전주시,2018-03-12,0.8758950506274564,8,12.185714285714285,0.0,7,11,11.064285714285713,0.0,11.539285714285715,0.0,-0.13250900044276281,-0.06464499689323143,0.7730158730158738,-0.20396825396825768,0.5003968253968267,0.0,0.0,0.0
전주시,2018-03-19,0.9813948099233528,5,10.514285714285714,0.0,7,12,11.350000000000001,0.0,11.403571428571428,0.0,-0.018780443781979985,0.045839961150757946,-1.5285714285714285,-0.37777777777778,-0.054761904761905456,0.0,0.0,0.0
전주시,2018-03-26,1.0003593089496485,8,13.328571428571427,0.0,7,13,11.92142857142857,0.0,11.492857142857142,0.0,0.00035924441364632633,0.060284530201226365,0.3968253968253954,-0.5658730158730201,-0.38492063492063444,0.0,0.0,0.0
전주시,2018-04-02,0.9561257238303532,9,9.342857142857143,0.0,7,14,11.335714285714285,0.0,11.342857142857142,0.0,-0.04486586429465868,-0.0076342296831605,-2.8253968253968242,-1.2142857142857189,-0.7960317460317476,0.0,0.0,0.0
전주시,2018-04-09,0.9454477746348533,8,10.771428571428572,0.0,7,15,10.057142857142859,0.0,10.989285714285714,0.0,-0.05609662812059199,-0.016639117240584367,-1.084126984126982,-1.9547619047619076,-1.2603174603174594,0.0,0.0,0.0
전주시,2018-04-16,0.9628251031762277,6,14.714285714285714,0.0,7,16,12.742857142857144,0.0,12.039285714285713,0.0,-0.03788350031774172,-0.00964004839081897,1.9349206349206352,0.4253968253968221,-0.3944444444444457,0.0,0.0,0.0
전주시,2018-04-23,0.9014926349216241,7,11.37142857142857,0.0,7,17,13.042857142857143,0.0,11.55,0.0,-0.10370340617621564,-0.01694418888324785,0.35079365079364955,1.1428571428571388,-0.40595238095237995,0.0,0.0,0.0
전주시,2018-04-30,0.9784930210919316,8,10.557142857142855,0.0,7,18,10.964285714285714,0.0,11.853571428571428,0.0,-0.02174162442291588,0.035293048587418344,-1.0555555555555571,-0.35238095238095646,0.03650793650793638,0.0,0.0,0.0
전주시,2018-05-07,0.9301252777981901,9,9.285714285714286,0.0,7,19,9.92142857142857,0.0,11.482142857142858,0.0,-0.07243599459716855,0.016531035945515013,-2.253968253968253,-1.6547619047619087,-0.2559523809523796,0.0,0.0,0.0
전주시,2018-05-14,0.9117575737888924,9,10.385714285714286,0.0,7,20,9.835714285714287,0.0,10.4,0.0,-0.09238114245766292,-0.03231324733415837,-1.1714285714285708,-1.7126984126984155,-1.0325396825396815,0.0,0.0,0.0
전주시,2018-05-21,0.9566147376292982,6,13.142857142857142,0.0,7,21,11.764285714285716,0.0,10.842857142857142,0.0,-0.044354541593589036,0.021486153772812114,1.8730158730158717,0.35079365079364955,-0.6519841269841269,0.0,0.0,0.0
전주시,2018-05-28,0.9196982516985124,10,12.757142857142858,0.0,7,22,12.950000000000001,0.0,11.392857142857144,0.0,-0.08370965002287008,-0.022533997154750234,1.7555555555555564,1.8142857142857114,0.05079365079365061,0.0,0.0,0.0
전주시,2018-06-04,0.9111522422463599,9,10.485714285714286,0.0,7,23,11.621428571428574,0.0,11.692857142857143,0.0,-0.09304528015603682,-0.002492260966151419,-0.11587301587301546,0.8198412698412678,0.5853174603174605,0.0,0.0,0.0
전주시,2018-06-11,0.8787252752935407,7,10.171428571428573,0.0,7,24,10.32857142857143,0.0,11.639285714285714,0.0,-0.1292829724766601,-0.015841974736349865,0.03174603174603341,-0.04206349206349458,0.8861111111111111,0.0,0.0,0.0
전주시,2018-06-18,0.7519181754657773,8,10.12857142857143,0.0,7,25,10.150000000000002,0.0,10.885714285714286,0.0,-0.2851277701734908,-0.1975222577181071,0.6777777777777807,0.3547619047619044,0.5873015873015888,-0.1111111111111111,-0.1111111111111111,-0.1111111111111111
전주시,2018-06-25,0.848953946191615,6,8.114285714285714,0.0,7,26,9.121428571428574,0.0,9.725000000000001,0.0,-0.16375033891050617,-0.028823048058876977,0.0666666666666682,0.37222222222222,0.16507936507936627,-0.2222222222222222,-0.3333333333333333,-0.3333333333333333
전주시,2018-07-02,0.9425392105206806,7,7.299999999999999,0.0,7,27,7.707142857142857,0.0,8.928571428571429,0.0,-0.05917775785087634,-0.02903442723985743,-0.4015873015873028,-0.16746031746031953,0.0936507936507951,-1.0,-1.2222222222222223,-1.3333333333333333
전주시,2018-07-09,0.945497370181281,7,7.557142857142857,2.0,7,28,7.428571428571429,2.0,8.275,2.0,-0.05604417229280129,0.002670620555313502,0.21746031746031846,-0.0920634920634944,0.14007936507936591,0.5555555555555556,-0.44444444444444464,-0.7777777777777777
전주시,2018-07-16,1.1517382063536648,7,9.814285714285713,2.0,7,29,8.685714285714287,4.0,8.196428571428571,4.0,0.14127228501907035,0.13675902987812572,2.2476190476190467,1.23253968253968,0.5325396825396833,1.3333333333333335,1.8888888888888888,0.6666666666666665
전주시,2018-07-23,1.0805966080257008,9,9.742857142857142,5.0,7,30,9.778571428571428,7.0,8.603571428571428,9.0,0.07751330344983197,0.13643112086417586,1.6380952380952358,1.9428571428571395,0.9253968253968248,1.5555555555555554,2.8888888888888893,2.4444444444444446
전주시,2018-07-30,0.9124832377928772,6,10.328571428571427,6.0,7,31,10.035714285714285,11.0,9.360714285714286,15.0,-0.09158556323626496,-0.03941602000422647,1.9984126984126966,1.8182539682539627,1.5253968253968262,1.2222222222222223,2.7777777777777786,4.666666666666666
전주시,2018-08-06,1.036859755296757,7,9.27142857142857,6.0,7,32,9.8,12.0,9.789285714285715,19.0,0.03619667930765959,0.0888572862687042,1.3809523809523814,1.6896825396825363,1.8162698412698424,2.3333333333333335,3.5555555555555554,6.444444444444445
전주시,2018-08-13,0.7583199820205536,7,11.228571428571428,4.0,7,33,10.25,10.0,10.142857142857142,21.0,-0.2766498425469281,-0.14543728171620462,2.9696428571428566,2.3107142857142824,2.0665178571428573,1.125,3.875,7.125
전주시,2018-08-20,0.9453644775074549,10,7.671428571428572,1.0,7,34,9.450000000000001,5.0,9.625,17.0,-0.056184735363770597,0.04158732140486007,-0.5017857142857141,1.233928571428569,1.5361607142857139,-1.0,0.125,4.25
전주시,2018-08-27,0.938060895403668,9,7.042857142857143,0.0,7,35,7.357142857142858,1.0,8.803571428571427,11.0,-0.0639404116101615,0.038992137999839804,-0.8035714285714288,-0.6526785714285737,0.8290178571428566,-0.75,-1.75,2.125
전주시,2018-09-03,0.9291959123664905,8,8.585714285714285,0.0,7,36,7.814285714285715,0.0,8.632142857142856,5.0,-0.07343567718457056,-0.012722286442216992,0.29999999999999893,-0.2517857142857167,0.49107142857142705,0.0,-0.75,-0.625
전주시,2018-09-10,0.89758684550037,7,8.214285714285714,0.0,7,37,8.4,0.0,7.878571428571428,1.0,-0.1080453995123034,-0.04108913263805565,0.18928571428571317,0.2446428571428534,-0.20401785714285658,-0.25,-0.25,-2.0
전주시,2018-09-17,0.8868763394340251,8,7.857142857142857,0.0,7,38,8.035714285714286,0.0,7.925,0.0,-0.1200497207839527,-0.01146357480595693,-0.7089285714285714,-0.2598214285714313,-0.25580357142857135,-0.25,-0.5,-1.25
전주시,2018-09-24,1.030829215604325,6,11.042857142857143,0.0,7,39,9.45,0.0,8.925,0.0,0.0303635420451116,0.09468189465099441,1.380357142857143,0.33571428571428186,0.2901785714285712,0.0,-0.25,-0.5
전주시,2018-10-01,0.9635581176533028,9,8.928571428571429,0.0,7,40,9.985714285714286,0.0,9.010714285714286,0.0,-0.03712247363880579,0.03674795770778562,0.28749999999999964,0.8339285714285669,0.28705357142857224,0.0,0.0,-0.5
전주시,2018-10-08,0.9720484111922154,9,10.671428571428573,0.0,7,41,9.8,0.0,9.625,0.0,-0.02834967000865529,0.050043931947959405,0.7767857142857153,0.5321428571428548,0.4339285714285701,0.0,0.0,-0.25
전주시,2018-10-15,0.8916518238468611,7,11.428571428571429,0.0,7,42,11.05,0.0,10.517857142857144,0.0,-0.11467955461174148,0.010466373330871498,1.125,0.9508928571428541,0.892410714285715,0.0,0.0,0.0
전주시,2018-10-22,0.7974701702910834,10,10.2,0.0,7,43,10.814285714285715,0.0,10.307142857142857,0.0,-0.22631084904640528,-0.16178597077209594,-0.5803571428571441,0.2723214285714253,0.4022321428571427,0.0,0.0,0.0
전주시,2018-10-29,0.8938394169815409,10,11.385714285714286,0.0,7,44,10.792857142857144,0.0,10.92142857142857,0.0,-0.11222914300593075,-0.07606052459954,0.6607142857142865,0.0401785714285694,0.4955357142857135,0.0,0.0,0.0
전주시,2018-11-05,0.8920714443862967,9,8.214285714285714,0.0,7,45,9.8,0.0,10.307142857142857,0.0,-0.11420905500605752,-0.043627850627808135,-2.1767857142857157,-0.7580357142857181,-0.24285714285714377,0.0,0.0,0.0
전주시,2018-11-12,0.8370835157444634,9,9.342857142857143,0.0,7,46,8.778571428571428,0.0,9.785714285714285,0.0,-0.17783143360837764,-0.1320160076829387,-1.299999999999999,-1.7383928571428608,-0.8491071428571431,0.0,0.0,0.0
전주시,2018-11-19,1.0708906410851984,6,9.328571428571427,0.0,7,47,9.335714285714285,0.0,9.567857142857143,0.0,0.06849067708796894,0.0796140741287148,-0.9482142857142879,-1.124107142857147,-0.9410714285714299,0.0,0.0,0.0
전주시,2018-11-26,0.9552608929716969,8,11.457142857142857,0.0,7,48,10.392857142857142,0.0,9.585714285714285,0.0,-0.04577078945220738,-0.00615136221295106,2.439285714285715,0.74553571428571,-0.4964285714285719,0.0,0.0,0.0
전주시,2018-12-03,0.8110849444132944,10,7.114285714285715,0.0,7,49,9.285714285714286,0.0,9.310714285714285,0.0,-0.2093824900146258,-0.10960802341147545,-2.005357142857142,0.21696428571428328,-0.4535714285714292,0.0,0.0,0.0
전주시,2018-12-10,0.8553264866575603,6,8.042857142857143,0.0,7,50,7.57857142857143,0.0,8.985714285714286,0.0,-0.15627202719388864,-0.05870602387043944,-0.6160714285714288,-1.3107142857142877,-0.28258928571428577,0.0,0.0,0.0
전주시,2018-12-17,0.8830494259625771,7,9.585714285714285,0.0,7,51,8.814285714285715,0.0,9.05,0.0,-0.12437410490216513,0.023968626076544958,0.9767857142857146,0.18035714285714022,0.1986607142857153,0.0,0.0,0.0
전주시,2018-12-24,0.8396140339315564,7,7.5,0.0,7,52,8.542857142857144,0.0,8.060714285714287,0.0,-0.17481297615444308,-0.07249575950548712,-0.9696428571428566,0.0035714285714263383,-0.6535714285714285,0.0,0.0,0.0
전주시,2018-12-31,0.9062927609346426,6,9.0,0.0,7,1,8.250000000000002,0.0,8.532142857142857,0.0,-0.09839288944679941,-0.026655902568286677,0.15178571428571352,-0.40000000000000213,-0.0933035714285726,0.0,0.0,0.0
전주시,2019-01-07,0.8778000013359947,5,8.27142857142857,0.0,7,2,8.635714285714286,0.0,8.589285714285714,0.0,-0.13033650020602272,-0.0021610726261432622,-0.6160714285714288,-0.2321428571428612,-0.1522321428571427,0.0,0.0,0.0
전주시,2019-01-14,0.9266641057131196,6,8.685714285714285,0.0,7,3,8.47857142857143,0.0,8.364285714285714,0.0,-0.07616412458831844,0.006403687673356237,-0.6428571428571423,-0.6294642857142883,-0.5147321428571434,0.0,0.0,0.0
전주시,2019-01-21,0.7580451475753841,6,10.485714285714286,0.0,7,4,9.585714285714287,0.0,9.110714285714286,0.0,-0.2770123336683801,-0.18878009573864574,1.2301587301587311,0.37539682539682495,0.15436507936507837,0.0,0.0,0.0
전주시,2019-01-28,0.7801704182652328,7,9.87142857142857,0.0,7,5,10.17857142857143,0.0,9.328571428571427,0.0,-0.2482428982074349,-0.12765717055610154,1.1476190476190453,1.1888888888888882,0.36626984126983864,0.0,0.0,0.0
전주시,2019-02-04,0.9535734678098311,4,10.214285714285714,0.0,7,6,10.042857142857144,0.0,9.814285714285713,0.0,-0.04753880624412302,0.05838252692755965,0.25396825396825307,0.7007936507936492,0.538095238095238,0.0,0.0,0.0
전주시,2019-02-11,0.9266653109675562,5,8.314285714285715,0.0,7,7,9.264285714285716,0.0,9.721428571428572,0.0,-0.07616282395128572,0.033471429221617985,-1.5809523809523807,-0.6634920634920665,0.26269841269841265,0.0,0.0,0.0
전주시,2019-02-18,0.9705214446492084,3,10.214285714285714,0.0,7,8,9.264285714285716,0.0,9.653571428571428,0.0,-0.029921780121360503,0.047829651863044276,-0.15079365079365203,-0.8658730158730172,-0.08253968253968225,0.0,0.0,0.0
전주시,2019-02-25,0.8201562544020999,5,11.742857142857142,0.0,7,9,10.97857142857143,0.0,10.121428571428572,0.0,-0.19826040272807166,-0.0668135962609937,0.48888888888888715,0.16904761904761578,-0.2472222222222218,0.0,0.0,0.0
전주시,2019-03-04,0.9073996696888169,5,11.342857142857143,0.0,7,10,11.542857142857144,0.0,10.403571428571428,0.0,-0.09717227577171722,-0.03057871536370886,0.21904761904762005,0.3539682539682527,-0.2559523809523814,0.0,0.0,0.0
전주시,2019-03-11,0.9323688185849992,6,11.042857142857143,0.0,7,11,11.192857142857145,0.0,11.085714285714285,0.0,-0.07002681448076496,-0.0021628109312335775,-0.3698412698412685,-0.07539682539682602,0.04682539682539755,0.0,0.0,0.0
전주시,2019-03-18,1.0440856014372635,5,12.242857142857144,0.0,7,12,11.642857142857146,0.0,11.592857142857143,0.0,0.04314147981300006,0.107761884745738,0.20000000000000107,-0.08492063492063551,0.1345238095238095,0.0,0.0,0.0
전주시,2019-03-25,0.9698301161751989,6,11.385714285714286,0.0,7,13,11.814285714285717,0.0,11.503571428571428,0.0,-0.030634360786865135,0.029290925000714903,-1.5460317460317459,-0.6730158730158742,-0.3742063492063483,0.0,0.0,0.0
전주시,2019-04-01,1.0311556958088182,5,13.871428571428572,0.0,7,14,12.62857142857143,0.0,12.135714285714286,0.0,0.030680207996849892,0.06791184260834807,1.7031746031746042,0.07857142857142563,-0.0031746031746031633,0.0,0.0,0.0
전주시,2019-04-08,0.9800701063873539,5,11.042857142857143,0.0,7,15,12.457142857142859,0.0,12.135714285714286,0.0,-0.02013117274622492,0.019326338133782702,-0.8126984126984116,0.44523809523809277,-0.11388888888888715,0.0,0.0,0.0
전주시,2019-04-15,0.9597270274313136,7,12.285714285714286,0.0,7,16,11.664285714285716,0.0,12.146428571428572,0.0,-0.04110638138008013,-0.012862929453157378,-0.4936507936507919,-0.6531746031746053,-0.2873015873015863,0.0,0.0,0.0
전주시,2019-04-22,0.8352902119441663,9,8.3,0.0,7,17,10.292857142857144,0.0,11.375,0.0,-0.17997605530142385,-0.09321683800845607,-2.72063492063492,-1.6071428571428594,-0.5809523809523807,0.0,0.0,0.0
전주시,2019-04-29,0.8269550562025935,8,12.728571428571428,0.0,7,18,10.514285714285716,0.0,11.089285714285715,0.0,-0.19000493101854155,-0.13297025800820733,1.1158730158730155,-0.802380952380954,-0.7277777777777761,0.0,0.0,0.0
전주시,2019-05-06,0.9775322675737823,8,14.657142857142858,0.0,7,19,13.692857142857145,0.0,11.992857142857144,0.0,-0.022723977361784713,0.06624305318089885,3.117460317460319,2.1166666666666654,0.2547619047619065,0.0,0.0,0.0
전주시,2019-05-13,1.026461681693582,8,11.528571428571428,0.0,7,20,13.092857142857145,0.0,11.803571428571429,0.0,0.026117627694455327,0.08618552281795988,-0.02857142857142847,1.5444444444444425,0.37103174603174693,0.0,0.0,0.0
전주시,2019-05-20,0.8852914815444736,7,13.385714285714286,0.0,7,21,12.457142857142859,0.0,13.075,0.0,-0.12183833052316985,-0.0559976351567687,2.1158730158730155,1.0436507936507926,1.5801587301587308,0.0,0.0,0.0
전주시,2019-05-27,0.9669394671100762,7,11.585714285714287,0.0,7,22,12.485714285714288,0.0,12.789285714285715,0.0,-0.03361938413343565,0.027556268734684197,0.5841269841269856,1.3499999999999979,1.447222222222221,0.0,0.0,0.0
전주시,2019-06-03,1.1960741402535429,5,10.985714285714286,0.0,7,23,11.285714285714288,0.0,11.87142857142857,0.0,0.17904464378567583,0.2695976629755612,0.38412698412698454,0.4841269841269824,0.7638888888888875,0.0,0.0,0.0
전주시,2019-06-10,0.9958992549588868,5,8.585714285714285,0.0,7,24,9.785714285714288,0.0,11.135714285714286,0.0,-0.0041091761531805385,0.10933182158712969,-1.5539682539682538,-0.5849206349206355,0.38253968253968296,0.0,0.0,0.0
전주시,2019-06-17,1.0212390159118814,6,9.228571428571428,0.0,7,25,8.907142857142858,0.0,10.096428571428572,0.0,0.021016611601192933,0.10862212405657662,-0.22222222222222143,-0.8880952380952394,-0.20198412698412582,-0.1111111111111111,-0.1111111111111111,-0.1111111111111111
전주시,2019-06-24,0.8602265780655052,6,7.742857142857143,0.0,7,26,8.485714285714288,0.0,9.135714285714284,0.0,-0.15055946156796357,-0.01563217071633438,-0.3047619047619028,-0.2634920634920661,-0.4242063492063508,-0.2222222222222222,-0.3333333333333333,-0.3333333333333333
전주시,2019-07-01,0.8576611349228044,7,10.042857142857143,0.0,7,27,8.892857142857144,0.0,8.899999999999999,0.0,-0.15354620514895526,-0.12340287453793634,2.341269841269841,1.0182539682539673,0.06507936507936485,-1.0,-1.2222222222222223,-1.3333333333333333
전주시,2019-07-08,0.9252630620181076,5,7.200000000000001,0.0,7,28,8.621428571428574,0.0,8.553571428571429,0.0,-0.07767719053034525,-0.01896239768223045,-0.1396825396825374,1.1007936507936504,0.4186507936507944,-1.4444444444444444,-2.4444444444444446,-2.7777777777777777
전주시,2019-07-15,0.9804188828757124,8,7.714285714285714,0.0,7,29,7.457142857142859,0.0,8.175,0.0,-0.01977536713451461,-0.024288622275459262,0.14761904761904798,0.003968253968252178,0.5111111111111128,-0.6666666666666666,-2.111111111111111,-3.3333333333333335
전주시,2019-07-22,0.8355450825982146,5,5.4,5.0,7,30,6.557142857142859,5.0,7.589285714285714,5.0,-0.17967097357750095,-0.12075315616315706,-2.704761904761906,-1.2785714285714302,-0.08888888888888857,1.5555555555555554,0.8888888888888893,-1.5555555555555554
전주시,2019-07-29,1.0457754877942007,6,8.328571428571427,6.0,7,31,6.864285714285716,11.0,7.160714285714286,11.0,0.04475870378444716,0.09692824701648564,-0.001587301587303358,-1.3531746031746064,-0.674603174603174,1.2222222222222223,2.7777777777777786,0.6666666666666661
전주시,2019-08-05,0.8764147871550734,7,8.257142857142856,6.0,7,32,8.292857142857144,12.0,7.425,17.0,-0.13191579879354373,-0.07925519183249911,0.36666666666666714,0.18253968253968011,-0.5480158730158724,2.3333333333333335,3.5555555555555554,4.444444444444445
전주시,2019-08-12,0.8390591467862736,6,7.557142857142857,3.0,7,33,7.907142857142858,9.0,7.385714285714285,20.0,-0.17547407823418834,-0.04426151740346487,-0.7017857142857142,-0.03214285714285925,-0.6906249999999998,0.125,2.875,6.125
전주시,2019-08-19,0.8908184240820649,3,8.8,0.0,7,34,8.17857142857143,3.0,8.235714285714284,15.0,-0.11561466118812706,-0.017842604419496394,0.626785714285715,-0.03750000000000142,0.14687499999999787,-2.0,-1.875,2.25
전주시,2019-08-26,0.8784075057131429,8,7.614285714285714,0.0,7,35,8.207142857142859,0.0,8.057142857142857,9.0,-0.12964466350797765,-0.026712113897976356,-0.23214285714285765,0.19732142857142776,0.08258928571428648,-0.75,-2.75,0.125
전주시,2019-09-02,0.9219010665162304,8,6.371428571428572,0.0,7,36,6.992857142857145,0.0,7.585714285714285,3.0,-0.08131736431066847,-0.0206039735683149,-1.9142857142857146,-1.073214285714287,-0.5553571428571438,0.0,-0.75,-2.625
전주시,2019-09-09,0.902774381353878,5,7.8999999999999995,0.0,7,37,7.135714285714288,0.0,7.671428571428572,0.0,-0.10228261132012272,-0.03532634444587497,-0.1250000000000009,-1.019642857142859,-0.411160714285713,-0.25,-0.25,-3.0
전주시,2019-09-16,1.0167962546013647,5,8.6,0.0,7,38,8.25,0.0,7.621428571428571,0.0,0.01665675737074941,0.12524290334874516,0.03392857142857153,-0.04553571428571779,-0.5593750000000002,-0.25,-0.5,-1.25
전주시,2019-09-23,0.9367680959412069,6,9.657142857142857,0.0,7,39,9.12857142857143,0.0,8.132142857142856,0.0,-0.06531952370340585,-0.0010011710975230403,-0.00535714285714306,0.014285714285712459,-0.5026785714285733,0.0,-0.25,-0.5
전주시,2019-09-30,0.9826576382641731,7,6.800000000000002,0.0,7,40,8.22857142857143,0.0,8.239285714285714,0.0,-0.017494502038409725,0.05637592930818168,-1.8410714285714276,-0.9232142857142893,-0.484375,0.0,0.0,-0.5
전주시,2019-10-07,0.8909533299703739,5,10.87142857142857,0.0,7,41,8.835714285714285,0.0,8.982142857142858,0.0,-0.1154632322654719,-0.037069630308857196,0.9767857142857128,-0.4321428571428605,-0.20892857142857224,0.0,0.0,-0.25
전주시,2019-10-14,0.9823507812722675,4,10.299999999999999,0.0,7,42,10.585714285714285,0.0,9.407142857142857,0.0,-0.017806823340801217,0.10733910460181176,-0.003571428571429891,0.4866071428571388,-0.2183035714285726,0.0,0.0,0.0
전주시,2019-10-21,1.0124027048033588,6,10.014285714285714,0.0,7,43,10.157142857142858,0.0,9.49642857142857,0.0,0.012326421359856867,0.07685129963416619,-0.7660714285714292,-0.3848214285714313,-0.4084821428571441,0.0,0.0,0.0
전주시,2019-10-28,1.003222082737044,5,10.514285714285714,0.0,7,44,10.264285714285716,0.0,10.424999999999999,0.0,0.003216902951943456,0.039385521358334195,-0.2107142857142854,-0.48839285714285907,-0.0008928571428583609,0.0,0.0,0.0
전주시,2019-11-04,1.0039806980579569,5,11.714285714285714,0.0,7,45,11.114285714285714,0.0,10.635714285714286,0.0,0.003972796042858336,0.07455400042110771,1.3232142857142843,0.556249999999995,0.08571428571428541,0.0,0.0,0.0
전주시,2019-11-11,1.1081531257284598,5,9.928571428571429,0.0,7,46,10.821428571428573,0.0,10.542857142857143,0.0,0.10269477889227425,0.1485102048177132,-0.7142857142857135,0.30446428571428363,-0.09196428571428505,0.0,0.0,0.0
전주시,2019-11-18,1.0809592690534222,4,11.414285714285715,0.0,7,47,10.671428571428573,0.0,10.892857142857144,0.0,0.07784885899569588,0.08897225603644174,1.1374999999999993,0.21160714285714022,0.3839285714285712,0.0,0.0,0.0
전주시,2019-11-25,0.9394979749831772,7,9.257142857142856,0.0,7,48,10.335714285714285,0.0,10.578571428571427,0.0,-0.06240961555065554,-0.022790188311399215,0.23928571428571388,0.688392857142853,0.4964285714285701,0.0,0.0,0.0
전주시,2019-12-02,0.973641405052804,5,9.328571428571427,0.0,7,49,9.292857142857143,0.0,9.982142857142858,0.0,-0.026712210426736237,0.07306225617641413,0.20892857142857046,0.2241071428571395,0.21785714285714342,0.0,0.0,0.0
전주시,2019-12-09,0.9822403875839353,7,10.799999999999999,0.0,7,50,10.064285714285713,0.0,10.2,0.0,-0.01791920671114149,0.07964679661230771,2.1410714285714274,1.1749999999999954,0.9316964285714278,0.0,0.0,0.0
전주시,2019-12-16,0.7948321270204268,7,8.328571428571427,0.0,7,51,9.564285714285713,0.0,9.428571428571427,0.0,-0.22962434760601919,-0.0812816166273091,-0.2803571428571434,0.9303571428571384,0.5772321428571416,0.0,0.0,0.0
전주시,2019-12-23,0.9965155570625589,4,8.871428571428572,0.0,7,52,8.600000000000001,0.0,9.332142857142856,0.0,-0.003490527747627795,0.09882668890132816,0.4017857142857153,0.06071428571428328,0.6178571428571402,0.0,0.0,0.0
전주시,2019-12-30,0.9259973659861325,7,9.299999999999999,0.0,7,1,9.085714285714285,0.0,9.325,0.0,-0.07688388884741963,-0.0051469019689068946,0.45178571428571246,0.4357142857142815,0.6995535714285701,0.0,0.0,0.0
전주시,2020-01-06,0.9452119172143071,7,7.442857142857143,0.0,7,2,8.371428571428572,0.0,8.485714285714286,0.0,-0.05634612560846515,0.07182930197141431,-1.4446428571428562,-0.49642857142857544,-0.25580357142857046,0.0,0.0,0.0
전주시,2020-01-13,0.9101077030952734,8,7.771428571428571,0.0,7,3,7.607142857142858,0.0,8.346428571428572,0.0,-0.09419233142489661,-0.011624519163221936,-1.557142857142856,-1.5008928571428601,-0.5325892857142858,0.0,0.0,0.0
전주시,2020-01-20,0.9850097915002645,8,8.814285714285715,0.0,7,4,8.292857142857144,0.0,8.332142857142856,0.0,-0.015103697250050153,0.07312854067968419,-0.4412698412698397,-0.9174603174603178,-0.6242063492063519,0.0,0.0,0.0
전주시,2020-01-27,0.9761543244541112,7,7.428571428571429,0.0,7,5,8.121428571428574,0.0,7.864285714285714,0.0,-0.024134585750849393,0.09645114190048396,-1.295238095238096,-0.8682539682539687,-1.0980158730158749,0.0,0.0,0.0
전주시,2020-02-03,0.9286847742422104,7,9.299999999999999,0.0,7,6,8.364285714285716,0.0,8.32857142857143,0.0,-0.07398591503446085,0.031935418137221824,-0.6603174603174615,-0.9777777777777796,-0.947619047619046,0.0,0.0,0.0
전주시,2020-02-10,0.9226711348929983,7,10.171428571428573,0.0,7,7,9.735714285714288,0.0,8.928571428571429,0.0,-0.08048240819356173,0.02915184497934198,0.276190476190477,-0.19206349206349493,-0.53015873015873,0.0,0.0,0.0
전주시,2020-02-17,0.8979273301225638,6,10.214285714285714,0.0,7,8,10.192857142857145,0.0,9.278571428571428,0.0,-0.10766613809415632,-0.02991470610975154,-0.15079365079365203,0.06269841269841159,-0.45753968253968225,0.0,0.0,0.0
전주시,2020-02-24,0.8454928241587074,8,8.314285714285715,0.0,7,9,9.264285714285716,0.0,9.5,0.0,-0.16783559777743914,-0.036388791310361185,-2.93968253968254,-1.5452380952380977,-0.8686507936507937,0.0,0.0,0.0
전주시,2020-03-02,0.9990626496639395,7,11.571428571428571,0.0,7,10,9.942857142857145,0.0,10.067857142857143,0.0,-0.0009377899236065411,0.06565577048440181,0.4476190476190478,-1.246031746031747,-0.5916666666666668,0.0,0.0,0.0
전주시,2020-03-09,0.9575514147748297,6,10.828571428571427,0.0,7,11,11.200000000000001,0.0,10.232142857142858,0.0,-0.04337586247618996,0.024488141073341428,-0.5841269841269838,-0.06825396825396979,-0.8067460317460302,0.0,0.0,0.0
전주시,2020-03-16,1.0257903473541894,6,13.6,0.0,7,12,12.214285714285715,0.0,11.07857142857143,0.0,0.025463386057622592,0.09008379099036053,1.557142857142857,0.4865079365079339,-0.37976190476190474,0.0,0.0,0.0
전주시,2020-03-23,0.8903653220984168,6,11.971428571428572,0.0,7,13,12.785714285714288,0.0,11.992857142857142,0.0,-0.11612342620958341,-0.05619814042200337,-0.9603174603174605,0.29841269841269735,0.11507936507936556,0.0,0.0,0.0
전주시,2020-03-30,0.9970127497307312,7,13.1,0.0,7,14,12.535714285714288,0.0,12.375,0.0,-0.0029917210070494896,0.03423991360444869,0.931746031746032,-0.014285714285716011,0.23611111111111072,0.0,0.0,0.0
전주시,2020-04-06,1.0689746930137867,5,12.028571428571427,0.0,7,15,12.564285714285715,0.0,12.674999999999999,0.0,0.06669995824892248,0.10615746912893011,0.1730158730158724,0.5523809523809486,0.42539682539682566,0.0,0.0,0.0
전주시,2020-04-13,1.0116518063990552,7,12.985714285714286,0.0,7,16,12.507142857142858,0.0,12.52142857142857,0.0,0.011584446838324174,0.03982789876524693,0.2063492063492074,0.18968253968253634,0.08769841269841194,0.0,0.0,0.0
전주시,2020-04-20,0.9496519663890279,4,10.357142857142858,0.0,7,17,11.671428571428574,0.0,12.117857142857142,0.0,-0.05165971267997871,0.03509950461298908,-0.6634920634920629,-0.22857142857142954,0.16190476190476133,0.0,0.0,0.0
전주시,2020-04-27,1.0202980950034726,4,12.671428571428573,0.0,7,18,11.514285714285716,0.0,12.010714285714286,0.0,0.020094834602870492,0.07712950761320471,1.0587301587301603,0.19761904761904603,0.19365079365079474,0.0,0.0,0.0
전주시,2020-05-04,0.9145793144412856,7,11.285714285714286,0.0,7,19,11.978571428571431,0.0,11.825000000000001,0.0,-0.08929108506918283,-0.00032405452649926503,-0.25396825396825307,0.40238095238095184,0.08690476190476382,0.0,0.0,0.0
전주시,2020-05-11,0.9528610528294328,8,10.3,0.0,7,20,10.792857142857144,0.0,11.153571428571428,0.0,-0.04828618571700513,0.011781709406499419,-1.2571428571428562,-0.7555555555555582,-0.2789682539682534,0.0,0.0,0.0
전주시,2020-05-18,0.9645606094995616,7,10.728571428571428,0.0,7,21,10.514285714285716,0.0,11.246428571428572,0.0,-0.03608260827940063,0.02975808708700052,-0.5412698412698429,-0.8992063492063505,-0.24841269841269664,0.0,0.0,0.0
전주시,2020-05-25,1.0641521685993065,6,10.7,0.0,7,22,10.714285714285715,0.0,10.75357142857143,0.0,0.06217839629454852,0.12335404916266837,-0.3015873015873023,-0.4214285714285744,-0.5884920634920636,0.0,0.0,0.0
전주시,2020-06-01,1.1161018546485189,6,10.185714285714285,0.0,7,23,10.442857142857143,0.0,10.478571428571428,0.0,0.10984212740068432,0.20039514659056973,-0.41587301587301617,-0.3587301587301628,-0.6289682539682548,0.0,0.0,0.0
전주시,2020-06-08,1.0257224143843877,7,10.357142857142858,0.0,7,24,10.271428571428572,0.0,10.492857142857144,0.0,0.02539715886070383,0.13883815660101406,0.21746031746031846,-0.09920634920635152,-0.2603174603174594,0.0,0.0,0.0
전주시,2020-06-15,1.010430552927279,7,9.128571428571428,0.0,7,25,9.742857142857144,0.0,10.092857142857143,0.0,0.010376530044397451,0.09798204249978114,-0.3222222222222211,-0.05238095238095397,-0.20555555555555394,-0.1111111111111111,-0.1111111111111111,-0.1111111111111111
전주시,2020-06-22,0.8932651507293287,10,8.242857142857142,0.0,7,26,8.685714285714287,0.0,9.478571428571428,0.0,-0.1128718208686076,0.02205546998302159,0.19523809523809632,-0.06349206349206682,-0.08134920634920739,-0.2222222222222222,-0.3333333333333333,-0.3333333333333333
전주시,2020-06-29,0.8941219486768902,7,6.985714285714287,0.0,7,27,7.614285714285716,0.0,8.678571428571429,0.0,-0.11191310519535214,-0.08176977458433322,-0.7158730158730151,-0.26031746031746117,-0.1563492063492049,-1.0,-1.2222222222222223,-1.3333333333333333
전주시,2020-07-06,1.0469858978118392,7,7.814285714285715,0.0,7,28,7.400000000000002,0.0,8.042857142857143,0.0,0.045915462659045586,0.10463025550716037,0.47460317460317647,-0.1206349206349211,-0.09206349206349174,-1.4444444444444444,-2.4444444444444446,-2.7777777777777777
전주시,2020-07-13,0.9665769737118669,10,6.428571428571429,0.0,7,29,7.121428571428574,0.0,7.367857142857144,0.0,-0.0339943417958615,-0.03850759693680615,-1.1380952380952376,-0.33174603174603323,-0.2960317460317441,-0.6666666666666666,-2.111111111111111,-3.3333333333333335
전주시,2020-07-20,0.9335611414389273,7,5.628571428571427,0.0,7,30,6.02857142857143,0.0,6.714285714285714,0.0,-0.0687488211565197,-0.009831003742175812,-2.476190476190479,-1.8071428571428587,-0.9638888888888886,-3.4444444444444446,-4.111111111111111,-6.555555555555555
전주시,2020-07-27,0.9711363906866676,9,5.642857142857143,1.0,7,31,5.635714285714287,1.0,6.378571428571428,1.0,-0.029288356408048232,0.02288118682399026,-2.6873015873015875,-2.581746031746035,-1.4567460317460315,-3.7777777777777777,-7.222222222222221,-9.333333333333334
전주시,2020-08-03,1.0746306172647773,6,5.128571428571427,3.0,7,32,5.385714285714287,4.0,5.707142857142857,4.0,0.07197699068482989,0.12463759764587451,-2.761904761904762,-2.7246031746031774,-2.265873015873015,-0.6666666666666665,-4.444444444444445,-8.555555555555555
전주시,2020-08-10,0.9679921818361387,7,7.142857142857144,4.0,7,33,6.135714285714288,7.0,5.885714285714285,8.0,-0.0325312683537353,0.09868129247698817,-1.116071428571427,-1.8035714285714297,-2.190625,1.125,0.875,-5.875
전주시,2020-08-17,0.8787233401578985,7,8.985714285714284,2.0,7,34,8.064285714285717,6.0,6.725,10.0,-0.12928517468687,-0.03151311791823934,0.8124999999999982,-0.1517857142857153,-1.3638392857142865,0.0,1.125,-2.75
전주시,2020-08-24,0.8739173869898345,6,8.614285714285714,2.0,7,35,8.8,4.0,7.4678571428571425,11.0,-0.1347694306890982,-0.03183688107909689,0.7678571428571423,0.7901785714285694,-0.5066964285714279,1.25,1.25,2.125
전주시,2020-08-31,0.9515447483147184,6,7.042857142857144,0.0,7,36,7.828571428571431,2.0,7.946428571428571,8.0,-0.04966856411927822,0.011044826623075349,-1.2428571428571429,-0.2375000000000007,-0.194642857142858,0.0,1.25,2.375
전주시,2020-09-07,1.130441571750121,6,7.528571428571429,0.0,7,37,7.285714285714289,0.0,8.042857142857143,4.0,0.12260832785325097,0.1895645947274987,-0.496428571428571,-0.8696428571428578,-0.039732142857141994,-0.25,-0.25,1.0
전주시,2020-09-14,1.1408809984573498,2,8.757142857142858,0.0,7,38,8.142857142857146,0.0,7.985714285714286,2.0,0.1318007696102067,0.24038691558820247,0.1910714285714299,-0.15267857142857189,-0.1950892857142854,-0.25,-0.5,0.75
전주시,2020-09-21,0.8676550403743081,10,11.1,0.0,7,39,9.928571428571432,0.0,8.607142857142858,0.0,-0.14196106223722477,-0.07764270963134196,1.4375,0.814285714285715,-0.027678571428571885,0.0,-0.25,-0.5
전주시,2020-09-28,0.871237878635744,6,9.757142857142858,0.0,7,40,10.42857142857143,0.0,9.285714285714286,0.0,-0.13784022961739106,-0.06396979827079965,1.1160714285714288,1.2767857142857117,0.5620535714285726,0.0,0.0,-0.5
전주시,2020-10-05,0.939121573686117,11,11.5,0.0,7,41,10.628571428571432,0.0,10.278571428571428,0.0,-0.06281033671036411,0.015583265246250588,1.6053571428571427,1.3607142857142858,1.0874999999999986,0.0,0.0,-0.25
전주시,2020-10-12,0.8596883651322997,10,10.585714285714285,0.0,7,42,11.042857142857144,0.0,10.735714285714286,0.0,-0.15118532153028583,-0.02603939358767285,0.2821428571428566,0.9437499999999979,1.1102678571428566,0.0,0.0,0.0
전주시,2020-10-19,1.0785541324451757,10,11.257142857142856,0.0,7,43,10.921428571428574,0.0,10.775,0.0,0.07562137793349402,0.14014625620780335,0.4767857142857128,0.3794642857142847,0.8700892857142861,0.0,0.0,0.0
전주시,2020-10-26,1.0677450075592572,7,11.285714285714286,0.0,7,44,11.271428571428574,0.0,11.157142857142857,0.0,0.0655489550640332,0.10171757347042394,0.5607142857142868,0.5187499999999989,0.7312499999999993,0.0,0.0,0.0
전주시,2020-11-02,1.027116621173461,8,10.200000000000001,0.0,7,45,10.742857142857147,0.0,10.832142857142857,0.0,0.026755479683025735,0.09733668406127512,-0.19107142857142811,0.18482142857142847,0.2821428571428566,0.0,0.0,0.0
전주시,2020-11-09,1.0160479518847827,10,12.514285714285714,0.0,7,46,11.357142857142861,0.0,11.314285714285715,0.0,0.015920544779550044,0.061735970704989,1.8714285714285719,0.8401785714285719,0.6794642857142872,0.0,0.0,0.0
전주시,2020-11-16,1.028346575077415,9,9.400000000000002,0.0,7,47,10.95714285714286,0.0,10.850000000000001,0.0,0.027952245504955647,0.039075642545701506,-0.8767857142857132,0.49732142857142847,0.34107142857142847,0.0,0.0,0.0
전주시,2020-11-23,1.2579307579940389,9,7.471428571428572,0.0,7,48,8.43571428571429,0.0,9.896428571428572,0.0,0.22946811542322695,0.26908754266248325,-1.54642857142857,-1.211607142857142,-0.18571428571428505,0.0,0.0,0.0
전주시,2020-11-30,0.8616821498808043,9,9.471428571428572,0.0,7,49,8.471428571428575,0.0,9.714285714285715,0.0,-0.14886881195526347,-0.049094345352113114,0.3517857142857146,-0.5973214285714281,-0.049999999999998934,0.0,0.0,0.0
전주시,2020-12-07,0.9178800776024906,5,9.257142857142856,0.0,7,50,9.364285714285717,0.0,8.9,0.0,-0.08568853131501052,0.01187747200843868,0.5982142857142847,0.47499999999999964,-0.3683035714285712,0.0,0.0,0.0
전주시,2020-12-14,0.9671996797233438,8,7.371428571428572,0.0,7,51,8.314285714285717,0.0,8.392857142857142,0.0,-0.03335031081959102,0.11499242015911906,-1.237499999999999,-0.319642857142858,-0.45848214285714306,0.0,0.0,0.0
전주시,2020-12-21,0.959035246554727,8,8.728571428571428,0.0,7,52,8.050000000000004,0.0,8.707142857142857,0.0,-0.041827451328076574,0.060489765320879386,0.2589285714285712,-0.4892857142857139,-0.007142857142858006,0.0,0.0,0.0
전주시,2020-12-28,0.9763045176284567,8,8.585714285714285,0.0,7,53,8.65714285714286,0.0,8.485714285714286,0.0,-0.023980735465860485,0.0,0.0,0.0,0.0,0.0,0.0,0.0
전주시,2021-01-04,1.0120857834347858,5,10.27142857142857,0.0,7,1,9.42857142857143,0.0,8.739285714285714,0.0,0.01201333351272605,0.08375032039123878,1.423214285714284,0.7785714285714267,0.1138392857142847,0.0,0.0,0.0
전주시,2021-01-11,0.8447647414855725,5,9.614285714285716,0.0,7,2,9.942857142857147,0.0,9.299999999999999,0.0,-0.16869710283201203,-0.04052167525213257,0.7267857142857164,1.0749999999999993,0.5584821428571427,0.0,0.0,0.0
전주시,2021-01-18,1.0316628798978158,7,9.357142857142858,0.0,7,3,9.485714285714291,0.0,9.457142857142857,0.0,0.031171946926478213,0.11373975918815288,0.028571428571430246,0.3776785714285733,0.578125,0.0,0.0,0.0
전주시,2021-01-25,1.086101934997617,6,10.257142857142856,0.0,7,4,9.80714285714286,0.0,9.875,0.0,0.08259507990397613,0.17082731783371047,1.0015873015873016,0.5968253968253983,0.9186507936507926,0.0,0.0,0.0
전주시,2021-02-01,0.9552087066318588,7,9.242857142857144,0.0,7,5,9.750000000000004,0.0,9.617857142857144,0.0,-0.045825421402238914,0.07476030624909444,0.519047619047619,0.7603174603174612,0.655555555555555,0.0,0.0,0.0
전주시,2021-02-08,0.9229892548276925,6,12.057142857142859,0.0,7,6,10.650000000000006,0.0,10.22857142857143,0.0,-0.08013768612051284,0.02578364705116984,2.0968253968253983,1.3079365079365104,0.9523809523809543,0.0,0.0,0.0
전주시,2021-02-15,0.8822360911719057,10,10.171428571428573,0.0,7,7,11.11428571428572,0.0,10.432142857142857,0.0,-0.12529558172880692,-0.015661328555903214,0.276190476190477,1.1865079365079367,0.9734126984126981,0.0,0.0,0.0
전주시,2021-02-22,0.892479383088756,7,11.142857142857142,0.0,7,8,10.657142857142862,0.0,10.65357142857143,0.0,-0.11375186577582178,-0.036000433791417,0.7777777777777768,0.5269841269841287,0.9174603174603195,0.0,0.0,0.0
전주시,2021-03-01,0.8987873964677322,5,9.485714285714286,0.0,7,9,10.314285714285717,0.0,10.714285714285715,0.0,-0.10670876139085159,0.024738045076226373,-1.768253968253969,-0.49523809523809703,0.3456349206349216,0.0,0.0,0.0
전주시,2021-03-08,0.9988847507507682,6,11.285714285714286,0.0,7,10,10.38571428571429,0.0,10.521428571428572,0.0,-0.0011158716024380697,0.06547768880557028,0.1619047619047631,-0.8031746031746021,-0.1380952380952376,0.0,0.0,0.0
전주시,2021-03-15,0.9081950842870494,6,11.628571428571428,0.0,7,11,11.45714285714286,0.0,10.885714285714286,0.0,-0.09629607292151686,-0.028432069371985474,0.21587301587301688,0.18888888888889,-0.15317460317460174,0.0,0.0,0.0
전주시,2021-03-22,0.7805274552387115,5,11.942857142857141,0.0,7,12,11.785714285714288,0.0,11.085714285714285,0.0,-0.24778536317036132,-0.18316495823762338,-0.10000000000000142,0.05793650793650684,-0.3726190476190485,0.0,0.0,0.0
전주시,2021-03-29,0.8781308221421487,7,11.657142857142857,0.0,7,13,11.800000000000002,0.0,11.62857142857143,0.0,-0.12995969628454146,-0.07003441049696142,-1.2746031746031754,-0.6873015873015884,-0.24920634920634654,0.0,0.0,0.0
전주시,2021-04-05,0.9131590392005023,11,13.728571428571428,0.0,7,14,12.692857142857147,0.0,12.239285714285714,0.0,-0.09084521947121386,-0.053613584859715686,1.56031746031746,0.14285714285714235,0.1003968253968246,0.0,0.0,0.0
전주시,2021-04-12,0.9535068335694981,7,10.028571428571428,0.0,7,15,11.878571428571432,0.0,11.839285714285714,0.0,-0.04760868714039358,-0.008151176260385959,-1.8269841269841258,-0.13333333333333464,-0.41031746031745975,0.0,0.0,0.0
전주시,2021-04-19,0.9277043379755062,9,15.1,0.0,7,16,12.564285714285717,0.0,12.628571428571428,0.0,-0.07504219827961713,-0.046798746352694376,2.3206349206349213,0.24682539682539506,0.1948412698412696,0.0,0.0,0.0
전주시,2021-04-26,0.88771444611999,10,8.342857142857143,0.0,7,17,11.721428571428575,0.0,11.8,0.0,-0.11910515738928092,-0.03234594009631313,-2.677777777777777,-0.17857142857142883,-0.15595238095237995,0.0,0.0,0.0
전주시,2021-05-03,0.8206477907978652,12,13.414285714285715,0.0,7,18,10.878571428571433,0.0,11.721428571428572,0.0,-0.19766126182284643,-0.14062658881251222,1.8015873015873023,-0.43809523809523654,-0.09563492063491985,0.0,0.0,0.0
전주시,2021-05-10,0.9931060553919899,10,10.22857142857143,0.0,7,19,11.821428571428577,0.0,11.771428571428572,0.0,-0.006917817626918699,0.08204921291576486,-1.31111111111111,0.24523809523809703,0.03333333333333499,0.0,0.0,0.0
전주시,2021-05-17,1.0394381146157712,9,8.942857142857143,0.0,7,20,9.585714285714289,0.0,10.232142857142858,0.0,0.03868029274456168,0.09874818786806623,-2.614285714285714,-1.9626984126984137,-1.2003968253968242,0.0,0.0,0.0
전주시,2021-05-24,0.788543860322016,7,10.742857142857144,0.0,7,21,9.842857142857147,0.0,10.832142857142857,0.0,-0.23756724911398916,-0.171726553747588,-0.5269841269841269,-1.5706349206349195,-0.6626984126984112,0.0,0.0,0.0
전주시,2021-05-31,1.0214671289948558,8,10.342857142857143,0.0,7,22,10.542857142857148,0.0,10.064285714285715,0.0,0.02123995560443241,0.08241560847255225,-0.6587301587301582,-0.5928571428571416,-1.2777777777777786,0.0,0.0,0.0
전주시,2021-06-07,0.8508878184852071,7,10.685714285714285,0.0,7,23,10.514285714285718,0.0,10.178571428571429,0.0,-0.16147498226481935,-0.07092196307493395,0.08412698412698383,-0.28730158730158806,-0.9289682539682538,0.0,0.0,0.0
전주시,2021-06-14,0.8206190526272438,6,8.128571428571428,0.0,7,24,9.40714285714286,0.0,9.975000000000001,0.0,-0.19769628132103406,-0.08425528358072383,-2.011111111111111,-0.9634920634920636,-0.7781746031746017,0.0,0.0,0.0
전주시,2021-06-21,0.853457603403124,6,9.285714285714286,0.0,7,25,8.70714285714286,0.0,9.610714285714286,0.0,-0.1584594117914743,-0.07085389933609061,-0.16507936507936272,-1.088095238095237,-0.6876984126984116,-0.1111111111111111,-0.1111111111111111,-0.1111111111111111
전주시,2021-06-28,0.953083722150615,7,8.114285714285714,0.0,7,26,8.700000000000003,0.0,9.053571428571429,0.0,-0.048052528031726605,0.08687476281990258,0.0666666666666682,-0.04920634920635081,-0.5063492063492063,-0.2222222222222222,-0.3333333333333333,-0.3333333333333333
전주시,2021-07-05,0.9429324212761159,5,6.285714285714286,0.0,7,27,7.200000000000003,0.0,7.953571428571429,0.0,-0.05876066246264065,-0.028617331851621745,-1.4158730158730162,-0.674603174603174,-0.8813492063492046,-1.0,-1.2222222222222223,-1.3333333333333333
전주시,2021-07-12,0.8575329860759048,5,9.042857142857144,4.0,7,28,7.664285714285718,4.0,8.182142857142857,4.0,-0.15369563295490346,-0.09498084010678867,1.703174603174606,0.14365079365079492,0.0472222222222225,2.5555555555555554,1.5555555555555554,1.2222222222222223
전주시,2021-07-19,0.9395380452363581,6,10.271428571428572,0.0,7,29,9.657142857142862,4.0,8.42857142857143,4.0,-0.06236696575282755,-0.0668802208937722,2.704761904761906,2.203968253968255,0.7646825396825427,-0.6666666666666666,1.8888888888888888,0.6666666666666665
전주시,2021-07-26,0.8471534837426784,7,9.442857142857145,2.0,7,30,9.857142857142861,2.0,8.760714285714288,6.0,-0.16587339207734858,-0.10695557466300469,1.3380952380952387,2.0214285714285722,1.082539682539685,-1.4444444444444446,-2.1111111111111107,-0.5555555555555554
전주시,2021-08-02,0.8296371280016861,6,8.357142857142858,0.0,7,31,8.900000000000006,2.0,9.27857142857143,6.0,-0.18676686896786127,-0.13459732573582278,0.026984126984126888,0.6825396825396837,1.4432539682539707,-4.777777777777778,-6.222222222222221,-4.333333333333334
전주시,2021-08-09,0.8723960060977024,5,9.428571428571429,0.0,7,32,8.892857142857146,0.0,9.375,2.0,-0.13651182272829876,-0.08385121576725414,1.5380952380952397,0.7825396825396815,1.4019841269841278,-3.6666666666666665,-8.444444444444445,-10.555555555555555
전주시,2021-08-16,0.89072419985758,7,7.985714285714286,0.0,7,33,8.70714285714286,0.0,8.803571428571429,2.0,-0.11572043943143892,0.015492121399284547,-0.2732142857142854,0.7678571428571432,0.7272321428571438,-2.875,-6.125,-11.875
전주시,2021-08-23,0.8787649578754064,6,6.557142857142858,0.0,7,34,7.271428571428576,0.0,8.082142857142857,0.0,-0.12923781423779934,-0.03146575746916867,-1.616071428571428,-0.9446428571428562,-0.006696428571428825,-2.0,-4.875,-12.75
전주시,2021-08-30,0.9601758960670401,6,7.171428571428571,0.0,7,35,6.864285714285717,0.0,7.785714285714286,0.0,-0.04063878623408468,0.06229376337591662,-0.6750000000000007,-1.1455357142857139,-0.18883928571428488,-0.75,-2.75,-8.875
전주시,2021-09-06,0.879735842329353,6,7.728571428571429,0.0,7,36,7.450000000000003,0.0,7.360714285714286,0.0,-0.12813359574386027,-0.0674202050015067,-0.5571428571428578,-0.6160714285714288,-0.7803571428571434,0.0,-0.75,-5.625
전주시,2021-09-13,0.9137012611896088,5,9.414285714285715,0.0,7,37,8.571428571428575,0.0,7.7178571428571425,0.0,-0.0902516086681188,-0.02329534179387105,1.3892857142857142,0.41607142857142776,-0.36473214285714217,-0.25,-0.25,-3.0
전주시,2021-09-20,0.7462861945165116,7,9.0,0.0,7,38,9.20714285714286,0.0,8.32857142857143,0.0,-0.2926461135868305,-0.18405996760883475,0.4339285714285719,0.9116071428571431,0.147767857142858,-0.25,-0.5,-1.25
전주시,2021-09-27,0.8754730297845561,8,9.214285714285714,0.0,7,39,9.107142857142861,0.0,8.839285714285714,0.0,-0.13299093323095115,-0.06867258062506834,-0.4482142857142861,-0.007142857142856229,0.204464285714284,0.0,-0.25,-0.5
전주시,2021-10-04,0.8031471364811745,7,9.428571428571429,0.0,7,40,9.321428571428575,0.0,9.264285714285714,0.0,-0.21921734834464496,-0.14534691699805355,0.7874999999999996,0.16964285714285587,0.5406250000000004,0.0,0.0,-0.5
전주시,2021-10-11,0.9105191604969001,6,7.514285714285714,0.0,7,41,8.471428571428575,0.0,8.789285714285715,0.0,-0.09374033610739387,-0.015346734150779168,-2.380357142857143,-0.7964285714285708,-0.4017857142857153,0.0,0.0,-0.25
전주시,2021-10-18,0.9128603762953199,7,12.428571428571429,0.0,7,42,9.971428571428575,0.0,9.646428571428572,0.0,-0.09117233856459392,0.03397358937801906,2.125,-0.12767857142857153,0.02098214285714306,0.0,0.0,0.0
전주시,2021-10-25,0.962707634254585,7,12.12857142857143,0.0,7,43,12.278571428571432,0.0,10.375,0.0,-0.038005512184385054,0.026519366089924265,1.3482142857142865,1.7366071428571423,0.47008928571428577,0.0,0.0,0.0
전주시,2021-11-01,1.0106603942931192,7,11.785714285714286,0.0,7,44,11.957142857142863,0.0,10.964285714285714,0.0,0.010603972918402758,0.0467725913247935,1.0607142857142868,1.2044642857142875,0.5383928571428562,0.0,0.0,0.0
전주시,2021-11-08,0.8930436502936351,6,7.757142857142858,0.0,7,45,9.771428571428576,0.0,11.025,0.0,-0.11311981879226109,-0.0425386144140117,-2.633928571428571,-0.7866071428571431,0.47499999999999964,0.0,0.0,0.0
전주시,2021-11-15,0.8516383752105666,6,9.6,0.0,7,46,8.678571428571432,0.0,10.317857142857143,0.0,-0.16059328449504437,-0.11477785856960541,-1.0428571428571427,-1.838392857142857,-0.3169642857142847,0.0,0.0,0.0
전주시,2021-11-22,1.0237895662199819,6,9.314285714285715,0.0,7,47,9.45714285714286,0.0,9.614285714285714,0.0,0.023511003760641556,0.03463440080138742,-0.9625000000000004,-1.0026785714285715,-0.8946428571428591,0.0,0.0,0.0
전주시,2021-11-29,0.8520885588281832,8,9.614285714285714,0.0,7,48,9.464285714285719,0.0,9.071428571428573,0.0,-0.16006481526784644,-0.12044538802859012,0.5964285714285715,-0.18303571428571352,-1.0107142857142843,0.0,0.0,0.0
전주시,2021-12-06,0.8756665048699972,7,10.12857142857143,0.0,7,49,9.871428571428575,0.0,9.664285714285715,0.0,-0.13276996273442643,-0.03299549613127607,1.008928571428573,0.8026785714285722,-0.09999999999999964,0.0,0.0,0.0
전주시,2021-12-13,0.7299907092309665,8,9.62857142857143,0.0,7,50,9.878571428571433,0.0,9.67142857142857,0.0,-0.314723472001558,-0.21715746867810878,0.9696428571428584,0.9892857142857157,0.4031249999999993,0.0,0.0,0.0
전주시,2021-12-20,0.7434998061247907,7,9.928571428571429,0.0,7,51,9.778571428571432,0.0,9.825000000000001,0.0,-0.29638677384216205,-0.14804404286345196,1.319642857142858,1.1446428571428573,0.9736607142857157,0.0,0.0,0.0
전주시,2021-12-27,0.7673583739854916,7,8.285714285714286,0.0,7,52,9.107142857142861,0.0,9.492857142857144,0.0,-0.2648013455574887,-0.16248412890853273,-0.1839285714285701,0.5678571428571431,0.7785714285714285,0.0,0.0,0.0
전주시,2022-01-03,0.8236165372324706,7,9.171428571428573,0.0,7,1,8.728571428571433,0.0,9.25357142857143,0.0,-0.1940502248260189,-0.12231323794750618,0.3232142857142861,0.07857142857142918,0.6281250000000007,0.0,0.0,0.0
전주시,2022-01-10,0.8680366782975566,7,9.271428571428572,0.0,7,2,9.221428571428575,0.0,9.164285714285715,0.0,-0.14152130911137506,-0.013345881531495601,0.38392857142857295,0.35357142857142776,0.42276785714285836,0.0,0.0,0.0
전주시,2022-01-17,0.8438478842181549,6,10.37142857142857,0.0,7,3,9.821428571428575,0.0,9.275,0.0,-0.1697830325989238,-0.08721522033724913,1.0428571428571427,0.7133928571428569,0.39598214285714306,0.0,0.0,0.0
전주시,2022-01-24,0.8276484855149141,6,7.814285714285715,0.0,7,4,9.092857142857145,0.0,9.157142857142858,0.0,-0.18916674913939704,-0.10093451120966271,-1.4412698412698397,-0.11746031746031704,0.20079365079365097,0.0,0.0,0.0
전주시,2022-01-31,0.8673956016172912,7,7.771428571428571,0.0,7,5,7.792857142857146,0.0,8.807142857142857,0.0,-0.14226011836005079,-0.021674390708717434,-0.9523809523809534,-1.1968253968253961,-0.15515873015873183,0.0,0.0,0.0
전주시,2022-02-07,0.887961454905287,8,11.442857142857141,0.0,7,6,9.607142857142861,0.0,9.35,0.0,-0.1188269435702527,-0.012905610398570022,1.4825396825396808,0.2650793650793659,0.07380952380952444,0.0,0.0,0.0
전주시,2022-02-14,0.8050268807658535,6,9.62857142857143,0.0,7,7,10.535714285714288,0.0,9.164285714285715,0.0,-0.21687960986536403,-0.10724535669246033,-0.2666666666666657,0.6079365079365058,-0.2944444444444443,0.0,0.0,0.0
전주시,2022-02-21,0.8175258798514866,7,11.62857142857143,0.0,7,8,10.628571428571433,0.0,10.117857142857144,0.0,-0.20147271940112368,-0.12372128741671891,1.2634920634920643,0.4984126984127002,0.38174603174603305,0.0,0.0,0.0
전주시,2022-02-28,0.8537482176759922,6,12.157142857142857,0.0,7,9,11.892857142857148,0.0,11.214285714285714,0.0,-0.15811895574090679,-0.026672149273828827,0.9031746031746017,1.083333333333334,0.8456349206349199,0.0,0.0,0.0
전주시,2022-03-07,0.8540616436968504,7,13.4,0.0,7,10,12.778571428571432,0.0,11.70357142857143,0.0,-0.15775190548377194,-0.09115834507576358,2.276190476190477,1.5896825396825403,1.0440476190476193,0.0,0.0,0.0
전주시,2022-03-14,0.8542363597529685,6,8.5,0.0,7,11,10.950000000000005,0.0,11.42142857142857,0.0,-0.15754735562610728,-0.08968335207657589,-2.9126984126984112,-0.31825396825396624,0.38253968253968296,0.0,0.0,0.0
전주시,2022-03-21,0.9211957923071264,6,11.299999999999999,0.0,7,12,9.900000000000004,0.0,11.339285714285714,0.0,-0.08208267866748181,-0.017462273734743877,-0.7428571428571438,-1.8277777777777775,-0.1190476190476204,0.0,0.0,0.0
전주시,2022-03-28,0.894100249505399,6,12.757142857142856,0.0,7,13,12.028571428571432,0.0,11.489285714285714,0.0,-0.11193737418330489,-0.052012088395724854,-0.17460317460317576,-0.4587301587301589,-0.38849206349206256,0.0,0.0,0.0
전주시,2022-04-04,0.981630480570563,7,14.6,0.0,7,14,13.678571428571432,0.0,11.789285714285713,0.0,-0.018540334141535005,0.018691300469963174,2.431746031746032,1.1285714285714281,-0.34960317460317647,0.0,0.0,0.0
전주시,2022-04-11,1.0474719484279353,8,10.957142857142857,0.0,7,15,12.778571428571432,0.0,12.403571428571428,0.0,0.04637959291184021,0.08583710379184784,-0.898412698412697,0.7666666666666657,0.1539682539682552,0.0,0.0,0.0
전주시,2022-04-18,0.9139112254258469,9,13.37142857142857,0.0,7,16,12.164285714285718,0.0,12.92142857142857,0.0,-0.09002183978800936,-0.06177838786108661,0.5920634920634917,-0.15317460317460352,0.4876984126984123,0.0,0.0,0.0
전주시,2022-04-25,0.9076664059212132,7,9.942857142857141,0.0,7,17,11.65714285714286,0.0,12.217857142857142,0.0,-0.09687836224658368,-0.010119144953615891,-1.0777777777777793,-0.24285714285714377,0.261904761904761,0.0,0.0,0.0
전주시,2022-05-02,0.9342174376978016,9,13.328571428571427,0.0,7,18,11.63571428571429,0.0,11.899999999999999,0.0,-0.06804606517332619,-0.011011392162991969,1.715873015873015,0.3190476190476197,0.0829365079365072,0.0,0.0,0.0
전주시,2022-05-09,0.9852352785436191,8,10.771428571428572,0.0,7,19,12.050000000000004,0.0,11.853571428571428,0.0,-0.014874804867302938,0.07409222567538062,-0.7682539682539673,0.4738095238095248,0.11547619047619051,0.0,0.0,0.0
전주시,2022-05-16,0.9254084144820942,10,12.385714285714286,0.0,7,20,11.578571428571433,0.0,11.607142857142856,0.0,-0.07752010974520195,-0.017452214621697396,0.8285714285714292,0.03015873015873005,0.17460317460317398,0.0,0.0,0.0
전주시,2022-05-23,0.9483464686654214,9,13.657142857142857,0.0,7,21,13.021428571428576,0.0,12.535714285714285,0.0,-0.053035370220444224,0.012805325145956926,2.387301587301586,1.6079365079365093,1.0408730158730162,0.0,0.0,0.0
전주시,2022-05-30,0.9516280025789001,9,11.928571428571429,0.0,7,22,12.792857142857148,0.0,12.185714285714287,0.0,-0.04958107414844317,0.011594578719676674,0.9269841269841272,1.6571428571428584,0.8436507936507933,0.0,0.0,0.0
전주시,2022-06-06,0.9092947355010002,9,9.328571428571427,0.0,7,23,10.628571428571433,0.0,11.825,0.0,-0.09508599588431765,-0.004532976694432256,-1.2730158730158738,-0.1730158730158724,0.7174603174603167,0.0,0.0,0.0
전주시,2022-06-13,0.8255648196696148,8,8.485714285714286,0.0,7,24,8.907142857142862,0.0,10.85,0.0,-0.19168749699703316,-0.07824649925672293,-1.6539682539682534,-1.4634920634920618,0.09682539682539648,0.0,0.0,0.0
전주시,2022-06-20,0.9841632906525567,6,9.171428571428573,1.0,7,25,8.828571428571433,1.0,9.728571428571428,1.0,-0.01596344991224375,0.07164206254313993,-0.2793650793650766,-0.966666666666665,-0.5698412698412696,0.8888888888888888,0.8888888888888888,0.8888888888888888
전주시,2022-06-27,0.8092204599544971,6,6.857142857142857,2.0,7,26,8.01428571428572,3.0,8.460714285714285,3.0,-0.2116838898330784,-0.07675659898144921,-1.190476190476189,-0.7349206349206341,-1.0992063492063497,1.7777777777777777,2.6666666666666665,2.6666666666666665
전주시,2022-07-04,1.028523938004222,6,7.771428571428572,2.0,7,27,7.3142857142857185,4.0,8.071428571428571,5.0,0.028124704515980887,0.058268035126999795,0.06984126984127048,-0.5603174603174583,-0.7634920634920626,1.0,2.7777777777777777,3.666666666666667
전주시,2022-07-11,0.9997763724854558,7,5.971428571428571,1.0,7,28,6.871428571428575,3.0,7.442857142857143,6.0,-0.0002236525229052609,0.05849114032520954,-1.3682539682539678,-0.6492063492063478,-0.6920634920634914,-0.4444444444444444,0.5555555555555554,3.2222222222222223
전주시,2022-07-18,1.0690375603293716,7,6.285714285714286,0.0,7,29,6.1285714285714326,1.0,6.7214285714285715,5.0,0.06675876737455283,0.06224551223360818,-1.2809523809523808,-1.3246031746031743,-0.9424603174603163,-0.6666666666666666,-1.1111111111111112,1.6666666666666665
전주시,2022-07-25,0.8759581643968414,6,8.62857142857143,1.0,7,30,7.457142857142863,1.0,7.164285714285715,4.0,-0.13243694672402545,-0.07351912930968156,0.5238095238095237,-0.37857142857142634,-0.5138888888888884,-2.4444444444444446,-3.1111111111111107,-2.5555555555555554
전주시,2022-08-01,0.9869021890900184,5,7.02857142857143,7.0,7,31,7.828571428571435,8.0,6.9785714285714295,9.0,-0.0131843436588817,0.03898519957315679,-1.3015873015873005,-0.3888888888888866,-0.85674603174603,2.2222222222222223,-0.22222222222222143,-1.333333333333334
전주시,2022-08-08,0.9337137866766418,5,5.2714285714285705,4.0,7,32,6.150000000000006,11.0,6.80357142857143,12.0,-0.06858532596279523,-0.015924719001750617,-2.6190476190476186,-1.9603174603174587,-1.1694444444444425,0.3333333333333335,2.5555555555555554,-0.5555555555555554
전주시,2022-08-15,1.0015785529463415,4,7.542857142857143,1.0,7,33,6.407142857142862,5.0,7.117857142857144,13.0,0.0015773083412504625,0.13278986917197394,-0.7160714285714285,-1.5321428571428557,-0.9584821428571413,-1.875,-1.125,-0.875
전주시,2022-08-22,0.9756677296751979,5,8.057142857142859,0.0,7,34,7.800000000000006,1.0,6.9750000000000005,12.0,-0.02463319143876527,0.0731388653298654,-0.11607142857142705,-0.416071428571426,-1.1138392857142856,-2.0,-3.875,-0.75
전주시,2022-08-29,0.9061020842108981,5,6.642857142857143,0.0,7,35,7.350000000000007,0.0,6.878571428571429,5.0,-0.09860330355712282,0.004329246052878474,-1.2035714285714283,-0.6598214285714246,-1.0959821428571415,-0.75,-2.75,-3.875
전주시,2022-09-05,1.0191611374702316,5,9.928571428571429,0.0,7,36,8.285714285714292,0.0,8.042857142857144,1.0,0.018979874683181776,0.07969326542553534,1.6428571428571423,0.21964285714286014,-0.0982142857142847,0.0,-0.75,-4.625
전주시,2022-09-12,0.8318820175576601,5,8.057142857142855,0.0,7,37,8.992857142857147,0.0,8.17142857142857,0.0,-0.18406465403644445,-0.11710838716219671,0.03214285714285481,0.8375000000000004,0.08883928571428612,-0.25,-0.25,-3.0
전주시,2022-09-19,0.7851800981632783,7,10.642857142857142,0.0,7,38,9.350000000000003,0.0,8.817857142857143,0.0,-0.24184216310166493,-0.13325601712366916,2.0767857142857142,1.0544642857142854,0.6370535714285719,-0.25,-0.5,-1.25
전주시,2022-09-26,0.863375672134383,7,11.857142857142858,0.0,7,39,11.250000000000004,0.0,10.121428571428572,0.0,-0.1469053730768409,-0.08258702047095809,2.194642857142858,2.135714285714286,1.4866071428571423,0.0,-0.25,-0.5
전주시,2022-10-03,0.8564825503273746,6,8.014285714285714,0.0,7,40,9.93571428571429,0.0,9.642857142857142,0.0,-0.1549213346568193,-0.08105090331022788,-0.626785714285715,0.7839285714285715,0.9191964285714285,0.0,0.0,-0.5
전주시,2022-10-10,0.7916586730750419,7,10.885714285714286,0.0,7,41,9.450000000000005,0.0,10.35,0.0,-0.23362494840085005,-0.15523134644423536,0.9910714285714288,0.18214285714285872,1.1589285714285698,0.0,0.0,-0.25
전주시,2022-10-17,0.8679484142543825,8,11.271428571428572,0.0,7,42,11.078571428571433,0.0,10.507142857142858,0.0,-0.14162299667036254,-0.016477068727749566,0.9678571428571434,0.9794642857142861,0.8816964285714288,0.0,0.0,0.0
전주시,2022-10-24,0.7955929460953077,8,11.9,0.0,7,43,11.58571428571429,0.0,10.517857142857142,0.0,-0.22866759818628538,-0.16414271991197604,1.119642857142857,1.043750000000001,0.6129464285714281,0.0,0.0,0.0
전주시,2022-10-31,0.887888356028207,7,10.799999999999999,0.0,7,44,11.350000000000005,0.0,11.214285714285715,0.0,-0.11890926908750217,-0.08274065068111143,0.07499999999999929,0.5973214285714299,0.788392857142858,0.0,0.0,0.0
전주시,2022-11-07,0.8426836429623533,9,12.171428571428573,0.0,7,45,11.485714285714291,0.0,11.535714285714286,0.0,-0.17116366666591082,-0.10058246228766143,1.7803571428571434,0.9276785714285722,0.9857142857142858,0.0,0.0,0.0
전주시,2022-11-14,0.8133861752392647,6,11.071428571428571,0.0,7,46,11.621428571428577,0.0,11.485714285714286,0.0,-0.20654928191695643,-0.16073385599151746,0.4285714285714288,1.104464285714288,0.850892857142858,0.0,0.0,0.0
전주시,2022-11-21,0.921423944286892,6,11.700000000000001,0.0,7,47,11.38571428571429,0.0,11.435714285714287,0.0,-0.08183503996438919,-0.07071164292364333,1.4232142857142858,0.9258928571428573,0.9267857142857139,0.0,0.0,0.0
전주시,2022-11-28,0.8745477081292083,5,9.257142857142856,0.0,7,48,10.478571428571433,0.0,11.05,0.0,-0.13404843126115537,-0.09442900402189905,0.23928571428571388,0.8312500000000007,0.9678571428571434,0.0,0.0,0.0
전주시,2022-12-05,0.8243893237899114,5,9.414285714285715,0.0,7,49,9.335714285714289,0.0,10.360714285714286,0.0,-0.19311238032878697,-0.09333791372563661,0.29464285714285765,0.26696428571428577,0.5964285714285715,0.0,0.0,0.0
전주시,2022-12-12,0.8426336859654201,7,8.057142857142857,0.0,7,50,8.735714285714291,0.0,9.607142857142858,0.0,-0.17122295163983275,-0.07365694831638356,-0.6017857142857146,-0.1535714285714267,0.3388392857142861,0.0,0.0,0.0
전주시,2022-12-19,0.8331829590494744,6,8.4,0.0,7,51,8.228571428571433,0.0,8.782142857142857,0.0,-0.1825020222174904,-0.03415929123878031,-0.20892857142857046,-0.40535714285714164,-0.06919642857142883,0.0,0.0,0.0
전주시,2022-12-26,0.8928535531036582,8,8.757142857142856,0.0,7,52,8.578571428571433,0.0,8.657142857142858,0.0,-0.1133327058389883,-0.01101548919003234,0.28749999999999964,0.03928571428571459,-0.05714285714285694,0.0,0.0,0.0
전주시,2023-01-02,0.9816883992331202,5,9.542857142857143,0.0,7,1,9.150000000000004,0.0,8.689285714285713,0.0,-0.01848133337179778,0.05325565350671496,0.6946428571428562,0.5,0.06383928571428399,0.0,0.0,0.0
전주시,2023-01-09,0.9172623973707019,7,10.071428571428571,0.0,7,2,9.80714285714286,0.0,9.192857142857143,0.0,-0.08636170003464701,0.04181372754523245,1.1839285714285719,0.9392857142857132,0.45133928571428683,0.0,0.0,0.0
전주시,2023-01-16,0.9220148992802712,8,9.157142857142857,0.0,7,3,9.614285714285717,0.0,9.382142857142856,0.0,-0.08119389581611991,0.0013739164455547626,-0.17142857142857082,0.5062499999999996,0.5031249999999989,0.0,0.0,0.0
전주시,2023-01-23,0.9332937414951389,7,10.214285714285714,0.0,7,4,9.68571428571429,0.0,9.74642857142857,0.0,-0.06903529221333465,0.019196945716399683,0.9587301587301589,0.47539682539682815,0.7900793650793627,0.0,0.0,0.0
전주시,2023-01-30,0.8064421450456498,7,10.557142857142859,0.0,7,5,10.38571428571429,0.0,10.0,0.0,-0.21512311982925575,-0.0945373921779224,1.833333333333334,1.3960317460317473,1.0376984126984112,0.0,0.0,0.0
전주시,2023-02-06,0.8696914266344371,9,11.214285714285714,0.0,7,6,10.88571428571429,0.0,10.285714285714285,0.0,-0.13961681227743816,-0.03369547910575549,1.253968253968253,1.5436507936507944,1.0095238095238095,0.0,0.0,0.0
전주시,2023-02-13,0.9013586640912541,8,7.771428571428571,0.0,7,7,9.492857142857147,0.0,9.939285714285713,0.0,-0.10385202723075294,0.005782225942150762,-2.1238095238095243,-0.43492063492063515,0.4805555555555543,0.0,0.0,0.0
전주시,2023-02-20,0.9642480939997194,8,11.542857142857143,0.0,7,8,9.657142857142862,0.0,10.271428571428572,0.0,-0.036406658561846876,0.0413447734225579,1.1777777777777771,-0.47301587301587134,0.5353174603174615,0.0,0.0,0.0
전주시,2023-02-27,0.8928520015975219,9,13.9,0.0,7,9,12.721428571428575,0.0,11.107142857142858,0.0,-0.11333444353435723,0.018112362932720727,2.6460317460317455,1.9119047619047613,0.738492063492064,0.0,0.0,0.0
전주시,2023-03-06,0.9312335894196281,8,15.3,0.0,7,10,14.600000000000005,0.0,12.128571428571428,0.0,-0.07124513154336704,-0.004651571135358676,4.176190476190477,3.411111111111113,1.4690476190476183,0.0,0.0,0.0
전주시,2023-03-13,0.8859572070528162,6,12.142857142857142,0.0,7,11,13.721428571428575,0.0,13.221428571428572,0.0,-0.12108662858094565,-0.05322262503141427,0.7301587301587311,2.4531746031746042,2.1825396825396837,0.0,0.0,0.0
전주시,2023-03-20,0.9500097987678571,7,12.642857142857142,0.0,7,12,12.392857142857146,0.0,13.49642857142857,0.0,-0.05128297994826342,0.013337424984474516,0.5999999999999996,0.6650793650793645,2.038095238095236,0.0,0.0,0.0
전주시,2023-03-27,1.0214376219193841,9,16.7,0.0,7,13,14.671428571428576,0.0,14.196428571428571,0.0,0.021211068231724,0.08113635401930404,3.7682539682539673,2.1841269841269852,2.3186507936507947,0.0,0.0,0.0
전주시,2023-04-03,1.041859223221225,8,11.142857142857142,0.0,7,14,13.921428571428576,0.0,13.157142857142858,0.0,0.041006831729181625,0.0782384663406798,-1.0253968253968253,1.3714285714285719,1.018253968253969,0.0,0.0,0.0
전주시,2023-04-10,0.9550062362937067,9,13.028571428571427,0.0,7,15,12.085714285714289,0.0,13.378571428571428,0.0,-0.046037408372249886,-0.006579897492242262,1.1730158730158724,0.07380952380952266,1.1289682539682548,0.0,0.0,0.0
전주시,2023-04-17,0.9843052612842202,9,11.457142857142856,0.0,7,16,12.242857142857147,0.0,13.082142857142857,0.0,-0.015819205157335148,0.012424246769587605,-1.3222222222222229,-0.07460317460317434,0.6484126984126988,0.0,0.0,0.0
전주시,2023-04-24,0.8806170349468615,8,10.928571428571429,0.0,7,17,11.192857142857147,0.0,11.639285714285712,0.0,-0.12713244114300049,-0.0403732238500327,-0.09206349206349174,-0.7071428571428573,-0.3166666666666682,0.0,0.0,0.0
전주시,2023-05-01,0.9743760182132154,11,9.185714285714285,0.0,7,18,10.057142857142862,0.0,11.15,0.0,-0.025957994179529428,0.031076678830804793,-2.4269841269841272,-1.2595238095238077,-0.667063492063491,0.0,0.0,0.0
전주시,2023-05-08,0.8877812870730433,9,14.328571428571427,0.0,7,19,11.757142857142862,0.0,11.474999999999998,0.0,-0.11902986466755222,-0.030062834124868654,2.788888888888888,0.18095238095238209,-0.2630952380952394,0.0,0.0,0.0
전주시,2023-05-15,0.8182861321764423,8,11.785714285714286,0.0,7,20,13.057142857142862,0.0,11.557142857142857,0.0,-0.20054320870661455,-0.14047531358311,0.22857142857142954,1.5087301587301596,0.12460317460317505,0.0,0.0,0.0
전주시,2023-05-22,0.9630636970557346,9,9.37142857142857,0.0,7,21,10.578571428571433,0.0,11.167857142857141,0.0,-0.037635724972977486,0.028204970393423665,-1.8984126984127005,-0.8349206349206337,-0.3269841269841276,0.0,0.0,0.0
전주시,2023-05-29,0.8851785220341589,9,8.4,0.0,7,22,8.88571428571429,0.0,10.971428571428572,0.0,-0.12196593450430435,-0.0607902816361845,-2.6015873015873012,-2.25,-0.370634920634922,0.0,0.0,0.0
전주시,2023-06-05,0.8713479083413584,8,10.914285714285715,0.0,7,23,9.657142857142862,0.0,10.117857142857144,0.0,-0.13771394635881867,-0.047160927168933275,0.31269841269841336,-1.144444444444444,-0.9896825396825388,0.0,0.0,0.0
전주시,2023-06-12,0.8557326063051816,7,10.985714285714284,0.0,7,24,10.950000000000005,0.0,9.917857142857143,0.0,-0.1557973274515854,-0.04235632971127516,0.8460317460317448,0.5793650793650809,-0.8353174603174605,0.0,0.0,0.0
전주시,2023-06-19,0.9735838470931595,7,9.957142857142856,0.0,7,25,10.471428571428575,0.0,10.064285714285713,0.0,-0.026771328353229748,0.06083418410215394,0.5063492063492063,0.6761904761904773,-0.23412698412698418,-0.1111111111111111,-0.1111111111111111,-0.1111111111111111
전주시,2023-06-26,0.8144492700118843,9,6.799999999999999,0.0,7,26,8.378571428571433,0.0,9.664285714285713,0.0,-0.20524313647472642,-0.07031584562309723,-1.2476190476190467,-0.3706349206349202,0.10436507936507766,-0.2222222222222222,-0.3333333333333333,-0.3333333333333333
전주시,2023-07-03,1.1289441129114839,8,7.071428571428571,0.0,7,27,6.93571428571429,0.0,8.703571428571427,0.0,0.12128278253527827,0.15142611314629717,-0.6301587301587306,-0.9388888888888864,-0.13134920634920633,-1.0,-1.2222222222222223,-1.3333333333333333
전주시,2023-07-10,1.1392315772773562,9,4.871428571428572,1.0,7,28,5.971428571428577,1.0,7.174999999999999,1.0,0.13035398010931895,0.18906877295743374,-2.4682539682539666,-1.5492063492063464,-0.9599206349206355,-0.4444444444444444,-1.4444444444444446,-1.7777777777777777
전주시,2023-07-17,1.0173139706882706,7,6.814285714285715,0.0,7,29,5.842857142857149,1.0,6.389285714285714,1.0,0.01716579182881198,0.012652536687867328,-0.7523809523809515,-1.6103174603174581,-1.2746031746031736,-0.6666666666666666,-1.1111111111111112,-2.3333333333333335
전주시,2023-07-24,0.874007063387305,8,8.9,1.0,7,30,7.857142857142863,1.0,6.914285714285715,2.0,-0.13466682168041946,-0.07574900426607557,0.7952380952380942,0.021428571428574017,-0.7638888888888884,-2.4444444444444446,-3.1111111111111107,-4.555555555555555
전주시,2023-07-31,0.8846156925398923,10,9.114285714285716,5.0,7,31,9.007142857142863,6.0,7.425000000000001,7.0,-0.12260197400381909,-0.0704324307717806,0.7841269841269849,0.7896825396825413,-0.41031746031745886,0.22222222222222232,-2.2222222222222214,-3.333333333333334
전주시,2023-08-07,0.9284000228962821,6,7.6000000000000005,2.0,7,32,8.357142857142863,7.0,8.107142857142858,8.0,-0.07429257991976781,-0.021631972958723197,-0.29047619047618856,0.2468253968253986,0.13412698412698543,-1.6666666666666665,-1.4444444444444446,-4.555555555555555
전주시,2023-08-14,0.8104573762496716,5,7.971428571428571,3.0,7,33,7.785714285714291,5.0,8.396428571428572,11.0,-0.2101565286406413,-0.07894396780991783,-0.28750000000000053,-0.1535714285714267,0.3200892857142872,0.125,-1.125,-2.875
전주시,2023-08-21,0.9001685769693983,6,8.028571428571428,2.0,7,34,8.000000000000005,5.0,8.178571428571429,12.0,-0.1051732254539556,-0.007401168685324935,-0.1446428571428573,-0.2160714285714267,0.0897321428571427,0.0,0.125,-0.75
전주시,2023-08-28,0.8652642348221272,7,8.27142857142857,0.0,7,35,8.150000000000006,2.0,7.9678571428571425,7.0,-0.1447203449150682,-0.04178779530506689,0.42499999999999893,0.14017857142857437,-0.006696428571427937,-0.75,-0.75,-1.875
전주시,2023-09-04,0.8924009884978119,5,9.757142857142856,0.0,7,36,9.01428571428572,0.0,8.507142857142856,5.0,-0.1138397087396892,-0.05312631799733563,1.4714285714285698,0.9482142857142879,0.36607142857142705,0.0,-0.75,-0.625
전주시,2023-09-11,0.9440470899585741,6,6.471428571428571,0.0,7,37,8.11428571428572,0.0,8.132142857142856,2.0,-0.0575792306500804,0.009377036224167343,-1.5535714285714297,-0.04107142857142776,0.04955357142857153,-0.25,-0.25,-1.0
전주시,2023-09-18,0.7995333597479555,7,8.028571428571428,0.0,7,38,7.250000000000005,0.0,8.132142857142856,0.0,-0.22372702181507703,-0.11514087583708127,-0.5374999999999996,-1.0455357142857125,-0.048660714285714946,-0.25,-0.5,-1.25
전주시,2023-09-25,0.8585156481468096,8,6.8571428571428585,0.0,7,39,7.442857142857148,0.0,7.7785714285714285,0.0,-0.15255037149935408,-0.08823201889347126,-2.805357142857141,-1.671428571428569,-0.8562500000000011,0.0,-0.25,-0.5
전주시,2023-10-02,1.0033305221322404,8,9.200000000000001,0.0,7,40,8.028571428571436,0.0,7.639285714285715,0.0,0.0033249882271950168,0.07719541957378642,0.5589285714285719,-1.1232142857142833,-1.0843749999999988,0.0,0.0,-0.5
전주시,2023-10-09,0.9540328520430897,6,9.985714285714286,0.0,7,41,9.592857142857149,0.0,8.517857142857144,0.0,-0.047057172022891884,0.03133642993372281,0.09107142857142847,0.32500000000000284,-0.6732142857142858,0.0,0.0,-0.25
전주시,2023-10-16,0.8082170880464652,11,11.328571428571427,0.0,7,42,10.657142857142862,0.0,9.342857142857143,0.0,-0.2129245832224228,-0.08777865527980983,1.0249999999999986,0.5580357142857153,-0.28258928571428577,0.0,0.0,0.0
전주시,2023-10-23,0.8746539666921349,8,10.614285714285714,0.0,7,43,10.971428571428575,0.0,10.282142857142858,0.0,-0.13392693747963574,-0.06940205920532642,-0.16607142857142954,0.4294642857142854,0.3772321428571441,0.0,0.0,0.0
전주시,2023-10-30,0.9936489374143667,8,10.557142857142859,0.0,7,44,10.585714285714293,0.0,10.621428571428572,0.0,-0.006371316384587366,0.029797302021803373,-0.16785714285714093,-0.16696428571428257,0.1955357142857146,0.0,0.0,0.0
전주시,2023-11-06,0.8791835223589187,6,10.071428571428571,0.0,7,45,10.31428571428572,0.0,10.642857142857142,0.0,-0.12876161769833525,-0.05818041332008586,-0.319642857142858,-0.24374999999999858,0.09285714285714164,0.0,0.0,0.0
전주시,2023-11-13,0.9522505935803648,6,9.128571428571428,0.0,7,46,9.600000000000005,0.0,10.092857142857143,0.0,-0.048927050278524925,-0.0031116243530859705,-1.5142857142857142,-0.9169642857142843,-0.5419642857142843,0.0,0.0,0.0
전주시,2023-11-20,0.9436367866500452,5,10.814285714285715,0.0,7,47,9.971428571428577,0.0,10.142857142857142,0.0,-0.058013946780333676,-0.04689054973958781,0.5374999999999996,-0.4883928571428555,-0.3660714285714306,0.0,0.0,0.0
전주시,2023-11-27,0.8793979249537843,5,6.442857142857143,0.0,7,48,8.628571428571433,0.0,9.114285714285714,0.0,-0.12851778185410348,-0.08889835461484716,-2.5749999999999993,-1.018749999999999,-0.9678571428571434,0.0,0.0,0.0
전주시,2023-12-04,0.8727609612563398,6,11.314285714285715,0.0,7,49,8.878571428571433,0.0,9.425,0.0,-0.13609357363004032,-0.036319107026889966,2.194642857142858,-0.19017857142856975,-0.3392857142857135,0.0,0.0,0.0
전주시,2023-12-11,0.9872868854334642,4,5.771428571428571,0.0,7,50,8.542857142857148,0.0,8.585714285714287,0.0,-0.012794617716944881,0.08477138560650431,-2.8875,-0.34642857142856975,-0.6825892857142843,0.0,0.0,0.0
전주시,2023-12-18,0.8005235436997171,5,7.228571428571429,0.0,7,51,6.500000000000005,0.0,7.689285714285715,0.0,-0.22248933573525004,-0.07414660475653995,-1.3803571428571422,-2.1339285714285694,-1.1620535714285705,0.0,0.0,0.0
전주시,2023-12-25,0.9240494530570379,6,7.771428571428571,0.0,7,52,7.500000000000005,0.0,8.021428571428572,0.0,-0.07898968814813052,0.023327528500825437,-0.6982142857142852,-1.0392857142857128,-0.6928571428571431,0.0,0.0,0.0
전주시,2024-01-01,0.8955435173299634,6,6.928571428571429,0.0,7,1,7.350000000000005,0.0,6.925,0.0,-0.11032446309541526,-0.03858747621690252,-1.9196428571428577,-1.299999999999999,-1.7004464285714294,0.0,0.0,0.0
전주시,2024-01-08,0.8544744774966982,6,9.171428571428573,0.0,7,2,8.050000000000006,0.0,7.775,0.0,-0.15726864522048428,-0.029093217640604824,0.2839285714285733,-0.8178571428571413,-0.9665178571428559,0.0,0.0,0.0
전주시,2024-01-15,0.9457170499096198,7,6.857142857142857,0.0,7,3,8.01428571428572,0.0,7.682142857142858,0.0,-0.05581185624551114,0.026755956016163533,-2.4714285714285706,-1.0937499999999982,-1.1968749999999995,0.0,0.0,0.0
전주시,2024-01-22,0.8780856132185371,7,7.414285714285714,0.0,7,4,7.135714285714291,0.0,7.592857142857143,0.0,-0.1300111807402285,-0.04177894281049416,-1.841269841269841,-2.0746031746031717,-1.363492063492064,0.0,0.0,0.0
전주시,2024-01-29,0.8915451377613441,7,8.714285714285714,0.0,7,5,8.064285714285718,0.0,8.039285714285715,0.0,-0.11479921170845174,0.005786515942881612,-0.009523809523811266,-0.9253968253968239,-0.9230158730158742,0.0,0.0,0.0
전주시,2024-02-05,0.8945385545132054,8,7.185714285714285,0.0,7,6,7.950000000000005,0.0,7.542857142857143,0.0,-0.11144727521464232,-0.005525942042959642,-2.7746031746031754,-1.3920634920634907,-1.7333333333333325,0.0,0.0,0.0
전주시,2024-02-12,0.8370120616646342,8,11.757142857142856,0.0,7,7,9.471428571428577,0.0,8.767857142857142,0.0,-0.17791679800553253,-0.06828254483262883,1.8619047619047606,-0.4563492063492056,-0.6908730158730165,0.0,0.0,0.0
전주시,2024-02-19,0.840093898146752,7,5.485714285714286,0.0,7,8,8.621428571428577,0.0,8.285714285714285,0.0,-0.1742416098840505,-0.09649017789964572,-4.87936507936508,-1.508730158730156,-1.450396825396826,0.0,0.0,0.0
전주시,2024-02-26,0.9235578394813111,7,9.742857142857144,0.0,7,9,7.614285714285721,0.0,8.542857142857143,0.0,-0.07952185057173013,0.05192495589534783,-1.511111111111111,-3.1952380952380928,-1.825793650793651,0.0,0.0,0.0
전주시,2024-03-04,0.9470833682870246,9,9.171428571428573,0.0,7,10,9.457142857142864,0.0,9.039285714285715,0.0,-0.05436815557682534,0.01222540483118302,-1.9523809523809508,-1.7317460317460274,-1.6202380952380953,0.0,0.0,0.0
전주시,2024-03-11,0.9782002393382435,9,12.642857142857142,0.0,7,11,10.907142857142864,0.0,9.260714285714286,0.0,-0.02204088620481498,0.045823117344716405,1.2301587301587311,-0.36111111111110716,-1.7781746031746017,0.0,0.0,0.0
전주시,2024-03-18,0.9213384026998127,9,10.942857142857141,0.0,7,12,11.792857142857148,0.0,10.625,0.0,-0.08192788057108014,-0.0173074756383422,-1.1000000000000014,0.06507936507936662,-0.8333333333333339,0.0,0.0,0.0
전주시,2024-03-25,0.8978488931117172,9,10.114285714285714,0.0,7,13,10.528571428571434,0.0,10.717857142857142,0.0,-0.10775349531593213,-0.047828209528352095,-2.817460317460318,-1.958730158730157,-1.1599206349206348,0.0,0.0,0.0
전주시,2024-04-01,0.9114680810019445,9,10.514285714285714,0.0,7,14,10.31428571428572,0.0,11.053571428571427,0.0,-0.09269870357646358,-0.0554670689649654,-1.6539682539682534,-2.235714285714284,-1.0853174603174622,0.0,0.0,0.0
전주시,2024-04-08,0.8999683769484295,8,13.142857142857142,0.0,7,15,11.828571428571435,0.0,11.178571428571429,0.0,-0.10539565299910271,-0.06593814211909509,1.287301587301588,-0.1833333333333318,-1.0710317460317444,0.0,0.0,0.0
전주시,2024-04-15,1.0414181179629638,9,10.242857142857144,0.0,7,16,11.69285714285715,0.0,11.003571428571428,0.0,0.04058335929357945,0.0688268112205022,-2.5365079365079346,-0.6246031746031715,-1.4301587301587304,0.0,0.0,0.0
전주시,2024-04-22,0.8164617178526448,9,12.257142857142856,0.0,7,17,11.250000000000007,0.0,11.539285714285715,0.0,-0.20277525333809038,-0.11601603604512259,1.2365079365079357,-0.6499999999999968,-0.4166666666666661,0.0,0.0,0.0
전주시,2024-04-29,0.9775162725627535,8,10.185714285714287,0.0,7,18,11.221428571428579,0.0,11.457142857142857,0.0,-0.022740340138156515,0.0342943328721777,-1.4269841269841255,-0.09523809523809135,-0.3599206349206341,0.0,0.0,0.0
전주시,2024-05-06,0.7816952174551539,8,9.328571428571427,0.0,7,19,9.757142857142863,0.0,10.503571428571428,0.0,-0.24629036190792633,-0.15732333136524276,-2.211111111111112,-1.8190476190476161,-1.2345238095238091,0.0,0.0,0.0
전주시,2024-05-13,0.8820363619107423,7,13.785714285714286,0.0,7,20,11.557142857142864,0.0,11.389285714285714,0.0,-0.12552199716897056,-0.065454102045466,2.2285714285714295,0.008730158730161364,-0.043253968253967656,0.0,0.0,0.0
전주시,2024-05-20,0.8803960771023706,7,11.628571428571428,0.0,7,21,12.707142857142863,0.0,11.232142857142858,0.0,-0.12738338515260342,-0.06154268978620227,0.35873015873015746,1.2936507936507962,-0.2626984126984109,0.0,0.0,0.0
전주시,2024-05-27,0.883462084503107,8,10.214285714285714,0.0,7,22,10.921428571428578,0.0,11.239285714285714,0.0,-0.12390690325010531,-0.06273125038198546,-0.7873015873015881,-0.21428571428571175,-0.10277777777777963,0.0,0.0,0.0
전주시,2024-06-03,0.8187946255464505,7,10.314285714285715,0.0,7,23,10.26428571428572,0.0,11.485714285714286,0.0,-0.1999219890337764,-0.109368969843891,-0.2873015873015863,-0.5373015873015863,0.37817460317460316,0.0,0.0,0.0
전주시,2024-06-10,0.8478994138661199,6,11.57142857142857,0.0,7,24,10.942857142857148,0.0,10.932142857142857,0.0,-0.16499326594955052,-0.05155226820924029,1.4317460317460302,0.5722222222222246,0.17896825396825378,0.0,0.0,0.0
전주시,2024-06-17,0.9731236015274808,9,9.828571428571427,0.0,7,25,10.700000000000005,0.0,10.482142857142856,0.0,-0.027244173489338972,0.06036133896604472,0.3777777777777782,0.9047619047619069,0.18373015873015852,-0.1111111111111111,-0.1111111111111111,-0.1111111111111111
전주시,2024-06-24,0.9060613591914819,7,8.0,0.0,7,26,8.91428571428572,0.0,9.928571428571429,0.0,-0.09864824985550594,0.03627904099612325,-0.047619047619045674,0.16507936507936627,0.3686507936507937,-0.2222222222222222,-0.3333333333333333,-0.3333333333333333
전주시,2024-07-01,0.978565739471494,8,7.085714285714286,2.0,7,27,7.54285714285715,2.0,9.12142857142857,2.0,-0.02166731047684419,0.008476020134174717,-0.6158730158730155,-0.331746031746027,0.2865079365079364,1.0,0.7777777777777777,0.6666666666666667
전주시,2024-07-08,0.8670548709397324,9,5.542857142857144,1.0,7,28,6.314285714285721,3.0,7.614285714285714,3.0,-0.14265301592309235,-0.08393822307497756,-1.7968253968253949,-1.206349206349202,-0.5206349206349206,-0.4444444444444444,0.5555555555555554,0.22222222222222232
전주시,2024-07-15,0.9790848267204301,12,6.757142857142858,1.0,7,29,6.1500000000000075,2.0,6.8464285714285715,4.0,-0.02113699391262573,-0.025650249053570384,-0.8095238095238084,-1.3031746031745994,-0.8174603174603163,0.33333333333333337,-0.11111111111111116,0.6666666666666665
전주시,2024-07-22,0.9062837705240113,10,6.828571428571428,6.0,7,30,6.79285714285715,7.0,6.553571428571429,10.0,-0.09840280948104385,-0.03948499206669996,-1.2761904761904779,-1.0428571428571392,-1.1246031746031742,2.5555555555555554,2.8888888888888893,3.4444444444444446
전주시,2024-07-29,0.8815324056854459,7,7.399999999999999,7.0,7,31,7.114285714285719,13.0,6.632142857142857,15.0,-0.12609351583983108,-0.0739239726077926,-0.9301587301587322,-1.1031746031746028,-1.2031746031746025,2.2222222222222223,4.777777777777779,4.666666666666666
전주시,2024-08-05,0.8753990246142105,9,8.685714285714285,3.0,7,32,8.042857142857148,10.0,7.417857142857143,17.0,-0.13307546844322296,-0.08041486148217834,0.795238095238096,-0.06746031746031633,-0.5551587301587295,-0.6666666666666665,1.5555555555555554,4.444444444444445
전주시,2024-08-12,0.8872258133227667,8,8.77142857142857,5.0,7,33,8.728571428571435,8.0,7.921428571428571,21.0,-0.11965574810011499,0.011556812730608476,0.5124999999999993,0.7892857142857173,-0.15491071428571423,2.125,1.875,7.125
전주시,2024-08-19,0.8129421121589855,8,7.8999999999999995,5.0,7,34,8.33571428571429,10.0,8.189285714285713,20.0,-0.20709537472583847,-0.1093233179572078,-0.2732142857142863,0.11964285714285872,0.10044642857142705,3.0,5.125,7.25
전주시,2024-08-26,0.8373403581985979,8,9.12857142857143,1.0,7,35,8.51428571428572,6.0,8.62142857142857,14.0,-0.17752465052896052,-0.07459210091895922,1.2821428571428584,0.5044642857142883,0.6468749999999996,0.25,3.25,5.125
전주시,2024-09-02,0.9678105142794994,6,7.757142857142858,0.0,7,36,8.44285714285715,1.0,8.389285714285714,11.0,-0.03271896057829635,0.02799443016405722,-0.5285714285714285,0.3767857142857185,0.24821428571428505,0.0,0.25,5.375
전주시,2024-09-09,0.954397146311696,8,9.328571428571431,2.0,7,37,8.542857142857152,2.0,8.528571428571428,8.0,-0.04667539823674827,0.020280868637499477,1.3035714285714306,0.3875000000000046,0.44598214285714377,1.75,1.75,5.0
전주시,2024-09-16,0.7938271082579967,5,7.885714285714287,2.0,7,38,8.607142857142865,4.0,8.525000000000002,5.0,-0.23088958923139077,-0.12230344325339501,-0.6803571428571411,0.31160714285714697,0.34419642857143096,1.75,3.5,3.75
전주시,2024-09-23,1.063739756171576,6,9.942857142857141,0.0,7,39,8.914285714285722,2.0,8.72857142857143,4.0,0.06179077093811623,0.12610912354399906,0.28035714285714164,-0.19999999999999574,0.09375,0.0,1.75,3.5
전주시,2024-09-30,1.0433810872617681,7,9.557142857142859,0.0,7,40,9.750000000000007,0.0,9.178571428571429,4.0,0.042466485374948945,0.11633691672154035,0.9160714285714295,0.5982142857142883,0.45491071428571495,0.0,0.0,3.5
전주시,2024-10-07,0.9689182599434465,7,10.171428571428573,0.0,7,41,9.864285714285721,0.0,9.389285714285716,2.0,-0.031575025712982,0.0468185762436327,0.2767857142857153,0.5964285714285751,0.19821428571428612,0.0,0.0,1.75
전주시,2024-10-14,0.9657474715992753,7,8.042857142857143,0.0,7,42,9.107142857142865,0.0,9.428571428571429,0.0,-0.034852895508782296,0.09029303243383069,-2.260714285714286,-0.9919642857142819,-0.19687500000000036,0.0,0.0,0.0
전주시,2024-10-21,1.0095385399766403,7,10.028571428571428,0.0,7,43,9.035714285714292,0.0,9.450000000000001,0.0,0.009493335334383745,0.07401821360869307,-0.751785714285715,-1.5062499999999979,-0.45491071428571317,0.0,0.0,0.0
전주시,2024-10-28,0.9732971137959233,6,8.571428571428571,0.0,7,44,9.300000000000006,0.0,9.20357142857143,0.0,-0.027065884933800948,0.009102733472589792,-2.1535714285714285,-1.452678571428569,-1.2223214285714281,0.0,0.0,0.0
전주시,2024-11-04,1.0201390520323068,6,10.771428571428572,0.0,7,45,9.671428571428578,0.0,9.353571428571428,0.0,0.01993894352656962,0.090520147904819,0.38035714285714306,-0.8866071428571409,-1.196428571428573,0.0,0.0,0.0
전주시,2024-11-11,1.1026508694163175,6,10.9,0.0,7,46,10.835714285714293,0.0,10.067857142857143,0.0,0.09771716198471142,0.1435325879101504,0.257142857142858,0.3187500000000032,-0.5669642857142847,0.0,0.0,0.0
전주시,2024-11-18,0.8553919060214367,6,10.0,0.0,7,47,10.450000000000006,0.0,10.060714285714287,0.0,-0.1561955454489232,-0.14507214840817734,-0.2767857142857153,-0.009821428571425983,-0.4482142857142861,0.0,0.0,0.0
전주시,2024-11-25,1.0701513117432495,5,8.685714285714285,0.0,7,48,9.342857142857149,0.0,10.089285714285715,0.0,0.06780005132011951,0.10741947855937584,-0.3321428571428573,-0.30446428571428363,0.007142857142858006,0.0,0.0,0.0
전주시,2024-12-02,0.9039656560106106,7,6.671428571428572,0.0,7,49,7.678571428571434,0.0,9.064285714285715,0.0,-0.1009639104503472,-0.0011894438471968388,-2.4482142857142852,-1.390178571428569,-0.6999999999999993,0.0,0.0,0.0
전주시,2024-12-09,0.8826836675269373,6,7.771428571428572,0.0,7,50,7.221428571428579,0.0,8.282142857142858,0.0,-0.12478838998547667,-0.027222386662027476,-0.8874999999999993,-1.6678571428571392,-0.9861607142857132,0.0,0.0,0.0
전주시,2024-12-16,0.9427406539469073,6,7.571428571428571,0.0,7,51,7.671428571428578,0.0,7.675000000000001,0.0,-0.058964056499909795,0.0893786744788003,-1.0374999999999996,-0.9624999999999968,-1.1763392857142847,0.0,0.0,0.0
전주시,2024-12-23,0.982062944181603,6,7.814285714285715,0.0,7,52,7.692857142857149,0.0,7.457142857142857,0.0,-0.018099874737250728,0.08421734191170524,-0.6553571428571416,-0.8464285714285689,-1.257142857142858,0.0,0.0,0.0
전주시,2024-12-30,0.8595847633184509,6,8.342857142857143,0.0,7,1,8.078571428571436,0.0,7.875000000000001,0.0,-0.15130583968677863,-0.0795688528082659,-0.5053571428571431,-0.5714285714285676,-0.7504464285714283,0.0,0.0,0.0
전주시,2025-01-06,0.774254782271902,6,7.285714285714286,0.0,7,2,7.81428571428572,0.0,7.753571428571429,0.0,-0.2558542834970743,-0.12767885591719483,-1.6017857142857137,-1.053571428571427,-0.9879464285714272,0.0,0.0,0.0
전주시,2025-01-13,0.8588287389651531,6,9.471428571428572,0.0,7,3,8.378571428571433,0.0,8.228571428571428,0.0,-0.15218574944199398,-0.0696179371803193,0.14285714285714413,-0.7294642857142843,-0.6504464285714295,0.0,0.0,0.0
전주시,2025-01-20,0.9049521338952305,6,10.4,0.0,7,4,9.935714285714292,0.0,8.875,0.0,-0.09987322740447672,-0.011640989474742389,1.1444444444444457,0.7253968253968299,-0.08134920634920739,0.0,0.0,0.0
전주시,2025-01-27,0.8128250408947807,5,6.6000000000000005,0.0,7,5,8.500000000000007,0.0,8.439285714285715,0.0,-0.20723939444500583,-0.08665366679367248,-2.1238095238095243,-0.4896825396825353,-0.5230158730158738,0.0,0.0,0.0
전주시,2025-02-03,0.7988577988893558,7,8.1,0.0,7,6,7.350000000000006,0.0,8.642857142857142,0.0,-0.22457232291071313,-0.11865098973903046,-1.8603174603174608,-1.9920634920634894,-0.6333333333333329,0.0,0.0,0.0
전주시,2025-02-10,0.9354972934684216,5,10.071428571428571,0.0,7,7,9.085714285714293,0.0,8.792857142857143,0.0,-0.06667702641122482,0.04295722676167889,0.17619047619047556,-0.84206349206349,-0.6658730158730162,0.0,0.0,0.0
전주시,2025-02-17,0.8951891297509732,5,8.314285714285715,0.0,7,8,9.192857142857148,0.0,8.271428571428572,0.0,-0.11072026487430657,-0.032968832889901795,-2.0507936507936506,-0.9373015873015849,-1.4646825396825385,0.0,0.0,0.0
전주시,2025-02-24,0.9005102382384312,6,11.9,0.0,7,9,10.107142857142863,0.0,9.596428571428572,0.0,-0.10479374492667061,0.02665306154040735,0.6460317460317455,-0.7023809523809508,-0.7722222222222221,0.0,0.0,0.0
전주시,2025-03-03,0.9711102813080577,9,8.357142857142858,0.0,7,10,10.128571428571433,0.0,9.660714285714286,0.0,-0.029315242157410517,0.03727831825059784,-2.7666666666666657,-1.0603174603174583,-0.9988095238095234,0.0,0.0,0.0
전주시,2025-03-10,0.986534704164439,6,12.071428571428571,0.0,7,11,10.214285714285719,0.0,10.160714285714286,0.0,-0.013556775056189779,0.0543072284933416,0.6587301587301599,-1.053968253968252,-0.8781746031746014,0.0,0.0,0.0
전주시,2025-03-17,0.9888917566645183,7,12.271428571428572,0.0,7,12,12.171428571428578,0.0,11.15,0.0,-0.01117040060450268,0.053450004328235254,0.22857142857142954,0.4436507936507965,-0.30833333333333357,0.0,0.0,0.0
전주시,2025-03-24,0.9416646661359604,8,12.914285714285715,0.0,7,13,12.592857142857149,0.0,11.403571428571428,0.0,-0.06010604852934922,-0.00018076274176918178,-0.0174603174603174,0.10555555555555785,-0.47420634920634797,0.0,0.0,0.0
전주시,2025-03-31,0.8796559953074173,7,11.885714285714286,0.0,7,14,12.400000000000006,0.0,12.285714285714285,0.0,-0.12822436236023574,-0.09099272774873757,-0.28253968253968154,-0.14999999999999858,0.14682539682539542,0.0,0.0,0.0
전주시,2025-04-07,0.8463398321336136,8,14.885714285714284,0.0,7,15,13.38571428571429,0.0,12.989285714285714,0.0,-0.16683430720354897,-0.12737679632354135,3.03015873015873,1.3738095238095234,0.7396825396825406,0.0,0.0,0.0
전주시,2025-04-14,0.8945941290961233,7,11.814285714285713,0.0,7,16,13.350000000000005,0.0,12.875,0.0,-0.11138515060706576,-0.08314169868014301,-0.9650793650793652,1.0325396825396833,0.4412698412698415,0.0,0.0,0.0
전주시,2025-04-21,1.0382791425429028,9,12.014285714285716,0.0,7,17,11.91428571428572,0.0,12.65,0.0,0.03756467204200374,0.12432388933497153,0.9936507936507954,0.014285714285716011,0.6940476190476197,0.0,0.0,0.0
전주시,2025-04-28,0.9439076360383508,7,12.142857142857142,0.0,7,18,12.078571428571435,0.0,12.714285714285714,0.0,-0.05772696080330564,-0.0006922877929714175,0.53015873015873,0.7619047619047645,0.8972222222222221,0.0,0.0,0.0
전주시,2025-05-05,0.8127358424094828,7,9.642857142857142,0.0,7,19,10.892857142857148,0.0,11.403571428571428,0.0,-0.20734913931682641,-0.11838210877414285,-1.8968253968253972,-0.6833333333333318,-0.3345238095238088,0.0,0.0,0.0
전주시,2025-05-12,0.9657253928996837,8,11.085714285714285,0.0,7,20,10.36428571428572,0.0,11.221428571428572,0.0,-0.03487575754324145,0.025192137580263098,-0.47142857142857153,-1.1841269841269835,-0.21111111111111036,0.0,0.0,0.0
전주시,2025-05-19,1.0381299498632,9,8.757142857142858,0.0,7,21,9.921428571428578,0.0,10.407142857142858,0.0,0.037420969454199454,0.1032616648206006,-2.5126984126984127,-1.4920634920634885,-1.0876984126984102,0.0,0.0,0.0
전주시,2025-05-26,0.8882989240314945,8,12.585714285714285,0.0,7,22,10.671428571428578,0.0,10.517857142857142,0.0,-0.11844696647424849,-0.057271313606128645,1.5841269841269838,-0.46428571428571175,-0.8242063492063512,0.0,0.0,0.0
전주시,2025-06-02,0.7236827016485884,7,10.928571428571429,0.0,7,23,11.757142857142863,0.0,10.839285714285715,0.0,-0.3234022400507116,-0.2328492208608262,0.3269841269841276,0.9555555555555575,-0.2682539682539673,0.0,0.0,0.0
전주시,2025-06-09,0.8625590034265547,9,11.171428571428573,0.0,7,24,11.050000000000006,0.0,10.860714285714286,0.0,-0.14785172264654536,-0.03441072490623513,1.0317460317460334,0.6793650793650823,0.1075396825396826,0.0,0.0,0.0
전주시,2025-06-16,0.8657916849013447,6,8.471428571428572,0.0,7,25,9.821428571428577,0.0,10.789285714285715,0.0,-0.14411094796892587,-0.05650543551354219,-0.9793650793650777,0.026190476190478762,0.49087301587301724,-0.1111111111111111,-0.1111111111111111,-0.1111111111111111
전주시,2025-06-23,0.8436052609775442,6,9.257142857142856,0.0,7,26,8.86428571428572,0.0,9.957142857142857,0.0,-0.17007059405563557,-0.03514330320400638,1.2095238095238106,0.11507936507936556,0.39722222222222214,-0.2222222222222222,-0.3333333333333333,-0.3333333333333333
전주시,2025-06-30,0.9103189106598482,8,8.785714285714286,5.0,7,27,9.021428571428576,5.0,9.42142857142857,5.0,-0.09396028959038759,-0.06381695897936868,1.0841269841269847,1.146825396825399,0.5865079365079371,4.0,3.7777777777777777,3.666666666666667
전주시,2025-07-07,0.8865395825100187,6,10.171428571428569,3.0,7,28,9.478571428571433,8.0,9.17142857142857,8.0,-0.12042950414316027,-0.06171471129504547,2.8317460317460306,1.9579365079365099,1.0365079365079364,1.5555555555555556,5.555555555555555,5.222222222222222
전주시,2025-07-14,0.9348323905018812,6,6.971428571428571,0.0,7,29,8.571428571428575,3.0,8.79642857142857,8.0,-0.0673880272580266,-0.07190128239897126,-0.5952380952380958,1.1182539682539678,1.132539682539683,-0.6666666666666666,0.8888888888888888,4.666666666666666
전주시,2025-07-21,1.0457007023605163,5,10.414285714285715,5.0,7,30,8.692857142857147,5.0,9.085714285714285,13.0,0.044687189287587616,0.10360500670193151,2.3095238095238084,0.8571428571428577,1.4075396825396824,1.5555555555555554,0.8888888888888893,6.444444444444445
전주시,2025-07-28,1.0713340296804963,6,10.22857142857143,5.0,7,31,10.321428571428577,10.0,9.446428571428571,13.0,0.06890462862879483,0.12107417186083333,1.8984126984126988,2.1039682539682545,1.6111111111111116,0.22222222222222232,1.7777777777777786,2.666666666666666
전주시,2025-08-04,0.948072658808864,7,7.314285714285712,2.0,7,32,8.771428571428576,7.0,8.732142857142858,12.0,-0.05332413535099282,-0.0006635283899482022,-0.5761904761904768,0.6611111111111114,0.7591269841269854,-1.6666666666666665,-1.4444444444444446,-0.5555555555555554
전주시,2025-08-11,0.8859543178633249,5,7.871428571428571,3.0,7,33,7.592857142857146,5.0,8.957142857142857,15.0,-0.12108988967999117,0.010122671150732301,-0.3875000000000002,-0.34642857142857153,0.8808035714285722,0.125,-1.125,1.125
전주시,2025-08-18,0.985158953168844,6,9.385714285714284,6.0,7,34,8.628571428571432,9.0,8.7,16.0,-0.014952277053919045,0.08281977971471162,1.2124999999999986,0.41249999999999964,0.6111607142857132,4.0,4.125,3.25
전주시,2025-08-25,0.9669400262873661,6,8.285714285714286,3.0,7,35,8.83571428571429,9.0,8.214285714285714,14.0,-0.03361880583753683,0.06931374377246446,0.43928571428571495,0.8258928571428594,0.23973214285714306,2.25,6.25,5.125
전주시,2025-09-01,0.9747510928647577,5,9.114285714285714,0.0,7,36,8.700000000000005,3.0,8.664285714285715,12.0,-0.025573129945647272,0.03514026079670629,0.8285714285714274,0.633928571428573,0.5232142857142854,0.0,2.25,6.375
전주시,2025-09-08,0.9329911530666606,3,7.285714285714286,0.0,7,37,8.200000000000005,0.0,8.517857142857142,9.0,-0.06935956042341496,-0.0024032935491672125,-0.7392857142857148,0.04464285714285765,0.43526785714285765,-0.25,-0.25,6.0
전주시,2025-09-15,1.0963734984327826,5,7.757142857142857,0.0,7,38,7.521428571428576,0.0,8.110714285714286,3.0,0.09200791371399364,0.2005940596919894,-0.808928571428571,-0.774107142857142,-0.07008928571428541,-0.25,-0.5,1.75
전주시,2025-09-22,1.033577546184457,3,7.628571428571429,0.0,7,39,7.6928571428571475,0.0,7.946428571428572,0.0,0.03302612991748643,0.09734448252336925,-2.0339285714285706,-1.42142857142857,-0.6883928571428575,0.0,-0.25,-0.5
전주시,2025-09-29,0.9322455474395772,5,7.442857142857143,0.0,7,40,7.53571428571429,0.0,7.5285714285714285,0.0,-0.07015903607880446,0.0037113952677869516,-1.1982142857142861,-1.6160714285714288,-1.1950892857142854,0.0,0.0,-0.5
전주시,2025-10-06,0.9855769291269869,3,7.557142857142857,0.0,7,41,7.500000000000004,0.0,7.5964285714285715,0.0,-0.01452809442430846,0.06386550753230624,-2.3375000000000004,-1.7678571428571415,-1.5946428571428584,0.0,0.0,-0.25
전주시,2025-10-13,0.789052113627974,5,7.042857142857143,0.0,7,42,7.300000000000004,0.0,7.417857142857143,0.0,-0.23692291009191382,-0.11177698214930085,-3.260714285714286,-2.7991071428571423,-2.2075892857142865,0.0,0.0,0.0
전주시,2025-10-20,1.0133591831118451,4,10.1,0.0,7,43,8.571428571428577,0.0,8.035714285714285,0.0,0.013270736074502232,0.07779561434881155,-0.6803571428571438,-1.9705357142857132,-1.8691964285714295,0.0,0.0,0.0
전주시,2025-10-27,0.9010962829408459,4,10.9,0.0,7,44,10.500000000000004,0.0,8.9,0.0,-0.10414316477368411,-0.06797454636729337,0.1750000000000007,-0.25267857142857153,-1.525892857142857,0.0,0.0,0.0
전주시,2025-11-03,0.9157034638730766,4,12.228571428571428,0.0,7,45,11.564285714285718,0.0,10.067857142857143,0.0,-0.08806269611588417,-0.01748149173763479,1.8374999999999986,1.0062499999999996,-0.48214285714285765,0.0,0.0,0.0
전주시,2025-11-10,1.011106380186142,4,12.657142857142857,0.0,7,46,12.442857142857147,0.0,11.471428571428572,0.0,0.01104515723885604,0.056860583164294994,2.0142857142857142,1.9258928571428573,0.8366071428571438,0.0,0.0,0.0
전주시,2025-11-17,1.0092975264668498,4,10.242857142857144,0.0,7,47,11.450000000000005,0.0,11.507142857142858,0.0,0.00925457051841716,0.020377967559163022,-0.03392857142857153,0.9901785714285722,0.998214285714285,0.0,0.0,0.0
전주시,2025-11-24,0.9199719014833118,6,9.957142857142857,0.0,7,48,10.100000000000005,0.0,11.27142857142857,0.0,-0.08341215127142883,-0.043792724032172506,0.939285714285715,0.4526785714285726,1.1892857142857132,0.0,0.0,0.0
전주시,2025-12-01,1.161494579857445,4,9.514285714285714,0.0,7,49,9.735714285714291,0.0,10.592857142857142,0.0,0.14970760671502362,0.24948207331817396,0.3946428571428573,0.6669642857142879,0.8285714285714274,0.0,0.0,0.0
전주시,2025-12-08,1.1083596948415082,3,9.942857142857145,0.0,7,50,9.728571428571435,0.0,9.914285714285715,0.0,0.10288116997625933,0.20044717329970851,1.2839285714285733,0.8392857142857171,0.6459821428571431,0.0,0.0,0.0
전주시,2025-12-15,0.9617017609287519,4,10.457142857142857,0.0,7,51,10.200000000000006,0.0,9.967857142857143,0.0,-0.03905089620709313,0.10929183477161697,1.8482142857142865,1.5660714285714317,1.116517857142858,0.0,0.0,0.0
전주시,2025-12-22,0.8841017124067584,5,10.028571428571428,0.0,7,52,10.242857142857147,0.0,9.985714285714288,0.0,-0.12318316367964197,-0.020865947030686005,1.5589285714285719,1.7035714285714292,1.2714285714285722,0.0,0.0,0.0
전주시,2025-12-29,1.0655908251482817,3,8.22857142857143,0.0,7,1,9.128571428571433,0.0,9.664285714285715,0.0,0.0635294107334017,0.13526639761191445,-0.6196428571428569,0.47857142857142954,1.0388392857142854,0.0,0.0,0.0
전주시,2026-01-05,0.9713992179665244,6,9.971428571428572,0.0,7,2,9.100000000000005,0.0,9.671428571428573,0.0,-0.029017754128955024,0.09915767345092444,1.0839285714285722,0.23214285714285765,0.9299107142857164,0.0,0.0,0.0
전주시,2026-01-12,0.9395225531791187,5,12.957142857142857,0.0,7,3,11.464285714285719,0.0,10.29642857142857,0.0,-0.062383454904111756,0.020184357357562917,3.62857142857143,2.356250000000001,1.4174107142857135,0.0,0.0,0.0
전주시,2026-01-19,0.9430997160825033,6,8.7,0.0,7,4,10.828571428571433,0.0,9.964285714285715,0.0,-0.058583258479418504,0.029648979450315832,-0.5555555555555554,1.6182539682539705,1.007936507936508,0.0,0.0,0.0
전주시,2026-01-26,0.9920366049405984,7,9.571428571428571,0.0,7,5,9.13571428571429,0.0,10.3,0.0,-0.007995272236325462,0.1125904554150079,0.8476190476190464,0.1460317460317473,1.337698412698412,0.0,0.0,0.0
전주시,2026-02-02,0.8973923559063797,7,9.742857142857142,0.0,7,6,9.657142857142862,0.0,10.242857142857142,0.0,-0.10826210352157443,-0.0023407703498917604,-0.21746031746031846,0.3150793650793666,0.9666666666666668,0.0,0.0,0.0
전주시,2026-02-09,0.9480783024003675,6,11.157142857142857,0.0,7,7,10.450000000000003,0.0,9.792857142857143,0.0,-0.05331818266935626,0.05631607050354745,1.261904761904761,0.5222222222222204,0.33412698412698383,0.0,0.0,0.0
전주시,2026-02-16,1.1210803203621365,5,13.685714285714285,0.0,7,8,12.421428571428574,0.0,11.039285714285715,0.0,0.11429279215850761,0.1920442241429124,3.3206349206349195,2.291269841269841,1.3031746031746039,0.0,0.0,0.0
전주시,2026-02-23,1.0232596416427762,5,11.071428571428571,0.0,7,9,12.378571428571433,0.0,11.414285714285715,0.0,0.022993258914051785,0.15444006538112975,-0.18253968253968367,1.5690476190476197,1.045634920634921,0.0,0.0,0.0
전주시,2026-03-02,0.9985852023056695,6,9.742857142857142,0.0,7,10,10.407142857142862,0.0,11.414285714285713,0.0,-0.001415799465569023,0.06517776094243934,-1.3809523809523814,-0.7817460317460299,0.754761904761903,0.0,0.0,0.0
전주시,2026-03-09,1.0467219871742954,5,11.671428571428573,0.0,7,11,10.707142857142863,0.0,11.542857142857143,0.0,0.04566336384350984,0.11352736739304123,0.25873015873016136,-0.5611111111111082,0.5039682539682548,0.0,0.0,0.0
전주시,2026-03-16,0.8545683737625894,8,12.928571428571429,0.0,7,12,12.300000000000004,0.0,11.353571428571428,0.0,-0.15715876352159477,-0.09253835858885684,0.8857142857142861,0.5722222222222229,-0.10476190476190617,0.0,0.0,0.0
전주시,2026-03-23,0.995626110016768,7,15.557142857142859,0.0,7,13,14.242857142857147,0.0,12.475,0.0,-0.004383483424014399,0.05554180236356564,2.6253968253968267,1.7555555555555564,0.5972222222222232,0.0,0.0,0.0
전주시,2026-03-30,0.9717997187921946,6,11.328571428571427,0.0,7,14,13.442857142857147,0.0,12.871428571428572,0.0,-0.028605546378358784,0.008626088233139394,-0.8396825396825403,0.8928571428571423,0.7325396825396826,0.0,0.0,0.0
전주시,2026-04-06,0.974244195693576,11,10.814285714285715,0.0,7,15,11.071428571428577,0.0,12.657142857142858,0.0,-0.02609329249871928,0.013364218381288342,-1.0412698412698393,-0.9404761904761898,0.4075396825396851,0.0,0.0,0.0
전주시,2026-04-13,1.0670516757796502,7,13.042857142857143,0.0,7,16,11.928571428571434,0.0,12.685714285714287,0.0,0.0648994020556408,0.09314285398256356,0.26349206349206433,-0.3888888888888875,0.2519841269841283,0.0,0.0,0.0
전주시,2026-04-20,1.0648487396703665,8,15.671428571428573,0.0,7,17,14.357142857142861,0.0,12.714285714285715,0.0,0.06283276059585989,0.14959197788882767,4.650793650793652,2.4571428571428573,0.7583333333333346,0.0,0.0,0.0
전주시,2026-04-27,1.0517677141162909,7,10.299999999999999,0.0,7,18,12.985714285714291,0.0,12.457142857142857,0.0,0.050472285862743195,0.10750695887307742,-1.3126984126984134,1.6690476190476211,0.6400793650793659,0.0,0.0,0.0
전주시,2026-05-04,0.9784454625488714,9,14.328571428571427,0.0,7,19,12.314285714285717,0.0,13.335714285714285,0.0,-0.021790229469489483,0.06717680107319408,2.788888888888888,0.7380952380952372,1.5976190476190482,0.0,0.0,0.0
전주시,2026-05-11,0.9740617536819943,6,13.814285714285715,0.0,7,20,14.071428571428577,0.0,13.528571428571428,0.0,-0.02628057521186135,0.0337873199116432,2.257142857142858,2.523015873015874,2.0960317460317466,0.0,0.0,0.0
전주시,2026-05-18,1.0283031145725663,6,10.014285714285714,0.0,7,21,11.914285714285718,0.0,12.114285714285714,0.0,0.027909982104364,0.09375067747076515,-1.2555555555555564,0.5007936507936517,0.6194444444444454,0.0,0.0,0.0
전주시,2026-05-25,0.9023351044866357,6,10.5,0.0,7,22,10.257142857142862,0.0,12.164285714285715,0.0,-0.10276931517865252,-0.04159366231053268,-0.5015873015873016,-0.8785714285714281,0.8222222222222211,0.0,0.0,0.0
전주시,2026-06-01,0.9109935060282721,6,11.585714285714287,0.0,7,23,11.042857142857148,0.0,11.478571428571428,0.0,-0.09321951014684811,-0.002666490956962711,0.984126984126986,0.2412698412698422,0.37103174603174516,0.0,0.0,0.0
전주시,2026-06-08,0.9465344653472794,5,11.799999999999999,0.0,7,24,11.692857142857147,0.0,10.975,0.0,-0.0549478955279067,0.05849310221240353,1.6603174603174597,1.3222222222222229,0.22182539682539648,0.0,0.0,0.0
전주시,2026-06-15,0.850300321868414,4,9.857142857142858,0.0,7,25,10.828571428571433,0.0,10.935714285714285,0.0,-0.1621656720553402,-0.0745601595999565,0.40634920634920846,1.033333333333335,0.6373015873015877,-0.1111111111111111,-0.1111111111111111,-0.1111111111111111
전주시,2026-06-22,0.9479385513614853,4,9.299999999999999,0.0,7,26,9.578571428571433,0.0,10.635714285714286,0.0,-0.05346559806691245,0.08146169278471674,1.2523809523809533,0.8293650793650791,1.075793650793651,-0.2222222222222222,-0.3333333333333333,-0.3333333333333333
전주시,2026-06-29,1.0814771824980933,7,7.985714285714286,0.0,7,27,8.642857142857146,0.0,9.735714285714286,0.0,0.07832786817462685,0.10847119878564576,0.284126984126984,0.7682539682539691,0.900793650793652,-1.0,-1.2222222222222223,-1.3333333333333333
전주시,2026-07-06,0.8572896723947802,6,7.885714285714284,1.0,7,28,7.9357142857142895,1.0,8.757142857142856,1.0,-0.15397941003418983,-0.09526461718607504,0.5460317460317459,0.41507936507936627,0.6222222222222218,-0.4444444444444444,-1.4444444444444446,-1.7777777777777777
전주시,2026-07-13,1.0202871914390748,8,7.042857142857143,3.0,7,29,7.464285714285718,4.0,8.053571428571427,4.0,0.020084147899922706,0.015570892758978053,-0.5238095238095237,0.011111111111111072,0.3896825396825392,2.3333333333333335,1.8888888888888888,0.6666666666666665
전주시,2026-07-20,1.1358018931179763,7,7.957142857142857,6.0,7,30,7.500000000000004,9.0,7.7178571428571425,10.0,0.12733891523034338,0.18625673264468728,-0.14761904761904887,-0.3357142857142845,0.03968253968253954,2.5555555555555554,4.888888888888889,3.4444444444444446
전주시,2026-07-27,0.986424391749362,8,8.542857142857143,6.0,7,31,8.250000000000004,12.0,7.857142857142858,16.0,-0.013668599386882082,0.03850094384515641,0.21269841269841194,0.032539682539681536,0.02182539682539808,1.2222222222222223,3.7777777777777786,5.666666666666666
전주시,2026-08-03,1.0157080937325762,6,10.057142857142855,7.0,7,32,9.300000000000004,13.0,8.399999999999999,22.0,0.015585998556730261,0.06824660551777488,2.166666666666666,1.18968253968254,0.42698412698412636,3.3333333333333335,4.555555555555555,9.444444444444445
정읍시,2018-01-29,0.8710551458468445,3,8.671428571428573,0.0,7,5,8.614285714285714,0.0,8.396428571428572,0.0,-0.13804999087683678,0.10640393045326255,-0.12380952380952337,-0.3000000000000007,-0.6845238095238084,0.0,0.0,0.0
정읍시,2018-02-05,0.917928681738107,3,10.057142857142859,0.0,7,6,9.364285714285716,0.0,8.939285714285715,0.0,-0.08563558011801842,0.1026359526987767,-1.0071428571428562,-0.8428571428571434,-0.7053571428571423,0.0,0.0,0.0
정읍시,2018-02-12,0.9513564775840361,3,9.62857142857143,0.0,7,7,9.842857142857145,0.0,9.22857142857143,0.0,-0.04986644168510687,-0.029679011638760466,0.30714285714285694,-0.34999999999999964,-0.5982142857142847,0.0,0.0,0.0
정읍시,2018-02-19,0.9425327016101026,4,10.828571428571427,0.0,7,8,10.228571428571428,0.0,9.796428571428573,0.0,-0.059184663593342825,-0.12772229286178355,0.1666666666666643,0.5095238095238077,0.08809523809523867,0.0,0.0,0.0
정읍시,2018-02-26,1.0787138694733178,3,13.514285714285716,0.0,7,9,12.17142857142857,0.0,11.007142857142858,0.0,0.07576946989823087,0.08733692648606538,1.9071428571428584,1.0910714285714267,0.33750000000000036,0.0,0.0,0.0
정읍시,2018-03-05,1.2719470339451069,4,10.557142857142859,0.0,7,10,12.035714285714288,0.0,11.13214285714286,0.0,0.24054882407070047,0.3657671513988846,-1.1666666666666643,0.757142857142858,0.4940476190476204,0.0,0.0,0.0
정읍시,2018-03-12,1.0627042903674981,3,12.928571428571429,0.0,7,11,11.742857142857144,0.0,11.957142857142857,0.0,0.0608168766213525,0.06943695954143451,1.0428571428571427,-0.28214285714285836,0.40446428571428505,0.0,0.0,0.0
정읍시,2018-03-19,1.0179208516871534,2,10.271428571428572,0.0,7,12,11.600000000000001,0.0,11.817857142857143,0.0,0.01776216627189623,0.09464508797089768,-1.9678571428571416,-0.0982142857142847,0.5,0.0,0.0,0.0
정읍시,2018-03-26,1.029483330937921,4,14.642857142857142,0.0,7,13,12.457142857142857,0.0,12.100000000000001,0.0,0.029057055939297843,0.17349910633058493,1.3642857142857139,-0.30178571428571566,0.19375000000000142,0.0,0.0,0.0
정읍시,2018-04-02,0.8413943696350006,2,10.157142857142857,0.0,7,14,12.399999999999999,0.0,12.0,0.0,-0.17269479951081013,-0.0627314149950587,-2.3952380952380956,-0.45000000000000284,-0.4523809523809543,0.0,0.0,0.0
정읍시,2018-04-16,0.8061450069707734,2,15.9,0.0,7,16,13.028571428571428,0.0,12.742857142857144,0.0,-0.2154916432642437,0.06926104699661711,1.8095238095238102,0.16190476190476133,0.11666666666666536,0.0,0.0,0.0
정읍시,2018-04-30,0.9294465469414015,2,11.028571428571427,0.0,7,18,13.464285714285714,0.0,12.932142857142857,0.0,-0.07316598079925979,0.15035036758988754,-1.6857142857142886,0.7785714285714267,0.3125,0.0,0.0,0.0
정읍시,2018-05-07,0.945998903845619,2,10.157142857142857,0.0,7,19,10.592857142857142,0.0,11.810714285714285,0.0,-0.05551386865649138,0.08784848191575895,-2.2095238095238106,-1.3023809523809522,0.11547619047618873,0.0,0.0,0.0
정읍시,2018-06-04,1.049735586853836,2,10.7,0.0,7,23,10.428571428571427,0.0,11.946428571428571,0.0,0.04853831041297138,-0.008962881672241907,-0.31428571428571317,-0.6357142857142861,-0.48928571428571566,0.0,0.0,0.0
정읍시,2018-06-11,0.7871856006538571,2,10.485714285714284,0.0,7,24,10.592857142857142,0.0,10.592857142857142,0.0,-0.239291225263707,0.16509140544024742,-1.1357142857142861,-0.7250000000000014,-1.0339285714285715,0.0,0.0,0.0
정읍시,2018-06-18,0.6649268408535471,2,10.942857142857145,0.0,7,25,10.714285714285715,0.0,10.571428571428571,0.0,-0.40807825813230425,0.2910640260310764,0.19285714285714306,-0.47142857142857153,-0.5535714285714288,0.0,0.0,0.0
정읍시,2018-06-25,0.43508555310176644,2,8.314285714285713,0.0,7,26,9.62857142857143,0.0,10.110714285714284,0.0,-0.8322125934340445,0.0,0.0,0.0,0.0,0.0,0.0,0.0
정읍시,2018-07-23,1.007771285583459,2,10.371428571428572,3.0,7,30,9.342857142857142,3.0,10.028571428571428,3.0,0.007741244680894876,0.11744340706767273,2.248571428571429,0.639999999999997,0.06285714285714228,0.7999999999999998,0.7999999999999998,0.7999999999999998
정읍시,2018-09-03,0.6973585738523158,2,9.014285714285714,0.0,7,36,9.692857142857143,3.0,9.660714285714285,3.0,-0.36045554734756496,-0.14584320076761173,0.5714285714285712,0.5547619047619037,0.9107142857142847,0.0,1.3333333333333333,1.3333333333333333
정읍시,2018-09-17,0.8766781186982238,3,8.914285714285715,0.0,7,38,8.964285714285715,0.0,9.153571428571428,3.0,-0.13161537940989135,-0.06325953683274065,0.35714285714285765,0.7785714285714285,0.26785714285714235,-1.0,-2.0,-1.0
정읍시,2018-10-01,0.7211604635647987,2,9.4,0.0,7,40,9.157142857142858,0.0,9.425,3.0,-0.3268936095039753,-0.246489935205639,0.07142857142857117,-0.13571428571428612,0.46547619047619015,0.0,0.0,0.6666666666666665
정읍시,2018-10-08,0.9510964608188842,2,10.742857142857144,0.0,7,41,10.071428571428573,0.0,9.517857142857142,0.0,-0.05013979064583246,-0.07750679579305078,-0.09999999999999787,0.31428571428571495,0.3660714285714288,0.0,0.0,-0.5
정읍시,2018-10-15,1.1550691745862107,2,12.171428571428569,0.0,7,42,11.457142857142856,0.0,10.307142857142857,0.0,0.14416023359697025,-0.05454387992420798,1.6523809523809518,0.35238095238094935,0.059523809523808424,0.0,0.0,0.0
정읍시,2018-10-29,1.051749667733506,2,11.514285714285714,0.0,7,44,11.842857142857142,0.0,10.957142857142857,0.0,0.05045512757069298,0.040777526134332935,0.2071428571428573,0.5071428571428562,0.7142857142857135,0.0,0.0,0.0
정읍시,2018-11-05,1.2155560588932104,2,9.214285714285714,0.0,7,45,10.364285714285714,0.0,10.910714285714285,0.0,0.19520163373786764,0.1077108569909056,-1.4571428571428573,-0.49285714285714377,0.8839285714285712,0.0,0.0,-2.0
정읍시,2018-11-12,1.0979366615747908,2,9.857142857142858,0.0,7,46,9.535714285714285,0.0,10.689285714285713,0.0,0.0934326561546189,0.0965723308386386,-1.9047619047619033,-1.6214285714285737,-0.07857142857143096,0.0,0.0,0.0
정읍시,2018-11-19,1.1370504067712428,2,10.585714285714285,0.0,7,47,10.221428571428572,0.0,10.292857142857143,0.0,0.1284375469178544,0.11554177287401005,0.35714285714285765,-0.5321428571428584,-0.7214285714285698,0.0,0.0,0.0
정읍시,2018-11-26,1.2252139601699354,2,13.285714285714286,0.0,7,48,11.935714285714287,0.0,10.735714285714286,0.0,0.2031154901083829,0.28520056936779115,3.5142857142857142,1.5910714285714285,0.6142857142857139,0.0,0.0,-1.0
정읍시,2018-12-24,1.4826825323910269,2,7.757142857142857,0.0,7,52,10.521428571428572,0.0,10.371428571428572,0.0,0.39385296902621886,0.0,0.0,0.0,0.0,0.0,0.0,0.0
정읍시,2019-01-14,1.104598697553925,2,8.942857142857143,0.0,7,3,8.350000000000001,0.0,10.142857142857142,0.0,0.0994820993731967,0.04947185662239624,0.11428571428571388,-0.22499999999999964,0.8374999999999986,0.0,0.0,0.0
정읍시,2019-03-04,0.7111997869027183,2,12.528571428571428,0.0,7,10,10.735714285714288,0.0,10.62857142857143,0.0,-0.3408018944130856,-0.21558356708490145,0.8047619047619055,-0.5428571428571427,-0.00952380952380949,0.0,0.0,0.0
정읍시,2019-05-06,0.9098006563151182,2,15.771428571428572,0.0,7,19,14.150000000000002,0.0,11.25,0.0,-0.09452976246254301,0.04883258810970732,3.404761904761905,2.2547619047619083,-0.4452380952380963,0.0,0.0,0.0
정읍시,2019-05-13,0.8441447038808656,3,12.385714285714286,0.0,7,20,14.07857142857143,0.0,12.407142857142858,0.0,-0.1694313489862556,-0.07652285731418819,0.8857142857142861,1.5928571428571416,0.5053571428571431,0.0,0.0,0.0
정읍시,2019-05-20,1.138007185266321,2,14.385714285714286,0.0,7,21,13.385714285714286,0.0,13.767857142857142,0.0,0.12927864962649185,0.0,0.0,0.0,0.0,0.0,0.0,0.0
정읍시,2019-07-15,0.691054438396996,2,7.714285714285714,0.0,7,29,11.05,0.0,12.564285714285715,0.0,-0.3695366762669645,-0.13990650396158286,-0.2821428571428566,1.7928571428571427,1.7142857142857135,-0.5,-0.75,-0.75
정읍시,2019-07-22,0.5750218545754517,2,6.157142857142858,4.0,7,30,6.935714285714287,4.0,10.160714285714285,4.0,-0.5533472309497633,-0.44364506856298547,-1.9657142857142844,-1.7671428571428578,0.1949999999999985,1.7999999999999998,1.7999999999999998,1.7999999999999998
정읍시,2019-10-21,0.6237753414484055,2,10.571428571428571,0.0,7,43,8.364285714285716,4.0,9.707142857142857,4.0,-0.47196500516909207,-0.32382242062325883,-0.16666666666666785,-0.7547619047619047,0.16190476190476133,0.0,2.666666666666667,2.666666666666667
정읍시,2019-11-04,0.9799829746799946,2,12.12857142857143,0.0,7,45,11.350000000000001,0.0,9.142857142857142,4.0,-0.02022008024394355,-0.10771085699090559,1.457142857142859,0.49285714285714377,-0.8839285714285712,0.0,0.0,2.0
정읍시,2019-11-25,0.8993082583835587,3,9.4,0.0,7,48,10.764285714285716,0.0,9.564285714285715,4.0,-0.10612941297967016,-0.024044333720261907,-0.3714285714285719,0.41964285714285765,-0.5571428571428569,0.0,0.0,3.0
정읍시,2020-01-20,0.9104290041215929,3,7.957142857142857,0.0,7,4,8.67857142857143,0.0,10.014285714285714,0.0,-0.09383935746026113,0.018695619221959017,-1.314285714285715,-0.48571428571428577,0.2964285714285726,0.0,0.0,0.0
정읍시,2020-01-27,0.8297609122218244,2,7.685714285714285,0.0,7,5,7.821428571428572,0.0,9.292857142857143,0.0,-0.1866176772521097,0.057836244077989624,-1.109523809523811,-1.0928571428571425,0.21190476190476204,0.0,0.0,0.0
정읍시,2020-02-17,1.091553862086684,2,10.557142857142859,0.0,7,8,9.121428571428574,0.0,8.9,0.0,0.08760224264026245,0.01906461337182172,-0.10476190476190439,-0.5976190476190464,-0.8083333333333336,0.0,0.0,0.0
정읍시,2020-02-24,1.0746167508623488,3,9.285714285714286,0.0,7,9,9.921428571428574,0.0,8.871428571428572,0.0,0.0719640871888114,0.0835315437766459,-2.321428571428571,-1.1589285714285698,-1.7982142857142858,0.0,0.0,0.0
정읍시,2020-03-02,0.8145609988041953,2,11.942857142857141,0.0,7,10,10.614285714285714,0.0,9.867857142857144,0.0,-0.20510596264025155,-0.07988763531206738,0.21904761904761827,-0.6642857142857164,-0.7702380952380956,0.0,0.0,0.0
정읍시,2020-03-09,0.8006978110758877,2,10.528571428571428,0.0,7,11,11.235714285714286,0.0,10.57857142857143,0.0,-0.22227166767038334,-0.21365158475030133,-1.3571428571428577,-0.7892857142857164,-0.9741071428571431,0.0,0.0,0.0
정읍시,2020-03-16,0.9320901374845204,2,14.285714285714286,0.0,7,12,12.407142857142858,0.0,11.510714285714286,0.0,-0.07032575493386205,0.006557166765139413,2.0464285714285726,0.7089285714285722,0.19285714285714306,0.0,0.0,0.0
정읍시,2020-03-23,0.6785724101404936,3,13.12857142857143,0.0,7,13,13.707142857142859,0.0,12.471428571428572,0.0,-0.38776408448697697,-0.24332203409568987,-0.14999999999999858,0.9482142857142861,0.5651785714285715,0.0,0.0,0.0
정읍시,2020-03-30,0.7977128872001884,2,13.085714285714287,0.0,7,14,13.10714285714286,0.0,12.757142857142858,0.0,-0.226006536748405,-0.11604315223265359,0.533333333333335,0.257142857142858,0.3047619047619037,0.0,0.0,0.0
정읍시,2020-04-20,0.8656803944853447,3,10.714285714285714,0.0,7,17,11.900000000000002,0.0,12.803571428571429,0.0,-0.14423949802465957,0.0010980592054708471,-0.7476190476190485,-0.4071428571428566,0.2202380952380949,0.0,0.0,0.0
정읍시,2020-05-04,0.7557509255863745,3,11.171428571428573,0.0,7,19,10.942857142857143,0.0,12.025,0.0,-0.2800434205977166,-0.13668107002546626,-1.1952380952380945,-0.9523809523809508,0.32976190476190403,0.0,0.0,0.0
정읍시,2020-05-11,0.9837478799154239,3,10.614285714285714,0.0,7,20,10.892857142857144,0.0,11.396428571428572,0.0,-0.0163856343578792,0.0765228573141882,-0.8857142857142861,-1.5928571428571434,-0.5053571428571431,0.0,0.0,0.0
정읍시,2020-05-25,1.0401000332493955,2,10.72857142857143,0.0,7,22,10.671428571428573,0.0,10.807142857142857,0.0,0.03931689434444866,0.0,0.0,0.0,0.0,0.0,0.0,0.0
정읍시,2020-07-06,0.7147856729887269,4,7.885714285714286,0.0,7,28,9.307142857142859,0.0,10.1,0.0,-0.3357725392822809,-0.21066222612763444,1.2428571428571438,-0.2607142857142861,-0.623214285714285,-0.5,-0.5,-0.5
정읍시,2020-07-13,0.5445793313772059,2,6.4,0.0,7,29,7.142857142857144,0.0,8.907142857142858,0.0,-0.6077416513958217,-0.3781114790904401,-1.5964285714285706,-2.114285714285714,-1.942857142857143,-0.5,-0.75,-0.75
정읍시,2020-07-20,0.8210196859174141,3,5.557142857142856,0.0,7,30,5.9785714285714295,0.0,7.642857142857143,0.0,-0.19720819184225,-0.08750602945547215,-2.5657142857142867,-2.724285714285715,-2.322857142857143,-2.2,-2.2,-2.2
정읍시,2020-08-17,0.7417277829907247,2,9.885714285714286,0.0,7,34,7.721428571428572,0.0,7.432142857142857,0.0,-0.2987729724124941,-0.02597674609963352,-0.3214285714285712,-0.8785714285714272,-1.3499999999999996,0.0,0.0,-1.0
정읍시,2020-08-31,1.1108301515359118,2,6.700000000000001,0.0,7,36,8.292857142857144,0.0,7.135714285714286,0.0,0.10510762006475197,0.3197199666447052,-1.742857142857142,-0.8452380952380949,-1.6142857142857139,0.0,-1.6666666666666667,-1.6666666666666667
정읍시,2020-10-05,1.1936682902194131,2,13.028571428571428,0.0,7,41,9.864285714285717,0.0,8.792857142857143,0.0,0.1770311624863951,0.1496641573391768,2.185714285714287,0.10714285714285943,-0.3589285714285708,0.0,0.0,-0.5
정읍시,2020-10-12,1.2338628413235433,2,11.342857142857142,0.0,7,42,12.185714285714287,0.0,10.239285714285714,0.0,0.21014976964884316,0.011445656127664933,0.8238095238095244,1.0809523809523807,-0.008333333333334636,0.0,0.0,0.0
정읍시,2020-11-09,1.014670317853441,2,12.700000000000001,0.0,7,46,12.021428571428572,0.0,10.942857142857143,0.0,0.014563749734948502,0.0177034244189682,0.9380952380952401,0.8642857142857139,0.17499999999999893,0.0,0.0,0.0
정읍시,2020-11-16,0.9024463840179842,5,9.87142857142857,0.0,7,47,11.285714285714288,0.0,11.735714285714284,0.0,-0.1026459988301657,-0.11554177287401005,-0.35714285714285765,0.5321428571428584,0.7214285714285715,0.0,0.0,0.0
정읍시,2020-11-23,0.9208490769119899,5,6.771428571428571,0.0,7,48,8.321428571428573,0.0,10.17142857142857,0.0,-0.08245912487139864,-0.0003740456119903923,-3.000000000000001,-2.0232142857142854,0.049999999999998934,0.0,0.0,-1.0
정읍시,2020-11-30,0.9973284240645497,2,9.5,0.0,7,49,8.135714285714288,0.0,9.710714285714285,0.0,-0.0026751509631646737,0.0,0.0,0.0,0.0,0.0,0.0,0.0
정읍시,2020-12-28,0.8609787193733276,2,8.885714285714286,0.0,7,53,9.192857142857145,0.0,8.757142857142856,0.0,-0.14968549103485293,0.0,0.0,0.0,0.0,0.0,0.0,0.0
정읍시,2021-01-18,1.0005385310842287,2,8.714285714285714,0.0,7,3,8.8,0.0,8.467857142857143,0.0,0.0005383861284042136,-0.04947185662239625,-0.11428571428571566,0.22499999999999964,-0.8375000000000004,0.0,0.0,0.0
정읍시,2021-01-25,0.8770155148861988,3,10.585714285714285,0.0,7,4,9.650000000000002,0.0,9.42142857142857,0.0,-0.13123059590417918,-0.01869561922195903,1.3142857142857132,0.48571428571428577,-0.2964285714285708,0.0,0.0,0.0
정읍시,2021-02-01,0.664517479880797,2,10.028571428571428,0.0,7,5,10.307142857142859,0.0,9.553571428571429,0.0,-0.40869409586135147,-0.16424017453125214,1.2333333333333325,1.3928571428571441,0.47261904761904816,0.0,0.0,0.0
정읍시,2021-02-08,0.7475848372447106,2,12.071428571428571,0.0,7,6,11.05,0.0,10.35,0.0,-0.29090748551557183,-0.1026359526987767,1.0071428571428562,0.8428571428571416,0.7053571428571423,0.0,0.0,0.0
정읍시,2021-02-15,1.0095367695080852,4,9.014285714285714,0.0,7,7,10.542857142857144,0.0,10.424999999999999,0.0,0.009491581592414063,0.029679011638760466,-0.3071428571428587,0.34999999999999964,0.5982142857142847,0.0,0.0,0.0
정읍시,2021-02-22,1.1938642425012445,4,10.6,0.0,7,8,9.807142857142859,0.0,10.428571428571429,0.0,0.17719530875840256,0.10865767948996183,-0.06190476190476346,0.08809523809523867,0.7202380952380949,0.0,0.0,0.0
정읍시,2021-03-01,0.9357505247098454,2,9.814285714285715,0.0,7,9,10.207142857142859,0.0,10.375,0.0,-0.06640637146054466,-0.05483891487271016,-1.7928571428571427,-0.873214285714285,-0.29464285714285765,0.0,0.0,0.0
정읍시,2021-03-08,0.923743077591535,3,11.671428571428573,0.0,7,10,10.742857142857146,0.0,10.275,0.0,-0.07932130055940377,0.045897026768780394,-0.05238095238095042,-0.5357142857142847,-0.363095238095239,0.0,0.0,0.0
정읍시,2021-03-15,0.9475567965626898,2,12.014285714285714,0.0,7,11,11.842857142857145,0.0,11.025,0.0,-0.05386840022031815,-0.04524831730023614,0.12857142857142811,-0.18214285714285694,-0.5276785714285719,0.0,0.0,0.0
정읍시,2021-03-22,0.896918224939302,2,12.299999999999999,0.0,7,12,12.157142857142858,0.0,11.45,0.0,-0.10879058614122147,-0.03190766444222001,0.060714285714285054,0.45892857142857224,0.13214285714285623,0.0,0.0,0.0
정읍시,2021-03-29,0.9453496319235619,2,11.671428571428573,0.0,7,13,11.985714285714288,0.0,11.914285714285715,0.0,-0.05620043904294581,0.0882416113483413,-1.6071428571428559,-0.7732142857142854,0.00803571428571459,0.0,0.0,0.0
정읍시,2021-04-05,1.0712339225672307,3,14.414285714285715,0.0,7,14,13.042857142857144,0.0,12.6,0.0,0.06881118271196088,0.1787745672277123,1.8619047619047624,0.19285714285714306,0.14761904761904532,0.0,0.0,0.0
정읍시,2021-04-12,0.6731870377193134,3,10.171428571428573,0.0,7,15,12.292857142857144,0.0,12.139285714285716,0.0,-0.3957320715755882,-0.1567670393836154,-2.2142857142857135,-0.14285714285714235,-0.08571428571428541,0.0,0.0,0.0
정읍시,2021-04-19,0.6913424273901002,2,15.242857142857142,0.0,7,16,12.707142857142859,0.0,12.875000000000002,0.0,-0.36912002457395526,-0.08436733431309446,1.1523809523809518,-0.15952380952380807,0.24880952380952337,0.0,0.0,0.0
정읍시,2021-04-26,0.8757295052270168,3,9.414285714285715,0.0,7,17,12.32857142857143,0.0,12.310714285714285,0.0,-0.13269801971676107,0.012639537513369353,-2.0476190476190474,0.021428571428570464,-0.27261904761904887,0.0,0.0,0.0
정읍시,2021-05-03,0.6880686142692184,2,14.400000000000002,0.0,7,18,11.90714285714286,0.0,12.307142857142859,0.0,-0.37386671597903487,-0.15035036758988754,1.6857142857142868,-0.7785714285714267,-0.3124999999999982,0.0,0.0,0.0
정읍시,2021-07-19,1.2500583523583084,3,11.257142857142856,0.0,7,29,12.828571428571431,0.0,12.57857142857143,0.0,0.22319023211129113,0.4528204044166728,3.2607142857142852,3.571428571428573,1.7285714285714278,-0.5,-0.75,-0.75
정읍시,2021-07-26,1.1639491922951688,2,10.228571428571428,0.0,7,30,10.742857142857144,0.0,11.325,0.0,0.15181869912563603,0.2615208615124139,2.105714285714285,2.039999999999999,1.359285714285713,-2.2,-2.2,-2.2
정읍시,2023-02-27,0.8802080209711046,3,13.814285714285715,0.0,7,9,12.021428571428572,0.0,12.425,0.0,-0.12759701197783563,-0.11602955539000112,2.2071428571428573,0.9410714285714281,1.755357142857143,0.0,0.0,0.0
정읍시,2023-03-06,1.0587989045242245,3,14.485714285714286,0.0,7,10,14.150000000000002,0.0,12.446428571428571,0.0,0.05713515673127178,0.18235348405945595,2.7619047619047628,2.871428571428572,1.8083333333333318,0.0,0.0,0.0
정읍시,2023-03-13,1.1982268746349252,3,12.071428571428571,0.0,7,11,13.27857142857143,0.0,12.65,0.0,0.18084285958902094,0.18946294250910295,0.18571428571428505,1.2535714285714281,1.0973214285714281,0.0,0.0,0.0
정읍시,2023-06-05,1.0687225681992696,2,11.328571428571427,0.0,7,23,11.700000000000001,0.0,12.925,0.0,0.0664640737574552,0.008962881672241907,0.31428571428571495,0.6357142857142879,0.4892857142857139,0.0,0.0,0.0
정읍시,2023-06-12,0.5658229628764502,2,12.757142857142858,0.0,7,24,12.042857142857144,0.0,12.660714285714285,0.0,-0.5694740361442019,-0.16509140544024747,1.135714285714288,0.7250000000000014,1.0339285714285715,0.0,0.0,0.0
정읍시,2023-06-19,0.37150003886999733,2,10.557142857142859,0.0,7,25,11.65714285714286,0.0,11.678571428571429,0.0,-0.990206310194457,-0.2910640260310764,-0.19285714285714306,0.4714285714285733,0.5535714285714288,0.0,0.0,0.0
정읍시,2024-04-08,0.9210895715302548,2,14.6,0.0,7,15,12.578571428571431,0.0,12.310714285714287,0.0,-0.08219799280835743,0.1567670393836154,2.2142857142857135,0.14285714285714413,0.08571428571428541,0.0,0.0,0.0
정읍시,2024-04-15,0.7636494708069983,2,11.128571428571428,0.0,7,16,12.864285714285716,0.0,12.260714285714286,0.0,-0.2696464029443834,0.015106287316477396,-2.961904761904762,-0.0023809523809514843,-0.3654761904761923,0.0,0.0,0.0
정읍시,2024-04-22,0.8529322553331483,2,14.257142857142858,0.0,7,17,12.692857142857145,0.0,12.635714285714286,0.0,-0.1590751539489706,-0.013737596718840173,2.795238095238096,0.3857142857142861,0.052380952380952195,0.0,0.0,0.0
정읍시,2024-07-08,1.0893181096178584,2,5.3999999999999995,1.0,7,28,9.828571428571431,1.0,11.346428571428572,1.0,0.08555191297298796,0.2106622261276344,-1.2428571428571429,0.2607142857142861,0.6232142857142868,0.5,0.5,0.5
정읍시,2024-07-15,0.8483749408582394,2,6.614285714285714,2.0,7,29,6.007142857142858,3.0,9.35,3.0,-0.16443259367003155,0.06519757863535011,-1.3821428571428571,-3.25,-1.5000000000000018,1.5,2.25,2.25
정읍시,2024-09-16,0.9949166583892973,2,8.2,2.0,7,38,7.407142857142858,4.0,8.617857142857144,5.0,-0.005096305744410057,0.06325953683274065,-0.35714285714285765,-0.7785714285714285,-0.26785714285714235,1.0,2.0,1.0
정읍시,2024-09-23,0.763926895496114,4,11.014285714285714,0.0,7,39,9.607142857142858,2.0,7.807142857142857,5.0,-0.26928318091727493,-0.04413386164446642,1.5857142857142854,0.8571428571428577,-0.4267857142857139,0.0,1.0,1.5
정읍시,2024-09-30,0.9038686217863144,5,10.428571428571429,0.0,7,40,10.721428571428573,0.0,9.064285714285713,4.0,-0.10107125903376671,-0.020667584735430428,1.0999999999999996,1.4285714285714288,0.10476190476190261,0.0,0.0,1.6666666666666665
정읍시,2024-10-07,1.1222836875699354,3,11.299999999999999,0.0,7,41,10.864285714285716,0.0,10.235714285714286,2.0,0.11536561611303493,0.08799861096581661,0.4571428571428573,1.1071428571428577,1.0839285714285722,0.0,0.0,1.5
정읍시,2024-10-14,1.2735424361216432,2,8.042857142857143,0.0,7,42,9.671428571428573,0.0,10.196428571428573,0.0,0.24180233731772127,0.043098223796543045,-2.4761904761904745,-1.4333333333333336,-0.051190476190475565,0.0,0.0,0.0
정읍시,2024-10-21,0.9940808605014373,2,11.085714285714285,0.0,7,43,9.564285714285717,0.0,10.214285714285714,0.0,-0.005936727041185112,0.14220585750464815,0.3476190476190464,0.4452380952380963,0.6690476190476176,0.0,-1.3333333333333333,-1.3333333333333333
정읍시,2024-11-25,0.7097324085916424,3,9.62857142857143,0.0,7,48,10.35714285714286,0.0,10.014285714285714,0.0,-0.3428672692949471,-0.2607821900355388,-0.14285714285714235,0.012500000000001066,-0.10714285714285765,0.0,0.0,-1.0
정읍시,2025-03-03,0.6545778289142214,2,9.157142857142857,0.0,7,10,9.392857142857146,0.0,9.47857142857143,0.0,-0.4237647871583363,-0.29854645983015216,-2.5666666666666664,-1.8857142857142843,-1.1595238095238098,0.0,0.0,0.0
정읍시,2025-03-17,0.8640043184428593,2,12.099999999999998,0.0,7,12,10.62857142857143,0.0,10.492857142857142,0.0,-0.14617751199281856,-0.0692945902938171,-0.139285714285716,-1.0696428571428562,-0.8250000000000011,0.0,0.0,0.0
정읍시,2025-03-24,0.8497095158419846,3,13.671428571428573,0.0,7,13,12.885714285714286,0.0,11.139285714285714,0.0,-0.16286073397452352,-0.018418683583236423,0.3928571428571441,0.12678571428571317,-0.7669642857142858,0.0,0.0,0.0
정읍시,2025-08-04,0.7129404187027055,6,7.900000000000001,2.0,7,32,10.785714285714288,2.0,10.707142857142857,2.0,-0.3383574262913556,0.0,0.0,0.0,0.0,0.0,0.0,0.0
정읍시,2025-08-11,0.8174744231117009,4,8.428571428571427,0.0,7,33,8.164285714285715,2.0,10.525,2.0,-0.2015356634136837,0.0,0.0,0.0,0.0,0.0,0.0,0.0
정읍시,2025-08-18,0.7812817176112479,4,10.528571428571428,0.0,7,34,9.478571428571428,0.0,10.132142857142856,2.0,-0.24681948021322703,0.025976746099633574,0.3214285714285712,0.8785714285714281,1.3499999999999996,0.0,0.0,1.0
정읍시,2025-08-25,0.752090281439816,2,9.242857142857142,2.0,7,35,9.885714285714286,2.0,9.025,4.0,-0.2848989071321964,0.0,0.0,0.0,0.0,0.0,0.0,0.0
정읍시,2025-09-01,0.6780806044714008,4,9.614285714285716,0.0,7,36,9.42857142857143,2.0,9.45357142857143,2.0,-0.38848911245704676,-0.17387676587709353,1.1714285714285726,0.2904761904761912,0.7035714285714292,0.0,0.33333333333333326,0.33333333333333326
정읍시,2025-09-08,1.288183456413293,2,7.942857142857143,0.0,7,37,8.77857142857143,0.0,9.332142857142857,2.0,0.253233052642734,0.0,0.0,0.0,0.0,0.0,0.0,0.0
정읍시,2025-09-22,0.8344224604038281,3,7.8428571428571425,0.0,7,39,7.892857142857144,0.0,8.660714285714286,2.0,-0.18101545762834212,0.04413386164446639,-1.5857142857142863,-0.8571428571428559,0.42678571428571566,0.0,-1.0,-1.5
정읍시,2025-09-29,1.2053305511631378,4,8.157142857142857,0.0,7,40,8.0,0.0,8.389285714285716,0.0,0.18675384564273315,0.2671575199410694,-1.1714285714285726,-1.2928571428571445,-0.5702380952380945,0.0,0.0,-2.3333333333333335
정읍시,2025-10-06,0.8756498633099418,2,8.299999999999999,0.0,7,41,8.228571428571428,0.0,8.060714285714285,0.0,-0.1327889673647243,-0.1601559725119426,-2.5428571428571427,-1.5285714285714302,-1.0910714285714285,0.0,0.0,-0.5
정읍시,2025-10-20,1.0340405361656364,2,10.557142857142859,0.0,7,43,9.428571428571429,0.0,8.714285714285715,0.0,0.03347397857277738,0.18161656311861063,-0.1809523809523803,0.3095238095238084,-0.8309523809523807,0.0,-1.3333333333333333,-1.3333333333333333
정읍시,2025-10-27,0.9693787033621133,3,11.1,0.0,7,44,10.82857142857143,0.0,9.528571428571428,0.0,-0.031099924697972885,-0.040777526134332935,-0.2071428571428573,-0.5071428571428562,-0.7142857142857153,0.0,0.0,0.0
정읍시,2025-11-10,0.889215709591127,2,12.728571428571428,0.0,7,46,11.914285714285715,0.0,10.67142857142857,0.0,-0.1174154299416265,-0.1142757552576068,0.9666666666666668,0.7571428571428562,-0.0964285714285733,0.0,0.0,0.0
정읍시,2026-07-20,1.0434000578517715,2,8.3,4.0,7,30,10.514285714285714,4.0,10.671428571428573,4.0,0.042484667051593164,0.15218682943837103,0.17714285714285793,1.8114285714285696,0.7057142857142864,1.7999999999999998,1.7999999999999998,1.7999999999999998
진안군,2018-02-05,1.0668060368820176,4,14.564285714285715,0.0,7,6,12.628571428571428,0.0,12.180357142857142,0.0,0.0646691721792436,0.2571214226329244,0.7816326530612248,-0.18622448979592043,-0.15535714285714342,0.0,0.0,0.0
진안군,2018-02-19,0.7108807737086518,3,14.828571428571427,0.0,7,8,14.696428571428571,0.0,12.794642857142856,0.0,-0.34125055141361543,-0.0859050706495546,1.2771428571428576,1.7164285714285707,-0.16892857142857132,0.0,0.0,0.0
진안군,2018-03-05,0.7426771920909213,3,11.421428571428573,0.0,7,10,13.125,0.0,12.876785714285713,0.0,-0.2974937942291901,-0.2598019740409644,-2.739285714285714,-1.891071428571431,-0.8848214285714295,0.0,0.0,0.0
진안군,2018-03-12,0.9574271677424387,4,16.05,0.0,7,11,13.735714285714288,0.0,14.21607142857143,0.0,-0.04350562584137811,0.02150775095466878,1.257142857142858,-0.7410714285714288,-0.0342261904761898,0.0,0.0,0.0
진안군,2018-03-19,0.9057567507636111,2,12.0,0.0,7,12,14.025,0.0,13.575000000000001,0.0,-0.09898449600413102,-0.08201461321447093,-2.663095238095238,-0.6047619047619062,-1.1764880952380938,0.0,0.0,0.0
진안군,2018-03-26,0.876692860683128,3,18.77857142857143,0.0,7,13,15.389285714285712,0.0,14.5625,0.0,-0.13159856381857843,-0.135111970121109,2.6008928571428562,-0.0843750000000032,-0.31517857142857153,0.0,0.0,0.0
진안군,2018-04-02,1.2075878954786103,5,11.657142857142857,0.0,7,14,15.217857142857142,0.0,14.621428571428572,0.0,0.18862489518206738,0.25327773693067934,-4.22448979591837,-0.8867346938775533,-0.7142857142857135,0.0,0.0,0.0
진안군,2018-04-09,0.8737141865351851,3,14.12857142857143,0.0,7,15,12.892857142857142,0.0,14.14107142857143,0.0,-0.13500197450284407,0.022187513397148945,-1.0775510204081602,-2.75,-1.6040816326530596,0.0,0.0,0.0
진안군,2018-04-16,0.9689273146281008,2,19.99285714285714,0.0,7,16,17.060714285714283,0.0,16.139285714285712,0.0,-0.03156568060852872,0.07032550563921325,4.060317460317458,1.6773809523809486,0.7271825396825378,0.0,0.0,0.0
진안군,2018-04-23,0.9566654865333524,3,14.799999999999999,0.0,7,17,17.39642857142857,0.0,15.144642857142857,0.0,-0.044301492486171094,0.014110745932791734,1.042063492063491,2.551190476190474,0.2615079365079378,0.0,0.0,0.0
진안군,2018-04-30,1.1585562922751702,4,12.757142857142856,0.0,7,18,13.778571428571425,0.0,15.419642857142858,0.0,0.1471746543659738,0.19556758153353704,-2.1682539682539677,-0.5630952380952436,0.5571428571428587,0.0,0.0,0.0
진안군,2018-05-07,1.3106579500035667,4,12.442857142857145,0.0,7,19,12.599999999999998,0.0,14.998214285714285,0.0,0.2705292630379049,0.276596415356519,-2.038888888888888,-2.1035714285714313,0.2238095238095248,0.0,0.0,0.0
진안군,2018-05-14,1.3275431393669275,2,11.242857142857144,0.0,7,20,11.842857142857142,0.0,12.810714285714287,0.0,0.28332997030420104,0.2653232729422875,-3.3015873015873005,-2.6702380952380977,-1.6166666666666636,0.0,0.0,0.0
진안군,2018-05-28,1.4843526823232398,2,16.0,0.0,7,22,13.62142857142857,0.0,13.110714285714288,0.0,0.3949787730613923,0.3210548142164131,1.8777777777777782,-0.5464285714285744,-1.3771825396825363,0.0,0.0,0.0
진안군,2018-06-04,1.0032792743063919,3,13.307142857142859,0.0,7,23,14.653571428571428,0.0,13.248214285714287,0.0,0.0032739092122807765,-0.0511485254008179,-0.07619047619047414,0.9007936507936503,-0.8573412698412692,0.0,0.0,0.0
진안군,2018-06-11,1.0242687124044585,3,12.907142857142857,0.0,7,24,13.107142857142856,0.0,13.364285714285714,0.0,0.02397890665014351,0.07344320154466993,0.4761904761904745,0.1999999999999975,-0.17321428571428754,0.0,0.0,0.0
진안군,2018-06-18,0.9828262480998808,4,13.992857142857144,0.0,7,25,13.45,0.0,14.051785714285714,0.0,-0.017322931223414863,-0.025001927440316048,2.325396825396826,1.4007936507936485,1.1507936507936503,0.0,0.0,0.0
진안군,2018-06-25,1.4927724390473749,2,9.27142857142857,0.0,7,26,11.632142857142856,0.0,12.369642857142857,0.0,0.40063508835166345,0.2948174228943379,-0.3865079365079378,0.9694444444444432,0.5847222222222221,-0.1111111111111111,-0.1111111111111111,-0.1111111111111111
진안군,2018-07-02,0.9911035715219627,9,7.928571428571429,0.0,7,27,8.599999999999998,0.0,11.024999999999999,0.0,-0.00893623798201835,-0.022604245915858356,-1.144444444444444,-0.7654761904761944,0.3176587301587279,0.0,-0.1111111111111111,-0.1111111111111111
진안군,2018-07-09,1.0208924166815616,10,10.15,0.0,7,28,9.039285714285713,0.0,10.335714285714285,0.0,0.020677163093505375,-0.05022792206547803,1.1658730158730162,0.010714285714282568,0.49007936507936556,0.0,0.0,-0.1111111111111111
진안군,2018-07-16,0.922503229305093,11,12.842857142857143,0.0,7,29,11.49642857142857,0.0,10.048214285714286,0.0,-0.08066440247185508,-0.08802401260547296,4.079365079365081,2.622619047619045,0.9285714285714288,0.0,0.0,-0.1111111111111111
진안군,2018-07-23,0.9553116977110638,13,12.87857142857143,0.0,7,30,12.860714285714284,0.0,10.95,0.0,-0.045717606715653274,-0.057580532815631545,3.064285714285715,3.5718253968253943,1.7912698412698411,0.0,0.0,0.0
진안군,2018-07-30,1.0210679562407383,10,14.142857142857142,0.0,7,31,13.510714285714284,0.0,12.503571428571428,0.0,0.020849095479595625,-0.043785917763558654,3.472222222222223,3.2682539682539655,2.945436507936508,-0.1111111111111111,-0.1111111111111111,-0.1111111111111111
진안군,2018-08-06,1.0148432880377465,12,11.864285714285714,0.0,7,32,13.003571428571426,0.0,12.932142857142857,0.0,0.014734204551533235,-0.008324690000520473,2.408730158730158,2.940476190476188,3.256150793650793,-0.2222222222222222,-0.3333333333333333,-0.3333333333333333
진안군,2018-08-13,1.0238353410803334,8,15.335714285714285,0.0,7,33,13.599999999999998,0.0,13.555357142857144,0.0,0.023555713961417035,-0.028367630670906266,4.972321428571428,3.9276785714285687,3.6180803571428584,0.0,-0.25,-0.375
진안군,2018-08-20,0.7827631410348092,9,9.164285714285715,0.0,7,34,12.249999999999998,0.0,12.626785714285713,0.0,-0.24492513062550683,-0.23394807635422238,-0.8133928571428566,2.079464285714284,2.653348214285714,-0.125,-0.125,-0.5
진안군,2018-08-27,1.0488155244499917,9,7.05,0.0,7,35,8.107142857142856,0.0,10.853571428571428,0.0,0.04766145546496512,0.019711752629994184,-1.8223214285714286,-1.3178571428571448,1.3049107142857128,0.0,-0.125,-0.375
진안군,2018-09-03,0.9832087949131562,8,11.464285714285714,0.0,7,36,9.257142857142854,0.0,10.753571428571428,0.0,-0.0169337755779317,-0.07036024755079356,0.9741071428571413,-0.4241071428571477,0.8276785714285708,0.0,0.0,-0.125
진안군,2018-09-10,0.9961574323496887,7,10.442857142857141,0.0,7,37,10.953571428571426,0.0,9.530357142857142,0.0,-0.0038499692803115994,-0.004863797316766165,0.8723214285714267,0.9232142857142822,-0.19732142857142954,0.0,0.0,-0.125
진안군,2018-09-17,0.9220609868054878,9,10.207142857142857,0.0,7,38,10.324999999999998,0.0,9.791071428571428,0.0,-0.08114391140325072,-0.09871871666747793,-0.2544642857142865,0.30892857142856833,-0.05758928571428612,0.0,0.0,0.0
진안군,2018-09-24,1.0536649079335,7,14.435714285714285,0.0,7,39,12.32142857142857,0.0,11.6375,0.0,0.05227447540880562,0.006219374924959178,2.1276785714285698,0.9366071428571399,0.9299107142857128,0.0,0.0,0.0
진안군,2018-10-01,0.9641015337612655,8,11.285714285714286,0.0,7,40,12.860714285714284,0.0,11.592857142857142,0.0,-0.03655866443943902,-0.05029126487501179,0.2848214285714299,1.2062499999999972,0.7575892857142854,0.0,0.0,0.0
진안군,2018-10-08,0.9092048870882109,8,14.25,0.0,7,41,12.767857142857142,0.0,12.544642857142858,0.0,-0.09518481186618125,-0.11902628694582626,1.4205357142857142,0.8526785714285694,0.8946428571428573,0.0,0.0,0.0
진안군,2018-10-15,0.977654749924098,8,16.15714285714286,0.0,7,42,15.20357142857143,0.0,14.032142857142858,0.0,-0.02259868770981821,-0.031818683469851075,2.3500000000000014,1.885267857142857,1.5457589285714288,0.0,0.0,0.0
진안군,2018-10-22,0.907535600540074,8,14.12142857142857,0.0,7,43,15.139285714285714,0.0,13.95357142857143,0.0,-0.09702248436731734,-0.07433452723845008,-0.578571428571431,0.8857142857142843,0.8691964285714295,0.0,0.0,0.0
진안군,2018-10-29,0.9026232662127115,7,16.842857142857145,0.0,7,44,15.482142857142858,0.0,15.342857142857142,0.0,-0.10245001504054196,-0.10116063777560497,1.0151785714285744,0.21830357142857082,1.051785714285712,0.0,0.0,0.0
진안군,2018-11-05,0.9569501767326523,5,12.9,0.0,7,45,14.871428571428574,0.0,15.005357142857143,0.0,-0.04400395081480504,-0.09477107327149367,-1.8116071428571416,-0.39821428571428363,0.24375000000000036,0.0,0.0,0.0
진안군,2018-11-12,1.0369046934509778,3,14.321428571428571,0.0,7,46,13.610714285714286,0.0,14.54642857142857,0.0,0.036240018997714625,-0.04453610363045884,-1.1437500000000007,-1.4776785714285712,-0.6296875000000011,0.0,0.0,0.0
진안군,2018-11-19,0.9012227799164901,7,13.807142857142859,0.0,7,47,14.064285714285715,0.0,14.467857142857143,0.0,-0.10400279342827824,-0.10858643540213107,-0.4357142857142833,-0.7897321428571438,-0.5939732142857146,0.0,0.0,0.0
진안군,2018-11-26,0.7444344120501916,7,16.635714285714286,0.0,7,48,15.221428571428572,0.0,14.416071428571428,0.0,-0.29513052738059475,-0.25016917108482983,4.893750000000001,2.229017857142857,0.375669642857142,0.0,0.0,0.0
진안군,2018-12-03,1.117539252605599,6,9.114285714285716,0.0,7,49,12.875,0.0,13.469642857142857,0.0,0.11112917226284309,0.09945055362958277,-3.324107142857141,0.7848214285714281,-0.002455357142858716,0.0,0.0,0.0
진안군,2018-12-10,1.0869252725889358,5,13.0,0.0,7,50,11.057142857142857,0.0,13.139285714285714,0.0,0.08335285930760529,0.10770550443100316,0.8169642857142847,-1.25357142857143,0.4877232142857153,0.0,0.0,0.0
진안군,2018-12-17,1.118059452614551,3,13.12142857142857,0.0,7,51,13.060714285714285,0.0,12.967857142857143,0.0,0.11159455097068194,0.07457979256913363,1.4241071428571423,1.1205357142857135,0.9526785714285726,0.0,0.0,0.0
진안군,2018-12-24,0.9594400484514451,5,10.87142857142857,0.0,7,52,11.99642857142857,0.0,11.526785714285714,0.0,-0.04140544755895918,-0.09573282065392683,-0.665178571428573,0.3794642857142847,-0.4370535714285726,0.0,0.0,0.0
진안군,2018-12-31,0.8873180311296197,3,15.05,0.0,7,1,12.960714285714285,0.0,13.010714285714286,0.0,-0.11955181400209394,-0.08497293056714701,1.6061224489795922,0.4173469387755091,0.8813775510204085,0.0,0.0,0.0
진안군,2019-01-07,0.8600917010203397,2,12.442857142857141,0.0,7,2,13.74642857142857,0.0,12.87142857142857,0.0,-0.15071626632564306,-0.11909557946424269,0.34999999999999964,1.185714285714285,0.8110119047619033,0.0,0.0,0.0
진안군,2019-01-14,0.849949467780599,4,12.950000000000001,0.0,7,3,12.696428571428571,0.0,12.828571428571427,0.0,-0.16257838093486013,-0.010402820290809023,0.9051020408163275,0.35306122448979416,0.5270408163265294,0.0,0.0,0.0
진안군,2019-01-21,0.9138251201445269,2,15.185714285714285,0.0,7,4,14.067857142857143,0.0,13.907142857142858,0.0,-0.09011606046879016,-0.01565580599609416,3.2071428571428573,2.0525510204081634,1.5772959183673496,0.0,0.0,0.0
진안군,2019-01-28,0.7509512623816711,3,15.900000000000002,0.0,7,5,15.542857142857144,0.0,14.119642857142857,0.0,-0.286414526285724,-0.16565085782430045,3.234523809523811,3.3964285714285722,1.9092261904761898,0.0,0.0,0.0
진안군,2019-03-25,0.9789969447109537,2,15.12857142857143,0.0,7,13,15.514285714285716,0.0,14.791071428571431,0.0,-0.021226757282897208,-0.024740163585427778,-1.0491071428571423,0.040625000000000355,-0.08660714285714022,0.0,0.0,0.0
진안군,2019-04-08,0.9124295654262309,2,12.907142857142857,0.0,7,15,14.017857142857142,0.0,14.780357142857143,0.0,-0.09164438507867533,0.06554510282131769,-2.2989795918367335,-1.625,-0.9647959183673454,0.0,0.0,0.0
진안군,2019-04-15,0.8649642962433678,3,16.9,0.0,7,16,14.903571428571427,0.0,15.20892857142857,0.0,-0.14506704892136404,-0.04317586267362207,0.9674603174603167,-0.47976190476190794,-0.20317460317460423,0.0,0.0,0.0
진안군,2019-04-22,0.9950602217686828,4,9.928571428571429,0.0,7,17,13.414285714285715,0.0,13.716071428571428,0.0,-0.004952019264435325,0.053460219154527505,-3.829365079365079,-1.4309523809523803,-1.167063492063491,0.0,0.0,0.0
진안군,2019-04-29,0.7080073144962401,3,16.692857142857143,0.0,7,18,13.310714285714287,0.0,14.107142857142856,0.0,-0.3453008541324052,-0.296907926964842,1.7674603174603192,-1.0309523809523817,-0.7553571428571431,0.0,0.0,0.0
진안군,2019-05-06,0.898447709250194,3,19.657142857142855,0.0,7,19,18.174999999999997,0.0,15.794642857142858,0.0,-0.10708677228158298,-0.10101961996296889,5.175396825396822,3.471428571428568,1.0202380952380974,0.0,0.0,0.0
진안군,2019-05-13,1.170357131736589,3,14.049999999999999,0.0,7,20,16.853571428571428,0.0,15.082142857142857,0.0,0.15730894303367288,0.13930224567175936,-0.49444444444444535,2.3404761904761884,0.6547619047619069,0.0,0.0,0.0
진안군,2019-05-20,0.9547417914856573,6,18.3,0.0,7,21,16.174999999999997,0.0,17.174999999999997,0.0,-0.04631435046711578,0.06644233623169601,3.4948979591836746,1.157142857142853,2.1890306122448955,0.0,0.0,0.0
진안군,2019-05-27,1.133591452569531,5,14.935714285714283,0.0,7,22,16.61785714285714,0.0,16.735714285714284,0.0,0.12539086928962886,0.05146691044464967,0.8134920634920615,2.4499999999999957,2.24781746031746,0.0,0.0,0.0
진안군,2019-06-03,1.0972735725977179,6,13.957142857142857,0.0,7,23,14.44642857142857,0.0,15.310714285714283,0.0,0.0928285326980882,0.03840609808498953,0.5738095238095244,0.6936507936507912,1.2051587301587272,0.0,0.0,0.0
진안군,2019-06-10,0.8552385501368597,8,10.792857142857144,0.0,7,24,12.375,0.0,14.49642857142857,0.0,-0.1563748429522919,-0.10691054805776548,-1.6380952380952376,-0.5321428571428584,0.9589285714285687,0.0,0.0,0.0
진안군,2019-06-17,1.240561246784091,6,11.835714285714285,0.0,7,25,11.314285714285713,0.0,12.880357142857143,0.0,0.21556389559041386,0.20788489937351268,0.16825396825396766,-0.7349206349206376,-0.02063492063492056,0.0,0.0,0.0
진안군,2019-06-24,1.2752800467024596,3,9.614285714285714,0.0,7,26,10.724999999999998,0.0,11.55,0.0,0.24316579896459126,0.1373481335072657,-0.043650793650794384,0.06230158730158486,-0.23492063492063409,-0.1111111111111111,-0.1111111111111111,-0.1111111111111111
진안군,2019-07-01,1.0026924794655943,8,12.857142857142858,0.0,7,27,11.235714285714284,0.0,11.275,0.0,0.0026888612359754235,-0.010979146697864584,3.784126984126985,1.8702380952380917,0.5676587301587297,0.0,-0.1111111111111111,-0.1111111111111111
진안군,2019-07-08,1.127738627154712,9,8.364285714285714,0.0,7,28,10.610714285714284,0.0,10.667857142857143,0.0,0.12021441271081668,0.049309327551833274,-0.6198412698412703,1.5821428571428537,0.8222222222222229,0.0,0.0,-0.1111111111111111
진안군,2019-07-15,0.8725662912077954,9,7.821428571428571,0.0,7,29,8.092857142857142,0.0,9.664285714285715,0.0,-0.13631664933011534,-0.14367625946373322,-0.9420634920634914,-0.7809523809523835,0.5446428571428577,0.0,0.0,-0.1111111111111111
진안군,2019-07-22,0.7638821956790226,10,6.585714285714287,0.0,7,30,7.203571428571427,0.0,8.907142857142857,0.0,-0.2693416958421597,-0.281204621942138,-3.2285714285714278,-2.0853174603174622,-0.2515873015873016,0.0,0.0,0.0
진안군,2019-07-29,1.1250086651800144,9,11.214285714285714,0.0,7,31,8.899999999999999,0.0,8.496428571428572,0.0,0.11779073800895529,0.05315572476580101,0.5436507936507944,-1.3424603174603202,-1.0617063492063483,-0.1111111111111111,-0.1111111111111111,-0.1111111111111111
진안군,2019-08-05,0.9170373725347805,10,10.4,1.0,7,32,10.807142857142855,1.0,9.005357142857143,1.0,-0.08660705233828044,-0.10966594689033414,0.9444444444444446,0.7440476190476168,-0.6706349206349209,0.7777777777777778,0.6666666666666667,0.6666666666666667
진안군,2019-08-12,1.076900613902996,10,10.685714285714287,0.0,7,33,10.542857142857141,1.0,9.721428571428572,1.0,0.07408711341753335,0.02216376878521005,0.32232142857142954,0.8705357142857117,-0.21584821428571388,0.0,0.75,0.625
진안군,2019-08-19,1.002678485966332,10,11.5,0.0,7,34,11.092857142857142,0.0,10.95,1.0,0.0026749052153650964,0.013651959486649535,1.5223214285714288,0.9223214285714274,0.9765625,-0.125,-0.125,0.5
진안군,2019-08-26,0.9992095701364713,13,9.571428571428571,0.0,7,35,10.535714285714285,0.0,10.539285714285715,1.0,-0.0007907424179257152,-0.02874044525289665,0.6991071428571427,1.110714285714284,0.9906249999999996,0.0,-0.125,0.625
진안군,2019-09-02,0.9887987702991529,9,8.692857142857143,0.0,7,36,9.132142857142856,0.0,10.1125,0.0,-0.011264435908981544,-0.0646909078818434,-1.7973214285714292,-0.5491071428571459,0.18660714285714342,0.0,0.0,-0.125
진안군,2019-09-09,0.8887809913044048,8,10.835714285714285,0.0,7,37,9.764285714285712,0.0,10.15,0.0,-0.117904427806657,-0.11891825584311157,1.2651785714285708,-0.26607142857143096,0.4223214285714292,0.0,0.0,-0.125
진안군,2019-09-16,0.9611959487638898,7,11.107142857142858,0.0,7,38,10.97142857142857,0.0,10.051785714285714,0.0,-0.03957698989785871,-0.05715179516208592,0.6455357142857139,0.9553571428571406,0.203125,0.0,0.0,0.0
진안군,2019-09-23,0.9855978124019938,9,12.685714285714285,0.0,7,39,11.896428571428569,0.0,10.830357142857142,0.0,-0.014506905765010283,-0.06056200624885673,0.37767857142856975,0.5116071428571392,0.12276785714285587,0.0,0.0,0.0
진안군,2019-09-30,1.0839078310111905,9,7.628571428571428,0.0,7,40,10.157142857142855,0.0,10.564285714285713,0.0,0.08057287266003188,0.06684027222445911,-3.3723214285714285,-1.497321428571432,-0.27098214285714306,0.0,0.0,0.0
진안군,2019-10-07,0.9885862918982917,7,14.37857142857143,0.0,7,41,11.003571428571426,0.0,11.45,0.0,-0.011479344381530438,-0.03532081946117545,1.5491071428571441,-0.9116071428571466,-0.20000000000000107,0.0,0.0,0.0
진안군,2019-10-14,1.0324539303295233,8,13.492857142857144,0.0,7,42,13.935714285714285,0.0,12.04642857142857,0.0,0.03193842532199899,0.022718429561966128,-0.31428571428571317,0.6174107142857128,-0.4399553571428587,0.0,0.0,0.0
진안군,2019-10-21,0.865307768551754,8,13.107142857142858,0.0,7,43,13.299999999999999,0.0,12.151785714285715,0.0,-0.1446700335387706,-0.12198207640990333,-1.5928571428571434,-0.953571428571431,-0.9325892857142843,0.0,0.0,0.0
진안군,2019-10-28,0.9664364146024511,8,16.164285714285715,0.0,7,44,14.635714285714284,0.0,14.285714285714286,0.0,-0.034139771838419146,-0.03285039457348214,0.33660714285714377,-0.6281250000000025,-0.00535714285714306,0.0,0.0,0.0
진안군,2019-11-04,1.0519463841049395,10,16.392857142857142,0.0,7,45,16.278571428571425,0.0,14.789285714285715,0.0,0.05064214733700839,-0.00012497511968023733,1.6812500000000004,1.0089285714285676,0.027678571428571885,0.0,0.0,0.0
진안군,2019-11-11,1.1418175651028077,3,14.071428571428571,0.0,7,46,15.232142857142854,0.0,14.933928571428572,0.0,0.13262134812456847,0.051845225496395,-1.3937500000000007,0.14374999999999716,-0.2421875,0.0,0.0,0.0
진안군,2019-11-18,0.9715948631506444,6,16.15,0.0,7,47,15.110714285714282,0.0,15.694642857142858,0.0,-0.028816368868256042,-0.033400010842108876,1.9071428571428566,0.2566964285714235,0.6328125,0.0,0.0,0.0
진안군,2019-11-25,1.0860183895810107,5,12.342857142857142,0.0,7,48,14.246428571428567,0.0,14.739285714285714,0.0,0.08251815468422452,0.12747951097998944,0.6008928571428562,1.254017857142852,0.6988839285714281,0.0,0.0,0.0
진안군,2019-12-02,1.1197828778944647,4,12.035714285714286,0.0,7,49,12.18928571428571,0.0,13.65,0.0,0.11313480749111463,0.10145618885785429,-0.4026785714285701,0.09910714285713773,0.17790178571428505,0.0,0.0,0.0
진안군,2019-12-09,1.031881244584431,5,15.442857142857141,0.0,7,50,13.73928571428571,0.0,13.992857142857142,0.0,0.03138358736085472,0.055736232484252586,3.259821428571426,1.4285714285714235,1.341294642857143,0.0,0.0,0.0
진안군,2019-12-16,0.9008817104934778,5,11.578571428571427,0.0,7,51,13.51071428571428,0.0,12.85,0.0,-0.10438131690335947,-0.14139607530490778,-0.11875000000000036,1.5705357142857093,0.8348214285714288,0.0,0.0,0.0
진안군,2019-12-23,0.9162183739482298,3,12.942857142857141,0.0,7,52,12.26071428571428,0.0,13.0,0.0,-0.08750054321385249,-0.14182791630882013,1.4062499999999982,0.6437499999999954,1.0361607142857139,0.0,0.0,0.0
진안군,2019-12-30,0.8902756718278498,2,12.857142857142858,0.0,7,1,12.899999999999995,0.0,13.205357142857142,0.0,-0.11622412058980772,-0.08164523715486079,-0.5867346938775508,0.3566326530612187,1.0760204081632647,0.0,0.0,0.0
진안군,2020-01-06,0.9995006991451172,3,9.778571428571428,0.0,7,2,11.31785714285714,0.0,11.789285714285715,0.0,-0.0004994255470623236,0.03112126131433804,-2.314285714285713,-1.2428571428571455,-0.2711309523809522,0.0,0.0,0.0
진안군,2020-01-13,0.8308890610729359,3,10.578571428571427,0.0,7,3,10.178571428571423,0.0,11.539285714285713,0.0,-0.1852589935525915,-0.033083432908540406,-1.4663265306122462,-2.1647959183673535,-0.7622448979591852,0.0,0.0,0.0
진안군,2020-01-20,0.8550761095827227,6,10.707142857142857,0.0,7,4,10.642857142857139,0.0,10.980357142857141,0.0,-0.1565647969513438,-0.08210454247864779,-1.2714285714285705,-1.3724489795918409,-1.3494897959183678,0.0,0.0,0.0
진안군,2020-01-27,0.7512788599424741,3,7.8500000000000005,0.0,7,5,9.278571428571425,0.0,9.728571428571428,0.0,-0.2859783779737872,-0.16521470951236367,-4.815476190476191,-2.8678571428571473,-2.4818452380952394,0.0,0.0,0.0
진안군,2020-02-03,1.016796466514002,4,12.671428571428573,0.0,7,6,10.260714285714283,0.0,10.451785714285714,0.0,0.016656965782822306,0.20910921623650314,-1.1112244897959176,-2.554081632653066,-1.8839285714285712,0.0,0.0,0.0
진안군,2020-02-10,1.040486444437294,3,13.771428571428572,0.0,7,7,13.221428571428568,0.0,11.25,0.0,0.03968833883520691,0.29022436371174465,0.8742857142857137,-0.2850000000000037,-1.3899999999999988,0.0,0.0,0.0
진안군,2020-02-17,0.7617371907346042,3,13.1,0.0,7,8,13.435714285714283,0.0,11.848214285714286,0.0,-0.27215367683419794,-0.016808196070137116,-0.4514285714285702,0.45571428571428285,-1.1153571428571407,0.0,0.0,0.0
진안군,2020-03-16,0.9643559403938257,3,17.685714285714287,0.0,7,12,15.39285714285714,0.0,14.307142857142857,0.0,-0.03629481974755907,-0.019324936957898973,3.022619047619049,0.763095238095234,-0.44434523809523796,0.0,0.0,0.0
진안군,2020-03-23,1.2020771491250346,4,15.75,0.0,7,13,16.71785714285714,0.0,15.076785714285714,0.0,0.1840510180175684,0.18053761171503782,-0.42767857142857224,1.244196428571426,0.1991071428571427,0.0,0.0,0.0
진안군,2020-03-30,0.9022039345894575,2,17.82857142857143,0.0,7,14,16.78928571428571,0.0,16.09107142857143,0.0,-0.10291469291176755,-0.03826185116315556,1.946938775510203,0.6846938775510161,0.7553571428571431,0.0,0.0,0.0
진안군,2020-04-06,0.782609153376472,4,15.735714285714284,0.0,7,15,16.78214285714285,0.0,16.75,0.0,-0.24512187316321962,-0.08793238526322661,0.5295918367346939,1.139285714285709,1.0048469387755112,0.0,0.0,0.0
진안군,2020-04-13,0.9082983879717622,5,15.742857142857142,0.0,7,16,15.73928571428571,0.0,16.264285714285712,0.0,-0.09618233325066002,0.005708852997081959,-0.1896825396825399,0.3559523809523757,0.8521825396825378,0.0,0.0,0.0
진안군,2020-04-20,1.0559317376861217,4,13.1,0.0,7,17,14.421428571428567,0.0,15.601785714285715,0.0,0.05442354085197566,0.11283577927093849,-0.6579365079365083,-0.42380952380952763,0.7186507936507951,0.0,0.0,0.0
진안군,2020-04-27,0.8922315864310328,4,16.835714285714285,0.0,7,18,14.967857142857138,0.0,15.353571428571428,0.0,-0.11402955405537789,-0.06563662688781466,1.9103174603174615,0.6261904761904695,0.4910714285714288,0.0,0.0,0.0
진안군,2020-05-04,0.9948083863833009,4,13.271428571428572,0.0,7,19,15.053571428571425,0.0,14.7375,0.0,-0.005205136867974298,0.0008620154506397935,-1.2103174603174605,0.3499999999999961,-0.03690476190475955,0.0,0.0,0.0
진안군,2020-05-11,0.9273785964018405,4,13.042857142857143,0.0,7,20,13.157142857142855,0.0,14.0625,0.0,-0.07539338643511913,-0.09340008379703266,-1.5015873015873016,-1.3559523809523846,-0.3648809523809504,0.0,0.0,0.0
진안군,2020-05-25,1.0594261205565811,3,13.735714285714286,0.0,7,22,13.389285714285712,0.0,14.221428571428572,0.0,0.05772736581506699,-0.016196593029912207,-0.386507936507936,-0.778571428571432,-0.26646825396825236,0.0,0.0,0.0
진안군,2020-06-01,1.1821254496968134,3,13.385714285714284,0.0,7,23,13.560714285714283,0.0,13.35892857142857,0.0,0.1673140467673938,0.11289161215429513,0.0023809523809514843,-0.19206349206349493,-0.7466269841269852,0.0,0.0,0.0
진안군,2020-06-08,0.7997705233324903,3,11.478571428571428,0.0,7,24,12.432142857142853,0.0,12.910714285714285,0.0,-0.22343043829673218,-0.17396614340220576,-0.9523809523809543,-0.475000000000005,-0.6267857142857167,0.0,0.0,0.0
진안군,2020-06-15,1.0155334069501687,5,11.164285714285715,0.0,7,25,11.32142857142857,0.0,12.441071428571428,0.0,0.015413998543162744,0.007735002326261559,-0.5031746031746032,-0.7277777777777814,-0.4599206349206355,0.0,0.0,0.0
진안군,2020-06-22,1.0195673724141527,5,10.307142857142855,0.0,7,26,10.735714285714284,0.0,11.583928571428569,0.0,0.01937839262937026,-0.0864392728279553,0.6492063492063469,0.07301587301587098,-0.2009920634920661,-0.1111111111111111,-0.1111111111111111,-0.1111111111111111
진안군,2020-06-29,1.1022139827494948,6,7.621428571428572,0.0,7,27,8.964285714285712,0.0,10.142857142857142,0.0,0.09732086860454231,0.0836528606707023,-1.4515873015873009,-0.40119047619048054,-0.5644841269841283,0.0,-0.1111111111111111,-0.1111111111111111
진안군,2020-07-06,1.232111298938382,6,8.557142857142857,0.0,7,28,8.089285714285712,0.0,9.4125,0.0,0.2087292010782997,0.13782411591931631,-0.42698412698412724,-0.9392857142857185,-0.4331349206349202,0.0,0.0,-0.1111111111111111
진안군,2020-07-13,1.0199248657780158,6,7.45,0.0,7,29,8.003571428571426,0.0,8.48392857142857,0.0,0.01972896358112956,0.01236935344751168,-1.3134920634920624,-0.8702380952380988,-0.6357142857142861,0.0,0.0,-0.1111111111111111
진안군,2020-07-20,0.8800528173944304,9,5.264285714285713,0.0,7,30,6.357142857142855,0.0,7.223214285714286,0.0,-0.12777335354460082,-0.1396362796445791,-4.550000000000002,-2.9317460317460347,-1.9355158730158726,0.0,0.0,0.0
진안군,2020-07-27,1.0347979710193909,9,5.985714285714287,0.0,7,31,5.624999999999998,0.0,6.814285714285715,0.0,0.03420621058118821,-0.03042880266196607,-4.6849206349206325,-4.617460317460321,-2.7438492063492053,-0.1111111111111111,-0.1111111111111111,-0.1111111111111111
진안군,2020-08-03,0.9970052567789204,9,5.75,0.0,7,32,5.867857142857142,0.0,6.112500000000001,0.0,-0.0029992364374883005,-0.02605813098954201,-3.7055555555555557,-4.195238095238096,-3.5634920634920633,-0.2222222222222222,-0.3333333333333333,-0.3333333333333333
진안군,2020-08-10,0.9743720881645608,8,8.135714285714284,0.0,7,33,6.9428571428571395,0.0,6.283928571428571,0.0,-0.025962027588097486,-0.07788537222042079,-2.227678571428573,-2.7294642857142897,-3.6533482142857148,0.0,-0.25,-0.375
진안군,2020-08-17,1.1122186072236089,9,11.0,0.0,7,34,9.56785714285714,0.0,7.7178571428571425,0.0,0.10635676573712426,0.1173338200084087,1.0223214285714288,-0.6026785714285747,-2.2555803571428568,-0.125,-0.125,-0.5
진안군,2020-08-24,0.932000862522128,11,8.971428571428572,0.0,7,35,9.985714285714284,0.0,8.464285714285714,0.0,-0.07042153884404707,-0.098371241679018,0.09910714285714306,0.5607142857142833,-1.0843750000000014,0.0,-0.125,-0.375
진안군,2020-08-31,1.279018215337471,11,7.6571428571428575,0.0,7,36,8.314285714285711,0.0,8.941071428571428,0.0,0.24609276435414273,0.19266629238128088,-2.8330357142857148,-1.3669642857142907,-0.9848214285714292,0.0,0.0,-0.125
진안군,2020-09-07,0.9164210436551258,11,7.064285714285715,0.0,7,37,7.360714285714284,0.0,8.673214285714286,0.0,-0.0872793652715083,-0.08829319330796287,-2.5062499999999996,-2.6696428571428594,-1.0544642857142854,0.0,0.0,-0.125
진안군,2020-09-14,0.9381588785012843,10,10.5,0.0,7,38,8.782142857142855,0.0,8.548214285714286,0.0,-0.06383596425376094,-0.08141076951798815,0.03839285714285623,-1.2339285714285744,-1.3004464285714281,0.0,0.0,0.0
진안군,2020-09-21,0.9870662502031109,10,13.057142857142859,0.0,7,39,11.778571428571427,0.0,9.569642857142858,0.0,-0.01301811900178532,-0.05907321948563177,0.7491071428571434,0.39374999999999716,-1.1379464285714285,0.0,0.0,0.0
진안군,2020-09-28,0.8576384311400845,8,12.464285714285714,0.0,7,40,12.760714285714283,0.0,10.771428571428572,0.0,-0.15357267723951057,-0.16730527767508332,1.463392857142857,1.1062499999999957,-0.06383928571428399,0.0,0.0,0.0
진안군,2020-10-05,1.002730014576882,10,14.957142857142857,0.0,7,41,13.710714285714282,0.0,12.744642857142857,0.0,0.002726294855478225,-0.021115180224166783,2.1276785714285715,1.795535714285709,1.0946428571428566,0.0,0.0,0.0
진안군,2020-10-12,0.9552000724961743,11,14.178571428571429,0.0,7,42,14.56785714285714,0.0,13.664285714285715,0.0,-0.04583446044747238,-0.05505445620750524,0.3714285714285719,1.2495535714285673,1.177901785714285,0.0,0.0,0.0
진안군,2020-10-19,1.001223726986137,8,15.342857142857143,0.0,7,43,14.760714285714283,0.0,14.235714285714286,0.0,0.0012229788425555338,0.0239109359714228,0.6428571428571423,0.5071428571428527,1.1513392857142861,0.0,0.0,0.0
진안군,2020-10-26,1.0450784610490556,7,17.178571428571427,0.0,7,44,16.260714285714283,0.0,15.414285714285713,0.0,0.04409196494183008,0.04538134220676708,1.3508928571428562,0.9968749999999957,1.1232142857142833,0.0,0.0,0.0
진안군,2020-11-02,1.0219332770063199,9,14.700000000000001,0.0,7,45,15.939285714285713,0.0,15.35,0.0,0.02169620296366873,-0.0290709194930199,-0.011607142857140929,0.6696428571428559,0.5883928571428569,0.0,0.0,0.0
진안군,2020-11-09,1.04349128702111,7,18.314285714285713,0.0,7,46,16.507142857142853,0.0,16.38392857142857,0.0,0.04257209773610936,-0.038204024892064106,2.8491071428571413,1.4187499999999957,1.2078124999999975,0.0,0.0,0.0
진안군,2020-11-16,1.0102792588168816,7,12.028571428571428,0.0,7,47,15.171428571428565,0.0,15.55535714285714,0.0,0.010226786513880814,0.005643144540027983,-2.2142857142857135,0.3174107142857068,0.4935267857142822,0.0,0.0,0.0
진안군,2020-11-23,1.0442549170723343,8,10.2,0.0,7,48,11.11428571428571,0.0,13.810714285714285,0.0,0.0433036330958973,0.08826498939166223,-1.5419642857142861,-1.8781250000000043,-0.2296875000000007,0.0,0.0,0.0
진안군,2020-11-30,1.0781355839609583,5,13.257142857142856,0.0,7,49,11.728571428571424,0.0,13.45,0.0,0.07523323819666672,0.06355461956340638,0.8187499999999996,-0.3616071428571477,-0.02209821428571601,0.0,0.0,0.0
진안군,2020-12-07,1.0446506591215792,5,12.942857142857145,0.0,7,50,13.099999999999998,0.0,12.107142857142858,0.0,0.04368253203559994,0.06803517715899782,0.7598214285714295,0.789285714285711,-0.5444196428571413,0.0,0.0,0.0
진안군,2020-12-14,0.9185609759755801,5,10.635714285714286,0.0,7,51,11.789285714285711,0.0,11.758928571428573,0.0,-0.08494699005730004,-0.12196174845884834,-1.0616071428571416,-0.1508928571428605,-0.25624999999999787,0.0,0.0,0.0
진안군,2020-12-21,0.9623450443595631,5,11.964285714285714,0.0,7,52,11.299999999999997,0.0,12.2,0.0,-0.0383822186541226,-0.09270959174909024,0.42767857142857046,-0.31696428571428825,0.23616071428571317,0.0,0.0,0.0
진안군,2020-12-28,0.8116934502412103,2,12.6,0.0,7,53,12.282142857142853,0.0,12.035714285714286,0.0,-0.20863253443419572,0.0,0.0,0.0,0.0,0.0,0.0,0.0
진안군,2021-01-04,0.8403524531009785,4,15.935714285714287,0.0,7,1,14.267857142857139,0.0,12.783928571428572,0.0,-0.17393388812182364,-0.13935500468687673,2.4918367346938783,1.7244897959183625,0.6545918367346939,0.0,0.0,0.0
진안군,2021-01-18,0.9401530120776149,3,11.807142857142859,0.0,7,3,13.87142857142857,0.0,13.076785714285714,0.0,-0.061712638159146446,0.09046292248490466,-0.23775510204081485,1.528061224489793,0.7752551020408163,0.0,0.0,0.0
진안군,2021-01-25,1.0016011756893495,3,12.357142857142858,0.0,7,4,12.082142857142856,0.0,13.175,0.0,0.001599895174259586,0.07606014964695558,0.3785714285714299,0.06683673469387585,0.845153061224492,0.0,0.0,0.0
진안군,2021-02-01,0.8470145720859521,3,12.328571428571427,0.0,7,5,12.342857142857138,0.0,13.107142857142858,0.0,-0.1660373801263024,-0.04527371166487883,-0.3369047619047638,0.19642857142856585,0.8967261904761905,0.0,0.0,0.0
진안군,2021-02-08,0.6476251821923145,2,16.442857142857143,0.0,7,6,14.38571428571428,0.0,13.23392857142857,0.0,-0.43444317252344206,-0.24199092206976122,2.660204081632653,1.5709183673469322,0.8982142857142854,0.0,0.0,0.0
진안군,2021-02-15,0.8140048082711134,3,12.25,0.0,7,7,14.346428571428568,0.0,13.344642857142857,0.0,-0.205789006030073,0.04474701884646476,-0.6471428571428586,0.8399999999999963,0.7046428571428578,0.0,0.0,0.0
진안군,2021-02-22,1.0137489111363487,4,14.057142857142855,0.0,7,8,13.153571428571425,0.0,13.769642857142857,0.0,0.013655252352061617,0.26900073311612244,0.5057142857142853,0.1735714285714245,0.8060714285714301,0.0,0.0,0.0
진안군,2021-03-08,0.9627500117717994,2,14.1,0.0,7,10,14.078571428571424,0.0,14.212499999999999,0.0,-0.037961494059853815,-0.0002696738716281358,-0.06071428571428683,-0.9375000000000071,0.4508928571428559,0.0,0.0,0.0
진안군,2021-03-15,0.8913775671390396,2,14.278571428571427,0.0,7,11,14.18928571428571,0.0,13.67142857142857,0.0,-0.11498718466133118,-0.049973807865284284,-0.514285714285716,-0.28750000000000675,-0.5788690476190492,0.0,0.0,0.0
진안군,2021-03-29,1.116858930154529,2,13.792857142857143,0.0,7,13,14.035714285714281,0.0,14.057142857142857,0.0,0.11052021860602189,0.10700681230349132,-2.3848214285714295,-1.4379464285714345,-0.8205357142857146,0.0,0.0,0.0
진안군,2021-04-05,1.0460612433922307,3,17.864285714285717,0.0,7,14,15.828571428571426,0.0,15.008928571428571,0.0,0.045031914016916336,0.10968475576552833,1.9826530612244913,-0.27602040816326934,-0.32678571428571423,0.0,0.0,0.0
진안군,2021-04-12,0.9279332801881971,3,13.049999999999999,0.0,7,15,15.457142857142856,0.0,14.74642857142857,0.0,-0.0747954451295284,0.08239404277046461,-2.156122448979591,-0.18571428571428683,-0.9987244897959187,0.0,0.0,0.0
진안군,2021-04-19,0.9278345463358293,4,18.485714285714288,0.0,7,16,15.767857142857142,0.0,15.798214285714286,0.0,-0.07490185267798331,0.02698933356975866,2.5531746031746057,0.3845238095238077,0.38611111111111107,0.0,0.0,0.0
진안군,2021-04-26,1.1221178640368612,5,10.05,0.0,7,17,14.267857142857144,0.0,14.8625,0.0,0.11521784974452823,0.17363008816349107,-3.707936507936507,-0.5773809523809508,-0.020634920634918785,0.0,0.0,0.0
진안군,2021-05-03,1.0254512812463195,8,17.214285714285715,0.0,7,18,13.632142857142858,0.0,14.7,0.0,0.025132790084695288,0.07352571725225852,2.2888888888888914,-0.7095238095238106,-0.16249999999999964,0.0,0.0,0.0
진안군,2021-05-10,0.875659805121914,7,11.164285714285715,0.0,7,19,14.189285714285715,0.0,14.22857142857143,0.0,-0.13277761379070877,-0.12671046147209467,-3.317460317460318,-0.5142857142857142,-0.5458333333333307,0.0,0.0,0.0
진안군,2021-05-17,0.948100775068918,6,10.171428571428573,0.0,7,20,10.667857142857144,0.0,12.15,0.0,-0.0532944795615448,-0.07130117692345833,-4.373015873015872,-3.845238095238095,-2.27738095238095,0.0,0.0,0.0
진안군,2021-05-24,0.7911872815405334,5,14.657142857142857,0.0,7,21,12.414285714285715,0.0,13.301785714285714,0.0,-0.23422057370105084,-0.12146388700223905,-0.1479591836734695,-2.6035714285714295,-1.6841836734693878,0.0,0.0,0.0
진안군,2021-05-31,0.9676429272998842,7,13.271428571428572,0.0,7,22,13.964285714285715,0.0,12.31607142857143,0.0,-0.03289213651364433,-0.10681609535862352,-0.8507936507936495,-0.20357142857142918,-2.171825396825394,0.0,0.0,0.0
진안군,2021-06-07,1.0647970810626577,6,13.414285714285715,0.0,7,23,13.342857142857143,0.0,12.87857142857143,0.0,0.06278424679397222,0.008361812180873548,0.03095238095238173,-0.4099206349206348,-1.2269841269841262,0.0,0.0,0.0
진안군,2021-06-14,0.9488580667210664,5,9.228571428571428,0.0,7,24,11.321428571428571,0.0,12.642857142857142,0.0,-0.05249605244157199,-0.0030317575470455646,-3.2023809523809543,-1.5857142857142872,-0.8946428571428591,0.0,0.0,0.0
진안군,2021-06-21,0.7909034594258139,5,11.75,0.0,7,25,10.489285714285714,0.0,11.916071428571428,0.0,-0.2345793674293941,-0.24225836364629527,0.08253968253968225,-1.559920634920637,-0.9849206349206359,0.0,0.0,0.0
진안군,2021-06-28,1.015543346834024,7,9.578571428571431,0.0,7,26,10.664285714285715,0.0,10.992857142857144,0.0,0.015423786340533666,-0.09039387911679189,-0.0793650793650773,0.0015873015873015817,-0.792063492063491,-0.1111111111111111,-0.1111111111111111,-0.1111111111111111
진안군,2021-07-05,0.9561788082925924,6,6.607142857142857,0.0,7,27,8.092857142857143,0.0,9.29107142857143,0.0,-0.044810345457192056,-0.058478353391032065,-2.465873015873016,-1.2726190476190489,-1.4162698412698411,0.0,-0.1111111111111111,-0.1111111111111111
진안군,2021-07-12,1.0153243149595823,7,11.671428571428573,0.0,7,28,9.139285714285716,0.0,9.901785714285715,0.0,0.01520808358509412,-0.05569700157388928,2.6873015873015884,0.11071428571428577,0.05615079365079545,0.0,0.0,-0.1111111111111111
진안군,2021-07-19,1.0262667271747918,8,11.65,0.0,7,29,11.660714285714286,0.0,9.876785714285715,0.0,0.025927680969370644,0.018568070835752765,2.886507936507938,2.7869047619047613,0.757142857142858,0.0,0.0,-0.1111111111111111
진안군,2021-07-26,1.0677599955623758,8,12.664285714285715,0.0,7,30,12.157142857142858,0.0,10.648214285714287,0.0,0.06556299202774618,0.05370006592776791,2.8499999999999996,2.8682539682539687,1.489484126984129,0.0,0.0,0.0
진안군,2021-08-02,1.2255178154440731,5,10.178571428571429,0.0,7,31,11.421428571428573,0.0,11.541071428571428,0.0,0.20336346116643028,0.138728447923276,-0.4920634920634903,1.1789682539682538,1.9829365079365076,-0.1111111111111111,-0.1111111111111111,-0.1111111111111111
진안군,2021-08-09,1.0379151512698515,8,10.278571428571428,0.0,7,32,10.22857142857143,0.0,11.192857142857143,0.0,0.037214038888001504,0.014155144335947795,0.8230158730158728,0.16547619047619122,1.516865079365079,-0.2222222222222222,-0.3333333333333333,-0.3333333333333333
진안군,2021-08-16,1.036157696346158,6,8.871428571428572,0.0,7,33,9.575000000000001,0.0,10.498214285714287,0.0,0.035519348803873314,-0.016403995828449987,-1.4919642857142854,-0.09732142857142811,0.5609375000000014,0.0,-0.25,-0.375
진안군,2021-08-23,0.85855612210789,6,6.971428571428571,0.0,7,34,7.921428571428573,0.0,9.075,0.0,-0.15250322849486345,-0.141526174223579,-3.0062500000000005,-2.2491071428571416,-0.8984375,-0.125,-0.125,-0.5
진안군,2021-08-30,1.031859459810821,5,7.828571428571428,0.0,7,35,7.4,0.0,8.4875,0.0,0.031362475431856725,0.0034127725968857887,-1.0437500000000002,-2.0250000000000004,-1.0611607142857142,0.0,-0.125,-0.375
진안군,2021-09-06,0.9911698643100306,7,10.171428571428573,0.0,7,36,9.000000000000002,0.0,8.460714285714285,0.0,-0.008869352367860076,-0.062295824340721936,-0.31874999999999964,-0.6812500000000004,-1.4651785714285719,0.0,0.0,-0.125
진안군,2021-09-13,1.0574752188849985,8,10.535714285714286,0.0,7,37,10.35357142857143,0.0,8.876785714285713,0.0,0.05588419798523465,0.054870369948780084,0.9651785714285719,0.3232142857142861,-0.850892857142858,0.0,0.0,-0.125
진안군,2021-09-20,1.0322380431805296,8,11.12142857142857,0.0,7,38,10.82857142857143,0.0,9.914285714285715,0.0,0.03172930245761992,0.014154497193392714,0.6598214285714263,0.8125,0.06562500000000071,0.0,0.0,0.0
진안군,2021-09-27,1.0446939378375708,8,11.828571428571427,0.0,7,39,11.475,0.0,10.914285714285715,0.0,0.043723960066247264,-0.00233114041759918,-0.4794642857142879,0.09017857142857011,0.20669642857142811,0.0,0.0,0.0
진안군,2021-10-04,1.0007709644740856,8,12.814285714285715,0.0,7,40,12.321428571428573,0.0,11.575,0.0,0.0007706674336374443,-0.012961933001935324,1.8133928571428584,0.6669642857142861,0.7397321428571431,0.0,0.0,0.0
진안군,2021-10-11,1.0258373408754795,8,9.25,0.0,7,41,11.032142857142858,0.0,11.253571428571426,0.0,0.02550919702183207,0.001667721942187065,-3.5794642857142858,-0.8830357142857146,-0.396428571428574,0.0,0.0,0.0
진안군,2021-10-18,0.9160963315726334,9,16.442857142857143,0.0,7,42,12.846428571428572,0.0,12.583928571428572,0.0,-0.08763375436520023,-0.09685375012523309,2.635714285714286,-0.4718750000000007,0.0975446428571427,0.0,0.0,0.0
진안군,2021-10-25,0.8912984188721146,7,17.435714285714287,0.0,7,43,16.939285714285717,0.0,13.985714285714286,0.0,-0.11507598180405157,-0.09238802467518431,2.7357142857142858,2.685714285714287,0.9013392857142861,0.0,0.0,0.0
진안군,2021-11-01,0.9524995802558806,7,16.785714285714285,0.0,7,44,17.110714285714288,0.0,14.97857142857143,0.0,-0.04866561265761901,-0.04737623539268201,0.9580357142857139,1.8468750000000007,0.6875,0.0,0.0,0.0
진안군,2021-11-08,1.0695830785808351,6,8.635714285714286,0.0,7,45,12.710714285714285,0.0,14.825,0.0,0.06726892635587922,0.016501803899190592,-6.075892857142856,-2.558928571428572,0.06339285714285658,0.0,0.0,0.0
진안군,2021-11-15,1.13840445577239,3,15.950000000000001,0.0,7,46,12.292857142857144,0.0,14.701785714285716,0.0,0.1296276818515431,0.048851559223369645,0.4848214285714292,-2.7955357142857125,-0.4743303571428559,0.0,0.0,0.0
진안군,2021-11-22,0.9965080829923024,6,12.528571428571427,0.0,7,47,14.239285714285714,0.0,13.475,0.0,-0.0034980279800448113,-0.008081669953897643,-1.7142857142857153,-0.6147321428571448,-1.5868303571428584,0.0,0.0,0.0
진안군,2021-11-29,0.9291361503496488,3,12.221428571428572,0.0,7,48,12.375,0.0,12.333928571428572,0.0,-0.07349999509422865,-0.028538638798463717,0.4794642857142861,-0.6174107142857146,-1.7064732142857135,0.0,0.0,0.0
진안군,2021-12-06,1.0076626412262817,4,14.014285714285714,0.0,7,49,13.117857142857144,0.0,13.678571428571429,0.0,0.007633432307750398,-0.00404518632550993,1.5758928571428577,1.0276785714285719,0.20647321428571352,0.0,0.0,0.0
진안군,2021-12-13,1.0117893570039727,2,12.8,0.0,7,50,13.407142857142858,0.0,12.891071428571427,0.0,0.011720403947052788,0.036073049070450655,0.6169642857142854,1.0964285714285715,0.23950892857142847,0.0,0.0,0.0
진안군,2021-12-20,1.396592806255118,3,13.464285714285714,0.0,7,51,13.132142857142856,0.0,13.125,0.0,0.33403556051800554,0.2970208021164572,1.7669642857142858,1.1919642857142847,1.1098214285714292,0.0,0.0,0.0
진안군,2021-12-27,1.5284830256989919,2,11.142857142857142,0.0,7,52,12.303571428571427,0.0,12.855357142857141,0.0,0.4242757570852517,0.36994838399028407,-0.3937500000000007,0.6866071428571416,0.8915178571428548,0.0,0.0,0.0
진안군,2022-01-03,1.1778774571817556,2,15.164285714285715,0.0,7,1,13.153571428571428,0.0,13.142857142857142,0.0,0.16371405365680078,0.19829293709174772,1.720408163265306,0.6102040816326522,1.0135204081632647,0.0,0.0,0.0
진안군,2022-01-10,1.0634649115072152,2,13.549999999999999,0.0,7,2,14.357142857142858,0.0,13.330357142857142,0.0,0.06153236170268511,0.09315304856408547,1.4571428571428573,1.7964285714285726,1.2699404761904756,0.0,0.0,0.0
진안군,2022-01-17,1.118628047655176,2,15.878571428571428,0.0,7,3,14.714285714285714,0.0,13.93392857142857,0.0,0.11210297698263459,0.2642785376266857,3.8336734693877546,2.3709183673469365,1.6323979591836721,0.0,0.0,0.0
진안군,2022-01-24,1.0634629023051851,2,10.757142857142856,0.0,7,4,13.317857142857143,0.0,13.8375,0.0,0.0615304724029947,0.1359907268756907,-1.2214285714285715,1.3025510204081634,1.5076530612244916,0.0,0.0,0.0
진안군,2022-02-07,0.7208130897290723,3,16.714285714285715,0.0,7,6,13.735714285714288,0.0,14.225,0.0,-0.32737541285141203,-0.1349231623977312,2.931632653061225,0.920918367346939,1.8892857142857142,0.0,0.0,0.0
진안군,2022-02-14,0.7659815943332938,2,11.65,0.0,7,7,14.18214285714286,0.0,13.75,0.0,-0.26659713781574684,-0.016061112939209088,-1.2471428571428582,0.6757142857142888,1.1100000000000012,0.0,0.0,0.0
진안군,2022-02-28,0.8191720958612585,2,16.07857142857143,0.0,7,9,13.864285714285717,0.0,13.799999999999999,0.0,-0.1994610879464018,0.009296006611826724,-0.47142857142857153,-0.6476190476190471,-0.08630952380952372,0.0,0.0,0.0
진안군,2022-03-07,0.9495071764958934,4,17.67142857142857,0.0,7,10,16.875000000000004,0.0,15.528571428571428,0.0,-0.051812190574164106,-0.014120370385938427,3.5107142857142843,1.8589285714285726,1.7669642857142858,0.0,0.0,0.0
진안군,2022-03-14,1.1070517362069094,5,10.607142857142858,0.0,7,11,14.139285714285718,0.0,14.001785714285713,0.0,0.10170038814202662,0.1667137649380735,-4.185714285714285,-0.3374999999999986,-0.24851190476190688,0.0,0.0,0.0
진안군,2022-03-21,1.1369561055985733,2,14.478571428571428,0.0,7,12,12.542857142857146,0.0,14.708928571428572,0.0,0.12835460856898812,0.14532449135864822,-0.1845238095238102,-2.0869047619047603,-0.04255952380952266,0.0,0.0,0.0
진안군,2022-03-28,0.9489275524545648,2,16.407142857142855,0.0,7,13,15.442857142857145,0.0,14.791071428571428,0.0,-0.052422824219345666,-0.05593623052187623,0.22946428571428257,-0.03080357142857082,-0.08660714285714377,0.0,0.0,0.0
진안군,2022-04-04,0.91809573441769,3,20.45,0.0,7,14,18.42857142857143,0.0,15.485714285714284,0.0,-0.08545360794098857,-0.02080076619237657,4.568367346938773,2.3239795918367356,0.14999999999999858,0.0,0.0,0.0
진안군,2022-04-11,0.7816747964729233,6,15.471428571428572,0.0,7,15,17.96071428571429,0.0,16.701785714285712,0.0,-0.24631648621893382,-0.0891269983189408,0.26530612244898144,2.3178571428571466,0.9566326530612237,0.0,0.0,0.0
진안군,2022-04-18,0.8508489959531175,8,17.428571428571427,0.0,7,16,16.450000000000003,0.0,17.439285714285713,0.0,-0.16152060921696257,-0.059629422969220594,1.4960317460317452,1.0666666666666682,2.0271825396825385,0.0,0.0,0.0
진안군,2022-04-25,0.7467157407677919,9,11.885714285714286,0.0,7,17,14.65714285714286,0.0,16.30892857142857,0.0,-0.2920707007183262,-0.23365846229936338,-1.8722222222222218,-0.18809523809523476,1.4257936507936506,0.0,0.0,0.0
진안군,2022-05-02,0.9618347272299493,6,17.77857142857143,0.0,7,18,14.83214285714286,0.0,15.641071428571427,0.0,-0.03891264429221889,0.009480282875344345,2.8531746031746046,0.4904761904761923,0.7785714285714285,0.0,0.0,0.0
진안군,2022-05-09,0.8764969484283992,9,13.2,0.0,7,19,15.489285714285717,0.0,15.073214285714286,0.0,-0.13182205616895157,-0.12575490385033747,-1.2817460317460334,0.7857142857142883,0.29880952380952586,0.0,0.0,0.0
진안군,2022-05-16,0.851700838269857,9,18.071428571428573,0.0,7,20,15.63571428571429,0.0,15.23392857142857,0.0,-0.1605199426042172,-0.17852663996613072,3.5269841269841287,1.1226190476190503,0.8065476190476204,0.0,0.0,0.0
진안군,2022-05-23,0.8887760298933831,7,18.47142857142857,0.0,7,21,18.271428571428576,0.0,16.880357142857143,0.0,-0.11791001008723932,-0.005153323388427528,3.6663265306122454,3.2535714285714317,1.8943877551020414,0.0,0.0,0.0
진안군,2022-05-30,0.96113246963048,6,14.385714285714286,0.0,7,22,16.42857142857143,0.0,16.03214285714286,0.0,-0.03964303390243713,-0.11356699274741633,0.26349206349206433,2.260714285714286,1.5442460317460345,0.0,0.0,0.0
진안군,2022-06-06,0.9906945980548579,6,9.921428571428573,0.0,7,23,12.153571428571432,0.0,15.2125,0.0,-0.009348967672850272,-0.06377140228594895,-3.4619047619047603,-1.5992063492063462,1.1069444444444443,0.0,0.0,0.0
진안군,2022-06-13,0.8922767122709254,9,10.007142857142856,0.0,7,24,9.964285714285719,0.0,13.196428571428571,0.0,-0.11397897895865795,-0.06451468406413152,-2.423809523809526,-2.9428571428571395,-0.34107142857143025,0.0,0.0,0.0
진안군,2022-06-20,1.1467160546062865,6,10.435714285714285,0.0,7,25,10.221428571428575,0.0,11.1875,0.0,0.13690225266724906,0.12922325645034788,-1.2317460317460327,-1.8277777777777757,-1.7134920634920636,0.0,0.0,0.0
진안군,2022-06-27,1.1666501114595687,7,8.5,1.0,7,26,9.467857142857145,1.0,9.716071428571428,1.0,0.1541364895490642,0.04831882409173864,-1.1579365079365083,-1.1948412698412678,-2.0688492063492063,0.8888888888888888,0.8888888888888888,0.8888888888888888
진안군,2022-07-04,1.1348301558536324,10,9.35,0.0,7,27,8.925000000000004,1.0,9.573214285714286,1.0,0.12648299731611493,0.11281498938227491,0.2769841269841269,-0.440476190476188,-1.1341269841269845,0.0,0.8888888888888888,0.8888888888888888
진안군,2022-07-11,1.1875886256388197,9,8.35,0.0,7,28,8.850000000000003,0.0,9.158928571428572,1.0,0.17192488625872215,0.10101980109973875,-0.6341269841269845,-0.17857142857142705,-0.6867063492063483,0.0,0.0,0.8888888888888888
진안군,2022-07-18,1.0923375019175434,12,7.207142857142857,0.0,7,29,7.778571428571432,0.0,8.351785714285715,1.0,0.08831989726119158,0.0809602871275737,-1.5563492063492053,-1.0952380952380931,-0.7678571428571423,0.0,0.0,0.8888888888888888
진안군,2022-07-25,1.1787603484911293,10,10.5,0.0,7,30,8.853571428571431,0.0,8.851785714285715,0.0,0.1644633341347381,0.15260040803475983,0.685714285714285,-0.4353174603174583,-0.3069444444444436,0.0,0.0,0.0
진안군,2022-08-01,1.020818192365195,13,8.007142857142856,0.0,7,31,9.253571428571432,0.0,8.516071428571427,0.0,0.02060445512395248,-0.0440305581192018,-2.663492063492063,-0.9888888888888872,-1.0420634920634928,-0.1111111111111111,-0.1111111111111111,-0.1111111111111111
진안군,2022-08-08,1.0723579508511327,10,5.864285714285714,1.0,7,32,6.935714285714289,1.0,7.894642857142857,1.0,0.06985991628933787,0.04680102173728416,-3.591269841269842,-3.1273809523809497,-1.7813492063492067,0.7777777777777778,0.6666666666666667,0.6666666666666667
진안군,2022-08-15,1.1294505332089007,11,8.678571428571429,0.0,7,33,7.271428571428575,1.0,8.2625,1.0,0.12173126066710067,0.06980791603477737,-1.6848214285714285,-2.4008928571428543,-1.6747767857142861,0.0,0.75,0.625
진안군,2022-08-22,1.0593992172274118,12,10.028571428571428,0.0,7,34,9.353571428571431,0.0,8.144642857142857,1.0,0.05770197124507482,0.06867902551635927,0.050892857142857295,-0.8169642857142829,-1.828794642857142,-0.125,-0.125,0.5
진안군,2022-08-29,1.1196423143414074,13,7.921428571428572,0.0,7,35,8.975000000000003,0.0,8.123214285714285,1.0,0.11300927210486525,0.08505956926989432,-0.9508928571428568,-0.4499999999999975,-1.42544642857143,0.0,-0.125,0.625
진안군,2022-09-05,1.0876392945435494,15,11.9,0.0,7,36,9.91071428571429,0.0,9.632142857142856,0.0,0.08400956271486795,0.030583090742006096,1.4098214285714281,0.2294642857142879,-0.29375000000000107,0.0,0.0,-0.125
진안군,2022-09-12,1.0766536131516837,12,9.764285714285714,0.0,7,37,10.832142857142863,0.0,9.903571428571428,0.0,0.07385772448523502,0.07284389644878045,0.19374999999999964,0.8017857142857192,0.1758928571428573,0.0,0.0,-0.125
진안군,2022-09-19,1.158192665809559,10,14.457142857142857,0.0,7,38,12.11071428571429,0.0,11.010714285714286,0.0,0.14686074338539187,0.12928593812116468,3.9955357142857135,2.09464285714286,1.1620535714285722,0.0,0.0,0.0
진안군,2022-09-26,1.2031056276972718,11,16.2,0.0,7,39,15.328571428571433,0.0,13.080357142857142,0.0,0.18490623671016332,0.13885113622631687,3.891964285714284,3.943750000000003,2.372767857142856,0.0,0.0,0.0
진안군,2022-10-03,1.1558920542996438,9,9.228571428571428,0.0,7,40,12.714285714285717,0.0,12.412499999999998,0.0,0.1448723872566036,0.13113978682103083,-1.7723214285714288,1.0598214285714302,1.5772321428571416,0.0,0.0,0.0
진안군,2022-10-10,1.187007150968621,9,14.335714285714287,0.0,7,41,11.782142857142858,0.0,13.555357142857142,0.0,0.17143514001428836,0.14759366493464335,1.5062500000000014,-0.1330357142857146,1.9053571428571416,0.0,0.0,0.0
진안군,2022-10-17,1.2033043775811547,13,16.414285714285715,0.0,7,42,15.375000000000004,0.0,14.044642857142858,0.0,0.1850714204352134,0.17585142467518056,2.6071428571428577,2.0566964285714313,1.5582589285714281,0.0,0.0,0.0
진안군,2022-10-24,1.0800657565860967,9,18.09285714285714,0.0,7,43,17.25357142857143,0.0,14.517857142857142,0.0,0.07702192501053495,0.09970988213940221,3.3928571428571406,3.0,1.4334821428571427,0.0,0.0,0.0
진안군,2022-10-31,1.1336100047252886,8,17.821428571428573,0.0,7,44,17.957142857142863,0.0,16.666071428571428,0.0,0.12540723497755515,0.12669661224249215,1.9937500000000021,2.693303571428576,2.3749999999999982,0.0,0.0,0.0
진안군,2022-11-07,1.119912709968166,7,18.99285714285714,0.0,7,45,18.40714285714286,0.0,17.830357142857142,0.0,0.11325074474129303,0.0624836222846044,4.281249999999998,3.137500000000001,3.0687499999999996,0.0,0.0,0.0
진안군,2022-11-14,0.9716280645040271,6,15.364285714285714,0.0,7,46,17.17857142857143,0.0,17.567857142857143,0.0,-0.02878219743798582,-0.10955832006615929,-0.100892857142858,2.0901785714285737,2.391741071428571,0.0,0.0,0.0
진안군,2022-11-21,0.992167662222226,5,16.364285714285714,0.0,7,47,15.864285714285717,0.0,17.135714285714286,0.0,-0.007863171641656824,-0.012446813615509655,2.121428571428572,1.0102678571428587,2.073883928571428,0.0,0.0,0.0
진안군,2022-11-28,0.9938076927263069,6,12.1,0.0,7,48,14.232142857142861,0.0,15.705357142857142,0.0,-0.006211559125112859,0.03874979717065208,0.35803571428571423,1.2397321428571466,1.6649553571428566,0.0,0.0,0.0
진안군,2022-12-05,0.7568022881359662,3,12.928571428571429,0.0,7,49,12.514285714285718,0.0,14.189285714285713,0.0,-0.2786532378135658,-0.29033185644682613,0.49017857142857224,0.4241071428571459,0.7171874999999979,0.0,0.0,0.0
진안군,2022-12-12,0.7575614912963212,3,11.564285714285715,0.0,7,50,12.246428571428575,0.0,13.239285714285714,0.0,-0.27765056826445017,-0.2532979231410523,-0.6187500000000004,-0.06428571428571139,0.587723214285715,0.0,0.0,0.0
진안군,2022-12-19,0.7580406835347628,2,11.942857142857141,0.0,7,51,11.753571428571432,0.0,12.13392857142857,0.0,-0.27701822257061726,-0.3140329809721656,0.24553571428571352,-0.18660714285713986,0.11874999999999858,0.0,0.0,0.0
진안군,2022-12-26,0.6415537541053591,4,13.885714285714286,0.0,7,52,12.914285714285718,0.0,12.580357142857142,0.0,-0.4438623040404935,-0.49818967713546114,2.349107142857143,1.2973214285714327,0.6165178571428562,0.0,0.0,0.0
진안군,2023-01-02,1.035113640617819,3,14.628571428571428,0.0,7,1,14.25714285714286,0.0,13.005357142857143,0.0,0.03451121838838211,0.06909010182332903,1.1846938775510196,1.7137755102040835,0.8760204081632654,0.0,0.0,0.0
진안군,2023-01-09,0.8767317243681907,3,13.664285714285713,0.0,7,2,14.146428571428574,0.0,13.530357142857142,0.0,-0.1315542349259641,-0.09993354806456374,1.5714285714285712,1.585714285714289,1.4699404761904749,0.0,0.0,0.0
진안군,2023-01-16,0.6436964456266772,2,11.37857142857143,0.0,7,3,12.521428571428576,0.0,13.389285714285716,0.0,-0.44052802172430655,-0.2883524610802555,-0.6663265306122437,0.17806122448979878,1.087755102040818,0.0,0.0,0.0
진안군,2023-01-30,0.8439104044964586,3,14.87142857142857,0.0,7,5,13.125000000000004,0.0,13.635714285714286,0.0,-0.1697089458309899,-0.04894527736956632,2.205952380952379,0.9785714285714313,1.425297619047619,0.0,0.0,0.0
진안군,2023-02-06,0.8559192177610916,3,15.928571428571429,0.0,7,6,15.400000000000002,0.0,13.960714285714285,0.0,-0.15557927906811675,0.036872971385564085,2.1459183673469386,2.5852040816326536,1.625,0.0,0.0,0.0
진안군,2023-02-13,0.7870257662045375,4,10.12142857142857,0.0,7,7,13.025000000000002,0.0,13.075,0.0,-0.23949429132361977,0.011041733552917987,-2.7757142857142885,-0.48142857142856954,0.4350000000000005,0.0,0.0,0.0
진안군,2023-02-20,0.8589368410977175,3,15.135714285714286,0.0,7,8,12.628571428571432,0.0,14.014285714285712,0.0,-0.15205988578054705,0.10328559498351378,1.5842857142857163,-0.35142857142856876,1.0507142857142853,0.0,0.0,0.0
진안군,2023-02-27,0.8143370334593317,3,18.157142857142855,0.0,7,9,16.646428571428572,0.0,14.835714285714285,0.0,-0.20538095265416137,0.0033761419040671536,1.607142857142854,2.1345238095238077,0.9494047619047628,0.0,0.0,0.0
진안군,2023-03-06,0.9673106025833412,5,20.25714285714286,0.0,7,10,19.207142857142863,0.0,15.917857142857143,0.0,-0.03323563284539408,0.004456187342831597,6.096428571428573,4.191071428571432,2.15625,0.0,0.0,0.0
진안군,2023-03-13,0.84068922207198,4,16.385714285714286,0.0,7,11,18.321428571428577,0.0,17.48392857142857,0.0,-0.17353322110626956,-0.10851984431022267,1.5928571428571434,3.84464285714286,3.2336309523809508,0.0,0.0,0.0
진안군,2023-03-20,1.0190304171041207,3,13.564285714285715,0.0,7,12,14.975000000000005,0.0,17.09107142857143,0.0,0.018851603750062854,0.035821486539722946,-1.098809523809523,0.34523809523809845,2.3395833333333336,0.0,0.0,0.0
진안군,2023-03-27,0.9199307641568044,7,21.77857142857143,0.0,7,13,17.671428571428574,0.0,17.996428571428574,0.0,-0.08345686812225189,-0.08697027442478246,5.600892857142856,2.1977678571428587,3.118750000000002,0.0,0.0,0.0
진안군,2023-04-03,1.0257708074726424,5,13.9,0.0,7,14,17.839285714285715,0.0,16.40714285714286,0.0,0.025444337264949133,0.09009717901356112,-1.9816326530612258,1.7346938775510203,1.071428571428573,0.0,0.0,0.0
진안군,2023-04-10,1.0763171482422023,3,16.87142857142857,0.0,7,15,15.38571428571429,0.0,16.52857142857143,0.0,0.07354516574709143,0.23073465364708445,1.66530612244898,-0.2571428571428527,0.7834183673469397,0.0,0.0,0.0
진안군,2023-04-17,0.9334265823097394,6,13.278571428571428,0.0,7,16,15.075000000000005,0.0,16.457142857142856,0.0,-0.06889296686000695,0.03299821938773502,-2.6539682539682534,-0.30833333333333,1.0450396825396808,0.0,0.0,0.0
진안군,2023-04-24,0.9555965430365698,4,13.707142857142857,0.0,7,17,13.492857142857147,0.0,14.439285714285715,0.0,-0.045419481121193254,0.012992757297769573,-0.05079365079365061,-1.3523809523809476,-0.44384920634920455,0.0,0.0,0.0
진안군,2023-05-01,0.9609878075333799,6,11.842857142857143,0.0,7,18,12.775000000000004,0.0,13.925,0.0,-0.039793557362484876,0.00859936980507836,-3.0825396825396805,-1.5666666666666647,-0.9374999999999982,0.0,0.0,0.0
진안군,2023-05-08,1.1123735742703373,6,17.75714285714286,0.0,7,19,14.800000000000004,0.0,14.146428571428572,0.0,0.10649608749530383,0.11256323981391791,3.275396825396827,0.09642857142857508,-0.627976190476188,0.0,0.0,0.0
진안군,2023-05-15,1.1425062755035937,8,15.192857142857141,0.0,7,20,16.475000000000005,0.0,14.625000000000002,0.0,0.13322433655327637,0.11521763919136285,0.648412698412697,1.9619047619047656,0.19761904761905136,0.0,0.0,0.0
진안군,2023-05-22,0.9066662560700472,9,11.842857142857143,0.0,7,21,13.517857142857146,0.0,14.158928571428572,0.0,-0.09798086122422475,0.014775825474587043,-2.9622448979591827,-1.4999999999999982,-0.8270408163265301,0.0,0.0,0.0
진안군,2023-05-29,1.1164467621226348,5,10.492857142857144,0.0,7,22,11.167857142857148,0.0,13.821428571428573,0.0,0.11015110833330007,0.03622714948832087,-3.629365079365078,-2.9999999999999964,-0.6664682539682509,0.0,0.0,0.0
진안군,2023-06-05,1.0489039498613508,7,13.700000000000001,0.0,7,23,12.096428571428575,0.0,12.807142857142857,0.0,0.04774576169608358,-0.006676672917015097,0.3166666666666682,-1.6563492063492031,-1.2984126984126991,0.0,0.0,0.0
진안군,2023-06-12,1.0649221993831635,8,14.75,0.0,7,24,14.225000000000005,0.0,12.696428571428571,0.0,0.06290174427056315,0.11236603916508958,2.319047619047618,1.3178571428571466,-0.8410714285714302,0.0,0.0,0.0
진안군,2023-06-19,0.9329909200426278,13,11.549999999999999,0.0,7,25,13.150000000000002,0.0,12.623214285714287,0.0,-0.06935981018362015,-0.07703880640052134,-0.11746031746031882,1.1007936507936513,-0.2777777777777768,0.0,0.0,0.0
진안군,2023-06-26,1.0008966915343223,13,7.4,0.0,7,26,9.475000000000003,0.0,11.85,0.0,0.000896289746636867,-0.10492137571068869,-2.257936507936508,-1.1876984126984098,0.06507936507936485,-0.1111111111111111,-0.1111111111111111,-0.1111111111111111
진안군,2023-07-03,1.0080510921414954,13,8.378571428571428,0.0,7,27,7.889285714285718,0.0,10.519642857142857,0.0,0.008018855012961002,-0.005649152920879006,-0.6944444444444446,-1.4761904761904745,-0.18769841269841336,0.0,-0.1111111111111111,-0.1111111111111111
진안군,2023-07-10,1.0641323594126957,13,5.357142857142857,0.0,7,28,6.8678571428571455,0.0,8.17142857142857,0.0,0.06215978112693285,-0.008745304032050552,-3.6269841269841274,-2.1607142857142847,-1.674206349206349,0.0,0.0,-0.1111111111111111
진안군,2023-07-17,1.0413478066249815,13,8.678571428571429,0.0,7,29,7.017857142857147,0.0,7.453571428571428,0.0,0.04051584202034298,0.033156231886725104,-0.08492063492063373,-1.8559523809523784,-1.6660714285714286,0.0,0.0,-0.1111111111111111
진안군,2023-07-24,1.0439973962912783,13,10.128571428571428,0.0,7,30,9.403571428571432,0.0,8.135714285714284,0.0,0.04305699548346566,0.031194069383487386,0.31428571428571317,0.11468253968254238,-1.0230158730158738,0.0,0.0,0.0
진안군,2023-07-31,1.0714925309099455,14,12.064285714285715,0.0,7,31,11.096428571428575,0.0,9.057142857142857,0.0,0.06905256522119413,0.004417551978039849,1.3936507936507958,0.8539682539682563,-0.5009920634920633,-0.1111111111111111,-0.1111111111111111,-0.1111111111111111
진안군,2023-08-07,1.0402206392796236,17,8.564285714285715,0.0,7,32,10.314285714285718,0.0,9.85892857142857,0.0,0.03943284380546769,0.01637394925341398,-0.8912698412698408,0.2511904761904802,0.18293650793650684,-0.2222222222222222,-0.3333333333333333,-0.3333333333333333
진안군,2023-08-14,1.1858802631655594,12,9.95,0.0,7,33,9.25714285714286,0.0,10.176785714285714,0.0,0.17048533693381723,0.11856199230149393,-0.413392857142858,-0.4151785714285694,0.23950892857142847,0.0,-0.25,-0.375
진안군,2023-08-21,1.0753546432772352,11,10.357142857142858,0.0,7,34,10.153571428571432,0.0,10.233928571428573,0.0,0.0726505078973573,0.08362756216864174,0.3794642857142865,-0.016964285714282212,0.2604910714285733,-0.125,-0.125,-0.5
진안군,2023-08-28,1.0652736462667853,11,8.571428571428571,0.0,7,35,9.464285714285719,0.0,9.360714285714286,0.0,0.0632317110081552,0.03528200817318426,-0.3008928571428573,0.03928571428571814,-0.18794642857142918,0.0,-0.125,-0.375
진안군,2023-09-04,0.8955507011159689,12,13.535714285714286,0.0,7,36,11.053571428571432,0.0,10.603571428571428,0.0,-0.11031644142248308,-0.16374291339534494,3.0455357142857142,1.3723214285714302,0.6776785714285705,0.0,0.0,-0.125
진안군,2023-09-11,1.013594447312571,12,8.342857142857143,0.0,7,37,10.939285714285718,0.0,10.201785714285716,0.0,0.013502871825662125,0.01248904378920756,-1.2276785714285712,0.9089285714285751,0.47410714285714484,0.0,0.0,-0.125
진안군,2023-09-18,0.9702850575254056,14,9.05,0.0,7,38,8.696428571428577,0.0,9.875,0.0,-0.030165376919605837,-0.047740182183833045,-1.411607142857143,-1.3196428571428527,0.02633928571428612,0.0,0.0,0.0
진안군,2023-09-25,1.036664753657685,12,8.807142857142859,0.0,7,39,8.928571428571434,0.0,9.933928571428572,0.0,0.03600859217504581,-0.010046508308800634,-3.5008928571428566,-2.4562499999999954,-0.7736607142857146,0.0,0.0,0.0
진안군,2023-10-02,1.0113960449931516,11,12.62142857142857,0.0,7,40,10.714285714285719,0.0,9.705357142857144,0.0,0.011331599228130321,-0.0024010012074424467,1.6205357142857135,-0.940178571428568,-1.129910714285712,0.0,0.0,0.0
진안군,2023-10-09,0.9602462679084103,9,13.785714285714286,0.0,7,41,13.203571428571433,0.0,11.06607142857143,0.0,-0.04056549834695056,-0.06440697342659557,0.9562500000000007,1.2883928571428598,-0.5839285714285705,0.0,0.0,0.0
진안군,2023-10-16,0.9163076501638582,11,15.885714285714286,0.0,7,42,14.835714285714289,0.0,12.775000000000002,0.0,-0.087403108072933,-0.09662310383296586,2.078571428571429,1.5174107142857167,0.2886160714285726,0.0,0.0,0.0
진안군,2023-10-23,1.0366921461143075,8,15.407142857142857,0.0,7,43,15.646428571428576,0.0,14.424999999999999,0.0,0.036035015466305644,0.05872297259517291,0.7071428571428555,1.392857142857146,1.3406249999999993,0.0,0.0,0.0
진안군,2023-10-30,0.9820879401651285,10,16.2,0.0,7,44,15.80357142857143,0.0,15.319642857142858,0.0,-0.018074422534239225,-0.016785045269302225,0.37232142857142847,0.5397321428571438,1.0285714285714285,0.0,0.0,0.0
진안군,2023-11-06,1.1563138855941804,8,13.957142857142857,0.0,7,45,15.07857142857143,0.0,15.3625,0.0,0.14523726072391754,0.09447013826722891,-0.7544642857142847,-0.19107142857142811,0.600892857142858,0.0,0.0,0.0
진안군,2023-11-13,1.1814320749166871,4,11.05,0.0,7,46,12.503571428571433,0.0,14.15357142857143,0.0,0.16672732544346036,0.0859512028152869,-4.415178571428571,-2.5848214285714235,-1.0225446428571416,0.0,0.0,0.0
진안군,2023-11-20,0.9290982322868022,8,14.964285714285714,0.0,7,47,13.00714285714286,0.0,14.042857142857144,0.0,-0.0735408059447932,-0.07812444791864603,0.7214285714285715,-1.846874999999999,-1.0189732142857135,0.0,0.0,0.0
진안군,2023-11-27,0.9655746013543145,6,8.457142857142857,0.0,7,48,11.710714285714289,0.0,12.107142857142858,0.0,-0.03503191303034784,0.009929443265417094,-3.284821428571428,-1.2816964285714256,-1.9332589285714281,0.0,0.0,0.0
진안군,2023-12-04,1.073585068570509,6,16.264285714285712,0.0,7,49,12.360714285714288,0.0,12.683928571428572,0.0,0.0710035793242113,0.059324960690950966,3.825892857142856,0.27053571428571566,-0.7881696428571434,0.0,0.0,0.0
진안군,2023-12-11,0.7549786490129621,5,7.285714285714286,0.0,7,50,11.775000000000002,0.0,11.742857142857142,0.0,-0.28106580958601396,-0.2567131644626161,-4.89732142857143,-0.5357142857142847,-0.9087053571428569,0.0,0.0,0.0
진안군,2023-12-18,1.0334474589456921,4,9.507142857142856,0.0,7,51,8.396428571428574,0.0,10.378571428571426,0.0,0.032900260865478134,-0.004114497536070169,-2.1901785714285715,-3.5437499999999975,-1.6366071428571445,0.0,0.0,0.0
진안군,2023-12-25,1.1283746838019115,2,10.385714285714286,0.0,7,52,9.946428571428575,0.0,10.860714285714284,0.0,0.12077826441184802,0.0664508913168804,-1.150892857142857,-1.6705357142857107,-1.1031250000000021,0.0,0.0,0.0
진안군,2024-01-01,0.9720920044338536,3,8.57857142857143,0.0,7,1,9.482142857142861,0.0,8.939285714285713,0.0,-0.028304824233838732,0.006274059201108198,-4.865306122448979,-3.061224489795915,-3.1900510204081645,0.0,0.0,0.0
진안군,2024-01-08,1.1877342561047328,2,12.12142857142857,0.0,7,2,10.350000000000003,0.0,10.148214285714285,0.0,0.17204750577054925,0.20366819263194963,0.02857142857142847,-2.210714285714282,-1.9122023809523814,0.0,0.0,0.0
진안군,2024-01-15,0.8982032230276293,4,8.835714285714285,0.0,7,3,10.478571428571431,0.0,9.980357142857143,0.0,-0.1073589300164901,0.044816630627561,-3.209183673469388,-1.8647959183673457,-2.3211734693877553,0.0,0.0,0.0
진안군,2024-01-22,0.7725217219641354,4,9.885714285714286,0.0,7,4,9.36071428571429,0.0,9.855357142857143,0.0,-0.2580951515581451,-0.1836348970854491,-2.0928571428571416,-2.6545918367346903,-2.474489795918366,0.0,0.0,0.0
진안군,2024-01-29,0.8412672739245677,3,11.721428571428572,0.0,7,5,10.803571428571432,0.0,10.64107142857143,0.0,-0.17284586459410964,-0.05208219613268607,-0.9440476190476197,-1.3428571428571399,-1.569345238095238,0.0,0.0,0.0
진안군,2024-02-05,0.7324687571486842,3,8.821428571428571,0.0,7,6,10.271428571428576,0.0,9.816071428571428,0.0,-0.3113345913572974,-0.11888234090361657,-4.961224489795919,-2.5433673469387728,-2.5196428571428573,0.0,0.0,0.0
진안군,2024-02-12,0.5596251871232704,2,16.692857142857143,0.0,7,7,12.757142857142862,0.0,11.780357142857142,0.0,-0.580488028048456,-0.32995200317191825,3.7957142857142845,-0.7492857142857101,-0.8596428571428572,0.0,0.0,0.0
진안군,2024-03-04,0.9399584328983265,3,11.37857142857143,0.0,7,10,14.03571428571429,0.0,12.153571428571428,0.0,-0.061919625016763964,-0.024227804828538285,-2.7821428571428566,-0.9803571428571409,-1.6080357142857142,0.0,0.0,0.0
진안군,2024-03-11,0.9512818105547336,2,16.4,0.0,7,11,13.889285714285718,0.0,13.323214285714284,0.0,-0.049944929571959874,0.015068447224087018,1.6071428571428559,-0.5874999999999986,-0.9270833333333357,0.0,0.0,0.0
진안군,2024-03-18,1.1619570141204922,3,13.507142857142856,0.0,7,12,14.953571428571431,0.0,14.494642857142857,0.0,0.15010566473383657,0.16707554752349668,-1.1559523809523817,0.32380952380952444,-0.25684523809523796,0.0,0.0,0.0
진안군,2024-03-25,1.0679754793154308,3,12.264285714285714,0.0,7,13,12.88571428571429,0.0,13.3875,0.0,0.06576478083195053,0.062251374529419964,-3.913392857142858,-2.587946428571426,-1.4901785714285722,0.0,0.0,0.0
진안군,2024-04-01,0.887840572155312,4,13.742857142857144,0.0,7,14,13.003571428571433,0.0,13.978571428571426,0.0,-0.11896308796959412,-0.05431024622098213,-2.1387755102040824,-3.1010204081632615,-1.3571428571428594,0.0,0.0,0.0
진안군,2024-04-15,0.8086890190810677,7,12.950000000000001,0.0,7,16,13.346428571428575,0.0,13.116071428571427,0.0,-0.21234083745521537,-0.1104496512074734,-2.982539682539681,-2.0369047619047596,-2.2960317460317476,0.0,0.0,0.0
진안군,2024-04-22,0.9981114897628345,6,15.664285714285715,0.0,7,17,14.30714285714286,0.0,13.655357142857142,0.0,-0.001890295720913811,0.05652194269804902,1.9063492063492067,-0.5380952380952344,-1.2277777777777779,0.0,0.0,0.0
진안군,2024-04-29,0.9564006669561101,7,11.700000000000001,0.0,7,18,13.68214285714286,0.0,13.514285714285714,0.0,-0.04457834603715853,0.0038145811304047053,-3.225396825396823,-0.6595238095238081,-1.3482142857142847,0.0,0.0,0.0
진안군,2024-05-06,1.0066092937195272,6,12.12142857142857,0.0,7,19,11.910714285714288,0.0,13.10892857142857,0.0,0.0065875481006590735,0.012654700419273166,-2.3603174603174626,-2.792857142857141,-1.6654761904761894,0.0,0.0,0.0
진안군,2024-05-13,1.0083487897331733,6,17.75,0.0,7,20,14.935714285714287,0.0,14.30892857142857,0.0,0.008314131358210707,-0.009692566003702816,3.2055555555555557,0.42261904761904745,-0.11845238095238031,0.0,0.0,0.0
진안군,2024-05-20,1.0686983199282512,8,15.87857142857143,0.0,7,21,16.814285714285717,0.0,14.3625,0.0,0.06644138447697312,0.1791980711757849,1.0734693877551038,1.7964285714285726,-0.623469387755101,0.0,0.0,0.0
진안군,2024-05-27,1.0671603751046013,9,13.885714285714286,0.0,7,22,14.88214285714286,0.0,14.908928571428572,0.0,0.06500126571534603,-0.00892269312963316,-0.23650793650793567,0.7142857142857153,0.42103174603174764,0.0,0.0,0.0
진안군,2024-06-03,0.9804292835588166,9,13.614285714285714,0.0,7,23,13.750000000000002,0.0,15.282142857142858,0.0,-0.019764758783207922,-0.0741871933963066,0.23095238095238102,-0.0027777777777764356,1.1765873015873023,0.0,0.0,0.0
진안군,2024-06-10,0.9363039375070524,11,15.771428571428572,0.0,7,24,14.692857142857145,0.0,14.787500000000001,0.0,-0.06581513565571391,-0.016350840761187486,3.34047619047619,1.7857142857142865,1.25,0.0,0.0,0.0
진안군,2024-06-17,1.0013164683883125,14,12.950000000000001,0.0,7,25,14.360714285714288,0.0,14.055357142857142,0.0,0.001315602603572599,-0.006363393613328586,1.2825396825396833,2.3115079365079367,1.1543650793650784,0.0,0.0,0.0
진안군,2024-06-24,1.0565025046089804,17,10.807142857142859,0.0,7,26,11.878571428571432,0.0,13.285714285714288,0.0,0.05496392873749695,-0.05085373671982861,1.1492063492063505,1.2158730158730187,1.5007936507936535,-0.1111111111111111,-0.1111111111111111,-0.1111111111111111
진안군,2024-07-01,0.934584702870209,18,8.057142857142859,0.0,7,27,9.43214285714286,0.0,11.896428571428574,0.0,-0.06765301641855122,-0.08132102435239122,-1.015873015873014,0.0666666666666682,1.1890873015873034,0.0,-0.1111111111111111,-0.1111111111111111
진안군,2024-07-08,1.1162043118225733,15,6.214285714285714,0.0,7,28,7.135714285714288,0.0,9.507142857142858,0.0,0.10993392231274904,0.039028837153765636,-2.7698412698412698,-1.8928571428571423,-0.33849206349206185,0.0,0.0,-0.1111111111111111
진안군,2024-07-15,1.0708372889495903,15,7.364285714285714,0.0,7,29,6.789285714285716,0.0,8.110714285714286,0.0,0.06844085550711272,0.06108124537349484,-1.3992063492063487,-2.084523809523809,-1.0089285714285712,0.0,0.0,-0.1111111111111111
진안군,2024-07-22,1.0932496146436703,18,7.978571428571429,0.0,7,30,7.671428571428573,0.0,7.4035714285714285,0.0,0.08915455882390678,0.07729163272392851,-1.8357142857142863,-1.617460317460317,-1.7551587301587297,0.0,0.0,0.0
진안군,2024-07-29,1.0684155344084336,20,9.65,1.0,7,31,8.814285714285717,1.0,7.801785714285715,1.0,0.06617674202856626,0.0015417287854119777,-1.0206349206349188,-1.428174603174602,-1.7563492063492054,0.8888888888888888,0.8888888888888888,0.8888888888888888
진안군,2024-08-05,1.0576986242979676,17,10.907142857142858,0.0,7,32,10.278571428571432,1.0,8.975000000000001,1.0,0.05609543869674384,0.033036544144690136,1.4515873015873026,0.2154761904761937,-0.7009920634920626,-0.2222222222222222,0.6666666666666667,0.6666666666666667
진안군,2024-08-12,1.0638313235488541,14,12.114285714285714,0.0,7,33,11.510714285714288,0.0,10.162500000000001,1.0,0.061876847852967584,0.009953503220644283,1.7508928571428566,1.8383928571428587,0.225223214285716,0.0,-0.25,0.625
진안군,2024-08-19,1.0744215558432995,16,9.77142857142857,1.0,7,34,10.942857142857143,1.0,10.610714285714286,2.0,0.07178242917091845,0.0827594834422029,-0.2062500000000007,0.7723214285714288,0.6372767857142865,0.875,0.875,1.5
진안군,2024-08-26,1.0479740414551757,17,11.12857142857143,0.0,7,35,10.450000000000003,1.0,10.980357142857144,1.0,0.04685881598823873,0.018909113153267796,2.2562500000000014,1.0250000000000021,1.4316964285714295,0.0,0.875,0.625
진안군,2024-09-02,1.1067039401326448,15,10.578571428571427,0.0,7,36,10.853571428571431,0.0,10.898214285714285,1.0,0.101386174535852,0.04795970256299014,0.08839285714285516,1.1723214285714292,0.9723214285714281,0.0,0.0,0.875
진안군,2024-09-09,1.056671208696299,15,11.678571428571429,0.0,7,37,11.12857142857143,0.0,10.789285714285715,1.0,0.05512359766259744,0.054109769626142876,2.1080357142857142,1.0982142857142865,1.0616071428571434,0.0,0.0,0.875
진안군,2024-09-16,1.1463074393857842,14,8.52142857142857,0.0,7,38,10.100000000000001,0.0,10.476785714285715,0.0,0.13654585402946967,0.11897104876524246,-1.9401785714285733,0.08392857142857224,0.6281250000000007,0.0,0.0,0.0
진안군,2024-09-23,1.0563276664085848,12,12.785714285714286,0.0,7,39,10.65357142857143,0.0,10.89107142857143,0.0,0.054798427313678746,0.008743326829832303,0.4776785714285712,-0.7312499999999993,0.1834821428571427,0.0,0.0,0.0
진안군,2024-09-30,1.007617404082396,15,12.950000000000001,0.0,7,40,12.867857142857146,0.0,11.48392857142857,0.0,0.007588538156192042,-0.0061440622793807265,1.9491071428571445,1.2133928571428587,0.6486607142857146,0.0,0.0,0.0
진안군,2024-10-07,1.0740638017051267,15,12.985714285714286,0.0,7,41,12.967857142857145,0.0,11.810714285714285,0.0,0.07144940000670068,0.04760792492705567,0.15625,1.0526785714285722,0.1607142857142847,0.0,0.0,0.0
진안군,2024-10-14,1.022281402247071,13,10.107142857142858,0.0,7,42,11.546428571428574,0.0,12.207142857142859,0.0,0.02203679854558054,0.012816802785547678,-3.6999999999999993,-1.7718749999999979,-0.27924107142857046,0.0,0.0,0.0
진안군,2024-10-21,1.0100183429279777,12,13.285714285714286,0.0,7,43,11.696428571428573,0.0,12.332142857142857,0.0,0.00996849200308276,0.032656449131950024,-1.4142857142857146,-2.557142857142857,-0.7522321428571423,0.0,0.0,0.0
진안군,2024-10-28,1.0316045415422979,10,12.085714285714287,0.0,7,44,12.685714285714289,0.0,12.11607142857143,0.0,0.031115397441009416,0.03240477470594642,-3.7419642857142836,-2.5781249999999982,-2.174999999999999,0.0,0.0,0.0
진안군,2024-11-04,1.0081666872328403,11,15.764285714285714,0.0,7,45,13.925000000000002,0.0,12.810714285714287,0.0,0.008133520296299077,-0.042633602160389555,1.0526785714285722,-1.3446428571428548,-1.9508928571428559,0.0,0.0,0.0
진안군,2024-11-11,1.0763732217521775,11,16.292857142857144,0.0,7,46,16.028571428571432,0.0,14.357142857142858,0.0,0.0735972619619206,-0.0071788606662528676,0.8276785714285726,0.9401785714285751,-0.8189732142857142,0.0,0.0,0.0
진안군,2024-11-18,1.0676998735329613,9,15.064285714285715,0.0,7,47,15.678571428571434,0.0,14.801785714285716,0.0,0.06550668375401039,0.06092304178015756,0.821428571428573,0.8245535714285754,-0.26004464285714235,0.0,0.0,0.0
진안군,2024-11-25,1.0138121571920806,10,8.985714285714286,0.0,7,48,12.025000000000004,0.0,14.026785714285715,0.0,0.013717638690742495,0.05867899498650743,-2.7562499999999996,-0.9674107142857107,-0.013616071428570464,0.0,0.0,0.0
진안군,2024-12-02,0.9099412450287041,10,9.971428571428572,0.0,7,49,9.478571428571431,0.0,12.57857142857143,0.0,-0.09437524745823189,-0.10605386609149223,-2.466964285714285,-2.6116071428571406,-0.8935267857142861,0.0,0.0,0.0
진안군,2024-12-09,1.110801348025063,7,11.5,0.0,7,50,10.73571428571429,0.0,11.380357142857143,0.0,0.10508169001212515,0.12943433513552302,-0.6830357142857153,-1.5749999999999975,-1.2712053571428559,0.0,0.0,0.0
진안군,2024-12-16,0.9315485911399747,7,10.207142857142857,0.0,7,51,10.853571428571431,0.0,10.166071428571428,0.0,-0.07090692589953321,-0.10792168430108151,-1.4901785714285705,-1.0866071428571402,-1.849107142857143,0.0,0.0,0.0
진안군,2024-12-23,1.0837330412137587,3,9.671428571428573,0.0,7,52,9.939285714285718,0.0,10.3375,0.0,0.08041160074451276,0.02608422764954512,-1.8651785714285705,-1.677678571428567,-1.6263392857142858,0.0,0.0,0.0
진안군,2024-12-30,0.9977397490804061,2,11.892857142857142,0.0,7,1,10.782142857142862,0.0,10.817857142857143,0.0,-0.0022628091422473673,0.032316074292699566,-1.5510204081632661,-1.7612244897959144,-1.3114795918367346,0.0,0.0,0.0
진안군,2025-01-06,0.868894068295412,5,11.0,0.0,7,2,11.446428571428575,0.0,10.692857142857143,0.0,-0.14053406184296705,-0.10891337498156668,-1.0928571428571416,-1.1142857142857103,-1.3675595238095237,0.0,0.0,0.0
진안군,2025-01-13,0.8026031173411514,6,12.885714285714284,0.0,7,3,11.942857142857147,0.0,11.3625,0.0,-0.21989493710359745,-0.06771937645954634,0.8408163265306108,-0.4005102040816304,-0.9390306122448973,0.0,0.0,0.0
진안군,2025-01-20,0.7837937892211884,5,14.707142857142857,0.0,7,4,13.796428571428574,0.0,12.62142857142857,0.0,-0.24360931718116155,-0.16914906270846555,2.7285714285714295,1.7811224489795947,0.29158163265306136,0.0,0.0,0.0
진안군,2025-02-03,0.818927734457652,3,11.335714285714285,0.0,7,6,13.021428571428576,0.0,12.482142857142858,0.0,-0.19975943533756355,-0.007307184883882711,-2.4469387755102048,0.20663265306122724,0.14642857142857224,0.0,0.0,0.0
진안군,2025-02-17,0.5916035531611498,3,10.635714285714286,0.0,7,8,10.98571428571429,0.0,12.39107142857143,0.0,-0.5249185421440055,-0.26957306137994463,-2.9157142857142837,-1.994285714285711,-0.572499999999998,0.0,0.0,0.0
진안군,2025-02-24,0.8013726228052013,3,15.414285714285715,0.0,7,9,13.025000000000004,0.0,13.023214285714285,0.0,-0.22142924307412243,-0.012672148515893905,-1.1357142857142861,-1.4869047619047606,-0.8630952380952372,0.0,0.0,0.0
진안군,2025-03-03,1.2921038942014202,2,10.135714285714286,0.0,7,10,12.775000000000004,0.0,11.880357142857143,0.0,0.256271815596012,0.2939636357842377,-4.025,-2.241071428571427,-1.8812499999999996,0.0,0.0,0.0
진안군,2025-03-10,0.8960046397417871,3,15.035714285714286,0.0,7,11,12.585714285714289,0.0,12.805357142857142,0.0,-0.10980968773736928,-0.04479631094132239,0.24285714285714377,-1.8910714285714274,-1.444940476190478,0.0,0.0,0.0
진안군,2025-03-17,0.768087317190151,3,16.742857142857144,0.0,7,12,15.88928571428572,0.0,14.332142857142859,0.0,-0.26385185803915806,-0.24688197524949795,2.079761904761906,1.259523809523813,-0.41934523809523583,0.0,0.0,0.0
진안군,2025-03-24,0.9574098118986014,4,15.521428571428572,0.0,7,13,16.132142857142863,0.0,14.358928571428573,0.0,-0.043523753592223054,-0.04703715989475362,-0.65625,0.6584821428571477,-0.5187499999999989,0.0,0.0,0.0
진안군,2025-03-31,0.667417394528046,3,15.72857142857143,0.0,7,14,15.625000000000004,0.0,15.757142857142858,0.0,-0.40433964988186655,-0.3396868081332546,-0.15306122448979664,-0.4795918367346914,0.4214285714285726,0.0,0.0,0.0
진안군,2025-04-07,0.6831837533924254,3,18.27857142857143,0.0,7,15,17.003571428571433,0.0,16.567857142857143,0.0,-0.38099141695384126,-0.22380192905384824,3.0724489795918384,1.360714285714291,0.8227040816326543,0.0,0.0,0.0
진안군,2025-04-14,0.6921344887959376,4,12.442857142857145,0.0,7,16,15.360714285714291,0.0,15.492857142857144,0.0,-0.3679749942765797,-0.26608380802883774,-3.489682539682537,-0.022619047619043542,0.08075396825396908,0.0,0.0,0.0
진안군,2025-04-21,0.8101275621556583,5,14.942857142857141,0.0,7,17,13.692857142857147,0.0,15.348214285714286,0.0,-0.21056355957219042,-0.1521513211532276,1.1849206349206334,-1.1523809523809483,0.465079365079367,0.0,0.0,0.0
진안군,2025-04-28,0.9585093793660933,4,15.907142857142857,0.0,7,18,15.425000000000002,0.0,15.392857142857144,0.0,-0.04237593108151576,0.006016996086047478,0.9817460317460327,1.083333333333334,0.5303571428571452,0.0,0.0,0.0
진안군,2025-05-05,0.9677608599152717,7,11.892857142857142,0.0,7,19,13.900000000000002,0.0,13.79642857142857,0.0,-0.03277026776841142,-0.026703115449797324,-2.5888888888888903,-0.803571428571427,-0.9779761904761894,0.0,0.0,0.0
진안군,2025-05-12,0.9762054009651586,12,13.950000000000001,0.0,7,20,12.921428571428574,0.0,14.173214285714286,0.0,-0.02408226290235579,-0.04208896026426931,-0.5944444444444432,-1.591666666666665,-0.25416666666666465,0.0,0.0,0.0
진안군,2025-05-19,0.9717133794028627,9,11.521428571428572,0.0,7,21,12.735714285714291,0.0,13.317857142857143,0.0,-0.02869439516406429,0.08406229153474751,-3.283673469387754,-2.282142857142853,-1.6681122448979586,0.0,0.0,0.0
진안군,2025-05-26,0.9843844759449422,11,17.014285714285712,0.0,7,22,14.267857142857146,0.0,13.594642857142857,0.0,-0.015738730657705605,-0.0896626895026848,2.8920634920634907,0.10000000000000142,-0.8932539682539673,0.0,0.0,0.0
진안군,2025-06-02,1.130414049957213,13,14.707142857142857,0.0,7,23,15.860714285714288,0.0,14.298214285714286,0.0,0.12258398150167939,0.06816154688858071,1.3238095238095244,2.1079365079365093,0.1926587301587297,0.0,0.0,0.0
진안군,2025-06-09,1.064090864365283,12,12.035714285714286,0.0,7,24,13.371428571428575,0.0,13.819642857142856,0.0,0.06212078611273113,0.11158508100725756,-0.3952380952380956,0.4642857142857171,0.2821428571428548,0.0,0.0,0.0
진안군,2025-06-16,0.926319270691866,19,9.585714285714285,0.0,7,25,10.81071428571429,0.0,13.335714285714285,0.0,-0.07653631899613166,-0.08421531521303284,-2.0817460317460323,-1.2384920634920604,0.4347222222222218,0.0,0.0,0.0
진안군,2025-06-23,1.0638518229220604,17,10.735714285714286,0.0,7,26,10.160714285714288,0.0,11.76607142857143,0.0,0.06189611705030168,-0.04392154840702388,1.0777777777777775,-0.5019841269841248,-0.018849206349205616,-0.1111111111111111,-0.1111111111111111,-0.1111111111111111
진안군,2025-06-30,1.0536946164273155,17,11.042857142857143,0.0,7,27,10.889285714285718,0.0,10.850000000000001,0.0,0.05230267040208891,0.038634662468248905,1.96984126984127,1.5238095238095255,0.14265873015873076,0.0,-0.1111111111111111,-0.1111111111111111
진안군,2025-07-07,0.9807251517339878,19,12.842857142857142,0.0,7,28,11.942857142857147,0.0,11.051785714285714,0.0,-0.01946303019713498,-0.09036811535611838,3.8587301587301575,2.9142857142857164,1.206150793650794,0.0,0.0,-0.1111111111111111
진안군,2025-07-14,0.9311364096333007,18,7.714285714285714,0.0,7,29,10.278571428571432,0.0,10.58392857142857,0.0,-0.07134949296077069,-0.07870910309438857,-1.0492063492063481,1.4047619047619069,1.4642857142857135,0.0,0.0,-0.1111111111111111
진안군,2025-07-21,1.0628397940350858,20,12.664285714285715,0.0,7,30,10.189285714285718,0.0,11.06607142857143,0.0,0.060944376840017016,0.049081450740038744,2.8499999999999996,0.9003968253968289,1.9073412698412717,0.0,0.0,0.0
진안군,2025-07-28,1.0339751598528681,19,13.328571428571427,0.0,7,31,12.996428571428574,0.0,11.6375,0.0,0.03341075244454643,-0.03122426079860785,2.6579365079365083,2.753968253968255,2.079365079365079,-0.1111111111111111,-0.1111111111111111,-0.1111111111111111
진안군,2025-08-04,1.0885797301635918,19,8.221428571428572,0.0,7,32,10.775000000000002,0.0,10.482142857142858,0.0,0.08487384674869591,0.06181495219664221,-1.2341269841269842,0.7119047619047638,0.8061507936507937,-0.2222222222222222,-0.3333333333333333,-0.3333333333333333
진안군,2025-08-11,0.9551309409192632,21,9.135714285714284,0.0,7,33,8.67857142857143,0.0,10.837499999999999,0.0,-0.04590683699002529,-0.09783018162234859,-1.227678571428573,-0.9937499999999986,0.9002232142857132,0.0,-0.25,-0.375
진안군,2025-08-18,0.9984465535332653,20,11.028571428571428,0.0,7,34,10.082142857142859,0.0,10.428571428571427,0.0,-0.0015546543157451437,0.009422399955539295,1.0508928571428573,-0.08839285714285516,0.45513392857142776,-0.125,-0.125,-0.5
진안군,2025-08-25,0.9927128548832411,17,9.935714285714285,0.0,7,35,10.482142857142861,0.0,9.580357142857142,0.0,-0.007313826056340765,-0.0352635288913117,1.0633928571428566,1.0571428571428605,0.031696428571427404,0.0,-0.125,-0.375
진안군,2025-09-01,1.1540843736045627,14,9.921428571428573,0.0,7,36,9.928571428571432,0.0,10.005357142857143,0.0,0.1433072794552886,0.08988080748242674,-0.5687499999999996,0.24732142857143025,0.07946428571428577,0.0,0.0,-0.125
진안군,2025-09-08,1.0189533720862058,17,7.8999999999999995,0.0,7,37,8.91071428571429,0.0,9.696428571428571,0.0,0.01877599469138418,0.017762166654929613,-1.6705357142857151,-1.1196428571428534,-0.03125,0.0,0.0,-0.125
진안군,2025-09-15,1.041003117886052,15,8.72857142857143,0.0,7,38,8.314285714285717,0.0,9.121428571428572,0.0,0.0401847847158124,0.022609979451585188,-1.7330357142857142,-1.7017857142857125,-0.727232142857142,0.0,0.0,0.0
진안군,2025-09-22,1.0245506610018849,17,8.664285714285715,0.0,7,39,8.696428571428577,0.0,8.80357142857143,0.0,0.024254136963626383,-0.02180096352022006,-3.6437500000000007,-2.688392857142853,-1.9040178571428559,0.0,0.0,0.0
진안군,2025-09-29,1.056388568744874,16,9.014285714285714,0.0,7,40,8.839285714285717,0.0,8.576785714285714,0.0,0.05485608042893645,0.04112347999336368,-1.9866071428571423,-2.8151785714285698,-2.258482142857142,0.0,0.0,0.0
진안군,2025-10-06,1.0691259263060326,13,8.692857142857141,0.0,7,41,8.853571428571431,0.0,8.775,0.0,0.06684142333352294,0.042999948253877936,-4.1366071428571445,-3.0616071428571416,-2.875,0.0,0.0,0.0
진안군,2025-10-13,1.0813208816222732,14,7.778571428571429,0.0,7,42,8.235714285714288,0.0,8.5375,0.0,0.07818333237289378,0.06896333661286091,-6.028571428571428,-5.082589285714285,-3.94888392857143,0.0,0.0,0.0
진안군,2025-10-20,1.0523401845181095,13,10.807142857142859,0.0,7,43,9.292857142857148,0.0,9.073214285714286,0.0,0.05101643135672247,0.07370438848558974,-3.8928571428571423,-4.960714285714282,-4.0111607142857135,0.0,0.0,0.0
진안군,2025-10-27,0.9924290120029414,12,13.542857142857143,0.0,7,44,12.175000000000004,0.0,10.205357142857144,0.0,-0.007599793409071329,-0.006310416144134327,-2.284821428571428,-3.0888392857142826,-4.085714285714285,0.0,0.0,0.0
진안군,2025-11-03,1.0448905342857502,16,16.349999999999998,0.0,7,45,14.946428571428573,0.0,12.119642857142857,0.0,0.043912128050248106,-0.006854994406440523,1.6383928571428559,-0.32321428571428434,-2.6419642857142858,0.0,0.0,0.0
진안군,2025-11-10,1.0981263884578645,12,18.357142857142858,0.0,7,46,17.353571428571428,0.0,14.764285714285712,0.0,0.09360544434805709,0.01282932171988363,2.8919642857142858,2.265178571428571,-0.4118303571428594,0.0,0.0,0.0
진안군,2025-11-17,1.1956103801944213,9,13.035714285714286,0.0,7,47,15.696428571428577,0.0,15.321428571428571,0.0,0.17865683338596056,0.17407319141210773,-1.2071428571428555,0.8424107142857178,0.25959821428571317,0.0,0.0,0.0
진안군,2025-11-24,0.9145196884316956,12,12.992857142857144,0.0,7,48,13.01428571428572,0.0,15.18392857142857,0.0,-0.08935628220669965,-0.04439492591093472,1.2508928571428584,0.021875000000004974,1.1435267857142843,0.0,0.0,0.0
진안군,2025-12-01,1.092341114823364,5,11.921428571428573,0.0,7,49,12.457142857142863,0.0,14.076785714285716,0.0,0.08832320475529422,0.0766445861220339,-0.516964285714284,0.36696428571429074,0.6046875000000007,0.0,0.0,0.0
진안군,2025-12-08,1.0927245276810893,5,12.928571428571429,0.0,7,50,12.425000000000004,0.0,12.719642857142857,0.0,0.08867414420004331,0.11302678932344118,0.7455357142857135,0.11428571428571743,0.06808035714285765,0.0,0.0,0.0
진안군,2025-12-15,1.4259541238893776,4,13.12142857142857,0.0,7,51,13.025000000000002,0.0,12.741071428571429,0.0,0.3548411502890308,0.3178263918874825,1.4241071428571423,1.0848214285714306,0.725892857142858,0.0,0.0,0.0
진안군,2025-12-22,1.5224241134628773,2,11.428571428571429,0.0,7,52,12.275000000000002,0.0,12.350000000000001,0.0,0.42030387598555635,0.3659765028905887,-0.10803571428571423,0.6580357142857167,0.3861607142857153,0.0,0.0,0.0
진안군,2026-01-19,1.1782534056795329,2,10.25,0.0,7,4,10.839285714285719,0.0,11.932142857142857,0.0,0.16403317727331437,0.23849343174601037,-1.7285714285714278,-1.1760204081632608,-0.3977040816326518,0.0,0.0,0.0
진안군,2026-01-26,1.4281831100774178,2,13.321428571428571,0.0,7,5,11.785714285714288,0.0,12.030357142857143,0.0,0.35640308404237175,0.4771667525037953,0.65595238095238,-0.360714285714284,-0.18005952380952372,0.0,0.0,0.0
진안군,2026-04-13,1.2730627954083322,3,16.17142857142857,0.0,7,16,14.746428571428574,0.0,12.792857142857143,0.0,0.24142564703762287,0.34331683328536483,0.23888888888888893,-0.636904761904761,-2.619246031746032,0.0,0.0,0.0
진안군,2026-04-20,0.9083241347508849,4,19.74285714285714,0.0,7,17,17.95714285714286,0.0,14.871428571428572,0.0,-0.09615398748393922,-0.03774174906497639,5.984920634920632,3.111904761904764,-0.01170634920634761,0.0,0.0,0.0
진안군,2026-04-27,1.017294953375273,2,13.6,0.0,7,18,16.671428571428574,0.0,15.70892857142857,0.0,0.017147098002422933,0.06554002516998617,-1.3253968253968242,2.329761904761906,0.8464285714285715,0.0,0.0,0.0
진안군,2026-05-04,0.9718484302636038,2,18.82857142857143,0.0,7,19,16.21428571428572,0.0,17.085714285714285,0.0,-0.02855542262376562,-0.022488270305151527,4.3468253968253965,1.5107142857142897,2.311309523809525,0.0,0.0,0.0
진안군,2026-05-11,0.8986811012826516,3,17.428571428571427,0.0,7,20,18.128571428571433,0.0,17.4,0.0,-0.10682703348890236,-0.1248337308508159,2.8841269841269828,3.615476190476194,2.972619047619048,0.0,0.0,0.0
진안군,2026-05-18,0.7184795753026331,4,12.964285714285714,0.0,7,21,15.196428571428573,0.0,15.705357142857142,0.0,-0.3306180007249606,-0.21786131402614883,-1.8408163265306126,0.17857142857142883,0.7193877551020407,0.0,0.0,0.0
진안군,2026-05-25,1.0003402063209141,8,13.37857142857143,0.0,7,22,13.171428571428574,0.0,15.65,0.0,0.00034014846386559364,-0.0735838103811136,-0.7436507936507919,-0.9964285714285701,1.1621031746031765,0.0,0.0,0.0
진안군,2026-06-01,1.022637587008929,9,14.442857142857145,0.0,7,23,13.910714285714292,0.0,14.553571428571429,0.0,0.022385159304448274,-0.0320372753086504,1.059523809523812,0.1579365079365136,0.44801587301587276,0.0,0.0,0.0
진안군,2026-06-08,1.0180767998929463,11,14.907142857142857,0.0,7,24,14.675000000000004,0.0,13.923214285714288,0.0,0.01791535722079231,0.06737965211531874,2.4761904761904745,1.767857142857146,0.3857142857142861,0.0,0.0,0.0
진안군,2026-06-15,1.1026469907335472,10,11.742857142857142,0.0,7,25,13.325000000000003,0.0,13.617857142857144,0.0,0.09771364438027313,0.09003464816337195,0.07539682539682424,1.275793650793652,0.7168650793650801,0.0,0.0,0.0
진안군,2026-06-22,1.0018648343912233,11,10.707142857142857,0.0,7,26,11.225000000000003,0.0,12.95,0.0,0.0018630977462716024,-0.10395456771105395,1.049206349206349,0.5623015873015902,1.1650793650793645,-0.1111111111111111,-0.1111111111111111,-0.1111111111111111
진안군,2026-06-29,0.9584838352131217,13,9.814285714285715,0.0,7,27,10.26071428571429,0.0,11.792857142857143,0.0,-0.04240258130936086,-0.056070589243200866,0.7412698412698422,0.8952380952380974,1.085515873015872,0.0,-0.1111111111111111,-0.1111111111111111
진안군,2026-07-06,0.9500519102251419,16,9.349999999999998,0.0,7,28,9.582142857142859,0.0,10.403571428571428,0.0,-0.051238653538134296,-0.1221437386971177,0.3658730158730137,0.5535714285714288,0.5579365079365086,0.0,0.0,-0.1111111111111111
진안군,2026-07-13,1.1181033324516672,17,8.142857142857142,0.0,7,29,8.746428571428574,0.0,9.503571428571428,0.0,0.11163379662615455,0.10427418649253667,-0.6206349206349202,-0.12738095238095148,0.3839285714285712,0.0,0.0,-0.1111111111111111
진안군,2026-07-20,1.1347549603865312,18,9.664285714285715,0.0,7,30,8.903571428571432,0.0,9.242857142857144,0.0,0.12641673369234452,0.11455380759236625,-0.15000000000000036,-0.3853174603174576,0.0841269841269856,0.0,0.0,0.0
진안군,2026-07-27,1.016394030365008,18,11.464285714285714,0.0,7,31,10.564285714285717,0.0,9.655357142857142,0.0,0.016261099133959775,-0.048373914109194505,0.7936507936507944,0.3218253968253979,0.09722222222222143,-0.1111111111111111,-0.1111111111111111,-0.1111111111111111
진안군,2026-08-03,0.9949389015010458,16,13.25,0.0,7,32,12.357142857142861,0.0,10.630357142857143,0.0,-0.005073949235527946,-0.028132843787581654,3.7944444444444443,2.294047619047623,0.9543650793650791,-0.2222222222222222,-0.3333333333333333,-0.3333333333333333
