crop_id,county_id,target_source,ym,forecast_price,pred_lower_90,pred_upper_90,reference_mape_pct,spike_prob,spike_threshold,lag1_actual,lag12_actual,months_beyond_actual
cherrytomato,gimje,origin,2026-09,21548.844161662964,14148.320513275205,32820.3396486487,21.672935043038745,0.4239460008526408,22632.327706556454,True,True,1
cherrytomato,gimje,origin,2026-10,20125.976695077512,11100.771144397124,36488.90087561583,21.672935043038745,0.3231538290151741,22632.327706556454,False,True,2
cherrytomato,gimje,origin,2026-11,19440.85226017014,9380.728166645236,40289.701384335596,21.672935043038745,0.27615034522524984,22632.327706556454,False,True,3
cherrytomato,gimje,origin,2026-12,18989.973596757787,8186.272167254209,44051.686755305454,21.672935043038745,0.2463363622521837,22632.327706556454,False,True,4
cherrytomato,gimje,origin,2027-01,17857.111790963238,6970.098408350568,45749.20221110888,21.672935043038745,0.17707763179769298,22632.327706556454,False,True,5
cherrytomato,gimje,origin,2027-02,16955.82211318052,6049.929489759016,47521.19905206917,21.672935043038745,0.1294371343534404,22632.327706556454,False,True,6
cherrytomato,gimje,origin,2027-03,20049.031533103534,6586.6429998624,61027.091558442924,21.672935043038745,0.31779467735707656,22632.327706556454,False,True,7
cherrytomato,gimje,origin,2027-04,18605.531531193956,5660.23482734359,61157.49860517923,21.672935043038745,0.2218291571539548,22632.327706556454,False,True,8
cherrytomato,gimje,origin,2027-05,14611.605513721544,4135.62037559397,51624.42301246147,21.672935043038745,0.0435561686571353,22632.327706556454,False,True,9
cherrytomato,gimje,origin,2027-06,11358.718000986635,3002.7613616386807,42967.27547990299,21.672935043038745,0.0035145271172625225,22632.327706556454,False,True,10
cherrytomato,gimje,origin,2027-07,12115.604540773493,3001.4728780074206,48905.28062537715,21.672935043038745,0.0072779928059212295,22632.327706556454,False,True,11
cherrytomato,gimje,origin,2027-08,12698.989487824616,2956.7299901280367,54541.44766357133,21.672935043038745,0.011930314401058184,22632.327706556454,False,True,12
cherrytomato,gimje,origin,2027-09,20791.707018434634,4561.283816322269,94774.87000337124,21.672935043038745,0.3700736929758224,22632.327706556454,False,False,13
cherrytomato,gimje,origin,2027-10,19942.04015471691,4131.401005459364,96259.10556898935,21.672935043038745,0.3103722054777842,22632.327706556454,False,False,14
cherrytomato,gimje,origin,2027-11,18557.898577750573,3637.984140570952,94666.60279833617,21.672935043038745,0.21885884283366908,22632.327706556454,False,False,15
cherrytomato,gimje,origin,2027-12,18617.528292387255,3459.7575009924453,100184.00411543663,21.672935043038745,0.22257966396563167,22632.327706556454,False,False,16
cherrytomato,gochang,origin,2026-08,12988.0859844486,8691.590300527674,19408.459408077346,24.016264567827708,0.0012205335177557508,27222.221933333334,True,True,1
cherrytomato,gochang,origin,2026-09,21014.219521301056,11907.195796021704,37086.601216129486,24.016264567827708,0.14456931404992845,27222.221933333334,False,True,2
cherrytomato,gochang,origin,2026-10,23264.919801642907,11602.521532278497,46649.9020812922,24.016264567827708,0.2600070033016384,27222.221933333334,False,True,3
cherrytomato,gochang,origin,2026-11,23573.184516241006,10556.65767106892,52639.29603018732,24.016264567827708,0.2777910593614289,27222.221933333334,False,True,4
cherrytomato,gochang,origin,2026-12,21677.771551522354,8829.614147233176,53221.55324162682,24.016264567827708,0.17548818352848206,27222.221933333334,False,True,5
cherrytomato,gochang,origin,2027-01,21701.025617600633,8112.912575630344,58047.527132285046,24.016264567827708,0.17662433837110292,27222.221933333334,False,True,6
cherrytomato,gochang,origin,2027-02,22565.868072100544,7796.713101547814,65311.93276130117,24.016264567827708,0.22116492680036404,27222.221933333334,False,True,7
cherrytomato,gochang,origin,2027-03,25651.645542053346,8235.836014720506,79895.58289395782,24.016264567827708,0.40385979313177434,27222.221933333334,False,True,8
cherrytomato,gochang,origin,2027-04,21387.895512273062,6409.591153661594,71368.37022476671,24.016264567827708,0.16161806438267035,27222.221933333334,False,True,9
cherrytomato,gochang,origin,2027-05,16968.281529782253,4764.21620282732,60434.40637792259,24.016264567827708,0.026445186768236928,27222.221933333334,False,True,10
cherrytomato,gochang,origin,2027-06,12498.494330982674,3298.2689992510514,47361.922443887284,24.016264567827708,0.0007165185000205243,27222.221933333334,False,True,11
cherrytomato,gochang,origin,2027-07,11329.229665102674,2817.747203507977,45551.08586208524,24.016264567827708,0.00016523416498848142,27222.221933333334,False,True,12
cherrytomato,gochang,origin,2027-08,12443.064334079118,2923.8405075541878,52954.273539204776,24.016264567827708,0.0006726991087300238,27222.221933333334,False,False,13
cherrytomato,gochang,origin,2027-09,21217.69859546194,4720.428824514007,95370.72804698358,24.016264567827708,0.15373406512849708,27222.221933333334,False,False,14
cherrytomato,gochang,origin,2027-10,23515.212002239427,4962.754593550955,111423.0383724469,24.016264567827708,0.2744197302178255,27222.221933333334,False,False,15
cherrytomato,gochang,origin,2027-11,22926.461119968277,4597.83507579167,114319.58972449957,24.016264567827708,0.2409217927552122,27222.221933333334,False,False,16
cherrytomato,gochang,origin,2027-12,21820.554659989037,4164.922063507223,114320.65196164108,24.016264567827708,0.18251789924492445,27222.221933333334,False,False,17
cherrytomato,gunsan,origin,2026-09,17196.64305452531,9869.478908744972,29963.540636651367,40.45511190130107,0.146207407053924,24534.942004971006,True,True,1
cherrytomato,gunsan,origin,2026-10,18289.399963345706,8339.934305091117,40108.487523101096,40.45511190130107,0.1920615482205481,24534.942004971006,False,True,2
cherrytomato,gunsan,origin,2026-11,18883.814242795852,7217.829416966563,49405.218626832975,40.45511190130107,0.2190008312132039,24534.942004971006,False,True,3
cherrytomato,gunsan,origin,2026-12,17377.772382346047,5723.941642555582,52758.5695017324,40.45511190130107,0.1534382064072648,24534.942004971006,False,True,4
cherrytomato,gunsan,origin,2027-01,20744.163701476762,5993.346131965464,71799.6788769726,40.45511190130107,0.3095195238717007,24534.942004971006,False,True,5
cherrytomato,gunsan,origin,2027-02,20126.6948533405,5165.107314677995,78426.99503422358,40.45511190130107,0.2786910452879352,24534.942004971006,False,True,6
cherrytomato,gunsan,origin,2027-03,22734.108458175207,5231.8639818153,98786.91211860323,40.45511190130107,0.4106629319886711,24534.942004971006,False,True,7
cherrytomato,gunsan,origin,2027-04,21339.691250731652,4437.255905486943,102627.03625306899,40.45511190130107,0.33967087748601354,24534.942004971006,False,True,8
cherrytomato,gunsan,origin,2027-05,16158.670373587523,3054.620493011428,85477.92723830139,40.45511190130107,0.10799177504146429,24534.942004971006,False,True,9
cherrytomato,gunsan,origin,2027-06,13552.993540554626,2341.2818671778095,78454.30167352229,40.45511190130107,0.03935340686966393,24534.942004971006,False,True,10
cherrytomato,gunsan,origin,2027-07,11593.895612788536,1838.345473081228,73119.23544758986,40.45511190130107,0.013183050852442646,24534.942004971006,False,True,11
cherrytomato,gunsan,origin,2027-08,12404.459994584982,1812.2230553570112,84907.11300819782,40.45511190130107,0.021661837459581168,24534.942004971006,False,True,12
cherrytomato,gunsan,origin,2027-09,18697.80502473387,2525.305397218008,138441.8348482157,40.45511190130107,0.2104391637495484,24534.942004971006,False,False,13
cherrytomato,gunsan,origin,2027-10,18967.690976542566,2375.2855747173776,151465.28266371583,40.45511190130107,0.22289797953862456,24534.942004971006,False,False,14
cherrytomato,gunsan,origin,2027-11,19602.313709767084,2282.125468246157,168374.04784383927,40.45511190130107,0.25304324190768157,24534.942004971006,False,False,15
cherrytomato,gunsan,origin,2027-12,18220.828843553274,1976.8345117103256,167944.56075072417,40.45511190130107,0.18903644995376745,24534.942004971006,False,False,16
cherrytomato,iksan,origin,2026-09,15529.70144474848,10303.243512877072,23407.34999241791,23.43342261604596,0.1834925514104877,19448.40030681308,True,True,1
cherrytomato,iksan,origin,2026-10,16781.134533814766,9393.421653651127,29979.115877602806,23.43342261604596,0.2771227199999772,19448.40030681308,False,True,2
cherrytomato,iksan,origin,2026-11,17138.273869561097,8420.433120327381,34881.86736131467,23.43342261604596,0.30608478959683216,19448.40030681308,False,True,3
cherrytomato,iksan,origin,2026-12,16078.736492691383,7077.3982324886765,36528.36235986376,23.43342261604596,0.2227797782179285,19448.40030681308,False,True,4
cherrytomato,iksan,origin,2027-01,16825.009507109673,6722.213215484495,42111.27136852177,23.43342261604596,0.2806398940478749,19448.40030681308,False,True,5
cherrytomato,iksan,origin,2027-02,16126.8316523399,5903.051553796265,44057.67030370207,23.43342261604596,0.22636727494913944,19448.40030681308,False,True,6
cherrytomato,iksan,origin,2027-03,17182.359300601016,5802.8138581467365,50877.639426683236,23.43342261604596,0.3097077447152521,19448.40030681308,False,True,7
cherrytomato,iksan,origin,2027-04,14758.43640003206,4624.293011845134,47101.566534790705,23.43342261604596,0.13428381319743532,19448.40030681308,False,True,8
cherrytomato,iksan,origin,2027-05,11542.597482016165,3370.8243633762336,39524.9180228425,23.43342261604596,0.01823106769308569,19448.40030681308,False,True,9
cherrytomato,iksan,origin,2027-06,9146.54885387222,2499.0429170330294,33476.55831200978,23.43342261604596,0.0012449280685926656,19448.40030681308,False,True,10
cherrytomato,iksan,origin,2027-07,9173.943161907891,2352.716067601822,35771.94643113227,23.43342261604596,0.0012951797516477237,19448.40030681308,False,True,11
cherrytomato,iksan,origin,2027-08,10688.755070033145,2580.250256515572,44278.45115358862,23.43342261604596,0.008200687459681943,19448.40030681308,False,True,12
cherrytomato,iksan,origin,2027-09,16967.0670829014,3864.8859945110603,74486.37962530524,23.43342261604596,0.29210959592935426,19448.40030681308,False,False,13
cherrytomato,iksan,origin,2027-10,16922.200829510177,3645.307125017972,78556.03686969534,23.43342261604596,0.2884740444647871,19448.40030681308,False,False,14
cherrytomato,iksan,origin,2027-11,16646.939734166004,3397.9018256009517,81556.38883532,23.43342261604596,0.26644489403740046,19448.40030681308,False,False,15
cherrytomato,iksan,origin,2027-12,16122.558482778815,3123.758075576638,83212.87556259919,23.43342261604596,0.226047652358777,19448.40030681308,False,False,16
cherrytomato,imsil,origin,2026-09,18635.883063750378,11229.900427100241,30926.02110056787,32.672619137857104,0.3259967789600863,21412.04924525313,True,True,1
cherrytomato,imsil,origin,2026-10,21606.512968602943,10555.87813580325,44225.728703610395,32.672619137857104,0.5117122961360187,21412.04924525313,False,True,2
cherrytomato,imsil,origin,2026-11,18692.53113863295,7774.309839581128,44944.275129068985,32.672619137857104,0.329556832347942,21412.04924525313,False,True,3
cherrytomato,imsil,origin,2026-12,19216.358100804435,6977.871073093604,52919.92568940357,32.672619137857104,0.36265271137619004,21412.04924525313,False,True,4
cherrytomato,imsil,origin,2027-01,17082.091914232988,5503.818173165609,53017.351770266025,32.672619137857104,0.23155501410531487,21412.04924525313,False,True,5
cherrytomato,imsil,origin,2027-02,15117.21374305964,4371.671522299255,52275.23389798443,32.672619137857104,0.1291126295182108,21412.04924525313,False,True,6
cherrytomato,imsil,origin,2027-03,17762.315607002576,4650.534764582162,67841.62933810777,32.672619137857104,0.27195303158004824,21412.04924525313,False,True,7
cherrytomato,imsil,origin,2027-04,16543.012800995566,3948.516672198704,69309.89413336103,32.672619137857104,0.20104918798290417,21412.04924525313,False,True,8
cherrytomato,imsil,origin,2027-05,14102.069208100133,3085.7492218984003,64447.34864996548,32.672619137857104,0.08749341952524259,21412.04924525313,False,True,9
cherrytomato,imsil,origin,2027-06,11024.345244402117,2221.947095804582,54698.05662666441,32.672619137857104,0.015542128655249732,21412.04924525313,False,True,10
cherrytomato,imsil,origin,2027-07,10221.136032581406,1905.1435756440792,54836.613435402025,32.672619137857104,0.00816005630710559,21412.04924525313,False,True,11
cherrytomato,imsil,origin,2027-08,13605.432322694685,2353.4220114647887,78654.73671346037,32.672619137857104,0.0704036066697884,21412.04924525313,False,True,12
cherrytomato,imsil,origin,2027-09,18724.830300395213,3015.0193069030697,116290.88708514556,32.672619137857104,0.3315887898477752,21412.04924525313,False,False,13
cherrytomato,imsil,origin,2027-10,21649.478574120727,3253.717420261398,144050.59259683895,32.672619137857104,0.5142848366623918,21412.04924525313,False,False,14
cherrytomato,imsil,origin,2027-11,18641.81108036942,2621.393318402654,132569.62162699935,32.672619137857104,0.32636909638721157,21412.04924525313,False,False,15
cherrytomato,imsil,origin,2027-12,19461.620291848867,2566.1539675445115,147596.23513413907,32.672619137857104,0.3782089453629758,21412.04924525313,False,False,16
cherrytomato,jeongeup,origin,2026-09,17998.86918998661,9614.909290238402,33693.43197518784,35.4981067898593,0.39287397766191534,19963.780916428015,True,True,1
cherrytomato,jeongeup,origin,2026-10,14175.445368159015,5840.450104468341,34405.43927118316,35.4981067898593,0.1844987338440217,19963.780916428015,False,True,2
cherrytomato,jeongeup,origin,2026-11,14513.030401363003,4899.148675889021,42992.78616864291,35.4981067898593,0.2014075758011109,19963.780916428015,False,True,3
cherrytomato,jeongeup,origin,2026-12,14711.000239849072,4197.99719360692,51551.61332323258,35.4981067898593,0.21154918550478952,19963.780916428015,False,True,4
cherrytomato,jeongeup,origin,2027-01,14425.28181141243,3550.119159960044,58614.58333162212,35.4981067898593,0.1969641027072102,19963.780916428015,False,True,5
cherrytomato,jeongeup,origin,2027-02,15496.130007967264,3336.0083003853865,71981.2493260532,35.4981067898593,0.2531396160109284,19963.780916428015,False,True,6
cherrytomato,jeongeup,origin,2027-03,18160.36577968071,3456.8969393853426,95403.1581023756,35.4981067898593,0.4019122997452337,19963.780916428015,False,True,7
cherrytomato,jeongeup,origin,2027-04,16862.840612995926,2862.5293356534503,99337.11071449787,35.4981067898593,0.32892347529795274,19963.780916428015,False,True,8
cherrytomato,jeongeup,origin,2027-05,12433.646074960569,1895.3892494578056,81564.0137041011,35.4981067898593,0.10705852023991103,19963.780916428015,False,True,9
cherrytomato,jeongeup,origin,2027-06,9529.75560964564,1312.1801501084913,69210.19341137253,35.4981067898593,0.026179170868335877,19963.780916428015,False,True,10
cherrytomato,jeongeup,origin,2027-07,9961.455415457332,1245.104400017845,79696.60535511885,35.4981067898593,0.034080715028408926,19963.780916428015,False,True,11
cherrytomato,jeongeup,origin,2027-08,13816.325746543513,1574.4091048511518,121246.0322710395,35.4981067898593,0.16710314116563896,19963.780916428015,False,True,12
cherrytomato,jeongeup,origin,2027-09,16631.45422010995,1734.3570365579164,159485.77117925868,35.4981067898593,0.3159203763821038,19963.780916428015,False,False,13
cherrytomato,jeongeup,origin,2027-10,13979.592743918423,1338.570049726801,145998.3460153641,35.4981067898593,0.17493163886442764,19963.780916428015,False,False,14
cherrytomato,jeongeup,origin,2027-11,14229.003137401312,1254.7609558836352,161357.05317798612,35.4981067898593,0.18714697522476786,19963.780916428015,False,False,15
cherrytomato,jeongeup,origin,2027-12,14704.692626004915,1197.4457130908306,180574.35327665802,35.4981067898593,0.2112236555719047,19963.780916428015,False,False,16
cherrytomato,jeonju,origin,2026-09,18307.27069612919,12272.130812007228,27310.347768900006,21.823771045499655,0.4555441747798413,18811.13281130715,True,True,1
cherrytomato,jeonju,origin,2026-10,17245.066665173745,9795.144609652796,30361.197934047475,21.823771045499655,0.36035914698463256,18811.13281130715,False,True,2
cherrytomato,jeonju,origin,2026-11,16350.349702119547,8178.309423145543,32688.165921555305,21.823771045499655,0.28209883907738664,18811.13281130715,False,True,3
cherrytomato,jeonju,origin,2026-12,15432.592022895966,6934.7629578335,34343.62471987905,21.823771045499655,0.2077632983581965,18811.13281130715,False,True,4
cherrytomato,jeonju,origin,2027-01,15170.045245338162,6202.59975333938,37102.228403776746,21.823771045499655,0.18813813724142592,18811.13281130715,False,True,5
cherrytomato,jeonju,origin,2027-02,13476.369010419898,5059.267481781512,35896.99938953511,21.823771045499655,0.08508208584699117,18811.13281130715,False,True,6
cherrytomato,jeonju,origin,2027-03,17424.754888533917,6047.697750446246,50204.57295556529,21.823771045499655,0.3764316088638142,18811.13281130715,False,True,7
cherrytomato,jeonju,origin,2027-04,15621.273077190226,5039.742802979578,48419.96548075373,21.823771045499655,0.22236586599464214,18811.13281130715,False,True,8
cherrytomato,jeonju,origin,2027-05,11753.69220026419,3540.4904851769566,39019.81403902754,21.823771045499655,0.026544875916269084,18811.13281130715,False,True,9
cherrytomato,jeonju,origin,2027-06,9274.256823563686,2618.0625488939845,32853.24090738542,21.823771045499655,0.0018151191226093433,18811.13281130715,False,True,10
cherrytomato,jeonju,origin,2027-07,10077.809161058121,2674.584809250187,37973.085443186865,21.823771045499655,0.005130996079020456,18811.13281130715,False,True,11
cherrytomato,jeonju,origin,2027-08,12772.793570365488,3195.6475706558294,51052.01746564579,21.823771045499655,0.05566899285777305,18811.13281130715,False,True,12
cherrytomato,jeonju,origin,2027-09,19121.512575522083,4520.900080822931,80875.98412688074,21.823771045499655,0.5268314125088178,18811.13281130715,False,False,13
cherrytomato,jeonju,origin,2027-10,17309.84342392856,3875.7314700921293,77309.45285376036,21.823771045499655,0.3661456886918475,18811.13281130715,False,False,14
cherrytomato,jeonju,origin,2027-11,15836.802641870996,3364.4668140544427,74545.0413925568,21.823771045499655,0.23951306621219515,18811.13281130715,False,False,15
cherrytomato,jeonju,origin,2027-12,15630.092401370259,3156.072974143512,77406.25469589143,21.823771045499655,0.22305803023128035,18811.13281130715,False,False,16
cherrytomato,jinan,origin,2026-09,29355.80817980782,14812.33773835959,58178.76213137905,60.56221806684571,0.644638716178958,25160.298806976745,True,True,1
cherrytomato,jinan,origin,2026-10,23775.22127350125,9036.568165658631,62552.634611011905,60.56221806684571,0.4458427971411605,25160.298806976745,False,True,2
cherrytomato,jinan,origin,2026-11,21296.984653281528,6512.939299112999,69640.07101737916,60.56221806684571,0.3442485596979229,25160.298806976745,False,True,3
cherrytomato,jinan,origin,2026-12,18490.90888393367,4707.793315704344,72627.17125099248,60.56221806684571,0.22944678965124699,25160.298806976745,False,True,4
cherrytomato,jinan,origin,2027-01,22220.22329844236,4813.696795643247,102569.46882892802,60.56221806684571,0.38253131643616345,25160.298806976745,False,True,5
cherrytomato,jinan,origin,2027-02,19344.21744919862,3621.430719689645,103328.98174397465,60.56221806684571,0.26363592218233567,25160.298806976745,False,True,6
cherrytomato,jinan,origin,2027-03,22380.216444411224,3663.445952272465,136722.11754291021,60.56221806684571,0.3891306664241537,25160.298806976745,False,True,7
cherrytomato,jinan,origin,2027-04,21184.407074810904,3060.372113357623,146642.00511843304,60.56221806684571,0.33956835459428203,25160.298806976745,False,True,8
cherrytomato,jinan,origin,2027-05,15549.287103292163,1997.556980897918,121038.01380019997,60.56221806684571,0.12356519836591928,25160.298806976745,False,True,9
cherrytomato,jinan,origin,2027-06,9358.757065261789,1075.9670525863376,81402.43104661365,60.56221806684571,0.008696257605548596,25160.298806976745,False,True,10
cherrytomato,jinan,origin,2027-07,11550.734237853054,1194.9188751370225,111655.66484018543,60.56221806684571,0.030587273503998036,25160.298806976745,False,True,11
cherrytomato,jinan,origin,2027-08,14187.4932427643,1326.8550842465413,151700.7900133894,60.56221806684571,0.08413823421733735,25160.298806976745,False,True,12
cherrytomato,jinan,origin,2027-09,30954.987771407294,2628.0156662669297,364613.98622067756,60.56221806684571,0.6909161419166319,25160.298806976745,False,False,13
cherrytomato,jinan,origin,2027-10,24383.181686212014,1886.056011108009,315228.9993729022,60.56221806684571,0.46992853834355097,25160.298806976745,False,False,14
cherrytomato,jinan,origin,2027-11,21037.61537973107,1487.468105287916,297540.0005500156,60.56221806684571,0.33346568301027735,25160.298806976745,False,False,15
cherrytomato,jinan,origin,2027-12,18691.19271704749,1211.5888670888503,288349.20382294105,60.56221806684571,0.23737812919648182,25160.298806976745,False,False,16
cherrytomato,namwon,origin,2026-09,15322.03254827489,10251.271388588411,22901.03076109489,22.08498859175015,0.2828287438621311,17630.63239418863,True,True,1
cherrytomato,namwon,origin,2026-10,14917.543258453468,8450.110352542662,26334.933815493863,22.08498859175015,0.2469981199747655,17630.63239418863,False,True,2
cherrytomato,namwon,origin,2026-11,14204.68074527687,7081.44144454762,28493.20391268577,22.08498859175015,0.18824183440597042,17630.63239418863,False,True,3
cherrytomato,namwon,origin,2026-12,12508.585051505306,5599.263255349229,27943.80132801654,22.08498859175015,0.08003073520630233,17630.63239418863,False,True,4
cherrytomato,namwon,origin,2027-01,12793.545580869522,5208.475620813126,31424.704740047117,22.08498859175015,0.09464808412426928,17630.63239418863,False,True,5
cherrytomato,namwon,origin,2027-02,12442.86252024844,4649.3224880403095,33300.5138051979,22.08498859175015,0.07687244712246444,17630.63239418863,False,True,6
cherrytomato,namwon,origin,2027-03,14323.709319017218,4946.17682375018,41480.24948694461,22.08498859175015,0.1975964030702596,17630.63239418863,False,True,7
cherrytomato,namwon,origin,2027-04,12489.709754594365,4007.5827202367213,38924.424183762174,22.08498859175015,0.07911551945072104,17630.63239418863,False,True,8
cherrytomato,namwon,origin,2027-05,9528.378385745405,2853.6653810438206,31815.220966352696,22.08498859175015,0.005888113148600271,17630.63239418863,False,True,9
cherrytomato,namwon,origin,2027-06,7636.240407263502,2142.594177147087,27215.684696374858,22.08498859175015,0.00030753668170080406,17630.63239418863,False,True,10
cherrytomato,namwon,origin,2027-07,10663.317704650284,2811.9858884972546,40436.31404248394,22.08498859175015,0.01978758123767077,17630.63239418863,False,True,11
cherrytomato,namwon,origin,2027-08,12028.86604007128,2989.544832097576,48399.88236886807,22.08498859175015,0.058799461312360135,17630.63239418863,False,True,12
cherrytomato,namwon,origin,2027-09,15931.90267026014,3740.7578341687336,67854.03758996523,22.08498859175015,0.33918238902719866,17630.63239418863,False,False,13
cherrytomato,namwon,origin,2027-10,15254.104643985691,3390.961773915292,68619.97391996506,22.08498859175015,0.27670925370285115,17630.63239418863,False,False,14
cherrytomato,namwon,origin,2027-11,13300.175005598692,2804.607380613998,63072.87658239905,22.08498859175015,0.12431148648296919,17630.63239418863,False,False,15
cherrytomato,namwon,origin,2027-12,12048.915743656511,2414.3118682501536,60131.57310242391,22.08498859175015,0.05960300479529479,17630.63239418863,False,False,16
cherrytomato,sunchang,origin,2026-08,16328.457141605671,10156.86466172601,26250.080266398407,26.20184218546689,0.07355003184482678,24812.5,True,True,1
cherrytomato,sunchang,origin,2026-09,19070.520483488075,9744.784443647131,37320.96421570755,26.20184218546689,0.18089015281735854,24812.5,False,True,2
cherrytomato,sunchang,origin,2026-10,19464.49825729984,8553.019798792364,44296.24873099467,26.20184218546689,0.20013873783890768,24812.5,False,True,3
cherrytomato,sunchang,origin,2026-11,23512.22350637331,9097.5139743164,60766.56279664507,26.20184218546689,0.42602390497812404,24812.5,False,True,4
cherrytomato,sunchang,origin,2026-12,19590.021691541617,6776.261484224741,56634.31831379177,26.20184218546689,0.2064351842847696,24812.5,False,True,5
cherrytomato,sunchang,origin,2027-01,18431.417449125096,5761.154269497828,58966.85512875956,26.20184218546689,0.15148469224125272,24812.5,False,True,6
cherrytomato,sunchang,origin,2027-02,22332.010216779083,6359.343740424704,78422.97895490374,26.20184218546689,0.3575755253255559,24812.5,False,True,7
cherrytomato,sunchang,origin,2027-03,23536.045181908525,6145.43840904058,90139.28477257669,26.20184218546689,0.42740000096131914,24812.5,False,True,8
cherrytomato,sunchang,origin,2027-04,19291.98493243011,4643.23280259618,80155.50769390936,26.20184218546689,0.19161180157482072,24812.5,False,True,9
cherrytomato,sunchang,origin,2027-05,15150.913257267015,3376.1602983038065,67991.490997793,26.20184218546689,0.0437074323303277,24812.5,False,True,10
cherrytomato,sunchang,origin,2027-06,12099.84669865039,2505.7629114497754,58427.8302874766,26.20184218546689,0.006417001357332253,24812.5,False,True,11
cherrytomato,sunchang,origin,2027-07,10020.267909117301,1934.7812122049093,51895.154003517484,26.20184218546689,0.0008396614726009499,24812.5,False,True,12
cherrytomato,sunchang,origin,2027-08,16292.924869838167,2941.62099323374,90242.55722433164,26.20184218546689,0.07250310495910728,24812.5,False,False,13
cherrytomato,sunchang,origin,2027-09,18996.97588459145,3215.2076626107273,112243.16766734526,26.20184218546689,0.17738775503484283,24812.5,False,False,14
cherrytomato,sunchang,origin,2027-10,20213.974892529142,3214.391508198705,127117.30351253146,26.20184218546689,0.23878555259685885,24812.5,False,False,15
cherrytomato,sunchang,origin,2027-11,22945.475164183357,3435.2244284748804,153263.59062481998,26.20184218546689,0.3931766989170653,24812.5,False,False,16
cherrytomato,sunchang,origin,2027-12,19553.4401396646,2761.204947071971,138467.4548337614,26.20184218546689,0.20459237853924117,24812.5,False,False,17
cherrytomato,wanju,origin,2026-08,14790.166751706442,8968.714001583889,24390.23392926246,26.729959356359476,0.1605048190157985,20000.0,True,True,1
cherrytomato,wanju,origin,2026-09,18011.862813410597,8878.319746173434,36541.50912383528,26.729959356359476,0.36530399593975216,20000.0,False,True,2
cherrytomato,wanju,origin,2026-10,20217.25611909682,8500.5393247437,48083.70732376814,26.729959356359476,0.5141715427185727,20000.0,False,True,3
cherrytomato,wanju,origin,2026-11,21810.54853900333,8020.11873405182,59313.339782925286,26.729959356359476,0.6121743490748287,20000.0,False,True,4
cherrytomato,wanju,origin,2026-12,17308.377901372834,5655.701597543672,52969.54593694301,26.729959356359476,0.3172749861548647,20000.0,False,True,5
cherrytomato,wanju,origin,2027-01,15954.944410006774,4685.555126796443,54328.72823768304,26.729959356359476,0.22871281791736364,20000.0,False,True,6
cherrytomato,wanju,origin,2027-02,14762.944156943038,3930.088246118325,55455.37568940807,26.729959356359476,0.1590321308634146,20000.0,False,True,7
cherrytomato,wanju,origin,2027-03,17885.627300796372,4345.587301805792,73613.90802344741,26.729959356359476,0.35664328649474697,20000.0,False,True,8
cherrytomato,wanju,origin,2027-04,16457.565515661998,3669.753615135838,73806.44345854298,26.729959356359476,0.2607310658390114,20000.0,False,True,9
cherrytomato,wanju,origin,2027-05,13057.591973248944,2684.607129191619,63510.48773054399,26.729959356359476,0.08044043229192688,20000.0,False,True,10
cherrytomato,wanju,origin,2027-06,9575.638799321967,1822.4456439179569,50313.082708988644,26.729959356359476,0.007716590948112501,20000.0,False,True,11
cherrytomato,wanju,origin,2027-07,12218.753754517329,2160.107915353951,69115.96511096884,26.729959356359476,0.0525659350198443,20000.0,False,True,12
cherrytomato,wanju,origin,2027-08,14724.048474065616,2425.195985154933,89393.84890693027,26.729959356359476,0.15693869845961494,20000.0,False,False,13
cherrytomato,wanju,origin,2027-09,17991.801398185424,2768.3829439736387,116929.2414029659,26.729959356359476,0.3639269737034193,20000.0,False,False,14
cherrytomato,wanju,origin,2027-10,20294.895028131847,2924.2109165905695,140852.61834776198,26.729959356359476,0.519195621893086,20000.0,False,False,15
cherrytomato,wanju,origin,2027-11,19020.83742548264,2571.9235357807684,140669.91157915996,26.729959356359476,0.4344420680621316,20000.0,False,False,16
cherrytomato,wanju,origin,2027-12,16912.416831452556,2150.2565066739767,133021.26615732536,26.729959356359476,0.2906666945752163,20000.0,False,False,17
cucumber,gimje,origin,2026-09,24310.088321566094,14133.474462232072,41814.232995685605,28.319297186110862,0.1987177303934713,32132.925275612582,True,True,1
cucumber,gimje,origin,2026-10,22519.204900497956,10458.095100349334,48490.14896925846,28.319297186110862,0.14044689828183943,32132.925275612582,False,True,2
cucumber,gimje,origin,2026-11,21973.806823555315,8588.992333349119,56217.0936448663,28.319297186110862,0.1245213268198293,32132.925275612582,False,True,3
cucumber,gimje,origin,2026-12,30574.64730177809,10334.423613031959,90455.84859220494,28.319297186110862,0.44007592044968,32132.925275612582,False,True,4
cucumber,gimje,origin,2027-01,35702.18679641061,10617.364743360033,120052.96727165226,28.319297186110862,0.6253191074229385,32132.925275612582,False,True,5
cucumber,gimje,origin,2027-02,33307.91229481883,8822.679066744102,125746.04754933694,28.319297186110862,0.5433713282772129,32132.925275612582,False,True,6
cucumber,gimje,origin,2027-03,28738.956863311752,6843.796563027619,120682.6699164641,28.319297186110862,0.36746296594855465,32132.925275612582,False,True,7
cucumber,gimje,origin,2027-04,19683.77155676733,4245.290213579892,91266.04854000782,28.319297186110862,0.06857437595162075,32132.925275612582,False,True,8
cucumber,gimje,origin,2027-05,15803.461754847613,3105.556502648512,80420.17693896002,28.319297186110862,0.015680486392632087,32132.925275612582,False,True,9
cucumber,gimje,origin,2027-06,14244.969154426693,2563.458129979205,79158.36183843348,28.319297186110862,0.0068053532662996075,32132.925275612582,False,True,10
cucumber,gimje,origin,2027-07,15403.339759060163,2549.3241364162586,93068.93240597432,28.319297186110862,0.012865572620083476,32132.925275612582,False,True,11
cucumber,gimje,origin,2027-08,18060.161660343274,2759.278005719162,118208.2553920558,28.319297186110862,0.0402664403515709,32132.925275612582,False,True,12
cucumber,gimje,origin,2027-09,23751.76153206833,3360.8794619228006,167856.71199093995,28.319297186110862,0.17965411987260138,32132.925275612582,False,False,13
cucumber,gimje,origin,2027-10,22092.55598227067,2903.6547059457857,168091.96659310927,28.319297186110862,0.12790912050324832,32132.925275612582,False,False,14
cucumber,gimje,origin,2027-11,21548.473677913833,2637.4444330679544,176055.5452945088,28.319297186110862,0.11276313771214275,32132.925275612582,False,False,15
cucumber,gimje,origin,2027-12,30547.685989806603,3490.020074210523,267379.87160229066,28.319297186110862,0.43902069200367855,32132.925275612582,False,False,16
cucumber,gochang,origin,2026-09,16516.876135185248,8746.6395757053,31189.943852585668,65.80069604024628,0.12309211400537501,25855.88235294118,True,True,1
cucumber,gochang,origin,2026-10,14064.899479947966,5723.887692264469,34560.670651939196,65.80069604024628,0.05757019445392153,25855.88235294118,False,True,2
cucumber,gochang,origin,2026-11,18047.505686435987,6000.964097028044,54276.68891791023,65.80069604024628,0.176098102807267,25855.88235294118,False,True,3
cucumber,gochang,origin,2026-12,19239.936651576107,5395.482343479356,68608.35395078853,65.80069604024628,0.22220171520569498,25855.88235294118,False,True,4
cucumber,gochang,origin,2027-01,24327.92297687051,5871.599781278172,100798.39539739654,65.80069604024628,0.4373772771147604,25855.88235294118,False,True,5
cucumber,gochang,origin,2027-02,52915.51957064398,11150.942372454921,251104.53609265346,65.80069604024628,0.9680705957220432,25855.88235294118,False,True,6
cucumber,gochang,origin,2027-03,17643.291677351823,3281.8816492783826,94849.77658489218,65.80069604024628,0.16134312570435494,25855.88235294118,False,True,7
cucumber,gochang,origin,2027-04,21457.81675473884,3553.8122064313716,129561.68563062832,65.80069604024628,0.3147380966374016,25855.88235294118,False,True,8
cucumber,gochang,origin,2027-05,29258.544928416974,4345.029016465216,197021.1126517681,65.80069604024628,0.6254854132670387,25855.88235294118,False,True,9
cucumber,gochang,origin,2027-06,32888.80593223325,4405.400151767911,245533.55390747412,65.80069604024628,0.7332172650375595,25855.88235294118,False,True,10
cucumber,gochang,origin,2027-07,59755.66272373684,7256.097950587685,492101.85031526367,65.80069604024628,0.9849106624629245,25855.88235294118,False,True,11
cucumber,gochang,origin,2027-08,103546.74269237358,11448.382310146626,936545.2368495633,65.80069604024628,0.9998348633318715,25855.88235294118,False,True,12
cucumber,gochang,origin,2027-09,107134.72409173992,10826.437434923575,1060168.6081137233,65.80069604024628,0.9998826789337377,25855.88235294118,False,False,13
cucumber,gochang,origin,2027-10,104055.32766521329,9643.674682884466,1122757.8253683215,65.80069604024628,0.9998427157979742,25855.88235294118,False,False,14
cucumber,gochang,origin,2027-11,107570.62227278604,9170.95501371141,1261748.5048017423,65.80069604024628,0.999887418869576,25855.88235294118,False,False,15
cucumber,gochang,origin,2027-12,108108.0,8501.804395529627,1374689.3153817293,65.80069604024628,0.999892990306605,25855.88235294118,False,False,16
cucumber,gunsan,gpj,2026-08,1639.8674721058296,1057.1191813367427,2543.8620105921027,27.412320191797505,0.0013352610953472066,3655.501203659124,True,True,1
cucumber,gunsan,gpj,2026-09,2094.221385812829,1125.520895926827,3896.651966807141,27.412320191797505,0.01844255819854068,3655.501203659124,False,True,2
cucumber,gunsan,gpj,2026-10,2106.5958690350753,984.7034722802251,4506.682753092556,27.412320191797505,0.019463367680398358,3655.501203659124,False,True,3
cucumber,gunsan,gpj,2026-11,2512.5136311175806,1044.0921487743014,6046.137550179255,27.412320191797505,0.08004401766300728,3655.501203659124,False,True,4
cucumber,gunsan,gpj,2026-12,3195.647706715525,1197.2220990417168,8529.882862678729,27.412320191797505,0.30723539443477,3655.501203659124,False,True,5
cucumber,gunsan,gpj,2027-01,3875.2246140851125,1321.9542409567568,11359.974002384814,27.412320191797505,0.5865538363190534,3655.501203659124,False,True,6
cucumber,gunsan,gpj,2027-02,4309.133666653298,1348.6070036996803,13768.750203836198,27.412320191797505,0.7311599505891807,3655.501203659124,False,True,7
cucumber,gunsan,gpj,2027-03,3402.1750101524976,982.6946563729957,11778.628004783584,27.412320191797505,0.39393699276723626,3655.501203659124,False,True,8
cucumber,gunsan,gpj,2027-04,2032.8281985270796,544.5606820686053,7588.484848060039,27.412320191797505,0.013956456081793744,3655.501203659124,False,True,9
cucumber,gunsan,gpj,2027-05,1319.876075228205,329.25689543835256,5290.9229179255935,27.412320191797505,6.764723125562977e-05,3655.501203659124,False,True,10
cucumber,gunsan,gpj,2027-06,1203.0990893501203,280.4603482123197,5160.969912578562,27.412320191797505,1.565743529730046e-05,3655.501203659124,False,True,11
cucumber,gunsan,gpj,2027-07,1365.2053458287833,298.2953356303222,6248.121957191042,27.412320191797505,0.00011208053036593224,3655.501203659124,False,True,12
cucumber,gunsan,gpj,2027-08,1560.4236944481995,320.41933783795156,7599.173391422469,27.412320191797505,0.0007129246148359636,3655.501203659124,False,False,13
cucumber,gunsan,gpj,2027-09,2050.7397906845504,396.67366982190356,10601.998592407435,27.412320191797505,0.015169312088128106,3655.501203659124,False,False,14
cucumber,gunsan,gpj,2027-10,2099.6574863254746,383.3799590024791,11499.196701239416,27.412320191797505,0.01888598123504548,3655.501203659124,False,False,15
cucumber,gunsan,gpj,2027-11,2525.455509241967,436.114502423149,14624.428891319669,27.412320191797505,0.08294575314498065,3655.501203659124,False,False,16
cucumber,gunsan,gpj,2027-12,3204.129266536497,524.1993333149393,19585.00078920861,27.412320191797505,0.31073380815485396,3655.501203659124,False,False,17
cucumber,iksan,origin,2026-09,22508.753556029496,14832.496624341586,34157.70112596,22.475075377289965,0.1936193525054959,28025.91337152371,True,True,1
cucumber,iksan,origin,2026-10,17891.125097831096,9919.070669192179,32270.397897297215,22.475075377289965,0.03834790670132793,28025.91337152371,False,True,2
cucumber,iksan,origin,2026-11,19884.734041578013,9655.637969792057,40950.442543653786,22.475075377289965,0.08794656745443463,28025.91337152371,False,True,3
cucumber,iksan,origin,2026-12,23537.62049907492,10220.877432885205,54204.69841228497,22.475075377289965,0.24561508592519377,28025.91337152371,False,True,4
cucumber,iksan,origin,2027-01,32288.709734975528,12706.198191402646,82051.35483050533,22.475075377289965,0.7117248230607689,28025.91337152371,False,True,5
cucumber,iksan,origin,2027-02,30826.157659894277,11097.51424535668,85627.46350789812,22.475075377289965,0.6463958246699661,28025.91337152371,False,True,6
cucumber,iksan,origin,2027-03,25724.898871575053,8533.156749779237,77552.82615309795,22.475075377289965,0.36772389772117664,28025.91337152371,False,True,7
cucumber,iksan,origin,2027-04,18633.204021878548,5727.3563243535045,60620.68997604089,22.475075377289965,0.05370980275947468,28025.91337152371,False,True,8
cucumber,iksan,origin,2027-05,14588.17263097566,4174.354517990628,50981.48223730362,22.475075377289965,0.005009916715841944,28025.91337152371,False,True,9
cucumber,iksan,origin,2027-06,12922.611057082306,3455.7649069403974,48323.27459464708,22.475075377289965,0.0011317298721997826,28025.91337152371,False,True,10
cucumber,iksan,origin,2027-07,14188.54253996779,3557.735836498955,56585.072265113,22.475075377289965,0.0036297969491817517,28025.91337152371,False,True,11
cucumber,iksan,origin,2027-08,15814.873784962778,3728.9632619420963,67072.32419984798,22.475075377289965,0.01201334234706175,28025.91337152371,False,True,12
cucumber,iksan,origin,2027-09,22254.906416336402,4946.822791904779,100121.0030022488,22.475075377289965,0.1815778482723469,28025.91337152371,False,False,13
cucumber,iksan,origin,2027-10,17407.317156895417,3655.7673058295964,82886.75543368123,22.475075377289965,0.03016932490161206,28025.91337152371,False,False,14
cucumber,iksan,origin,2027-11,19194.975823211043,3816.3329485722056,96544.79884715052,22.475075377289965,0.06775150702746557,28025.91337152371,False,False,15
cucumber,iksan,origin,2027-12,22740.54521661835,4287.973777626673,120600.64346645527,22.475075377289965,0.20490492832312213,28025.91337152371,False,False,16
cucumber,imsil,origin,2026-09,23904.576330922755,16050.311608680393,35602.347386942325,21.543675012507304,0.1467997015393654,30827.066332502167,True,True,1
cucumber,imsil,origin,2026-10,21010.56144033552,11961.403206424278,36905.67773863032,21.543675012507304,0.05669206296567164,30827.066332502167,False,True,2
cucumber,imsil,origin,2026-11,20731.855639549205,10399.143557766607,41331.2727025587,21.543675012507304,0.050678524446021944,30827.066332502167,False,True,3
cucumber,imsil,origin,2026-12,26136.381382060754,11782.848500018976,57974.98217408396,21.543675012507304,0.24772853271198914,30827.066332502167,False,True,4
cucumber,imsil,origin,2027-01,29878.702337529598,12261.041919394751,72810.8474992283,21.543675012507304,0.4486634398214294,30827.066332502167,False,True,5
cucumber,imsil,origin,2027-02,29061.059521074094,10953.568790592504,77102.28480171236,21.543675012507304,0.4037615218400228,30827.066332502167,False,True,6
cucumber,imsil,origin,2027-03,25941.2102066613,9042.357057641471,74421.56759530948,21.543675012507304,0.23804405554614416,30827.066332502167,False,True,7
cucumber,imsil,origin,2027-04,19427.472530661722,6296.587583805228,59941.465739371924,21.543675012507304,0.02828191279245884,30827.066332502167,False,True,8
cucumber,imsil,origin,2027-05,15664.9998019113,4741.739008565174,51751.52372381109,21.543675012507304,0.0025901308011114788,30827.066332502167,False,True,9
cucumber,imsil,origin,2027-06,14423.36658415689,4092.6089646712758,50831.51246962173,21.543675012507304,0.0008545178448625679,30827.066332502167,False,True,10
cucumber,imsil,origin,2027-07,16544.47936745167,4414.535709358676,62004.209629510224,21.543675012507304,0.005084474462722088,30827.066332502167,False,True,11
cucumber,imsil,origin,2027-08,17950.176532430785,4516.349254264435,71342.76368046434,21.543675012507304,0.012765552920243728,30827.066332502167,False,True,12
cucumber,imsil,origin,2027-09,23455.483977296077,5578.182826016837,98627.05217247973,21.543675012507304,0.12953774943771423,30827.066332502167,False,False,13
cucumber,imsil,origin,2027-10,21215.620913168408,4779.231461037251,94178.86001143405,21.543675012507304,0.061408732783443276,30827.066332502167,False,False,14
cucumber,imsil,origin,2027-11,20426.239946352864,4366.884176482012,95544.38851229286,21.543675012507304,0.044599392432952634,30827.066332502167,False,False,15
cucumber,imsil,origin,2027-12,26021.913632290365,5288.699616830896,128035.25216887552,21.543675012507304,0.24203202755046882,30827.066332502167,False,False,16
cucumber,jangsu,origin,2026-09,16060.141381238045,9652.10509435093,26722.47542521183,30.039942985429533,0.15910577739180498,21873.748679754164,True,True,1
cucumber,jangsu,origin,2026-10,14541.082102384997,7077.428140435076,29875.692767585355,30.039942985429533,0.09355799528654207,21873.748679754164,False,True,2
cucumber,jangsu,origin,2026-11,15447.398627682098,6395.162685305705,37312.909163484095,30.039942985429533,0.13054534116430128,21873.748679754164,False,True,3
cucumber,jangsu,origin,2026-12,23399.832114419092,8451.972924089636,64783.9442815035,30.039942985429533,0.5862422981924494,21873.748679754164,False,True,4
cucumber,jangsu,origin,2027-01,30289.770742423498,9701.530695986154,94569.63446069007,30.039942985429533,0.8535299407371575,21873.748679754164,False,True,5
cucumber,jangsu,origin,2027-02,23965.20323363349,6885.444923844063,83412.32445857904,30.039942985429533,0.6160111487311623,21873.748679754164,False,True,6
cucumber,jangsu,origin,2027-03,25127.06513756696,6532.717273765491,96647.28718063876,30.039942985429533,0.6729143782852418,21873.748679754164,False,True,7
cucumber,jangsu,origin,2027-04,16607.653713314874,3934.2845252694588,70105.29108656442,30.039942985429533,0.18677755969178655,21873.748679754164,False,True,8
cucumber,jangsu,origin,2027-05,13145.467516995945,2853.60639609024,60556.11470353984,30.039942985429533,0.049969674096041916,21873.748679754164,False,True,9
cucumber,jangsu,origin,2027-06,11108.97603440852,2220.281492556879,55582.748830169505,30.039942985429533,0.014299700951150185,21873.748679754164,False,True,10
cucumber,jangsu,origin,2027-07,12693.86045296965,2345.294370293876,68705.27437426799,30.039942985429533,0.039365986659183116,21873.748679754164,False,True,11
cucumber,jangsu,origin,2027-08,13553.56236268107,2322.982533873494,79078.96423688256,30.039942985429533,0.06100701871771508,21873.748679754164,False,True,12
cucumber,jangsu,origin,2027-09,15933.3357516085,2541.0944591989264,99906.23813863174,30.039942985429533,0.1529766187603404,21873.748679754164,False,False,13
cucumber,jangsu,origin,2027-10,14502.095518979106,2157.9833164746983,97457.0900692409,30.039942985429533,0.09211668942345486,21873.748679754164,False,False,14
cucumber,jangsu,origin,2027-11,15685.152127894547,2183.063150609257,112696.69281281838,30.039942985429533,0.14130599092616825,21873.748679754164,False,False,15
cucumber,jangsu,origin,2027-12,21554.429508882073,2812.077230303551,165213.6102262083,30.039942985429533,0.4810527707709922,21873.748679754164,False,False,16
cucumber,jeongeup,origin,2026-09,20558.82373728625,13401.137618419738,31539.503995530587,23.94923542391326,0.1597606198518592,26635.818338788875,True,True,1
cucumber,jeongeup,origin,2026-10,19592.638280145628,10696.753843467557,35886.72604736583,23.94923542391326,0.11890596993148783,26635.818338788875,False,True,2
cucumber,jeongeup,origin,2026-11,20051.517145143873,9555.076548859417,42078.505364773104,23.94923542391326,0.13753006051546746,26635.818338788875,False,True,3
cucumber,jeongeup,origin,2026-12,21954.202616305214,9328.342341891903,51669.09562841256,23.94923542391326,0.2287349310107456,26635.818338788875,False,True,4
cucumber,jeongeup,origin,2027-01,27490.89879867757,10558.469172713167,71577.56530769222,23.94923542391326,0.5483366944917364,26635.818338788875,False,True,5
cucumber,jeongeup,origin,2027-02,28506.481748633552,9992.859808057694,81320.01421954566,23.94923542391326,0.6029164876449489,26635.818338788875,False,True,6
cucumber,jeongeup,origin,2027-03,26650.844360094536,8589.75229972999,82687.7749581102,23.94923542391326,0.5008648433419973,26635.818338788875,False,True,7
cucumber,jeongeup,origin,2027-04,16478.45599075655,4911.732188132399,55283.85942853057,23.94923542391326,0.03245676931656538,26635.818338788875,False,True,8
cucumber,jeongeup,origin,2027-05,13221.603451729792,3661.9662666317126,47736.86732936091,23.94923542391326,0.0035481949634289522,26635.818338788875,False,True,9
cucumber,jeongeup,origin,2027-06,12017.83444751,3105.246317382258,46511.07514379471,23.94923542391326,0.0011095446962245958,26635.818338788875,False,True,10
cucumber,jeongeup,origin,2027-07,13485.85693689216,3261.8347435856053,55756.45353584092,23.94923542391326,0.004445484483805662,26635.818338788875,False,True,11
cucumber,jeongeup,origin,2027-08,16004.196029097235,3634.190825822375,70479.04273981307,23.94923542391326,0.02510878049276377,26635.818338788875,False,True,12
cucumber,jeongeup,origin,2027-09,20408.910399608612,4362.187531915713,95485.03374781106,23.94923542391326,0.15301818783273613,26635.818338788875,False,False,13
cucumber,jeongeup,origin,2027-10,19590.231583544926,3950.2798595623367,97151.89483801308,23.94923542391326,0.11881214509402849,26635.818338788875,False,False,14
cucumber,jeongeup,origin,2027-11,20081.170925204937,3827.978866885854,105343.69173656168,23.94923542391326,0.1387830384963492,26635.818338788875,False,False,15
cucumber,jeongeup,origin,2027-12,22002.17707594134,3972.274674736991,121868.66108727267,23.94923542391326,0.23128274547202066,26635.818338788875,False,False,16
cucumber,jeonju,origin,2026-09,19576.926048456484,11757.40397775345,32596.994560355724,24.610762709028847,0.18008701434523544,25996.623619292604,True,True,1
cucumber,jeonju,origin,2026-10,18786.519232341892,9134.666269134488,38636.693938090895,24.610762709028847,0.14731999879688207,25996.623619292604,False,True,2
cucumber,jeonju,origin,2026-11,20637.75008782434,8533.536279038864,49910.92962640628,24.610762709028847,0.22820250225133076,25996.623619292604,False,True,3
cucumber,jeonju,origin,2026-12,24577.22367864028,8864.754292189202,68139.49984853392,24.610762709028847,0.42812618524307144,25996.623619292604,False,True,4
cucumber,jeonju,origin,2027-01,24946.191844540113,7977.4645670017635,78008.80622130906,24.610762709028847,0.4470685183885674,25996.623619292604,False,True,5
cucumber,jeonju,origin,2027-02,24657.032041888982,7072.00877756531,85968.39289049162,24.610762709028847,0.43223491236056355,25996.623619292604,False,True,6
cucumber,jeonju,origin,2027-03,25273.65835216357,6558.602381161125,97392.36644939019,24.610762709028847,0.46374822092272927,25996.623619292604,False,True,7
cucumber,jeonju,origin,2027-04,18292.346616829404,4324.76137559311,77370.73001035595,24.610762709028847,0.12839719078944734,25996.623619292604,False,True,8
cucumber,jeonju,origin,2027-05,15817.640533047317,3426.4351965669775,73019.84064469692,24.610762709028847,0.05447077541658918,25996.623619292604,False,True,9
cucumber,jeonju,origin,2027-06,13692.212708936764,2730.491439670901,68660.41993135327,24.610762709028847,0.0192954633524709,25996.623619292604,False,True,10
cucumber,jeonju,origin,2027-07,13996.60586957697,2579.956349775613,75933.44588380923,24.610762709028847,0.022880928062857797,25996.623619292604,False,True,11
cucumber,jeonju,origin,2027-08,14437.003798078804,2468.371088130301,84439.11844050059,24.610762709028847,0.028872247611279267,25996.623619292604,False,True,12
cucumber,jeonju,origin,2027-09,19760.707399188657,3143.5055874034215,124219.77504385343,24.610762709028847,0.18810873030662445,25996.623619292604,False,False,13
cucumber,jeonju,origin,2027-10,18832.522408363733,2795.000238532402,126892.26117839222,24.610762709028847,0.14914527345908324,25996.623619292604,False,False,14
cucumber,jeonju,origin,2027-11,20670.014787716354,2869.0243534906326,148918.04972118643,24.610762709028847,0.22972903642445097,25996.623619292604,False,False,15
cucumber,jeonju,origin,2027-12,24667.70021908686,3209.1973360777715,189609.85267500908,24.610762709028847,0.43278369265369954,25996.623619292604,False,False,16
cucumber,jinan,origin,2026-09,21639.14145829367,13549.535740382738,34558.55994065351,23.29198157011498,0.13918117116708362,29459.061065877133,True,True,1
cucumber,jinan,origin,2026-10,23771.616152235238,12261.031671893965,46088.26969956939,23.29198157011498,0.22550060150328155,29459.061065877133,False,True,2
cucumber,jinan,origin,2026-11,28046.598878513665,12466.003223551565,63100.55392622771,23.29198157011498,0.4314638210112146,29459.061065877133,False,True,3
cucumber,jinan,origin,2026-12,28062.850436926885,11002.73262616063,71575.27147145911,23.29198157011498,0.4322639904413542,29459.061065877133,False,True,4
cucumber,jinan,origin,2027-01,31542.031080049146,11072.919127435818,89849.81405577894,23.29198157011498,0.5948589784524203,29459.061065877133,False,True,5
cucumber,jinan,origin,2027-02,27781.517254562197,8825.441825384658,87453.15149498452,23.29198157011498,0.4183886925368159,29459.061065877133,False,True,6
cucumber,jinan,origin,2027-03,27272.679137261104,7903.241599483186,94113.15824795689,23.29198157011498,0.39320625009964016,29459.061065877133,False,True,7
cucumber,jinan,origin,2027-04,18708.263701040807,4977.028108450526,70322.91622251751,23.29198157011498,0.055311250637999354,29459.061065877133,False,True,8
cucumber,jinan,origin,2027-05,16400.181613146982,4026.260070093496,66802.92685066382,23.29198157011498,0.019791402575318418,29459.061065877133,False,True,9
cucumber,jinan,origin,2027-06,14882.234742637855,3386.3179721727774,65404.64089757865,23.29198157011498,0.008212029544166666,29459.061065877133,False,True,10
cucumber,jinan,origin,2027-07,16450.107995780658,3482.147451560409,77712.40501363135,23.29198157011498,0.020309627924219753,29459.061065877133,False,True,11
cucumber,jinan,origin,2027-08,17114.103595606455,3381.023736185444,86628.36014620784,23.29198157011498,0.028172947248300773,29459.061065877133,False,True,12
cucumber,jinan,origin,2027-09,22234.575046422284,4111.156150534805,120252.38385330436,23.29198157011498,0.16142360847019732,29459.061065877133,False,False,13
cucumber,jinan,origin,2027-10,23977.947273074795,4159.820996686717,138213.14808697157,23.29198157011498,0.23472337346567862,29459.061065877133,False,False,14
cucumber,jinan,origin,2027-11,28197.93418747498,4600.2275727416645,172844.38212418454,23.29198157011498,0.4389075597194656,29459.061065877133,False,False,15
cucumber,jinan,origin,2027-12,28121.044163940234,4322.838373413181,182933.7709533403,23.29198157011498,0.4351277001966949,29459.061065877133,False,False,16
cucumber,muju,origin,2025-11,16491.592900305342,7156.327236448954,38004.499710993834,69.19802736370626,0.23312204329427766,23870.045977011494,True,True,1
cucumber,muju,origin,2025-12,15606.305246408558,4792.31406047782,50822.37106551304,69.19802736370626,0.20120573110821982,23870.045977011494,False,True,2
cucumber,muju,origin,2026-01,16430.88079162825,3869.608263390304,69767.74526322837,69.19802736370626,0.2309046116008211,23870.045977011494,False,True,3
cucumber,muju,origin,2026-02,38055.52476284089,7165.935361040809,202098.24565942647,69.19802736370626,0.8209626633576711,23870.045977011494,False,True,4
cucumber,muju,origin,2026-03,39926.73939104964,6173.440687430723,258226.26297301473,69.19802736370626,0.8446177928012769,23870.045977011494,False,True,5
cucumber,muju,origin,2026-04,25209.634884191146,3261.738545455012,194842.62215921155,69.19802736370626,0.5428386739770268,23870.045977011494,False,True,6
cucumber,muju,origin,2026-05,18107.910233050905,1988.8035769379578,164871.19030280117,69.19802736370626,0.29309187496270117,23870.045977011494,False,True,7
cucumber,muju,origin,2026-06,19824.71719835247,1869.378956211868,210240.63135442135,69.19802736370626,0.35722206823077807,23870.045977011494,False,True,8
cucumber,muju,origin,2026-07,15144.932641977874,1237.5139498784797,185346.5851860258,69.19802736370626,0.18500566223435655,23870.045977011494,False,True,9
cucumber,muju,origin,2026-08,16048.588961930003,1145.2022907301725,224901.05875073388,69.19802736370626,0.2170316371574177,23870.045977011494,False,True,10
cucumber,muju,origin,2026-09,25932.27604877355,1626.7618479359073,413387.45552894805,69.19802736370626,0.5648492912603824,23870.045977011494,False,True,11
cucumber,muju,origin,2026-10,20556.282129969753,1140.1365902624073,370622.90484832146,69.19802736370626,0.38419086891697596,23870.045977011494,False,True,12
cucumber,muju,origin,2026-11,20647.305715846116,1017.6301307507997,418925.52160290553,69.19802736370626,0.3875207921638161,23870.045977011494,False,False,13
cucumber,muju,origin,2026-12,20096.83565788815,884.1092387308576,456824.54810667975,69.19802736370626,0.3672928958149141,23870.045977011494,False,False,14
cucumber,muju,origin,2027-01,21325.057906351005,840.7237123847452,540912.6541932363,69.19802736370626,0.41209991797745227,23870.045977011494,False,False,15
cucumber,muju,origin,2027-02,52835.800709048315,1873.4350285648532,1490108.7008631388,69.19802736370626,0.9412804913658297,23870.045977011494,False,False,16
cucumber,muju,origin,2027-03,65238.23531485183,2087.266216216786,2039043.8526380789,69.19802736370626,0.9762092449508342,23870.045977011494,False,False,17
cucumber,muju,origin,2027-04,58587.62441297539,1696.4513584119409,2023346.9809408886,69.19802736370626,0.9615718105864287,23870.045977011494,False,False,18
cucumber,muju,origin,2027-05,64861.53846153846,1704.396885418602,2468333.0552815367,69.19802736370626,0.9755622788839906,23870.045977011494,False,False,19
cucumber,muju,origin,2027-06,67195.19687448189,1606.4421860459427,2810679.7258069827,69.19802736370626,0.9792911707811667,23870.045977011494,False,False,20
cucumber,muju,origin,2027-07,63999.13698549133,1395.2710529603107,2935551.1434122715,69.19802736370626,0.9740101800384418,23870.045977011494,False,False,21
cucumber,muju,origin,2027-08,64846.7015020421,1292.0297805250354,3254642.237415106,69.19802736370626,0.9755364196550265,23870.045977011494,False,False,22
cucumber,muju,origin,2027-09,72781.52194316796,1327.9597714799042,3988938.558327405,69.19802736370626,0.9859784037724697,23870.045977011494,False,False,23
cucumber,muju,origin,2027-10,69457.84283559577,1162.750330242916,4149121.101833129,69.19802736370626,0.9823360900423915,23870.045977011494,False,False,24
cucumber,muju,origin,2027-11,69808.18825485485,1074.0989581296217,4536996.43830877,69.19802736370626,0.9827634720689097,23870.045977011494,False,False,25
cucumber,muju,origin,2027-12,69073.56897414045,978.4712750479034,4876134.897870921,69.19802736370626,0.981854381642761,23870.045977011494,False,False,26
cucumber,namwon,origin,2026-09,24950.311620335488,17024.217392985214,36566.617752916805,19.199860964423586,0.3164452923152945,27879.20096454948,True,True,1
cucumber,namwon,origin,2026-10,22039.408508416465,12835.949897761055,37841.80612029234,19.199860964423586,0.15588236837878022,27879.20096454948,False,True,2
cucumber,namwon,origin,2026-11,22183.122822582238,11441.605697503146,43008.90549559455,19.199860964423586,0.16266716101404122,27879.20096454948,False,True,3
cucumber,namwon,origin,2026-12,25534.593931654454,11888.069087259548,54846.20609693882,19.199860964423586,0.3526981470670639,27879.20096454948,False,True,4
cucumber,namwon,origin,2027-01,29288.969469333417,12459.398887581565,68851.13321402433,19.199860964423586,0.5840598082350926,27879.20096454948,False,True,5
cucumber,namwon,origin,2027-02,28248.92010905488,11075.541127574248,72050.78994659854,19.199860964423586,0.522606025974675,27879.20096454948,False,True,6
cucumber,namwon,origin,2027-03,25250.488872150214,9184.420170203468,69420.51609867245,19.199860964423586,0.3349824493278649,27879.20096454948,False,True,7
cucumber,namwon,origin,2027-04,17627.206358923322,5979.152711194295,51966.96238220062,19.199860964423586,0.024255024587103602,27879.20096454948,False,True,8
cucumber,namwon,origin,2027-05,14674.66209888981,4661.671396925511,46194.956568285575,19.199860964423586,0.0028742668451433584,27879.20096454948,False,True,9
cucumber,namwon,origin,2027-06,14473.40256389942,4321.202971097893,48477.0984324922,19.199860964423586,0.002392067802781339,27879.20096454948,False,True,10
cucumber,namwon,origin,2027-07,17750.713289074327,4996.0508380407855,63067.3771114952,19.199860964423586,0.026018637518280485,27879.20096454948,False,True,11
cucumber,namwon,origin,2027-08,19537.457014999363,5197.525417623961,73441.14668850372,19.199860964423586,0.06299739052911635,27879.20096454948,False,True,12
cucumber,namwon,origin,2027-09,23576.357675758598,5941.873573646928,93547.03265995982,19.199860964423586,0.23532583441723987,27879.20096454948,False,False,13
cucumber,namwon,origin,2027-10,21885.57308476756,5236.122569305234,91475.76339341812,19.199860964423586,0.14878243306468353,27879.20096454948,False,False,14
cucumber,namwon,origin,2027-11,22415.12848754765,5100.254482597856,98512.33636039065,19.199860964423586,0.17392178546040504,27879.20096454948,False,False,15
cucumber,namwon,origin,2027-12,25378.091338744904,5500.772516599311,117083.10388298742,19.199860964423586,0.3429212527818607,27879.20096454948,False,False,16
cucumber,sunchang,origin,2026-08,8808.665281935293,4286.1714444985855,18103.00522363946,58.609757993152094,0.00903721713674055,24803.030303030304,True,True,1
cucumber,sunchang,origin,2026-09,23852.960747522277,8612.295404839508,66064.12224354505,58.609757993152094,0.46446421087939216,24803.030303030304,False,True,2
cucumber,sunchang,origin,2026-10,19741.992329847086,5669.37544718949,68745.89005124931,58.609757993152094,0.3011252618708158,24803.030303030304,False,True,3
cucumber,sunchang,origin,2026-11,19522.416488280818,4622.239404229434,82454.56632842569,58.609757993152094,0.29228953244089406,24803.030303030304,False,True,4
cucumber,sunchang,origin,2026-12,19579.973454313353,3910.9234922207734,98026.811630089,58.609757993152094,0.29460348275883674,24803.030303030304,False,True,5
cucumber,sunchang,origin,2027-01,35996.67437336431,6165.419254359789,210165.84801199756,58.609757993152094,0.8024945444547663,24803.030303030304,False,True,6
cucumber,sunchang,origin,2027-02,46153.839088079556,6862.928681958223,310388.89682305855,58.609757993152094,0.9219296498617606,24803.030303030304,False,True,7
cucumber,sunchang,origin,2027-03,25664.24105789964,3345.6590025797027,196868.02168724325,58.609757993152094,0.5310648594275128,24803.030303030304,False,True,8
cucumber,sunchang,origin,2027-04,19078.739548048827,2198.0014374216557,165604.21505877952,58.609757993152094,0.27451761704022193,24803.030303030304,False,True,9
cucumber,sunchang,origin,2027-05,16881.000371695023,1730.2523058182983,164697.4678726961,58.609757993152094,0.1897843280074899,24803.030303030304,False,True,10
cucumber,sunchang,origin,2027-06,14717.801562388224,1349.796060586798,160478.8228050307,58.609757993152094,0.1166602651187909,24803.030303030304,False,True,11
cucumber,sunchang,origin,2027-07,12692.596482470874,1046.740318659913,153908.28326273174,58.609757993152094,0.06301876796915806,24803.030303030304,False,True,12
cucumber,sunchang,origin,2027-08,10978.225123452823,817.6537248154166,147399.10453953865,58.609757993152094,0.031352085785349426,24803.030303030304,False,False,13
cucumber,sunchang,origin,2027-09,24083.583423821787,1626.2184367087161,356667.33166921715,58.609757993152094,0.4732033576583987,24803.030303030304,False,False,14
cucumber,sunchang,origin,2027-10,20058.010100720658,1232.1441846948462,326523.28696438373,58.609757993152094,0.31387318135354536,24803.030303030304,False,False,15
cucumber,sunchang,origin,2027-11,20384.16238500987,1142.6957025389404,363626.1825569362,58.609757993152094,0.32705242550860836,24803.030303030304,False,False,16
cucumber,sunchang,origin,2027-12,20688.848966277714,1061.357318544543,403284.0439979376,58.609757993152094,0.3393691128869243,24803.030303030304,False,False,17
cucumber,wanju,origin,2026-09,26755.647177756946,15281.128993036264,46846.319812288646,30.174466086924145,0.2298381783092016,34415.47726588377,True,True,1
cucumber,wanju,origin,2026-10,24846.481383867427,11252.351176163773,54863.87933453575,30.174466086924145,0.16933612209836846,34415.47726588377,False,True,2
cucumber,wanju,origin,2026-11,26543.54671876855,10060.515643515653,70032.18297916584,30.174466086924145,0.22280510057240166,34415.47726588377,False,True,3
cucumber,wanju,origin,2026-12,35624.66021434397,11620.657294955216,109212.10248050369,30.174466086924145,0.5403890640503328,34415.47726588377,False,True,4
cucumber,wanju,origin,2027-01,37630.04704076489,10754.465320562153,131668.13951994418,30.174466086924145,0.603435245206668,34415.47726588377,False,True,5
cucumber,wanju,origin,2027-02,35028.55606166033,8882.992899209403,138129.09158962462,30.174466086924145,0.5206784305820502,34415.47726588377,False,True,6
cucumber,wanju,origin,2027-03,30071.81387611855,6832.098383057762,132362.5538008109,30.174466086924145,0.34596692946720076,34415.47726588377,False,True,7
cucumber,wanju,origin,2027-04,19884.359035170022,4078.19850675077,96951.56662557008,30.174466086924145,0.05358245641149795,34415.47726588377,False,True,8
cucumber,wanju,origin,2027-05,15458.700836982822,2880.0029781572475,82976.10571230654,30.174466086924145,0.009375372457898323,34415.47726588377,False,True,9
cucumber,wanju,origin,2027-06,14651.114579854286,2492.3839298869093,86124.43526778746,30.174466086924145,0.0060703654533618145,34415.47726588377,False,True,10
cucumber,wanju,origin,2027-07,17843.943265920185,2784.1243302434177,114364.97566527133,30.174466086924145,0.026863135178477493,34415.47726588377,False,True,11
cucumber,wanju,origin,2027-08,19239.766561114193,2763.900313135495,133929.80042258895,30.174466086924145,0.04383220215089534,34415.47726588377,False,True,12
cucumber,wanju,origin,2027-09,25595.05279310281,3396.796735055124,192860.1498938642,30.174466086924145,0.19225455860520246,34415.47726588377,False,False,13
cucumber,wanju,origin,2027-10,24073.053557901338,2960.2987147121075,195761.294196942,30.174466086924145,0.146936389040208,34415.47726588377,False,False,14
cucumber,wanju,origin,2027-11,26283.519460545223,3002.9044784292105,230051.7383071147,30.174466086924145,0.2142778198647326,34415.47726588377,False,False,15
cucumber,wanju,origin,2027-12,35198.32604426783,3745.2596830058455,330797.39755836024,30.174466086924145,0.5263332599288199,34415.47726588377,False,False,16
grape,gimje,origin,2026-09,10953.968042279512,7406.62035674216,16200.292453501532,28.76811256545901,0.1783648385437846,13639.142657119393,True,True,1
grape,gimje,origin,2026-10,10392.609991275061,5975.538871304622,18074.745183135175,28.76811256545901,0.12657025835303126,13639.142657119393,False,True,2
grape,gimje,origin,2026-11,11171.050972354922,5671.913508854545,22001.812903552884,28.76811256545901,0.20070025748826115,13639.142657119393,False,True,3
grape,gimje,origin,2026-12,6856.506645722609,3134.7299342963797,14997.04420099926,28.76811256545901,0.0019198746890697338,13639.142657119393,False,True,4
grape,gimje,origin,2027-01,10983.219546521781,4578.3270707526235,26348.29485593474,28.76811256545901,0.1813047233682652,13639.142657119393,False,True,5
grape,gimje,origin,2027-02,10974.742578226022,4208.236779557464,28621.244708334372,28.76811256545901,0.18045045857445519,13639.142657119393,False,True,6
grape,gimje,origin,2027-03,11221.858177361915,3984.8839286820726,31601.94956907404,28.76811256545901,0.20609456724575803,13639.142657119393,False,True,7
grape,gimje,origin,2027-04,15287.76131885632,5054.1576708528455,46242.25466691506,28.76811256545901,0.6842697864506538,13639.142657119393,False,True,8
grape,gimje,origin,2027-05,11940.888126694495,3691.3266165263026,38626.9826722654,28.76811256545901,0.28808757952275343,13639.142657119393,False,True,9
grape,gimje,origin,2027-06,14180.651707339068,4113.985171626207,48879.826848128796,28.76811256545901,0.5650035056763688,13639.142657119393,False,True,10
grape,gimje,origin,2027-07,12307.2654292737,3361.2172996086815,45063.668559670274,28.76811256545901,0.332892181369399,13639.142657119393,False,True,11
grape,gimje,origin,2027-08,11376.285341818417,2932.726807272513,44129.53428104519,28.76811256545901,0.22285270705178561,13639.142657119393,False,True,12
grape,gimje,origin,2027-09,11732.078264701075,2861.5841273764368,48099.81265001783,28.76811256545901,0.26332126903228426,13639.142657119393,False,False,13
grape,gimje,origin,2027-10,10879.951543014708,2516.0954112072695,47046.445477022025,28.76811256545901,0.17102687832623797,13639.142657119393,False,False,14
grape,gimje,origin,2027-11,11576.463856363862,2543.0625129856403,52698.08144053893,28.76811256545901,0.2453267729705193,13639.142657119393,False,False,15
grape,gimje,origin,2027-12,7081.482361879515,1480.1939929933958,33878.932544644114,28.76811256545901,0.0029317373238716415,13639.142657119393,False,False,16
grape,iksan,origin,2026-09,12026.84478170241,7022.494863458969,20597.380021708806,36.01011404032158,0.002597238940740043,30000.0,True,True,1
grape,iksan,origin,2026-10,13028.42051507277,6087.601799135609,27882.858754275076,36.01011404032158,0.005383911363191718,30000.0,False,True,2
grape,iksan,origin,2026-11,13446.989975582977,5295.580956579765,34145.74168274363,36.01011404032158,0.007074458225048819,30000.0,False,True,3
grape,iksan,origin,2026-12,15038.401458757578,5127.210202824503,44108.49360343711,36.01011404032158,0.017365774535290535,30000.0,False,True,4
grape,iksan,origin,2027-01,15604.784832823603,4685.7328512638405,51968.244329815345,36.01011404032158,0.022834636181834678,30000.0,False,True,5
grape,iksan,origin,2027-02,16821.32555915034,4503.101824334668,62836.019393972136,36.01011404032158,0.03845430116015092,30000.0,False,True,6
grape,iksan,origin,2027-03,19979.588299583822,4812.597641172983,82945.63110901849,36.01011404032158,0.10696554729141139,30000.0,False,True,7
grape,iksan,origin,2027-04,18911.228093893762,4128.845868453156,86618.52716562222,36.01011404032158,0.07914385376547117,30000.0,False,True,8
grape,iksan,origin,2027-05,17885.556504706212,3560.5872329654712,89842.80135628425,36.01011404032158,0.05689938621997248,30000.0,False,True,9
grape,iksan,origin,2027-06,17536.57047309242,3199.2339115650375,96126.54543515238,36.01011404032158,0.05033700451219514,30000.0,False,True,10
grape,iksan,origin,2027-07,14951.077194318092,2510.2040190811363,89050.41485523703,36.01011404032158,0.01661553727981946,30000.0,False,True,11
grape,iksan,origin,2027-08,12911.378362142936,2002.3946181351873,83252.1670307237,36.01011404032158,0.004972496100060564,30000.0,False,True,12
grape,iksan,origin,2027-09,12833.74280181148,1844.5024058393835,89295.06070668159,36.01011404032158,0.0047133862650793334,30000.0,False,False,13
grape,iksan,origin,2027-10,13887.925588945285,1855.0716311301733,103971.44451321026,36.01011404032158,0.009266044693502118,30000.0,False,False,14
grape,iksan,origin,2027-11,14909.964411632029,1855.7276983573204,119795.0749740485,36.01011404032158,0.016270571622477137,30000.0,False,False,15
grape,iksan,origin,2027-12,16268.851031230472,1891.1055939814921,139958.0831016034,36.01011404032158,0.03067134928597759,30000.0,False,False,16
grape,jeongeup,origin,2026-09,12078.027529210758,5746.88313053724,25383.976963306657,36.01903440850686,0.006609284798682835,36971.42857142858,True,True,1
grape,jeongeup,origin,2026-10,11944.134433184077,4178.11889651972,34145.11431850542,36.01903440850686,0.0061657131734912385,36971.42857142858,False,True,2
grape,jeongeup,origin,2026-11,18782.031880370992,5188.549247638619,67989.08610452536,36.01903440850686,0.0668120423200057,36971.42857142858,False,True,3
grape,jeongeup,origin,2026-12,24194.12089802383,5477.502026101722,106865.40748662845,36.01903440850686,0.1738255929192727,36971.42857142858,False,True,4
grape,jeongeup,origin,2027-01,32562.991661981287,6186.5716912189355,171395.15694666476,36.01903440850686,0.3892742426602569,36971.42857142858,False,True,5
grape,jeongeup,origin,2027-02,24826.27508058645,4025.271807748541,153118.5877163629,36.01903440850686,0.1888806155341476,36971.42857142858,False,True,6
grape,jeongeup,origin,2027-03,31296.714792390558,4386.0699416317075,223317.08564406747,36.01903440850686,0.3560424677022659,36971.42857142858,False,True,7
grape,jeongeup,origin,2027-04,38368.90317549982,4694.956880241257,313564.6968530264,36.01903440850686,0.5327455675740544,36971.42857142858,False,True,8
grape,jeongeup,origin,2027-05,32703.238552614403,3522.895922236087,303585.9802382014,36.01903440850686,0.3929292066736223,36971.42857142858,False,True,9
grape,jeongeup,origin,2027-06,30316.458562821877,2894.960508981207,317478.479219304,36.01903440850686,0.33013599934691396,36971.42857142858,False,True,10
grape,jeongeup,origin,2027-07,15217.438211147466,1295.7432335583242,178716.291710172,36.01903440850686,0.024644297338560217,36971.42857142858,False,True,11
grape,jeongeup,origin,2027-08,14338.802042285879,1094.2576935681093,187891.0655290399,36.01903440850686,0.01796109901955656,36971.42857142858,False,True,12
grape,jeongeup,origin,2027-09,14463.375263821628,993.6876116672274,210518.09599512446,36.01903440850686,0.01882484581172572,36971.42857142858,False,False,13
grape,jeongeup,origin,2027-10,14531.887429070146,902.4005720601541,234015.5345525312,36.01903440850686,0.0193114726871374,36971.42857142858,False,False,14
grape,jeongeup,origin,2027-11,21345.682260508394,1202.3375112311705,378960.2727274291,36.01903440850686,0.1118817625228512,36971.42857142858,False,False,15
grape,jeongeup,origin,2027-12,27123.00533736498,1390.218969669618,529166.5806470446,36.01903440850686,0.24633642710599035,36971.42857142858,False,False,16
grape,jeonju,origin,2026-09,14855.005231367511,8320.031103333074,26522.879263702922,33.24464375785082,0.00888034463600429,34250.0,True,True,1
grape,jeonju,origin,2026-10,13651.458651800016,6013.867027360152,30988.76687395118,33.24464375785082,0.004522635207461878,34250.0,False,True,2
grape,jeonju,origin,2026-11,13603.155546414306,4984.247287284446,37126.13563376393,33.24464375785082,0.0043913695223626315,34250.0,False,True,3
grape,jeonju,origin,2026-12,17854.92567724502,5600.958157875317,56918.541784086,33.24464375785082,0.03225964244998314,34250.0,False,True,4
grape,jeonju,origin,2027-01,18506.171262854303,5062.805585114268,67645.96606613813,33.24464375785082,0.040326466732075184,34250.0,False,True,5
grape,jeonju,origin,2027-02,20877.49781137847,5046.899398243311,86363.89998497441,33.24464375785082,0.08004616352846994,34250.0,False,True,6
grape,jeonju,origin,2027-03,16253.76772670747,3506.6451523277688,75338.38008627335,33.24464375785082,0.017206424653977703,34250.0,False,True,7
grape,jeonju,origin,2027-04,19940.575946221245,3869.788451968198,102751.50024409783,33.24464375785082,0.06238451340554463,34250.0,False,True,8
grape,jeonju,origin,2027-05,19441.95839334442,3415.8314410347657,110658.19631135845,33.24464375785082,0.05403567085095895,34250.0,False,True,9
grape,jeonju,origin,2027-06,18722.188993039083,2994.056514953744,117072.05890750831,33.24464375785082,0.04326649010533479,34250.0,False,True,10
grape,jeonju,origin,2027-07,16319.177619207489,2386.4101003318897,111596.72770837034,33.24464375785082,0.017697801445002437,34250.0,False,True,11
grape,jeonju,origin,2027-08,16378.93549640443,2198.9001392947885,122001.68766254846,33.24464375785082,0.01815535883952113,34250.0,False,True,12
grape,jeonju,origin,2027-09,15263.195592900818,1887.7985780857825,123405.71839150994,33.24464375785082,0.010905491287710567,34250.0,False,False,13
grape,jeonju,origin,2027-10,14860.872755727603,1698.5959274765378,130016.52452447519,33.24464375785082,0.008907302584685084,34250.0,False,False,14
grape,jeonju,origin,2027-11,15194.181135965397,1609.392722771995,143447.36193095948,33.24464375785082,0.010541238426079014,34250.0,False,False,15
grape,jeonju,origin,2027-12,16917.096517016573,1664.693907724811,171916.3824881155,33.24464375785082,0.022659150442057352,34250.0,False,False,16
grape,muju,origin,2026-09,6124.677367495237,4095.652578987746,9158.900109925711,23.79903858721315,0.0002949407356760414,14195.082663286004,True,True,1
grape,muju,origin,2026-10,5553.7972987987,3143.705915770764,9811.561660843625,23.79903858721315,6.247403765546888e-05,14195.082663286004,False,True,2
grape,muju,origin,2026-11,5815.7393005583035,2896.7535441395676,11676.113655055487,23.79903858721315,0.00013224221596896957,14195.082663286004,False,True,3
grape,muju,origin,2026-12,6336.444994481496,2833.5146111198974,14169.87052423238,23.79903858721315,0.00048815290588932747,14195.082663286004,False,True,4
grape,muju,origin,2027-01,6818.641577677841,2772.8245128253157,16767.694006521506,23.79903858721315,0.0013612624065757473,14195.082663286004,False,True,5
grape,muju,origin,2027-02,7396.33710238557,2760.219430357643,19819.36723234975,23.79903858721315,0.0038494987670125713,14195.082663286004,False,True,6
grape,muju,origin,2027-03,7975.880517425643,2750.4696610444753,23128.657235976432,23.79903858721315,0.00922135740174368,14195.082663286004,False,True,7
grape,muju,origin,2027-04,9102.76410738241,2916.601287687708,28409.887475686282,23.79903858721315,0.0346577755878148,14195.082663286004,False,True,8
grape,muju,origin,2027-05,9291.313400860789,2778.4129221664966,31071.157215069285,23.79903858721315,0.04158813604017675,14195.082663286004,False,True,9
grape,muju,origin,2027-06,9424.100513813984,2639.975698993427,33641.85152474395,23.79903858721315,0.047012569793905556,14195.082663286004,False,True,10
grape,muju,origin,2027-07,9383.785599381605,2470.383484840513,35644.438491235465,23.79903858721315,0.045317067015110624,14195.082663286004,False,True,11
grape,muju,origin,2027-08,8402.92586195597,2084.7009536622486,33870.163928062444,23.79903858721315,0.01604098977301016,14195.082663286004,False,True,12
grape,muju,origin,2027-09,7303.842786273877,1711.7679555362172,31164.340513603143,23.79903858721315,0.003299438274927846,14195.082663286004,False,False,13
grape,muju,origin,2027-10,6243.4021985470545,1385.2522685361616,28139.3302131269,23.79903858721315,0.0003929138488283357,14195.082663286004,False,False,14
grape,muju,origin,2027-11,5987.65051702449,1260.1245197610415,28451.123799116514,23.79903858721315,0.00020878484054143165,14195.082663286004,False,False,15
grape,muju,origin,2027-12,6239.741763292516,1247.746013322318,31203.768120170513,23.79903858721315,0.0003895199244905445,14195.082663286004,False,False,16
grape,namwon,origin,2026-09,17911.725362561458,12079.513680236174,26559.83626135143,28.238942478901667,0.1173128339636651,23809.48693903638,True,True,1
grape,namwon,origin,2026-10,12844.480199081028,7358.030838514154,22421.85106387785,28.238942478901667,0.004981293752717053,23809.48693903638,False,True,2
grape,namwon,origin,2026-11,10715.073037312164,5415.793244442513,21199.625800477294,28.238942478901667,0.00042799267799797924,23809.48693903638,False,True,3
grape,namwon,origin,2026-12,10347.466933608528,4706.0669783645635,22751.49768041136,28.238942478901667,0.0002508947705753828,23809.48693903638,False,True,4
grape,namwon,origin,2027-01,9047.083657116054,3749.2488887281675,21830.965382141312,28.238942478901667,2.6657913677730072e-05,23809.48693903638,False,True,5
grape,namwon,origin,2027-02,9072.084402792596,3456.4386306325614,23811.421004842345,28.238942478901667,2.7998799849382472e-05,23809.48693903638,False,True,6
grape,namwon,origin,2027-03,11152.016910424298,3932.7577354737045,31623.47887554516,28.238942478901667,0.0007697637658975465,23809.48693903638,False,True,7
grape,namwon,origin,2027-04,11435.86133741579,3752.8311175537797,34848.07081162963,28.238942478901667,0.0010986706046707262,23809.48693903638,False,True,8
grape,namwon,origin,2027-05,11432.328148506605,3506.4751606191867,37273.36453512972,28.238942478901667,0.0010939437181324285,23809.48693903638,False,True,9
grape,namwon,origin,2027-06,17662.969439375338,5082.016219592487,61389.11721956764,28.238942478901667,0.10621236384128996,23809.48693903638,False,True,10
grape,namwon,origin,2027-07,17655.686491576365,4780.243288231789,65210.753238490186,28.238942478901667,0.10589694930065785,23809.48693903638,False,True,11
grape,namwon,origin,2027-08,14478.079390468518,3698.6636129037906,56673.113528197384,28.238942478901667,0.01889145559967742,23809.48693903638,False,True,12
grape,namwon,origin,2027-09,13478.057205521862,3256.5731726881168,55781.95741426297,28.238942478901667,0.008749083472045394,23809.48693903638,False,False,13
grape,namwon,origin,2027-10,11054.546262344385,2531.560720327211,48271.80011329816,28.238942478901667,0.0006781697452300506,23809.48693903638,False,False,14
grape,namwon,origin,2027-11,9866.899466268142,2145.654729264686,45373.42553282384,28.238942478901667,0.0001173600903034977,23809.48693903638,False,False,15
grape,namwon,origin,2027-12,9520.426437052596,1969.2665997077402,46026.535745227025,28.238942478901667,6.468756835698031e-05,23809.48693903638,False,False,16
grape,wanju,origin,2026-08,16608.846406636563,9587.733796207036,28771.53087712695,45.28611937977475,0.00023582211562134248,53397.59036144578,True,True,1
grape,wanju,origin,2026-09,22350.100815371432,10275.782285625366,48612.065979253704,45.28611937977475,0.004560437830765429,53397.59036144578,False,True,2
grape,wanju,origin,2026-10,37532.222350821496,14490.92977930513,97210.30575990088,45.28611937977475,0.14558783616063775,53397.59036144578,False,True,3
grape,wanju,origin,2026-11,36735.34185979755,12241.568937313725,110237.93996232016,45.28611937977475,0.1314002038630504,53397.59036144578,False,True,4
grape,wanju,origin,2026-12,52680.27209322054,15419.476835893442,179980.88374539514,45.28611937977475,0.48385075767259134,53397.59036144578,False,True,5
grape,wanju,origin,2027-01,52905.00275975131,13771.806812254734,203236.8994980876,45.28611937977475,0.4889321296116209,53397.59036144578,False,True,6
grape,wanju,origin,2027-02,59407.7161248653,13883.67422319302,254203.36709405328,45.28611937977475,0.6252598342774547,53397.59036144578,False,True,7
grape,wanju,origin,2027-03,52299.60071338283,11055.265801400312,247415.872572943,45.28611937977475,0.47520023963436886,53397.59036144578,False,True,8
grape,wanju,origin,2027-04,45847.64989651064,8819.552999223524,238334.86812971963,45.28611937977475,0.32405303825508514,53397.59036144578,False,True,9
grape,wanju,origin,2027-05,42940.876419948596,7555.742276757589,244042.05439688213,45.28611937977475,0.25704115040352205,53397.59036144578,False,True,10
grape,wanju,origin,2027-06,30569.815500575674,4941.60692281729,189111.28188367837,45.28611937977475,0.047474111733878055,53397.59036144578,False,True,11
grape,wanju,origin,2027-07,21497.746344641404,3204.6224961264816,144214.5208857394,45.28611937977475,0.003225793827749013,53397.59036144578,False,True,12
grape,wanju,origin,2027-08,16841.10488285349,2322.743803246813,122106.80027595541,45.28611937977475,0.00027536320336940534,53397.59036144578,False,False,13
grape,wanju,origin,2027-09,22244.063343134905,2846.8640997985744,173804.69761391374,45.28611937977475,0.004374262110426352,53397.59036144578,False,False,14
grape,wanju,origin,2027-10,37676.293212308155,4486.248441777536,316412.0508799517,45.28611937977475,0.14822518990724165,53397.59036144578,False,False,15
grape,wanju,origin,2027-11,36924.2835843248,4100.323020485806,332511.05130105146,45.28611937977475,0.13470168410813255,53397.59036144578,False,False,16
grape,wanju,origin,2027-12,53507.14331587663,5553.181438779026,515562.9106286234,45.28611937977475,0.5024479449422674,53397.59036144578,False,False,17
greenonion,buan,origin,2026-09,3375.166793053244,1203.4065766643264,9466.252804189959,51.98482476660964,0.035245646831108646,10489.617590163934,True,True,1
greenonion,buan,origin,2026-10,4150.270960503168,965.3269658731521,17843.435079031336,51.98482476660964,0.0695716126752759,10489.617590163934,False,True,2
greenonion,buan,origin,2026-11,7809.457994876966,1308.7751059987477,46599.01758079903,51.98482476660964,0.31895156963784277,10489.617590163934,False,True,3
greenonion,buan,origin,2026-12,7560.424266576126,961.1262738243371,59471.909828447955,51.98482476660964,0.3007214311230564,10489.617590163934,False,True,4
greenonion,buan,origin,2027-01,3301.7513832904397,329.03935858768045,33131.48385607294,51.98482476660964,0.032604725156331726,10489.617590163934,False,True,5
greenonion,buan,origin,2027-02,2685.224652966477,214.7316972630513,33578.794042995854,51.98482476660964,0.014871091842382778,10489.617590163934,False,True,6
greenonion,buan,origin,2027-03,2884.3919181671927,188.39423493370478,44161.20663414087,51.98482476660964,0.01972899372574788,10489.617590163934,False,True,7
greenonion,buan,origin,2027-04,4523.979101071383,244.7465412331282,83622.78299751667,51.98482476660964,0.08988509481982787,10489.617590163934,False,True,8
greenonion,buan,origin,2027-05,7341.244299756339,332.7523258863438,161963.91032023364,51.98482476660964,0.2845923389098046,10489.617590163934,False,True,9
greenonion,buan,origin,2027-06,7888.911971048263,302.4733739994612,205753.42306678352,51.98482476660964,0.3247395339936481,10489.617590163934,False,True,10
greenonion,buan,origin,2027-07,7221.9432311951205,236.15365799755187,220858.1669954302,51.98482476660964,0.2757923644934961,10489.617590163934,False,True,11
greenonion,buan,origin,2027-08,4565.417517157444,128.22383614817443,162551.96952524493,51.98482476660964,0.09226776339443576,10489.617590163934,False,True,12
greenonion,buan,origin,2027-09,2976.9669936843748,72.26190496464707,122641.83300761212,51.98482476660964,0.022269193397628895,10489.617590163934,False,False,13
greenonion,buan,origin,2027-10,3521.6896681886183,74.28940425554603,166945.7205009229,51.98482476660964,0.0408456943764165,10489.617590163934,False,False,14
greenonion,buan,origin,2027-11,6745.289990151362,124.26756017736956,366136.88227478374,51.98482476660964,0.24062318645087066,10489.617590163934,False,False,15
greenonion,buan,origin,2027-12,6901.524132088345,111.53561726732799,427047.7584898819,51.98482476660964,0.25213853170435496,10489.617590163934,False,False,16
greenonion,gochang,origin,2026-07,6600.253405624094,2473.8053624886093,17609.85147781732,38.2367699890187,0.4842613067746666,6757.474959290642,True,True,1
greenonion,gochang,origin,2026-08,5982.096574463824,1493.2157187685198,23965.378194467918,38.2367699890187,0.4190596443183038,6757.474959290642,False,True,2
greenonion,gochang,origin,2026-09,5973.457055367382,1091.5263082582437,32690.177893427677,38.2367699890187,0.41811334065268657,6757.474959290642,False,True,3
greenonion,gochang,origin,2026-10,5310.296764937058,745.9824763459873,37801.49350133279,38.2367699890187,0.3431131014039005,6757.474959290642,False,True,4
greenonion,gochang,origin,2026-11,6706.249337575711,747.2716711134021,60183.9758099296,38.2367699890187,0.4949114483497201,6757.474959290642,False,True,5
greenonion,gochang,origin,2026-12,6271.669756752064,566.7906757195566,69397.47462821806,38.2367699890187,0.4502379128724544,6757.474959290642,False,True,6
greenonion,gochang,origin,2027-01,4644.986580786292,346.24081660458086,62314.72230013009,38.2367699890187,0.2648825098721401,6757.474959290642,False,True,7
greenonion,gochang,origin,2027-02,6579.3682579939605,409.9420431708885,105595.62600475553,38.2367699890187,0.4821437693048435,6757.474959290642,False,True,8
greenonion,gochang,origin,2027-03,4632.528635713259,243.91182898514535,87983.93111967652,38.2367699890187,0.26341039280910916,6757.474959290642,False,True,9
greenonion,gochang,origin,2027-04,4219.835481375856,189.47343509008675,93981.57309710518,38.2367699890187,0.21497622458310262,6757.474959290642,False,True,10
greenonion,gochang,origin,2027-05,4984.522248919882,192.3509609018675,129167.34043586523,38.2367699890187,0.30498858326763445,6757.474959290642,False,True,11
greenonion,gochang,origin,2027-06,6136.898303637127,204.9112724734378,183794.28488526042,38.2367699890187,0.4358600409554355,6757.474959290642,False,True,12
greenonion,gochang,origin,2027-07,6022.5344845367335,175.02942633463473,207227.56382740237,38.2367699890187,0.42347689301553026,6757.474959290642,False,False,13
greenonion,gochang,origin,2027-08,5768.239666978473,146.67878885785927,226839.81177365122,38.2367699890187,0.3953804767793009,6757.474959290642,False,False,14
greenonion,gochang,origin,2027-09,5906.876678902161,132.04180250330356,264243.5307476606,38.2367699890187,0.4107909021309686,6757.474959290642,False,False,15
greenonion,gochang,origin,2027-10,5364.507157985844,105.8642916833156,271837.9974067952,38.2367699890187,0.349394305506723,6757.474959290642,False,False,16
greenonion,gochang,origin,2027-11,6308.602631036665,110.32802080253157,360728.5517027015,38.2367699890187,0.4541361678972231,6757.474959290642,False,False,17
greenonion,gochang,origin,2027-12,6040.514655738731,93.94665931886223,388388.6619358323,38.2367699890187,0.4254345538496882,6757.474959290642,False,False,18
greenonion,gunsan,origin,2024-12,6614.315478520491,3853.9793901327475,11351.687391324851,30.6882228897088,0.1832117992237532,8897.733200624525,True,True,1
greenonion,gunsan,origin,2025-01,6207.34803773848,2891.7864483744033,13324.348235768164,30.6882228897088,0.1364095067361526,8897.733200624525,False,True,2
greenonion,gunsan,origin,2025-02,6639.242727251899,2605.084602984086,16920.580598754743,30.6882228897088,0.1862670707303582,8897.733200624525,False,True,3
greenonion,gunsan,origin,2025-03,6635.94585671578,2252.951273602205,19545.81882405973,30.6882228897088,0.18586184078525603,8897.733200624525,False,True,4
greenonion,gunsan,origin,2025-04,6163.155164207683,1841.9434759785552,20621.95831385114,30.6882228897088,0.13170790862858328,8897.733200624525,False,True,5
greenonion,gunsan,origin,2025-05,5991.908806631339,1595.7868100296107,22498.601267621703,30.6882228897088,0.11426108917308508,8897.733200624525,False,True,6
greenonion,gunsan,origin,2025-06,6003.131707114237,1437.9685541358588,25061.45922962615,30.6882228897088,0.11536600322249324,8897.733200624525,False,True,7
greenonion,gunsan,origin,2025-07,6289.240974657638,1364.955455926469,28978.6394607762,30.6882228897088,0.145329582857185,8897.733200624525,False,True,8
greenonion,gunsan,origin,2025-08,6707.9725250619,1326.9810554369826,33909.22214949601,30.6882228897088,0.1947923316606961,8897.733200624525,False,True,9
greenonion,gunsan,origin,2025-09,6888.172633102425,1248.2773907197222,38009.918769789314,30.6882228897088,0.21780265145184563,8897.733200624525,False,True,10
greenonion,gunsan,origin,2025-10,7020.30281424344,1170.460788419015,42107.05056616632,30.6882228897088,0.2352184177591825,8897.733200624525,False,True,11
greenonion,gunsan,origin,2025-11,6973.3995604518,1073.6213050943363,45293.718743255115,30.6882228897088,0.2289878038461779,8897.733200624525,False,True,12
greenonion,gunsan,origin,2025-12,6958.267886734396,992.4921683335289,48783.752183008015,30.6882228897088,0.22698881766257628,8897.733200624525,False,False,13
greenonion,gunsan,origin,2026-01,6739.810052079126,893.195320916013,50856.781797201256,30.6882228897088,0.19879029024150663,8897.733200624525,False,False,14
greenonion,gunsan,origin,2026-02,6541.2756121284365,807.5238828742221,52987.02309773153,30.6882228897088,0.17437643739191566,8897.733200624525,False,False,15
greenonion,gunsan,origin,2026-03,6265.9003869777425,722.2397989143928,54360.76455291201,30.6882228897088,0.14276016823804283,8897.733200624525,False,False,16
greenonion,gunsan,origin,2026-04,5977.5648238507565,644.6806852080492,55424.77391238554,30.6882228897088,0.11285691802311493,8897.733200624525,False,False,17
greenonion,gunsan,origin,2026-05,5866.71626161819,593.1649078336795,58024.942540913165,30.6882228897088,0.10231305653222578,8897.733200624525,False,False,18
greenonion,gunsan,origin,2026-06,5921.725065817889,562.2859927352354,62364.754249974474,30.6882228897088,0.10747698930658967,8897.733200624525,False,False,19
greenonion,gunsan,origin,2026-07,6159.513837600715,550.1648367094149,68960.44273297235,30.6882228897088,0.13132408145689967,8897.733200624525,False,False,20
greenonion,gunsan,origin,2026-08,6498.336766205884,546.8171779953983,77225.7756821577,30.6882228897088,0.1692662355659108,8897.733200624525,False,False,21
greenonion,gunsan,origin,2026-09,6733.408739666946,534.5376184086234,84818.71377060743,30.6882228897088,0.19798402905293955,8897.733200624525,False,False,22
greenonion,gunsan,origin,2026-10,6874.184312374251,515.5093078001017,91665.48352375439,30.6882228897088,0.21598445418889822,8897.733200624525,False,False,23
greenonion,gunsan,origin,2026-11,6831.675871970375,484.55893400702456,96318.09867524925,30.6882228897088,0.21049108433818975,8897.733200624525,False,False,24
greenonion,gunsan,origin,2026-12,6793.513122630958,456.26465951319466,101151.42513250989,30.6882228897088,0.20560131226887024,8897.733200624525,False,False,25
greenonion,gunsan,origin,2027-01,6554.100080096067,417.2611279693498,102948.0701185054,30.6882228897088,0.17591490298750034,8897.733200624525,False,False,26
greenonion,gunsan,origin,2027-02,6364.140684391791,384.45864247974407,105348.87807305505,30.6882228897088,0.15371706300308174,8897.733200624525,False,False,27
greenonion,gunsan,origin,2027-03,6112.628173707279,350.7284638288434,106533.19317771094,30.6882228897088,0.12643105106324215,8897.733200624525,False,False,28
greenonion,gunsan,origin,2027-04,5837.210997361162,318.40330772246296,107012.1804683447,30.6882228897088,0.09959951185273586,8897.733200624525,False,False,29
greenonion,gunsan,origin,2027-05,5731.91247017669,297.49284590095834,110439.02742019249,30.6882228897088,0.09024010127631055,8897.733200624525,False,False,30
greenonion,gunsan,origin,2027-06,5785.938967678481,285.9648418004097,117067.15247556829,30.6882228897088,0.09497851193775264,8897.733200624525,False,False,31
greenonion,gunsan,origin,2027-07,6021.255654630925,283.6139277153091,127834.05931607875,30.6882228897088,0.11716191570355228,8897.733200624525,False,False,32
greenonion,gunsan,origin,2027-08,6358.457866070978,285.63935411623333,141542.07342923756,30.6882228897088,0.1530731946026549,8897.733200624525,False,False,33
greenonion,gunsan,origin,2027-09,6590.403472751515,282.5617979979447,153712.9868276502,30.6882228897088,0.18029984066012783,8897.733200624525,False,False,34
greenonion,gunsan,origin,2027-10,6727.793004716229,275.4895594202197,164300.95866270608,30.6882228897088,0.19727771287326945,8897.733200624525,False,False,35
greenonion,gunsan,origin,2027-11,6683.996399742475,261.5670910398365,170800.56858133682,30.6882228897088,0.1918017365673118,8897.733200624525,False,False,36
greenonion,gunsan,origin,2027-12,6645.60307591259,248.69510102301604,177583.07285068557,30.6882228897088,0.18704981882566785,8897.733200624525,False,False,37
greenonion,iksan,origin,2026-09,6536.968103461913,4068.686851019445,10502.639684588059,26.16105292378284,0.3628765188525378,7232.4806517794495,True,True,1
greenonion,iksan,origin,2026-10,6371.445201341396,3258.518004376889,12458.213795095831,26.16105292378284,0.33005574834521256,7232.4806517794495,False,True,2
greenonion,iksan,origin,2026-11,6298.860832974624,2770.731695059742,14319.556045041847,26.16105292378284,0.3157881724852676,7232.4806517794495,False,True,3
greenonion,iksan,origin,2026-12,5713.199663295774,2213.2740954077562,14747.676512551188,26.16105292378284,0.20665546530801238,7232.4806517794495,False,True,4
greenonion,iksan,origin,2027-01,5126.3433029421385,1775.627539098458,14800.060869163242,26.16105292378284,0.11621719350542303,7232.4806517794495,False,True,5
greenonion,iksan,origin,2027-02,4596.668343770474,1438.9281106975643,14684.096936836195,26.16105292378284,0.05791953714102027,7232.4806517794495,False,True,6
greenonion,iksan,origin,2027-03,4221.501498995318,1204.0604201749397,14800.814483570904,26.16105292378284,0.0308905254618278,7232.4806517794495,False,True,7
greenonion,iksan,origin,2027-04,4005.0164799990785,1047.5352664954619,15312.283526956271,26.16105292378284,0.020157778967058282,7232.4806517794495,False,True,8
greenonion,iksan,origin,2027-05,4079.382402243479,983.6217348492161,16918.455737748423,26.16105292378284,0.023479354766146265,7232.4806517794495,False,True,9
greenonion,iksan,origin,2027-06,4220.48452705805,942.2788741377374,18903.628354648517,26.16105292378284,0.03083230116200597,7232.4806517794495,False,True,10
greenonion,iksan,origin,2027-07,4645.005637511074,963.8731933581511,22384.76754119308,26.16105292378284,0.06224605397741634,7232.4806517794495,False,True,11
greenonion,iksan,origin,2027-08,4994.974997604068,966.4919427920788,25814.778294594853,26.16105292378284,0.09954014968481983,7232.4806517794495,False,True,12
greenonion,iksan,origin,2027-09,5362.111677722889,970.2265680065778,29634.564330109384,26.16105292378284,0.14960908020604025,7232.4806517794495,False,False,13
greenonion,iksan,origin,2027-10,5537.737562679653,939.3824063443205,32645.424383084188,26.16105292378284,0.17714481395863857,7232.4806517794495,False,False,14
greenonion,iksan,origin,2027-11,5733.715151785341,913.9096179691282,35972.364001232476,26.16105292378284,0.2102237028949857,7232.4806517794495,False,False,15
greenonion,iksan,origin,2027-12,5396.906373902407,809.946777889616,35961.12634037536,26.16105292378284,0.1548928830760643,7232.4806517794495,False,False,16
greenonion,jangsu,origin,2026-09,5467.226533226398,2892.241034660477,10334.742370157823,29.916875472546668,0.7163814816225528,4381.1687454545445,True,True,1
greenonion,jangsu,origin,2026-10,4296.8577272276,1746.1230325454228,10573.702988798554,29.916875472546668,0.47998117388269446,4381.1687454545445,False,True,2
greenonion,jangsu,origin,2026-11,4039.50164019597,1340.7854874799918,12170.159696324603,29.916875472546668,0.4169263245839985,4381.1687454545445,False,True,3
greenonion,jangsu,origin,2026-12,3192.7423685704525,893.5085327470558,11408.51313498377,29.916875472546668,0.20682080191727614,4381.1687454545445,False,True,4
greenonion,jangsu,origin,2027-01,3348.2907862490133,806.2644446367126,13904.93065129707,29.916875472546668,0.2436508826545336,4381.1687454545445,False,True,5
greenonion,jangsu,origin,2027-02,4662.810165948836,980.1307227624479,22182.549877018108,29.916875472546668,0.5639365791482241,4381.1687454545445,False,True,6
greenonion,jangsu,origin,2027-03,3554.0611019730873,659.3081420072959,19158.492837812362,29.916875472546668,0.2944171402403595,4381.1687454545445,False,True,7
greenonion,jangsu,origin,2027-04,2657.2284890177184,438.8101190590485,16090.930760640098,29.916875472546668,0.0982099609647068,4381.1687454545445,False,True,8
greenonion,jangsu,origin,2027-05,2811.0832087934773,416.17495777984345,18987.660499603848,29.916875472546668,0.1258138512042979,4381.1687454545445,False,True,9
greenonion,jangsu,origin,2027-06,2764.6022381448765,369.11342182372294,20706.441660649583,29.916875472546668,0.11712554589446944,4381.1687454545445,False,True,10
greenonion,jangsu,origin,2027-07,2658.477184261231,321.72003598596086,21967.86071336239,29.916875472546668,0.09842034149076051,4381.1687454545445,False,True,11
greenonion,jangsu,origin,2027-08,4660.204469951743,513.4143411353662,42300.154011537816,29.916875472546668,0.5633678100791513,4381.1687454545445,False,True,12
greenonion,jangsu,origin,2027-09,4124.082719953223,415.2168322920784,40961.87090279783,29.916875472546668,0.43792684466872733,4381.1687454545445,False,False,13
greenonion,jangsu,origin,2027-10,3835.9852039392517,354.14958046612435,41549.625628452166,29.916875472546668,0.36568048364049444,4381.1687454545445,False,False,14
greenonion,jangsu,origin,2027-11,3745.373515155674,318.0453397236094,44106.36162825135,29.916875472546668,0.3427117439474151,4381.1687454545445,False,False,15
greenonion,jangsu,origin,2027-12,3167.2365258996742,248.0562390239582,40439.971397067624,29.916875472546668,0.20095260702527273,4381.1687454545445,False,False,16
greenonion,jeongeup,origin,2026-09,3861.293965389271,2305.858394201018,6465.961277001047,28.295591222226275,0.31983547672252655,4471.505524163569,True,True,1
greenonion,jeongeup,origin,2026-10,4193.529830768553,2022.7256905050046,8694.056996505144,28.295591222226275,0.418867648822844,4471.505524163569,False,True,2
greenonion,jeongeup,origin,2026-11,3611.505764149614,1478.7056517058088,8820.534275661788,28.295591222226275,0.24776180318404495,4471.505524163569,False,True,3
greenonion,jeongeup,origin,2026-12,3322.0543995996554,1184.6942310891986,9315.522220238188,28.295591222226275,0.17153636838097475,4471.505524163569,False,True,4
greenonion,jeongeup,origin,2027-01,3596.8608625817815,1135.7101232155749,11391.470235505547,28.295591222226275,0.24367965020007443,4471.505524163569,False,True,5
greenonion,jeongeup,origin,2027-02,4300.211974004681,1216.3219375652172,15203.066269107501,28.295591222226275,0.4504065735138444,4471.505524163569,False,True,6
greenonion,jeongeup,origin,2027-03,3581.88075041913,915.6442821051165,14011.849318521963,28.295591222226275,0.23952492468329156,4471.505524163569,False,True,7
greenonion,jeongeup,origin,2027-04,2529.5679559381974,588.5195015872583,10872.56076723335,28.295591222226275,0.03455440019927225,4471.505524163569,False,True,8
greenonion,jeongeup,origin,2027-05,2803.591198936597,597.0545174182777,13164.833999988294,28.295591222226275,0.06817411874718715,4471.505524163569,False,True,9
greenonion,jeongeup,origin,2027-06,2797.4312122213732,547.9295351457588,14282.167478029069,28.295591222226275,0.0672555891863672,4471.505524163569,False,True,10
greenonion,jeongeup,origin,2027-07,2868.245568300292,518.8278346286197,15856.575324188387,28.295591222226275,0.07827348759011121,4471.505524163569,False,True,11
greenonion,jeongeup,origin,2027-08,3498.567723469039,586.512302303938,20869.086748254475,28.295591222226275,0.216835780880144,4471.505524163569,False,True,12
greenonion,jeongeup,origin,2027-09,3741.438971490313,583.1159146693223,24006.145648288115,28.295591222226275,0.2847559456351818,4471.505524163569,False,False,13
greenonion,jeongeup,origin,2027-10,4049.827136839767,588.4079407394653,27873.688818121926,28.295591222226275,0.3759826753129426,4471.505524163569,False,False,14
greenonion,jeongeup,origin,2027-11,3649.5651601364225,495.54060645034633,26878.374213347543,28.295591222226275,0.25846003954965036,4471.505524163569,False,False,15
greenonion,jeongeup,origin,2027-12,3335.6359797463915,424.2068891890932,26228.87009366547,28.295591222226275,0.17487014670789303,4471.505524163569,False,False,16
greenonion,jeonju,origin,2026-09,4596.468853044182,2458.915654328727,8592.212538812362,29.44837598807265,0.15915102899207623,6718.0265239864075,True,True,1
greenonion,jeonju,origin,2026-10,5008.3390767602095,2067.6603893230003,12131.325065436018,29.44837598807265,0.21997116469790068,6718.0265239864075,False,True,2
greenonion,jeonju,origin,2026-11,5376.569544926144,1819.4516101601196,15888.029068760636,29.44837598807265,0.2790285791960575,6718.0265239864075,False,True,3
greenonion,jeonju,origin,2026-12,6700.145963183828,1917.4448630942934,23412.384257831414,29.44837598807265,0.49720413645500083,6718.0265239864075,False,True,4
greenonion,jeonju,origin,2027-01,5313.807520647011,1311.925968717981,21522.97541154521,29.44837598807265,0.26874719174733386,6718.0265239864075,False,True,5
greenonion,jeonju,origin,2027-02,4726.781374114392,1021.1427369994252,21879.86199101499,29.44837598807265,0.17762878211217548,6718.0265239864075,False,True,6
greenonion,jeonju,origin,2027-03,4072.179434343088,778.0855772719093,21312.109914218123,29.44837598807265,0.09401565192666073,6718.0265239864075,False,True,7
greenonion,jeonju,origin,2027-04,3821.2300971898403,651.2896215236597,22419.825179325435,29.44837598807265,0.06894634725056437,6718.0265239864075,False,True,8
greenonion,jeonju,origin,2027-05,4349.711628782509,665.9143848409772,28412.047681000244,29.44837598807265,0.1265085023407474,6718.0265239864075,False,True,9
greenonion,jeonju,origin,2027-06,4083.76987976608,564.8478575198783,29525.076901434037,29.44837598807265,0.0952753911765204,6718.0265239864075,False,True,10
greenonion,jeonju,origin,2027-07,3896.76720545791,489.37474264998264,31028.970909503863,29.44837598807265,0.0760418759751671,6718.0265239864075,False,True,11
greenonion,jeonju,origin,2027-08,3680.3681436751162,421.46522491943364,32138.143011841305,29.44837598807265,0.0567732774433386,6718.0265239864075,False,True,12
greenonion,jeonju,origin,2027-09,4228.658882263298,443.2451533266623,40342.360899693726,29.44837598807265,0.11175040042115292,6718.0265239864075,False,False,13
greenonion,jeonju,origin,2027-10,4945.051791173917,476.0305058997422,51369.685165812836,29.44837598807265,0.21019895692017387,6718.0265239864075,False,False,14
greenonion,jeonju,origin,2027-11,5498.7716537266115,487.585630769845,62012.67591107462,29.44837598807265,0.2992248094488059,6718.0265239864075,False,False,15
greenonion,jeonju,origin,2027-12,6630.406388860707,543.0219549850381,80958.58459840021,29.44837598807265,0.4862302796997502,6718.0265239864075,False,False,16
greenonion,namwon,origin,2026-08,4140.125340075992,1759.9929518890458,9739.037768953487,67.91667601449082,0.2678375757367927,5713.3332,True,True,1
greenonion,namwon,origin,2026-09,4845.765700008698,1445.3680544220356,16245.997099175129,67.91667601449082,0.3757281826515968,5713.3332,False,True,2
greenonion,namwon,origin,2026-10,3793.031149306986,862.0353963985302,16689.668846221877,67.91667601449082,0.21542184738496672,5713.3332,False,True,3
greenonion,namwon,origin,2026-11,4714.053144088882,851.9014409077863,26085.52583455451,67.91667601449082,0.3557980941508052,5713.3332,False,True,4
greenonion,namwon,origin,2026-12,3914.637266058972,578.0781395738176,26509.192920035715,67.91667601449082,0.2335936919988113,5713.3332,False,True,5
greenonion,namwon,origin,2027-01,2939.4075369096977,361.6330310902135,23891.94549511756,67.91667601449082,0.10061727944024734,5713.3332,False,True,6
greenonion,namwon,origin,2027-02,4664.116030913158,485.1387433215335,44840.73607661409,67.91667601449082,0.34819687748799066,5713.3332,False,True,7
greenonion,namwon,origin,2027-03,3037.358524232788,270.22662591608076,34140.036250885896,67.91667601449082,0.11218217965901323,5713.3332,False,True,8
greenonion,namwon,origin,2027-04,3153.8176488192275,242.28632187364784,41052.93969995867,67.91667601449082,0.12659211360440614,5713.3332,False,True,9
greenonion,namwon,origin,2027-05,5234.185876598602,349.9894012589218,78278.66127442018,67.91667601449082,0.4331179511483002,5713.3332,False,True,10
greenonion,namwon,origin,2027-06,4769.9647973070205,279.49920141464395,81404.75554988872,67.91667601449082,0.3642810341046434,5713.3332,False,True,11
greenonion,namwon,origin,2027-07,3220.5861092736004,166.34597420258245,62353.026197162064,67.91667601449082,0.13515212007162203,5713.3332,False,True,12
greenonion,namwon,origin,2027-08,3828.5166345660546,175.21004725676806,83656.95832310662,67.91667601449082,0.2206969674896353,5713.3332,False,False,13
greenonion,namwon,origin,2027-09,4512.00020433626,183.79504974659164,110765.47421706596,67.91667601449082,0.32492994702589384,5713.3332,False,False,14
greenonion,namwon,origin,2027-10,3634.595385047824,132.32223875046725,99834.19066785017,67.91667601449082,0.19220474507568408,5713.3332,False,False,15
greenonion,namwon,origin,2027-11,4322.031945272518,141.1489753045272,132342.1590249193,67.91667601449082,0.29574563368561724,5713.3332,False,False,16
greenonion,namwon,origin,2027-12,3666.854092902716,107.78276767481158,124749.24543786452,67.91667601449082,0.1968829395847329,5713.3332,False,False,17
greenonion,wanju,origin,2026-09,4390.491748485368,2095.158906646699,9200.456219509384,37.38480821171699,0.022378642615208277,10826.799083313896,True,True,1
greenonion,wanju,origin,2026-10,4753.580361394153,1669.7036624587486,13533.255487358336,37.38480821171699,0.03360605435979058,10826.799083313896,False,True,2
greenonion,wanju,origin,2026-11,7944.841331831548,2205.8901903267365,28614.526717954832,37.38480821171699,0.24566696540448396,10826.799083313896,False,True,3
greenonion,wanju,origin,2026-12,9970.173816324354,2270.4415926454562,43781.95248436076,37.38480821171699,0.4272898102767846,10826.799083313896,False,True,4
greenonion,wanju,origin,2027-01,7021.84957424851,1342.8001539054462,36719.06895450499,37.38480821171699,0.16782715661053305,10826.799083313896,False,True,5
greenonion,wanju,origin,2027-02,4667.507461633571,762.2076090746306,28582.272920174895,37.38480821171699,0.03068061244200959,10826.799083313896,False,True,6
greenonion,wanju,origin,2027-03,3583.0344528458522,506.03568940246214,25370.020650993854,37.38480821171699,0.006969709783632094,10826.799083313896,False,True,7
greenonion,wanju,origin,2027-04,3562.1972191884506,439.49615440536746,28872.26407148504,37.38480821171699,0.006721931674752102,10826.799083313896,False,True,8
greenonion,wanju,origin,2027-05,7793.80641560657,846.9563356115685,71719.65766108668,37.38480821171699,0.2324304600868532,10826.799083313896,False,True,9
greenonion,wanju,origin,2027-06,10049.384071935394,968.5268300434383,104271.88704802262,37.38480821171699,0.43420330668431395,10826.799083313896,False,True,10
greenonion,wanju,origin,2027-07,7033.346457754128,604.7043271078301,81805.20657326383,37.38480821171699,0.16874169330830857,10826.799083313896,False,True,11
greenonion,wanju,origin,2027-08,4860.64185278042,374.70625628108377,63051.6273079729,37.38480821171699,0.03747832534932327,10826.799083313896,False,True,12
greenonion,wanju,origin,2027-09,4130.434180058713,286.7779725979517,59490.226397950144,37.38480821171699,0.01606880673124511,10826.799083313896,False,False,13
greenonion,wanju,origin,2027-10,4675.153087228376,293.50502733746254,74469.10394448024,37.38480821171699,0.030933743657361457,10826.799083313896,False,False,14
greenonion,wanju,origin,2027-11,7911.305692965199,450.68524788918506,138874.65378705488,37.38480821171699,0.2427154753417493,10826.799083313896,False,False,15
greenonion,wanju,origin,2027-12,9949.882496323702,515.9803476023111,191868.08596623642,37.38480821171699,0.4255134598831585,10826.799083313896,False,False,16
lettuce,buan,origin,2026-09,34831.743557673835,19859.82452942593,61090.688765648585,29.919417431736367,0.96232457754079,18975.790400135862,True,True,1
lettuce,buan,origin,2026-10,15682.801498133187,7085.260278701565,34712.946759229155,29.919417431736367,0.2884011967866533,18975.790400135862,False,True,2
lettuce,buan,origin,2026-11,6404.951535696526,2420.4481547624055,16948.681215875164,29.919417431736367,0.0007363665474586778,18975.790400135862,False,True,3
lettuce,buan,origin,2026-12,7928.803310704154,2577.555527045531,24389.74496580172,29.919417431736367,0.005307970311976273,18975.790400135862,False,True,4
lettuce,buan,origin,2027-01,15662.347923222776,4459.197537239216,55011.94787166951,29.919417431736367,0.28709800307395983,18975.790400135862,False,True,5
lettuce,buan,origin,2027-02,7710.372788741109,1947.1542236303221,30531.658879346283,29.919417431736367,0.004183541000913782,18975.790400135862,False,True,6
lettuce,buan,origin,2027-03,8638.051857558505,1953.6780488078718,38192.5465863735,29.919417431736367,0.01060450983604766,18975.790400135862,False,True,7
lettuce,buan,origin,2027-04,11485.67079854343,2344.3405034902707,56271.95942573568,29.919417431736367,0.07077984604169019,18975.790400135862,False,True,8
lettuce,buan,origin,2027-05,14566.720516974703,2699.9913066374147,78588.89993387189,29.919417431736367,0.21940141514014,18975.790400135862,False,True,9
lettuce,buan,origin,2027-06,13610.070583236433,2302.8478121024627,80436.93565297397,29.919417431736367,0.1652495002422648,18975.790400135862,False,True,10
lettuce,buan,origin,2027-07,18126.793770448592,2812.322905226365,116836.03322568192,29.919417431736367,0.4466935338852849,18975.790400135862,False,True,11
lettuce,buan,origin,2027-08,18445.166657042708,2634.1618578268094,129158.41598540415,29.919417431736367,0.46690954136624296,18975.790400135862,False,True,12
lettuce,buan,origin,2027-09,24815.071851973,3273.11843811423,188134.8941877465,29.919417431736367,0.7839274702778649,18975.790400135862,False,False,13
lettuce,buan,origin,2027-10,13582.070458634058,1659.5956877772255,111155.16827497474,29.919417431736367,0.16375562070772776,18975.790400135862,False,False,14
lettuce,buan,origin,2027-11,6270.407474053687,711.686247393182,55246.26903313828,29.919417431736367,0.0005931297841843541,18975.790400135862,False,False,15
lettuce,buan,origin,2027-12,7946.155172511936,839.7650821026664,75189.33969907406,29.919417431736367,0.005406380869566241,18975.790400135862,False,False,16
lettuce,gimje,origin,2026-09,27019.223043520753,14581.477938591193,50066.146720519355,32.86220654031633,0.766781872220963,20562.616470588237,True,True,1
lettuce,gimje,origin,2026-10,24402.113391275714,10200.000649802554,58378.735296669234,32.86220654031633,0.6760128902104166,20562.616470588237,False,True,2
lettuce,gimje,origin,2026-11,12171.549401822194,4181.952975658196,35425.222546334706,32.86220654031633,0.08098039488782649,20562.616470588237,False,True,3
lettuce,gimje,origin,2026-12,9885.613361776192,2879.1281651620293,33942.68887402179,32.86220654031633,0.025392042272684212,20562.616470588237,False,True,4
lettuce,gimje,origin,2027-01,13144.536914312499,3309.5338625546433,52206.400619317195,32.86220654031633,0.11635615711031155,20562.616470588237,False,True,5
lettuce,gimje,origin,2027-02,9667.74714581784,2133.915675532114,43799.919531573076,32.86220654031633,0.022071282640530265,20562.616470588237,False,True,6
lettuce,gimje,origin,2027-03,8853.807123265851,1731.4469261002223,45274.2151054855,32.86220654031633,0.012310694391463484,20562.616470588237,False,True,7
lettuce,gimje,origin,2027-04,8390.710662576395,1466.0347432272563,48023.4358348761,32.86220654031633,0.00841113211500888,20562.616470588237,False,True,8
lettuce,gimje,origin,2027-05,8738.513942350237,1373.4841421284127,55597.02043761209,32.86220654031633,0.011237314120862263,20562.616470588237,False,True,9
lettuce,gimje,origin,2027-06,10700.012271250398,1521.6010951696196,75243.28351784367,32.86220654031633,0.0407395366051857,20562.616470588237,False,True,10
lettuce,gimje,origin,2027-07,18215.064667768518,2355.0605939945385,140883.2459330592,32.86220654031633,0.3732303489665729,20562.616470588237,False,True,11
lettuce,gimje,origin,2027-08,22954.139617637185,2709.7397158788917,194443.96172017057,32.86220654031633,0.6154046349646567,20562.616470588237,False,True,12
lettuce,gimje,origin,2027-09,27687.498975327493,2995.4355472336238,255921.91433287133,32.86220654031633,0.7862424950147211,20562.616470588237,False,False,13
lettuce,gimje,origin,2027-10,24245.22525572597,2411.812561006123,243729.94701365608,32.86220654031633,0.669805422785216,20562.616470588237,False,False,14
lettuce,gimje,origin,2027-11,11822.349494492093,1084.532737900422,128873.8852093098,32.86220654031633,0.06995284132756918,20562.616470588237,False,False,15
lettuce,gimje,origin,2027-12,9860.689586096178,836.4154419415486,116249.88520972402,32.86220654031633,0.024996003864373617,20562.616470588237,False,False,16
lettuce,gochang,origin,2026-08,26268.055254517145,13032.637793803395,52944.82496724063,43.424217943403846,0.6155922759205885,23176.04038179177,True,True,1
lettuce,gochang,origin,2026-09,35160.40750612378,13048.888495660047,94740.19617899667,43.424217943403846,0.836019882537608,23176.04038179177,False,True,2
lettuce,gochang,origin,2026-10,23879.4226222625,7092.432062034263,80399.33548677075,43.424217943403846,0.5279710854226495,23176.04038179177,False,True,3
lettuce,gochang,origin,2026-11,9918.74702351457,2441.5499986224254,40294.70728512138,43.424217943403846,0.02319236709230854,23176.04038179177,False,True,4
lettuce,gochang,origin,2026-12,9523.008055689956,1986.6662209395693,45648.17253793451,43.424217943403846,0.018424408342191056,23176.04038179177,False,True,5
lettuce,gochang,origin,2027-01,13378.511813365105,2403.2221434126177,74476.91792910513,43.424217943403846,0.09859470449898189,23176.04038179177,False,True,6
lettuce,gochang,origin,2027-02,8742.39743432998,1368.5967343063908,55845.16679306131,43.424217943403846,0.011063961670113809,23176.04038179177,False,True,7
lettuce,gochang,origin,2027-03,9032.802585172058,1244.1185314259526,65581.79183230594,43.424217943403846,0.013501678932769101,23176.04038179177,False,True,8
lettuce,gochang,origin,2027-04,8513.395913992665,1039.719150865406,69709.12282231246,43.424217943403846,0.009375051868087847,23176.04038179177,False,True,9
lettuce,gochang,origin,2027-05,9169.846676583806,999.4905260592441,84128.94957952901,43.424217943403846,0.0147728260981278,23176.04038179177,False,True,10
lettuce,gochang,origin,2027-06,13294.738670630391,1300.5103896835424,135908.2385826724,43.424217943403846,0.09605832778469936,23176.04038179177,False,True,11
lettuce,gochang,origin,2027-07,16911.25225005151,1491.8271020679042,191704.82441862405,43.424217943403846,0.22976197159094236,23176.04038179177,False,True,12
lettuce,gochang,origin,2027-08,25824.625310897845,2063.099152226152,323257.0144428814,43.424217943403846,0.600239465512797,23176.04038179177,False,False,13
lettuce,gochang,origin,2027-09,30492.083979195115,2214.333742150398,419885.75059664034,43.424217943403846,0.7401776426309925,23176.04038179177,False,False,14
lettuce,gochang,origin,2027-10,23502.47665462341,1556.6628355616099,354840.10813545034,43.424217943403846,0.5130936991140014,23176.04038179177,False,False,15
lettuce,gochang,origin,2027-11,10472.63878986262,634.5615329089048,172837.71160878084,43.424217943403846,0.031136908539097674,23176.04038179177,False,False,16
lettuce,gochang,origin,2027-12,9782.639905964397,543.7520088730583,175999.42982851356,43.424217943403846,0.02146942517245709,23176.04038179177,False,False,17
lettuce,gunsan,gpj,2026-08,5196.455765679333,2933.6552933650996,9204.609889148755,29.952975332140635,0.5344329281329372,5042.700854700855,True,True,1
lettuce,gunsan,gpj,2026-09,5431.527573788098,2419.777166525472,12191.821706947196,29.952975332140635,0.5846163776844718,5042.700854700855,False,True,2
lettuce,gunsan,gpj,2026-10,4652.018827122159,1728.1301559287201,12522.945157605165,29.952975332140635,0.4082602576519955,5042.700854700855,False,True,3
lettuce,gunsan,gpj,2026-11,2689.7225393791805,857.257272210467,8439.248721903177,29.952975332140635,0.03527533283472706,5042.700854700855,False,True,4
lettuce,gunsan,gpj,2026-12,2455.948216609733,683.9237078720354,8819.23169681534,29.952975332140635,0.019227453620755175,5042.700854700855,False,True,5
lettuce,gunsan,gpj,2027-01,2760.427268138335,680.4128891946962,11199.021687699485,29.952975332140635,0.04148550645141147,5042.700854700855,False,True,6
lettuce,gunsan,gpj,2027-02,2137.4371236679863,470.93198324740473,9701.268166434844,29.952975332140635,0.0067625024115209875,5042.700854700855,False,True,7
lettuce,gunsan,gpj,2027-03,2003.7418542399355,397.693544332128,10095.66656450385,29.952975332140635,0.0039597585636477195,5042.700854700855,False,True,8
lettuce,gunsan,gpj,2027-04,1992.8039303193173,358.56683235264694,11075.389986964594,29.952975332140635,0.0037786794718619454,5042.700854700855,False,True,9
lettuce,gunsan,gpj,2027-05,1902.1768516931018,311.9343435567795,11599.481909751525,29.952975332140635,0.002514668061231462,5042.700854700855,False,True,10
lettuce,gunsan,gpj,2027-06,2686.822490102488,403.39189498838005,17895.78616478767,29.952975332140635,0.035034623273626386,5042.700854700855,False,True,11
lettuce,gunsan,gpj,2027-07,4490.743564269589,619.7096033151681,32542.30312414965,29.952975332140635,0.3693632348411048,5042.700854700855,False,True,12
lettuce,gunsan,gpj,2027-08,5759.195882002794,733.0103904071481,45249.47755359198,29.952975332140635,0.6488654684257756,5042.700854700855,False,False,13
lettuce,gunsan,gpj,2027-09,5984.723631919987,704.6889877696706,50826.55976194766,29.952975332140635,0.6889162739654683,5042.700854700855,False,False,14
lettuce,gunsan,gpj,2027-10,4065.69722758128,444.09964435907654,37221.13754497148,29.952975332140635,0.2677495667119042,5042.700854700855,False,False,15
lettuce,gunsan,gpj,2027-11,2562.4329660733924,260.29145094598795,25225.810074654277,29.952975332140635,0.0257164489130568,5042.700854700855,False,False,16
lettuce,gunsan,gpj,2027-12,2443.328515080524,231.32488529137342,25807.228760044814,29.952975332140635,0.018543945145272023,5042.700854700855,False,False,17
lettuce,iksan,origin,2026-09,25295.286327098507,14959.159051304705,42773.2273034486,23.15863619894165,0.6676156901723992,22026.381755364313,True,True,1
lettuce,iksan,origin,2026-10,22046.311398442544,10488.3694081788,46340.839778019756,23.15863619894165,0.5011298808498021,22026.381755364313,False,True,2
lettuce,iksan,origin,2026-11,13803.1692049791,5557.018845314866,34285.91577693092,23.15863619894165,0.07166257438461898,22026.381755364313,False,True,3
lettuce,iksan,origin,2026-12,11946.472662162347,4178.061743798828,34158.95164297604,23.15863619894165,0.02768799136276401,22026.381755364313,False,True,4
lettuce,iksan,origin,2027-01,15190.998084000017,4693.174584391238,49170.64529318494,23.15863619894165,0.122313391097429,22026.381755364313,False,True,5
lettuce,iksan,origin,2027-02,11064.126426850908,3055.6886922817093,40061.310531581796,23.15863619894165,0.015534248280705265,22026.381755364313,False,True,6
lettuce,iksan,origin,2027-03,10295.28469740475,2564.8189371393896,41325.680135079274,23.15863619894165,0.008615602235901743,22026.381755364313,False,True,7
lettuce,iksan,origin,2027-04,10146.819521960157,2296.539984476433,44831.76740103839,23.15863619894165,0.007607404265389639,22026.381755364313,False,True,8
lettuce,iksan,origin,2027-05,11189.133887081243,2314.191055921266,54099.55968099173,23.15863619894165,0.016960450303405206,22026.381755364313,False,True,9
lettuce,iksan,origin,2027-06,13150.38262449673,2497.585326119384,69239.90198139056,23.15863619894165,0.053129725701473896,22026.381755364313,False,True,10
lettuce,iksan,origin,2027-07,18928.15047599132,3314.961893547942,108078.12938637295,23.15863619894165,0.31749402520447934,22026.381755364313,False,True,11
lettuce,iksan,origin,2027-08,20511.747866609887,3324.518737860044,126554.19737961702,23.15863619894165,0.41172753020896136,22026.381755364313,False,True,12
lettuce,iksan,origin,2027-09,24310.816308658723,3658.1069972012237,161563.28670690235,23.15863619894165,0.621348951387987,22026.381755364313,False,False,13
lettuce,iksan,origin,2027-10,20056.336542404282,2809.6890193382205,143167.67184324434,23.15863619894165,0.3846022600888285,22026.381755364313,False,False,14
lettuce,iksan,origin,2027-11,13272.003199349314,1735.3353532207464,101505.49206331503,23.15863619894165,0.05632344327174521,22026.381755364313,False,False,15
lettuce,iksan,origin,2027-12,11954.552285286236,1462.1894163917536,97737.89820904651,23.15863619894165,0.02782303376681683,22026.381755364313,False,False,16
lettuce,imsil,origin,2026-09,11940.52651314182,6022.176657502635,23675.189473795403,58.37034353571888,0.36247118524222977,13823.204957721104,True,True,1
lettuce,imsil,origin,2026-10,14598.025569411828,5544.863685859789,38432.38762904913,58.37034353571888,0.5521390501198902,13823.204957721104,False,True,2
lettuce,imsil,origin,2026-11,8994.645383962887,2748.5100313454436,29435.455814451263,58.37034353571888,0.1508667087440585,13823.204957721104,False,True,3
lettuce,imsil,origin,2026-12,5109.848727454432,1299.774676097342,20088.523416894313,58.37034353571888,0.008386076473010817,13823.204957721104,False,True,4
lettuce,imsil,origin,2027-01,5736.116181512951,1241.3722777749326,26505.36783920368,58.37034353571888,0.017265374126881117,13823.204957721104,False,True,5
lettuce,imsil,origin,2027-02,5684.75050981691,1063.0449470579947,30399.832526649127,58.37034353571888,0.016362693845451637,13823.204957721104,False,True,6
lettuce,imsil,origin,2027-03,10142.266161376927,1658.1833422337997,62035.09604048819,58.37034353571888,0.22839709041079415,13823.204957721104,False,True,7
lettuce,imsil,origin,2027-04,7637.000082286901,1101.8343391492422,52933.33869216999,58.37034353571888,0.07694077848978498,13823.204957721104,False,True,8
lettuce,imsil,origin,2027-05,5903.331799506439,757.3336175994743,46015.81855764713,58.37034353571888,0.020439141569515762,13823.204957721104,False,True,9
lettuce,imsil,origin,2027-06,5821.81684293839,668.3566939959475,50711.77061170669,58.37034353571888,0.018846460742197868,13823.204957721104,False,True,10
lettuce,imsil,origin,2027-07,10269.12128070806,1060.718827841675,99418.28985205072,58.37034353571888,0.23753208914978696,13823.204957721104,False,True,11
lettuce,imsil,origin,2027-08,13476.563368188577,1258.362358613245,144328.6657246731,58.37034353571888,0.4756659335920038,13823.204957721104,False,True,12
lettuce,imsil,origin,2027-09,12825.037738521232,1087.017345560109,151314.5983054586,58.37034353571888,0.42852833910602917,13823.204957721104,False,False,13
lettuce,imsil,origin,2027-10,14954.742989674865,1154.7727164307555,193669.57212020352,58.37034353571888,0.574987816105806,13823.204957721104,False,False,14
lettuce,imsil,origin,2027-11,9121.390723995113,643.782777255654,129235.77902231524,58.37034353571888,0.15887434492096864,13823.204957721104,False,False,15
lettuce,imsil,origin,2027-12,5277.568503742901,341.47108526478576,81566.87495253468,58.37034353571888,0.010332485496580501,13823.204957721104,False,False,16
lettuce,jangsu,origin,2026-09,24737.655561133914,15664.562457626535,39065.98759567405,23.12036161761621,0.7754580380830884,20046.8750177627,True,True,1
lettuce,jangsu,origin,2026-10,18719.188953664358,9809.573093705125,35721.02799334347,23.12036161761621,0.4025713394601419,20046.8750177627,False,True,2
lettuce,jangsu,origin,2026-11,12645.596109424983,5731.003550230296,27902.80961460552,23.12036161761621,0.04857606204556186,20046.8750177627,False,True,3
lettuce,jangsu,origin,2026-12,10968.604285322861,4398.158026330204,27354.696954440533,23.12036161761621,0.014964830751096114,20046.8750177627,False,True,4
lettuce,jangsu,origin,2027-01,15107.487868265722,5438.3395759013665,41967.99160927119,23.12036161761621,0.1542392059006894,20046.8750177627,False,True,5
lettuce,jangsu,origin,2027-02,10829.464929534279,3536.1411676085263,33165.33619593216,23.12036161761621,0.01331219974815756,20046.8750177627,False,True,6
lettuce,jangsu,origin,2027-03,10488.818570740197,3131.1434867703956,35135.826727436004,23.12036161761621,0.009849169720908546,20046.8750177627,False,True,7
lettuce,jangsu,origin,2027-04,9829.443446074072,2699.3244419693783,35793.38480300568,23.12036161761621,0.00514700814113489,20046.8750177627,False,True,8
lettuce,jangsu,origin,2027-05,10218.217630325087,2594.503969185834,40243.51967881218,23.12036161761621,0.0076301064243029515,20046.8750177627,False,True,9
lettuce,jangsu,origin,2027-06,10784.04392668752,2542.485102274011,45740.91832778513,23.12036161761621,0.012803768298491613,20046.8750177627,False,True,10
lettuce,jangsu,origin,2027-07,16448.00889124414,3613.777541827179,74862.65918561738,23.12036161761621,0.23812179486004115,20046.8750177627,False,True,11
lettuce,jangsu,origin,2027-08,19101.433591903806,3923.274582083214,93000.0584032974,23.12036161761621,0.4309630732552048,20046.8750177627,False,True,12
lettuce,jangsu,origin,2027-09,23863.26053475231,4594.552471989283,123941.38641818853,23.12036161761621,0.7347969656061957,20046.8750177627,False,False,13
lettuce,jangsu,origin,2027-10,17965.08829152944,3250.377892309092,99294.42299189654,23.12036161761621,0.34652075453134934,20046.8750177627,False,False,14
lettuce,jangsu,origin,2027-11,12252.954106216286,2087.7810318490497,71911.22154993196,23.12036161761621,0.03816612553014953,20046.8750177627,False,False,15
lettuce,jangsu,origin,2027-12,10974.5026781899,1764.5085639023273,68256.80050383939,23.12036161761621,0.015038133863631398,20046.8750177627,False,False,16
lettuce,jeongeup,origin,2026-09,25358.882237896876,11184.567756456892,57496.44710089698,61.57971648772901,0.7152036986741509,19108.886032602302,True,True,1
lettuce,jeongeup,origin,2026-10,15419.941789196066,4845.229970771946,49073.956492577534,61.57971648772901,0.33322305145699616,19108.886032602302,False,True,2
lettuce,jeongeup,origin,2026-11,8938.920734751804,2165.3202686551545,36901.84083105776,61.57971648772901,0.0634144118234764,19108.886032602302,False,True,3
lettuce,jeongeup,origin,2026-12,8411.315231289145,1636.22153835317,43240.002812409926,61.57971648772901,0.04957566844098937,19108.886032602302,False,True,4
lettuce,jeongeup,origin,2027-01,13433.047681049742,2153.9122809784253,83776.28541093002,61.57971648772901,0.23939986352863096,19108.886032602302,False,True,5
lettuce,jeongeup,origin,2027-02,9606.593802496407,1293.4484348183132,71349.30315109594,61.57971648772901,0.08349042435706777,19108.886032602302,False,True,6
lettuce,jeongeup,origin,2027-03,9007.885644014588,1032.8313905330651,78562.68169169905,61.57971648772901,0.06535818526856862,19108.886032602302,False,True,7
lettuce,jeongeup,origin,2027-04,7293.58547691945,720.1192133856617,73871.64252850016,61.57971648772901,0.026464008216102175,19108.886032602302,False,True,8
lettuce,jeongeup,origin,2027-05,7064.533945691523,606.1091077675918,82341.0162134778,61.57971648772901,0.022770186725172392,19108.886032602302,False,True,9
lettuce,jeongeup,origin,2027-06,7931.179359310795,595.817956578727,105575.21023830703,61.57971648772901,0.03860615687528046,19108.886032602302,False,True,10
lettuce,jeongeup,origin,2027-07,16435.292902199777,1088.1309849589788,248241.11850034443,61.57971648772901,0.3809894352753359,19108.886032602302,False,True,11
lettuce,jeongeup,origin,2027-08,19251.890418366736,1129.6593230582896,328094.74247279455,61.57971648772901,0.5059770251481641,19108.886032602302,False,True,12
lettuce,jeongeup,origin,2027-09,24185.134854407526,1263.9669751226218,462765.84708167124,61.57971648772901,0.6820423644392217,19108.886032602302,False,False,13
lettuce,jeongeup,origin,2027-10,15465.758516144564,723.0548306076982,330804.3544618447,61.57971648772901,0.33539333576730046,19108.886032602302,False,False,14
lettuce,jeongeup,origin,2027-11,8802.871795017501,369.603924245672,209658.357923731,61.57971648772901,0.05967028698760679,19108.886032602302,False,False,15
lettuce,jeongeup,origin,2027-12,8426.32471421001,318.85599190088533,222680.30080293206,61.57971648772901,0.04994375545467422,19108.886032602302,False,False,16
lettuce,jeonju,origin,2026-09,20081.473156152977,11409.03436313988,35346.16088318187,29.74192098163084,0.6863369202592602,16995.21443999924,True,True,1
lettuce,jeonju,origin,2026-10,17588.903939609005,7906.482805641377,39128.59224534759,29.74192098163084,0.5397886876789519,16995.21443999924,False,True,2
lettuce,jeonju,origin,2026-11,10886.9151281045,4088.8907831070314,28987.059643712688,29.74192098163084,0.09752255634030083,16995.21443999924,False,True,3
lettuce,jeonju,origin,2026-12,9507.320367543369,3068.773017051846,29454.488836043452,29.74192098163084,0.04551092901021647,16995.21443999924,False,True,4
lettuce,jeonju,origin,2027-01,10971.849459645713,3098.9942482065408,38845.338494834396,29.74192098163084,0.10147573203795668,16995.21443999924,False,True,5
lettuce,jeonju,origin,2027-02,8825.698693554334,2209.45428719961,35254.38742076566,29.74192098163084,0.02829391648674373,16995.21443999924,False,True,6
lettuce,jeonju,origin,2027-03,7922.838695511081,1775.1103706482015,35361.95497081461,29.74192098163084,0.013193528383603215,16995.21443999924,False,True,7
lettuce,jeonju,origin,2027-04,7411.387908451346,1497.5752436142477,36678.404616901906,29.74192098163084,0.007875758609689809,16995.21443999924,False,True,8
lettuce,jeonju,origin,2027-05,8088.709011458235,1483.3347450127767,44108.19182387729,29.74192098163084,0.015379210661648046,16995.21443999924,False,True,9
lettuce,jeonju,origin,2027-06,10338.197966717777,1729.6493217180778,61791.911144673104,29.74192098163084,0.07405144542134523,16995.21443999924,False,True,10
lettuce,jeonju,origin,2027-07,13434.704710325193,2059.879978435993,87622.23651043772,29.74192098163084,0.246989972681663,16995.21443999924,False,True,11
lettuce,jeonju,origin,2027-08,15182.171798897369,2141.584662227849,107629.80544110341,29.74192098163084,0.3713730674448299,16995.21443999924,False,True,12
lettuce,jeonju,origin,2027-09,19612.728414747195,2553.9175131082156,150615.32484754652,29.74192098163084,0.6615784733781221,16995.21443999924,False,False,13
lettuce,jeonju,origin,2027-10,16255.02620445174,1959.9099683065153,134815.31355020372,29.74192098163084,0.44845794363054026,16995.21443999924,False,False,14
lettuce,jeonju,origin,2027-11,10426.03908239708,1167.1351346006174,93135.9940465405,29.74192098163084,0.0775641953059496,16995.21443999924,False,False,15
lettuce,jeonju,origin,2027-12,9614.075239011789,1001.6610657076599,92277.16426821354,29.74192098163084,0.04870475194935897,16995.21443999924,False,False,16
lettuce,jinan,origin,2026-09,20932.10247758087,12482.327808447935,35101.8592730283,29.13495314127208,0.6987106423313322,17772.391232417718,True,True,1
lettuce,jinan,origin,2026-10,16868.96631512636,8120.31926977179,35043.20644142173,29.13495314127208,0.4340757646111949,17772.391232417718,False,True,2
lettuce,jinan,origin,2026-11,11403.061357020762,4657.4279479872,27918.801914729596,29.13495314127208,0.07896628519344295,17772.391232417718,False,True,3
lettuce,jinan,origin,2026-12,9719.45899424145,3456.2691492558884,27332.328317393716,29.13495314127208,0.02740433078803972,17772.391232417718,False,True,4
lettuce,jinan,origin,2027-01,14358.81617235019,4519.420601908318,45619.91901888665,29.13495314127208,0.24867538357301022,17772.391232417718,False,True,5
lettuce,jinan,origin,2027-02,9556.198624601637,2693.595771820677,33902.983182629454,29.13495314127208,0.02417422449821649,17772.391232417718,False,True,6
lettuce,jinan,origin,2027-03,10198.179062402385,2597.20228123518,40044.187909522625,29.13495314127208,0.03858048387120372,17772.391232417718,False,True,7
lettuce,jinan,origin,2027-04,9704.455914430964,2248.7462868539797,41879.54201222407,29.13495314127208,0.02709557328628187,17772.391232417718,False,True,8
lettuce,jinan,origin,2027-05,10364.175364846824,2197.7735746408657,48874.97612707919,29.13495314127208,0.04307871957322029,17772.391232417718,False,True,9
lettuce,jinan,origin,2027-06,12337.715679263387,2405.7406981793465,63273.33128526296,29.13495314127208,0.12274287909777204,17772.391232417718,False,True,10
lettuce,jinan,origin,2027-07,18515.871051095644,3333.5318507195507,102845.11927096164,29.13495314127208,0.5518769953093072,17772.391232417718,False,True,11
lettuce,jinan,origin,2027-08,18505.298082679506,3087.062716349382,110929.4136834974,29.13495314127208,0.5511579671798654,17772.391232417718,False,True,12
lettuce,jinan,origin,2027-09,21575.501896971473,3345.433360866909,139145.58500893082,29.13495314127208,0.7313923168052471,17772.391232417718,False,False,13
lettuce,jinan,origin,2027-10,16683.017421686178,2411.059384311874,115436.00796531979,29.13495314127208,0.42024088283707917,17772.391232417718,False,False,14
lettuce,jinan,origin,2027-11,11264.593496034613,1521.1214206120512,83419.41998282316,29.13495314127208,0.07339901264996684,17772.391232417718,False,False,15
lettuce,jinan,origin,2027-12,9748.661861953799,1232.7526161961193,77092.84640738746,29.13495314127208,0.028012333955764857,17772.391232417718,False,False,16
lettuce,muju,origin,2026-09,22324.331863953976,10147.301605962019,49114.12043563694,51.56035237885046,0.6109731131346788,19503.227078540916,True,True,1
lettuce,muju,origin,2026-10,13850.644374605297,4541.546832132394,42241.19153291005,51.56035237885046,0.23760138341860426,19503.227078540916,False,True,2
lettuce,muju,origin,2026-11,8568.903666401351,2186.8688479850152,33575.90927856578,51.56035237885046,0.043092561269254315,19503.227078540916,False,True,3
lettuce,muju,origin,2026-12,7801.256348607086,1611.7910770382598,37758.988422069364,51.56035237885046,0.027958269053769413,19503.227078540916,False,True,4
lettuce,muju,origin,2027-01,7748.806640652602,1329.0544075264936,45177.98821040736,51.56035237885046,0.027067189503320432,19503.227078540916,False,True,5
lettuce,muju,origin,2027-02,9543.046624672756,1383.2905648609349,65835.5816153734,51.56035237885046,0.06795009760982418,19503.227078540916,False,True,6
lettuce,muju,origin,2027-03,7394.883470152524,918.2316684946124,59553.92676315201,51.56035237885046,0.021521303367029176,19503.227078540916,False,True,7
lettuce,muju,origin,2027-04,6495.482212277307,698.3594826239046,60414.85827827249,51.56035237885046,0.010899460364596547,19503.227078540916,False,True,8
lettuce,muju,origin,2027-05,7691.539045626933,722.3198440975325,81902.46104108905,51.56035237885046,0.026114830628689356,19503.227078540916,False,True,9
lettuce,muju,origin,2027-06,8455.254512463947,698.6740025046774,102324.30091037105,51.56035237885046,0.040603102282262826,19503.227078540916,False,True,10
lettuce,muju,origin,2027-07,12751.527665587852,932.9478159820787,174287.83799133287,51.56035237885046,0.1876638739851979,19503.227078540916,False,True,11
lettuce,muju,origin,2027-08,16950.24194939863,1104.0045342453957,260244.13236629908,51.56035237885046,0.3848733348727995,19503.227078540916,False,True,12
lettuce,muju,origin,2027-09,19944.81397433176,1161.9531966133818,342350.7983196835,51.56035237885046,0.5186282517396508,19503.227078540916,False,False,13
lettuce,muju,origin,2027-10,13026.193555306254,681.662875289683,248923.22098103605,51.56035237885046,0.19987270206677588,19503.227078540916,False,False,14
lettuce,muju,origin,2027-11,8010.7442240124055,377.96823946380994,169781.52215536224,51.56035237885046,0.03169825398465609,19503.227078540916,False,False,15
lettuce,muju,origin,2027-12,7188.014631798059,306.8296670358105,168391.65145302852,51.56035237885046,0.018648767887092355,19503.227078540916,False,False,16
lettuce,namwon,origin,2026-09,21941.07170485411,13920.771816584267,34582.17934324802,23.59701665680624,0.7432005301868961,18314.341214867887,True,True,1
lettuce,namwon,origin,2026-10,18060.314424000288,9490.398617531217,34368.941731406674,23.59701665680624,0.47986189952636815,18314.341214867887,False,True,2
lettuce,namwon,origin,2026-11,11626.093522612444,5286.76566521919,25566.87002145139,23.59701665680624,0.05018870761934935,18314.341214867887,False,True,3
lettuce,namwon,origin,2026-12,10156.496467215358,4088.414104059469,25230.912980691937,23.59701665680624,0.016518735936030926,18314.341214867887,False,True,4
lettuce,namwon,origin,2027-01,13351.185388256916,4827.08607658984,36927.89986408012,23.59701665680624,0.12656023457861887,18314.341214867887,False,True,5
lettuce,namwon,origin,2027-02,9590.862108106996,3146.6750178229076,29232.32791938077,23.59701665680624,0.009672658409442758,18314.341214867887,False,True,6
lettuce,namwon,origin,2027-03,8002.667419505857,2401.313171130182,26669.85989048598,23.59701665680624,0.0013796441796587455,18314.341214867887,False,True,7
lettuce,namwon,origin,2027-04,7400.640404200496,2043.5609571501175,26801.000577278883,23.59701665680624,0.000526216123924117,18314.341214867887,False,True,8
lettuce,namwon,origin,2027-05,7746.992646134666,1978.561607986883,30333.09390872527,23.59701665680624,0.0009330561264082604,18314.341214867887,False,True,9
lettuce,namwon,origin,2027-06,8668.711254871916,2056.3914746021587,36542.92275982194,23.59701665680624,0.0034223390633896233,18314.341214867887,False,True,10
lettuce,namwon,origin,2027-07,13427.967329204654,2969.3636373631066,60723.55178239775,23.59701665680624,0.13091644513973766,18314.341214867887,False,True,11
lettuce,namwon,origin,2027-08,17094.116015554537,3534.753591365771,82667.37547618797,23.59701665680624,0.40156702408741607,18314.341214867887,False,True,12
lettuce,namwon,origin,2027-09,22732.107286876406,4407.6034703137775,117240.28832958332,23.59701665680624,0.7826869814186619,18314.341214867887,False,False,13
lettuce,namwon,origin,2027-10,17733.947720239645,3232.0228392532485,97305.28445673229,23.59701665680624,0.4536541993523896,18314.341214867887,False,False,14
lettuce,namwon,origin,2027-11,11459.171207357937,1967.3105239741321,66747.26900473174,23.59701665680624,0.04500798133640316,18314.341214867887,False,False,15
lettuce,namwon,origin,2027-12,10393.84424625052,1684.2172712611296,64143.74205676057,23.59701665680624,0.020274730700008514,18314.341214867887,False,False,16
lettuce,sunchang,origin,2026-09,22020.67935642931,12573.758489833395,38565.26429315068,28.807550011827388,0.676351448494315,18842.735939019723,True,True,1
lettuce,sunchang,origin,2026-10,17159.289548941633,7768.3426289813115,37902.70742255206,28.807550011827388,0.3917608402833732,18842.735939019723,False,True,2
lettuce,sunchang,origin,2026-11,11699.225829812998,4432.365259910461,30880.100576306886,28.807550011827388,0.08089116693473353,18842.735939019723,False,True,3
lettuce,sunchang,origin,2026-12,10424.057396054612,3398.6433798518183,31971.866551346877,28.807550011827388,0.04111558753028466,18842.735939019723,False,True,4
lettuce,sunchang,origin,2027-01,13192.28853787748,3768.2362160606544,46185.1292986491,28.807550011827388,0.14766219716341045,18842.735939019723,False,True,5
lettuce,sunchang,origin,2027-02,10552.145824414438,2674.3561717000243,41635.3598215476,28.807550011827388,0.04437461150469213,18842.735939019723,False,True,6
lettuce,sunchang,origin,2027-03,9389.940362810685,2131.9547460839285,41356.87222212278,28.807550011827388,0.020447934773704546,18842.735939019723,False,True,7
lettuce,sunchang,origin,2027-04,8794.747263790954,1802.5258543872076,42910.66297090856,28.807550011827388,0.012649141317957802,18842.735939019723,False,True,8
lettuce,sunchang,origin,2027-05,9239.865022661492,1720.159945014735,49632.07397337224,28.807550011827388,0.018224583116896342,18842.735939019723,False,True,9
lettuce,sunchang,origin,2027-06,10463.422604245377,1778.6240890093434,61555.00382096645,28.807550011827388,0.04210003882593416,18842.735939019723,False,True,10
lettuce,sunchang,origin,2027-07,15588.597731123624,2430.270817717087,99990.65842837324,28.807550011827388,0.2889187309932174,18842.735939019723,False,True,11
lettuce,sunchang,origin,2027-08,17952.314249040253,2576.7796259541174,125073.01115319841,28.807550011827388,0.4434981737210889,18842.735939019723,False,True,12
lettuce,sunchang,origin,2027-09,20990.236919858522,2783.2370395464263,158301.3015749435,28.807550011827388,0.6243155479076699,18842.735939019723,False,False,13
lettuce,sunchang,origin,2027-10,16768.470388245398,2060.168572732312,136484.7531814078,28.807550011827388,0.36603775395718197,18842.735939019723,False,False,14
lettuce,sunchang,origin,2027-11,11561.531007977466,1319.667244249513,101289.92731379131,28.807550011827388,0.07580647756846493,18842.735939019723,False,False,15
lettuce,sunchang,origin,2027-12,10522.580082313812,1118.5614414560941,98988.47527282081,28.807550011827388,0.043608035050776484,18842.735939019723,False,False,16
lettuce,wanju,origin,2026-09,22952.90987360655,13577.040850667743,38803.4533784285,24.34169849568384,0.8245767171357625,17041.62033796583,True,True,1
lettuce,wanju,origin,2026-10,17110.178512440834,8142.686366151351,35953.51651324433,24.34169849568384,0.5050179701958086,17041.62033796583,False,True,2
lettuce,wanju,origin,2026-11,10652.048193981806,4290.1159239349145,26448.266839101958,24.34169849568384,0.07048445267181036,17041.62033796583,False,True,3
lettuce,wanju,origin,2026-12,9391.784615685232,3286.1158553150244,26841.907635349013,24.34169849568384,0.030972899373878704,17041.62033796583,False,True,4
lettuce,wanju,origin,2027-01,12614.854283329583,3899.292226166954,40811.136831893644,24.34169849568384,0.17300945527373235,17041.62033796583,False,True,5
lettuce,wanju,origin,2027-02,9296.831297382269,2569.04298042839,33643.29551137912,24.34169849568384,0.02881383342980015,17041.62033796583,False,True,6
lettuce,wanju,origin,2027-03,8646.169288685822,2155.2919835041994,34684.972588758406,24.34169849568384,0.016758386260064317,17041.62033796583,False,True,7
lettuce,wanju,origin,2027-04,8376.576876728672,1897.1117416020004,36986.245265918544,24.34169849568384,0.013037926984335813,17041.62033796583,False,True,8
lettuce,wanju,origin,2027-05,9028.406096350313,1868.5864932111992,43622.340703392045,24.34169849568384,0.023278506151664047,17041.62033796583,False,True,9
lettuce,wanju,origin,2027-06,10288.042868197144,1955.376016358916,54129.653413133674,24.34169849568384,0.056924769253811736,17041.62033796583,False,True,10
lettuce,wanju,origin,2027-07,15707.722378519844,2753.052885609449,89621.43212371797,24.34169849568384,0.39922464173330663,17041.62033796583,False,True,11
lettuce,wanju,origin,2027-08,18338.414711412304,2974.6344231841385,113055.05359134529,24.34169849568384,0.5908642071407475,17041.62033796583,False,True,12
lettuce,wanju,origin,2027-09,22636.616482528516,3409.009291659761,150312.41100771507,24.34169849568384,0.8131263222784924,17041.62033796583,False,False,13
lettuce,wanju,origin,2027-10,16462.812744201383,2308.256548297041,117415.11299971947,24.34169849568384,0.45689567947717513,17041.62033796583,False,False,14
lettuce,wanju,origin,2027-11,10471.099689776136,1370.331776809551,80012.68785323383,24.34169849568384,0.06352115514541179,17041.62033796583,False,False,15
lettuce,wanju,origin,2027-12,9420.83602519882,1153.3442053857316,76952.00704112531,24.34169849568384,0.03165505216507403,17041.62033796583,False,False,16
melon,gochang,origin,2026-09,24199.760605975458,16039.794783418763,36510.96671086582,24.07904299463769,0.09023525121035836,33824.51752437943,True,True,1
melon,gochang,origin,2026-10,24076.67137005944,13458.6209348291,43071.73127684207,24.07904299463769,0.08696177059900467,33824.51752437943,False,True,2
melon,gochang,origin,2026-11,27613.18031914361,13544.12383327428,56296.57087631701,24.07904299463769,0.20853026094362592,33824.51752437943,False,True,3
melon,gochang,origin,2026-12,32789.35921803368,14404.838883122211,74637.56357517939,24.07904299463769,0.4505303940763814,33824.51752437943,False,True,4
melon,gochang,origin,2027-01,33856.37138258909,13497.435163359958,84923.82955151435,24.07904299463769,0.5015020140616759,33824.51752437943,False,True,5
melon,gochang,origin,2027-02,29374.661561399174,10726.646468696608,80441.7992487068,24.07904299463769,0.28631361027241686,33824.51752437943,False,True,6
melon,gochang,origin,2027-03,28848.42897080644,9717.589299831157,85641.80152150741,24.07904299463769,0.2622283381574265,33824.51752437943,False,True,7
melon,gochang,origin,2027-04,31325.290799662384,9788.211479964826,100250.57649111388,24.07904299463769,0.37941193451837874,33824.51752437943,False,True,8
melon,gochang,origin,2027-05,35768.28248969966,10415.048581306117,122838.60437859944,24.07904299463769,0.5884235689325399,33824.51752437943,False,True,9
melon,gochang,origin,2027-06,25793.48449207491,7025.68135916333,94695.98864958175,24.07904299463769,0.13913731065538348,33824.51752437943,False,True,10
melon,gochang,origin,2027-07,23809.208535106685,6086.324477505342,93139.69591390382,24.07904299463769,0.08010198422081094,33824.51752437943,False,True,11
melon,gochang,origin,2027-08,26028.17159941525,6261.993826776677,108186.90269411012,24.07904299463769,0.14732507437980114,33824.51752437943,False,True,12
melon,gochang,origin,2027-09,25688.097752632777,5830.909155243052,113169.03566495562,24.07904299463769,0.1355399105530497,33824.51752437943,False,False,13
melon,gochang,origin,2027-10,24965.33598793491,5358.355516310585,116317.03030776497,24.07904299463769,0.112234246500448,33824.51752437943,False,False,14
melon,gochang,origin,2027-11,28681.771770223226,5832.351079347661,141048.44181828393,24.07904299463769,0.2547345752589426,33824.51752437943,False,False,15
melon,gochang,origin,2027-12,33441.963699112704,6454.204504354125,173276.96004957738,24.07904299463769,0.4818562218686139,33824.51752437943,False,False,16
melon,iksan,origin,2026-09,16713.8134766332,10378.13842018015,26917.30921496385,29.48531026050036,0.23349293329664444,20634.223759567587,True,True,1
melon,iksan,origin,2026-10,16240.600730203238,8277.934332826586,31862.67267571031,29.48531026050036,0.20424952471500468,20634.223759567587,False,True,2
melon,iksan,origin,2026-11,14684.078569168332,6432.624977484459,33520.08926064113,29.48531026050036,0.12013151831369684,20634.223759567587,False,True,3
melon,iksan,origin,2026-12,11767.543739829702,4537.050743897733,30520.94708331225,29.48531026050036,0.02627084352271769,20634.223759567587,False,True,4
melon,iksan,origin,2027-01,16701.044705407417,5754.078040041466,48474.29810840854,29.48531026050036,0.23268586180091333,20634.223759567587,False,True,5
melon,iksan,origin,2027-02,18147.481117993637,5647.802844888327,58311.36106778305,29.48531026050036,0.32877272396831947,20634.223759567587,False,True,6
melon,iksan,origin,2027-03,18399.19314904205,5214.881280139504,64916.20620876336,29.48531026050036,0.34614362932535736,20634.223759567587,False,True,7
melon,iksan,origin,2027-04,21392.965118372504,5557.90037567492,82343.85750398184,29.48531026050036,0.5496019870410777,20634.223759567587,False,True,8
melon,iksan,origin,2027-05,17980.252257509117,4304.547489272327,75104.171123528,29.48531026050036,0.31730002019716785,20634.223759567587,False,True,9
melon,iksan,origin,2027-06,20120.581790616205,4458.491128950833,90801.52901148474,29.48531026050036,0.46532879579120245,20634.223759567587,False,True,10
melon,iksan,origin,2027-07,17810.781308194066,3666.8003556685317,86512.46319367141,29.48531026050036,0.305743105127238,20634.223759567587,False,True,11
melon,iksan,origin,2027-08,18439.752652614763,3538.6544638806345,96088.63520309025,29.48531026050036,0.3489518884980095,20634.223759567587,False,True,12
melon,iksan,origin,2027-09,17209.465035546324,3087.283896527961,95930.82357692046,29.48531026050036,0.2654900849869011,20634.223759567587,False,False,13
melon,iksan,origin,2027-10,16821.39714060674,2828.1554230188244,100050.86688622528,29.48531026050036,0.24032943455294864,20634.223759567587,False,False,14
melon,iksan,origin,2027-11,14251.245769289453,2250.6881831854926,90238.18025704364,29.48531026050036,0.10069314102087279,20634.223759567587,False,False,15
melon,iksan,origin,2027-12,11483.66263286967,1707.0885758856216,77251.12178033989,29.48531026050036,0.021538315203384895,20634.223759567587,False,False,16
melon,jeongeup,origin,2026-09,14267.115761350515,7243.018454882985,28103.006145255607,43.56560143903798,0.03087918654389854,30808.412471668227,True,True,1
melon,jeongeup,origin,2026-10,16271.034446243195,6238.026642176339,42440.75524795564,43.56560143903798,0.060677885774164,30808.412471668227,False,True,2
melon,jeongeup,origin,2026-11,17237.581736357053,5327.602822442127,55772.59304427399,43.56560143903798,0.07940529431988985,30808.412471668227,False,True,3
melon,jeongeup,origin,2026-12,37214.32181345122,9591.287789199248,144392.05438029437,43.56560143903798,0.6766632226132964,30808.412471668227,False,True,4
melon,jeongeup,origin,2027-01,39904.159919833815,8763.602205111021,181699.48174724335,43.56560143903798,0.7349092891175115,30808.412471668227,False,True,5
melon,jeongeup,origin,2027-02,21344.111651960622,4056.0907073972844,112317.77962472946,43.56560143903798,0.18657995172473796,30808.412471668227,False,True,6
melon,jeongeup,origin,2027-03,18519.817675733844,3080.9426844670547,111324.25425231611,43.56560143903798,0.10841894570400379,30808.412471668227,False,True,7
melon,jeongeup,origin,2027-04,18098.58179436313,2660.1655592423326,123134.69055683425,43.56560143903798,0.0983848597983813,30808.412471668227,False,True,8
melon,jeongeup,origin,2027-05,37412.687908030355,4895.185246100156,285935.9035735749,43.56560143903798,0.6812825427206751,30808.412471668227,False,True,9
melon,jeongeup,origin,2027-06,17171.16129157849,2012.6703644600284,146496.30923566924,43.56560143903798,0.07802953416879033,30808.412471668227,False,True,10
melon,jeongeup,origin,2027-07,12148.980236035504,1282.5386259440752,115082.47610627304,43.56560143903798,0.011972792565944745,30808.412471668227,False,True,11
melon,jeongeup,origin,2027-08,16121.558465533224,1539.990445037387,168770.29866980514,43.56560143903798,0.058032960673973455,30808.412471668227,False,True,12
melon,jeongeup,origin,2027-09,18897.211680627835,1640.0746066146805,217736.80774167084,43.56560143903798,0.11780532207601668,30808.412471668227,False,False,13
melon,jeongeup,origin,2027-10,19203.786699361386,1519.780445980523,242657.03942297958,43.56560143903798,0.12569516773448308,30808.412471668227,False,False,14
melon,jeongeup,origin,2027-11,20870.536292786946,1510.995066120294,288273.13531006564,43.56560143903798,0.1723254807340342,30808.412471668227,False,False,15
melon,jeongeup,origin,2027-12,32554.451742920646,2162.4397327541815,490091.0357082412,43.56560143903798,0.5532063582037915,30808.412471668227,False,False,16
melon,jeonju,origin,2026-09,17505.7501912629,10239.696120595161,29927.77189379027,28.05502736115516,0.35783489404001545,19712.89141833031,True,True,1
melon,jeonju,origin,2026-10,17760.084516609553,8319.240089093837,37914.59299877847,28.05502736115516,0.3744821301818194,19712.89141833031,False,True,2
melon,jeonju,origin,2026-11,14157.44666493011,5592.439380585924,35840.0480416725,28.05502736115516,0.15494342356660917,19712.89141833031,False,True,3
melon,jeonju,origin,2026-12,13938.718624132463,4769.090179119264,40738.98156369471,28.05502736115516,0.14384060400023468,19712.89141833031,False,True,4
melon,jeonju,origin,2027-01,16219.63487006149,4889.619018954908,53803.07837855715,28.05502736115516,0.274810648776332,19712.89141833031,False,True,5
melon,jeonju,origin,2027-02,16514.34895800536,4440.080356884867,61423.149940041636,28.05502736115516,0.29353395069852073,19712.89141833031,False,True,6
melon,jeonju,origin,2027-03,16645.449497842616,4028.253801780265,68781.9096360758,28.05502736115516,0.30193825071461877,19712.89141833031,False,True,7
melon,jeonju,origin,2027-04,16815.08039862707,3689.573852424084,76634.03420601676,28.05502736115516,0.312870095283191,19712.89141833031,False,True,8
melon,jeonju,origin,2027-05,18433.43786818298,3689.141935506347,92105.87111594144,28.05502736115516,0.41845286007911164,19712.89141833031,False,True,9
melon,jeonju,origin,2027-06,19607.614215664034,3597.0820199516725,106880.66969222893,28.05502736115516,0.49344716303595915,19712.89141833031,False,True,10
melon,jeonju,origin,2027-07,16038.729841800989,2708.6263028883,94970.96541666635,28.05502736115516,0.26345374839725677,19712.89141833031,False,True,11
melon,jeonju,origin,2027-08,17677.04116123238,2758.304927699004,113286.16393277983,28.05502736115516,0.36904550257756075,19712.89141833031,False,True,12
melon,jeonju,origin,2027-09,17714.096666210124,2562.1761458907486,122469.80801967728,28.05502736115516,0.37147141387797067,19712.89141833031,False,False,13
melon,jeonju,origin,2027-10,17867.903562670457,2402.510657576197,132886.81018671652,28.05502736115516,0.3815398969184529,19712.89141833031,False,False,14
melon,jeonju,origin,2027-11,14067.083427940915,1762.8315031771965,112252.83631022058,28.05502736115516,0.15031072246327304,19712.89141833031,False,False,15
melon,jeonju,origin,2027-12,13865.060172784066,1623.1069055945545,118439.45271399373,28.05502736115516,0.14018790384646884,19712.89141833031,False,False,16
melon,namwon,origin,2026-08,11090.576132977336,6495.676747724826,18935.806650854167,28.48074323177712,0.009011589970012723,23932.72692137356,True,True,1
melon,namwon,origin,2026-09,7807.252473910809,3663.822345206494,16636.502932827418,28.48074323177712,0.0002859540157765794,23932.72692137356,False,True,2
melon,namwon,origin,2026-10,14078.494618637995,5573.774180561247,35560.107802404906,28.48074323177712,0.05138278689785758,23932.72692137356,False,True,3
melon,namwon,origin,2026-11,14928.612435637482,5121.062041980231,43518.99419037158,28.48074323177712,0.07334813311053434,23932.72692137356,False,True,4
melon,namwon,origin,2026-12,14595.226961502347,4412.714641682395,48274.28631925961,28.48074323177712,0.064161349090183,23932.72692137356,False,True,5
melon,namwon,origin,2027-01,21085.04277948718,5687.026631964283,78174.24777194124,28.48074323177712,0.3484345398722738,23932.72692137356,False,True,6
melon,namwon,origin,2027-02,11740.18589750213,2850.941838051917,48346.11603374208,28.48074323177712,0.014258253762193251,23932.72692137356,False,True,7
melon,namwon,origin,2027-03,11480.531418746634,2528.3334915206533,52130.2281122561,28.48074323177712,0.011945458735125203,23932.72692137356,False,True,8
melon,namwon,origin,2027-04,24553.830751077778,4933.216199052942,122210.4566729334,28.48074323177712,0.5313980773293427,23932.72692137356,False,True,9
melon,namwon,origin,2027-05,18097.439844175995,3333.6969068696185,98244.48294584513,28.48074323177712,0.1950625459567049,23932.72692137356,False,True,10
melon,namwon,origin,2027-06,11043.594015754532,1873.0957575264094,65111.97748153019,28.48074323177712,0.008698796700925993,23932.72692137356,False,True,11
melon,namwon,origin,2027-07,10913.500299296062,1710.607474132853,69627.01296690643,28.48074323177712,0.007875508580782786,23932.72692137356,False,True,12
melon,namwon,origin,2027-08,11390.195508527155,1655.2154126428968,78380.4650026311,28.48074323177712,0.01121015948842674,23932.72692137356,False,False,13
melon,namwon,origin,2027-09,8081.651738066682,1091.9480625509254,59813.37121732398,28.48074323177712,0.0004213447440667428,23932.72692137356,False,False,14
melon,namwon,origin,2027-10,14194.491819056302,1787.7664310675189,112701.29839105744,28.48074323177712,0.054097487093309304,23932.72692137356,False,False,15
melon,namwon,origin,2027-11,14928.612435637482,1756.7122564724048,126863.95761875925,28.48074323177712,0.07334813311053434,23932.72692137356,False,False,16
melon,namwon,origin,2027-12,14595.226961502347,1608.0181535163622,132474.03307726243,28.48074323177712,0.064161349090183,23932.72692137356,False,False,17
peach,gimje,origin,2026-09,21338.324190050876,12956.508818569962,35142.497536613846,31.49495238799813,0.17820728516983642,28224.80620155039,True,True,1
peach,gimje,origin,2026-10,21026.92678837689,10383.765636551248,42579.12453334285,31.49495238799813,0.1658512219965259,28224.80620155039,False,True,2
peach,gimje,origin,2026-11,21111.642064632055,8896.814950556442,50096.74059111073,31.49495238799813,0.16917436668235564,28224.80620155039,False,True,3
peach,gimje,origin,2026-12,21262.46619906148,7839.1506046394215,57671.10388192713,31.49495238799813,0.17516198079034262,28224.80620155039,False,True,4
peach,gimje,origin,2027-01,21489.7910010044,7042.683454672036,65573.17537259033,31.49495238799813,0.18435389230368726,28224.80620155039,False,True,5
peach,gimje,origin,2027-02,21701.05071378513,6393.580697712967,73657.56754282174,31.49495238799813,0.19306939712521043,28224.80620155039,False,True,6
peach,gimje,origin,2027-03,21830.90152982538,5831.907295240289,81720.82261902545,31.49495238799813,0.1985057991307333,28224.80620155039,False,True,7
peach,gimje,origin,2027-04,21839.645999650264,5326.031667655056,89554.50646053707,31.49495238799813,0.19887401452724074,28224.80620155039,False,True,8
peach,gimje,origin,2027-05,30675.69229935366,6867.1641808542,137028.62976076038,31.49495238799813,0.6081715184765284,28224.80620155039,False,True,9
peach,gimje,origin,2027-06,25713.036043047592,5308.543009133492,124546.45679869609,31.49495238799813,0.3793035373280187,28224.80620155039,False,True,10
peach,gimje,origin,2027-07,17401.959249296808,3326.422267117055,91037.20495974254,31.49495238799813,0.055401724275875086,28224.80620155039,False,True,11
peach,gimje,origin,2027-08,20149.92187794634,3578.478841157729,113461.43702668448,31.49495238799813,0.13324910041943072,28224.80620155039,False,True,12
peach,gimje,origin,2027-09,20276.780113309018,3355.643791259173,122524.2717461393,31.49495238799813,0.13775313763682595,28224.80620155039,False,False,13
peach,gimje,origin,2027-10,20996.413430430875,3246.6206849006685,135787.15215851154,31.49495238799813,0.1646614300946201,28224.80620155039,False,False,14
peach,gimje,origin,2027-11,21205.15016447462,3070.9524246371134,146423.10635960213,31.49495238799813,0.17287595053724436,28224.80620155039,False,False,15
peach,gimje,origin,2027-12,21447.49192917721,2915.3268796246666,157785.02001509466,31.49495238799813,0.18262863223196812,28224.80620155039,False,False,16
peach,iksan,origin,2026-09,20152.162269093948,12506.047879070053,32473.060078360417,46.41040895570608,0.3888265190601261,21872.05744377333,True,True,1
peach,iksan,origin,2026-10,14372.488147407817,7319.892389799865,28220.143759931158,46.41040895570608,0.07384192658582511,21872.05744377333,False,True,2
peach,iksan,origin,2026-11,27959.79599590806,12236.306905159303,63887.75618264203,46.41040895570608,0.8014086068428075,21872.05744377333,False,True,3
peach,iksan,origin,2026-12,19561.146620736406,7533.4026303070395,50792.24832329878,46.41040895570608,0.3501147482688076,21872.05744377333,False,True,4
peach,iksan,origin,2027-01,18804.62049251331,6470.648220044357,54648.89140040864,46.41040895570608,0.30118134086542336,21872.05744377333,False,True,5
peach,iksan,origin,2027-02,24510.511732441395,7617.53172578209,78866.12186370211,46.41040895570608,0.6527261744309799,21872.05744377333,False,True,6
peach,iksan,origin,2027-03,19151.82254287016,5420.087504770705,67672.76476454352,46.41040895570608,0.3235030784525751,21872.05744377333,False,True,7
peach,iksan,origin,2027-04,29429.51866778681,7633.586545993245,113458.66897549141,46.41040895570608,0.8469175373323572,21872.05744377333,False,True,8
peach,iksan,origin,2027-05,19028.48088279835,4547.779762932769,79617.5504491718,46.41040895570608,0.3155417554227369,21872.05744377333,False,True,9
peach,iksan,origin,2027-06,19056.045279073376,4215.061324515656,86151.26417403227,46.41040895570608,0.31731816483662034,21872.05744377333,False,True,10
peach,iksan,origin,2027-07,16114.65491880942,3311.396340576585,78420.7254112905,46.41040895570608,0.1461078569712828,21872.05744377333,False,True,11
peach,iksan,origin,2027-08,17856.825953610598,3420.0857218359934,93233.40380087466,46.41040895570608,0.242175674895184,21872.05744377333,False,True,12
peach,iksan,origin,2027-09,18919.16088652895,3387.084295992477,105676.33320312315,46.41040895570608,0.308513589422874,21872.05744377333,False,False,13
peach,iksan,origin,2027-10,13789.18587393221,2313.4566256697503,82189.41516174102,46.41040895570608,0.05584839593777702,21872.05744377333,False,False,14
peach,iksan,origin,2027-11,29006.05668691485,4570.886977432966,184067.40938429962,46.41040895570608,0.8348052747943168,21872.05744377333,False,False,15
peach,iksan,origin,2027-12,20082.240865554875,2978.55698759517,135399.92683093704,46.41040895570608,0.3842403463869759,21872.05744377333,False,False,16
peach,jeongeup,origin,2026-09,18723.21737248163,11022.951834473808,31802.630914238434,36.948306060817394,0.30199021921515024,22127.269146025214,True,True,1
peach,jeongeup,origin,2026-10,14642.58776941618,6922.005586290318,30974.458762313956,36.948306060817394,0.09992203439682279,22127.269146025214,False,True,2
peach,jeongeup,origin,2026-11,13124.767166052727,5242.964379746755,32855.3659125596,36.948306060817394,0.052424180662734465,22127.269146025214,False,True,3
peach,jeongeup,origin,2026-12,26179.90331732615,9074.086168414024,75532.38144137408,36.948306060817394,0.6992375491923374,22127.269146025214,False,True,4
peach,jeongeup,origin,2027-01,22075.36292412634,6751.9246346170985,72175.22034138166,36.948306060817394,0.4970907958729335,22127.269146025214,False,True,5
peach,jeongeup,origin,2027-02,21538.750012379263,5883.4978803458425,78850.67038870044,36.948306060817394,0.4666463816436077,22127.269146025214,False,True,6
peach,jeongeup,origin,2027-03,13871.6456687211,3414.9686923681215,56346.79872426965,36.948306060817394,0.07353774584370365,22127.269146025214,False,True,7
peach,jeongeup,origin,2027-04,14292.104356158867,3193.9226752056175,63954.03636820519,36.948306060817394,0.0873553949441852,22127.269146025214,False,True,8
peach,jeongeup,origin,2027-05,14837.63323446902,3027.728457376948,72713.04646366791,36.948306060817394,0.10731975549177308,22127.269146025214,False,True,9
peach,jeongeup,origin,2027-06,10877.879023808084,2036.85097175068,58093.720992704926,36.948306060817394,0.013733308990671489,22127.269146025214,False,True,10
peach,jeongeup,origin,2027-07,14921.423122920618,2574.617348785017,86478.43071449042,36.948306060817394,0.11058490368269847,22127.269146025214,False,True,11
peach,jeongeup,origin,2027-08,17953.165215936908,2864.914242056378,112504.63854700753,36.948306060817394,0.2581401364102698,22127.269146025214,False,True,12
peach,jeongeup,origin,2027-09,19097.400954509398,2827.4814464587903,128987.83957506403,36.948306060817394,0.3237482770784469,22127.269146025214,False,False,13
peach,jeongeup,origin,2027-10,15129.83360492564,2084.2221423514497,109830.83821116855,36.948306060817394,0.11892955158528051,22127.269146025214,False,False,14
peach,jeongeup,origin,2027-11,13178.47847799286,1693.399047402847,102558.39889675198,36.948306060817394,0.05379627577849233,22127.269146025214,False,False,15
peach,jeongeup,origin,2027-12,28382.032520961468,3409.6768010661613,236251.063376163,36.948306060817394,0.7802342553952153,22127.269146025214,False,False,16
peach,jeonju,origin,2026-09,18410.15511271888,12656.478892512932,26779.47114302611,22.662567659007625,0.39825812412896655,19523.96895113426,True,True,1
peach,jeonju,origin,2026-10,21999.74353661348,12949.770460014828,37374.30846138816,22.662567659007625,0.6998912869446086,19523.96895113426,False,True,2
peach,jeonju,origin,2026-11,26634.16740108688,13917.374011554139,50970.74150340403,22.662567659007625,0.9135994075560978,19523.96895113426,False,True,3
peach,jeonju,origin,2026-12,19876.58670643931,9394.046609869863,42056.2847413925,22.662567659007625,0.531314864547767,19523.96895113426,False,True,4
peach,jeonju,origin,2027-01,17330.352876273122,7497.207526973196,40060.39978693281,22.662567659007625,0.30042094423522014,19523.96895113426,False,True,5
peach,jeonju,origin,2027-02,15420.974073791906,6158.439863355045,38614.72169268013,22.662567659007625,0.15019101014110925,19523.96895113426,False,True,6
peach,jeonju,origin,2027-03,14398.747813244741,5342.482680689736,38806.66554873208,22.662567659007625,0.09066056471633277,19523.96895113426,False,True,7
peach,jeonju,origin,2027-04,6599.1295764946135,2286.522928973709,19045.735608219966,22.662567659007625,9.601874455533732e-07,19523.96895113426,False,True,8
peach,jeonju,origin,2027-05,11788.292245166387,3830.162929947418,36281.44196449568,22.662567659007625,0.01338664619283192,19523.96895113426,False,True,9
peach,jeonju,origin,2027-06,12904.489414351343,3945.457557211151,42206.97970524228,22.662567659007625,0.03455729442773614,19523.96895113426,False,True,10
peach,jeonju,origin,2027-07,13096.73713021139,3779.2054903840703,45386.397721502595,22.662567659007625,0.039822087928241934,19523.96895113426,False,True,11
peach,jeonju,origin,2027-08,15309.074232154311,4180.0865668259585,56067.67948434433,22.662567659007625,0.1428539992474427,19523.96895113426,False,True,12
peach,jeonju,origin,2027-09,17923.978911614977,4641.417229663309,69217.8712076965,22.662567659007625,0.35370296201503604,19523.96895113426,False,False,13
peach,jeonju,origin,2027-10,20854.351016282642,5131.712736627602,84748.30502615661,22.662567659007625,0.6138523070097308,19523.96895113426,False,False,14
peach,jeonju,origin,2027-11,26487.80957917076,6204.961909594216,113071.4525769414,22.662567659007625,0.9097259214675647,19523.96895113426,False,False,15
peach,jeonju,origin,2027-12,19268.069951606434,4303.878678790557,86261.3812720964,22.662567659007625,0.4769073718282957,19523.96895113426,False,False,16
peach,muju,origin,2026-09,16427.697658146208,9693.24606447916,27840.957358587708,30.0803146828318,0.33439182961437797,18843.478260869564,True,True,1
peach,muju,origin,2026-10,17759.94251210318,8422.376918537164,37449.708209923316,30.0803146828318,0.42674509047562703,18843.478260869564,False,True,2
peach,muju,origin,2026-11,14940.629544514934,5991.6043822468,37255.866199684904,30.0803146828318,0.23462757468245088,18843.478260869564,False,True,3
peach,muju,origin,2026-12,14687.273352813052,5113.594076217021,42184.810785731475,30.0803146828318,0.21857265788777291,18843.478260869564,False,True,4
peach,muju,origin,2027-01,14595.82082939965,4486.716824973116,47481.93255660016,30.0803146828318,0.21287080678943981,18843.478260869564,False,True,5
peach,muju,origin,2027-02,14492.576169869855,3980.6061438816523,52764.51787683423,30.0803146828318,0.20649725263223406,18843.478260869564,False,True,6
peach,muju,origin,2027-03,14419.7641997883,3571.0570289624147,58226.34527847658,30.0803146828318,0.20204437743719061,18843.478260869564,False,True,7
peach,muju,origin,2027-04,14373.322947568786,3232.5363593675856,63910.3136323346,30.0803146828318,0.1992228975687046,18843.478260869564,False,True,8
peach,muju,origin,2027-05,14361.464042467207,2950.368915334157,69907.07106867636,30.0803146828318,0.1985047944484517,18843.478260869564,False,True,9
peach,muju,origin,2027-06,11309.024019064462,2132.670255442459,59968.96329256634,30.0803146828318,0.055684239022010584,18843.478260869564,False,True,10
peach,muju,origin,2027-07,12270.78134923396,2133.0877587116383,70588.78581331875,30.0803146828318,0.09051982416943316,18843.478260869564,False,True,11
peach,muju,origin,2027-08,15212.380008886073,2446.502310189644,94590.75700476984,30.0803146828318,0.25223143256836167,18843.478260869564,False,True,12
peach,muju,origin,2027-09,15937.581934581876,2378.8317266334952,106777.84186146647,30.0803146828318,0.30074253141891505,18843.478260869564,False,False,13
peach,muju,origin,2027-10,16998.100251978227,2361.341239752529,122360.71911681133,30.0803146828318,0.37395994624641704,18843.478260869564,False,False,14
peach,muju,origin,2027-11,14895.8605893557,1930.795185478143,114919.83425604628,30.0803146828318,0.23176420018034127,18843.478260869564,False,False,15
peach,muju,origin,2027-12,14655.177021635884,1776.4836444186885,120898.50318085201,30.0803146828318,0.21656564319322824,18843.478260869564,False,False,16
peach,namwon,origin,2026-09,16587.428600414187,11762.539596551356,23391.44411080302,14.742119952262977,0.0036340631225676434,29064.98504808567,True,True,1
peach,namwon,origin,2026-10,21151.245833797184,13008.434242064437,34391.164378190704,14.742119952262977,0.06411782515748621,29064.98504808567,False,True,2
peach,namwon,origin,2026-11,18115.71963114247,9988.460707743687,32855.843092993826,14.742119952262977,0.011833063612934791,29064.98504808567,False,True,3
peach,namwon,origin,2026-12,17819.63976024719,8960.721590480412,35436.8292752591,14.742119952262977,0.009606533547163454,29064.98504808567,False,True,4
peach,namwon,origin,2027-01,17844.38338431231,8273.81605382363,38485.508536193156,14.742119952262977,0.00977876006509748,29064.98504808567,False,True,5
peach,namwon,origin,2027-02,18086.023660982166,7792.705127964524,41975.69990063865,14.742119952262977,0.011592935074623667,29064.98504808567,False,True,6
peach,namwon,origin,2027-03,18144.67731076281,7307.97190860583,45050.70884632328,14.742119952262977,0.012070977444447406,29064.98504808567,False,True,7
peach,namwon,origin,2027-04,18133.281730546387,6858.901326825354,47940.02576379969,14.742119952262977,0.011976907343188237,29064.98504808567,False,True,8
peach,namwon,origin,2027-05,32986.313352106416,11762.506488970159,92505.52759173185,14.742119952262977,0.7276376296435905,29064.98504808567,False,True,9
peach,namwon,origin,2027-06,16635.04872060872,5610.0365868099125,49326.74531707153,14.742119952262977,0.0037859816754809428,29064.98504808567,False,True,10
peach,namwon,origin,2027-07,12657.787171501692,4048.170349644808,39578.26925269849,14.742119952262977,3.4712000409942156e-05,29064.98504808567,False,True,11
peach,namwon,origin,2027-08,13457.707949533611,4091.2597095665583,44267.51565818527,14.742119952262977,0.00011436019234056793,29064.98504808567,False,True,12
peach,namwon,origin,2027-09,18087.86292430039,5237.908287871752,62462.10647212676,14.742119952262977,0.01160769527468275,29064.98504808567,False,False,13
peach,namwon,origin,2027-10,21583.729331300812,5964.574592856391,78104.03987650681,14.742119952262977,0.07719034832368887,29064.98504808567,False,False,14
peach,namwon,origin,2027-11,18365.32230531388,4851.180905260659,69526.38336210157,14.742119952262977,0.01400962438005815,29064.98504808567,False,False,15
peach,namwon,origin,2027-12,18006.496081735047,4553.206410065434,71210.01596254892,14.742119952262977,0.010968744965160981,29064.98504808567,False,False,16
sweetpotato,gimje,origin,2026-09,19325.26023964485,15460.088123499041,24156.762907601886,12.130703572347228,0.058383721214951834,23907.330019541907,True,True,1
sweetpotato,gimje,origin,2026-10,17315.089123932186,12628.986721231135,23740.013192482602,12.130703572347228,0.008699783180240228,23907.330019541907,False,True,2
sweetpotato,gimje,origin,2026-11,16701.46914301279,11347.384403027178,24581.794502404882,12.130703572347228,0.004094986178223015,23907.330019541907,False,True,3
sweetpotato,gimje,origin,2026-12,16888.13332538304,10808.237446817006,26388.118194045273,12.130703572347228,0.005200518957754419,23907.330019541907,False,True,4
sweetpotato,gimje,origin,2027-01,17036.59465756729,10343.746579829189,28060.00275492473,12.130703572347228,0.006250393635165219,23907.330019541907,False,True,5
sweetpotato,gimje,origin,2027-02,17888.540330010037,10355.869280308856,30900.33936087419,12.130703572347228,0.01625959256028031,23907.330019541907,False,True,6
sweetpotato,gimje,origin,2027-03,19167.791675879747,10620.949965126832,34592.40830022472,12.130703572347228,0.05167765446751571,23907.330019541907,False,True,7
sweetpotato,gimje,origin,2027-04,20678.07951090406,11000.128325390371,38870.725832563985,12.130703572347228,0.14237464721900905,23907.330019541907,False,True,8
sweetpotato,gimje,origin,2027-05,21713.20266156995,11116.900748000486,42409.587034156706,12.130703572347228,0.23896622062928885,23907.330019541907,False,True,9
sweetpotato,gimje,origin,2027-06,22509.467090829014,11114.711084330986,45586.08000413104,12.130703572347228,0.3284716760638374,23907.330019541907,False,True,10
sweetpotato,gimje,origin,2027-07,22359.49899190428,10666.863313231404,46869.185484811016,12.130703572347228,0.31085969019438675,23907.330019541907,False,True,11
sweetpotato,gimje,origin,2027-08,19818.218645391997,9148.434835809187,42932.12962934364,12.130703572347228,0.08336231048123777,23907.330019541907,False,True,12
sweetpotato,gimje,origin,2027-09,17896.368941354474,8004.583554879217,40012.07796623592,12.130703572347228,0.016390941682146942,23907.330019541907,False,False,13
sweetpotato,gimje,origin,2027-10,16730.26828290369,7259.157497826539,38558.45212088847,12.130703572347228,0.004251247923800383,23907.330019541907,False,False,14
sweetpotato,gimje,origin,2027-11,16528.19452668023,6964.364387630272,39225.577397557194,12.130703572347228,0.003254086780413279,23907.330019541907,False,False,15
sweetpotato,gimje,origin,2027-12,16610.832811478074,6803.585761426044,40555.050875561144,12.130703572347228,0.003634636280440695,23907.330019541907,False,False,16
sweetpotato,gochang,origin,2026-09,19985.960347783996,16488.179157291717,24225.756356277026,12.227693519159134,0.02649247776676522,25061.620221841782,True,True,1
sweetpotato,gochang,origin,2026-10,18806.619725441684,14326.823604862659,24687.18504898231,12.227693519159134,0.007042373169392713,25061.620221841782,False,True,2
sweetpotato,gochang,origin,2026-11,18602.32860522925,13330.622867326543,25958.77424340713,12.227693519159134,0.005409602327012153,25061.620221841782,False,True,3
sweetpotato,gochang,origin,2026-12,18905.964675595274,12867.50052829099,27778.160920140213,12.227693519159134,0.00797525361358753,25061.620221841782,False,True,4
sweetpotato,gochang,origin,2027-01,19533.350490965906,12704.221798657401,30033.463477726822,12.227693519159134,0.01654836805449389,25061.620221841782,False,True,5
sweetpotato,gochang,origin,2027-02,20302.550371147772,12673.309375742383,32524.539514671706,12.227693519159134,0.03587825801648048,25061.620221841782,False,True,6
sweetpotato,gochang,origin,2027-03,21359.2660715398,12838.895258821782,35534.07344774134,12.227693519159134,0.08584171088226844,25061.620221841782,False,True,7
sweetpotato,gochang,origin,2027-04,22204.31815884528,12885.930449212514,38261.24522729799,12.227693519159134,0.1503238462674903,25061.620221841782,False,True,8
sweetpotato,gochang,origin,2027-05,22703.130193611083,12747.610012153642,40433.62795823212,12.227693519159134,0.1990310715888579,25061.620221841782,False,True,9
sweetpotato,gochang,origin,2027-06,22333.218013782793,12154.45972375175,41036.182453792746,12.227693519159134,0.1621765437437177,25061.620221841782,False,True,10
sweetpotato,gochang,origin,2027-07,21226.08503519025,11213.939061736404,40177.379548856174,12.227693519159134,0.07776071646066374,25061.620221841782,False,True,11
sweetpotato,gochang,origin,2027-08,20515.51985291128,10535.345603067872,39949.95235017592,12.227693519159134,0.043500513149479114,25061.620221841782,False,True,12
sweetpotato,gochang,origin,2027-09,19538.64006931872,9764.323182911694,39097.27777410045,12.227693519159134,0.01664398685566515,25061.620221841782,False,False,13
sweetpotato,gochang,origin,2027-10,18902.908429064053,9202.471082718093,38828.69545209598,12.227693519159134,0.007945085931614804,25061.620221841782,False,False,14
sweetpotato,gochang,origin,2027-11,19006.797563709486,9022.194617996141,40041.07303418705,12.227693519159134,0.009025652720353272,25061.620221841782,False,False,15
sweetpotato,gochang,origin,2027-12,19354.82398228097,8965.611817606334,41782.894353002775,12.227693519159134,0.013572890761883838,25061.620221841782,False,False,16
sweetpotato,gunsan,gpj,2026-01,2163.7477591508055,1557.4007739882886,3006.1654285946424,23.731976838880698,0.18823924136256753,2582.163461538462,True,True,1
sweetpotato,gunsan,gpj,2026-02,2276.2975451748157,1429.7842268077911,3623.9947378195943,23.731976838880698,0.2641101406399019,2582.163461538462,False,True,2
sweetpotato,gunsan,gpj,2026-03,2184.0880638693757,1235.726822716455,3860.271204804332,23.731976838880698,0.20112899818750107,2582.163461538462,False,True,3
sweetpotato,gunsan,gpj,2026-04,2122.6316852844266,1099.6694320643091,4097.199703837833,23.731976838880698,0.16344917797615566,2582.163461538462,False,True,4
sweetpotato,gunsan,gpj,2026-05,2698.016933231922,1293.3623064953372,5628.195081493531,23.731976838880698,0.586895003532725,2582.163461538462,False,True,5
sweetpotato,gunsan,gpj,2026-06,2927.042953003099,1308.0569824121385,6549.852616455553,23.731976838880698,0.7347234151934781,2582.163461538462,False,True,6
sweetpotato,gunsan,gpj,2026-07,2359.88184106503,988.6906992962248,5632.744707472885,23.731976838880698,0.3262392167428594,2582.163461538462,False,True,7
sweetpotato,gunsan,gpj,2026-08,1780.6955701857746,702.5425319822496,4513.43024703785,23.731976838880698,0.031505427049789536,2582.163461538462,False,True,8
sweetpotato,gunsan,gpj,2026-09,1472.4198153595296,549.0512930220344,3948.6658900854004,23.731976838880698,0.0024762332865148062,2582.163461538462,False,True,9
sweetpotato,gunsan,gpj,2026-10,1397.2187361548235,493.9368214623204,3952.36822167348,23.731976838880698,0.0010618396272094044,2582.163461538462,False,True,10
sweetpotato,gunsan,gpj,2026-11,1499.686191757176,503.9247170607223,4463.084658489042,23.731976838880698,0.0032807505967301642,2582.163461538462,False,True,11
sweetpotato,gunsan,gpj,2026-12,1803.619721882239,577.3639078872042,5634.304563765858,23.731976838880698,0.03631706439613869,2582.163461538462,False,True,12
sweetpotato,gunsan,gpj,2027-01,2054.2381687830452,627.7049534656866,6722.735627281933,23.731976838880698,0.12626487002665687,2582.163461538462,False,False,13
sweetpotato,gunsan,gpj,2027-02,2217.5110309213314,647.9384426421598,7589.232014396033,23.731976838880698,0.22314357779867966,2582.163461538462,False,False,14
sweetpotato,gunsan,gpj,2027-03,2158.4332892985794,604.0215342754404,7713.026771373032,23.731976838880698,0.18493795686003445,2582.163461538462,False,False,15
sweetpotato,gunsan,gpj,2027-04,2109.449741043456,566.1665445617914,7859.486316755783,23.731976838880698,0.15587784416551131,2582.163461538462,False,False,16
sweetpotato,gunsan,gpj,2027-05,2677.694829721482,690.1696353987165,10388.822158156758,23.731976838880698,0.5721069747258409,2582.163461538462,False,False,17
sweetpotato,gunsan,gpj,2027-06,2912.0006184301064,721.6321570454904,11750.789538613612,23.731976838880698,0.7262086369399816,2582.163461538462,False,False,18
sweetpotato,gunsan,gpj,2027-07,2363.744163166905,563.796634814029,9910.10964573885,23.731976838880698,0.3291936645039748,2582.163461538462,False,False,19
sweetpotato,gunsan,gpj,2027-08,1785.0018094562238,410.19439162084166,7767.6134165850535,23.731976838880698,0.03237128318721105,2582.163461538462,False,False,20
sweetpotato,gunsan,gpj,2027-09,1476.3211884016437,327.1601704631043,6661.948635857673,23.731976838880698,0.0025800015084058714,2582.163461538462,False,False,21
sweetpotato,gunsan,gpj,2027-10,1396.6553320855676,298.72294485150087,6529.950746209801,23.731976838880698,0.0010546837737730463,2582.163461538462,False,False,22
sweetpotato,gunsan,gpj,2027-11,1497.0381384753027,309.28451270872154,7246.15393257744,23.731976838880698,0.0031941232650328777,2582.163461538462,False,False,23
sweetpotato,gunsan,gpj,2027-12,1800.1719204790447,359.50846347427307,9014.026852007937,23.731976838880698,0.035561200556496586,2582.163461538462,False,False,24
sweetpotato,iksan,origin,2026-09,20699.40952526679,15620.236591972405,27430.157806630392,16.118397946698053,0.29510428702824,22697.93541006259,True,True,1
sweetpotato,iksan,origin,2026-10,20012.797277547357,13439.756799546183,29800.54333168669,16.118397946698053,0.23097672121417523,22697.93541006259,False,True,2
sweetpotato,iksan,origin,2026-11,20007.950334710742,12286.38566491358,32582.248963537437,16.118397946698053,0.2305461799541194,22697.93541006259,False,True,3
sweetpotato,iksan,origin,2026-12,19138.491066918272,10898.506694203284,33608.44293588672,16.118397946698053,0.1594698832592616,22697.93541006259,False,True,4
sweetpotato,iksan,origin,2027-01,18770.381719337678,10001.572607200618,35227.183136778774,16.118397946698053,0.1334744737753849,22697.93541006259,False,True,5
sweetpotato,iksan,origin,2027-02,18984.708406644964,9525.854960527526,37835.88504956374,16.118397946698053,0.1482940785206298,22697.93541006259,False,True,6
sweetpotato,iksan,origin,2027-03,18843.970914989168,8946.959850102086,39688.92738921881,16.118397946698053,0.1384623048517244,22697.93541006259,False,True,7
sweetpotato,iksan,origin,2027-04,18664.374017408452,8417.45215239137,41385.308898102165,16.118397946698053,0.1264760806315759,22697.93541006259,False,True,8
sweetpotato,iksan,origin,2027-05,19294.471023738188,8291.284716384136,44899.7501376631,16.118397946698053,0.17125641890054832,22697.93541006259,False,True,9
sweetpotato,iksan,origin,2027-06,18933.898608621323,7772.974683524944,46120.376190261915,16.118397946698053,0.1447005041263455,22697.93541006259,False,True,10
sweetpotato,iksan,origin,2027-07,20002.851141621093,7862.615380341847,50888.16309064533,16.118397946698053,0.23009360408173996,22697.93541006259,False,True,11
sweetpotato,iksan,origin,2027-08,19469.186799222807,7341.603026396042,51630.30924720334,16.118397946698053,0.18498189544661514,22697.93541006259,False,True,12
sweetpotato,iksan,origin,2027-09,19256.45547088819,6977.893488610161,53140.83367818171,16.118397946698053,0.16834259875776403,22697.93541006259,False,False,13
sweetpotato,iksan,origin,2027-10,18206.484092171475,6349.394779429983,52205.93056717308,16.118397946698053,0.098814013593017,22697.93541006259,False,False,14
sweetpotato,iksan,origin,2027-11,17918.060444864237,6021.989181257796,53314.09280923851,16.118397946698053,0.08354080689497145,22697.93541006259,False,False,15
sweetpotato,iksan,origin,2027-12,17832.882520609874,5782.826354037389,54992.43441260298,16.118397946698053,0.07934604209251539,22697.93541006259,False,False,16
sweetpotato,jeongeup,origin,2026-09,20851.58302485702,13007.876143635413,33425.01956825918,23.133289599322374,0.41746094133824485,22136.06821900292,True,True,1
sweetpotato,jeongeup,origin,2026-10,18357.644739765536,9418.862224311515,35779.59973993302,23.133289599322374,0.2570505874078469,22136.06821900292,False,True,2
sweetpotato,jeongeup,origin,2026-11,16971.033322430983,7494.705015198955,38429.26058423624,23.133289599322374,0.17715637642299442,22136.06821900292,False,True,3
sweetpotato,jeongeup,origin,2026-12,17431.576192141372,6783.77416152783,44792.15276146444,23.133289599322374,0.2024463000104677,22136.06821900292,False,True,4
sweetpotato,jeongeup,origin,2027-01,17628.295767384374,6137.153952884227,50635.32934778963,23.133289599322374,0.21365767198035912,22136.06821900292,False,True,5
sweetpotato,jeongeup,origin,2027-02,17078.420447631364,5376.099586833583,54253.542047546485,23.133289599322374,0.1829269119306811,22136.06821900292,False,True,6
sweetpotato,jeongeup,origin,2027-03,16801.109472508746,4821.000366040627,58551.59885396373,23.133289599322374,0.1681913475708604,22136.06821900292,False,True,7
sweetpotato,jeongeup,origin,2027-04,17361.79329128997,4570.435112920643,65952.55349700338,23.133289599322374,0.19852575851657828,22136.06821900292,False,True,8
sweetpotato,jeongeup,origin,2027-05,18302.140711589647,4443.282992565185,75387.58057664116,23.133289599322374,0.25365848185587225,22136.06821900292,False,True,9
sweetpotato,jeongeup,origin,2027-06,19024.806968037217,4278.251922920368,84600.74037061664,23.133289599322374,0.29874283017196146,22136.06821900292,False,True,10
sweetpotato,jeongeup,origin,2027-07,17922.85391080814,3747.3347936451323,85721.90903596923,23.133289599322374,0.2308577929286586,22136.06821900292,False,True,11
sweetpotato,jeongeup,origin,2027-08,18915.026553110405,3688.9219884800295,96987.20401845349,23.133289599322374,0.29177932939621354,22136.06821900292,False,True,12
sweetpotato,jeongeup,origin,2027-09,18317.272267747932,3341.6861945761866,100405.1379436484,23.133289599322374,0.25458192110220457,22136.06821900292,False,False,13
sweetpotato,jeongeup,origin,2027-10,16065.439096675991,2748.5578314233667,93903.1845785638,23.133289599322374,0.13190620413663634,22136.06821900292,False,False,14
sweetpotato,jeongeup,origin,2027-11,14752.235732192144,2372.2319307904,91739.95859066589,23.133289599322374,0.07857756398818427,22136.06821900292,False,False,15
sweetpotato,jeongeup,origin,2027-12,15963.353425290294,2417.6508120633716,105403.41529438694,23.133289599322374,0.12721645575003704,22136.06821900292,False,False,16
sweetpotato,jeonju,origin,2026-09,18678.90960228612,11453.786639160193,30461.68703173596,29.917776602179384,0.47974961612724665,18963.063243243243,True,True,1
sweetpotato,jeonju,origin,2026-10,18299.80714111521,9163.557587986432,36545.0795923461,29.917776602179384,0.4523410299802333,18963.063243243243,False,True,2
sweetpotato,jeonju,origin,2026-11,15310.512392004386,6562.932270361062,35717.5390586232,29.917776602179384,0.23587611087835425,18963.063243243243,False,True,3
sweetpotato,jeonju,origin,2026-12,12653.035141303084,4757.621096142639,33651.124175663186,29.917776602179384,0.08677956794085095,18963.063243243243,False,True,4
sweetpotato,jeonju,origin,2027-01,12994.999819380491,4353.414329274529,38790.24773041535,29.917776602179384,0.10183585007785878,18963.063243243243,False,True,5
sweetpotato,jeonju,origin,2027-02,14389.577342131286,4342.8063136350065,47678.832794149006,29.917776602179384,0.17662931678872384,18963.063243243243,False,True,6
sweetpotato,jeonju,origin,2027-03,13087.629919033987,3588.368158610673,47733.69100563841,29.917776602179384,0.10614931174895448,18963.063243243243,False,True,7
sweetpotato,jeonju,origin,2027-04,12254.92968523412,3072.883002583112,48873.745425317546,29.917776602179384,0.07100007825346144,18963.063243243243,False,True,8
sweetpotato,jeonju,origin,2027-05,13462.096530653978,3103.883454664315,58387.51539730273,29.917776602179384,0.12458173761003644,18963.063243243243,False,True,9
sweetpotato,jeonju,origin,2027-06,14090.13681289815,3000.818620445786,66159.26535962868,29.917776602179384,0.15889287308580857,18963.063243243243,False,True,10
sweetpotato,jeonju,origin,2027-07,15797.537293549169,3119.8248966598358,79992.36906156638,29.917776602179384,0.26950682072841503,18963.063243243243,False,True,11
sweetpotato,jeonju,origin,2027-08,15381.530878724532,2826.285013809336,83711.12291122842,29.917776602179384,0.24069603794553784,18963.063243243243,False,True,12
sweetpotato,jeonju,origin,2027-09,16940.175409628595,2904.624827648862,98797.45575998253,29.917776602179384,0.3521883662369507,18963.063243243243,False,False,13
sweetpotato,jeonju,origin,2027-10,17385.36184910323,2788.9877551535396,108372.94142498467,29.917776602179384,0.3850790250604339,18963.063243243243,False,False,14
sweetpotato,jeonju,origin,2027-11,18958.51223994845,2852.1553280294393,126018.79807177364,29.917776602179384,0.49967792907269704,18963.063243243243,False,False,15
sweetpotato,jeonju,origin,2027-12,19469.768152405315,2752.650378494053,137711.59420391146,29.917776602179384,0.5353378049475744,18963.063243243243,False,False,16
sweetpotato,jinan,origin,2026-06,18050.712054314245,11815.344676426235,27576.69916459163,34.509658373068056,0.19616772286225514,22500.80811111112,True,True,1
sweetpotato,jinan,origin,2026-07,9011.749173154123,4949.097368685804,16409.380763791512,34.509658373068056,0.00019128913260291203,22500.80811111112,False,True,2
sweetpotato,jinan,origin,2026-08,17969.93242759604,8625.138065335981,37439.22346590156,34.509658373068056,0.19138611546099726,22500.80811111112,False,True,3
sweetpotato,jinan,origin,2026-09,11118.582923648655,4763.800365382895,25950.475827740775,34.509658373068056,0.0031065028340975243,22500.80811111112,False,True,4
sweetpotato,jinan,origin,2026-10,10499.474997117772,4070.27612009613,27083.90584875054,34.509658373068056,0.0015446283165527763,22500.80811111112,False,True,5
sweetpotato,jinan,origin,2026-11,11788.437027677326,4174.771204698291,33287.392468147715,34.509658373068056,0.00604956751393626,22500.80811111112,False,True,6
sweetpotato,jinan,origin,2026-12,15646.543725373427,5098.862863791915,48013.51538369467,34.509658373068056,0.0792377567591358,22500.80811111112,False,True,7
sweetpotato,jinan,origin,2027-01,18477.213761039973,5572.759345507374,61263.62313606805,34.509658373068056,0.22221309074312212,22500.80811111112,False,True,8
sweetpotato,jinan,origin,2027-02,20976.842472564727,5882.9653138339645,74796.95980597692,34.509658373068056,0.3927225106009935,22500.80811111112,False,True,9
sweetpotato,jinan,origin,2027-03,20546.092386464363,5379.210481495219,78476.55595655167,34.509658373068056,0.36213102123908003,22500.80811111112,False,True,10
sweetpotato,jinan,origin,2027-04,20935.443792553426,5134.098554046412,85368.98974129074,34.509658373068056,0.3897777195150016,22500.80811111112,False,True,11
sweetpotato,jinan,origin,2027-05,22260.01387378729,5128.196453448702,96624.26589136895,34.509658373068056,0.48334344067932045,22500.80811111112,False,True,12
sweetpotato,jinan,origin,2027-06,18032.82591539411,3912.636431456776,83110.91924629334,34.509658373068056,0.1951046418238752,22500.80811111112,False,False,13
sweetpotato,jinan,origin,2027-07,8520.828630272088,1745.1689820238973,41603.1463395963,34.509658373068056,8.186837749368792e-05,22500.80811111112,False,False,14
sweetpotato,jinan,origin,2027-08,17733.494374462534,3435.4189211683774,91539.58511183305,34.509658373068056,0.17768808144486337,22500.80811111112,False,False,15
sweetpotato,jinan,origin,2027-09,10901.298444018554,2001.1813985795686,59384.075751409815,34.509658373068056,0.002454607179125823,22500.80811111112,False,False,16
sweetpotato,jinan,origin,2027-10,10444.549160671188,1819.8709356623472,59943.04597758417,34.509658373068056,0.0014456071562197748,22500.80811111112,False,False,17
sweetpotato,jinan,origin,2027-11,11746.459216553605,1945.6184847725679,70917.96526711462,34.509658373068056,0.005816484954209611,22500.80811111112,False,False,18
sweetpotato,jinan,origin,2027-12,15547.491643530868,2451.3986786227824,98606.76621620156,34.509658373068056,0.07566224135833532,22500.80811111112,False,False,19
sweetpotato,namwon,origin,2025-12,8462.047632261605,4682.249128854495,15293.131176935603,31.32837596481367,0.03586463051920974,16175.000000000002,True,True,1
sweetpotato,namwon,origin,2026-01,9791.792210185384,4240.134942039901,22612.297957036317,31.32837596481367,0.08148660782592887,16175.000000000002,False,True,2
sweetpotato,namwon,origin,2026-02,6498.421263271652,2331.495172517104,18112.616921848392,31.32837596481367,0.00562662525384261,16175.000000000002,False,True,3
sweetpotato,namwon,origin,2026-03,10656.58298752134,3262.6919780260205,34806.46096375806,31.32837596481367,0.12304579477286737,16175.000000000002,False,True,4
sweetpotato,namwon,origin,2026-04,11783.180816906824,3137.2290697145622,44256.68227553225,31.32837596481367,0.18927842112207283,16175.000000000002,False,True,5
sweetpotato,namwon,origin,2026-05,12090.478097770354,2837.0912126605667,51524.48394339085,31.32837596481367,0.20925825218220606,16175.000000000002,False,True,6
sweetpotato,namwon,origin,2026-06,12499.129053629298,2611.356959579074,59826.454030422006,31.32837596481367,0.2368099292544752,16175.000000000002,False,True,7
sweetpotato,namwon,origin,2026-07,15975.584952132991,2995.654670028243,85196.50716629894,31.32837596481367,0.4862465922971235,16175.000000000002,False,True,8
sweetpotato,namwon,origin,2026-08,15910.881699696678,2695.450758678321,93919.78527030279,31.32837596481367,0.48174993064853455,16175.000000000002,False,True,9
sweetpotato,namwon,origin,2026-09,13962.569807439277,2148.7889157673694,90727.08547456075,31.32837596481367,0.3413279725491154,16175.000000000002,False,True,10
sweetpotato,namwon,origin,2026-10,12162.094101166793,1708.3085371477944,86586.54435609079,31.32837596481367,0.21401078155330033,16175.000000000002,False,True,11
sweetpotato,namwon,origin,2026-11,10844.13536044092,1395.8805263800555,84244.51053882496,31.32837596481367,0.13319801036397472,16175.000000000002,False,True,12
sweetpotato,namwon,origin,2026-12,9401.790017139037,1113.0337669519124,79416.8677994782,31.32837596481367,0.06576236990367579,16175.000000000002,False,False,13
sweetpotato,namwon,origin,2027-01,10207.919839608378,1114.9436592014906,93459.09687176328,31.32837596481367,0.10036820479342323,16175.000000000002,False,False,14
sweetpotato,namwon,origin,2027-02,6621.192097048575,669.111256989446,65520.02275865164,31.32837596481367,0.006519334601375881,16175.000000000002,False,False,15
sweetpotato,namwon,origin,2027-03,10773.716631222007,1009.9078691974627,114934.21686287946,31.32837596481367,0.1293415428898017,16175.000000000002,False,False,16
sweetpotato,namwon,origin,2027-04,11915.428204381711,1038.4489157178755,136720.66785839605,31.32837596481367,0.19779163289492874,16175.000000000002,False,False,17
sweetpotato,namwon,origin,2027-05,12229.766102645592,993.0488648442814,150614.11801610846,31.32837596481367,0.21853265127552013,16175.000000000002,False,False,18
sweetpotato,namwon,origin,2027-06,12687.08616022282,961.6865677617255,167374.8606175797,31.32837596481367,0.24980153657514914,16175.000000000002,False,False,19
sweetpotato,namwon,origin,2027-07,16540.242730283346,1172.4902917602583,233332.106456904,31.32837596481367,0.5247452851986389,16175.000000000002,False,False,20
sweetpotato,namwon,origin,2027-08,16720.900598653992,1110.3035164919793,251812.6914642508,31.32837596481367,0.5367551012857676,16175.000000000002,False,False,21
sweetpotato,namwon,origin,2027-09,14487.379019956416,902.5155986317233,232554.5964923735,31.32837596481367,0.37969540363192944,16175.000000000002,False,False,22
sweetpotato,namwon,origin,2027-10,12517.541732531561,732.6387462076622,213869.1842831593,31.32837596481367,0.23807447895090106,16175.000000000002,False,False,23
sweetpotato,namwon,origin,2027-11,11357.210052629332,625.3617382380023,206258.57370643097,31.32837596481367,0.16282728674713876,16175.000000000002,False,False,24
sweetpotato,namwon,origin,2027-12,9644.636642084293,500.24312643233475,185947.61435551115,31.32837596481367,0.07532611463501926,16175.000000000002,False,False,25
sweetpotato,wanju,origin,2026-09,19945.491198222353,14353.839124369333,27715.415763784,16.418749864973517,0.19328141756367112,23716.45397790446,True,True,1
sweetpotato,wanju,origin,2026-10,17476.697474258493,10974.917285272004,27830.27394809047,16.418749864973517,0.06343402054930047,23716.45397790446,False,True,2
sweetpotato,wanju,origin,2026-11,17135.287750698706,9692.186548001944,30294.30818784383,16.418749864973517,0.05205823082644989,23716.45397790446,False,True,3
sweetpotato,wanju,origin,2026-12,17223.30612232806,8919.965963227867,33255.98718720641,16.418749864973517,0.05484393659124587,23716.45397790446,False,True,4
sweetpotato,wanju,origin,2027-01,18040.459453798816,8645.013302629415,37646.926142400465,16.418749864973517,0.08568421352381128,23716.45397790446,False,True,5
sweetpotato,wanju,origin,2027-02,19284.454575108855,8614.546959057381,43170.02275649906,16.418749864973517,0.150476040399391,23716.45397790446,False,True,6
sweetpotato,wanju,origin,2027-03,20229.08226466508,8471.495127701251,48305.02326944364,16.418749864973517,0.213227198045157,23716.45397790446,False,True,7
sweetpotato,wanju,origin,2027-04,21382.23019205767,8432.119934219332,54221.21264318463,16.418749864973517,0.30220581721373796,23716.45397790446,False,True,8
sweetpotato,wanju,origin,2027-05,20894.31849099542,7787.502966749996,56060.65860484039,16.418749864973517,0.26320798664281575,23716.45397790446,False,True,9
sweetpotato,wanju,origin,2027-06,21746.58548909605,7683.788476993997,61546.98061386163,16.418749864973517,0.33229656995136647,23716.45397790446,False,True,10
sweetpotato,wanju,origin,2027-07,21777.883142625884,7313.872493784874,64846.11190267473,16.418749864973517,0.33491209505644637,23716.45397790446,False,True,11
sweetpotato,wanju,origin,2027-08,20268.8008647133,6484.683454957831,63353.02121483032,16.418749864973517,0.21609033198118466,23716.45397790446,False,True,12
sweetpotato,wanju,origin,2027-09,18702.224560417984,5711.420517462474,61241.0174384607,16.418749864973517,0.11747883101332612,23716.45397790446,False,False,13
sweetpotato,wanju,origin,2027-10,16929.666628299885,4943.708890156858,57975.42260549182,16.418749864973517,0.045938243906462506,23716.45397790446,False,False,14
sweetpotato,wanju,origin,2027-11,16546.602170562066,4627.536935142179,59165.39343244318,16.418749864973517,0.03592875083349756,23716.45397790446,False,False,15
sweetpotato,wanju,origin,2027-12,17039.25917732854,4570.293193968367,63526.85505939653,16.418749864973517,0.04913317028942599,23716.45397790446,False,False,16
tomato,buan,origin,2026-08,5707.563917070193,3388.392262424142,9614.08341905956,29.7938888826164,0.0008481506055472154,15436.642270600001,True,True,1
tomato,buan,origin,2026-09,7877.564509952137,3768.194079341055,16468.37219682411,29.7938888826164,0.016907254115681725,15436.642270600001,False,True,2
tomato,buan,origin,2026-10,13286.676629813874,5384.943590749374,32783.217296557654,29.7938888826164,0.31805099995702846,15436.642270600001,False,True,3
tomato,buan,origin,2026-11,16563.99056989335,5837.820937836548,46997.97861583499,29.7938888826164,0.5879865451014845,15436.642270600001,False,True,4
tomato,buan,origin,2026-12,13778.723979126744,4293.737848970706,44216.307835019295,29.7938888826164,0.3600081337398794,15436.642270600001,False,True,5
tomato,buan,origin,2027-01,13196.872685277074,3679.3125133673934,47334.236501704276,29.7938888826164,0.31045855524844934,15436.642270600001,False,True,6
tomato,buan,origin,2027-02,13082.002675122412,3292.494499601978,51978.46010451909,29.7938888826164,0.30078950951401673,15436.642270600001,False,True,7
tomato,buan,origin,2027-03,13366.553725868733,3058.454594603223,58416.678417197065,29.7938888826164,0.3248255771310151,15436.642270600001,False,True,8
tomato,buan,origin,2027-04,12031.700030288666,2517.4200603988024,57504.03275801161,29.7938888826164,0.21588688086922603,15436.642270600001,False,True,9
tomato,buan,origin,2027-05,8892.260694477935,1709.5899283376302,46252.202910112755,29.7938888826164,0.04092601331606893,15436.642270600001,False,True,10
tomato,buan,origin,2027-06,6661.2069362285965,1181.6250408916815,37551.402781525416,29.7938888826164,0.0040081258505284545,15436.642270600001,False,True,11
tomato,buan,origin,2027-07,6401.86663935873,1051.565208399082,38974.1845211185,29.7938888826164,0.0027460056020068846,15436.642270600001,False,True,12
tomato,buan,origin,2027-08,5436.320667258851,829.4732251690411,35629.338597689995,29.7938888826164,0.0004966403432816735,15436.642270600001,False,False,13
tomato,buan,origin,2027-09,7609.567629609121,1081.5213354194168,53540.80184385735,29.7938888826164,0.01282500300607703,15436.642270600001,False,False,14
tomato,buan,origin,2027-10,13367.525397274989,1774.1340525955789,100719.97377276266,29.7938888826164,0.32490810011642324,15436.642270600001,False,False,15
tomato,buan,origin,2027-11,16012.818936369551,1989.0210688556635,128912.84778419917,29.7938888826164,0.5460181176133042,15436.642270600001,False,False,16
tomato,buan,origin,2027-12,13331.417092848344,1552.9939484890067,114441.32276008482,29.7938888826164,0.32184324190598024,15436.642270600001,False,False,17
tomato,gimje,origin,2026-09,9233.845829582075,5648.4482431762635,15095.103138724035,25.46716665798345,0.029625036026010965,16223.749141197706,True,True,1
tomato,gimje,origin,2026-10,16151.69700849813,8060.265977302868,32365.84462459915,25.46716665798345,0.49405704014617435,16223.749141197706,False,True,2
tomato,gimje,origin,2026-11,14613.410307418795,6237.913253131872,34234.487102839375,25.46716665798345,0.36321558104772333,16223.749141197706,False,True,3
tomato,gimje,origin,2026-12,13119.748160656298,4909.288645989216,35061.65642545159,25.46716665798345,0.23862065184073078,16223.749141197706,False,True,4
tomato,gimje,origin,2027-01,12364.829573187428,4119.947442181896,37109.4564966104,25.46716665798345,0.18165023688984017,16223.749141197706,False,True,5
tomato,gimje,origin,2027-02,12774.689682235414,3832.642267705731,42579.68395654656,25.46716665798345,0.21186944879143366,16223.749141197706,False,True,6
tomato,gimje,origin,2027-03,14318.04629033277,3900.6678955466473,52556.755679242975,25.46716665798345,0.3378940553496127,16223.749141197706,False,True,7
tomato,gimje,origin,2027-04,11637.673313914514,2898.201587355375,46730.85569764787,25.46716665798345,0.1330804853626073,16223.749141197706,False,True,8
tomato,gimje,origin,2027-05,8763.363806872332,2005.9053883773545,38285.22803546746,25.46716665798345,0.019634177394592944,16223.749141197706,False,True,9
tomato,gimje,origin,2027-06,7206.090049833365,1523.0023006328224,34095.63714035819,25.46716665798345,0.003301778383844489,16223.749141197706,False,True,10
tomato,gimje,origin,2027-07,7388.1072808221725,1447.3985650159286,37711.885663184206,25.46716665798345,0.004235297786504888,16223.749141197706,False,True,11
tomato,gimje,origin,2027-08,7546.52759400875,1375.063232359285,41416.33445425093,25.46716665798345,0.005207996927052871,16223.749141197706,False,True,12
tomato,gimje,origin,2027-09,10011.358885804188,1701.6710691014382,58899.34227611636,25.46716665798345,0.05307404132301985,16223.749141197706,False,False,13
tomato,gimje,origin,2027-10,15427.846308099623,2452.649944353658,97045.41908000152,25.46716665798345,0.4331509386537712,16223.749141197706,False,False,14
tomato,gimje,origin,2027-11,13698.912208103833,2041.6644426353616,91915.29801200151,25.46716665798345,0.2856403737843013,16223.749141197706,False,False,15
tomato,gimje,origin,2027-12,12773.251712816202,1788.4944979544907,91225.30681842424,25.46716665798345,0.21176031532135187,16223.749141197706,False,False,16
tomato,gunsan,gpj,2026-08,2708.8485345097074,1752.831521318128,4186.28960836882,29.748751062014225,0.019611398380735334,4674.476964769648,True,True,1
tomato,gunsan,gpj,2026-09,3761.636320529029,2032.4854352793009,6961.874147933914,29.748751062014225,0.20580745673093825,4674.476964769648,False,True,2
tomato,gunsan,gpj,2026-10,5282.057661754592,2485.240238659412,11226.33245192838,29.748751062014225,0.6778868000613352,4674.476964769648,False,True,3
tomato,gunsan,gpj,2026-11,4241.111681977554,1775.7859434138445,10129.052077317085,29.748751062014225,0.3565582866526874,4674.476964769648,False,True,4
tomato,gunsan,gpj,2026-12,3152.209560260164,1190.9639693722338,8343.178607689655,29.748751062014225,0.06824251185526042,4674.476964769648,False,True,5
tomato,gunsan,gpj,2027-01,2862.9153001349528,985.7024124017047,8315.170900085577,29.748751062014225,0.03195585451787131,4674.476964769648,False,True,6
tomato,gunsan,gpj,2027-02,3620.0138361163313,1144.3144207809783,11451.835208657114,29.748751062014225,0.1670016272948106,4674.476964769648,False,True,7
tomato,gunsan,gpj,2027-03,4432.4405393562065,1294.0295454287398,15182.4424753911,29.748751062014225,0.4203797509533529,4674.476964769648,False,True,8
tomato,gunsan,gpj,2027-04,3940.3966433124338,1067.5944265805088,14543.65564305145,29.748751062014225,0.2592684262006897,4674.476964769648,False,True,9
tomato,gunsan,gpj,2027-05,2284.4074060390262,576.7162785109481,9048.673309933087,29.748751062014225,0.0034063750233210843,4674.476964769648,False,True,10
tomato,gunsan,gpj,2027-06,1748.489989120069,412.73691843589665,7407.181440513477,29.748751062014225,0.0001011152672530935,4674.476964769648,False,True,11
tomato,gunsan,gpj,2027-07,1798.2870745268142,398.09754587371697,8123.226168884832,29.748751062014225,0.00015304569749274854,4674.476964769648,False,True,12
tomato,gunsan,gpj,2027-08,2960.398918891474,616.2265806781327,14221.979437059368,29.748751062014225,0.04215049332309384,4674.476964769648,False,False,13
tomato,gunsan,gpj,2027-09,4173.829551082508,818.8319534913059,21275.24829387912,29.748751062014225,0.33428673918085916,4674.476964769648,False,False,14
tomato,gunsan,gpj,2027-10,5383.580424062529,997.4814341185612,29056.117929613873,29.748751062014225,0.7032405135180169,4674.476964769648,False,False,15
tomato,gunsan,gpj,2027-11,4118.8955351315135,722.1087163779243,23494.108358674515,29.748751062014225,0.3162626971248359,4674.476964769648,False,False,16
tomato,gunsan,gpj,2027-12,3161.519195376207,525.3457045387139,19025.9547882068,29.748751062014225,0.06972204630174494,4674.476964769648,False,False,17
tomato,iksan,origin,2026-08,8588.793533941622,4453.3436738555365,16564.491710295606,32.57026487554673,0.04739603366766798,16734.964080300633,True,True,1
tomato,iksan,origin,2026-09,11052.030425356665,4365.5943557563905,27979.55251200749,32.57026487554673,0.1493778971013111,16734.964080300633,False,True,2
tomato,iksan,origin,2026-10,12884.14795676503,4130.42959321742,40189.83130578069,32.57026487554673,0.2562507602311538,16734.964080300633,False,True,3
tomato,iksan,origin,2026-11,12970.625042242951,3487.136942567496,48245.05511463824,32.57026487554673,0.261673897874102,16734.964080300633,False,True,4
tomato,iksan,origin,2026-12,13453.811624634007,3097.5334556072057,58435.21944968143,32.57026487554673,0.2923307049953252,16734.964080300633,False,True,5
tomato,iksan,origin,2027-01,13101.042727722806,2621.795609526566,65465.561056688275,32.57026487554673,0.2698931344511514,16734.964080300633,False,True,6
tomato,iksan,origin,2027-02,12830.47281732707,2257.110452860946,72934.41599524178,32.57026487554673,0.2528962916225326,16734.964080300633,False,True,7
tomato,iksan,origin,2027-03,11624.198756246911,1813.7007894848919,74500.71009954633,32.57026487554673,0.18070329676406138,16734.964080300633,False,True,8
tomato,iksan,origin,2027-04,11062.511485474324,1542.1118753250348,79358.15962798236,32.57026487554673,0.1499305735575891,16734.964080300633,False,True,9
tomato,iksan,origin,2027-05,10425.649226856593,1306.4001161584845,83201.27995783901,32.57026487554673,0.11796250008839415,16734.964080300633,False,True,10
tomato,iksan,origin,2027-06,9977.770934982029,1129.7432023977499,88122.60398617685,32.57026487554673,0.0976243777282566,16734.964080300633,False,True,11
tomato,iksan,origin,2027-07,8612.043306465248,885.0855396842051,83796.74798313333,32.57026487554673,0.04806889640659995,16734.964080300633,False,True,12
tomato,iksan,origin,2027-08,9081.855451758476,850.5614255296038,96971.3602933248,32.57026487554673,0.06290461522177371,16734.964080300633,False,False,13
tomato,iksan,origin,2027-09,10538.011495776604,902.5391472444991,123041.40670702269,32.57026487554673,0.12335338538669838,16734.964080300633,False,False,14
tomato,iksan,origin,2027-10,13137.327606736128,1032.1770826036422,167209.07638383,32.57026487554673,0.2721879381396012,16734.964080300633,False,False,15
tomato,iksan,origin,2027-11,13451.959841790584,972.3032962192543,186109.8530559143,32.57026487554673,0.2922122646250187,16734.964080300633,False,False,16
tomato,iksan,origin,2027-12,13774.186705985783,918.2623544334191,206616.57150087622,32.57026487554673,0.3129000422791147,16734.964080300633,False,False,17
tomato,imsil,origin,2026-08,10595.924706109672,6403.223286804351,17533.922424494678,25.979423028676887,0.06762622885861669,16740.217975504358,True,True,1
tomato,imsil,origin,2026-09,13615.879447412171,6678.828870092326,27758.18586348932,25.979423028676887,0.2499363491407809,16740.217975504358,False,True,2
tomato,imsil,origin,2026-10,17179.32785225937,7180.207549485091,41103.1719377776,25.979423028676887,0.5336970342100157,16740.217975504358,False,True,3
tomato,imsil,origin,2026-11,14830.32695986613,5415.8956930068625,40609.82895599749,25.979423028676887,0.34618244475560855,16740.217975504358,False,True,4
tomato,imsil,origin,2026-12,12843.008680129558,4164.364935541695,39608.1694354262,25.979423028676887,0.19336901661294115,16740.217975504358,False,True,5
tomato,imsil,origin,2027-01,11620.340264798942,3383.8953748215017,39904.39801255097,25.979423028676887,0.11657355321739038,16740.217975504358,False,True,6
tomato,imsil,origin,2027-02,11759.432390236125,3102.0882097658205,44577.79430810374,25.979423028676887,0.12436702914183118,16740.217975504358,False,True,7
tomato,imsil,origin,2027-03,11675.155528953146,2809.130473910169,48523.64740307329,25.979423028676887,0.11961354818554948,16740.217975504358,False,True,8
tomato,imsil,origin,2027-04,11353.233395769665,2505.52600357243,51444.65008746155,25.979423028676887,0.1023559286487945,16740.217975504358,False,True,9
tomato,imsil,origin,2027-05,9008.821477337202,1832.1063442898371,44298.1187546681,25.979423028676887,0.02150201630654025,16740.217975504358,False,True,10
tomato,imsil,origin,2027-06,7132.294087541244,1341.9922729809537,37906.044599034554,25.979423028676887,0.002663831562471297,16740.217975504358,False,True,11
tomato,imsil,origin,2027-07,6888.874788046052,1203.3998455268656,39435.434549685655,25.979423028676887,0.0018661819300878069,16740.217975504358,False,True,12
tomato,imsil,origin,2027-08,10812.616322269994,1758.9428279219576,66467.57920536959,25.979423028676887,0.07670526568504055,16740.217975504358,False,False,13
tomato,imsil,origin,2027-09,13550.962621294475,2058.3498773144593,89211.55241270318,25.979423028676887,0.24500311962468846,16740.217975504358,False,False,14
tomato,imsil,origin,2027-10,17328.631335166647,2463.6955773249606,121882.53561593028,25.979423028676887,0.5449168419277949,16740.217975504358,False,False,15
tomato,imsil,origin,2027-11,14272.927402429395,1903.4969620082773,107022.21264387503,25.979423028676887,0.30126397599080934,16740.217975504358,False,False,16
tomato,imsil,origin,2027-12,12617.288989752695,1581.52852820242,100659.56991106458,25.979423028676887,0.17788373253321044,16740.217975504358,False,False,17
tomato,jangsu,origin,2026-09,21355.473383852208,14020.906730511255,32526.87234955956,20.705385066263293,0.44159151090071,22173.352753949188,True,True,1
tomato,jangsu,origin,2026-10,24244.202585954008,13371.627584931126,43957.353380912784,20.705385066263293,0.636483184410563,22173.352753949188,False,True,2
tomato,jangsu,origin,2026-11,18623.880047926647,8986.015182620053,38598.74493762312,20.705385066263293,0.24761394098192024,22173.352753949188,False,True,3
tomato,jangsu,origin,2026-12,14324.301896178898,6174.577706323166,33230.71383533664,20.705385066263293,0.04379603570844903,22173.352753949188,False,True,4
tomato,jangsu,origin,2027-01,12462.348901016974,4864.0302459846525,31930.34012460971,20.705385066263293,0.012141125905180794,22173.352753949188,False,True,5
tomato,jangsu,origin,2027-02,12524.70837275817,4468.5308670565055,35105.12168084683,20.705385066263293,0.012770531791286066,22173.352753949188,False,True,6
tomato,jangsu,origin,2027-03,14050.09655849521,4615.438446498653,42770.630697673754,20.705385066263293,0.0372277174087442,22173.352753949188,False,True,7
tomato,jangsu,origin,2027-04,13036.37231136659,3965.6053469723724,42855.24861174479,20.705385066263293,0.018920213381553697,22173.352753949188,False,True,8
tomato,jangsu,origin,2027-05,11092.491661474898,3139.278194412714,39194.796905506075,20.705385066263293,0.0033857029442584397,22173.352753949188,False,True,9
tomato,jangsu,origin,2027-06,10844.505746503266,2866.533063397965,41026.32074528956,20.705385066263293,0.00258474638972761,22173.352753949188,False,True,10
tomato,jangsu,origin,2027-07,15640.439568462782,3874.2872452981824,63140.22022802002,20.705385066263293,0.08619329568265455,22173.352753949188,False,True,11
tomato,jangsu,origin,2027-08,18801.79714146044,4377.169124196654,80761.68996863002,20.705385066263293,0.25951360845095717,22173.352753949188,False,True,12
tomato,jangsu,origin,2027-09,20576.587779932823,4513.565886813306,93805.20308837437,20.705385066263293,0.3850693406729102,22173.352753949188,False,False,13
tomato,jangsu,origin,2027-10,23412.109738625815,4849.711324589046,113022.57922741512,20.705385066263293,0.5841550112074292,22173.352753949188,False,False,14
tomato,jangsu,origin,2027-11,17852.45710961857,3499.256158221857,91079.42100835592,20.705385066263293,0.19838403021837947,22173.352753949188,False,False,15
tomato,jangsu,origin,2027-12,13930.328165690753,2588.3853762471686,74971.0783350163,20.705385066263293,0.03458755742880226,22173.352753949188,False,False,16
tomato,jeongeup,origin,2026-09,37832.35188264917,19822.219015812978,72206.18679628117,34.25162996765276,0.9778008814267746,17171.71572304627,True,True,1
tomato,jeongeup,origin,2026-10,32689.729776105516,13104.665143827446,81544.8865809547,34.25162996765276,0.9493386952961704,17171.71572304627,False,True,2
tomato,jeongeup,origin,2026-11,18241.42906675922,5954.605895852874,55881.06756642854,34.25162996765276,0.5611161984932187,17171.71572304627,False,True,3
tomato,jeongeup,origin,2026-12,14244.959845096451,3910.5612198802037,51889.96401765231,34.25162996765276,0.3171928709947097,17171.71572304627,False,True,4
tomato,jeongeup,origin,2027-01,13609.79703378185,3207.470079076286,57748.49670743627,34.25162996765276,0.2770426667046457,17171.71572304627,False,True,5
tomato,jeongeup,origin,2027-02,12541.432326992624,2574.828171673259,61086.610183514465,34.25162996765276,0.2119393913567038,17171.71572304627,False,True,6
tomato,jeongeup,origin,2027-03,16080.228479474226,2908.0410550065667,88916.8148114436,34.25162996765276,0.4336302577605128,17171.71572304627,False,True,7
tomato,jeongeup,origin,2027-04,11720.981334152963,1883.619463847541,72934.79711392583,34.25162996765276,0.16555042152735766,17171.71572304627,False,True,8
tomato,jeongeup,origin,2027-05,10194.510432552437,1466.3348766701922,70876.06290551047,34.25162996765276,0.09225301916360029,17171.71572304627,False,True,9
tomato,jeongeup,origin,2027-06,9464.806324647243,1225.8162820943714,73079.9223926329,34.25162996765276,0.06475664079476151,17171.71572304627,False,True,10
tomato,jeongeup,origin,2027-07,11574.8429060194,1356.7561894206087,98748.0207156758,34.25162996765276,0.15773029942464944,17171.71572304627,False,True,11
tomato,jeongeup,origin,2027-08,19708.51925786101,2100.1113629742626,184954.82581808142,34.25162996765276,0.6370825035096068,17171.71572304627,False,True,12
tomato,jeongeup,origin,2027-09,31448.60541374106,3058.3221817317562,323384.75925684196,34.25162996765276,0.9382157943540412,17171.71572304627,False,False,13
tomato,jeongeup,origin,2027-10,25003.834602012597,2226.803875396427,280757.4352247355,34.25162996765276,0.8305471840325711,17171.71572304627,False,False,14
tomato,jeongeup,origin,2027-11,16265.46806662601,1330.691141591095,198818.07517715346,34.25162996765276,0.4451245831318291,17171.71572304627,False,False,15
tomato,jeongeup,origin,2027-12,13813.163798814952,1040.9955701091426,183289.4390827112,34.25162996765276,0.28982314587496216,17171.71572304627,False,False,16
tomato,jeonju,origin,2026-09,13346.106165641424,8998.172695129248,19794.969025320934,20.832790320623904,0.19252798932307746,16434.41949607286,True,True,1
tomato,jeonju,origin,2026-10,19020.05359817777,10891.758899825189,33214.32674050114,20.832790320623904,0.7289824497941741,16434.41949607286,False,True,2
tomato,jeonju,origin,2026-11,15741.565615490887,7952.806038184899,31158.4221766536,20.832790320623904,0.42867704270491735,16434.41949607286,False,True,3
tomato,jeonju,origin,2026-12,12958.40861862171,5890.486540052512,28507.043142428167,20.832790320623904,0.1606874101214404,16434.41949607286,False,True,4
tomato,jeonju,origin,2027-01,11846.077401613311,4906.3572362188115,28601.576087672234,20.832790320623904,0.08594543811161115,16434.41949607286,False,True,5
tomato,jeonju,origin,2027-02,13550.273179795946,5159.347634850135,35587.81385593349,20.832790320623904,0.21033368729462476,16434.41949607286,False,True,6
tomato,jeonju,origin,2027-03,14720.250400595403,5187.5453748206455,41770.385837583315,20.832790320623904,0.3228769383093918,16434.41949607286,False,True,7
tomato,jeonju,origin,2027-04,11991.327937874816,3932.238452655743,36567.45323177015,20.832790320623904,0.09420497143227236,16434.41949607286,False,True,8
tomato,jeonju,origin,2027-05,8993.318816883508,2756.2539920394847,29344.096580251713,20.832790320623904,0.005936950823470011,16434.41949607286,False,True,9
tomato,jeonju,origin,2027-06,7457.56561674657,2143.9485216216813,25940.587829978904,20.832790320623904,0.00048814513864647857,16434.41949607286,False,True,10
tomato,jeonju,origin,2027-07,7133.683033042517,1929.7756014323402,26370.648265086853,20.832790320623904,0.00024832426618448533,16434.41949607286,False,True,11
tomato,jeonju,origin,2027-08,11194.83218101148,2857.3439457509953,43860.40670650564,20.832790320623904,0.054565404719825183,16434.41949607286,False,True,12
tomato,jeonju,origin,2027-09,13964.163012998273,3370.882587371508,57847.71305417708,20.832790320623904,0.24834426189222025,16434.41949607286,False,False,13
tomato,jeonju,origin,2027-10,19368.844406994613,4431.2987021987565,84659.63566757993,20.832790320623904,0.7535076844553834,16434.41949607286,False,False,14
tomato,jeonju,origin,2027-11,15482.710451988805,3363.4987449257346,71269.33622370542,20.832790320623904,0.4017057574216578,16434.41949607286,False,False,15
tomato,jeonju,origin,2027-12,12836.568217177384,2652.4544101597994,62122.64495973803,20.832790320623904,0.15125673931724903,16434.41949607286,False,False,16
tomato,jinan,origin,2026-09,18284.004159266315,11734.4807839992,28489.10098791216,26.4332409091593,0.47997070783071805,18533.277611520327,True,True,1
tomato,jinan,origin,2026-10,22770.63979751846,12161.501255727222,42634.70651241787,26.4332409091593,0.7774871020587666,18533.277611520327,False,True,2
tomato,jinan,origin,2026-11,17522.627121430767,8128.180868148584,37775.05277224945,26.4332409091593,0.41761781141876486,18533.277611520327,False,True,3
tomato,jinan,origin,2026-12,14218.099132573429,5856.345243290378,34518.85682035118,26.4332409091593,0.16277307897029836,18533.277611520327,False,True,4
tomato,jinan,origin,2027-01,13270.635333556862,4922.757034548567,35774.619978253235,26.4332409091593,0.10768819063327673,18533.277611520327,False,True,5
tomato,jinan,origin,2027-02,12218.908241642013,4123.276617630485,36209.483976718024,26.4332409091593,0.06115138870515613,18533.277611520327,False,True,6
tomato,jinan,origin,2027-03,13499.249924034852,4175.594037315207,43641.63443166608,26.4332409091593,0.11988488440112999,18533.277611520327,False,True,7
tomato,jinan,origin,2027-04,12053.164873256548,3438.151490474133,42254.91048443333,26.4332409091593,0.05526256799646767,18533.277611520327,False,True,8
tomato,jinan,origin,2027-05,9638.894354844628,2548.032249571546,36462.75842838263,26.4332409091593,0.007655986921703217,18533.277611520327,False,True,9
tomato,jinan,origin,2027-06,9357.352692464974,2301.8383187400955,38039.18315996548,26.4332409091593,0.005624458769339924,18533.277611520327,False,True,10
tomato,jinan,origin,2027-07,10776.763335066586,2475.607316148723,46913.186603726455,26.4332409091593,0.022161482592150117,18533.277611520327,False,True,11
tomato,jinan,origin,2027-08,12818.743786303121,2758.250759455472,59574.05855707066,26.4332409091593,0.08574654742103183,18533.277611520327,False,True,12
tomato,jinan,origin,2027-09,18276.927487105437,3693.5774662890185,90439.71093546071,26.4332409091593,0.47939861640495807,18533.277611520327,False,False,13
tomato,jinan,origin,2027-10,22510.941318742873,4282.749078632234,118321.77644591815,26.4332409091593,0.7646030316896781,18533.277611520327,False,False,14
tomato,jinan,origin,2027-11,17343.86041414291,3113.0090847980273,96629.81567713286,26.4332409091593,0.40283066548451507,18533.277611520327,False,False,15
tomato,jinan,origin,2027-12,14230.918168457181,2414.3664535948255,83880.81751872745,26.4332409091593,0.16359691009051658,18533.277611520327,False,False,16
tomato,muju,origin,2026-09,16793.824731005603,10079.927394315166,27979.621088818054,26.16415313735695,0.14146751451230566,23434.512417687078,True,True,1
tomato,muju,origin,2026-10,19872.664991644964,9654.637628132952,40904.98567438443,26.16415313735695,0.2976107408853721,23434.512417687078,False,True,2
tomato,muju,origin,2026-11,20047.15939437797,8280.768963593597,48532.7632675782,26.16415313735695,0.30744268312412204,23434.512417687078,False,True,3
tomato,muju,origin,2026-12,18301.32422049046,6593.2279346016785,50800.37753066785,26.16415313735695,0.21280338057934955,23434.512417687078,False,True,4
tomato,muju,origin,2027-01,15058.094973380132,4808.960112117098,47150.78082182577,26.16415313735695,0.07703304835266223,23434.512417687078,False,True,5
tomato,muju,origin,2027-02,12888.000653201323,3691.0739726719626,45000.60472011559,26.16415313735695,0.027001940123571266,23434.512417687078,False,True,6
tomato,muju,origin,2027-03,12578.39039395819,3258.9868492622263,48547.573899734154,26.16415313735695,0.022472636117619516,23434.512417687078,False,True,7
tomato,muju,origin,2027-04,12293.42791160915,2901.5678587191614,52085.07164972646,26.16415313735695,0.018808095059816843,23434.512417687078,False,True,8
tomato,muju,origin,2027-05,12578.754674745654,2719.9505582169554,58172.03871204152,26.16415313735695,0.02247762350659699,23434.512417687078,False,True,9
tomato,muju,origin,2027-06,13882.647451979667,2763.2486344377103,69746.8544357665,26.16415313735695,0.045779431009633,23434.512417687078,False,True,10
tomato,muju,origin,2027-07,16411.576758630134,3019.120316655381,89211.36737034276,26.16415313735695,0.1254953856868377,23434.512417687078,False,True,11
tomato,muju,origin,2027-08,17825.406078167704,3041.410780625215,104472.93206025264,26.16415313735695,0.18898526631489487,23434.512417687078,False,True,12
tomato,muju,origin,2027-09,19340.878858751847,3070.1073782635717,121842.51198421759,26.16415313735695,0.2680589919416638,23434.512417687078,False,False,13
tomato,muju,origin,2027-10,19918.206935895792,2949.537592706336,134507.51349032467,26.16415313735695,0.30017122897635296,23434.512417687078,False,False,14
tomato,muju,origin,2027-11,18768.8288158352,2599.123562981933,135533.73919398172,26.16415313735695,0.23716669982931726,23434.512417687078,False,False,15
tomato,muju,origin,2027-12,16944.94716312189,2199.2336359862475,130559.67754523203,26.16415313735695,0.1480391417043201,23434.512417687078,False,False,16
tomato,namwon,origin,2026-09,19415.33602842982,11595.62992721398,32508.391132090404,27.47183997502045,0.18768200426236903,25631.573516913144,True,True,1
tomato,namwon,origin,2026-10,24235.785676259136,11691.886703488868,50237.68380943128,27.47183997502045,0.42908437997105,25631.573516913144,False,True,2
tomato,namwon,origin,2026-11,18354.421197590458,7516.577537992983,44818.90538556332,27.47183997502045,0.14325506818319034,25631.573516913144,False,True,3
tomato,namwon,origin,2026-12,19262.02379014674,6870.696818313158,54001.15451219553,27.47183997502045,0.18094438950188008,25631.573516913144,False,True,4
tomato,namwon,origin,2027-01,17826.648850074504,5630.210465527103,56443.61097504923,27.47183997502045,0.12324371784666233,25631.573516913144,False,True,5
tomato,namwon,origin,2027-02,17768.83698769336,5027.352532690067,62802.750720621545,27.47183997502045,0.12114337930497032,25631.573516913144,False,True,6
tomato,namwon,origin,2027-03,20417.471198025996,5220.94389010109,79846.31493792005,27.47183997502045,0.23396512831278737,25631.573516913144,False,True,7
tomato,namwon,origin,2027-04,19642.59226391723,4571.448082354318,84400.2652760733,27.47183997502045,0.19784848939805122,25631.573516913144,False,True,8
tomato,namwon,origin,2027-05,15268.114841698301,3252.622957290904,71669.95187583892,27.47183997502045,0.04912756731189816,25631.573516913144,False,True,9
tomato,namwon,origin,2027-06,11938.33542365243,2339.193432502894,60928.630658447306,27.47183997502045,0.007373887624239295,25631.573516913144,False,True,10
tomato,namwon,origin,2027-07,12049.241510658845,2180.3759155148264,66586.78439304978,27.47183997502045,0.007998091872572055,25631.573516913144,False,True,11
tomato,namwon,origin,2027-08,13093.297195782925,2195.876555963136,78071.06961069764,27.47183997502045,0.016024667570991413,25631.573516913144,False,True,12
tomato,namwon,origin,2027-09,19772.812766597566,3082.9307096506773,126815.73526095346,27.47183997502045,0.20376638989034102,25631.573516913144,False,False,13
tomato,namwon,origin,2027-10,24882.55229609065,3616.785938068223,171185.52752900225,27.47183997502045,0.4622951610519085,25631.573516913144,False,False,14
tomato,namwon,origin,2027-11,18795.45739389617,2553.1914926384434,138363.77712535035,27.47183997502045,0.16108024892607875,25631.573516913144,False,False,15
tomato,namwon,origin,2027-12,19745.187916559982,2512.2277666242508,155189.9278560035,27.47183997502045,0.2025055112400147,25631.573516913144,False,False,16
tomato,wanju,origin,2026-08,8516.11898673627,5789.303820442452,12527.28909133452,22.054940063874124,0.0027828448360218694,16320.17844936954,True,True,1
tomato,wanju,origin,2026-09,12693.57368441804,7354.2767046542185,21909.267131569806,22.054940063874124,0.14205673020701992,16320.17844936954,False,True,2
tomato,wanju,origin,2026-10,10606.166712016195,5435.50746762819,20695.54185934479,22.054940063874124,0.0331140355516748,16320.17844936954,False,True,3
tomato,wanju,origin,2026-11,11796.095197716964,5451.393234126338,25525.192540233544,22.054940063874124,0.08323100264153194,16320.17844936954,False,True,4
tomato,wanju,origin,2026-12,12219.740154153662,5155.402639022619,28964.187647493698,22.054940063874124,0.10873696151230239,16320.17844936954,False,True,5
tomato,wanju,origin,2027-01,13857.683053374492,5384.166388993781,35666.68741893601,22.054940063874124,0.24285758491598175,16320.17844936954,False,True,6
tomato,wanju,origin,2027-02,14638.585020485789,5272.668782480856,40641.31092663963,22.054940063874124,0.32151002136166285,16320.17844936954,False,True,7
tomato,wanju,origin,2027-03,15833.43551525277,5314.804245399923,47169.69217307523,22.054940063874124,0.44865770511013914,16320.17844936954,False,True,8
tomato,wanju,origin,2027-04,12970.146817882349,4074.729235147111,41284.88023851484,22.054940063874124,0.16372711728132994,16320.17844936954,False,True,9
tomato,wanju,origin,2027-05,9839.809344471661,2903.6235841273624,33345.17892223626,22.054940063874124,0.015520738281626145,16320.17844936954,False,True,10
tomato,wanju,origin,2027-06,7350.097158375763,2043.5052545056515,26436.892255817813,22.054940063874124,0.0003370170476765244,16320.17844936954,False,True,11
tomato,wanju,origin,2027-07,7137.8044151494705,1874.683420453468,27176.989625588823,22.054940063874124,0.00021186343210544134,16320.17844936954,False,True,12
tomato,wanju,origin,2027-08,8098.333512005425,2013.9552430135927,32564.281604160496,22.054940063874124,0.0014099007085839332,16320.17844936954,False,False,13
tomato,wanju,origin,2027-09,12700.008890258334,2996.7099103426017,53822.435483653826,22.054940063874124,0.14254289377515805,16320.17844936954,False,False,14
tomato,wanju,origin,2027-10,10600.01470387983,2377.5786725053795,47258.29391969967,22.054940063874124,0.03293187084353444,16320.17844936954,False,False,15
tomato,wanju,origin,2027-11,11855.134036907504,2531.8906949121533,55509.58551072804,22.054940063874124,0.08653853988671822,16320.17844936954,False,False,16
tomato,wanju,origin,2027-12,12304.583911279067,2505.9420304198297,60417.51301180044,22.054940063874124,0.11433694056459975,16320.17844936954,False,False,17
watermelon,gochang,origin,2026-09,15275.42740997484,8987.592206743586,25962.31306337325,32.52171968501594,0.02183832014469067,29272.513927648793,True,True,1
watermelon,gochang,origin,2026-10,20392.487343443696,9631.769719011709,43175.19544011492,32.52171968501594,0.13112001132836426,29272.513927648793,False,True,2
watermelon,gochang,origin,2026-11,23862.381488530038,9522.16846338975,59798.69527549174,32.52171968501594,0.26311740446004583,29272.513927648793,False,True,3
watermelon,gochang,origin,2026-12,24231.928711995817,8388.57050659118,69998.38275685652,32.52171968501594,0.2789036306414462,29272.513927648793,False,True,4
watermelon,gochang,origin,2027-01,26653.972251917858,8141.110628547036,87265.02675382514,32.52171968501594,0.38566430470311763,29272.513927648793,False,True,5
watermelon,gochang,origin,2027-02,27100.55884467398,7391.596575241877,99361.52253677396,32.52171968501594,0.4055126213094604,29272.513927648793,False,True,6
watermelon,gochang,origin,2027-03,29963.811719095578,7364.583894702068,121911.8453363387,32.52171968501594,0.5288549030302229,29272.513927648793,False,True,7
watermelon,gochang,origin,2027-04,24581.123923734325,5483.697818954642,110186.89820314877,32.52171968501594,0.29400320656825496,29272.513927648793,False,True,8
watermelon,gochang,origin,2027-05,16966.394580076718,3455.7278077091355,83298.96365237262,32.52171968501594,0.04536451938045993,29272.513927648793,False,True,9
watermelon,gochang,origin,2027-06,12316.525675813009,2301.7466531917084,65905.08321696104,32.52171968501594,0.0036272517125010006,29272.513927648793,False,True,10
watermelon,gochang,origin,2027-07,11207.020253963688,1929.7702076987232,65084.07191264954,32.52171968501594,0.001452055296079613,29272.513927648793,False,True,11
watermelon,gochang,origin,2027-08,12471.552970277322,1985.9334361052734,78320.66808617246,32.52171968501594,0.00407085405110863,29272.513927648793,False,True,12
watermelon,gochang,origin,2027-09,15843.374330045168,2340.5013969466354,107247.3233681464,32.52171968501594,0.02845767218575379,29272.513927648793,False,False,13
watermelon,gochang,origin,2027-10,20544.69783084944,2823.637461264155,149482.57867776713,32.52171968501594,0.1360915154644573,29272.513927648793,False,False,14
watermelon,gochang,origin,2027-11,23937.276305863277,3068.5483699136976,186731.02974725433,32.52171968501594,0.2662989785915859,29272.513927648793,False,False,15
watermelon,gochang,origin,2027-12,24270.473190730474,2908.561134847519,202524.83671203558,32.52171968501594,0.28056219934457516,29272.513927648793,False,False,16
watermelon,iksan,origin,2026-09,19474.92836690103,12136.905815026656,31249.549158266535,24.67546571622228,0.15833073200150782,25970.90701910055,True,True,1
watermelon,iksan,origin,2026-10,16378.46310828767,8391.49027293603,31967.39137679808,24.67546571622228,0.054388218288840884,25970.90701910055,False,True,2
watermelon,iksan,origin,2026-11,17839.61886679887,7864.623865776124,40466.271082277555,24.67546571622228,0.09570047566779172,25970.90701910055,False,True,3
watermelon,iksan,origin,2026-12,21971.255741203764,8533.341080164435,56570.58288312052,24.67546571622228,0.2803556305811211,25970.90701910055,False,True,4
watermelon,iksan,origin,2027-01,28764.35637406393,9991.670522477913,82807.79432756573,24.67546571622228,0.638849302433522,25970.90701910055,False,True,5
watermelon,iksan,origin,2027-02,45367.80693026179,14246.272688256597,144475.53761610528,24.67546571622228,0.9738412367505046,25970.90701910055,False,True,6
watermelon,iksan,origin,2027-03,28576.548152065036,8178.194049132257,99853.23157915757,24.67546571622228,0.6302807769341439,25970.90701910055,False,True,7
watermelon,iksan,origin,2027-04,17087.82380569873,4485.580495480768,65096.083485468254,24.67546571622228,0.07266538972910175,25970.90701910055,False,True,8
watermelon,iksan,origin,2027-05,13168.282590415572,3187.318594361829,54404.24646842092,24.67546571622228,0.009073180622079735,25970.90701910055,False,True,9
watermelon,iksan,origin,2027-06,11145.557601194072,2498.4549264889083,49720.1101867012,24.67546571622228,0.001626491176990319,25970.90701910055,False,True,10
watermelon,iksan,origin,2027-07,10830.707856073946,2256.98470357307,51973.87136825324,24.67546571622228,0.0011733177443910003,25970.90701910055,False,True,11
watermelon,iksan,origin,2027-08,11383.420868994544,2212.368993882342,58571.72607236058,24.67546571622228,0.002056891674461103,25970.90701910055,False,True,12
watermelon,iksan,origin,2027-09,17810.440429575894,3237.5032390038928,97980.37712328914,24.67546571622228,0.09473638987539712,25970.90701910055,False,False,13
watermelon,iksan,origin,2027-10,17792.937913277612,3032.7135470740177,104391.21093094951,24.67546571622228,0.09416078167684983,25970.90701910055,False,False,14
watermelon,iksan,origin,2027-11,18293.353904665677,2930.265213804795,114203.58659168113,24.67546571622228,0.11140794445086111,25970.90701910055,False,False,15
watermelon,iksan,origin,2027-12,22381.341356617944,3376.094250649798,148373.95040883223,24.67546571622228,0.30241926113548434,25970.90701910055,False,False,16
watermelon,jeongeup,origin,2026-09,19763.87656165551,10202.006533366952,38287.646206343234,69.78158771553444,0.3940487776761602,22018.94300939817,True,True,1
watermelon,jeongeup,origin,2026-10,17432.013587298985,6842.337032308371,44411.00990391573,69.78158771553444,0.28058727566977626,22018.94300939817,False,True,2
watermelon,jeongeup,origin,2026-11,9650.767558592153,3070.012791336033,30337.761045432817,69.78158771553444,0.020086664474840532,22018.94300939817,False,True,3
watermelon,jeongeup,origin,2026-12,13415.799211657662,3574.731924497237,50348.85756162762,69.78158771553444,0.10887237038051045,22018.94300939817,False,True,4
watermelon,jeongeup,origin,2027-01,42609.40768937411,9712.630825730997,186927.89381322433,69.78158771553444,0.9497324363597947,22018.94300939817,False,True,5
watermelon,jeongeup,origin,2027-02,18197.21451922626,3602.0060834152227,91931.72043306816,69.78158771553444,0.31766840648975014,22018.94300939817,False,True,6
watermelon,jeongeup,origin,2027-03,38727.6601446507,6732.82157980627,222764.20702696271,69.78158771553444,0.9199363847229405,22018.94300939817,False,True,7
watermelon,jeongeup,origin,2027-04,28899.21406602625,4452.458141266987,187573.8181328204,69.78158771553444,0.7506114608166065,22018.94300939817,False,True,8
watermelon,jeongeup,origin,2027-05,16625.615569911435,2286.7470517444253,120875.23754217754,69.78158771553444,0.24230057567108765,22018.94300939817,False,True,9
watermelon,jeongeup,origin,2027-06,11588.902795555216,1431.7881205007338,93800.65812940139,69.78158771553444,0.0551663634214592,22018.94300939817,False,True,10
watermelon,jeongeup,origin,2027-07,9599.802711770186,1070.9577177343679,86050.28058424985,69.78158771553444,0.019455159324261784,22018.94300939817,False,True,11
watermelon,jeongeup,origin,2027-08,7559.750789968004,765.0047605608777,74705.19786637848,69.78158771553444,0.003913532440309675,22018.94300939817,False,True,12
watermelon,jeongeup,origin,2027-09,19607.409259791348,1806.9845306049417,212758.0459984598,69.78158771553444,0.3864611993526452,22018.94300939817,False,False,13
watermelon,jeongeup,origin,2027-10,17345.103186452394,1460.9093413221617,205935.16383186477,69.78158771553444,0.2764128086805717,22018.94300939817,False,False,14
watermelon,jeongeup,origin,2027-11,9503.148734854307,733.8357367211888,123065.46459602995,69.78158771553444,0.01829510256208966,22018.94300939817,False,False,15
watermelon,jeongeup,origin,2027-12,13320.558435323364,945.749869946842,187615.43899428472,69.78158771553444,0.10560041686520438,22018.94300939817,False,False,16
watermelon,jeonju,origin,2026-09,17775.62994456204,11199.217539209521,28213.84787104627,24.18772537837449,0.5291336780826783,17414.462593788354,True,True,1
watermelon,jeonju,origin,2026-10,16087.594980108945,8370.41720866251,30919.690834070305,24.18772537837449,0.388896367543183,17414.462593788354,False,True,2
watermelon,jeonju,origin,2026-11,14314.975767106453,6430.971506401269,31864.31956802684,24.18772537837449,0.24262497076354927,17414.462593788354,False,True,3
watermelon,jeonju,origin,2026-12,17507.419945225894,6949.403194241065,44105.91018700664,24.18772537837449,0.5075620521394315,17414.462593788354,False,True,4
watermelon,jeonju,origin,2027-01,15316.854996186918,5451.687018482074,43033.66025578226,24.18772537837449,0.32383224912751074,17414.462593788354,False,True,5
watermelon,jeonju,origin,2027-02,19392.182483407065,6254.1404841360345,60129.24436597612,24.18772537837449,0.6491488653732809,17414.462593788354,False,True,6
watermelon,jeonju,origin,2027-03,23118.922698952498,6809.7495699328765,78488.14134370722,24.18772537837449,0.843496617396529,17414.462593788354,False,True,7
watermelon,jeonju,origin,2027-04,17067.440106005917,4620.40824204199,63045.83848706847,24.18772537837449,0.4714314679926215,17414.462593788354,False,True,8
watermelon,jeonju,origin,2027-05,13318.201839345149,3330.6855506896436,53254.65209311331,24.18772537837449,0.16981980645305383,17414.462593788354,False,True,9
watermelon,jeonju,origin,2027-06,11909.896797189107,2763.357563969394,51330.90395871274,24.18772537837449,0.08805478690718516,17414.462593788354,False,True,10
watermelon,jeonju,origin,2027-07,11110.339277694511,2400.427604835026,51424.020710662095,24.18772537837449,0.054768383001251086,17414.462593788354,False,True,11
watermelon,jeonju,origin,2027-08,11828.326279739264,2387.2353247972064,58607.25213248747,24.18772537837449,0.08420939254362714,17414.462593788354,False,True,12
watermelon,jeonju,origin,2027-09,17421.085811950652,3293.5713459169515,92147.45909287523,24.18772537837449,0.5005401630073113,17414.462593788354,False,False,13
watermelon,jeonju,origin,2027-10,16452.854157911035,2920.956829313395,92673.88248429568,24.18772537837449,0.4198580612306353,17414.462593788354,False,False,14
watermelon,jeonju,origin,2027-11,14785.224705752898,2470.3752697208706,88489.74173235874,24.18772537837449,0.2800161493072364,17414.462593788354,False,False,15
watermelon,jeonju,origin,2027-12,18352.229542696517,2891.608903766193,116476.44629574561,24.18772537837449,0.5740756484348912,17414.462593788354,False,False,16
watermelon,wanju,origin,2026-09,14243.216127813768,8483.234816068469,23914.1330002266,31.68246360389257,0.42053205057588383,15171.978091477456,True,True,1
watermelon,wanju,origin,2026-10,16175.056155225357,7772.878465709819,33659.659388589374,31.68246360389257,0.580523565836325,15171.978091477456,False,True,2
watermelon,wanju,origin,2026-11,12377.206760868812,5044.644218212049,30367.899216407564,31.68246360389257,0.25903883835167496,15171.978091477456,False,True,3
watermelon,wanju,origin,2026-12,12486.328351606642,4429.366324767391,35198.80368267427,31.68246360389257,0.2681405310123316,15171.978091477456,False,True,4
watermelon,wanju,origin,2027-01,12312.400463900185,3864.7667734867905,39224.92974826535,31.68246360389257,0.2536727398218275,15171.978091477456,False,True,5
watermelon,wanju,origin,2027-02,11928.427151355805,3352.230732306658,42445.57897937262,31.68246360389257,0.22256669198027068,15171.978091477456,False,True,6
watermelon,wanju,origin,2027-03,11842.607900620445,3006.284495849819,46651.39379903982,31.68246360389257,0.2157945866678863,15171.978091477456,False,True,7
watermelon,wanju,origin,2027-04,17426.690254665347,4024.269641153969,75464.50916866605,31.68246360389257,0.6699728815127638,15171.978091477456,False,True,8
watermelon,wanju,origin,2027-05,11716.927180335211,2475.5631141218646,55456.62793492401,31.68246360389257,0.20600971751145325,15171.978091477456,False,True,9
watermelon,wanju,origin,2027-06,10368.430689134295,2013.971262727316,53379.289439214575,31.68246360389257,0.11342945297789853,15171.978091477456,False,True,10
watermelon,wanju,origin,2027-07,12066.26137885788,2163.603503836981,67292.67326694404,31.68246360389257,0.23358789357273135,15171.978091477456,False,True,11
watermelon,wanju,origin,2027-08,12764.012072911475,2120.3277594523975,76837.17928567146,31.68246360389257,0.29163248293381505,15171.978091477456,False,True,12
watermelon,wanju,origin,2027-09,14080.2002798177,2173.6612513630216,91206.5022990413,31.68246360389257,0.40629933063612333,15171.978091477456,False,False,13
watermelon,wanju,origin,2027-10,16822.9495222811,2420.2206306809303,116936.29375830598,31.68246360389257,0.6285094217482563,15171.978091477456,False,False,14
watermelon,wanju,origin,2027-11,12580.240532118612,1690.7807872298017,93603.17614281586,31.68246360389257,0.27603550222719186,15171.978091477456,False,False,15
watermelon,wanju,origin,2027-12,12989.199941223382,1634.5420521676724,103221.15291517148,31.68246360389257,0.31096953276797024,15171.978091477456,False,False,16
